date,location,latitude,longitude,precipitationCorrected,temperature2m,temperature2mMax,temperature2mMin,dewPoint2m,earthSkinTemperature,relativeHumidity2m,specificHumidity2m,surfacePressure,windSpeed10m,windDirection10m,shortwaveDownwardIrradiance,longwaveDownwardIrradiance,surfaceSoilWetness,rootZoneSoilWetness,cloudFraction
2015-01-01,CAM RANH,12.25,109.2,0.67,23.05,24.36,21.88,18.52,23.46,76.0,13.32,100.59,10.39,6.7,16.69,34.1,0.81,0.82,81.38
2015-01-02,CAM RANH,12.25,109.2,3.62,23.25,24.17,22.73,20.63,23.64,85.27,15.18,100.57,9.47,17.6,6.49,35.37,0.82,0.82,99.47
2015-01-03,CAM RANH,12.25,109.2,1.38,23.43,24.74,22.65,21.07,23.71,86.62,15.61,100.41,7.73,24.1,7.53,36.36,0.81,0.81,94.87
2015-01-04,CAM RANH,12.25,109.2,1.45,23.63,24.9,22.81,21.82,23.97,89.67,16.38,100.25,4.8,20.7,9.02,35.75,0.81,0.81,97.82
2015-01-05,CAM RANH,12.25,109.2,0.25,24.1,25.34,23.32,22.46,24.29,90.55,17.04,100.18,2.83,29.7,16.15,35.02,0.81,0.81,83.05
2015-01-06,CAM RANH,12.25,109.2,0.2,24.52,25.76,23.64,22.42,24.62,88.08,17.01,100.18,3.71,39.6,17.23,35.08,0.8,0.8,40.65
2015-01-07,CAM RANH,12.25,109.2,0.85,24.34,25.92,23.42,21.99,24.42,86.72,16.53,100.39,6.65,28.0,14.91,34.97,0.8,0.8,87.76
2015-01-08,CAM RANH,12.25,109.2,2.31,24.08,25.46,23.17,21.58,24.44,85.91,16.09,100.53,8.85,34.2,14.54,35.14,0.79,0.79,59.45
2015-01-09,CAM RANH,12.25,109.2,1.78,23.68,24.94,22.95,21.28,24.16,86.47,15.8,100.5,8.02,26.5,16.76,34.51,0.79,0.79,75.43
2015-01-10,CAM RANH,12.25,109.2,2.35,23.81,24.97,23.1,21.18,24.16,85.15,15.71,100.49,8.37,33.1,10.43,35.17,0.79,0.79,89.58
2015-01-11,CAM RANH,12.25,109.2,1.09,23.6,24.87,22.75,20.23,24.03,81.44,14.8,100.5,7.66,25.1,12.48,34.5,0.78,0.78,96.71
2015-01-12,CAM RANH,12.25,109.2,3.31,23.1,25.17,21.41,20.12,23.94,83.47,14.72,100.5,9.14,5.9,13.98,35.12,0.78,0.78,90.57
2015-01-13,CAM RANH,12.25,109.2,1.53,22.01,23.57,21.08,18.59,23.14,81.0,13.35,100.64,10.21,8.4,14.0,34.3,0.78,0.77,81.74
2015-01-14,CAM RANH,12.25,109.2,0.72,21.43,23.24,20.16,16.89,22.67,75.45,11.99,100.73,9.1,6.2,18.41,32.04,0.77,0.77,32.38
2015-01-15,CAM RANH,12.25,109.2,0.2,21.15,22.7,20.21,16.54,22.56,75.12,11.72,100.7,8.79,4.5,18.15,31.44,0.76,0.76,33.95
2015-01-16,CAM RANH,12.25,109.2,1.16,22.15,23.21,20.99,18.56,23.17,80.51,13.36,100.62,8.72,7.8,18.49,33.81,0.76,0.75,55.71
2015-01-17,CAM RANH,12.25,109.2,0.35,22.95,24.52,21.57,18.29,23.2,74.99,13.11,100.64,9.28,23.2,11.73,34.22,0.75,0.75,74.14
2015-01-18,CAM RANH,12.25,109.2,0.65,22.97,24.51,22.12,18.71,23.32,77.05,13.45,100.61,8.59,24.3,16.85,34.2,0.74,0.74,73.46
2015-01-19,CAM RANH,12.25,109.2,0.27,21.9,23.63,20.58,17.38,22.73,75.59,12.35,100.72,8.32,15.8,15.06,32.83,0.74,0.73,78.63
2015-01-20,CAM RANH,12.25,109.2,0.19,21.91,23.84,20.77,18.09,22.68,79.45,12.93,100.75,7.0,4.6,16.85,32.34,0.73,0.73,72.65
2015-01-21,CAM RANH,12.25,109.2,0.18,22.44,24.02,21.36,19.59,23.03,84.04,14.18,100.87,7.67,13.6,17.33,33.29,0.73,0.72,55.93
2015-01-22,CAM RANH,12.25,109.2,0.02,22.05,23.75,20.43,17.95,22.86,77.56,12.8,100.79,7.05,26.3,17.77,32.47,0.72,0.72,29.55
2015-01-23,CAM RANH,12.25,109.2,0.0,21.5,23.45,20.03,16.58,22.6,73.73,11.75,100.56,5.25,28.9,20.21,30.57,0.71,0.71,13.98
2015-01-24,CAM RANH,12.25,109.2,0.0,21.77,23.75,20.36,17.54,23.08,77.1,12.49,100.58,4.49,29.1,20.88,30.35,0.7,0.7,11.52
2015-01-25,CAM RANH,12.25,109.2,0.0,22.2,24.38,20.18,17.79,23.09,76.52,12.7,100.6,3.53,23.8,20.7,30.89,0.69,0.7,22.31
2015-01-26,CAM RANH,12.25,109.2,0.04,22.77,24.7,21.64,19.76,23.71,83.37,14.39,100.51,4.04,29.8,21.33,31.27,0.68,0.69,6.56
2015-01-27,CAM RANH,12.25,109.2,0.01,22.83,24.9,21.23,19.17,23.7,79.93,13.88,100.4,5.05,29.8,20.29,32.36,0.67,0.69,15.84
2015-01-28,CAM RANH,12.25,109.2,0.0,22.56,24.47,21.14,18.78,23.64,79.34,13.53,100.42,5.57,22.8,19.88,32.11,0.66,0.68,20.5
2015-01-29,CAM RANH,12.25,109.2,0.0,22.58,24.27,21.36,18.72,23.62,78.85,13.46,100.53,6.52,21.8,19.16,32.84,0.66,0.68,33.41
2015-01-30,CAM RANH,12.25,109.2,0.03,22.99,24.48,21.9,18.8,23.69,77.44,13.52,100.68,7.64,18.4,20.45,33.02,0.65,0.67,40.99
2015-01-31,CAM RANH,12.25,109.2,0.14,23.3,24.71,22.48,18.88,23.81,76.33,13.57,100.73,8.4,24.4,18.39,33.45,0.64,0.67,47.35
2015-02-01,CAM RANH,12.25,109.2,0.36,23.39,24.93,22.37,19.61,23.88,79.65,14.23,100.71,7.7,29.2,19.47,34.39,0.63,0.66,56.9
2015-02-02,CAM RANH,12.25,109.2,0.61,23.55,24.86,22.52,20.39,24.03,82.64,14.92,100.79,7.3,24.8,18.13,34.77,0.63,0.66,63.22
2015-02-03,CAM RANH,12.25,109.2,0.27,23.25,24.82,21.95,19.32,23.74,78.6,13.94,100.83,8.25,25.4,15.21,34.59,0.62,0.65,67.59
2015-02-04,CAM RANH,12.25,109.2,0.1,22.65,24.34,21.51,18.3,23.3,76.45,13.1,100.77,8.52,19.0,18.75,32.87,0.62,0.65,33.76
2015-02-05,CAM RANH,12.25,109.2,0.13,22.72,24.18,21.75,17.65,23.46,73.11,12.55,100.79,9.15,24.8,20.31,32.35,0.6,0.64,25.82
2015-02-06,CAM RANH,12.25,109.2,0.17,22.63,24.33,21.19,17.51,23.37,73.01,12.44,100.77,8.13,28.6,17.92,32.65,0.59,0.64,36.71
2015-02-07,CAM RANH,12.25,109.2,0.09,22.47,24.02,21.54,17.68,23.43,74.46,12.59,100.72,6.83,28.0,19.8,32.15,0.59,0.63,26.02
2015-02-08,CAM RANH,12.25,109.2,0.41,22.6,23.92,21.61,17.95,23.55,75.02,12.79,100.78,8.31,31.3,18.03,33.09,0.59,0.63,43.33
2015-02-09,CAM RANH,12.25,109.2,0.3,22.4,23.75,21.35,17.59,23.38,74.28,12.51,100.78,8.39,27.3,14.1,33.72,0.58,0.62,58.38
2015-02-10,CAM RANH,12.25,109.2,0.05,22.16,24.2,20.36,17.27,23.19,74.07,12.28,100.57,6.81,22.3,17.99,33.26,0.57,0.62,47.83
2015-02-11,CAM RANH,12.25,109.2,0.01,22.07,23.95,20.8,17.66,23.38,76.32,12.6,100.53,6.5,20.2,22.3,31.39,0.57,0.61,15.99
2015-02-12,CAM RANH,12.25,109.2,0.04,22.42,24.02,21.17,18.21,23.68,77.21,13.05,100.47,6.65,26.5,19.1,32.6,0.56,0.61,29.98
2015-02-13,CAM RANH,12.25,109.2,0.12,22.19,23.76,20.94,18.37,23.72,79.14,13.19,100.43,5.19,37.7,19.88,32.67,0.56,0.61,27.43
2015-02-14,CAM RANH,12.25,109.2,0.02,22.72,24.82,21.35,18.24,24.13,76.03,13.09,100.31,3.01,60.2,19.81,32.97,0.55,0.6,27.92
2015-02-15,CAM RANH,12.25,109.2,0.0,22.82,24.93,21.36,18.94,24.67,79.11,13.68,100.39,3.11,48.7,20.85,32.85,0.55,0.6,23.11
2015-02-16,CAM RANH,12.25,109.2,0.02,22.95,24.92,21.78,18.89,24.51,78.25,13.64,100.39,5.24,20.2,21.73,31.93,0.54,0.59,11.67
2015-02-17,CAM RANH,12.25,109.2,0.16,24.14,26.0,23.05,21.48,25.28,85.49,16.06,100.33,4.97,27.0,21.78,34.67,0.54,0.59,42.23
2015-02-18,CAM RANH,12.25,109.2,0.06,24.31,25.99,22.99,21.8,25.39,85.93,16.33,100.38,4.92,46.9,13.52,36.2,0.53,0.59,73.61
2015-02-19,CAM RANH,12.25,109.2,0.02,24.18,26.01,22.81,20.69,25.27,81.04,15.24,100.47,4.84,32.6,20.83,33.99,0.53,0.58,52.95
2015-02-20,CAM RANH,12.25,109.2,0.08,24.57,26.42,23.35,21.39,25.73,82.81,15.94,100.39,3.25,54.1,19.8,35.15,0.52,0.58,68.3
2015-02-21,CAM RANH,12.25,109.2,0.04,24.97,26.92,23.69,21.41,26.08,80.91,15.96,100.34,2.8,109.4,20.85,34.22,0.51,0.57,21.43
2015-02-22,CAM RANH,12.25,109.2,0.03,25.12,27.21,23.52,21.71,26.22,81.84,16.27,100.38,2.83,126.4,23.44,33.66,0.51,0.57,9.01
2015-02-23,CAM RANH,12.25,109.2,0.0,25.17,27.24,23.67,21.71,26.27,81.5,16.26,100.34,3.26,115.1,23.0,33.72,0.5,0.56,5.8
2015-02-24,CAM RANH,12.25,109.2,0.01,25.21,27.35,24.0,21.11,26.76,78.32,15.71,100.21,3.09,114.5,22.92,33.78,0.5,0.56,13.39
2015-02-25,CAM RANH,12.25,109.2,0.0,25.14,27.0,23.71,20.55,26.53,75.94,15.16,100.2,3.04,126.3,23.64,32.85,0.5,0.56,6.32
2015-02-26,CAM RANH,12.25,109.2,0.0,25.52,27.57,24.19,21.7,26.84,79.92,16.3,100.19,3.34,123.2,23.91,33.75,0.49,0.55,11.58
2015-02-27,CAM RANH,12.25,109.2,0.02,26.13,27.83,24.95,22.45,27.33,80.54,17.04,100.24,3.21,93.7,22.22,35.45,0.49,0.55,23.48
2015-02-28,CAM RANH,12.25,109.2,0.08,25.9,27.61,24.48,22.24,27.17,80.4,16.8,100.34,4.03,69.8,21.45,34.54,0.48,0.54,28.25
2015-03-01,CAM RANH,12.25,109.2,0.13,25.69,27.51,24.11,21.91,26.85,79.75,16.44,100.44,5.88,44.2,21.97,34.56,0.48,0.54,35.11
2015-03-02,CAM RANH,12.25,109.2,0.05,24.73,26.82,23.1,21.01,26.61,79.93,15.58,100.27,3.91,52.1,21.63,33.8,0.48,0.54,25.17
2015-03-03,CAM RANH,12.25,109.2,0.0,25.32,27.78,23.82,20.91,27.0,77.13,15.54,100.09,4.41,151.0,21.63,34.59,0.47,0.53,16.2
2015-03-04,CAM RANH,12.25,109.2,0.02,25.11,27.08,23.61,21.23,26.8,79.36,15.81,100.26,3.58,141.7,21.48,33.66,0.47,0.53,7.39
2015-03-05,CAM RANH,12.25,109.2,0.02,25.77,27.59,24.66,21.57,27.34,77.82,16.13,100.35,3.36,113.6,24.03,33.99,0.47,0.53,12.91
2015-03-06,CAM RANH,12.25,109.2,0.02,25.89,28.05,24.4,21.47,27.38,76.96,16.03,100.31,3.45,109.5,23.91,34.02,0.46,0.52,25.41
2015-03-07,CAM RANH,12.25,109.2,0.04,25.89,27.83,24.58,21.2,27.57,75.73,15.76,100.37,3.95,76.7,22.93,33.64,0.46,0.52,23.69
2015-03-08,CAM RANH,12.25,109.2,0.04,25.99,28.13,24.47,21.83,27.53,78.46,16.38,100.46,3.33,77.5,20.83,35.05,0.46,0.51,65.91
2015-03-09,CAM RANH,12.25,109.2,0.0,25.67,27.82,23.79,21.57,27.35,78.24,16.12,100.58,4.41,69.6,22.64,33.76,0.46,0.51,27.08
2015-03-10,CAM RANH,12.25,109.2,0.02,25.24,27.16,23.57,20.18,26.98,74.14,14.78,100.59,4.95,45.6,24.44,32.75,0.45,0.51,13.48
2015-03-11,CAM RANH,12.25,109.2,0.01,25.77,27.46,24.35,21.01,27.1,75.28,15.53,100.62,5.08,41.5,21.77,33.92,0.45,0.5,20.05
2015-03-12,CAM RANH,12.25,109.2,0.18,25.77,27.56,24.55,21.8,27.11,78.86,16.32,100.51,4.3,50.9,19.77,34.77,0.45,0.5,67.62
2015-03-13,CAM RANH,12.25,109.2,0.13,25.89,27.6,24.79,22.16,27.25,80.16,16.69,100.53,3.45,88.7,20.06,35.34,0.45,0.5,43.5
2015-03-14,CAM RANH,12.25,109.2,0.04,25.97,28.05,24.4,21.39,27.36,76.13,15.9,100.56,2.95,110.2,22.36,34.23,0.44,0.5,9.58
2015-03-15,CAM RANH,12.25,109.2,0.04,25.69,27.93,23.86,21.53,27.35,78.28,16.09,100.48,3.58,139.6,23.1,33.19,0.44,0.49,3.11
2015-03-16,CAM RANH,12.25,109.2,0.02,25.42,27.88,23.3,21.48,26.99,79.4,16.05,100.37,4.17,158.4,24.24,33.02,0.44,0.49,4.03
2015-03-17,CAM RANH,12.25,109.2,0.0,25.17,27.79,23.19,21.25,26.68,79.88,15.92,100.15,4.74,168.7,24.38,32.88,0.44,0.49,3.59
2015-03-18,CAM RANH,12.25,109.2,0.0,25.59,27.72,23.9,21.44,26.91,78.1,16.04,100.1,5.43,157.3,22.56,34.99,0.44,0.48,15.86
2015-03-19,CAM RANH,12.25,109.2,0.0,25.44,27.58,23.81,21.11,26.94,77.16,15.68,100.22,4.46,138.9,22.55,34.09,0.44,0.48,15.14
2015-03-20,CAM RANH,12.25,109.2,0.02,24.76,26.75,23.55,20.08,27.02,75.55,14.71,100.39,3.0,104.0,25.83,33.49,0.43,0.48,14.63
2015-03-21,CAM RANH,12.25,109.2,0.1,26.01,27.99,24.52,21.05,27.52,74.36,15.61,100.43,4.72,40.4,23.97,34.71,0.41,0.47,17.83
2015-03-22,CAM RANH,12.25,109.2,0.53,26.05,27.85,25.03,20.92,27.24,73.7,15.49,100.4,6.07,30.4,23.62,34.5,0.4,0.47,34.69
2015-03-23,CAM RANH,12.25,109.2,1.03,26.29,27.82,25.23,21.96,27.35,77.44,16.53,100.37,5.72,37.2,21.58,35.42,0.4,0.47,37.98
2015-03-24,CAM RANH,12.25,109.2,2.77,26.33,27.98,25.18,22.67,27.52,80.63,17.24,100.47,6.2,32.4,19.29,35.79,0.43,0.47,36.74
2015-03-25,CAM RANH,12.25,109.2,5.27,26.51,28.1,25.3,23.28,27.36,82.59,17.87,100.55,6.52,50.7,22.28,35.84,0.49,0.48,27.95
2015-03-26,CAM RANH,12.25,109.2,4.71,26.4,27.91,25.22,23.28,27.2,83.13,17.85,100.62,6.82,43.4,18.95,36.19,0.51,0.48,57.87
2015-03-27,CAM RANH,12.25,109.2,2.35,26.16,28.09,24.82,22.93,26.95,82.77,17.5,100.53,5.77,41.9,21.98,36.04,0.49,0.49,63.72
2015-03-28,CAM RANH,12.25,109.2,2.81,25.98,27.36,25.06,23.15,26.85,84.5,17.76,100.37,5.52,41.6,15.2,36.09,0.5,0.49,76.24
2015-03-29,CAM RANH,12.25,109.2,0.53,26.48,28.19,25.22,22.74,27.61,80.1,17.32,100.3,4.14,58.5,21.06,35.72,0.45,0.48,43.14
2015-03-30,CAM RANH,12.25,109.2,0.24,26.81,28.68,25.3,22.1,28.04,75.52,16.68,100.28,3.44,81.7,24.4,34.9,0.43,0.48,20.42
2015-03-31,CAM RANH,12.25,109.2,0.18,27.02,28.88,25.68,22.43,28.58,76.41,17.05,100.23,3.23,122.1,25.28,34.68,0.41,0.48,14.34
2015-04-01,CAM RANH,12.25,109.2,0.02,27.18,29.4,25.45,22.86,28.7,77.77,17.52,100.06,3.62,145.8,24.87,35.21,0.39,0.47,14.89
2015-04-02,CAM RANH,12.25,109.2,0.0,27.16,29.42,25.41,23.15,28.66,79.15,17.86,99.84,4.62,152.2,24.52,35.86,0.37,0.47,32.63
2015-04-03,CAM RANH,12.25,109.2,0.01,27.36,29.25,25.88,23.61,28.54,80.31,18.37,99.79,5.92,163.8,22.84,36.28,0.35,0.47,35.42
2015-04-04,CAM RANH,12.25,109.2,0.02,27.06,29.58,24.71,23.45,28.16,81.23,18.19,99.87,4.52,161.9,23.43,35.56,0.34,0.47,18.42
2015-04-05,CAM RANH,12.25,109.2,0.0,26.2,28.67,24.36,21.65,27.95,76.58,16.3,99.98,3.45,148.7,24.5,34.88,0.32,0.47,14.21
2015-04-06,CAM RANH,12.25,109.2,0.0,26.56,28.58,25.34,21.88,28.32,75.92,16.5,100.07,3.28,129.9,25.88,34.53,0.3,0.46,8.2
2015-04-07,CAM RANH,12.25,109.2,0.0,26.73,29.02,25.2,21.14,28.73,72.12,15.77,100.15,3.76,71.7,27.2,33.7,0.28,0.46,5.86
2015-04-08,CAM RANH,12.25,109.2,0.03,27.0,29.07,25.51,22.09,28.45,74.93,16.69,100.25,6.35,27.7,23.8,34.45,0.27,0.46,11.83
2015-04-09,CAM RANH,12.25,109.2,0.06,27.34,29.46,25.9,22.96,28.72,77.28,17.58,100.24,5.83,34.6,25.27,35.31,0.26,0.46,16.68
2015-04-10,CAM RANH,12.25,109.2,0.12,27.27,29.34,25.78,22.61,28.97,76.1,17.21,100.27,5.9,33.3,22.15,35.45,0.25,0.46,23.54
2015-04-11,CAM RANH,12.25,109.2,0.69,26.93,29.03,25.42,22.76,28.84,78.42,17.36,100.37,5.6,30.3,23.15,35.15,0.26,0.46,12.86
2015-04-12,CAM RANH,12.25,109.2,5.96,26.97,28.85,25.7,23.32,28.58,80.83,17.94,100.47,7.84,27.4,20.94,36.68,0.35,0.47,64.59
2015-04-13,CAM RANH,12.25,109.2,5.6,25.9,27.87,24.71,21.92,27.05,78.77,16.48,100.44,9.84,20.5,9.53,36.75,0.52,0.48,95.19
2015-04-14,CAM RANH,12.25,109.2,0.61,25.82,27.57,24.4,19.43,26.91,67.97,14.12,100.44,8.06,29.2,16.71,35.6,0.46,0.48,50.95
2015-04-15,CAM RANH,12.25,109.2,0.02,25.95,27.74,24.73,19.51,27.4,68.02,14.19,100.42,4.04,49.0,23.78,34.64,0.41,0.47,21.66
2015-04-16,CAM RANH,12.25,109.2,0.03,26.77,28.77,25.62,22.35,28.4,77.08,16.94,100.31,3.33,100.8,22.41,34.84,0.38,0.47,8.95
2015-04-17,CAM RANH,12.25,109.2,0.01,27.12,29.37,25.74,22.68,28.61,77.23,17.33,100.09,4.11,147.1,24.56,34.88,0.36,0.47,4.82
2015-04-18,CAM RANH,12.25,109.2,0.0,27.69,29.67,26.27,23.42,29.07,78.05,18.16,99.98,5.19,163.3,25.01,35.39,0.33,0.47,6.73
2015-04-19,CAM RANH,12.25,109.2,0.01,28.01,30.29,26.33,23.78,29.21,78.44,18.57,99.96,4.81,164.9,23.22,36.59,0.31,0.46,12.29
2015-04-20,CAM RANH,12.25,109.2,0.05,28.46,31.07,26.7,24.09,29.47,78.03,18.94,99.87,4.48,170.0,23.25,36.58,0.29,0.46,27.3
2015-04-21,CAM RANH,12.25,109.2,0.13,28.12,30.36,26.49,24.17,29.1,79.49,19.0,99.99,3.09,153.8,23.9,36.46,0.29,0.46,40.79
2015-04-22,CAM RANH,12.25,109.2,0.15,27.93,29.69,26.84,23.75,29.52,78.36,18.47,100.19,4.18,68.2,24.75,36.26,0.28,0.46,37.86
2015-04-23,CAM RANH,12.25,109.2,0.56,27.52,28.69,26.47,23.97,28.25,81.13,18.69,100.27,5.77,36.0,21.01,36.55,0.29,0.46,66.77
2015-04-24,CAM RANH,12.25,109.2,0.35,27.53,28.81,26.6,23.51,28.65,78.89,18.18,100.27,6.35,33.1,22.27,36.19,0.3,0.46,35.83
2015-04-25,CAM RANH,12.25,109.2,1.08,27.68,29.4,26.46,23.42,29.14,77.91,18.09,100.23,6.94,32.7,19.5,36.87,0.31,0.46,70.16
2015-04-26,CAM RANH,12.25,109.2,5.46,27.59,29.19,26.43,23.67,28.82,79.4,18.35,100.24,6.58,36.7,18.07,36.83,0.41,0.47,62.86
2015-04-27,CAM RANH,12.25,109.2,4.06,27.76,29.42,26.41,23.72,28.74,78.83,18.41,100.17,4.32,49.7,17.94,37.03,0.49,0.48,60.24
2015-04-28,CAM RANH,12.25,109.2,0.85,27.65,29.32,26.34,23.5,29.1,78.22,18.18,100.12,3.02,107.4,23.98,35.88,0.46,0.47,10.8
2015-04-29,CAM RANH,12.25,109.2,0.13,28.1,29.88,26.81,23.3,29.86,75.47,17.98,100.13,3.75,135.6,24.34,35.63,0.39,0.47,12.9
2015-04-30,CAM RANH,12.25,109.2,0.07,28.11,30.12,26.53,23.02,30.14,74.23,17.67,100.08,3.96,142.0,25.7,36.13,0.35,0.47,19.78
2015-05-01,CAM RANH,12.25,109.2,0.0,28.33,30.29,26.94,23.52,30.04,75.67,18.25,100.0,5.11,160.9,23.19,36.75,0.33,0.47,50.46
2015-05-02,CAM RANH,12.25,109.2,0.04,28.61,30.73,27.14,24.03,30.23,76.79,18.85,100.01,5.32,167.6,23.91,36.71,0.3,0.46,22.34
2015-05-03,CAM RANH,12.25,109.2,0.02,28.89,31.4,26.87,23.69,30.32,74.25,18.48,100.01,5.82,172.9,24.98,36.87,0.28,0.46,27.21
2015-05-04,CAM RANH,12.25,109.2,0.04,29.06,31.69,27.21,23.74,30.65,74.09,18.58,99.98,4.99,165.6,24.72,36.53,0.27,0.46,15.71
2015-05-05,CAM RANH,12.25,109.2,0.1,28.98,31.06,27.62,24.08,30.46,75.48,18.94,99.83,5.69,166.8,23.97,36.87,0.26,0.46,15.32
2015-05-06,CAM RANH,12.25,109.2,0.19,28.97,30.87,27.71,24.72,29.88,78.28,19.68,99.82,5.14,166.9,23.51,37.66,0.26,0.46,45.5
2015-05-07,CAM RANH,12.25,109.2,0.27,29.04,30.67,27.66,24.8,29.98,78.24,19.75,99.86,5.6,171.1,23.63,36.7,0.26,0.46,17.22
2015-05-08,CAM RANH,12.25,109.2,0.16,29.36,31.13,27.95,24.26,30.39,74.41,19.14,99.79,5.54,167.0,23.79,37.1,0.27,0.46,37.74
2015-05-09,CAM RANH,12.25,109.2,0.14,29.71,31.69,28.22,23.93,30.6,71.95,18.86,99.78,5.75,177.8,24.92,37.19,0.26,0.46,17.02
2015-05-10,CAM RANH,12.25,109.2,0.12,29.54,31.76,27.67,24.18,31.04,73.73,19.06,99.89,4.83,161.6,23.76,37.2,0.26,0.46,30.19
2015-05-11,CAM RANH,12.25,109.2,0.08,29.32,31.22,27.87,24.38,30.92,75.16,19.24,99.99,4.85,157.4,23.14,37.4,0.25,0.46,45.41
2015-05-12,CAM RANH,12.25,109.2,0.02,29.12,30.88,27.69,23.69,30.62,72.86,18.46,100.06,3.82,152.6,23.26,36.42,0.24,0.46,53.31
2015-05-13,CAM RANH,12.25,109.2,0.01,29.39,31.31,27.98,23.73,31.32,72.25,18.52,100.07,4.17,127.6,24.89,36.32,0.23,0.46,24.33
2015-05-14,CAM RANH,12.25,109.2,0.01,29.37,31.45,27.69,23.37,31.48,70.42,18.06,100.13,4.57,153.2,24.84,36.44,0.23,0.46,13.01
2015-05-15,CAM RANH,12.25,109.2,0.02,29.86,32.17,28.25,23.35,31.95,68.98,18.12,100.1,4.61,149.3,25.62,36.92,0.22,0.46,11.89
2015-05-16,CAM RANH,12.25,109.2,2.74,29.74,31.88,28.34,24.14,31.56,72.4,18.98,99.91,5.85,157.1,24.94,37.33,0.25,0.46,25.91
2015-05-17,CAM RANH,12.25,109.2,5.21,28.95,29.87,28.03,24.09,29.85,75.09,18.89,99.89,4.68,177.6,19.99,37.65,0.43,0.47,38.11
2015-05-18,CAM RANH,12.25,109.2,5.07,29.23,30.39,28.43,25.14,29.96,78.9,20.16,99.85,5.69,176.8,23.47,37.5,0.52,0.48,26.59
2015-05-19,CAM RANH,12.25,109.2,4.93,29.08,30.12,28.18,25.44,29.61,80.94,20.53,99.83,6.53,185.8,22.98,37.5,0.52,0.48,19.69
2015-05-20,CAM RANH,12.25,109.2,54.49,29.66,31.72,28.1,26.02,30.22,81.24,21.24,99.89,4.92,184.8,20.21,38.07,0.7,0.52,45.7
2015-05-21,CAM RANH,12.25,109.2,0.55,29.63,31.13,28.52,26.08,29.92,81.49,21.32,99.89,3.89,176.8,23.42,38.14,0.57,0.57,72.06
2015-05-22,CAM RANH,12.25,109.2,0.58,29.2,30.33,28.14,25.94,29.51,82.71,21.15,99.84,4.18,191.5,22.4,37.67,0.54,0.57,57.89
2015-05-23,CAM RANH,12.25,109.2,0.3,28.84,30.11,27.77,25.22,29.24,80.92,20.24,99.9,3.8,195.9,24.08,37.53,0.53,0.56,72.81
2015-05-24,CAM RANH,12.25,109.2,0.22,29.02,30.52,27.81,25.31,29.37,80.8,20.39,99.81,4.33,172.8,24.19,37.43,0.52,0.56,61.81
2015-05-25,CAM RANH,12.25,109.2,0.24,29.36,31.37,27.86,25.21,29.86,78.83,20.25,99.81,4.12,184.7,23.91,37.49,0.5,0.56,54.48
2015-05-26,CAM RANH,12.25,109.2,0.38,29.34,30.53,28.42,25.04,29.59,77.89,20.05,99.86,3.92,186.6,24.48,37.19,0.51,0.55,33.11
2015-05-27,CAM RANH,12.25,109.2,0.19,29.76,32.07,27.75,24.11,29.93,72.47,19.03,99.75,3.8,194.9,25.07,37.61,0.5,0.55,20.3
2015-05-28,CAM RANH,12.25,109.2,0.1,29.3,31.19,28.2,24.99,29.94,78.1,20.06,99.66,5.35,179.5,24.95,37.28,0.5,0.55,8.98
2015-05-29,CAM RANH,12.25,109.2,0.11,29.34,31.52,28.16,25.33,29.99,79.58,20.44,99.78,4.87,178.6,24.98,37.43,0.49,0.54,16.21
2015-05-30,CAM RANH,12.25,109.2,0.23,29.55,31.46,28.12,24.95,30.2,76.9,19.97,99.8,4.06,178.4,23.6,37.84,0.49,0.54,16.24
2015-05-31,CAM RANH,12.25,109.2,0.3,29.29,31.09,28.02,25.06,29.85,78.48,20.11,99.72,4.28,176.9,23.32,37.57,0.49,0.54,14.49
2015-06-01,CAM RANH,12.25,109.2,0.49,28.85,30.47,27.75,25.75,29.37,83.71,20.94,99.76,4.56,170.1,25.03,37.06,0.5,0.54,29.06
2015-06-02,CAM RANH,12.25,109.2,0.4,28.58,29.99,27.34,25.27,28.92,82.52,20.3,99.91,5.08,174.6,23.4,37.3,0.5,0.54,23.65
2015-06-03,CAM RANH,12.25,109.2,0.1,28.38,30.07,26.89,24.42,29.1,79.57,19.29,99.96,4.05,170.2,24.3,36.48,0.48,0.53,19.36
2015-06-04,CAM RANH,12.25,109.2,0.02,28.56,30.22,27.18,24.43,29.55,78.63,19.31,99.9,4.37,158.0,24.89,36.83,0.48,0.53,13.96
2015-06-05,CAM RANH,12.25,109.2,0.0,28.98,30.67,27.49,24.96,29.85,79.37,19.98,99.77,4.16,161.1,24.59,37.29,0.47,0.52,46.32
2015-06-06,CAM RANH,12.25,109.2,0.01,29.48,31.57,27.96,23.91,30.11,72.57,18.77,99.8,4.37,163.9,23.25,36.98,0.46,0.52,50.86
2015-06-07,CAM RANH,12.25,109.2,0.03,29.04,30.33,27.83,23.78,29.4,73.64,18.58,99.88,3.54,168.1,23.22,36.96,0.47,0.52,32.03
2015-06-08,CAM RANH,12.25,109.2,0.03,29.47,30.91,28.22,24.34,30.25,74.26,19.23,99.81,4.01,169.8,25.11,37.38,0.46,0.51,22.36
2015-06-09,CAM RANH,12.25,109.2,0.06,29.81,31.64,28.35,24.91,30.57,75.53,19.92,99.81,3.92,160.7,24.46,37.74,0.45,0.51,26.54
2015-06-10,CAM RANH,12.25,109.2,0.73,29.38,31.04,27.91,25.28,29.77,78.96,20.35,99.81,4.11,172.6,24.97,37.55,0.46,0.51,10.83
2015-06-11,CAM RANH,12.25,109.2,1.13,28.82,30.34,27.44,25.12,29.21,80.68,20.14,99.84,3.65,171.6,25.1,37.21,0.48,0.51,17.73
2015-06-12,CAM RANH,12.25,109.2,0.68,28.9,30.6,27.51,24.65,29.69,78.26,19.59,99.85,3.81,160.4,24.1,37.56,0.47,0.51,38.18
2015-06-13,CAM RANH,12.25,109.2,1.76,28.64,29.95,27.71,24.62,29.15,79.1,19.55,99.75,2.9,162.6,23.42,37.56,0.48,0.51,69.55
2015-06-14,CAM RANH,12.25,109.2,2.12,28.28,29.37,27.02,24.47,28.74,80.02,19.38,99.8,4.15,179.7,23.23,36.93,0.5,0.51,42.92
2015-06-15,CAM RANH,12.25,109.2,7.28,28.19,29.51,27.12,23.69,29.17,76.79,18.46,99.86,3.77,164.4,23.14,36.85,0.54,0.52,80.19
2015-06-16,CAM RANH,12.25,109.2,2.23,27.64,29.04,27.0,23.68,28.76,79.18,18.46,99.79,3.19,183.4,17.56,36.78,0.51,0.52,94.88
2015-06-17,CAM RANH,12.25,109.2,3.78,28.3,29.76,27.02,23.47,29.04,75.4,18.26,99.63,3.26,174.5,12.17,38.22,0.51,0.52,97.95
2015-06-18,CAM RANH,12.25,109.2,12.81,28.47,30.87,26.71,23.94,29.47,77.07,18.8,99.58,2.17,99.4,12.92,38.08,0.58,0.53,98.91
2015-06-19,CAM RANH,12.25,109.2,15.34,28.89,30.76,27.37,24.06,29.16,75.53,18.93,99.61,2.07,233.5,16.78,37.99,0.64,0.56,97.52
2015-06-20,CAM RANH,12.25,109.2,16.1,28.79,31.06,27.12,24.62,29.04,78.56,19.6,99.52,2.81,239.1,15.75,37.36,0.66,0.58,99.48
2015-06-21,CAM RANH,12.25,109.2,2.65,29.02,31.61,27.3,24.19,29.06,75.43,19.1,99.46,4.07,241.5,11.07,37.49,0.58,0.59,99.84
2015-06-22,CAM RANH,12.25,109.2,5.53,29.64,32.51,27.64,24.18,29.39,72.96,19.13,99.45,4.0,222.5,12.06,37.68,0.58,0.59,93.3
2015-06-23,CAM RANH,12.25,109.2,1.52,29.24,32.22,27.1,23.09,28.98,70.1,17.87,99.6,5.54,217.1,16.11,38.09,0.54,0.59,92.7
2015-06-24,CAM RANH,12.25,109.2,1.75,29.25,32.08,27.25,23.67,29.34,72.44,18.49,99.7,4.07,216.9,19.46,38.05,0.54,0.58,81.68
2015-06-25,CAM RANH,12.25,109.2,0.06,29.35,31.88,27.27,23.66,29.46,72.06,18.49,99.67,3.1,208.0,21.39,38.06,0.52,0.58,52.08
2015-06-26,CAM RANH,12.25,109.2,0.28,29.1,31.29,27.29,23.4,28.93,71.83,18.2,99.78,2.64,216.2,22.99,37.86,0.52,0.57,48.51
2015-06-27,CAM RANH,12.25,109.2,0.27,29.74,32.53,27.89,23.75,30.09,71.04,18.59,99.92,3.09,191.0,24.33,37.81,0.5,0.57,26.01
2015-06-28,CAM RANH,12.25,109.2,0.56,29.12,30.63,27.9,24.41,29.55,76.12,19.28,100.06,4.16,180.8,24.88,37.76,0.51,0.57,18.26
2015-06-29,CAM RANH,12.25,109.2,0.53,29.47,31.54,28.09,24.26,29.44,74.06,19.14,99.92,3.51,191.7,23.58,37.66,0.51,0.56,57.41
2015-06-30,CAM RANH,12.25,109.2,0.47,29.6,31.82,28.07,24.0,29.26,72.28,18.88,99.76,2.64,221.2,22.88,37.22,0.51,0.56,67.27
2015-07-01,CAM RANH,12.25,109.2,0.75,30.04,32.95,28.36,24.19,29.9,71.67,19.14,99.63,3.4,211.1,23.79,37.65,0.5,0.56,68.33
2015-07-02,CAM RANH,12.25,109.2,0.97,29.79,31.97,28.2,24.59,29.73,74.11,19.61,99.53,4.02,204.0,23.3,37.57,0.51,0.56,62.14
2015-07-03,CAM RANH,12.25,109.2,0.86,30.57,34.27,28.38,24.17,29.99,69.78,19.17,99.38,2.12,229.3,21.49,37.73,0.5,0.55,82.65
2015-07-04,CAM RANH,12.25,109.2,0.97,29.18,31.89,27.35,24.69,29.31,77.22,19.72,99.38,3.47,208.2,23.93,37.78,0.51,0.55,68.56
2015-07-05,CAM RANH,12.25,109.2,2.46,29.46,32.78,27.53,24.12,29.54,73.54,19.06,99.4,2.77,220.9,23.69,37.67,0.51,0.55,68.02
2015-07-06,CAM RANH,12.25,109.2,3.26,28.35,30.41,26.88,24.61,28.71,80.63,19.62,99.44,2.54,180.7,20.43,37.93,0.52,0.55,97.51
2015-07-07,CAM RANH,12.25,109.2,12.13,28.13,30.34,26.88,24.92,28.28,83.0,19.98,99.39,1.94,188.1,17.65,38.33,0.62,0.57,96.81
2015-07-08,CAM RANH,12.25,109.2,8.66,27.56,29.08,25.99,24.86,27.81,85.32,19.88,99.49,1.99,187.7,14.32,38.3,0.61,0.58,98.41
2015-07-09,CAM RANH,12.25,109.2,12.17,27.32,29.18,25.9,23.35,27.84,79.08,18.19,99.38,2.49,230.5,9.8,37.48,0.65,0.6,98.5
2015-07-10,CAM RANH,12.25,109.2,2.79,28.98,32.0,26.51,22.82,28.75,70.28,17.65,99.36,3.22,246.7,17.29,37.83,0.57,0.6,94.82
2015-07-11,CAM RANH,12.25,109.2,4.04,28.9,30.95,27.47,24.61,28.91,77.96,19.62,99.39,3.2,201.2,18.6,37.92,0.58,0.6,97.64
2015-07-12,CAM RANH,12.25,109.2,4.9,28.34,29.92,26.91,25.29,28.71,83.9,20.45,99.38,4.26,191.2,19.82,38.14,0.6,0.6,86.66
2015-07-13,CAM RANH,12.25,109.2,4.67,28.74,30.57,27.24,25.44,29.3,82.65,20.63,99.36,4.75,189.5,22.18,38.12,0.6,0.6,73.75
2015-07-14,CAM RANH,12.25,109.2,2.07,28.63,30.66,27.17,25.11,29.26,81.71,20.2,99.46,6.09,188.7,22.46,37.78,0.58,0.6,89.34
2015-07-15,CAM RANH,12.25,109.2,4.28,28.28,30.03,26.86,25.07,28.59,82.98,20.15,99.55,4.88,194.0,20.83,37.99,0.6,0.61,99.27
2015-07-16,CAM RANH,12.25,109.2,4.55,28.75,30.65,27.16,25.1,29.16,81.1,20.19,99.55,3.13,181.6,15.69,37.98,0.6,0.61,98.3
2015-07-17,CAM RANH,12.25,109.2,5.69,28.4,30.6,26.7,25.13,28.84,83.09,20.21,99.65,2.82,183.8,20.86,38.03,0.61,0.61,89.68
2015-07-18,CAM RANH,12.25,109.2,7.73,28.14,29.75,26.76,24.8,28.32,82.37,19.79,99.7,2.81,197.4,13.15,37.44,0.64,0.62,99.46
2015-07-19,CAM RANH,12.25,109.2,2.4,28.31,30.81,26.38,23.42,28.47,75.26,18.23,99.79,4.54,204.8,19.18,36.86,0.61,0.62,95.01
2015-07-20,CAM RANH,12.25,109.2,0.29,28.36,31.71,25.93,23.45,29.01,76.17,18.32,99.85,4.37,188.0,18.57,36.99,0.57,0.62,98.9
2015-07-21,CAM RANH,12.25,109.2,0.6,27.96,30.13,26.21,24.53,28.61,82.24,19.44,100.05,5.67,175.6,22.18,36.99,0.57,0.61,93.97
2015-07-22,CAM RANH,12.25,109.2,0.3,28.08,30.19,27.04,24.31,28.88,80.62,19.19,100.06,4.8,172.0,24.06,36.79,0.56,0.61,87.45
2015-07-23,CAM RANH,12.25,109.2,0.89,27.68,28.71,26.72,24.81,27.85,84.56,19.74,100.02,4.74,183.1,22.32,37.71,0.58,0.61,52.37
2015-07-24,CAM RANH,12.25,109.2,0.68,28.42,30.85,26.81,24.65,28.86,80.71,19.63,99.88,4.41,175.4,23.63,37.17,0.56,0.6,67.77
2015-07-25,CAM RANH,12.25,109.2,0.73,27.92,29.78,26.53,24.43,28.23,81.73,19.34,99.91,5.5,183.5,24.14,37.27,0.56,0.6,57.41
2015-07-26,CAM RANH,12.25,109.2,0.92,27.61,29.66,26.62,23.48,27.95,78.66,18.24,100.1,3.85,196.0,23.33,37.18,0.56,0.6,86.28
2015-07-27,CAM RANH,12.25,109.2,0.96,27.29,28.94,26.21,24.09,27.74,83.06,18.86,100.21,3.31,134.2,20.34,37.22,0.56,0.6,99.15
2015-07-28,CAM RANH,12.25,109.2,0.74,27.01,28.26,26.19,24.0,27.36,83.86,18.77,100.18,3.01,171.9,17.96,37.43,0.57,0.6,99.52
2015-07-29,CAM RANH,12.25,109.2,0.38,27.22,28.92,25.87,22.79,27.95,77.29,17.43,100.17,1.8,131.3,18.41,36.79,0.56,0.59,95.55
2015-07-30,CAM RANH,12.25,109.2,0.46,27.56,29.66,26.46,22.95,28.63,76.63,17.65,100.08,2.87,161.7,21.89,37.35,0.54,0.59,89.46
2015-07-31,CAM RANH,12.25,109.2,0.37,27.59,29.02,26.66,23.73,28.17,79.9,18.5,100.01,2.16,144.2,20.8,37.33,0.55,0.59,92.76
2015-08-01,CAM RANH,12.25,109.2,0.28,27.74,29.03,26.85,23.66,28.5,78.7,18.41,100.0,2.78,155.8,22.79,36.84,0.54,0.59,74.32
2015-08-02,CAM RANH,12.25,109.2,0.28,28.04,29.84,26.71,23.81,29.04,78.18,18.57,99.98,2.74,125.1,22.14,36.85,0.53,0.58,56.16
2015-08-03,CAM RANH,12.25,109.2,0.87,28.15,29.35,27.33,24.29,29.13,79.75,19.14,99.91,3.68,146.1,24.04,37.25,0.53,0.58,51.69
2015-08-04,CAM RANH,12.25,109.2,3.44,28.67,30.55,27.39,23.88,29.52,75.67,18.7,99.76,2.6,135.3,24.14,37.37,0.54,0.58,73.29
2015-08-05,CAM RANH,12.25,109.2,2.96,28.66,30.97,27.29,24.05,29.58,76.72,18.95,99.54,3.86,170.1,23.67,37.71,0.55,0.58,64.38
2015-08-06,CAM RANH,12.25,109.2,2.81,28.96,31.24,27.77,24.59,29.69,77.78,19.58,99.46,3.17,120.0,23.7,38.07,0.55,0.58,72.17
2015-08-07,CAM RANH,12.25,109.2,3.71,28.56,30.24,27.43,24.55,29.5,79.18,19.52,99.51,2.4,128.4,24.42,38.02,0.57,0.58,55.84
2015-08-08,CAM RANH,12.25,109.2,4.26,28.83,30.59,27.69,24.65,29.49,78.43,19.68,99.39,3.49,181.8,23.7,38.09,0.58,0.58,83.06
2015-08-09,CAM RANH,12.25,109.2,3.81,28.52,29.78,27.23,24.3,29.24,78.03,19.25,99.37,4.76,198.2,22.46,38.11,0.57,0.59,85.06
2015-08-10,CAM RANH,12.25,109.2,4.33,28.92,30.65,27.78,24.88,30.01,79.25,19.91,99.58,4.87,179.6,22.64,37.98,0.58,0.59,83.28
2015-08-11,CAM RANH,12.25,109.2,1.69,28.4,29.55,27.44,24.86,29.19,81.32,19.82,99.76,4.79,183.2,22.36,37.88,0.57,0.59,89.68
2015-08-12,CAM RANH,12.25,109.2,1.43,28.58,30.04,27.49,24.97,29.12,81.14,19.96,99.88,4.68,179.6,22.51,37.9,0.57,0.59,71.83
2015-08-13,CAM RANH,12.25,109.2,2.48,28.57,30.17,27.01,25.45,29.28,83.59,20.56,99.88,4.27,179.8,24.81,37.68,0.57,0.59,66.76
2015-08-14,CAM RANH,12.25,109.2,0.19,28.63,30.18,27.48,24.85,29.08,80.4,19.84,99.89,4.59,181.5,24.59,37.67,0.55,0.59,60.79
2015-08-15,CAM RANH,12.25,109.2,0.28,28.48,30.01,27.24,24.85,28.92,81.1,19.81,99.98,3.96,174.3,24.57,37.75,0.54,0.58,70.96
2015-08-16,CAM RANH,12.25,109.2,0.34,28.57,30.13,27.42,25.03,29.03,81.62,20.04,99.94,4.37,174.0,23.96,37.8,0.54,0.58,39.46
2015-08-17,CAM RANH,12.25,109.2,0.31,29.19,30.76,27.79,24.89,29.53,77.85,19.88,99.85,2.99,197.8,23.19,37.8,0.53,0.58,33.14
2015-08-18,CAM RANH,12.25,109.2,0.13,28.94,31.22,27.57,24.54,29.42,77.76,19.49,99.77,3.94,180.0,24.6,37.6,0.52,0.57,15.87
2015-08-19,CAM RANH,12.25,109.2,0.83,29.4,31.83,28.23,24.98,29.92,77.75,20.03,99.69,3.61,172.8,24.73,37.8,0.52,0.57,33.91
2015-08-20,CAM RANH,12.25,109.2,2.9,29.0,30.21,27.61,25.1,29.14,79.73,20.17,99.67,4.0,199.7,24.23,37.78,0.55,0.57,52.12
2015-08-21,CAM RANH,12.25,109.2,0.85,29.16,31.08,27.51,24.49,29.55,76.43,19.5,99.61,3.97,190.4,23.62,37.97,0.53,0.57,67.44
2015-08-22,CAM RANH,12.25,109.2,0.66,29.88,32.18,27.58,24.02,29.84,71.44,18.97,99.55,2.2,216.2,22.02,37.74,0.52,0.57,81.82
2015-08-23,CAM RANH,12.25,109.2,1.48,29.95,32.31,28.32,24.14,29.85,71.53,19.09,99.54,2.94,234.7,19.87,37.76,0.53,0.57,94.81
2015-08-24,CAM RANH,12.25,109.2,2.5,29.12,31.73,27.67,24.53,29.44,76.92,19.5,99.62,3.5,200.3,20.46,37.9,0.54,0.57,85.96
2015-08-25,CAM RANH,12.25,109.2,2.76,28.36,30.27,27.4,24.61,29.09,80.42,19.55,99.73,4.29,191.0,19.41,37.96,0.55,0.57,97.97
2015-08-26,CAM RANH,12.25,109.2,1.68,28.05,29.32,26.87,23.98,28.9,78.81,18.78,99.93,2.75,180.9,19.71,37.01,0.55,0.57,92.08
2015-08-27,CAM RANH,12.25,109.2,1.4,28.54,30.15,27.51,23.78,29.37,75.71,18.56,99.94,2.5,149.9,23.83,37.5,0.54,0.57,73.21
2015-08-28,CAM RANH,12.25,109.2,0.86,29.03,30.3,28.0,24.25,29.32,75.82,19.16,99.78,3.9,176.2,22.57,37.68,0.53,0.57,84.24
2015-08-29,CAM RANH,12.25,109.2,0.7,29.26,30.91,27.87,24.67,29.68,76.8,19.66,99.74,4.78,184.9,23.57,37.88,0.52,0.57,67.47
2015-08-30,CAM RANH,12.25,109.2,1.59,29.7,32.18,28.03,24.78,30.23,75.54,19.79,99.81,3.73,186.2,23.58,37.6,0.52,0.56,73.35
2015-08-31,CAM RANH,12.25,109.2,0.52,29.32,31.15,28.05,24.16,29.47,74.3,19.06,99.86,2.1,176.9,21.23,37.92,0.52,0.56,93.78
2015-09-01,CAM RANH,12.25,109.2,1.09,29.55,31.33,27.79,24.0,29.85,72.53,18.89,99.77,3.12,190.8,23.0,37.56,0.52,0.56,84.24
2015-09-02,CAM RANH,12.25,109.2,0.48,28.99,30.7,27.99,24.39,29.66,76.8,19.33,99.88,3.55,161.9,23.19,37.84,0.51,0.56,74.42
2015-09-03,CAM RANH,12.25,109.2,1.18,28.83,30.84,27.42,24.98,29.84,80.12,19.94,100.07,4.64,170.1,23.64,37.63,0.51,0.56,51.52
2015-09-04,CAM RANH,12.25,109.2,1.45,28.61,29.57,27.75,24.77,29.42,79.79,19.64,100.17,3.65,166.7,22.91,37.26,0.52,0.56,45.81
2015-09-05,CAM RANH,12.25,109.2,1.97,29.16,31.17,28.03,24.59,30.3,76.91,19.47,100.11,3.39,157.8,23.86,37.64,0.52,0.56,26.69
2015-09-06,CAM RANH,12.25,109.2,2.39,29.39,30.87,28.16,24.6,29.57,75.75,19.51,99.93,3.07,195.9,23.9,37.61,0.54,0.56,58.71
2015-09-07,CAM RANH,12.25,109.2,2.2,29.61,31.92,28.19,25.38,30.05,78.69,20.52,99.74,3.76,175.6,25.15,37.8,0.53,0.56,59.0
2015-09-08,CAM RANH,12.25,109.2,9.85,28.34,30.5,27.31,24.73,28.93,81.09,19.68,99.76,4.05,192.4,20.4,38.16,0.6,0.57,85.73
2015-09-09,CAM RANH,12.25,109.2,3.79,27.05,27.68,26.52,23.99,28.66,83.43,18.77,100.0,3.74,153.1,12.13,37.79,0.59,0.58,99.08
2015-09-10,CAM RANH,12.25,109.2,9.68,27.91,29.65,26.85,23.79,29.4,78.75,18.55,100.05,2.52,150.4,18.11,37.88,0.6,0.58,95.04
2015-09-11,CAM RANH,12.25,109.2,4.39,27.63,28.47,27.15,24.01,28.7,80.73,18.79,99.96,2.06,207.2,19.43,37.46,0.61,0.59,96.57
2015-09-12,CAM RANH,12.25,109.2,12.72,28.48,30.89,27.07,24.33,29.34,78.86,19.2,99.88,2.39,76.3,12.34,37.53,0.63,0.6,99.47
2015-09-13,CAM RANH,12.25,109.2,4.02,27.3,28.99,25.89,23.69,28.37,80.89,18.46,99.81,3.11,249.5,15.71,37.47,0.63,0.62,97.74
2015-09-14,CAM RANH,12.25,109.2,1.89,28.58,30.51,27.05,24.51,29.3,79.03,19.52,99.4,4.09,197.5,17.41,37.51,0.6,0.62,97.96
2015-09-15,CAM RANH,12.25,109.2,5.53,28.15,29.85,27.07,24.11,29.29,79.05,19.02,99.45,4.46,173.8,18.78,37.24,0.61,0.61,96.06
2015-09-16,CAM RANH,12.25,109.2,15.53,27.55,28.67,26.9,24.64,28.54,84.29,19.59,99.66,8.1,170.4,16.59,37.23,0.69,0.63,99.44
2015-09-17,CAM RANH,12.25,109.2,1.2,27.85,29.05,26.97,24.45,28.57,81.83,19.27,100.11,5.76,175.1,18.93,37.24,0.63,0.64,88.87
2015-09-18,CAM RANH,12.25,109.2,0.73,28.24,29.7,26.96,23.64,29.56,76.34,18.32,100.27,2.15,74.2,23.18,37.05,0.61,0.63,30.45
2015-09-19,CAM RANH,12.25,109.2,0.44,28.32,30.04,27.16,24.38,29.74,79.49,19.2,100.08,4.39,34.4,24.24,36.34,0.59,0.63,7.65
2015-09-20,CAM RANH,12.25,109.2,0.24,28.58,30.44,27.28,24.02,30.14,76.57,18.83,99.9,2.99,51.8,24.24,36.63,0.58,0.62,13.56
2015-09-21,CAM RANH,12.25,109.2,0.85,28.79,30.75,27.63,24.15,30.55,76.53,19.03,99.75,4.06,153.3,24.06,37.49,0.57,0.61,43.91
2015-09-22,CAM RANH,12.25,109.2,1.52,29.01,31.04,27.96,24.76,30.26,78.15,19.7,99.83,4.02,165.3,23.58,37.63,0.58,0.61,52.25
2015-09-23,CAM RANH,12.25,109.2,0.97,29.93,31.74,28.79,24.48,30.42,72.98,19.41,99.76,2.47,198.5,22.56,37.77,0.58,0.61,65.98
2015-09-24,CAM RANH,12.25,109.2,0.51,29.92,31.74,28.32,23.88,30.13,70.48,18.75,99.7,2.61,184.5,23.62,37.29,0.58,0.61,64.8
2015-09-25,CAM RANH,12.25,109.2,0.42,29.87,31.93,28.23,24.57,30.6,73.74,19.56,99.58,3.39,182.2,23.83,37.81,0.56,0.6,44.58
2015-09-26,CAM RANH,12.25,109.2,0.8,29.43,31.73,28.16,24.65,30.41,75.96,19.61,99.68,2.87,170.2,23.56,37.76,0.56,0.6,63.77
2015-09-27,CAM RANH,12.25,109.2,0.28,28.65,30.11,27.8,24.82,29.72,79.87,19.78,99.76,2.5,61.8,23.72,37.08,0.56,0.6,48.35
2015-09-28,CAM RANH,12.25,109.2,1.65,29.1,31.11,28.15,24.17,30.35,75.19,19.05,99.81,2.82,131.9,23.2,36.78,0.56,0.59,73.95
2015-09-29,CAM RANH,12.25,109.2,3.22,28.7,30.31,27.45,24.56,29.39,78.63,19.45,99.91,2.8,170.8,21.23,37.21,0.59,0.6,90.69
2015-09-30,CAM RANH,12.25,109.2,1.38,28.68,30.16,27.76,24.74,29.78,79.56,19.64,100.09,2.92,159.7,23.11,37.15,0.57,0.6,43.97
2015-10-01,CAM RANH,12.25,109.2,1.7,28.58,29.88,27.44,24.65,29.71,79.47,19.5,100.15,2.9,136.7,20.49,37.37,0.57,0.6,89.12
2015-10-02,CAM RANH,12.25,109.2,8.94,28.31,29.56,27.26,24.35,29.23,79.3,19.17,100.08,2.39,147.4,21.4,38.1,0.62,0.6,84.74
2015-10-03,CAM RANH,12.25,109.2,10.89,27.78,28.57,27.08,24.67,28.8,83.31,19.56,100.08,5.03,175.9,16.86,37.3,0.68,0.62,95.76
2015-10-04,CAM RANH,12.25,109.2,6.45,28.03,29.52,26.86,24.47,29.04,81.19,19.29,100.21,5.45,179.7,17.23,37.04,0.65,0.63,92.41
2015-10-05,CAM RANH,12.25,109.2,0.85,27.91,29.25,27.19,23.82,29.06,78.66,18.53,100.24,2.12,159.0,16.8,37.56,0.61,0.63,83.09
2015-10-06,CAM RANH,12.25,109.2,1.1,28.06,29.38,26.99,23.46,29.49,76.2,18.14,100.17,1.91,91.9,21.45,37.16,0.6,0.63,37.57
2015-10-07,CAM RANH,12.25,109.2,0.77,28.29,30.26,27.07,23.95,30.34,77.66,18.71,100.17,2.65,107.1,21.9,37.55,0.58,0.62,46.33
2015-10-08,CAM RANH,12.25,109.2,0.52,28.2,29.46,27.07,23.24,29.95,74.63,17.91,100.09,2.14,120.1,20.63,37.41,0.59,0.62,51.08
2015-10-09,CAM RANH,12.25,109.2,0.55,28.49,29.97,27.61,24.1,30.27,77.35,18.91,100.02,3.83,165.4,21.69,37.47,0.58,0.61,63.57
2015-10-10,CAM RANH,12.25,109.2,1.7,29.08,31.02,27.94,23.97,29.95,74.58,18.79,100.06,3.63,164.2,21.31,37.95,0.58,0.61,46.44
2015-10-11,CAM RANH,12.25,109.2,2.42,28.74,30.49,27.53,24.87,29.83,79.99,19.77,100.2,3.89,84.3,20.84,37.41,0.59,0.61,70.7
2015-10-12,CAM RANH,12.25,109.2,2.58,28.04,29.4,27.0,24.78,28.92,82.54,19.61,100.32,5.19,48.5,13.39,37.23,0.6,0.61,71.68
2015-10-13,CAM RANH,12.25,109.2,1.9,27.89,29.28,26.64,24.1,29.1,80.03,18.83,100.33,3.93,34.6,15.61,36.98,0.59,0.61,88.42
2015-10-14,CAM RANH,12.25,109.2,3.41,27.92,29.08,27.3,25.0,28.63,84.32,19.92,100.19,5.97,16.8,20.63,37.22,0.6,0.61,72.28
2015-10-15,CAM RANH,12.25,109.2,4.89,27.74,29.07,26.45,24.06,27.97,80.36,18.83,100.16,7.08,20.0,12.04,37.57,0.63,0.62,95.59
2015-10-16,CAM RANH,12.25,109.2,0.14,27.69,29.58,26.36,22.63,28.36,74.4,17.26,100.15,7.22,14.1,10.16,37.2,0.57,0.61,86.39
2015-10-17,CAM RANH,12.25,109.2,0.39,27.29,28.96,25.98,23.03,28.2,77.72,17.68,100.13,7.08,12.7,19.17,36.54,0.56,0.61,63.74
2015-10-18,CAM RANH,12.25,109.2,0.34,27.08,29.57,24.97,21.76,28.04,73.05,16.35,100.18,6.24,11.9,18.39,35.95,0.55,0.6,97.84
2015-10-19,CAM RANH,12.25,109.2,0.23,27.23,29.28,25.99,21.42,28.37,70.83,16.01,100.08,4.17,30.6,18.62,36.49,0.54,0.6,98.13
2015-10-20,CAM RANH,12.25,109.2,1.96,27.31,29.37,25.88,22.05,28.52,73.14,16.66,99.96,2.92,67.8,17.25,37.17,0.56,0.6,64.23
2015-10-21,CAM RANH,12.25,109.2,2.02,27.53,29.49,26.22,22.33,28.71,73.6,16.94,100.04,3.17,51.0,19.63,37.12,0.55,0.59,54.11
2015-10-22,CAM RANH,12.25,109.2,0.26,27.74,29.4,26.46,22.7,28.78,74.14,17.32,100.12,4.33,47.4,19.65,36.72,0.54,0.59,63.39
2015-10-23,CAM RANH,12.25,109.2,0.88,27.24,29.02,25.91,22.62,28.45,76.26,17.25,100.17,5.3,31.2,18.71,36.55,0.54,0.58,85.24
2015-10-24,CAM RANH,12.25,109.2,0.76,27.21,28.67,26.01,23.3,28.68,79.39,17.95,100.25,5.39,36.2,13.41,37.38,0.54,0.58,86.19
2015-10-25,CAM RANH,12.25,109.2,1.42,26.77,28.55,25.43,23.65,28.34,83.31,18.32,100.34,4.84,37.4,12.88,37.49,0.54,0.58,96.71
2015-10-26,CAM RANH,12.25,109.2,2.77,27.1,28.03,26.39,24.28,27.24,84.55,19.03,100.3,5.05,40.5,14.42,36.86,0.57,0.58,91.59
2015-10-27,CAM RANH,12.25,109.2,1.85,27.52,29.07,26.35,23.83,28.26,80.49,18.52,100.32,5.47,36.8,18.28,36.35,0.54,0.58,51.0
2015-10-28,CAM RANH,12.25,109.2,1.81,27.97,29.59,26.68,23.1,28.54,74.99,17.71,100.34,5.12,47.0,20.1,35.9,0.54,0.58,25.11
2015-10-29,CAM RANH,12.25,109.2,3.44,27.87,29.75,26.43,23.43,28.79,77.42,18.09,100.38,5.69,37.5,20.41,36.17,0.55,0.58,37.63
2015-10-30,CAM RANH,12.25,109.2,7.51,27.25,28.32,26.42,24.0,28.12,82.5,18.7,100.38,5.9,35.0,20.46,36.57,0.59,0.58,59.68
2015-10-31,CAM RANH,12.25,109.2,10.51,27.62,28.89,26.71,23.8,28.27,79.82,18.46,100.41,6.48,34.2,19.07,36.58,0.61,0.59,65.98
2015-11-01,CAM RANH,12.25,109.2,29.84,27.66,28.97,26.8,24.75,28.02,84.34,19.57,100.37,7.07,42.7,14.48,37.04,0.73,0.62,96.83
2015-11-02,CAM RANH,12.25,109.2,32.54,27.19,28.06,26.59,24.92,27.4,87.39,19.77,100.32,7.04,47.3,11.53,36.96,0.8,0.67,97.48
2015-11-03,CAM RANH,12.25,109.2,19.87,27.16,27.74,26.75,24.9,27.09,87.4,19.77,100.24,6.59,32.8,15.89,36.89,0.8,0.71,95.35
2015-11-04,CAM RANH,12.25,109.2,68.18,27.09,28.15,26.35,25.16,27.22,89.22,20.12,100.04,7.45,48.9,7.92,37.13,0.92,0.76,99.52
2015-11-05,CAM RANH,12.25,109.2,20.19,26.28,27.08,25.84,24.3,26.69,88.81,19.08,100.13,3.44,83.2,6.58,36.69,0.89,0.82,97.42
2015-11-06,CAM RANH,12.25,109.2,6.38,26.76,27.34,26.38,24.38,27.07,86.78,19.17,100.16,2.36,35.1,16.95,36.33,0.84,0.82,91.04
2015-11-07,CAM RANH,12.25,109.2,8.5,27.16,27.89,26.75,24.91,27.58,87.52,19.78,100.27,3.91,35.1,16.51,36.84,0.84,0.82,98.71
2015-11-08,CAM RANH,12.25,109.2,7.59,27.65,28.79,26.83,24.62,27.6,83.55,19.43,100.29,4.35,56.8,16.8,36.5,0.84,0.83,57.12
2015-11-09,CAM RANH,12.25,109.2,3.17,27.39,28.92,26.16,24.12,27.67,82.44,18.86,100.21,5.6,38.0,17.47,36.49,0.82,0.82,36.71
2015-11-10,CAM RANH,12.25,109.2,8.16,27.2,28.14,26.53,24.4,27.67,84.72,19.2,100.14,5.24,34.1,16.73,37.06,0.82,0.81,73.48
2015-11-11,CAM RANH,12.25,109.2,12.18,27.56,28.55,27.02,24.85,27.56,85.17,19.71,100.22,5.13,65.5,12.97,36.78,0.85,0.82,97.67
2015-11-12,CAM RANH,12.25,109.2,2.41,27.77,29.04,26.63,23.97,28.04,79.93,18.68,100.3,4.64,69.0,18.89,36.43,0.82,0.82,42.13
2015-11-13,CAM RANH,12.25,109.2,3.88,27.74,28.82,26.83,24.68,28.08,83.38,19.51,100.22,3.81,66.6,17.98,36.65,0.82,0.82,51.06
2015-11-14,CAM RANH,12.25,109.2,1.83,27.55,28.92,26.71,23.7,28.21,79.62,18.41,100.16,3.29,66.5,20.21,35.59,0.81,0.81,18.57
2015-11-15,CAM RANH,12.25,109.2,0.9,27.51,29.23,26.25,23.82,28.14,80.55,18.54,100.17,4.06,57.0,17.59,36.43,0.8,0.8,32.99
2015-11-16,CAM RANH,12.25,109.2,1.21,27.09,28.21,26.18,23.82,28.12,82.31,18.53,100.17,3.48,55.4,19.88,36.2,0.79,0.79,20.37
2015-11-17,CAM RANH,12.25,109.2,1.3,27.53,28.59,26.9,23.83,28.23,80.27,18.53,100.22,3.61,50.5,21.21,35.56,0.79,0.79,10.33
2015-11-18,CAM RANH,12.25,109.2,4.3,27.57,28.51,26.67,24.3,28.08,82.38,19.06,100.3,5.33,53.0,15.32,36.7,0.8,0.78,42.26
2015-11-19,CAM RANH,12.25,109.2,5.26,27.33,28.37,26.33,23.98,27.86,82.0,18.7,100.24,6.22,39.3,18.05,36.4,0.8,0.78,36.84
2015-11-20,CAM RANH,12.25,109.2,4.38,27.21,28.18,26.65,23.83,27.91,81.83,18.54,100.19,5.39,38.7,16.09,36.94,0.79,0.78,86.08
2015-11-21,CAM RANH,12.25,109.2,6.04,27.08,27.86,26.53,24.05,27.66,83.52,18.8,100.15,5.67,45.0,7.76,37.14,0.81,0.78,99.29
2015-11-22,CAM RANH,12.25,109.2,4.08,27.19,28.12,26.54,23.69,27.42,81.18,18.39,100.16,6.35,38.2,4.34,37.31,0.8,0.79,95.93
2015-11-23,CAM RANH,12.25,109.2,2.6,27.52,28.6,26.7,23.96,27.76,80.98,18.69,100.14,6.43,31.3,18.3,36.41,0.79,0.78,52.88
2015-11-24,CAM RANH,12.25,109.2,4.15,27.28,28.67,26.43,23.78,27.59,81.31,18.5,100.14,6.97,33.0,17.76,36.44,0.79,0.78,38.51
2015-11-25,CAM RANH,12.25,109.2,6.79,27.39,28.62,26.47,23.77,27.67,80.65,18.47,100.19,8.36,34.3,9.36,37.14,0.8,0.78,79.47
2015-11-26,CAM RANH,12.25,109.2,1.07,27.0,28.4,25.9,21.89,27.24,73.69,16.44,100.31,9.3,36.9,16.69,35.73,0.77,0.77,37.62
2015-11-27,CAM RANH,12.25,109.2,6.76,26.77,28.11,26.12,23.12,27.14,80.55,17.73,100.35,7.37,38.9,11.21,36.71,0.79,0.77,90.57
2015-11-28,CAM RANH,12.25,109.2,15.1,26.85,27.86,26.19,24.35,27.08,86.17,19.07,100.5,7.22,42.4,3.36,37.17,0.83,0.78,96.45
2015-11-29,CAM RANH,12.25,109.2,15.36,26.88,28.04,26.16,24.43,27.11,86.47,19.17,100.43,7.98,36.7,13.09,37.27,0.84,0.79,57.51
2015-11-30,CAM RANH,12.25,109.2,13.47,26.94,28.01,26.15,24.43,27.2,86.13,19.2,100.33,7.08,47.9,12.39,37.41,0.84,0.8,65.52
2015-12-01,CAM RANH,12.25,109.2,1.72,26.82,28.17,25.8,23.38,27.07,81.47,18.02,100.34,5.87,31.3,16.81,36.36,0.81,0.8,27.73
2015-12-02,CAM RANH,12.25,109.2,0.21,26.85,28.21,25.85,23.24,27.24,80.65,17.84,100.39,5.69,27.7,18.59,36.1,0.79,0.79,29.56
2015-12-03,CAM RANH,12.25,109.2,0.39,26.78,27.96,25.89,23.03,27.08,79.91,17.62,100.4,6.81,35.9,16.71,36.55,0.78,0.79,66.68
2015-12-04,CAM RANH,12.25,109.2,0.52,26.69,28.1,25.74,22.99,27.05,80.32,17.59,100.37,5.81,37.8,17.78,36.12,0.78,0.78,40.58
2015-12-05,CAM RANH,12.25,109.2,0.43,26.84,28.2,25.81,23.78,27.3,83.41,18.46,100.34,5.47,44.0,7.18,37.42,0.77,0.77,84.11
2015-12-06,CAM RANH,12.25,109.2,2.64,26.52,27.69,25.69,23.47,27.01,83.38,18.1,100.41,9.23,22.6,14.24,36.62,0.77,0.77,68.23
2015-12-07,CAM RANH,12.25,109.2,23.81,26.1,26.89,25.76,23.99,26.55,88.21,18.68,100.42,9.56,21.0,7.92,37.15,0.86,0.78,95.49
2015-12-08,CAM RANH,12.25,109.2,12.57,26.53,27.78,25.77,24.67,26.81,89.61,19.49,100.3,5.88,29.0,9.16,37.27,0.84,0.8,73.8
2015-12-09,CAM RANH,12.25,109.2,6.24,26.47,28.0,24.98,24.81,26.87,90.61,19.67,100.26,4.25,20.3,15.52,36.99,0.83,0.81,50.39
2015-12-10,CAM RANH,12.25,109.2,2.07,25.92,27.2,25.14,23.35,26.48,85.77,17.99,100.26,6.62,17.7,15.25,36.42,0.8,0.8,41.9
2015-12-11,CAM RANH,12.25,109.2,1.29,26.33,27.71,25.45,22.95,26.65,81.71,17.56,100.23,5.1,39.4,15.85,35.69,0.8,0.79,27.64
2015-12-12,CAM RANH,12.25,109.2,0.14,26.07,27.68,24.89,22.89,26.76,82.79,17.5,100.24,4.05,40.0,18.72,34.75,0.78,0.79,19.42
2015-12-13,CAM RANH,12.25,109.2,0.11,25.9,27.24,24.78,22.65,26.94,82.28,17.23,100.28,4.93,28.4,18.76,34.45,0.78,0.78,13.76
2015-12-14,CAM RANH,12.25,109.2,0.92,25.88,27.27,25.12,22.52,26.64,81.77,17.1,100.25,7.21,14.7,19.32,34.57,0.77,0.77,19.01
2015-12-15,CAM RANH,12.25,109.2,0.51,26.21,27.65,25.29,22.13,26.53,78.37,16.68,100.34,8.25,24.9,17.36,35.59,0.77,0.76,60.57
2015-12-16,CAM RANH,12.25,109.2,1.28,25.13,26.84,23.71,21.18,25.84,78.77,15.72,100.46,11.39,21.4,12.61,35.47,0.76,0.76,99.24
2015-12-17,CAM RANH,12.25,109.2,3.05,23.81,25.03,23.11,19.98,24.72,79.16,14.56,100.64,11.76,14.4,13.7,34.88,0.77,0.76,84.69
2015-12-18,CAM RANH,12.25,109.2,6.24,24.48,25.76,23.8,20.86,25.12,80.44,15.39,100.61,10.07,16.9,12.6,35.7,0.77,0.75,95.35
2015-12-19,CAM RANH,12.25,109.2,32.48,24.53,25.47,24.02,22.37,25.03,87.76,16.9,100.53,10.45,19.0,7.02,36.14,0.88,0.78,99.35
2015-12-20,CAM RANH,12.25,109.2,34.11,24.92,25.18,24.7,23.7,25.0,92.84,18.36,100.33,7.68,27.9,3.24,36.07,0.91,0.83,99.55
2015-12-21,CAM RANH,12.25,109.2,13.49,25.59,26.58,25.04,24.17,25.59,91.85,18.89,100.38,5.96,43.0,4.52,36.74,0.88,0.85,96.95
2015-12-22,CAM RANH,12.25,109.2,6.77,25.47,27.0,24.23,23.44,25.64,88.72,18.05,100.52,4.48,28.0,15.78,36.32,0.85,0.85,77.97
2015-12-23,CAM RANH,12.25,109.2,3.15,25.53,26.66,24.71,24.15,25.83,92.1,18.87,100.43,4.02,31.3,17.16,35.7,0.84,0.85,54.4
2015-12-24,CAM RANH,12.25,109.2,3.11,25.04,26.48,23.98,22.48,25.66,85.75,17.02,100.5,4.46,47.4,18.9,34.84,0.83,0.84,66.12
2015-12-25,CAM RANH,12.25,109.2,7.01,25.37,26.57,24.53,22.73,25.67,85.29,17.27,100.52,6.89,32.9,14.36,35.65,0.84,0.84,68.99
2015-12-26,CAM RANH,12.25,109.2,2.9,25.37,26.6,24.6,22.64,25.48,84.92,17.17,100.59,6.14,34.8,16.18,35.26,0.84,0.84,83.07
2015-12-27,CAM RANH,12.25,109.2,0.23,25.2,26.72,24.11,21.64,25.24,80.66,16.11,100.81,6.6,33.1,18.22,34.63,0.82,0.84,44.1
2015-12-28,CAM RANH,12.25,109.2,0.45,24.98,26.14,24.04,21.25,25.12,79.78,15.72,100.91,7.07,32.7,17.67,34.32,0.82,0.83,35.13
2015-12-29,CAM RANH,12.25,109.2,0.23,25.15,26.46,24.05,21.18,25.12,78.78,15.68,100.74,6.28,33.7,18.64,33.86,0.81,0.82,21.32
2015-12-30,CAM RANH,12.25,109.2,0.54,24.97,26.2,24.14,22.04,25.24,83.87,16.53,100.7,7.84,29.7,17.65,35.26,0.81,0.81,45.18
2015-12-31,CAM RANH,12.25,109.2,0.84,24.6,25.9,23.67,21.52,24.95,83.07,16.0,100.77,9.55,24.8,10.09,36.01,0.8,0.81,72.54
2016-01-01,CAM RANH,12.25,109.2,1.46,24.55,25.77,23.82,22.16,25.0,86.68,16.65,100.75,8.99,15.6,14.48,36.26,0.8,0.8,75.37
2016-01-02,CAM RANH,12.25,109.2,2.15,24.87,26.49,23.66,23.26,25.29,90.78,17.84,100.61,6.48,12.4,8.0,36.68,0.8,0.8,65.76
2016-01-03,CAM RANH,12.25,109.2,0.73,25.06,26.73,23.96,23.35,25.38,90.26,17.93,100.57,4.31,27.9,10.93,36.72,0.79,0.79,66.17
2016-01-04,CAM RANH,12.25,109.2,0.2,25.2,26.49,24.2,23.0,25.79,87.65,17.55,100.56,2.96,61.1,19.36,35.1,0.79,0.79,15.46
2016-01-05,CAM RANH,12.25,109.2,0.07,25.44,26.98,24.46,22.16,25.97,82.14,16.68,100.5,2.66,57.0,18.56,34.53,0.78,0.78,14.04
2016-01-06,CAM RANH,12.25,109.2,1.0,25.43,26.91,24.35,22.8,25.96,85.48,17.34,100.58,4.49,42.3,18.92,35.05,0.77,0.77,21.87
2016-01-07,CAM RANH,12.25,109.2,2.31,25.29,26.44,24.49,22.49,25.72,84.49,17.01,100.63,5.36,52.4,16.08,35.4,0.78,0.77,59.96
2016-01-08,CAM RANH,12.25,109.2,2.13,25.24,26.48,24.36,21.93,25.55,81.86,16.44,100.56,5.72,54.9,15.4,34.9,0.78,0.77,38.8
2016-01-09,CAM RANH,12.25,109.2,0.62,25.32,26.5,24.33,21.31,25.54,78.49,15.83,100.51,4.6,70.3,10.42,36.0,0.77,0.76,62.9
2016-01-10,CAM RANH,12.25,109.2,0.07,25.21,26.69,24.08,21.23,25.56,78.68,15.76,100.4,2.25,96.4,18.1,34.35,0.76,0.75,55.13
2016-01-11,CAM RANH,12.25,109.2,0.02,25.44,27.0,24.37,21.8,25.8,80.43,16.34,100.39,2.03,83.4,19.16,35.03,0.75,0.75,17.75
2016-01-12,CAM RANH,12.25,109.2,0.23,25.35,26.81,24.22,21.96,25.69,81.65,16.5,100.39,3.82,41.2,16.78,35.11,0.74,0.74,47.47
2016-01-13,CAM RANH,12.25,109.2,0.48,25.47,27.06,24.55,22.48,25.85,83.68,17.04,100.36,4.42,47.5,19.19,35.0,0.73,0.74,26.93
2016-01-14,CAM RANH,12.25,109.2,0.61,25.61,26.98,24.62,22.87,26.0,84.87,17.46,100.3,3.93,59.2,14.29,36.39,0.73,0.73,56.08
2016-01-15,CAM RANH,12.25,109.2,0.03,25.73,27.27,24.41,22.71,26.19,83.47,17.33,100.11,2.12,88.5,15.17,36.35,0.72,0.72,72.36
2016-01-16,CAM RANH,12.25,109.2,0.16,25.88,27.42,24.74,22.78,26.55,83.1,17.41,100.07,1.93,127.7,17.58,35.81,0.71,0.72,56.4
2016-01-17,CAM RANH,12.25,109.2,0.38,26.07,27.59,25.05,23.48,26.65,85.67,18.17,100.02,3.24,151.8,18.31,36.04,0.71,0.71,51.67
2016-01-18,CAM RANH,12.25,109.2,1.56,26.21,27.54,25.12,23.5,26.72,85.09,18.18,100.15,3.43,67.9,14.84,37.1,0.71,0.71,72.26
2016-01-19,CAM RANH,12.25,109.2,1.58,26.3,27.82,25.1,23.15,26.72,82.95,17.75,100.33,3.53,70.2,14.03,36.48,0.71,0.71,36.02
2016-01-20,CAM RANH,12.25,109.2,2.73,26.14,27.39,25.14,22.96,26.81,82.67,17.55,100.45,3.28,69.5,19.37,35.49,0.71,0.7,20.24
2016-01-21,CAM RANH,12.25,109.2,0.15,26.07,27.85,24.71,23.15,26.89,84.11,17.75,100.38,3.18,57.4,20.63,34.27,0.69,0.7,8.64
2016-01-22,CAM RANH,12.25,109.2,0.34,26.06,27.6,24.94,23.48,27.02,85.9,18.1,100.48,3.34,52.8,21.11,35.07,0.68,0.69,10.14
2016-01-23,CAM RANH,12.25,109.2,3.18,25.34,27.82,23.18,22.35,26.42,83.59,16.91,100.71,9.08,22.8,17.67,36.23,0.69,0.69,59.47
2016-01-24,CAM RANH,12.25,109.2,3.64,22.64,24.69,21.45,19.27,24.63,81.39,13.91,101.05,13.55,14.4,7.0,35.33,0.7,0.69,96.5
2016-01-25,CAM RANH,12.25,109.2,1.67,22.5,22.97,22.07,18.93,24.19,80.35,13.6,100.98,11.79,22.5,9.96,35.34,0.69,0.69,93.11
2016-01-26,CAM RANH,12.25,109.2,0.57,23.78,24.65,23.34,20.98,24.96,84.51,15.51,100.71,9.31,17.0,6.09,35.81,0.68,0.68,86.06
2016-01-27,CAM RANH,12.25,109.2,1.07,24.38,25.92,23.47,22.46,25.3,89.2,17.01,100.55,7.19,9.7,9.77,36.53,0.68,0.68,72.79
2016-01-28,CAM RANH,12.25,109.2,0.42,25.42,26.92,24.41,23.4,26.04,88.7,18.02,100.36,3.08,52.0,12.69,36.64,0.66,0.68,52.29
2016-01-29,CAM RANH,12.25,109.2,0.11,25.31,26.96,24.0,23.34,25.91,88.93,17.95,100.41,3.25,45.5,18.29,35.64,0.65,0.67,30.05
2016-01-30,CAM RANH,12.25,109.2,0.18,25.33,26.78,24.19,23.02,25.78,87.12,17.61,100.4,4.1,46.3,14.78,35.98,0.64,0.67,48.52
2016-01-31,CAM RANH,12.25,109.2,0.18,25.33,26.8,24.02,22.78,25.87,85.9,17.35,100.38,4.45,38.9,18.08,35.35,0.63,0.66,31.42
2016-02-01,CAM RANH,12.25,109.2,0.46,25.15,27.1,23.29,22.63,25.81,86.11,17.19,100.43,7.5,18.1,18.17,36.2,0.62,0.65,63.82
2016-02-02,CAM RANH,12.25,109.2,1.2,24.23,26.54,23.03,21.54,25.09,85.1,16.09,100.5,10.16,11.7,11.97,35.87,0.63,0.65,88.51
2016-02-03,CAM RANH,12.25,109.2,0.42,24.2,25.44,23.44,20.98,24.63,82.3,15.51,100.53,9.12,20.7,12.65,35.86,0.62,0.65,86.52
2016-02-04,CAM RANH,12.25,109.2,0.26,24.28,25.9,23.38,21.1,24.83,82.54,15.63,100.48,8.44,15.2,16.78,35.96,0.61,0.64,71.3
2016-02-05,CAM RANH,12.25,109.2,0.23,23.7,25.22,22.62,19.83,24.25,78.96,14.45,100.5,10.49,19.0,13.25,35.72,0.6,0.64,98.92
2016-02-06,CAM RANH,12.25,109.2,0.17,22.39,24.33,20.77,17.78,23.62,75.26,12.69,100.74,12.46,13.0,9.97,34.9,0.6,0.64,89.07
2016-02-07,CAM RANH,12.25,109.2,0.14,21.65,23.01,20.64,16.51,23.0,72.67,11.69,100.83,11.34,10.7,13.84,33.88,0.59,0.63,68.84
2016-02-08,CAM RANH,12.25,109.2,0.37,22.32,23.84,21.42,18.76,23.35,80.57,13.51,100.58,8.6,6.7,17.14,33.78,0.59,0.63,76.16
2016-02-09,CAM RANH,12.25,109.2,0.21,23.2,24.82,22.27,19.95,24.04,82.15,14.57,100.46,6.78,13.1,15.56,34.43,0.58,0.62,95.28
2016-02-10,CAM RANH,12.25,109.2,0.15,23.94,25.68,22.91,21.53,24.56,86.58,16.07,100.37,3.58,23.6,19.44,34.44,0.58,0.62,85.72
2016-02-11,CAM RANH,12.25,109.2,0.13,24.56,26.25,23.36,22.7,25.04,89.59,17.28,100.32,2.37,84.5,14.95,34.4,0.57,0.62,92.76
2016-02-12,CAM RANH,12.25,109.2,0.01,24.98,26.76,23.76,22.13,25.59,84.35,16.7,100.28,2.2,132.9,21.6,33.95,0.56,0.61,72.74
2016-02-13,CAM RANH,12.25,109.2,0.0,25.31,27.39,23.47,22.55,25.83,85.02,17.13,100.33,2.26,149.4,19.43,34.62,0.56,0.61,78.0
2016-02-14,CAM RANH,12.25,109.2,0.01,25.2,27.51,23.5,22.64,26.0,86.25,17.24,100.44,2.32,151.7,22.19,33.48,0.55,0.6,6.96
2016-02-15,CAM RANH,12.25,109.2,0.27,24.76,26.69,23.0,21.81,25.74,83.96,16.32,100.66,5.61,29.6,21.96,35.08,0.55,0.6,42.35
2016-02-16,CAM RANH,12.25,109.2,0.94,24.39,26.21,23.16,20.79,25.01,80.43,15.29,100.77,8.12,38.1,12.56,35.96,0.55,0.59,70.74
2016-02-17,CAM RANH,12.25,109.2,0.18,24.22,25.75,22.98,19.65,24.99,75.76,14.24,100.76,7.03,31.4,19.95,34.15,0.54,0.59,34.11
2016-02-18,CAM RANH,12.25,109.2,0.27,24.29,25.91,23.05,19.56,25.1,74.95,14.17,100.67,5.8,37.8,21.35,33.22,0.53,0.59,21.23
2016-02-19,CAM RANH,12.25,109.2,0.03,24.14,25.98,22.57,19.06,24.88,73.56,13.74,100.69,4.88,38.2,22.54,32.83,0.53,0.58,16.32
2016-02-20,CAM RANH,12.25,109.2,0.12,24.32,25.99,23.09,20.55,25.12,79.73,15.07,100.73,7.31,29.8,19.99,34.51,0.52,0.58,44.43
2016-02-21,CAM RANH,12.25,109.2,0.07,24.52,26.01,23.54,20.72,25.43,79.45,15.23,100.7,4.92,51.5,9.33,35.42,0.52,0.57,55.46
2016-02-22,CAM RANH,12.25,109.2,0.01,24.76,26.73,23.33,20.62,25.91,77.98,15.15,100.68,4.0,45.1,22.08,33.66,0.51,0.57,20.95
2016-02-23,CAM RANH,12.25,109.2,0.25,24.79,26.37,23.83,21.25,26.0,80.89,15.76,100.66,6.21,36.2,22.5,35.0,0.51,0.57,34.1
2016-02-24,CAM RANH,12.25,109.2,0.84,24.9,26.64,23.74,21.54,25.71,81.85,16.02,100.76,10.09,27.8,16.5,36.1,0.51,0.56,75.52
2016-02-25,CAM RANH,12.25,109.2,4.35,24.81,26.12,24.12,22.07,25.48,84.81,16.54,100.83,10.05,30.2,11.51,35.69,0.55,0.56,82.65
2016-02-26,CAM RANH,12.25,109.2,5.87,24.37,26.15,23.04,21.57,25.32,84.55,16.05,100.79,10.43,18.5,11.53,35.98,0.57,0.57,84.64
2016-02-27,CAM RANH,12.25,109.2,4.56,23.84,25.19,23.06,20.99,24.81,84.18,15.48,100.81,10.16,18.0,8.14,36.1,0.58,0.58,88.62
2016-02-28,CAM RANH,12.25,109.2,1.31,23.82,25.66,22.47,20.16,24.99,80.07,14.7,100.88,9.27,19.2,15.57,35.66,0.54,0.58,85.24
2016-02-29,CAM RANH,12.25,109.2,0.94,22.9,25.01,21.43,18.72,24.56,77.77,13.45,100.87,9.83,8.4,15.72,34.82,0.53,0.57,80.59
2016-03-01,CAM RANH,12.25,109.2,1.44,23.77,25.6,22.68,20.55,24.92,82.51,15.1,100.67,8.04,13.4,19.23,34.79,0.53,0.57,52.43
2016-03-02,CAM RANH,12.25,109.2,0.46,24.33,25.99,23.07,20.68,25.23,80.15,15.2,100.68,7.59,26.3,13.51,35.75,0.52,0.57,80.71
2016-03-03,CAM RANH,12.25,109.2,0.32,24.37,26.08,23.19,20.67,25.44,80.06,15.2,100.62,6.01,25.0,21.24,33.77,0.51,0.56,24.1
2016-03-04,CAM RANH,12.25,109.2,0.1,24.86,26.62,23.77,20.93,25.97,78.93,15.48,100.44,4.4,41.9,21.62,33.93,0.5,0.56,19.01
2016-03-05,CAM RANH,12.25,109.2,0.01,25.12,27.13,23.51,20.52,26.13,75.88,15.1,100.38,4.11,45.6,23.91,33.4,0.49,0.55,12.98
2016-03-06,CAM RANH,12.25,109.2,0.02,24.63,26.72,23.08,20.43,26.01,77.76,15.02,100.38,4.16,40.4,23.53,33.79,0.49,0.55,28.33
2016-03-07,CAM RANH,12.25,109.2,0.01,24.37,26.5,22.63,20.15,25.86,77.7,14.78,100.26,2.51,77.1,23.61,33.01,0.49,0.55,10.54
2016-03-08,CAM RANH,12.25,109.2,0.02,24.61,26.51,23.39,20.88,26.0,80.1,15.49,100.14,3.48,142.2,24.8,32.74,0.49,0.54,5.45
2016-03-09,CAM RANH,12.25,109.2,0.03,25.28,27.44,23.73,22.01,26.31,82.47,16.6,100.14,4.15,153.3,22.88,33.98,0.48,0.54,8.96
2016-03-10,CAM RANH,12.25,109.2,0.35,25.56,27.44,24.19,22.66,26.65,84.31,17.24,100.35,4.23,114.5,21.3,36.19,0.48,0.54,48.5
2016-03-11,CAM RANH,12.25,109.2,0.69,24.69,26.31,23.25,22.29,25.86,86.72,16.83,100.47,6.04,19.5,14.12,36.89,0.49,0.53,66.91
2016-03-12,CAM RANH,12.25,109.2,0.05,25.04,26.97,23.73,22.48,26.18,85.9,17.05,100.32,3.18,53.3,21.57,35.35,0.48,0.53,34.75
2016-03-13,CAM RANH,12.25,109.2,0.02,24.93,26.98,23.21,21.68,26.15,82.65,16.25,100.34,2.32,139.4,22.58,34.81,0.47,0.53,15.45
2016-03-14,CAM RANH,12.25,109.2,0.11,24.97,26.93,23.52,21.93,26.2,83.57,16.49,100.38,4.12,36.7,12.03,37.55,0.47,0.52,76.15
2016-03-15,CAM RANH,12.25,109.2,0.01,24.8,26.89,23.0,21.82,25.91,83.68,16.38,100.27,2.12,70.4,20.84,35.14,0.46,0.52,18.49
2016-03-16,CAM RANH,12.25,109.2,0.0,24.8,27.08,23.08,21.72,26.15,83.53,16.32,100.2,2.71,148.9,22.63,34.65,0.46,0.52,8.12
2016-03-17,CAM RANH,12.25,109.2,0.0,25.01,27.18,22.98,22.23,26.0,85.03,16.83,100.19,3.09,157.5,23.66,34.22,0.46,0.51,6.44
2016-03-18,CAM RANH,12.25,109.2,0.01,24.89,27.18,22.95,21.61,26.03,82.46,16.22,100.14,4.57,167.3,25.46,32.95,0.45,0.51,5.8
2016-03-19,CAM RANH,12.25,109.2,0.01,25.32,27.68,23.74,22.3,26.38,84.23,16.96,100.15,4.14,153.9,26.07,33.77,0.45,0.51,15.46
2016-03-20,CAM RANH,12.25,109.2,0.0,25.02,27.45,23.26,22.07,26.1,84.21,16.68,100.15,3.81,153.7,25.44,33.43,0.45,0.5,12.05
2016-03-21,CAM RANH,12.25,109.2,0.0,25.52,27.77,23.84,21.94,26.55,81.01,16.55,100.05,4.15,146.8,24.18,33.64,0.45,0.5,9.1
2016-03-22,CAM RANH,12.25,109.2,0.02,25.72,27.66,24.25,22.0,26.8,80.26,16.61,100.03,4.23,155.7,24.98,33.53,0.45,0.5,7.19
2016-03-23,CAM RANH,12.25,109.2,0.0,25.71,28.02,23.74,21.53,26.78,78.12,16.11,100.18,5.18,162.0,24.21,34.26,0.45,0.49,27.09
2016-03-24,CAM RANH,12.25,109.2,0.05,25.71,27.78,24.16,21.97,26.8,80.14,16.51,100.43,4.07,111.2,22.15,35.55,0.44,0.49,53.38
2016-03-25,CAM RANH,12.25,109.2,0.61,24.77,27.38,23.02,21.19,26.12,80.83,15.7,100.74,8.71,10.8,21.04,36.27,0.45,0.49,60.09
2016-03-26,CAM RANH,12.25,109.2,0.64,24.48,26.37,23.07,21.21,25.58,82.2,15.7,100.75,8.14,17.8,12.85,36.97,0.46,0.49,90.19
2016-03-27,CAM RANH,12.25,109.2,0.66,24.09,25.88,23.0,20.04,25.19,78.2,14.59,100.82,8.86,20.4,11.85,36.5,0.46,0.49,86.83
2016-03-28,CAM RANH,12.25,109.2,0.17,24.66,26.26,23.47,19.5,25.75,73.07,14.11,100.76,6.74,30.3,16.75,36.03,0.45,0.48,78.39
2016-03-29,CAM RANH,12.25,109.2,0.02,25.05,26.77,23.82,19.39,26.14,70.99,14.02,100.68,5.15,35.2,20.04,34.12,0.43,0.48,29.23
2016-03-30,CAM RANH,12.25,109.2,0.02,25.71,27.62,24.42,21.45,27.06,77.78,16.0,100.53,3.01,67.1,24.44,33.83,0.42,0.48,16.38
2016-03-31,CAM RANH,12.25,109.2,0.02,25.95,27.97,24.25,21.98,27.12,79.1,16.54,100.35,2.44,67.8,24.02,34.68,0.4,0.47,25.23
2016-04-01,CAM RANH,12.25,109.2,0.49,26.06,28.07,24.94,22.07,27.51,79.03,16.65,100.24,2.93,97.8,25.63,34.15,0.38,0.47,14.44
2016-04-02,CAM RANH,12.25,109.2,0.15,26.07,28.16,24.48,22.91,27.43,83.24,17.53,100.32,2.45,117.4,24.76,34.31,0.38,0.47,36.87
2016-04-03,CAM RANH,12.25,109.2,0.12,26.27,28.49,24.46,22.79,27.72,81.77,17.42,100.27,3.14,152.2,24.43,33.97,0.35,0.47,45.33
2016-04-04,CAM RANH,12.25,109.2,0.05,26.61,28.76,25.2,22.89,27.96,80.74,17.57,100.16,4.23,150.0,24.46,34.5,0.33,0.47,44.19
2016-04-05,CAM RANH,12.25,109.2,0.02,26.47,28.54,25.06,22.74,27.55,80.25,17.36,100.17,4.16,149.9,22.39,35.5,0.32,0.47,77.42
2016-04-06,CAM RANH,12.25,109.2,0.02,26.49,28.56,25.06,22.43,27.78,78.72,17.02,100.18,4.32,153.0,17.86,35.51,0.3,0.47,60.63
2016-04-07,CAM RANH,12.25,109.2,0.02,26.87,28.88,25.68,23.05,28.19,80.08,17.7,100.18,4.36,150.8,24.18,34.94,0.29,0.46,16.52
2016-04-08,CAM RANH,12.25,109.2,0.02,27.0,29.25,25.53,22.34,28.58,76.17,16.96,100.18,3.33,135.0,24.65,34.65,0.28,0.46,7.78
2016-04-09,CAM RANH,12.25,109.2,0.02,27.07,29.11,25.74,22.37,28.72,75.94,16.99,100.13,4.2,148.9,25.91,34.5,0.26,0.46,8.13
2016-04-10,CAM RANH,12.25,109.2,0.0,27.78,30.34,26.21,23.42,28.94,77.75,18.15,99.95,5.68,163.0,23.99,36.22,0.25,0.46,10.99
2016-04-11,CAM RANH,12.25,109.2,0.0,27.85,30.51,25.99,23.91,28.84,79.89,18.73,99.81,5.47,161.6,22.98,37.01,0.24,0.46,25.81
2016-04-12,CAM RANH,12.25,109.2,0.0,27.43,29.56,26.16,24.2,28.22,82.87,19.04,99.79,6.11,170.6,19.76,36.93,0.24,0.46,68.69
2016-04-13,CAM RANH,12.25,109.2,0.02,27.54,30.05,25.91,24.24,28.16,82.81,19.13,99.7,6.0,172.8,21.99,36.34,0.23,0.46,12.65
2016-04-14,CAM RANH,12.25,109.2,0.0,27.94,30.88,25.99,24.25,28.71,81.47,19.18,99.82,5.65,168.3,24.55,36.66,0.23,0.46,14.26
2016-04-15,CAM RANH,12.25,109.2,0.02,27.86,30.38,26.22,24.57,28.87,83.05,19.49,99.94,5.45,163.8,24.54,36.52,0.22,0.46,17.56
2016-04-16,CAM RANH,12.25,109.2,0.16,27.39,29.67,25.35,24.36,28.38,84.11,19.21,99.96,4.78,163.2,23.97,36.22,0.22,0.46,66.31
2016-04-17,CAM RANH,12.25,109.2,3.03,27.95,30.53,26.38,23.83,29.17,79.89,18.75,100.01,3.34,158.1,24.35,35.99,0.24,0.46,64.04
2016-04-18,CAM RANH,12.25,109.2,1.01,27.9,30.12,26.36,24.87,29.03,84.43,19.82,100.16,2.88,117.4,25.35,36.62,0.34,0.47,58.75
2016-04-19,CAM RANH,12.25,109.2,0.6,27.53,29.17,26.25,23.55,28.92,79.2,18.23,100.3,3.64,63.7,23.16,36.42,0.34,0.47,26.53
2016-04-20,CAM RANH,12.25,109.2,0.61,27.88,29.93,26.57,24.28,29.32,81.3,19.07,100.22,3.56,73.4,23.58,36.62,0.33,0.47,27.94
2016-04-21,CAM RANH,12.25,109.2,0.05,28.07,30.05,26.92,23.51,29.63,76.6,18.21,100.11,3.62,135.2,25.9,35.58,0.31,0.46,15.02
2016-04-22,CAM RANH,12.25,109.2,0.08,28.56,30.98,26.88,24.19,29.82,77.8,19.03,99.97,4.77,159.9,26.29,36.05,0.29,0.46,16.87
2016-04-23,CAM RANH,12.25,109.2,0.06,28.43,30.63,26.54,24.04,29.54,77.76,18.9,99.89,5.5,164.1,23.76,35.92,0.27,0.46,26.71
2016-04-24,CAM RANH,12.25,109.2,0.02,28.51,30.92,26.86,23.72,29.67,76.0,18.54,99.86,5.76,163.6,24.29,36.21,0.26,0.46,25.52
2016-04-25,CAM RANH,12.25,109.2,0.01,28.47,30.77,26.94,24.07,29.77,77.61,18.89,99.98,4.7,154.3,24.47,36.38,0.25,0.46,20.43
2016-04-26,CAM RANH,12.25,109.2,0.22,28.6,30.76,27.13,24.53,29.99,79.16,19.43,99.94,4.69,156.0,24.93,36.56,0.25,0.46,18.03
2016-04-27,CAM RANH,12.25,109.2,0.78,29.07,31.32,27.59,24.95,30.13,79.11,19.97,99.78,5.02,159.5,22.95,37.98,0.25,0.46,56.09
2016-04-28,CAM RANH,12.25,109.2,1.04,28.69,30.43,27.42,25.06,29.23,80.98,20.04,99.94,3.91,151.8,23.0,37.44,0.29,0.46,66.61
2016-04-29,CAM RANH,12.25,109.2,0.43,28.39,30.12,27.08,23.67,29.66,75.81,18.4,100.08,2.82,126.9,22.88,36.75,0.3,0.46,66.03
2016-04-30,CAM RANH,12.25,109.2,0.28,28.87,30.52,27.83,23.34,30.39,72.51,18.08,100.0,3.36,133.0,23.38,37.16,0.29,0.46,66.32
2016-05-01,CAM RANH,12.25,109.2,0.74,29.02,30.89,27.48,24.67,30.24,77.73,19.58,99.97,4.68,167.2,23.85,36.97,0.29,0.46,28.79
2016-05-02,CAM RANH,12.25,109.2,0.66,29.28,31.67,27.55,24.37,30.61,75.74,19.27,99.99,4.96,162.1,24.9,36.88,0.29,0.46,17.11
2016-05-03,CAM RANH,12.25,109.2,1.71,29.2,31.21,27.81,24.83,30.37,77.82,19.79,100.0,3.81,147.5,24.4,36.93,0.32,0.46,36.34
2016-05-04,CAM RANH,12.25,109.2,5.45,29.47,31.45,28.09,24.95,30.98,77.12,19.93,99.97,3.01,125.8,23.88,37.11,0.38,0.47,41.73
2016-05-05,CAM RANH,12.25,109.2,5.0,29.07,30.53,27.97,25.27,30.09,80.17,20.29,99.96,2.61,128.5,24.83,36.57,0.51,0.48,53.83
2016-05-06,CAM RANH,12.25,109.2,0.11,29.41,31.39,27.78,24.56,30.54,75.39,19.45,99.91,3.22,137.7,25.31,36.73,0.44,0.48,59.7
2016-05-07,CAM RANH,12.25,109.2,0.31,30.02,31.77,28.91,25.1,31.3,75.31,20.12,99.93,3.49,133.5,24.32,37.25,0.4,0.47,29.75
2016-05-08,CAM RANH,12.25,109.2,0.17,29.95,31.75,28.53,24.55,31.1,73.17,19.43,99.99,3.9,148.8,25.18,37.13,0.37,0.47,26.61
2016-05-09,CAM RANH,12.25,109.2,0.25,30.1,31.61,28.95,25.29,31.18,75.77,20.34,99.94,4.13,162.7,25.19,37.36,0.36,0.47,29.54
2016-05-10,CAM RANH,12.25,109.2,0.14,30.22,32.05,28.81,24.67,31.24,72.47,19.6,99.82,5.17,165.3,24.74,37.55,0.34,0.47,19.86
2016-05-11,CAM RANH,12.25,109.2,0.45,29.91,31.87,28.33,24.99,31.12,75.2,20.0,99.71,5.13,163.0,23.93,37.75,0.32,0.47,61.26
2016-05-12,CAM RANH,12.25,109.2,0.11,30.13,32.15,28.48,24.09,31.14,70.55,18.97,99.75,4.94,164.1,22.83,37.19,0.3,0.46,69.25
2016-05-13,CAM RANH,12.25,109.2,0.17,30.13,32.65,28.52,23.62,31.39,69.21,18.44,99.95,3.33,121.0,22.64,37.61,0.28,0.46,78.02
2016-05-14,CAM RANH,12.25,109.2,0.2,29.6,31.81,27.86,24.64,31.36,75.0,19.51,100.06,3.66,57.6,23.73,37.46,0.27,0.46,45.01
2016-05-15,CAM RANH,12.25,109.2,0.33,29.35,31.53,27.97,24.34,31.34,75.18,19.25,99.96,4.93,35.2,24.48,36.6,0.26,0.46,80.93
2016-05-16,CAM RANH,12.25,109.2,2.08,29.3,31.39,27.82,24.31,30.96,75.0,19.18,99.93,5.55,30.8,23.59,37.16,0.29,0.46,43.46
2016-05-17,CAM RANH,12.25,109.2,4.75,28.91,30.42,28.02,24.88,30.44,79.05,19.81,99.94,3.62,57.8,23.12,37.29,0.42,0.47,61.16
2016-05-18,CAM RANH,12.25,109.2,3.63,28.8,30.11,27.87,24.65,29.97,78.41,19.54,99.92,2.39,132.8,20.73,37.8,0.49,0.47,94.81
2016-05-19,CAM RANH,12.25,109.2,6.44,29.18,30.9,27.67,24.86,30.44,78.04,19.83,99.79,3.92,165.8,18.55,38.6,0.5,0.48,95.63
2016-05-20,CAM RANH,12.25,109.2,9.47,28.94,30.45,27.73,25.43,29.44,81.7,20.55,99.69,4.68,181.6,20.45,38.12,0.58,0.49,98.13
2016-05-21,CAM RANH,12.25,109.2,17.11,29.28,30.57,28.14,26.26,29.52,84.01,21.57,99.79,3.51,171.0,18.71,38.37,0.61,0.51,99.07
2016-05-22,CAM RANH,12.25,109.2,4.72,28.56,29.23,28.0,25.92,29.06,85.63,21.12,99.82,1.93,142.2,15.14,38.27,0.59,0.53,98.51
2016-05-23,CAM RANH,12.25,109.2,12.15,28.63,29.85,27.73,24.91,29.6,80.41,19.87,99.8,3.17,156.1,21.75,38.03,0.59,0.54,93.43
2016-05-24,CAM RANH,12.25,109.2,9.23,28.66,29.43,27.61,25.75,29.33,84.26,20.95,99.6,4.22,187.1,19.46,37.91,0.62,0.56,93.99
2016-05-25,CAM RANH,12.25,109.2,15.12,28.62,29.45,27.99,25.71,29.25,84.4,20.9,99.65,3.59,187.3,17.12,37.63,0.65,0.58,98.53
2016-05-26,CAM RANH,12.25,109.2,25.72,28.57,29.53,27.72,25.56,29.14,83.86,20.69,99.71,3.73,175.2,14.3,38.07,0.72,0.61,99.71
2016-05-27,CAM RANH,12.25,109.2,16.05,28.61,29.87,27.6,25.68,29.06,84.27,20.81,99.85,4.69,188.0,17.14,38.04,0.71,0.64,99.69
2016-05-28,CAM RANH,12.25,109.2,25.45,28.97,30.75,27.88,25.68,29.4,82.68,20.82,99.8,4.39,184.9,18.41,38.15,0.76,0.67,95.64
2016-05-29,CAM RANH,12.25,109.2,5.91,28.13,28.8,27.54,25.44,28.59,85.34,20.51,99.78,3.39,179.9,23.76,37.75,0.72,0.69,50.67
2016-05-30,CAM RANH,12.25,109.2,7.48,28.54,30.03,27.33,25.34,28.88,82.93,20.37,99.88,4.81,186.1,25.26,37.11,0.72,0.69,36.31
2016-05-31,CAM RANH,12.25,109.2,3.27,28.36,29.87,27.35,25.53,28.8,84.81,20.59,100.0,5.42,176.9,24.69,36.94,0.69,0.69,64.17
2016-06-01,CAM RANH,12.25,109.2,2.76,28.45,30.07,27.2,25.47,28.71,84.07,20.53,99.92,3.69,184.2,25.09,37.61,0.69,0.68,46.18
2016-06-02,CAM RANH,12.25,109.2,4.42,28.47,29.99,27.32,25.52,28.55,84.25,20.63,99.82,3.23,193.0,24.41,37.83,0.69,0.68,35.45
2016-06-03,CAM RANH,12.25,109.2,3.33,28.45,30.34,26.75,25.4,28.46,83.88,20.47,99.85,3.0,193.2,23.99,37.43,0.7,0.69,70.92
2016-06-04,CAM RANH,12.25,109.2,2.34,28.66,30.87,27.19,25.43,28.8,83.21,20.52,99.86,3.12,183.6,25.35,38.18,0.68,0.68,44.73
2016-06-05,CAM RANH,12.25,109.2,0.86,28.66,30.49,27.56,25.67,28.66,84.14,20.81,99.87,2.74,194.9,24.26,37.92,0.68,0.68,35.96
2016-06-06,CAM RANH,12.25,109.2,1.02,28.51,29.82,27.33,25.68,28.57,84.83,20.81,99.89,2.72,186.5,24.02,37.7,0.67,0.68,55.52
2016-06-07,CAM RANH,12.25,109.2,0.88,28.63,30.24,27.22,25.37,28.73,82.88,20.43,99.87,2.28,194.5,24.7,37.54,0.66,0.67,74.44
2016-06-08,CAM RANH,12.25,109.2,1.48,28.48,30.05,27.27,25.57,28.57,84.43,20.69,99.79,2.75,191.2,21.44,37.92,0.66,0.67,96.47
2016-06-09,CAM RANH,12.25,109.2,0.15,28.34,30.35,26.99,24.32,28.11,79.2,19.22,99.75,3.42,218.1,20.85,38.13,0.65,0.67,85.8
2016-06-10,CAM RANH,12.25,109.2,1.42,28.97,31.24,27.66,25.53,28.97,82.12,20.66,99.76,3.46,195.3,24.86,37.67,0.64,0.66,70.14
2016-06-11,CAM RANH,12.25,109.2,3.59,28.86,31.15,27.39,25.58,28.62,82.9,20.71,99.8,2.84,198.5,23.93,38.53,0.66,0.66,75.87
2016-06-12,CAM RANH,12.25,109.2,2.0,28.44,30.54,27.09,25.4,28.49,83.85,20.46,99.82,4.23,194.9,24.29,37.77,0.65,0.66,67.11
2016-06-13,CAM RANH,12.25,109.2,2.32,28.61,31.29,26.95,25.21,28.59,82.45,20.26,99.73,3.72,197.0,23.51,37.92,0.65,0.66,85.8
2016-06-14,CAM RANH,12.25,109.2,1.23,28.44,30.68,27.01,25.08,28.25,82.41,20.11,99.68,3.08,209.3,25.25,37.87,0.64,0.66,57.61
2016-06-15,CAM RANH,12.25,109.2,2.3,28.45,30.29,27.02,25.2,28.75,82.94,20.27,99.68,3.21,186.4,24.84,37.76,0.64,0.66,63.43
2016-06-16,CAM RANH,12.25,109.2,5.46,28.21,29.75,27.1,25.26,28.55,84.3,20.33,99.71,2.8,170.7,24.08,37.5,0.66,0.66,18.72
2016-06-17,CAM RANH,12.25,109.2,5.14,27.82,28.85,26.86,25.22,28.15,85.91,20.23,99.88,2.88,157.0,24.8,37.01,0.68,0.66,17.55
2016-06-18,CAM RANH,12.25,109.2,2.73,28.11,29.91,26.88,24.87,28.67,82.79,19.8,99.97,2.47,138.4,24.52,37.02,0.65,0.66,52.69
2016-06-19,CAM RANH,12.25,109.2,6.17,27.67,28.87,26.49,23.45,27.91,78.07,18.19,99.92,1.35,60.2,14.31,37.06,0.69,0.67,97.65
2016-06-20,CAM RANH,12.25,109.2,7.0,27.24,29.41,26.01,23.31,28.4,79.58,18.05,99.8,2.84,161.3,14.2,37.03,0.69,0.67,99.13
2016-06-21,CAM RANH,12.25,109.2,9.0,27.51,28.8,26.8,24.25,28.39,82.55,19.1,99.78,3.93,156.4,18.61,37.54,0.7,0.67,98.94
2016-06-22,CAM RANH,12.25,109.2,36.43,27.41,28.17,26.76,24.74,27.94,85.34,19.68,99.74,3.68,179.5,17.21,37.58,0.81,0.7,98.43
2016-06-23,CAM RANH,12.25,109.2,52.16,27.4,28.62,26.59,24.41,28.19,83.88,19.28,99.75,4.04,176.1,18.26,37.76,0.91,0.77,96.52
2016-06-24,CAM RANH,12.25,109.2,14.87,27.86,29.54,26.59,24.52,28.27,82.2,19.42,99.76,2.72,195.4,20.01,37.88,0.85,0.81,96.5
2016-06-25,CAM RANH,12.25,109.2,15.57,27.47,28.74,26.62,24.45,27.89,83.79,19.33,99.82,3.11,191.2,12.97,38.26,0.85,0.81,99.57
2016-06-26,CAM RANH,12.25,109.2,48.95,26.98,28.14,26.17,24.71,27.57,87.36,19.65,99.66,2.55,192.2,9.35,38.05,0.95,0.86,99.24
2016-06-27,CAM RANH,12.25,109.2,13.28,27.71,29.8,26.17,24.33,27.98,82.07,19.25,99.57,2.86,207.1,13.6,37.57,0.89,0.88,99.31
2016-06-28,CAM RANH,12.25,109.2,15.81,27.19,28.53,26.15,24.32,27.71,84.44,19.2,99.7,5.35,185.6,14.56,37.48,0.9,0.89,99.3
2016-06-29,CAM RANH,12.25,109.2,3.65,27.7,29.25,26.48,24.59,28.1,83.49,19.49,99.91,4.71,175.7,19.8,37.72,0.86,0.88,92.98
2016-06-30,CAM RANH,12.25,109.2,0.68,27.26,28.02,26.27,24.72,27.34,86.14,19.63,99.93,4.19,184.9,23.74,37.66,0.86,0.88,77.82
2016-07-01,CAM RANH,12.25,109.2,0.73,28.23,29.62,27.12,25.3,28.39,84.27,20.34,99.83,4.06,182.3,21.54,37.89,0.85,0.87,73.28
2016-07-02,CAM RANH,12.25,109.2,1.28,27.98,29.12,26.67,25.29,27.78,85.36,20.31,99.95,1.8,197.2,21.57,37.92,0.85,0.87,85.29
2016-07-03,CAM RANH,12.25,109.2,1.35,26.98,27.58,26.38,24.7,27.03,87.37,19.61,99.94,2.72,195.5,20.65,37.52,0.85,0.86,94.04
2016-07-04,CAM RANH,12.25,109.2,2.33,27.75,29.8,26.24,25.02,27.38,85.3,20.03,99.74,2.26,213.1,23.1,37.69,0.85,0.86,82.04
2016-07-05,CAM RANH,12.25,109.2,6.75,27.4,29.06,26.22,24.02,27.16,82.11,18.87,99.71,2.62,225.5,19.49,37.49,0.86,0.86,98.25
2016-07-06,CAM RANH,12.25,109.2,2.75,27.87,29.92,26.33,23.79,27.77,78.7,18.6,99.7,1.73,229.1,14.99,37.76,0.84,0.86,95.17
2016-07-07,CAM RANH,12.25,109.2,4.95,27.69,29.48,26.53,24.8,28.0,84.54,19.77,99.7,2.39,172.7,24.38,37.67,0.85,0.86,72.58
2016-07-08,CAM RANH,12.25,109.2,3.43,27.78,29.59,26.55,24.99,27.83,84.95,20.02,99.59,2.1,206.9,22.42,38.02,0.85,0.86,78.13
2016-07-09,CAM RANH,12.25,109.2,15.92,28.16,30.07,26.84,24.99,27.92,83.11,20.04,99.53,2.91,215.6,18.02,37.78,0.88,0.87,95.53
2016-07-10,CAM RANH,12.25,109.2,17.69,27.59,29.0,26.35,24.86,27.55,85.24,19.88,99.52,2.79,201.7,21.82,37.75,0.89,0.88,92.78
2016-07-11,CAM RANH,12.25,109.2,5.79,27.61,28.65,26.47,25.02,27.62,85.89,20.05,99.63,3.3,201.6,18.74,37.76,0.87,0.89,95.99
2016-07-12,CAM RANH,12.25,109.2,4.36,28.12,29.74,26.98,25.07,28.04,83.68,20.1,99.66,2.3,201.3,21.35,37.86,0.87,0.89,86.44
2016-07-13,CAM RANH,12.25,109.2,6.54,28.14,30.16,26.58,25.57,28.13,86.19,20.73,99.61,3.36,195.0,25.1,38.0,0.87,0.89,37.92
2016-07-14,CAM RANH,12.25,109.2,5.6,27.86,29.43,26.7,25.53,28.12,87.34,20.65,99.73,3.31,179.6,24.78,38.04,0.87,0.89,37.76
2016-07-15,CAM RANH,12.25,109.2,0.8,27.99,29.6,27.07,25.56,28.11,86.75,20.66,99.81,3.37,183.2,25.34,37.11,0.86,0.88,12.97
2016-07-16,CAM RANH,12.25,109.2,1.05,27.99,29.4,26.97,25.63,28.11,87.11,20.73,99.93,3.21,177.2,25.47,37.45,0.85,0.88,16.14
2016-07-17,CAM RANH,12.25,109.2,0.94,27.76,28.79,27.07,25.75,27.6,88.84,20.89,99.86,3.52,181.2,25.16,37.67,0.85,0.87,43.25
2016-07-18,CAM RANH,12.25,109.2,0.85,27.5,28.53,26.59,25.45,27.28,88.6,20.53,99.77,4.82,178.6,23.88,37.12,0.85,0.87,52.22
2016-07-19,CAM RANH,12.25,109.2,1.88,27.64,28.97,26.53,25.39,27.58,87.61,20.45,99.79,4.65,172.2,25.25,37.09,0.85,0.86,53.73
2016-07-20,CAM RANH,12.25,109.2,0.97,27.61,28.87,26.6,24.95,27.57,85.55,19.91,99.9,4.01,167.8,24.57,36.84,0.84,0.86,51.83
2016-07-21,CAM RANH,12.25,109.2,3.14,27.68,29.2,26.4,24.33,28.01,82.17,19.14,100.03,3.43,161.0,25.07,37.27,0.84,0.85,66.65
2016-07-22,CAM RANH,12.25,109.2,1.24,27.46,28.57,26.8,23.47,27.98,79.0,18.17,100.0,1.92,141.5,18.26,37.38,0.84,0.85,92.82
2016-07-23,CAM RANH,12.25,109.2,1.64,28.28,29.51,27.44,24.52,28.65,80.17,19.4,99.89,2.88,186.1,23.4,37.59,0.83,0.84,44.15
2016-07-24,CAM RANH,12.25,109.2,2.92,28.66,30.24,27.65,24.9,28.92,80.27,19.86,99.83,2.91,186.5,25.65,37.43,0.83,0.84,65.01
2016-07-25,CAM RANH,12.25,109.2,9.38,28.28,29.59,27.17,24.84,28.42,81.69,19.79,99.79,1.95,300.1,22.55,37.62,0.86,0.85,86.34
2016-07-26,CAM RANH,12.25,109.2,6.59,27.84,29.93,26.5,23.59,28.14,78.31,18.38,99.75,4.14,199.2,20.54,37.04,0.85,0.85,93.96
2016-07-27,CAM RANH,12.25,109.2,10.58,27.19,28.11,26.66,24.38,28.1,84.78,19.27,99.73,3.47,140.3,18.17,36.73,0.86,0.85,99.32
2016-07-28,CAM RANH,12.25,109.2,5.78,27.71,28.77,26.83,24.46,28.06,82.54,19.33,99.82,3.92,191.0,17.11,37.34,0.86,0.86,86.72
2016-07-29,CAM RANH,12.25,109.2,4.35,28.43,30.05,27.06,24.34,28.66,78.75,19.21,99.84,2.32,193.5,24.4,37.97,0.85,0.86,57.43
2016-07-30,CAM RANH,12.25,109.2,3.4,28.56,30.57,27.29,24.32,28.73,78.23,19.21,99.71,2.43,165.8,25.33,37.97,0.84,0.86,53.38
2016-07-31,CAM RANH,12.25,109.2,4.11,28.51,30.63,26.92,25.31,28.75,83.01,20.41,99.56,3.03,149.9,25.3,37.38,0.84,0.85,71.6
2016-08-01,CAM RANH,12.25,109.2,3.96,28.52,30.47,27.4,24.91,28.68,81.12,19.97,99.38,3.0,205.3,22.07,37.35,0.84,0.85,94.97
2016-08-02,CAM RANH,12.25,109.2,8.62,28.18,30.2,26.67,24.79,28.22,82.07,19.82,99.32,4.17,205.4,22.52,37.32,0.85,0.85,98.06
2016-08-03,CAM RANH,12.25,109.2,3.97,27.95,29.26,26.89,24.56,28.35,81.96,19.53,99.47,3.75,196.6,20.42,37.4,0.85,0.86,98.78
2016-08-04,CAM RANH,12.25,109.2,5.44,28.59,30.66,27.26,24.97,28.9,80.93,19.98,99.65,2.47,216.4,22.43,38.02,0.85,0.85,90.69
2016-08-05,CAM RANH,12.25,109.2,4.16,28.49,29.88,27.28,24.37,28.74,78.56,19.25,99.74,2.32,197.6,19.31,38.75,0.85,0.85,70.77
2016-08-06,CAM RANH,12.25,109.2,9.23,28.44,29.84,27.17,24.48,28.83,79.4,19.41,99.65,2.85,202.1,22.81,37.67,0.86,0.85,79.93
2016-08-07,CAM RANH,12.25,109.2,6.94,28.62,30.43,27.02,24.76,28.73,79.87,19.75,99.64,2.58,209.7,19.98,37.69,0.86,0.86,93.31
2016-08-08,CAM RANH,12.25,109.2,3.5,29.01,31.09,27.27,25.08,29.1,79.63,20.13,99.65,2.43,207.5,21.46,37.91,0.84,0.86,89.3
2016-08-09,CAM RANH,12.25,109.2,7.02,29.12,31.54,27.54,24.89,28.87,78.35,19.93,99.51,2.5,234.7,23.33,37.96,0.85,0.86,84.11
2016-08-10,CAM RANH,12.25,109.2,31.64,28.59,30.28,27.19,25.28,28.54,82.45,20.4,99.49,1.98,207.1,20.61,37.79,0.91,0.88,94.22
2016-08-11,CAM RANH,12.25,109.2,17.06,28.46,30.24,27.12,25.11,28.68,82.28,20.2,99.54,2.97,212.9,21.65,37.96,0.91,0.91,86.96
2016-08-12,CAM RANH,12.25,109.2,7.19,28.72,30.61,27.46,25.11,28.83,81.21,20.21,99.5,3.08,205.6,20.71,37.93,0.89,0.91,94.93
2016-08-13,CAM RANH,12.25,109.2,2.98,28.82,30.62,27.89,25.02,28.78,80.14,20.12,99.38,4.54,210.0,18.87,37.8,0.88,0.9,97.5
2016-08-14,CAM RANH,12.25,109.2,7.17,29.13,30.99,27.65,25.57,29.23,81.38,20.81,99.29,4.47,204.7,20.54,38.16,0.88,0.9,89.56
2016-08-15,CAM RANH,12.25,109.2,4.52,29.0,31.09,27.35,25.21,28.95,80.18,20.37,99.3,4.0,209.8,22.94,37.89,0.88,0.9,79.41
2016-08-16,CAM RANH,12.25,109.2,4.31,28.68,30.61,27.45,25.27,28.75,82.0,20.42,99.37,4.47,207.0,21.72,37.76,0.87,0.9,87.29
2016-08-17,CAM RANH,12.25,109.2,2.75,29.0,31.05,27.89,25.12,28.81,79.87,20.25,99.29,4.94,211.1,18.54,38.09,0.87,0.89,94.78
2016-08-18,CAM RANH,12.25,109.2,2.37,29.19,31.69,27.57,25.26,28.8,79.69,20.45,99.13,5.23,211.9,21.3,37.93,0.86,0.89,97.83
2016-08-19,CAM RANH,12.25,109.2,1.58,28.65,30.43,27.23,25.41,28.68,82.78,20.6,99.37,4.82,197.1,19.17,37.56,0.85,0.88,81.12
2016-08-20,CAM RANH,12.25,109.2,2.49,29.0,30.87,27.44,25.25,29.27,80.53,20.37,99.52,2.85,211.1,23.73,38.5,0.85,0.88,73.01
2016-08-21,CAM RANH,12.25,109.2,12.53,29.28,31.67,27.65,25.48,29.01,80.35,20.65,99.43,1.82,275.9,22.56,38.27,0.87,0.88,88.11
2016-08-22,CAM RANH,12.25,109.2,6.81,27.91,30.03,26.92,25.0,28.54,84.34,20.04,99.5,3.35,195.3,20.48,37.9,0.88,0.89,93.91
2016-08-23,CAM RANH,12.25,109.2,5.54,28.04,29.02,27.39,24.22,28.7,79.78,19.13,99.43,1.87,193.5,15.23,38.27,0.87,0.89,99.34
2016-08-24,CAM RANH,12.25,109.2,14.87,28.31,29.97,27.43,24.74,28.87,81.27,19.76,99.41,1.94,178.2,19.21,38.42,0.9,0.9,91.98
2016-08-25,CAM RANH,12.25,109.2,6.64,28.58,30.01,27.22,25.42,28.91,83.29,20.56,99.56,3.36,188.6,24.1,38.28,0.88,0.9,62.6
2016-08-26,CAM RANH,12.25,109.2,9.89,28.58,30.11,27.48,25.39,28.84,82.94,20.48,99.72,2.49,192.7,21.63,38.19,0.89,0.9,94.98
2016-08-27,CAM RANH,12.25,109.2,9.23,28.6,29.77,27.47,25.61,28.9,83.92,20.73,99.8,3.44,189.1,23.52,38.15,0.9,0.91,73.65
2016-08-28,CAM RANH,12.25,109.2,12.21,28.39,30.0,27.42,25.2,28.9,83.12,20.23,99.78,3.28,181.2,21.08,37.74,0.91,0.92,86.89
2016-08-29,CAM RANH,12.25,109.2,8.42,28.66,29.81,27.75,25.53,28.97,83.22,20.64,99.78,3.54,198.2,24.25,37.63,0.9,0.92,68.17
2016-08-30,CAM RANH,12.25,109.2,12.94,28.26,29.13,27.47,25.2,28.74,83.59,20.21,99.92,2.66,176.0,21.25,38.02,0.91,0.92,90.89
2016-08-31,CAM RANH,12.25,109.2,5.77,29.11,30.29,28.22,24.38,29.16,75.73,19.23,99.92,1.78,209.1,23.46,37.49,0.9,0.93,84.4
2016-09-01,CAM RANH,12.25,109.2,3.6,29.09,30.35,28.01,24.85,29.08,78.17,19.83,99.75,2.51,203.0,24.61,37.83,0.9,0.92,58.64
2016-09-02,CAM RANH,12.25,109.2,3.26,29.51,31.14,28.15,25.37,29.64,78.57,20.5,99.57,3.05,222.3,24.05,38.08,0.89,0.92,70.33
2016-09-03,CAM RANH,12.25,109.2,1.01,29.32,31.23,27.49,24.88,29.13,77.42,19.89,99.68,2.35,237.4,22.63,38.03,0.88,0.92,89.75
2016-09-04,CAM RANH,12.25,109.2,10.1,29.26,31.22,27.79,25.59,29.04,80.97,20.76,99.67,2.51,214.2,21.68,37.83,0.9,0.91,96.62
2016-09-05,CAM RANH,12.25,109.2,10.57,27.9,28.57,27.41,25.11,28.38,84.83,20.12,99.77,2.69,202.4,19.96,38.02,0.91,0.92,96.68
2016-09-06,CAM RANH,12.25,109.2,3.58,28.71,30.11,27.7,25.35,28.83,82.3,20.43,99.76,3.8,186.2,22.13,37.48,0.9,0.92,82.28
2016-09-07,CAM RANH,12.25,109.2,3.96,28.47,29.87,27.26,24.99,28.82,81.66,19.98,99.86,4.56,199.7,21.9,37.63,0.9,0.92,89.91
2016-09-08,CAM RANH,12.25,109.2,6.87,28.87,30.62,27.76,24.55,29.11,77.88,19.46,99.91,2.55,190.3,22.2,37.83,0.9,0.92,87.86
2016-09-09,CAM RANH,12.25,109.2,9.69,28.06,29.62,27.24,24.65,28.59,82.04,19.56,99.88,2.54,193.9,23.43,37.52,0.9,0.92,81.0
2016-09-10,CAM RANH,12.25,109.2,22.0,28.23,29.6,26.56,24.57,28.78,80.71,19.49,99.7,2.47,198.7,21.2,37.52,0.93,0.93,86.83
2016-09-11,CAM RANH,12.25,109.2,25.81,27.27,27.73,26.67,24.28,28.37,83.72,19.17,99.59,1.76,329.3,6.44,37.92,0.94,0.95,99.36
2016-09-12,CAM RANH,12.25,109.2,39.43,27.52,28.71,26.48,24.22,28.0,82.25,19.15,99.48,5.5,225.1,5.9,36.92,0.96,0.97,97.18
2016-09-13,CAM RANH,12.25,109.2,2.86,28.04,30.51,26.43,23.88,28.6,78.48,18.71,99.69,5.15,198.8,22.25,37.16,0.92,0.96,72.91
2016-09-14,CAM RANH,12.25,109.2,5.17,28.62,30.75,27.0,24.53,28.98,78.91,19.48,99.72,2.0,221.3,21.94,37.54,0.92,0.95,90.32
2016-09-15,CAM RANH,12.25,109.2,5.84,27.93,29.02,27.26,24.47,28.33,81.53,19.38,99.69,1.88,216.1,20.41,37.8,0.92,0.95,92.34
2016-09-16,CAM RANH,12.25,109.2,11.02,28.26,29.8,27.2,24.55,28.5,80.41,19.47,99.62,1.89,105.4,14.9,37.83,0.93,0.95,97.92
2016-09-17,CAM RANH,12.25,109.2,8.48,27.76,28.86,27.09,24.65,28.56,83.15,19.57,99.72,2.11,84.1,22.41,37.13,0.92,0.95,76.33
2016-09-18,CAM RANH,12.25,109.2,10.4,28.16,29.79,27.19,24.92,29.19,82.75,19.9,99.71,2.58,104.1,21.83,37.51,0.93,0.95,87.46
2016-09-19,CAM RANH,12.25,109.2,16.15,27.81,28.51,27.28,23.98,28.78,79.69,18.8,99.75,1.78,94.4,22.03,37.24,0.94,0.96,69.78
2016-09-20,CAM RANH,12.25,109.2,7.03,28.13,29.02,27.29,24.54,28.92,80.88,19.43,99.82,3.06,68.4,19.53,37.12,0.93,0.96,90.26
2016-09-21,CAM RANH,12.25,109.2,13.99,27.61,28.87,26.61,24.73,28.7,84.41,19.63,99.91,3.6,55.2,20.41,36.83,0.93,0.96,93.89
2016-09-22,CAM RANH,12.25,109.2,13.49,27.36,27.72,27.09,25.06,28.47,87.25,20.05,99.81,4.4,86.8,15.63,37.08,0.94,0.96,98.47
2016-09-23,CAM RANH,12.25,109.2,5.69,27.53,28.46,26.81,24.51,28.05,83.62,19.42,99.73,4.24,162.9,18.93,36.7,0.93,0.96,98.53
2016-09-24,CAM RANH,12.25,109.2,10.34,28.01,28.93,27.36,24.6,28.81,81.8,19.53,99.69,2.33,125.3,20.35,37.2,0.93,0.96,92.2
2016-09-25,CAM RANH,12.25,109.2,8.36,27.74,28.73,26.91,24.96,28.57,84.79,19.94,99.76,2.64,62.3,21.01,37.05,0.93,0.96,85.03
2016-09-26,CAM RANH,12.25,109.2,9.74,28.01,28.78,27.5,24.99,28.71,83.74,19.99,99.75,2.66,12.5,20.86,37.16,0.93,0.96,81.69
2016-09-27,CAM RANH,12.25,109.2,6.0,27.59,28.46,26.65,24.22,28.32,81.89,19.08,99.73,2.39,168.6,19.05,36.99,0.93,0.96,94.78
2016-09-28,CAM RANH,12.25,109.2,1.0,28.15,29.94,26.89,24.2,28.71,79.32,19.07,99.62,3.96,187.9,21.46,37.42,0.92,0.95,90.47
2016-09-29,CAM RANH,12.25,109.2,4.39,28.55,30.26,27.58,24.31,29.22,78.13,19.22,99.6,2.02,175.1,20.85,37.14,0.91,0.95,90.17
2016-09-30,CAM RANH,12.25,109.2,7.54,27.16,27.93,26.34,25.05,28.2,88.27,20.08,99.65,3.01,58.8,15.7,37.59,0.92,0.95,96.11
2016-10-01,CAM RANH,12.25,109.2,3.97,27.04,27.85,26.62,24.53,27.86,86.15,19.42,99.81,4.91,353.1,10.7,37.44,0.92,0.95,98.29
2016-10-02,CAM RANH,12.25,109.2,1.56,27.96,28.92,27.09,23.01,28.13,74.58,17.71,99.78,1.61,353.8,16.15,37.68,0.91,0.95,88.62
2016-10-03,CAM RANH,12.25,109.2,4.9,27.85,29.39,26.8,23.95,28.36,79.58,18.77,99.73,1.73,187.5,14.11,37.35,0.91,0.94,95.44
2016-10-04,CAM RANH,12.25,109.2,5.43,28.1,29.5,27.14,24.44,28.61,80.8,19.34,99.72,2.25,171.2,20.13,37.65,0.91,0.94,91.52
2016-10-05,CAM RANH,12.25,109.2,19.88,27.61,28.67,26.74,24.72,28.37,84.26,19.66,99.72,1.92,84.3,17.76,37.22,0.93,0.95,92.95
2016-10-06,CAM RANH,12.25,109.2,25.1,27.06,28.26,26.27,23.7,28.2,81.83,18.46,99.82,2.33,79.0,12.71,36.89,0.95,0.97,99.0
2016-10-07,CAM RANH,12.25,109.2,9.62,27.09,28.48,26.32,23.94,27.93,83.0,18.72,99.87,2.26,122.4,16.71,37.01,0.93,0.96,98.9
2016-10-08,CAM RANH,12.25,109.2,11.83,26.86,27.51,26.3,24.75,27.79,88.21,19.67,99.82,3.51,67.3,17.72,37.08,0.94,0.96,91.27
2016-10-09,CAM RANH,12.25,109.2,7.68,26.89,27.5,26.51,24.7,27.69,87.75,19.62,99.79,4.9,26.0,18.96,37.18,0.94,0.97,77.45
2016-10-10,CAM RANH,12.25,109.2,3.83,27.49,28.1,27.05,24.47,27.97,83.53,19.35,99.77,3.83,18.7,19.0,37.18,0.93,0.96,80.46
2016-10-11,CAM RANH,12.25,109.2,5.29,27.5,28.54,26.63,25.11,27.94,86.89,20.13,99.71,3.95,26.8,9.27,37.37,0.93,0.96,98.06
2016-10-12,CAM RANH,12.25,109.2,22.0,27.48,28.46,26.81,25.36,27.8,88.19,20.45,99.66,5.13,28.9,6.22,37.55,0.95,0.97,99.1
2016-10-13,CAM RANH,12.25,109.2,7.15,27.39,28.91,26.41,24.66,27.93,85.14,19.6,99.63,2.58,158.3,16.58,36.78,0.94,0.97,96.09
2016-10-14,CAM RANH,12.25,109.2,3.75,27.22,28.02,26.57,25.24,27.79,88.89,20.28,99.71,3.65,147.7,21.61,37.01,0.93,0.96,72.72
2016-10-15,CAM RANH,12.25,109.2,14.63,26.94,28.24,25.98,24.28,27.71,85.42,19.14,99.79,1.87,87.2,15.74,37.23,0.94,0.97,95.63
2016-10-16,CAM RANH,12.25,109.2,9.67,27.16,28.07,26.51,24.86,27.79,87.27,19.83,99.7,4.15,19.8,10.86,37.0,0.94,0.97,98.71
2016-10-17,CAM RANH,12.25,109.2,6.67,26.98,28.06,25.99,24.25,27.28,84.99,19.13,99.58,3.75,236.1,17.7,36.45,0.93,0.97,98.95
2016-10-18,CAM RANH,12.25,109.2,10.8,26.87,28.44,26.02,24.36,27.15,86.38,19.3,99.55,3.56,195.4,16.66,37.11,0.94,0.96,96.84
2016-10-19,CAM RANH,12.25,109.2,22.77,27.17,28.69,26.14,24.09,27.57,83.45,18.95,99.6,1.31,336.6,19.92,37.53,0.95,0.97,77.16
2016-10-20,CAM RANH,12.25,109.2,7.03,27.26,28.69,26.57,24.69,27.6,85.98,19.66,99.57,2.53,155.9,20.02,37.35,0.94,0.97,87.47
2016-10-21,CAM RANH,12.25,109.2,2.38,27.68,29.58,26.04,24.68,27.57,83.91,19.63,99.69,1.51,250.2,19.36,36.79,0.93,0.97,98.98
2016-10-22,CAM RANH,12.25,109.2,6.35,27.21,29.2,26.11,24.37,27.54,84.58,19.24,99.78,1.45,128.6,17.66,37.16,0.93,0.96,99.45
2016-10-23,CAM RANH,12.25,109.2,3.85,26.71,27.78,26.02,22.88,27.75,79.58,17.56,99.83,2.18,41.1,11.9,36.91,0.93,0.96,91.85
2016-10-24,CAM RANH,12.25,109.2,4.12,26.65,27.14,26.13,23.68,27.6,83.77,18.44,99.84,2.03,89.6,17.56,36.88,0.93,0.96,94.65
2016-10-25,CAM RANH,12.25,109.2,20.8,26.74,27.44,26.36,24.65,27.5,88.24,19.52,100.0,3.29,107.4,9.24,36.77,0.95,0.97,93.54
2016-10-26,CAM RANH,12.25,109.2,9.28,27.23,27.67,26.82,24.97,27.69,87.4,19.86,100.2,3.66,54.9,19.03,36.57,0.94,0.97,46.45
2016-10-27,CAM RANH,12.25,109.2,13.28,27.03,28.06,26.36,24.79,27.61,87.62,19.64,100.25,4.44,23.9,16.92,36.88,0.95,0.97,83.86
2016-10-28,CAM RANH,12.25,109.2,14.31,26.63,27.58,25.94,24.58,26.97,88.46,19.41,100.17,5.03,25.7,9.34,36.8,0.95,0.98,97.41
2016-10-29,CAM RANH,12.25,109.2,15.04,26.27,27.38,25.0,23.98,27.02,87.18,18.71,100.22,3.81,36.6,15.51,36.82,0.95,0.97,97.61
2016-10-30,CAM RANH,12.25,109.2,5.79,26.5,28.46,25.76,23.25,27.05,82.46,17.89,100.24,3.37,44.4,4.71,36.69,0.95,0.98,99.55
2016-10-31,CAM RANH,12.25,109.2,7.4,26.63,27.59,25.82,24.23,26.96,86.78,19.0,100.21,4.67,14.0,11.42,36.55,0.94,0.97,99.21
2016-11-01,CAM RANH,12.25,109.2,15.46,26.82,27.46,26.47,25.22,26.73,90.91,20.19,100.09,4.85,40.6,17.38,36.35,0.95,0.97,90.66
2016-11-02,CAM RANH,12.25,109.2,100.67,26.65,27.33,26.23,25.47,26.5,93.13,20.48,100.1,8.1,32.5,15.64,36.77,1.0,0.99,98.27
2016-11-03,CAM RANH,12.25,109.2,78.34,26.37,26.89,26.06,25.06,26.38,92.38,19.99,100.07,8.12,34.6,12.5,36.8,1.0,0.99,98.45
2016-11-04,CAM RANH,12.25,109.2,45.72,26.55,27.15,26.18,24.8,26.66,90.08,19.71,99.91,7.73,36.2,5.84,37.26,1.0,0.99,97.42
2016-11-05,CAM RANH,12.25,109.2,24.27,26.51,27.38,25.89,24.76,26.83,90.07,19.67,99.85,4.23,78.2,11.06,37.57,0.98,1.0,89.36
2016-11-06,CAM RANH,12.25,109.2,12.42,26.56,27.42,25.81,24.69,26.65,89.42,19.56,100.06,3.78,132.8,13.87,37.16,0.98,1.0,98.26
2016-11-07,CAM RANH,12.25,109.2,0.64,27.15,28.19,26.51,24.66,27.65,86.25,19.49,100.17,2.34,121.0,14.46,37.17,0.96,0.99,69.85
2016-11-08,CAM RANH,12.25,109.2,1.52,27.06,27.84,26.35,24.85,27.29,87.69,19.71,100.27,3.48,66.7,18.47,36.64,0.96,0.99,51.57
2016-11-09,CAM RANH,12.25,109.2,0.82,27.05,28.23,26.04,23.15,27.11,79.24,17.78,100.32,6.4,37.2,18.01,35.97,0.95,0.98,49.96
2016-11-10,CAM RANH,12.25,109.2,0.87,26.85,28.07,25.99,23.35,27.05,81.33,17.99,100.32,6.85,27.8,18.51,36.2,0.94,0.98,44.69
2016-11-11,CAM RANH,12.25,109.2,2.8,26.81,27.82,26.08,23.91,27.19,84.09,18.6,100.3,5.24,49.3,16.52,36.56,0.94,0.97,47.37
2016-11-12,CAM RANH,12.25,109.2,2.87,26.93,28.09,26.12,24.16,27.15,84.79,18.89,100.31,5.46,49.6,16.68,36.3,0.93,0.97,35.01
2016-11-13,CAM RANH,12.25,109.2,0.75,26.7,27.8,25.82,24.01,27.05,85.2,18.73,100.27,5.44,35.5,19.54,35.89,0.92,0.96,17.42
2016-11-14,CAM RANH,12.25,109.2,0.95,26.77,27.87,25.75,24.03,27.1,84.88,18.76,100.19,6.16,25.3,18.68,36.07,0.92,0.96,28.73
2016-11-15,CAM RANH,12.25,109.2,0.7,26.65,27.91,25.88,23.53,26.84,83.09,18.2,100.19,7.31,15.4,19.39,36.03,0.91,0.95,37.35
2016-11-16,CAM RANH,12.25,109.2,7.29,26.54,27.48,26.03,24.61,26.8,89.2,19.46,100.12,6.81,9.9,9.84,37.32,0.92,0.95,95.51
2016-11-17,CAM RANH,12.25,109.2,6.79,26.57,27.18,26.22,24.8,26.8,89.93,19.69,99.97,4.62,36.8,12.75,36.39,0.92,0.95,44.12
2016-11-18,CAM RANH,12.25,109.2,5.68,26.95,28.09,26.14,24.47,27.3,86.35,19.33,99.9,3.79,44.5,16.6,36.58,0.92,0.95,64.21
2016-11-19,CAM RANH,12.25,109.2,10.52,26.51,27.2,25.96,24.6,26.66,89.2,19.48,99.92,4.63,46.2,11.36,36.92,0.93,0.95,98.2
2016-11-20,CAM RANH,12.25,109.2,24.39,26.0,26.87,25.51,24.31,26.45,90.34,19.15,99.9,3.42,47.0,6.89,36.84,0.95,0.97,99.59
2016-11-21,CAM RANH,12.25,109.2,2.71,26.48,27.16,26.05,24.34,27.11,87.96,19.17,99.87,2.27,86.3,13.94,37.05,0.93,0.97,69.62
2016-11-22,CAM RANH,12.25,109.2,1.56,26.86,27.45,26.26,24.58,27.18,87.29,19.45,99.96,2.53,92.3,18.2,36.39,0.92,0.96,51.3
2016-11-23,CAM RANH,12.25,109.2,0.58,26.95,28.13,25.89,23.71,27.31,82.39,18.43,100.06,4.01,44.1,18.12,35.7,0.92,0.96,24.1
2016-11-24,CAM RANH,12.25,109.2,1.54,26.73,27.76,26.08,24.09,26.98,85.47,18.87,100.0,5.01,23.9,17.93,35.79,0.92,0.95,63.97
2016-11-25,CAM RANH,12.25,109.2,0.34,26.39,27.9,25.25,23.5,26.88,84.19,18.21,99.98,5.32,15.2,19.98,35.12,0.91,0.95,21.27
2016-11-26,CAM RANH,12.25,109.2,1.09,26.35,27.85,24.81,23.71,27.06,85.5,18.44,100.04,7.14,4.5,19.23,35.62,0.91,0.94,51.57
2016-11-27,CAM RANH,12.25,109.2,3.47,25.38,26.69,24.54,22.65,26.31,84.88,17.25,100.22,8.68,6.1,13.99,35.97,0.91,0.94,65.01
2016-11-28,CAM RANH,12.25,109.2,11.25,26.1,27.01,25.41,23.82,26.51,87.27,18.52,100.26,9.13,11.3,10.66,36.79,0.92,0.94,79.72
2016-11-29,CAM RANH,12.25,109.2,11.39,26.58,27.4,25.92,24.49,26.81,88.36,19.29,100.25,8.3,23.3,9.37,37.08,0.92,0.94,93.08
2016-11-30,CAM RANH,12.25,109.2,23.31,26.72,27.86,26.08,24.81,26.84,89.3,19.64,100.33,7.29,30.1,12.86,36.67,0.94,0.95,97.18
2016-12-01,CAM RANH,12.25,109.2,37.1,26.32,26.98,25.86,24.75,26.28,90.97,19.56,100.36,8.23,34.1,5.88,36.51,0.97,0.98,85.1
2016-12-02,CAM RANH,12.25,109.2,17.15,26.43,27.13,25.87,24.71,26.32,90.22,19.52,100.33,6.64,34.2,10.5,36.35,0.95,0.98,82.92
2016-12-03,CAM RANH,12.25,109.2,12.46,26.43,27.49,25.7,24.58,26.54,89.6,19.38,100.32,5.95,34.9,14.16,36.46,0.95,0.98,91.55
2016-12-04,CAM RANH,12.25,109.2,27.64,26.05,26.82,25.45,24.58,26.06,91.58,19.4,100.24,6.05,27.1,6.99,36.71,0.96,0.99,99.17
2016-12-05,CAM RANH,12.25,109.2,15.51,25.85,26.48,25.46,24.26,25.88,90.88,19.01,100.28,6.42,32.9,10.88,36.51,0.96,0.99,98.25
2016-12-06,CAM RANH,12.25,109.2,11.87,25.76,26.48,25.32,23.74,25.85,88.6,18.43,100.24,7.64,29.9,3.82,36.24,0.96,0.99,99.77
2016-12-07,CAM RANH,12.25,109.2,14.45,25.79,26.63,25.43,24.19,25.94,90.79,18.97,100.08,7.32,30.0,2.91,36.46,0.96,0.99,98.18
2016-12-08,CAM RANH,12.25,109.2,10.71,25.34,26.3,24.4,23.07,25.52,87.2,17.73,100.02,8.93,16.4,9.96,36.04,0.96,0.99,99.43
2016-12-09,CAM RANH,12.25,109.2,6.76,24.74,25.93,23.86,22.45,25.39,87.1,17.08,100.0,8.71,2.1,9.63,35.76,0.95,0.99,99.18
2016-12-10,CAM RANH,12.25,109.2,10.65,24.91,26.07,24.12,22.97,25.47,89.02,17.64,99.94,8.85,352.9,10.0,36.53,0.95,0.99,98.23
2016-12-11,CAM RANH,12.25,109.2,22.23,25.72,26.19,24.96,24.73,25.65,94.18,19.66,99.78,6.34,26.4,2.99,36.56,0.97,1.0,99.86
2016-12-12,CAM RANH,12.25,109.2,86.59,25.9,26.23,25.61,25.06,25.74,95.04,20.05,99.8,5.84,36.1,4.76,36.45,0.99,1.0,99.8
2016-12-13,CAM RANH,12.25,109.2,33.98,25.93,26.41,25.56,25.06,25.83,94.87,20.03,99.85,4.44,76.8,2.34,36.66,0.99,1.0,99.79
2016-12-14,CAM RANH,12.25,109.2,40.61,25.79,26.39,25.29,24.58,25.88,92.95,19.43,100.01,4.46,52.2,9.36,36.41,0.99,1.0,97.98
2016-12-15,CAM RANH,12.25,109.2,89.27,25.63,25.94,25.37,24.36,25.7,92.58,19.13,100.22,6.5,52.5,10.19,36.45,1.0,1.0,98.73
2016-12-16,CAM RANH,12.25,109.2,79.1,24.89,25.7,24.39,23.02,25.09,89.28,17.62,100.39,10.64,32.8,1.82,35.96,1.0,1.0,99.15
2016-12-17,CAM RANH,12.25,109.2,16.07,24.95,25.55,24.55,23.01,25.19,88.96,17.6,100.37,9.62,22.5,6.62,35.98,0.98,1.0,99.81
2016-12-18,CAM RANH,12.25,109.2,29.39,25.26,25.87,24.98,23.89,25.33,92.08,18.59,100.29,7.3,30.5,3.73,36.27,0.99,1.0,99.83
2016-12-19,CAM RANH,12.25,109.2,19.19,25.4,26.23,24.91,24.04,25.42,92.17,18.78,100.19,6.39,27.8,2.81,36.08,0.98,1.0,99.77
2016-12-20,CAM RANH,12.25,109.2,6.23,25.46,26.43,24.71,23.56,25.42,89.19,18.24,100.16,6.03,25.0,10.45,36.28,0.97,1.0,98.84
2016-12-21,CAM RANH,12.25,109.2,2.86,25.31,26.69,24.44,23.42,25.45,89.27,18.07,100.24,5.91,24.4,10.36,35.95,0.96,0.99,71.09
2016-12-22,CAM RANH,12.25,109.2,2.12,25.29,26.36,24.59,23.25,25.4,88.48,17.89,100.19,7.24,18.3,15.13,35.77,0.96,0.99,61.21
2016-12-23,CAM RANH,12.25,109.2,2.26,25.3,26.4,24.37,23.63,25.39,90.51,18.32,100.16,7.18,19.3,14.82,35.6,0.95,0.99,91.43
2016-12-24,CAM RANH,12.25,109.2,1.72,25.05,26.15,24.11,23.39,25.37,90.5,18.06,100.18,5.64,23.5,14.82,35.68,0.94,0.98,99.52
2016-12-25,CAM RANH,12.25,109.2,1.15,24.84,26.24,23.94,22.64,25.12,87.62,17.23,100.23,5.95,19.0,13.22,35.21,0.94,0.98,95.36
2016-12-26,CAM RANH,12.25,109.2,1.08,24.93,26.17,24.19,22.21,25.08,84.82,16.78,100.23,8.07,11.3,15.23,34.87,0.93,0.97,92.47
2016-12-27,CAM RANH,12.25,109.2,1.28,24.36,26.01,23.13,20.69,24.58,79.98,15.27,100.26,11.09,13.8,13.79,34.29,0.93,0.97,99.69
2016-12-28,CAM RANH,12.25,109.2,6.72,23.45,24.6,22.43,20.89,24.26,85.67,15.48,100.32,11.88,357.6,6.7,35.42,0.93,0.96,99.62
2016-12-29,CAM RANH,12.25,109.2,22.03,23.95,24.69,23.42,21.9,24.46,88.28,16.45,100.4,11.33,14.4,6.0,35.84,0.95,0.97,99.62
2016-12-30,CAM RANH,12.25,109.2,15.35,24.72,25.2,24.36,23.28,24.89,91.65,17.9,100.33,8.43,21.2,6.66,36.35,0.95,0.98,97.08
2016-12-31,CAM RANH,12.25,109.2,9.2,24.9,25.64,24.26,23.75,24.74,93.23,18.42,100.33,6.88,29.7,13.67,35.77,0.94,0.98,75.1
2017-01-01,CAM RANH,12.25,109.2,2.94,24.85,25.97,24.23,23.39,24.85,91.54,18.02,100.32,7.82,23.3,10.52,36.28,0.94,0.98,97.17
2017-01-02,CAM RANH,12.25,109.2,1.13,24.86,25.99,24.11,23.25,24.84,90.74,17.87,100.32,7.52,23.4,13.24,36.18,0.93,0.97,87.88
2017-01-03,CAM RANH,12.25,109.2,1.52,24.33,25.37,23.68,22.06,24.5,87.36,16.64,100.27,7.57,17.9,14.15,35.46,0.93,0.97,98.72
2017-01-04,CAM RANH,12.25,109.2,1.14,24.56,25.76,23.71,22.83,24.72,90.09,17.45,100.18,6.62,20.4,7.26,36.29,0.92,0.96,99.57
2017-01-05,CAM RANH,12.25,109.2,0.99,24.61,25.85,23.83,22.31,24.76,87.03,16.9,100.16,6.65,16.5,14.86,35.72,0.92,0.96,96.76
2017-01-06,CAM RANH,12.25,109.2,1.55,24.6,25.72,23.92,23.05,24.85,91.11,17.71,100.03,6.07,21.0,8.37,36.44,0.92,0.96,79.88
2017-01-07,CAM RANH,12.25,109.2,0.51,24.79,25.99,23.88,23.03,24.92,89.93,17.7,99.97,4.6,35.2,13.17,35.8,0.91,0.95,51.57
2017-01-08,CAM RANH,12.25,109.2,0.3,24.83,26.19,23.8,22.31,24.98,85.86,16.92,100.03,5.34,22.9,16.15,35.35,0.91,0.95,38.71
2017-01-09,CAM RANH,12.25,109.2,0.43,24.64,25.96,23.61,21.94,24.78,84.97,16.52,100.1,5.8,25.5,17.52,34.85,0.9,0.94,73.1
2017-01-10,CAM RANH,12.25,109.2,0.7,24.7,26.05,23.67,22.21,24.99,86.08,16.8,100.15,5.31,33.2,14.88,34.61,0.9,0.93,75.16
2017-01-11,CAM RANH,12.25,109.2,1.26,24.89,26.01,24.22,23.0,25.11,89.36,17.65,100.08,5.11,12.3,16.75,35.14,0.9,0.93,98.85
2017-01-12,CAM RANH,12.25,109.2,4.71,25.11,26.43,24.34,23.59,25.19,91.3,18.32,99.9,6.45,357.1,11.86,35.61,0.9,0.93,88.79
2017-01-13,CAM RANH,12.25,109.2,27.46,24.63,25.46,24.08,23.38,24.72,92.68,18.1,99.89,8.55,355.2,3.49,35.98,0.94,0.94,99.69
2017-01-14,CAM RANH,12.25,109.2,21.68,24.48,25.15,24.13,23.29,24.68,93.06,17.96,100.07,7.1,8.7,2.41,36.25,0.95,0.96,99.48
2017-01-15,CAM RANH,12.25,109.2,22.58,24.86,25.43,24.45,23.78,24.83,93.67,18.49,100.16,5.4,31.8,2.34,35.91,0.95,0.98,99.12
2017-01-16,CAM RANH,12.25,109.2,18.46,24.97,26.03,24.26,23.34,25.02,90.62,17.99,100.21,6.12,38.6,10.62,36.51,0.95,0.98,96.61
2017-01-17,CAM RANH,12.25,109.2,4.26,24.79,25.84,24.08,22.1,24.65,84.96,16.64,100.41,7.13,26.3,11.54,35.67,0.93,0.98,97.67
2017-01-18,CAM RANH,12.25,109.2,2.91,24.44,25.7,23.6,21.62,24.56,84.38,16.14,100.54,7.37,9.1,15.93,35.64,0.93,0.97,93.14
2017-01-19,CAM RANH,12.25,109.2,9.6,24.4,25.5,23.85,22.49,24.67,89.08,17.03,100.47,7.39,16.8,8.82,36.08,0.94,0.97,99.54
2017-01-20,CAM RANH,12.25,109.2,3.01,24.31,25.23,23.68,21.44,24.26,83.98,15.95,100.54,7.97,23.3,8.12,36.29,0.93,0.97,96.1
2017-01-21,CAM RANH,12.25,109.2,2.91,24.42,25.56,23.73,21.81,24.55,85.38,16.29,100.71,8.94,28.0,8.84,35.99,0.92,0.96,99.48
2017-01-22,CAM RANH,12.25,109.2,2.36,23.83,24.84,23.14,21.18,24.05,85.08,15.67,100.72,9.78,28.9,9.52,35.79,0.92,0.96,96.83
2017-01-23,CAM RANH,12.25,109.2,2.63,23.87,24.84,23.34,21.56,24.31,86.95,16.07,100.6,9.54,11.8,7.49,35.97,0.92,0.95,92.97
2017-01-24,CAM RANH,12.25,109.2,11.51,24.45,25.28,24.04,23.07,24.57,91.98,17.63,100.54,7.2,19.2,7.42,36.57,0.93,0.96,99.24
2017-01-25,CAM RANH,12.25,109.2,6.89,24.62,25.74,23.78,23.02,24.7,90.78,17.58,100.6,8.34,32.3,7.2,36.78,0.93,0.96,97.46
2017-01-26,CAM RANH,12.25,109.2,0.38,23.69,25.29,22.37,19.65,23.76,78.03,14.28,100.67,10.26,23.2,15.17,34.17,0.91,0.95,57.76
2017-01-27,CAM RANH,12.25,109.2,0.06,23.38,24.65,22.39,18.23,23.37,72.84,13.06,100.55,8.3,21.7,18.45,33.28,0.91,0.94,77.04
2017-01-28,CAM RANH,12.25,109.2,0.98,23.17,24.65,22.07,20.03,23.67,82.78,14.66,100.39,6.02,5.9,17.29,33.67,0.9,0.94,62.44
2017-01-29,CAM RANH,12.25,109.2,0.25,23.72,25.05,22.7,21.27,24.22,86.16,15.81,100.38,4.75,18.8,19.56,33.99,0.9,0.93,78.15
2017-01-30,CAM RANH,12.25,109.2,0.66,23.59,25.17,22.38,20.48,23.93,82.72,15.06,100.33,7.3,14.5,13.5,34.04,0.89,0.92,99.39
2017-01-31,CAM RANH,12.25,109.2,2.14,23.31,24.64,22.29,21.07,23.74,87.35,15.65,100.29,7.64,352.7,13.15,35.63,0.89,0.92,97.69
2017-02-01,CAM RANH,12.25,109.2,6.49,24.43,25.4,24.04,23.22,24.36,92.95,17.84,100.32,6.86,23.9,7.53,36.11,0.9,0.92,99.48
2017-02-02,CAM RANH,12.25,109.2,8.98,24.18,24.92,23.6,23.02,24.13,93.17,17.62,100.31,7.26,20.5,8.89,36.15,0.91,0.92,99.59
2017-02-03,CAM RANH,12.25,109.2,6.41,24.02,24.85,23.41,22.87,24.06,93.25,17.47,100.25,5.24,25.4,3.94,35.76,0.91,0.93,95.74
2017-02-04,CAM RANH,12.25,109.2,1.38,24.42,25.98,23.24,22.73,24.79,90.35,17.34,100.13,4.94,8.6,17.1,35.55,0.89,0.92,70.48
2017-02-05,CAM RANH,12.25,109.2,0.08,23.29,25.2,21.53,20.14,23.95,82.53,14.78,100.17,8.06,15.0,20.9,33.37,0.88,0.91,23.55
2017-02-06,CAM RANH,12.25,109.2,0.05,22.59,24.96,20.91,18.61,23.48,78.75,13.43,100.19,6.35,1.8,23.44,30.73,0.87,0.9,5.53
2017-02-07,CAM RANH,12.25,109.2,0.17,23.3,25.06,22.17,20.8,24.0,86.04,15.41,100.17,6.2,355.1,22.77,32.67,0.87,0.9,50.09
2017-02-08,CAM RANH,12.25,109.2,0.26,23.95,25.78,22.86,21.32,24.32,85.31,15.89,100.25,6.61,6.0,21.77,34.12,0.86,0.89,44.16
2017-02-09,CAM RANH,12.25,109.2,0.28,23.88,25.22,22.84,20.74,24.07,82.68,15.31,100.33,8.08,17.9,17.15,35.35,0.86,0.88,74.42
2017-02-10,CAM RANH,12.25,109.2,2.13,23.53,24.7,22.61,20.29,23.83,82.07,14.85,100.54,9.22,27.9,12.75,34.83,0.86,0.87,85.36
2017-02-11,CAM RANH,12.25,109.2,1.06,23.01,24.4,21.95,18.99,23.5,78.09,13.66,100.81,10.44,28.4,17.11,33.5,0.85,0.87,67.82
2017-02-12,CAM RANH,12.25,109.2,0.46,22.97,24.23,22.11,18.39,23.46,75.44,13.15,100.87,10.02,20.1,18.73,33.39,0.84,0.86,72.28
2017-02-13,CAM RANH,12.25,109.2,1.83,23.09,24.27,22.44,19.88,23.63,82.22,14.43,100.9,9.43,21.1,15.05,35.29,0.84,0.85,87.35
2017-02-14,CAM RANH,12.25,109.2,2.46,23.5,24.87,22.42,19.97,23.7,80.6,14.5,100.93,9.51,23.8,17.1,35.17,0.84,0.85,84.21
2017-02-15,CAM RANH,12.25,109.2,0.23,23.16,24.53,21.92,19.03,23.34,77.61,13.71,100.79,8.48,21.9,15.67,34.21,0.83,0.84,69.47
2017-02-16,CAM RANH,12.25,109.2,0.16,23.27,24.96,22.21,19.51,23.63,79.58,14.14,100.62,6.57,19.0,20.32,34.47,0.82,0.83,72.39
2017-02-17,CAM RANH,12.25,109.2,0.43,23.3,24.9,22.2,20.38,23.81,83.81,14.93,100.65,6.69,14.8,16.55,34.78,0.82,0.82,68.96
2017-02-18,CAM RANH,12.25,109.2,0.42,23.25,24.88,22.37,20.52,23.78,84.68,15.05,100.63,7.68,10.7,15.88,35.14,0.81,0.82,83.29
2017-02-19,CAM RANH,12.25,109.2,0.72,23.31,24.8,22.21,20.3,23.93,83.32,14.9,100.34,5.0,2.3,14.18,35.7,0.81,0.81,99.18
2017-02-20,CAM RANH,12.25,109.2,0.64,24.35,25.85,23.41,22.41,24.82,89.06,17.0,100.19,2.48,37.8,12.98,35.82,0.81,0.81,94.76
2017-02-21,CAM RANH,12.25,109.2,0.78,25.2,26.89,24.35,23.59,25.53,90.91,18.25,100.27,1.98,44.6,20.19,35.61,0.8,0.8,77.12
2017-02-22,CAM RANH,12.25,109.2,0.33,25.47,27.32,24.29,23.59,25.75,89.72,18.27,100.26,1.62,72.6,20.71,35.25,0.79,0.79,93.91
2017-02-23,CAM RANH,12.25,109.2,0.46,25.08,26.75,23.73,23.49,25.67,91.0,18.12,100.38,2.23,36.9,21.85,35.42,0.78,0.78,90.56
2017-02-24,CAM RANH,12.25,109.2,1.16,25.01,26.47,23.89,23.31,25.49,90.33,17.91,100.44,4.98,24.6,15.26,35.73,0.78,0.78,91.7
2017-02-25,CAM RANH,12.25,109.2,0.59,24.83,26.54,23.66,22.5,25.27,87.04,17.06,100.35,6.54,21.0,12.3,36.54,0.77,0.77,93.75
2017-02-26,CAM RANH,12.25,109.2,2.16,24.11,25.56,23.2,21.75,24.63,86.71,16.29,100.42,8.83,19.1,7.17,36.25,0.78,0.77,95.22
2017-02-27,CAM RANH,12.25,109.2,0.44,24.02,25.35,23.13,21.69,24.53,86.91,16.21,100.47,8.96,17.5,10.18,36.13,0.77,0.76,89.58
2017-02-28,CAM RANH,12.25,109.2,0.45,23.89,25.44,22.86,21.59,24.45,87.09,16.13,100.39,8.23,14.4,13.52,36.23,0.76,0.76,79.04
2017-03-01,CAM RANH,12.25,109.2,0.29,23.73,25.22,22.72,20.86,24.23,83.95,15.41,100.46,9.39,13.8,9.82,35.76,0.75,0.75,80.27
2017-03-02,CAM RANH,12.25,109.2,0.03,23.56,25.11,22.43,19.44,24.12,77.78,14.1,100.42,8.22,21.3,21.37,33.72,0.74,0.74,48.71
2017-03-03,CAM RANH,12.25,109.2,0.07,23.76,25.31,22.7,19.42,24.43,76.75,14.12,100.21,5.75,25.1,20.54,33.05,0.73,0.73,47.86
2017-03-04,CAM RANH,12.25,109.2,0.04,23.82,25.82,22.36,19.81,24.41,78.65,14.48,100.15,3.46,27.6,23.71,32.76,0.71,0.73,25.91
2017-03-05,CAM RANH,12.25,109.2,0.03,24.26,25.97,23.04,21.54,24.99,84.87,16.13,100.09,1.99,82.6,23.09,33.24,0.71,0.72,77.49
2017-03-06,CAM RANH,12.25,109.2,0.03,24.09,25.9,22.86,20.81,25.07,81.97,15.4,100.15,3.04,58.9,21.42,33.56,0.7,0.71,47.39
2017-03-07,CAM RANH,12.25,109.2,0.18,24.27,26.07,22.88,21.42,25.06,84.5,15.99,100.24,3.94,25.0,24.39,33.59,0.69,0.71,38.19
2017-03-08,CAM RANH,12.25,109.2,0.05,24.17,26.02,22.68,21.38,25.05,84.64,15.94,100.27,3.88,41.5,22.51,34.28,0.68,0.7,37.79
2017-03-09,CAM RANH,12.25,109.2,0.02,23.88,25.74,22.62,20.77,24.87,82.92,15.36,100.21,2.66,66.6,23.34,33.18,0.67,0.69,23.78
2017-03-10,CAM RANH,12.25,109.2,0.01,24.15,26.29,22.68,20.74,25.27,81.53,15.34,100.14,2.11,112.7,25.1,32.43,0.66,0.69,4.66
2017-03-11,CAM RANH,12.25,109.2,0.01,24.62,26.46,23.43,21.31,25.59,81.99,15.89,100.21,1.98,98.7,25.31,32.62,0.65,0.68,3.52
2017-03-12,CAM RANH,12.25,109.2,0.1,25.06,26.7,23.54,21.45,25.81,80.45,16.03,100.18,1.6,88.2,24.92,33.15,0.64,0.67,7.72
2017-03-13,CAM RANH,12.25,109.2,0.06,25.25,27.29,23.78,22.42,26.1,84.73,17.04,100.13,2.49,153.9,24.67,34.25,0.63,0.67,51.65
2017-03-14,CAM RANH,12.25,109.2,0.57,25.51,27.29,24.28,23.29,26.16,87.75,17.95,100.16,2.69,145.7,23.52,35.26,0.63,0.67,39.76
2017-03-15,CAM RANH,12.25,109.2,5.01,25.82,27.57,24.69,23.75,26.49,88.51,18.46,100.1,3.63,41.2,21.92,35.79,0.64,0.66,35.45
2017-03-16,CAM RANH,12.25,109.2,4.43,25.65,27.19,24.58,23.48,26.23,87.93,18.16,100.08,3.54,34.4,13.94,36.87,0.66,0.67,77.17
2017-03-17,CAM RANH,12.25,109.2,0.85,25.96,27.27,25.0,23.96,26.56,88.75,18.69,100.14,2.16,80.5,22.72,35.93,0.64,0.66,50.8
2017-03-18,CAM RANH,12.25,109.2,0.53,26.19,27.65,24.9,24.03,26.86,88.05,18.75,100.29,2.64,95.8,17.71,36.63,0.62,0.66,71.03
2017-03-19,CAM RANH,12.25,109.2,0.22,25.84,27.3,24.61,23.04,26.5,84.54,17.64,100.32,2.88,64.2,21.66,35.7,0.61,0.65,40.33
2017-03-20,CAM RANH,12.25,109.2,0.17,25.74,27.38,24.5,22.5,26.8,82.32,17.09,100.23,3.18,71.1,24.69,34.82,0.6,0.65,8.32
2017-03-21,CAM RANH,12.25,109.2,0.21,25.72,27.66,24.09,21.82,26.93,79.51,16.41,100.16,3.04,61.1,24.74,34.45,0.59,0.64,9.72
2017-03-22,CAM RANH,12.25,109.2,0.01,25.76,27.59,24.63,22.3,27.26,81.34,16.89,100.12,3.2,120.0,25.62,34.44,0.58,0.64,5.28
2017-03-23,CAM RANH,12.25,109.2,0.04,26.65,28.08,25.67,22.73,27.67,79.14,17.33,100.15,3.07,95.8,25.4,35.28,0.58,0.63,35.24
2017-03-24,CAM RANH,12.25,109.2,0.44,26.76,28.14,25.5,23.94,27.53,84.68,18.65,100.24,2.34,87.0,24.36,36.28,0.58,0.63,46.57
2017-03-25,CAM RANH,12.25,109.2,0.04,26.35,28.17,24.88,22.97,27.67,81.79,17.57,100.31,3.5,86.9,24.13,35.21,0.56,0.62,41.68
2017-03-26,CAM RANH,12.25,109.2,0.24,26.4,28.23,25.02,22.9,27.55,81.44,17.48,100.45,5.05,35.6,24.19,35.5,0.56,0.61,47.22
2017-03-27,CAM RANH,12.25,109.2,0.97,26.19,27.46,25.14,23.03,26.87,82.91,17.6,100.49,5.19,36.0,19.43,36.48,0.57,0.61,83.23
2017-03-28,CAM RANH,12.25,109.2,2.04,26.29,27.76,25.41,23.5,27.3,84.81,18.14,100.35,4.73,37.4,17.95,36.54,0.57,0.61,75.88
2017-03-29,CAM RANH,12.25,109.2,1.79,26.38,27.78,25.13,22.69,27.22,80.26,17.25,100.46,3.0,54.6,12.48,36.88,0.57,0.61,99.35
2017-03-30,CAM RANH,12.25,109.2,3.44,26.47,27.91,25.27,23.13,27.35,82.04,17.73,100.43,2.52,69.2,12.95,36.44,0.59,0.61,92.8
2017-03-31,CAM RANH,12.25,109.2,1.79,26.69,28.47,25.44,23.41,27.81,82.38,18.06,100.27,2.71,80.6,21.22,36.73,0.56,0.61,87.89
2017-04-01,CAM RANH,12.25,109.2,4.48,25.53,27.24,24.26,22.34,26.35,82.73,16.92,100.34,6.98,12.3,14.17,36.06,0.59,0.61,71.15
2017-04-02,CAM RANH,12.25,109.2,13.22,25.61,26.96,25.02,23.12,26.63,86.24,17.72,100.37,6.24,34.7,11.5,36.86,0.65,0.62,96.5
2017-04-03,CAM RANH,12.25,109.2,7.78,25.43,26.79,24.38,22.89,26.02,85.92,17.47,100.39,7.14,25.5,6.91,36.79,0.64,0.63,96.18
2017-04-04,CAM RANH,12.25,109.2,14.29,25.05,26.1,24.38,23.1,25.52,88.97,17.71,100.3,4.67,18.5,10.92,36.91,0.69,0.64,96.3
2017-04-05,CAM RANH,12.25,109.2,4.17,25.27,26.31,24.38,23.61,25.72,90.55,18.3,100.14,2.06,43.2,19.34,36.73,0.67,0.66,80.4
2017-04-06,CAM RANH,12.25,109.2,1.71,25.99,27.38,25.14,23.92,26.7,88.47,18.66,100.09,1.84,86.1,22.29,35.8,0.62,0.65,78.96
2017-04-07,CAM RANH,12.25,109.2,1.53,26.4,27.58,25.32,24.2,27.1,87.75,18.97,100.11,2.64,112.0,23.42,36.4,0.62,0.65,30.81
2017-04-08,CAM RANH,12.25,109.2,0.52,26.75,28.31,25.47,23.44,27.63,82.26,18.12,100.09,1.82,116.9,25.73,35.78,0.6,0.64,16.28
2017-04-09,CAM RANH,12.25,109.2,0.2,26.91,28.85,25.27,24.29,27.85,85.79,19.1,99.96,4.34,165.8,25.74,35.78,0.58,0.64,15.08
2017-04-10,CAM RANH,12.25,109.2,0.08,26.94,29.06,25.24,24.15,27.6,85.08,18.98,99.8,5.25,176.8,25.38,36.15,0.57,0.63,12.37
2017-04-11,CAM RANH,12.25,109.2,0.06,26.97,29.66,25.14,24.4,27.64,86.29,19.26,99.8,4.23,172.2,25.25,36.45,0.57,0.62,14.64
2017-04-12,CAM RANH,12.25,109.2,0.21,26.76,28.71,25.32,24.54,27.5,87.85,19.38,100.01,4.11,154.7,24.69,36.31,0.56,0.62,41.42
2017-04-13,CAM RANH,12.25,109.2,0.13,26.42,28.24,24.96,23.44,27.52,83.84,18.09,100.3,2.98,55.2,23.87,35.27,0.55,0.61,50.24
2017-04-14,CAM RANH,12.25,109.2,0.08,26.37,28.35,24.98,22.82,27.35,81.13,17.44,100.2,2.71,54.5,24.47,34.94,0.54,0.6,61.29
2017-04-15,CAM RANH,12.25,109.2,0.12,26.53,28.12,25.47,22.72,27.56,79.72,17.33,100.15,2.59,86.0,25.41,34.5,0.54,0.6,44.27
2017-04-16,CAM RANH,12.25,109.2,0.13,26.96,28.64,25.61,22.29,28.07,75.75,16.87,100.17,2.98,78.1,26.15,34.58,0.53,0.59,27.55
2017-04-17,CAM RANH,12.25,109.2,0.03,27.12,29.16,25.56,22.28,28.56,75.26,16.88,100.08,2.45,121.7,25.74,35.27,0.52,0.59,52.22
2017-04-18,CAM RANH,12.25,109.2,0.01,27.43,29.28,26.27,23.94,28.72,81.36,18.69,100.0,3.78,155.9,23.12,36.68,0.52,0.58,43.21
2017-04-19,CAM RANH,12.25,109.2,0.95,28.02,30.02,26.71,24.95,28.93,83.65,19.89,99.93,5.09,175.4,22.92,37.41,0.52,0.58,36.7
2017-04-20,CAM RANH,12.25,109.2,0.6,27.81,29.52,26.47,25.1,28.4,85.43,20.07,99.94,4.51,175.9,23.31,37.11,0.54,0.58,53.83
2017-04-21,CAM RANH,12.25,109.2,1.74,28.1,30.24,26.59,25.16,28.78,84.4,20.16,99.85,3.63,176.7,23.64,37.43,0.53,0.57,52.34
2017-04-22,CAM RANH,12.25,109.2,3.11,28.82,32.29,26.74,25.13,29.02,81.43,20.14,99.9,2.35,144.6,23.04,37.89,0.54,0.57,70.86
2017-04-23,CAM RANH,12.25,109.2,9.86,26.71,27.46,25.98,24.74,27.35,88.95,19.62,100.07,3.78,10.2,20.57,37.25,0.63,0.59,86.01
2017-04-24,CAM RANH,12.25,109.2,1.95,27.34,28.92,26.16,24.4,28.33,84.11,19.2,100.12,2.01,94.4,17.84,36.95,0.57,0.59,85.64
2017-04-25,CAM RANH,12.25,109.2,2.94,27.88,29.53,26.6,24.04,29.02,79.77,18.81,100.03,3.82,166.0,21.96,36.6,0.56,0.59,66.3
2017-04-26,CAM RANH,12.25,109.2,0.36,28.33,30.5,26.79,23.9,29.34,77.38,18.66,100.03,3.44,164.0,25.16,36.46,0.53,0.58,36.85
2017-04-27,CAM RANH,12.25,109.2,0.6,28.1,29.67,26.82,24.17,29.08,79.31,18.95,100.08,3.13,156.8,22.83,37.2,0.53,0.58,52.31
2017-04-28,CAM RANH,12.25,109.2,0.93,27.98,29.82,26.46,23.29,29.23,75.94,17.95,100.15,2.25,66.7,23.41,36.96,0.52,0.57,31.1
2017-04-29,CAM RANH,12.25,109.2,1.57,27.68,29.44,26.37,23.82,29.05,79.81,18.54,100.18,3.2,37.9,20.84,37.0,0.52,0.57,52.65
2017-04-30,CAM RANH,12.25,109.2,0.85,27.87,29.46,27.04,24.0,29.14,79.59,18.74,100.12,2.35,91.6,21.54,37.37,0.51,0.57,53.54
2017-05-01,CAM RANH,12.25,109.2,0.77,28.21,29.69,27.09,24.49,29.16,80.39,19.31,100.08,3.47,157.7,24.69,37.1,0.51,0.56,20.52
2017-05-02,CAM RANH,12.25,109.2,0.69,28.32,29.85,26.83,24.82,29.02,81.53,19.71,100.04,3.56,173.0,23.37,37.19,0.51,0.56,55.48
2017-05-03,CAM RANH,12.25,109.2,0.84,28.91,30.84,27.43,25.01,29.4,79.91,19.96,100.01,3.3,167.3,23.18,37.41,0.51,0.56,37.76
2017-05-04,CAM RANH,12.25,109.2,0.87,28.55,30.02,27.6,25.26,28.91,82.47,20.24,100.06,3.37,154.4,24.92,36.75,0.52,0.55,36.99
2017-05-05,CAM RANH,12.25,109.2,1.12,28.36,29.68,27.3,24.43,28.75,79.32,19.23,100.24,2.13,113.2,24.07,36.94,0.52,0.55,73.94
2017-05-06,CAM RANH,12.25,109.2,2.78,27.44,28.86,26.43,23.39,28.39,78.7,18.02,100.33,2.17,70.5,23.39,36.72,0.54,0.55,73.75
2017-05-07,CAM RANH,12.25,109.2,3.99,27.87,29.55,26.67,23.73,29.03,78.5,18.43,100.2,1.52,66.9,15.22,37.25,0.55,0.56,95.18
2017-05-08,CAM RANH,12.25,109.2,2.4,27.87,29.15,26.82,24.11,28.94,80.24,18.89,100.04,2.33,131.4,18.9,37.02,0.54,0.56,94.87
2017-05-09,CAM RANH,12.25,109.2,4.11,28.06,29.51,26.95,24.33,29.31,80.4,19.13,100.1,2.62,95.2,23.16,37.06,0.54,0.56,81.85
2017-05-10,CAM RANH,12.25,109.2,4.57,27.66,28.95,26.76,23.86,28.76,80.01,18.58,100.18,2.66,54.3,17.9,37.31,0.57,0.56,93.66
2017-05-11,CAM RANH,12.25,109.2,4.7,27.85,28.6,27.12,25.03,28.53,84.7,19.95,100.15,3.21,35.8,18.86,37.0,0.58,0.57,94.41
2017-05-12,CAM RANH,12.25,109.2,4.27,28.68,29.82,27.84,25.04,29.42,80.76,19.98,99.98,2.85,65.6,22.85,36.88,0.56,0.57,89.95
2017-05-13,CAM RANH,12.25,109.2,2.61,28.3,29.86,26.92,24.41,29.3,79.75,19.26,99.92,3.01,72.7,11.77,37.68,0.56,0.57,98.96
2017-05-14,CAM RANH,12.25,109.2,3.61,27.64,28.51,27.08,24.93,28.78,85.18,19.89,99.87,3.07,137.5,9.72,37.44,0.57,0.58,97.49
2017-05-15,CAM RANH,12.25,109.2,11.7,28.37,29.57,27.38,25.19,29.49,82.98,20.21,99.76,4.13,149.7,23.23,37.13,0.59,0.58,80.63
2017-05-16,CAM RANH,12.25,109.2,22.55,27.89,28.47,27.09,25.29,28.68,85.75,20.35,99.71,3.68,173.1,21.62,37.88,0.71,0.61,93.96
2017-05-17,CAM RANH,12.25,109.2,70.64,28.53,30.15,27.46,25.36,28.97,83.18,20.43,99.78,1.58,355.9,12.14,38.3,0.77,0.65,99.16
2017-05-18,CAM RANH,12.25,109.2,7.02,28.36,29.46,27.58,25.43,28.97,84.21,20.48,99.88,1.74,65.9,20.47,37.91,0.76,0.71,85.3
2017-05-19,CAM RANH,12.25,109.2,8.22,28.5,29.15,27.73,26.17,29.05,87.19,21.45,99.75,2.8,149.3,21.56,38.15,0.75,0.71,91.27
2017-05-20,CAM RANH,12.25,109.2,6.68,29.23,30.43,28.47,25.86,29.57,82.2,21.1,99.59,2.48,172.6,20.83,37.67,0.74,0.72,95.3
2017-05-21,CAM RANH,12.25,109.2,3.64,29.45,30.59,28.57,26.08,29.69,82.22,21.38,99.55,2.87,182.3,24.04,38.02,0.74,0.72,71.59
2017-05-22,CAM RANH,12.25,109.2,6.55,29.1,29.84,28.17,25.93,29.34,83.11,21.17,99.66,2.07,193.2,23.36,37.91,0.76,0.72,69.79
2017-05-23,CAM RANH,12.25,109.2,2.16,29.5,31.3,28.4,25.93,29.88,81.44,21.17,99.68,3.98,188.9,23.29,37.73,0.73,0.72,64.79
2017-05-24,CAM RANH,12.25,109.2,1.98,29.5,30.67,28.48,26.17,29.95,82.38,21.47,99.66,2.92,192.3,24.04,38.07,0.73,0.72,68.27
2017-05-25,CAM RANH,12.25,109.2,5.28,29.08,30.5,28.03,25.97,29.71,83.61,21.22,99.7,2.83,170.5,21.7,38.07,0.74,0.72,91.94
2017-05-26,CAM RANH,12.25,109.2,28.32,28.38,29.29,27.31,25.68,29.21,85.38,20.83,99.71,2.28,168.5,16.88,37.76,0.84,0.74,98.55
2017-05-27,CAM RANH,12.25,109.2,52.85,28.19,29.24,27.57,25.16,28.87,83.67,20.19,99.7,2.0,157.3,15.94,37.74,0.92,0.79,99.22
2017-05-28,CAM RANH,12.25,109.2,13.25,28.02,28.74,27.4,25.63,28.95,86.81,20.76,99.73,2.87,154.9,16.15,37.89,0.87,0.83,98.68
2017-05-29,CAM RANH,12.25,109.2,29.65,28.34,29.09,27.69,25.01,29.02,82.22,19.98,99.83,2.33,164.1,20.41,37.62,0.91,0.86,96.05
2017-05-30,CAM RANH,12.25,109.2,1.79,28.49,29.27,27.73,25.79,29.07,85.29,20.93,99.89,3.61,180.9,23.27,37.68,0.85,0.86,73.23
2017-05-31,CAM RANH,12.25,109.2,0.18,28.94,30.27,27.96,25.45,29.35,81.68,20.53,99.82,3.77,183.0,24.56,37.77,0.84,0.85,62.69
2017-06-01,CAM RANH,12.25,109.2,0.5,29.34,30.45,28.41,26.37,29.53,84.13,21.72,99.72,4.95,189.2,24.35,38.49,0.83,0.84,65.62
2017-06-02,CAM RANH,12.25,109.2,1.45,29.73,31.48,28.05,26.41,29.63,82.48,21.78,99.68,3.25,212.7,24.5,38.13,0.83,0.84,49.73
2017-06-03,CAM RANH,12.25,109.2,0.54,29.66,31.85,28.19,25.56,29.49,78.9,20.7,99.7,3.13,216.9,24.81,37.42,0.82,0.83,67.14
2017-06-04,CAM RANH,12.25,109.2,1.24,29.33,30.98,27.85,25.45,29.09,79.77,20.59,99.63,3.21,234.7,24.03,37.48,0.83,0.83,81.6
2017-06-05,CAM RANH,12.25,109.2,3.25,29.19,30.99,27.72,24.77,29.31,77.45,19.75,99.72,2.12,197.5,23.34,37.46,0.83,0.83,91.48
2017-06-06,CAM RANH,12.25,109.2,9.99,27.82,29.58,26.89,24.53,28.74,82.52,19.43,99.84,3.55,193.9,17.83,37.64,0.85,0.83,98.92
2017-06-07,CAM RANH,12.25,109.2,3.59,28.49,29.94,27.62,23.97,29.24,76.75,18.77,99.86,1.8,192.0,20.92,37.27,0.83,0.83,88.05
2017-06-08,CAM RANH,12.25,109.2,18.51,28.38,29.78,27.17,24.93,28.86,81.85,19.91,99.79,2.99,171.7,21.25,38.48,0.87,0.84,79.23
2017-06-09,CAM RANH,12.25,109.2,5.57,28.83,30.39,27.64,25.03,29.02,80.31,20.05,99.79,2.84,191.5,22.79,38.25,0.85,0.85,83.9
2017-06-10,CAM RANH,12.25,109.2,21.48,27.88,28.93,27.16,25.3,28.49,85.88,20.35,99.81,3.82,201.6,17.16,38.77,0.9,0.86,92.63
2017-06-11,CAM RANH,12.25,109.2,5.96,28.17,29.47,27.11,24.87,28.37,82.39,19.82,99.81,3.3,209.2,15.72,37.9,0.87,0.88,98.03
2017-06-12,CAM RANH,12.25,109.2,2.14,27.95,28.94,27.04,24.39,28.08,81.06,19.27,99.78,2.92,218.2,17.8,37.74,0.86,0.87,77.75
2017-06-13,CAM RANH,12.25,109.2,1.72,28.23,29.95,27.01,25.04,28.42,83.09,20.03,99.88,4.51,190.0,24.01,37.51,0.85,0.87,78.76
2017-06-14,CAM RANH,12.25,109.2,3.21,28.43,29.66,27.24,25.12,28.54,82.44,20.12,99.93,2.64,200.0,22.83,37.99,0.86,0.87,61.35
2017-06-15,CAM RANH,12.25,109.2,2.72,28.62,30.19,27.49,25.07,28.93,81.49,20.07,99.9,3.35,183.0,24.45,37.97,0.85,0.86,42.52
2017-06-16,CAM RANH,12.25,109.2,3.3,28.65,30.03,27.55,26.05,28.92,86.03,21.3,99.77,4.57,183.8,23.24,38.18,0.85,0.86,63.11
2017-06-17,CAM RANH,12.25,109.2,4.12,28.77,30.27,27.64,26.05,28.97,85.36,21.32,99.63,4.74,190.0,24.1,37.76,0.85,0.86,72.75
2017-06-18,CAM RANH,12.25,109.2,5.64,28.47,29.59,27.31,25.82,28.62,85.61,21.03,99.63,4.46,192.1,21.19,37.69,0.86,0.86,96.89
2017-06-19,CAM RANH,12.25,109.2,4.79,28.55,30.05,27.57,25.47,28.77,83.61,20.58,99.68,3.81,190.7,23.36,37.55,0.85,0.86,78.99
2017-06-20,CAM RANH,12.25,109.2,3.19,28.53,30.23,26.94,25.26,28.62,82.57,20.34,99.64,3.0,230.3,24.01,37.71,0.85,0.86,73.95
2017-06-21,CAM RANH,12.25,109.2,1.71,28.25,29.98,27.28,24.47,28.49,80.18,19.38,99.68,3.05,193.7,20.76,37.82,0.85,0.85,78.4
2017-06-22,CAM RANH,12.25,109.2,2.79,28.38,29.86,27.45,24.84,28.73,81.29,19.81,99.71,1.85,190.8,21.91,38.26,0.85,0.85,81.2
2017-06-23,CAM RANH,12.25,109.2,3.66,28.11,29.18,27.22,24.93,28.56,82.94,19.93,99.64,2.85,179.1,22.73,38.06,0.85,0.85,68.72
2017-06-24,CAM RANH,12.25,109.2,2.76,27.54,28.44,26.88,24.76,28.2,84.79,19.72,99.66,4.05,181.0,15.0,37.63,0.85,0.85,86.02
2017-06-25,CAM RANH,12.25,109.2,1.65,28.14,29.11,27.46,24.74,28.66,81.84,19.68,99.73,3.88,182.5,23.67,37.64,0.84,0.85,44.73
2017-06-26,CAM RANH,12.25,109.2,1.69,28.06,29.28,27.18,24.99,28.67,83.51,19.96,99.81,3.68,172.9,23.28,38.01,0.83,0.84,53.85
2017-06-27,CAM RANH,12.25,109.2,5.5,27.73,28.57,27.0,25.32,28.28,86.66,20.34,99.9,4.63,169.3,22.81,37.09,0.85,0.84,70.05
2017-06-28,CAM RANH,12.25,109.2,4.06,27.75,28.8,26.72,25.0,28.32,84.99,19.97,99.9,4.57,182.1,23.42,37.26,0.85,0.85,74.74
2017-06-29,CAM RANH,12.25,109.2,4.68,27.75,28.55,27.09,24.56,28.32,82.88,19.45,99.86,3.71,174.9,22.41,37.58,0.84,0.84,73.84
2017-06-30,CAM RANH,12.25,109.2,3.19,28.15,28.99,27.4,24.89,28.52,82.56,19.86,99.78,2.26,181.3,22.71,38.02,0.84,0.84,79.56
2017-07-01,CAM RANH,12.25,109.2,2.87,28.18,29.12,27.18,25.2,28.33,83.95,20.23,99.76,3.24,193.6,24.03,37.69,0.84,0.84,76.3
2017-07-02,CAM RANH,12.25,109.2,3.54,27.81,29.21,27.11,24.67,28.08,83.18,19.59,99.8,3.37,204.2,23.46,37.4,0.85,0.85,91.84
2017-07-03,CAM RANH,12.25,109.2,2.17,28.34,29.16,27.82,24.97,28.6,81.99,19.96,99.75,2.75,204.0,21.57,37.48,0.84,0.84,97.91
2017-07-04,CAM RANH,12.25,109.2,5.73,28.09,29.08,26.79,24.57,28.54,81.25,19.48,99.78,3.32,198.0,19.78,38.04,0.85,0.85,94.63
2017-07-05,CAM RANH,12.25,109.2,8.06,27.56,28.74,26.83,24.54,28.4,83.78,19.42,99.9,2.37,191.3,12.72,37.31,0.86,0.85,99.46
2017-07-06,CAM RANH,12.25,109.2,16.82,27.63,28.83,26.92,24.33,28.34,82.31,19.17,99.91,2.82,197.9,16.71,37.43,0.89,0.86,96.35
2017-07-07,CAM RANH,12.25,109.2,4.98,28.45,30.16,27.2,24.52,28.64,79.52,19.42,99.88,1.86,193.0,24.46,37.5,0.86,0.87,65.96
2017-07-08,CAM RANH,12.25,109.2,7.65,28.15,29.31,27.37,24.48,28.31,80.64,19.35,99.93,1.79,181.1,23.93,37.67,0.87,0.87,81.14
2017-07-09,CAM RANH,12.25,109.2,9.84,28.19,29.25,27.57,24.72,28.36,81.56,19.63,99.89,2.61,191.6,22.94,37.57,0.88,0.88,70.33
2017-07-10,CAM RANH,12.25,109.2,28.11,28.43,30.31,27.24,25.05,28.56,82.18,20.06,99.78,1.95,179.5,23.9,37.52,0.9,0.89,74.9
2017-07-11,CAM RANH,12.25,109.2,7.38,27.69,29.05,26.89,24.4,28.37,82.46,19.27,99.81,2.8,173.0,17.02,37.74,0.9,0.91,96.5
2017-07-12,CAM RANH,12.25,109.2,11.51,27.98,29.58,26.63,24.22,28.47,80.2,19.06,99.82,2.12,189.9,10.2,38.49,0.9,0.91,99.77
2017-07-13,CAM RANH,12.25,109.2,10.18,27.81,29.23,26.72,24.33,28.15,81.42,19.2,99.71,2.47,218.0,10.75,37.37,0.91,0.92,99.26
2017-07-14,CAM RANH,12.25,109.2,6.94,27.56,29.65,26.34,23.81,27.99,80.33,18.63,99.65,3.29,221.3,12.52,37.29,0.9,0.92,99.64
2017-07-15,CAM RANH,12.25,109.2,3.49,28.04,29.94,26.8,23.96,28.15,78.66,18.83,99.46,2.86,222.8,13.61,37.51,0.89,0.92,99.53
2017-07-16,CAM RANH,12.25,109.2,9.52,27.7,29.25,26.62,23.94,27.99,80.16,18.82,99.45,3.86,206.4,14.89,37.93,0.9,0.92,99.54
2017-07-17,CAM RANH,12.25,109.2,6.67,27.72,29.71,26.41,23.31,28.11,77.29,18.06,99.78,2.92,209.8,16.27,37.51,0.9,0.92,99.49
2017-07-18,CAM RANH,12.25,109.2,7.01,27.87,30.22,26.46,23.91,28.38,79.6,18.72,99.91,2.01,184.8,19.04,38.2,0.89,0.92,97.21
2017-07-19,CAM RANH,12.25,109.2,8.43,27.66,28.77,26.52,23.81,28.05,79.6,18.62,99.69,1.95,209.3,22.0,37.63,0.9,0.92,92.98
2017-07-20,CAM RANH,12.25,109.2,19.14,26.78,27.33,26.15,24.22,27.75,85.91,19.09,99.69,3.02,184.0,16.06,37.78,0.93,0.93,98.3
2017-07-21,CAM RANH,12.25,109.2,6.75,27.23,28.13,26.33,24.14,27.86,83.19,18.97,99.82,2.46,210.6,16.69,37.42,0.92,0.94,94.82
2017-07-22,CAM RANH,12.25,109.2,10.21,28.41,30.61,26.88,24.32,28.79,78.83,19.18,99.82,1.57,202.0,21.87,37.88,0.91,0.94,86.59
2017-07-23,CAM RANH,12.25,109.2,5.51,28.02,29.43,26.82,24.3,28.18,80.46,19.2,99.62,2.42,209.2,17.61,38.02,0.91,0.94,91.85
2017-07-24,CAM RANH,12.25,109.2,15.49,27.6,28.45,26.5,24.96,27.91,85.58,20.02,99.4,3.02,201.5,10.86,37.43,0.93,0.95,99.79
2017-07-25,CAM RANH,12.25,109.2,6.98,27.36,28.24,26.68,24.17,27.63,82.72,19.1,99.36,4.1,201.2,14.52,37.19,0.92,0.95,99.77
2017-07-26,CAM RANH,12.25,109.2,15.45,27.92,29.14,26.81,24.61,28.05,82.3,19.6,99.48,3.76,193.8,15.11,37.76,0.93,0.95,99.52
2017-07-27,CAM RANH,12.25,109.2,8.97,28.19,29.67,26.99,24.64,28.04,81.18,19.61,99.6,3.63,205.9,15.22,37.91,0.93,0.96,96.47
2017-07-28,CAM RANH,12.25,109.2,4.29,28.26,29.84,27.03,24.81,28.12,81.7,19.79,99.67,3.51,205.8,21.5,37.62,0.92,0.95,88.05
2017-07-29,CAM RANH,12.25,109.2,6.36,28.15,29.53,26.95,25.23,28.02,84.38,20.33,99.58,2.54,212.2,19.0,37.65,0.92,0.95,95.33
2017-07-30,CAM RANH,12.25,109.2,5.99,28.27,29.86,27.07,25.64,28.22,85.76,20.84,99.5,3.99,198.9,20.88,37.69,0.92,0.95,85.8
2017-07-31,CAM RANH,12.25,109.2,4.68,28.94,31.11,27.19,25.62,28.7,82.46,20.8,99.55,3.44,212.6,22.13,38.08,0.92,0.95,81.68
2017-08-01,CAM RANH,12.25,109.2,3.54,28.81,30.97,27.11,25.79,28.63,83.95,21.01,99.62,3.18,216.4,22.85,38.46,0.91,0.95,78.29
2017-08-02,CAM RANH,12.25,109.2,0.56,29.08,31.48,27.54,25.38,28.76,80.62,20.53,99.49,3.45,230.7,23.47,38.06,0.9,0.94,60.62
2017-08-03,CAM RANH,12.25,109.2,4.0,28.87,30.74,27.29,25.67,28.74,83.06,20.91,99.38,3.21,212.7,23.16,38.17,0.91,0.94,72.01
2017-08-04,CAM RANH,12.25,109.2,24.25,28.05,29.77,26.79,25.32,28.31,85.2,20.44,99.5,3.78,200.4,20.97,38.39,0.94,0.95,91.55
2017-08-05,CAM RANH,12.25,109.2,6.71,28.04,29.37,27.01,24.92,28.43,83.24,19.89,99.74,2.79,201.9,21.42,38.1,0.92,0.96,91.13
2017-08-06,CAM RANH,12.25,109.2,4.46,28.43,30.05,27.46,24.54,28.7,79.82,19.46,99.83,2.01,198.2,22.92,37.91,0.92,0.95,77.56
2017-08-07,CAM RANH,12.25,109.2,6.44,28.76,30.03,27.95,25.16,28.8,80.95,20.17,99.87,1.69,214.7,23.76,38.01,0.92,0.95,62.94
2017-08-08,CAM RANH,12.25,109.2,6.51,29.09,30.83,27.95,25.73,29.01,82.39,20.88,99.86,2.85,194.9,24.66,38.61,0.92,0.95,47.48
2017-08-09,CAM RANH,12.25,109.2,1.61,28.8,29.92,27.75,25.68,28.75,83.26,20.82,99.84,3.19,198.2,24.88,37.89,0.91,0.95,29.71
2017-08-10,CAM RANH,12.25,109.2,0.85,28.89,30.15,27.75,25.42,28.86,81.63,20.5,99.77,2.74,199.7,24.36,37.83,0.91,0.94,27.84
2017-08-11,CAM RANH,12.25,109.2,0.65,28.42,29.92,27.21,25.63,28.72,85.04,20.75,99.8,3.73,183.4,24.66,37.73,0.9,0.94,59.83
2017-08-12,CAM RANH,12.25,109.2,0.56,28.37,29.92,27.19,25.59,28.79,85.02,20.69,99.87,3.82,178.0,25.19,37.19,0.9,0.93,19.6
2017-08-13,CAM RANH,12.25,109.2,0.87,28.27,29.62,27.41,25.57,28.67,85.37,20.66,99.9,4.39,173.6,25.25,37.8,0.9,0.93,37.0
2017-08-14,CAM RANH,12.25,109.2,2.89,28.56,30.24,27.28,25.47,28.84,83.53,20.54,99.84,3.7,184.0,23.24,37.67,0.9,0.93,75.11
2017-08-15,CAM RANH,12.25,109.2,10.67,28.44,29.89,27.4,25.17,28.77,82.56,20.19,99.76,2.57,192.5,23.48,37.48,0.91,0.93,73.71
2017-08-16,CAM RANH,12.25,109.2,7.46,27.65,29.01,26.82,24.16,28.42,81.41,19.01,99.72,2.5,149.8,13.27,38.01,0.91,0.93,99.24
2017-08-17,CAM RANH,12.25,109.2,4.26,27.04,27.98,26.59,24.45,28.3,85.86,19.37,99.65,3.35,56.2,15.59,37.9,0.9,0.93,98.68
2017-08-18,CAM RANH,12.25,109.2,22.33,27.55,28.15,27.04,24.65,27.93,84.22,19.61,99.66,2.04,132.0,14.86,37.6,0.94,0.95,87.51
2017-08-19,CAM RANH,12.25,109.2,2.08,27.85,28.94,26.99,24.24,28.64,80.8,19.09,99.76,2.47,158.8,22.45,37.86,0.91,0.94,76.21
2017-08-20,CAM RANH,12.25,109.2,2.73,28.49,30.3,27.27,25.33,28.84,83.16,20.42,99.64,2.38,354.6,23.93,37.74,0.91,0.94,72.09
2017-08-21,CAM RANH,12.25,109.2,4.64,28.55,30.14,27.84,24.92,28.74,80.91,19.95,99.52,2.45,182.7,19.03,37.73,0.91,0.94,93.02
2017-08-22,CAM RANH,12.25,109.2,3.64,28.76,30.37,27.4,25.13,28.78,80.91,20.22,99.46,2.51,222.4,22.1,36.9,0.91,0.94,98.72
2017-08-23,CAM RANH,12.25,109.2,4.8,28.16,29.17,27.17,24.63,28.4,81.18,19.6,99.56,3.15,202.6,21.55,37.34,0.91,0.94,97.18
2017-08-24,CAM RANH,12.25,109.2,11.82,28.48,29.87,27.12,24.89,28.6,81.14,19.9,99.65,2.76,195.7,22.76,37.67,0.92,0.93,83.84
2017-08-25,CAM RANH,12.25,109.2,50.22,27.58,28.63,26.85,24.51,28.24,83.58,19.46,99.6,2.55,177.0,20.33,37.73,0.95,0.95,92.51
2017-08-26,CAM RANH,12.25,109.2,33.16,27.15,28.1,26.64,24.6,28.05,85.99,19.58,99.45,4.03,169.4,12.84,37.48,0.96,0.98,98.53
2017-08-27,CAM RANH,12.25,109.2,3.2,27.73,28.78,26.69,24.54,28.13,82.84,19.47,99.64,4.22,189.1,19.38,37.11,0.93,0.97,92.4
2017-08-28,CAM RANH,12.25,109.2,4.48,28.2,29.62,27.28,24.93,28.7,82.67,19.92,99.74,4.31,181.5,21.44,37.02,0.93,0.96,99.12
2017-08-29,CAM RANH,12.25,109.2,2.9,27.82,28.69,27.16,24.51,28.47,82.2,19.39,99.81,1.4,81.6,21.62,37.7,0.93,0.96,90.93
2017-08-30,CAM RANH,12.25,109.2,2.04,28.4,29.33,27.62,24.84,29.16,81.07,19.77,99.85,1.83,148.9,23.78,37.29,0.92,0.96,59.85
2017-08-31,CAM RANH,12.25,109.2,2.06,28.5,29.95,27.62,24.35,29.1,78.47,19.2,99.88,2.43,184.1,23.11,37.33,0.92,0.96,80.11
2017-09-01,CAM RANH,12.25,109.2,2.24,29.16,30.76,27.73,24.84,29.36,77.72,19.82,99.75,2.37,206.6,24.37,37.33,0.92,0.95,65.82
2017-09-02,CAM RANH,12.25,109.2,1.95,29.43,31.3,27.98,24.79,29.34,76.33,19.77,99.68,1.92,220.9,23.38,37.59,0.91,0.95,85.4
2017-09-03,CAM RANH,12.25,109.2,5.66,28.84,30.32,27.82,25.6,29.08,83.0,20.75,99.73,3.4,184.1,22.57,37.95,0.91,0.95,99.05
2017-09-04,CAM RANH,12.25,109.2,3.57,28.61,29.79,27.59,25.75,28.93,84.58,20.9,99.81,3.1,191.0,21.49,38.08,0.91,0.95,89.52
2017-09-05,CAM RANH,12.25,109.2,4.76,28.87,30.38,28.05,25.63,29.25,82.74,20.75,99.82,3.52,189.3,23.48,37.55,0.91,0.94,59.75
2017-09-06,CAM RANH,12.25,109.2,4.22,28.6,29.94,27.48,25.3,28.87,82.69,20.36,99.84,2.81,183.1,22.21,37.45,0.91,0.94,84.47
2017-09-07,CAM RANH,12.25,109.2,3.53,28.43,29.92,27.23,25.79,28.78,85.7,20.92,99.93,2.96,182.1,24.59,37.15,0.91,0.94,28.75
2017-09-08,CAM RANH,12.25,109.2,0.6,27.89,29.27,26.59,25.11,28.52,84.88,20.09,99.93,3.49,170.5,24.89,36.63,0.9,0.94,10.48
2017-09-09,CAM RANH,12.25,109.2,0.32,27.98,29.44,26.93,24.44,28.87,81.24,19.3,99.92,3.17,171.7,24.9,36.43,0.9,0.93,25.87
2017-09-10,CAM RANH,12.25,109.2,0.75,28.01,29.5,26.78,24.54,28.96,81.51,19.4,99.95,2.6,161.1,25.39,36.84,0.9,0.93,15.03
2017-09-11,CAM RANH,12.25,109.2,2.28,28.14,29.73,27.0,24.69,28.91,81.74,19.59,99.94,3.13,184.6,23.49,37.14,0.89,0.92,66.54
2017-09-12,CAM RANH,12.25,109.2,2.52,28.3,30.21,27.09,24.92,28.41,82.0,19.85,99.92,3.26,358.0,23.42,37.14,0.89,0.92,86.03
2017-09-13,CAM RANH,12.25,109.2,7.46,28.22,29.64,26.93,24.45,28.29,80.2,19.35,99.71,2.41,300.0,19.55,37.49,0.9,0.92,99.24
2017-09-14,CAM RANH,12.25,109.2,3.91,28.0,29.55,26.88,25.09,28.21,84.43,20.19,99.41,5.03,209.5,11.5,37.6,0.9,0.92,99.47
2017-09-15,CAM RANH,12.25,109.2,4.27,28.27,29.68,27.16,25.56,28.47,85.29,20.7,99.66,5.88,186.4,18.08,37.16,0.89,0.92,99.23
2017-09-16,CAM RANH,12.25,109.2,17.22,28.28,29.51,27.16,25.44,28.6,84.62,20.48,99.99,4.6,183.3,20.69,37.31,0.91,0.92,97.54
2017-09-17,CAM RANH,12.25,109.2,6.78,28.6,30.26,27.13,24.95,28.94,80.78,19.87,100.04,2.08,275.0,21.86,38.19,0.91,0.93,84.24
2017-09-18,CAM RANH,12.25,109.2,3.66,28.64,30.45,27.59,24.99,28.76,80.83,19.94,99.93,2.33,176.0,24.61,37.7,0.9,0.93,54.49
2017-09-19,CAM RANH,12.25,109.2,2.27,28.39,29.84,27.56,25.06,28.94,82.32,20.04,99.83,2.8,163.6,23.42,37.23,0.9,0.93,75.53
2017-09-20,CAM RANH,12.25,109.2,1.37,28.3,29.91,27.13,24.68,28.99,80.82,19.6,99.75,3.41,172.5,23.54,36.92,0.89,0.92,55.48
2017-09-21,CAM RANH,12.25,109.2,21.65,27.28,28.37,26.34,24.07,28.49,82.62,18.89,99.76,2.96,167.7,18.57,37.65,0.93,0.93,97.13
2017-09-22,CAM RANH,12.25,109.2,5.01,27.29,28.83,26.65,23.8,28.68,81.42,18.58,99.83,2.7,123.2,12.95,37.26,0.91,0.94,99.07
2017-09-23,CAM RANH,12.25,109.2,7.83,27.56,28.39,26.85,24.57,28.66,83.71,19.46,99.82,1.69,195.5,19.97,37.13,0.91,0.93,96.18
2017-09-24,CAM RANH,12.25,109.2,18.09,27.78,29.14,27.2,24.36,28.71,81.86,19.24,99.75,3.23,171.8,15.44,37.28,0.93,0.94,96.63
2017-09-25,CAM RANH,12.25,109.2,2.91,28.64,30.14,27.28,24.68,28.99,79.43,19.62,99.75,2.14,182.2,22.25,37.69,0.91,0.94,68.69
2017-09-26,CAM RANH,12.25,109.2,1.84,28.35,29.77,27.46,24.65,28.96,80.41,19.54,99.88,1.67,76.4,21.89,37.32,0.91,0.94,83.71
2017-09-27,CAM RANH,12.25,109.2,2.33,27.93,29.03,27.1,24.79,28.84,83.03,19.71,99.87,2.31,70.7,21.07,36.94,0.91,0.94,90.3
2017-09-28,CAM RANH,12.25,109.2,1.46,28.22,29.67,27.21,24.56,29.42,80.72,19.45,99.82,2.6,143.3,23.4,37.38,0.9,0.93,48.19
2017-09-29,CAM RANH,12.25,109.2,3.59,27.76,28.58,26.74,24.98,28.83,84.78,19.91,99.99,3.57,158.5,22.37,37.15,0.9,0.93,54.4
2017-09-30,CAM RANH,12.25,109.2,18.77,27.51,28.33,26.74,24.56,28.51,83.9,19.39,100.05,2.58,160.9,18.03,37.5,0.93,0.94,87.65
2017-10-01,CAM RANH,12.25,109.2,6.27,27.44,28.79,26.51,24.46,28.49,83.83,19.32,99.91,2.41,87.2,20.71,37.57,0.92,0.95,90.61
2017-10-02,CAM RANH,12.25,109.2,17.5,26.99,28.25,26.27,23.84,28.3,83.01,18.62,99.83,2.59,127.6,15.43,36.96,0.93,0.95,99.44
2017-10-03,CAM RANH,12.25,109.2,31.86,26.6,27.31,25.99,23.57,28.01,83.45,18.28,99.99,2.53,176.1,5.74,37.15,0.96,0.97,95.98
2017-10-04,CAM RANH,12.25,109.2,1.6,27.58,28.66,26.64,23.87,28.84,80.21,18.61,100.04,2.25,109.3,22.97,37.11,0.93,0.97,52.9
2017-10-05,CAM RANH,12.25,109.2,1.4,27.87,28.88,27.31,24.12,29.13,80.09,18.91,99.96,2.28,38.1,23.47,36.66,0.92,0.96,41.24
2017-10-06,CAM RANH,12.25,109.2,30.59,27.83,28.45,27.2,24.83,28.43,83.8,19.77,99.9,2.85,34.6,21.55,36.68,0.96,0.97,84.85
2017-10-07,CAM RANH,12.25,109.2,1.04,27.9,28.64,27.35,24.18,28.72,80.21,19.0,99.85,2.63,60.5,21.05,36.97,0.93,0.97,44.99
2017-10-08,CAM RANH,12.25,109.2,6.2,28.42,29.47,27.51,25.27,28.7,83.13,20.34,99.68,4.87,1.2,21.72,36.79,0.93,0.96,63.5
2017-10-09,CAM RANH,12.25,109.2,1.52,28.68,30.58,27.43,25.16,28.72,81.59,20.25,99.49,3.51,198.3,13.99,37.33,0.92,0.96,96.36
2017-10-10,CAM RANH,12.25,109.2,0.44,28.18,29.3,27.37,25.03,28.46,83.05,20.04,99.66,3.19,157.7,22.42,36.95,0.92,0.95,71.75
2017-10-11,CAM RANH,12.25,109.2,4.56,27.7,28.58,27.05,24.25,28.36,81.48,19.09,99.79,2.09,107.1,18.64,36.99,0.92,0.95,91.87
2017-10-12,CAM RANH,12.25,109.2,6.86,28.39,29.81,27.61,25.47,28.68,84.36,20.59,99.66,5.63,358.8,21.08,37.34,0.92,0.95,72.11
2017-10-13,CAM RANH,12.25,109.2,5.05,27.79,28.74,26.93,25.31,28.11,86.3,20.4,99.61,5.13,5.2,7.85,37.51,0.92,0.95,99.63
2017-10-14,CAM RANH,12.25,109.2,5.9,27.0,28.06,26.05,23.81,28.02,82.72,18.62,99.61,2.39,172.4,10.1,36.97,0.92,0.95,99.55
2017-10-15,CAM RANH,12.25,109.2,8.26,27.0,27.95,26.41,24.33,28.02,85.33,19.22,99.62,2.34,107.0,15.18,37.14,0.93,0.95,98.82
2017-10-16,CAM RANH,12.25,109.2,43.34,27.35,28.93,26.19,24.78,28.12,85.96,19.73,99.7,3.99,79.6,15.73,37.67,0.96,0.97,98.38
2017-10-17,CAM RANH,12.25,109.2,14.11,26.69,27.35,26.03,23.78,27.35,84.04,18.53,99.92,4.2,21.5,13.11,36.99,0.95,0.98,98.54
2017-10-18,CAM RANH,12.25,109.2,12.98,27.23,27.91,26.66,25.03,27.59,87.83,20.01,99.86,5.27,348.3,7.88,37.19,0.95,0.98,99.69
2017-10-19,CAM RANH,12.25,109.2,18.08,27.48,28.01,26.86,25.83,27.63,90.62,20.99,99.87,6.46,13.1,7.22,37.17,0.96,0.98,99.37
2017-10-20,CAM RANH,12.25,109.2,3.16,27.09,28.1,26.12,24.37,27.3,85.05,19.19,100.04,6.12,13.8,13.38,37.49,0.94,0.98,94.62
2017-10-21,CAM RANH,12.25,109.2,0.93,26.82,28.11,26.12,23.82,27.7,83.63,18.55,100.05,4.97,16.1,17.09,37.04,0.94,0.98,77.54
2017-10-22,CAM RANH,12.25,109.2,2.34,26.8,27.58,26.19,23.92,27.68,84.17,18.65,100.07,5.21,32.0,16.62,37.07,0.93,0.97,83.49
2017-10-23,CAM RANH,12.25,109.2,3.45,26.95,27.82,26.08,23.95,27.6,83.6,18.66,100.22,6.69,34.6,12.0,37.28,0.93,0.97,74.34
2017-10-24,CAM RANH,12.25,109.2,4.15,26.98,28.23,25.87,23.7,27.47,82.38,18.38,100.32,7.04,17.8,17.36,36.5,0.93,0.96,68.24
2017-10-25,CAM RANH,12.25,109.2,7.61,27.03,28.2,26.22,23.8,27.35,82.56,18.48,100.33,7.69,23.0,9.15,36.99,0.93,0.96,99.57
2017-10-26,CAM RANH,12.25,109.2,28.03,26.85,27.78,26.14,24.61,27.15,87.49,19.44,100.15,8.67,20.1,5.49,37.41,0.96,0.97,99.66
2017-10-27,CAM RANH,12.25,109.2,3.64,26.39,27.53,25.51,22.51,26.67,79.22,17.12,100.1,8.69,15.6,10.97,36.7,0.93,0.97,97.04
2017-10-28,CAM RANH,12.25,109.2,1.15,26.55,27.6,25.73,22.68,26.73,79.32,17.27,100.22,8.1,24.9,13.68,36.67,0.92,0.96,95.55
2017-10-29,CAM RANH,12.25,109.2,1.08,26.53,27.62,25.74,22.35,26.67,77.84,16.92,100.3,9.54,26.5,14.15,36.54,0.91,0.95,96.28
2017-10-30,CAM RANH,12.25,109.2,13.6,26.54,27.55,25.82,23.22,26.8,82.16,17.87,100.19,8.53,29.9,12.08,36.64,0.93,0.95,99.13
2017-10-31,CAM RANH,12.25,109.2,87.63,26.59,27.35,26.26,24.79,26.81,89.88,19.68,100.06,7.67,49.3,6.47,36.89,0.96,0.97,99.72
2017-11-01,CAM RANH,12.25,109.2,13.59,26.35,26.93,25.85,24.56,26.47,89.87,19.42,100.03,6.88,49.0,12.03,36.59,0.95,0.98,99.26
2017-11-02,CAM RANH,12.25,109.2,3.59,25.77,27.17,24.5,22.84,26.31,83.92,17.52,99.88,9.33,357.8,14.18,35.85,0.93,0.97,99.08
2017-11-03,CAM RANH,12.25,109.2,185.66,26.09,26.67,24.89,23.79,26.36,87.15,18.68,99.3,11.88,329.0,5.54,36.77,0.97,0.98,99.44
2017-11-04,CAM RANH,12.25,109.2,79.81,25.99,26.65,25.42,24.56,26.31,91.71,19.47,99.69,7.97,122.2,4.61,36.79,0.99,1.0,98.36
2017-11-05,CAM RANH,12.25,109.2,14.73,26.24,26.88,25.69,24.59,26.54,90.59,19.47,99.93,5.73,23.4,16.73,36.48,0.97,1.0,93.89
2017-11-06,CAM RANH,12.25,109.2,9.69,26.42,27.43,25.83,24.58,26.63,89.58,19.46,99.88,4.16,15.5,15.23,37.31,0.97,1.0,75.6
2017-11-07,CAM RANH,12.25,109.2,12.05,26.5,27.28,25.87,24.97,26.59,91.29,19.91,99.97,4.63,21.2,16.33,36.88,0.97,1.0,86.5
2017-11-08,CAM RANH,12.25,109.2,9.54,26.18,27.16,25.64,24.42,26.39,90.04,19.26,99.98,4.8,21.5,11.97,36.88,0.97,1.0,98.83
2017-11-09,CAM RANH,12.25,109.2,2.72,26.39,27.26,25.67,24.58,26.53,89.77,19.45,99.96,5.02,21.9,15.62,36.38,0.96,0.99,96.11
2017-11-10,CAM RANH,12.25,109.2,1.33,26.33,27.31,25.73,24.6,26.55,90.16,19.46,100.0,5.66,17.9,14.46,36.27,0.95,0.99,97.65
2017-11-11,CAM RANH,12.25,109.2,3.86,26.37,27.23,25.71,24.52,26.74,89.53,19.37,99.96,5.13,15.9,17.35,36.73,0.95,0.99,69.84
2017-11-12,CAM RANH,12.25,109.2,7.25,26.24,27.32,25.37,24.2,26.36,88.53,19.01,99.9,5.03,12.6,14.59,36.59,0.95,0.99,78.88
2017-11-13,CAM RANH,12.25,109.2,4.29,26.44,27.44,25.78,24.35,26.72,88.26,19.18,99.93,4.26,31.4,18.95,35.88,0.95,0.98,74.82
2017-11-14,CAM RANH,12.25,109.2,3.7,26.31,27.21,25.65,24.36,26.52,89.03,19.17,100.03,4.06,34.8,10.27,37.17,0.94,0.98,98.22
2017-11-15,CAM RANH,12.25,109.2,6.78,26.53,27.28,25.94,25.24,26.58,92.56,20.21,100.08,3.91,52.9,10.93,36.47,0.94,0.98,65.61
2017-11-16,CAM RANH,12.25,109.2,4.32,26.62,27.69,25.91,25.26,26.8,92.25,20.24,100.08,3.64,19.4,16.52,36.42,0.94,0.98,83.05
2017-11-17,CAM RANH,12.25,109.2,0.88,26.33,27.42,25.52,24.65,26.46,90.48,19.54,99.94,3.94,9.8,15.76,35.95,0.94,0.98,98.59
2017-11-18,CAM RANH,12.25,109.2,12.14,26.48,27.74,25.68,24.34,26.65,88.04,19.18,99.87,6.47,16.4,9.76,36.42,0.94,0.97,98.84
2017-11-19,CAM RANH,12.25,109.2,16.91,26.35,27.17,25.73,24.92,26.42,91.78,19.87,99.88,5.87,77.4,6.95,36.51,0.96,0.99,98.8
2017-11-20,CAM RANH,12.25,109.2,5.87,26.52,27.39,25.91,24.3,26.98,87.63,19.09,100.11,3.48,47.2,18.27,35.93,0.94,0.98,93.7
2017-11-21,CAM RANH,12.25,109.2,5.23,26.49,27.24,25.98,24.71,26.72,89.95,19.59,100.04,4.88,26.5,15.87,36.71,0.94,0.98,91.95
2017-11-22,CAM RANH,12.25,109.2,2.54,26.79,27.4,26.39,25.22,26.94,91.09,20.2,99.98,5.76,28.2,16.32,36.08,0.94,0.98,93.98
2017-11-23,CAM RANH,12.25,109.2,10.35,26.34,26.92,25.93,24.72,26.49,90.74,19.58,100.08,8.97,29.6,11.28,36.74,0.95,0.98,98.9
2017-11-24,CAM RANH,12.25,109.2,16.15,26.03,26.87,25.38,24.23,26.29,89.77,18.99,100.19,10.16,25.1,5.83,37.09,0.95,0.98,99.46
2017-11-25,CAM RANH,12.25,109.2,25.73,25.95,26.57,25.61,24.6,26.05,92.23,19.41,100.28,8.62,22.4,10.99,37.19,0.97,0.99,99.22
2017-11-26,CAM RANH,12.25,109.2,11.83,25.94,26.73,25.38,24.54,26.12,91.94,19.36,100.18,9.06,24.2,11.66,36.55,0.95,0.99,97.83
2017-11-27,CAM RANH,12.25,109.2,9.16,25.79,26.5,25.32,24.57,25.9,92.93,19.42,100.02,7.93,18.6,13.8,36.28,0.96,0.99,99.23
2017-11-28,CAM RANH,12.25,109.2,11.17,25.97,26.59,25.6,24.67,25.92,92.53,19.53,100.08,6.33,19.2,12.06,36.35,0.96,0.99,99.78
2017-11-29,CAM RANH,12.25,109.2,2.13,25.93,26.85,25.24,24.26,25.99,90.47,19.05,100.09,6.59,29.6,12.39,35.76,0.95,0.99,99.1
2017-11-30,CAM RANH,12.25,109.2,1.69,25.96,27.13,25.11,23.82,26.04,88.05,18.56,100.03,8.32,15.1,12.86,35.69,0.94,0.98,99.34
2017-12-01,CAM RANH,12.25,109.2,14.65,25.91,26.7,25.56,24.56,25.94,92.22,19.41,100.02,8.57,23.5,12.3,36.69,0.95,0.99,96.67
2017-12-02,CAM RANH,12.25,109.2,16.39,25.83,26.51,25.34,24.24,25.88,90.89,19.02,100.12,5.47,37.5,2.61,36.53,0.96,0.99,97.1
2017-12-03,CAM RANH,12.25,109.2,30.35,26.06,26.71,25.7,24.96,26.1,93.59,19.87,100.09,6.43,35.5,9.71,37.02,0.98,1.0,98.35
2017-12-04,CAM RANH,12.25,109.2,8.17,25.9,26.84,25.14,24.22,26.0,90.37,19.0,100.11,8.58,31.6,10.36,37.02,0.96,1.0,78.22
2017-12-05,CAM RANH,12.25,109.2,4.16,25.33,26.34,24.67,22.65,25.5,85.09,17.25,100.22,9.26,24.1,9.46,36.54,0.95,0.99,88.51
2017-12-06,CAM RANH,12.25,109.2,2.26,25.35,26.51,24.6,22.62,25.48,84.76,17.21,100.24,7.13,23.6,12.02,37.47,0.95,0.99,90.8
2017-12-07,CAM RANH,12.25,109.2,0.37,25.23,26.32,24.36,21.7,25.33,80.73,16.25,100.36,7.84,26.0,14.91,35.1,0.94,0.98,73.86
2017-12-08,CAM RANH,12.25,109.2,0.37,24.37,25.7,23.33,19.92,24.68,76.2,14.54,100.4,10.65,20.4,11.72,34.88,0.93,0.97,94.75
2017-12-09,CAM RANH,12.25,109.2,0.45,23.82,25.06,22.98,19.54,24.46,76.93,14.2,100.4,8.22,17.2,11.89,33.86,0.92,0.97,74.05
2017-12-10,CAM RANH,12.25,109.2,0.82,24.24,25.37,23.6,20.5,24.73,79.7,15.07,100.41,6.73,10.1,14.86,34.65,0.92,0.96,48.18
2017-12-11,CAM RANH,12.25,109.2,0.05,24.58,25.87,23.56,21.19,24.98,81.42,15.73,100.39,6.46,17.2,16.82,35.05,0.91,0.95,37.43
2017-12-12,CAM RANH,12.25,109.2,0.1,24.61,26.05,23.59,21.24,25.13,81.64,15.8,100.3,5.62,10.2,18.59,34.28,0.91,0.95,25.97
2017-12-13,CAM RANH,12.25,109.2,0.16,24.84,26.23,23.93,22.17,25.25,85.21,16.74,100.23,5.99,2.3,15.72,34.6,0.91,0.94,86.65
2017-12-14,CAM RANH,12.25,109.2,1.47,25.25,26.69,24.38,22.83,25.44,86.58,17.44,100.22,6.38,8.9,18.14,34.93,0.9,0.94,69.72
2017-12-15,CAM RANH,12.25,109.2,1.25,25.21,26.34,24.45,22.42,25.33,84.47,16.99,100.32,7.89,19.9,13.01,35.42,0.9,0.93,79.55
2017-12-16,CAM RANH,12.25,109.2,0.77,24.68,26.01,23.36,21.19,24.94,80.9,15.71,100.55,10.96,26.6,16.06,34.97,0.89,0.93,66.92
2017-12-17,CAM RANH,12.25,109.2,0.83,23.18,24.73,21.94,19.29,24.29,78.81,13.94,100.65,11.91,10.8,14.49,34.37,0.88,0.92,87.72
2017-12-18,CAM RANH,12.25,109.2,3.19,21.99,23.19,21.2,18.29,23.55,79.59,13.1,100.68,12.83,359.7,9.97,34.5,0.88,0.91,98.67
2017-12-19,CAM RANH,12.25,109.2,6.7,20.84,22.0,20.27,17.07,22.85,79.19,12.14,100.67,13.98,358.5,8.01,33.92,0.89,0.91,98.53
2017-12-20,CAM RANH,12.25,109.2,3.87,21.99,22.54,20.47,19.38,23.38,85.23,14.06,100.61,14.09,1.6,4.28,34.93,0.89,0.91,97.96
2017-12-21,CAM RANH,12.25,109.2,3.9,23.88,24.47,22.96,22.18,24.22,90.14,16.73,100.38,10.56,22.7,5.36,35.91,0.89,0.91,89.93
2017-12-22,CAM RANH,12.25,109.2,2.82,24.14,25.06,23.55,22.04,24.37,88.02,16.6,100.27,8.08,22.9,6.12,36.55,0.88,0.91,94.78
2017-12-23,CAM RANH,12.25,109.2,0.81,24.26,25.57,23.48,22.03,24.45,87.41,16.61,100.13,8.4,13.4,13.97,35.35,0.87,0.9,68.26
2017-12-24,CAM RANH,12.25,109.2,3.48,23.94,25.22,22.99,21.23,24.04,84.74,15.82,100.12,12.9,16.9,8.93,35.27,0.87,0.9,99.69
2017-12-25,CAM RANH,12.25,109.2,17.37,23.56,24.02,23.16,21.83,23.88,90.08,16.44,100.08,10.23,20.8,4.54,35.58,0.91,0.91,93.38
2017-12-26,CAM RANH,12.25,109.2,21.21,24.54,25.55,23.96,23.49,24.41,93.81,18.16,100.22,6.05,41.8,7.88,36.8,0.93,0.93,96.69
2017-12-27,CAM RANH,12.25,109.2,3.36,24.51,25.36,24.09,23.34,24.5,93.13,17.98,100.22,7.27,30.1,12.12,36.5,0.9,0.93,96.81
2017-12-28,CAM RANH,12.25,109.2,2.64,24.49,25.37,23.94,23.46,24.54,93.9,18.1,100.29,6.73,30.9,8.44,36.52,0.9,0.93,90.62
2017-12-29,CAM RANH,12.25,109.2,2.55,24.28,25.26,23.64,22.98,24.39,92.44,17.57,100.38,7.99,27.8,7.48,36.64,0.9,0.93,92.32
2017-12-30,CAM RANH,12.25,109.2,1.16,23.91,25.18,23.11,21.68,24.08,87.34,16.21,100.41,9.49,21.8,11.96,35.23,0.89,0.92,66.4
2017-12-31,CAM RANH,12.25,109.2,0.55,23.76,24.9,22.98,20.41,23.8,81.49,14.99,100.37,9.88,25.1,13.7,34.62,0.88,0.91,86.26
2018-01-01,CAM RANH,12.25,109.2,0.95,23.37,24.45,22.71,20.68,23.49,84.87,15.26,100.23,8.33,19.8,14.24,34.63,0.88,0.91,84.63
2018-01-02,CAM RANH,12.25,109.2,1.13,23.77,24.81,23.12,21.85,24.01,89.1,16.43,100.17,7.09,11.8,15.39,34.74,0.88,0.9,98.84
2018-01-03,CAM RANH,12.25,109.2,1.75,24.41,25.56,23.8,22.86,24.72,91.06,17.49,100.03,7.12,11.9,13.01,35.74,0.87,0.9,95.83
2018-01-04,CAM RANH,12.25,109.2,5.15,24.72,25.72,23.94,23.97,24.53,95.53,18.75,99.91,3.54,32.4,6.93,36.49,0.89,0.9,73.44
2018-01-05,CAM RANH,12.25,109.2,0.77,24.7,25.88,24.03,23.32,24.8,92.08,18.01,99.98,2.52,31.6,9.21,36.8,0.87,0.9,81.73
2018-01-06,CAM RANH,12.25,109.2,0.24,24.77,26.0,24.01,23.44,24.83,92.3,18.13,100.03,1.29,61.9,15.04,35.97,0.87,0.89,77.21
2018-01-07,CAM RANH,12.25,109.2,0.26,25.24,26.46,24.6,23.92,25.42,92.47,18.65,100.12,1.58,86.3,16.34,35.79,0.86,0.89,84.89
2018-01-08,CAM RANH,12.25,109.2,0.24,25.3,26.87,24.06,23.41,25.63,89.37,18.07,100.21,1.72,47.4,19.01,35.15,0.86,0.88,30.55
2018-01-09,CAM RANH,12.25,109.2,1.24,23.68,25.67,22.45,21.58,24.36,88.03,16.15,100.47,9.68,3.1,13.84,35.96,0.86,0.87,86.14
2018-01-10,CAM RANH,12.25,109.2,1.13,22.88,24.25,22.03,20.5,23.9,86.54,15.07,100.58,10.61,6.4,7.99,35.1,0.85,0.87,84.22
2018-01-11,CAM RANH,12.25,109.2,2.26,22.7,23.57,22.07,19.81,23.63,83.72,14.41,100.61,11.12,12.8,5.87,35.79,0.85,0.87,97.44
2018-01-12,CAM RANH,12.25,109.2,1.38,22.55,23.5,21.98,19.15,23.39,81.11,13.82,100.59,10.6,20.7,11.55,34.52,0.85,0.86,87.29
2018-01-13,CAM RANH,12.25,109.2,1.49,23.06,23.95,22.56,20.13,23.53,83.54,14.72,100.47,9.46,25.3,8.06,35.54,0.85,0.86,98.13
2018-01-14,CAM RANH,12.25,109.2,1.42,23.31,24.1,22.88,20.85,23.67,86.06,15.41,100.36,8.63,25.6,9.39,35.62,0.84,0.85,99.42
2018-01-15,CAM RANH,12.25,109.2,0.56,23.57,24.65,22.97,21.08,23.76,85.91,15.65,100.23,7.44,19.9,9.3,35.52,0.84,0.85,93.47
2018-01-16,CAM RANH,12.25,109.2,0.4,23.49,25.03,22.54,20.46,23.59,83.05,15.07,100.17,7.13,11.5,8.78,35.41,0.83,0.84,98.67
2018-01-17,CAM RANH,12.25,109.2,0.58,23.13,24.54,22.28,20.13,23.65,83.26,14.76,100.18,7.88,3.6,11.0,34.98,0.83,0.84,99.68
2018-01-18,CAM RANH,12.25,109.2,2.76,23.07,24.26,22.4,20.53,23.58,85.76,15.15,100.18,7.73,0.8,10.03,35.54,0.84,0.83,99.0
2018-01-19,CAM RANH,12.25,109.2,1.4,23.96,25.19,23.14,22.51,24.15,91.65,17.11,100.17,6.91,14.7,10.36,36.17,0.83,0.83,87.44
2018-01-20,CAM RANH,12.25,109.2,4.25,24.27,25.55,23.38,22.74,24.27,91.15,17.35,100.11,5.96,22.9,10.48,35.97,0.83,0.83,97.05
2018-01-21,CAM RANH,12.25,109.2,1.33,24.28,25.78,23.49,22.65,24.39,90.67,17.27,100.01,6.04,8.4,10.63,36.33,0.83,0.83,93.26
2018-01-22,CAM RANH,12.25,109.2,1.85,24.26,25.45,23.4,22.84,24.4,91.78,17.48,99.97,5.86,24.6,8.1,36.3,0.83,0.82,98.83
2018-01-23,CAM RANH,12.25,109.2,0.55,24.47,25.95,23.28,22.64,24.72,89.63,17.27,99.96,4.92,30.4,11.27,36.0,0.82,0.82,85.4
2018-01-24,CAM RANH,12.25,109.2,0.15,24.43,25.49,23.58,22.47,24.79,88.89,17.11,99.93,4.38,37.3,13.91,35.16,0.81,0.81,91.97
2018-01-25,CAM RANH,12.25,109.2,0.4,24.5,25.93,23.47,22.65,24.77,89.53,17.29,99.95,4.81,21.0,16.08,35.26,0.81,0.81,93.4
2018-01-26,CAM RANH,12.25,109.2,2.08,24.64,26.25,23.57,22.89,24.87,90.1,17.54,99.99,5.08,17.2,14.94,35.5,0.8,0.8,99.48
2018-01-27,CAM RANH,12.25,109.2,0.88,24.67,25.93,23.8,23.07,24.95,90.84,17.73,100.01,4.69,19.1,12.95,35.97,0.8,0.8,98.05
2018-01-28,CAM RANH,12.25,109.2,0.09,24.58,26.29,23.33,22.93,24.89,90.65,17.58,100.04,4.55,5.6,16.86,35.16,0.79,0.79,98.45
2018-01-29,CAM RANH,12.25,109.2,2.43,24.13,25.89,22.68,22.19,24.49,88.94,16.78,100.24,7.97,4.6,17.33,35.5,0.8,0.79,77.88
2018-01-30,CAM RANH,12.25,109.2,1.13,23.59,24.89,22.84,21.54,24.26,88.38,16.1,100.29,7.48,7.3,12.98,35.48,0.79,0.78,67.58
2018-01-31,CAM RANH,12.25,109.2,0.42,23.49,25.91,21.37,20.95,24.36,85.79,15.53,100.47,8.98,10.3,16.48,35.63,0.78,0.78,79.35
2018-02-01,CAM RANH,12.25,109.2,0.32,22.07,23.37,21.44,19.07,23.34,83.18,13.77,100.56,8.43,10.5,11.02,35.57,0.78,0.77,88.69
2018-02-02,CAM RANH,12.25,109.2,0.61,22.57,24.24,21.57,19.7,23.55,83.85,14.31,100.66,9.98,7.4,17.06,34.6,0.77,0.77,55.95
2018-02-03,CAM RANH,12.25,109.2,0.67,21.56,23.03,20.56,18.45,22.79,82.51,13.22,100.72,11.01,8.5,13.27,34.23,0.77,0.76,69.58
2018-02-04,CAM RANH,12.25,109.2,0.44,21.8,23.14,20.84,18.43,22.88,81.35,13.21,100.72,10.03,6.4,19.73,33.35,0.76,0.76,50.47
2018-02-05,CAM RANH,12.25,109.2,0.4,21.23,22.8,19.59,17.79,22.34,80.86,12.68,100.82,11.09,7.4,11.3,34.31,0.76,0.75,74.54
2018-02-06,CAM RANH,12.25,109.2,0.12,19.99,21.39,19.14,16.27,21.68,79.24,11.51,100.71,8.69,7.2,18.18,31.42,0.75,0.75,32.68
2018-02-07,CAM RANH,12.25,109.2,0.08,20.4,21.97,19.5,16.49,21.93,78.49,11.69,100.57,7.65,3.8,21.91,30.88,0.74,0.74,15.05
2018-02-08,CAM RANH,12.25,109.2,0.08,21.24,22.7,20.15,17.86,22.14,81.13,12.77,100.44,6.54,7.6,21.23,31.84,0.73,0.73,15.56
2018-02-09,CAM RANH,12.25,109.2,0.0,21.94,24.1,20.26,18.43,22.68,80.69,13.24,100.35,3.97,22.9,21.64,31.83,0.72,0.73,7.1
2018-02-10,CAM RANH,12.25,109.2,0.07,22.42,24.58,21.2,19.43,23.19,83.41,14.09,100.45,5.02,16.5,21.4,32.63,0.71,0.72,20.24
2018-02-11,CAM RANH,12.25,109.2,0.55,22.95,24.55,22.04,20.57,23.29,86.59,15.1,100.63,8.54,11.1,15.13,35.17,0.71,0.72,74.87
2018-02-12,CAM RANH,12.25,109.2,0.46,22.71,24.35,21.66,19.18,23.07,80.49,13.83,100.81,10.08,16.6,17.24,35.46,0.7,0.71,80.6
2018-02-13,CAM RANH,12.25,109.2,0.1,22.1,23.74,20.71,18.08,22.85,78.09,12.9,100.79,7.86,8.0,15.21,33.42,0.69,0.71,41.21
2018-02-14,CAM RANH,12.25,109.2,0.0,22.65,24.42,21.5,19.08,23.66,80.54,13.77,100.61,4.45,19.8,22.93,32.29,0.68,0.7,19.58
2018-02-15,CAM RANH,12.25,109.2,0.02,23.36,26.18,21.25,20.11,24.02,82.35,14.72,100.39,2.93,20.6,21.79,32.95,0.68,0.7,36.52
2018-02-16,CAM RANH,12.25,109.2,0.64,23.76,26.3,22.51,20.76,24.55,84.07,15.38,100.25,3.91,8.7,22.52,33.57,0.67,0.69,33.51
2018-02-17,CAM RANH,12.25,109.2,2.69,24.2,25.83,23.39,22.47,24.75,90.16,17.05,100.22,5.76,17.1,8.35,36.84,0.68,0.69,94.04
2018-02-18,CAM RANH,12.25,109.2,1.64,24.4,25.71,23.39,22.86,24.71,91.2,17.46,100.27,4.61,43.9,8.76,36.33,0.68,0.69,67.59
2018-02-19,CAM RANH,12.25,109.2,0.45,24.03,25.57,22.9,21.85,24.37,87.79,16.41,100.29,3.9,30.8,21.54,34.61,0.66,0.68,35.91
2018-02-20,CAM RANH,12.25,109.2,0.15,24.12,25.92,22.86,21.82,24.6,87.19,16.39,100.16,3.32,30.5,19.87,34.15,0.65,0.68,49.96
2018-02-21,CAM RANH,12.25,109.2,0.1,24.59,26.05,23.52,22.78,25.44,89.76,17.4,100.1,3.31,45.3,15.98,36.26,0.64,0.67,56.84
2018-02-22,CAM RANH,12.25,109.2,0.04,24.72,26.29,23.55,22.35,25.56,86.72,16.93,100.2,5.09,30.8,18.6,35.6,0.63,0.67,49.85
2018-02-23,CAM RANH,12.25,109.2,0.26,24.65,26.14,23.37,22.17,25.49,86.21,16.72,100.38,5.8,29.6,18.84,35.12,0.63,0.66,46.05
2018-02-24,CAM RANH,12.25,109.2,0.1,24.77,26.63,23.3,21.49,25.46,82.11,16.01,100.46,5.19,25.2,22.78,34.25,0.62,0.66,27.79
2018-02-25,CAM RANH,12.25,109.2,0.06,24.43,26.36,22.82,21.29,25.06,83.01,15.83,100.39,6.56,14.6,19.89,34.69,0.61,0.65,73.26
2018-02-26,CAM RANH,12.25,109.2,0.07,24.17,25.82,22.91,21.6,24.7,85.75,16.15,100.32,6.74,18.1,19.2,34.65,0.61,0.65,60.5
2018-02-27,CAM RANH,12.25,109.2,0.19,24.5,26.23,23.36,21.73,25.18,84.87,16.3,100.21,5.46,12.6,20.54,35.48,0.6,0.64,71.15
2018-02-28,CAM RANH,12.25,109.2,0.78,24.72,26.08,23.76,22.93,25.37,89.86,17.56,100.11,3.22,29.6,16.01,36.62,0.6,0.64,82.78
2018-03-01,CAM RANH,12.25,109.2,1.93,25.3,26.83,24.35,23.25,26.08,88.5,17.92,100.05,1.8,64.5,17.19,36.05,0.61,0.64,70.93
2018-03-02,CAM RANH,12.25,109.2,0.02,25.56,27.02,24.48,23.59,26.44,88.94,18.31,99.97,2.14,129.8,21.64,35.06,0.59,0.63,20.83
2018-03-03,CAM RANH,12.25,109.2,0.07,25.56,27.37,24.1,23.11,26.53,86.47,17.77,99.99,2.58,142.2,22.32,34.82,0.58,0.63,47.32
2018-03-04,CAM RANH,12.25,109.2,0.05,25.88,27.9,24.61,23.22,26.98,85.46,17.89,100.04,2.49,136.8,23.77,34.81,0.57,0.62,17.52
2018-03-05,CAM RANH,12.25,109.2,0.04,25.92,27.73,24.45,22.66,27.0,82.28,17.27,100.13,2.35,111.7,23.66,34.56,0.56,0.62,14.71
2018-03-06,CAM RANH,12.25,109.2,0.2,26.11,27.85,24.7,22.87,27.07,82.47,17.47,100.23,3.67,63.2,20.13,35.35,0.56,0.61,28.53
2018-03-07,CAM RANH,12.25,109.2,0.04,25.78,27.74,24.47,22.52,26.82,82.43,17.1,100.24,4.56,31.9,23.87,34.51,0.55,0.61,14.65
2018-03-08,CAM RANH,12.25,109.2,0.18,25.57,27.44,24.29,22.38,26.61,82.69,16.95,100.28,7.21,22.7,22.7,34.94,0.55,0.6,37.12
2018-03-09,CAM RANH,12.25,109.2,1.32,24.5,25.78,23.67,21.45,25.66,83.19,15.98,100.43,10.34,18.6,10.06,36.52,0.56,0.6,91.85
2018-03-10,CAM RANH,12.25,109.2,0.14,24.1,25.53,23.13,20.31,25.1,79.44,14.88,100.5,8.96,22.7,8.55,36.0,0.55,0.6,75.26
2018-03-11,CAM RANH,12.25,109.2,0.19,24.22,25.89,22.95,20.15,25.05,78.13,14.73,100.5,7.64,20.4,18.64,35.54,0.54,0.59,64.73
2018-03-12,CAM RANH,12.25,109.2,0.78,24.47,26.17,23.31,20.25,25.2,77.45,14.83,100.43,6.5,18.8,22.88,34.53,0.54,0.59,38.95
2018-03-13,CAM RANH,12.25,109.2,0.43,24.75,26.53,23.52,20.42,25.55,77.01,15.01,100.29,4.25,28.6,23.09,34.97,0.53,0.59,48.49
2018-03-14,CAM RANH,12.25,109.2,1.52,25.28,27.0,24.14,21.58,26.42,80.22,16.15,100.2,2.57,61.4,22.94,35.27,0.53,0.58,47.06
2018-03-15,CAM RANH,12.25,109.2,10.16,25.48,27.04,24.41,23.04,26.58,86.48,17.67,100.19,3.49,57.6,19.46,37.11,0.6,0.58,81.71
2018-03-16,CAM RANH,12.25,109.2,5.74,25.95,27.19,25.07,23.31,26.85,85.39,17.96,100.24,2.29,113.5,21.54,36.48,0.6,0.6,53.3
2018-03-17,CAM RANH,12.25,109.2,0.07,26.08,27.64,24.94,22.41,27.16,80.22,16.98,100.29,3.47,63.9,20.41,35.23,0.55,0.59,22.95
2018-03-18,CAM RANH,12.25,109.2,0.03,26.25,28.1,24.99,21.96,27.59,77.59,16.52,100.27,2.61,62.4,24.51,34.29,0.53,0.59,11.75
2018-03-19,CAM RANH,12.25,109.2,0.02,26.64,28.99,25.06,22.7,27.91,79.33,17.32,100.09,3.32,148.7,25.1,34.79,0.52,0.58,10.18
2018-03-20,CAM RANH,12.25,109.2,0.65,26.62,28.71,25.25,23.12,27.6,81.41,17.78,100.1,3.71,125.8,22.77,36.28,0.52,0.58,51.2
2018-03-21,CAM RANH,12.25,109.2,0.62,25.12,26.86,23.87,21.73,26.26,81.5,16.3,100.22,7.96,14.8,16.7,36.33,0.53,0.57,66.95
2018-03-22,CAM RANH,12.25,109.2,0.11,24.38,26.1,23.28,20.01,25.76,76.79,14.65,100.21,8.31,19.6,12.83,35.91,0.52,0.57,77.23
2018-03-23,CAM RANH,12.25,109.2,0.1,24.99,26.51,24.13,20.21,26.2,74.97,14.82,100.34,7.43,26.0,22.58,34.53,0.51,0.57,48.34
2018-03-24,CAM RANH,12.25,109.2,0.5,25.47,27.2,24.02,20.82,26.19,75.87,15.39,100.4,6.25,19.9,23.37,35.24,0.51,0.56,39.68
2018-03-25,CAM RANH,12.25,109.2,0.21,25.38,27.35,23.81,21.21,26.35,77.92,15.74,100.51,6.38,18.6,23.71,34.61,0.51,0.56,21.0
2018-03-26,CAM RANH,12.25,109.2,0.09,24.99,27.1,23.64,20.6,26.14,76.88,15.16,100.44,7.57,13.5,24.21,33.8,0.5,0.55,28.62
2018-03-27,CAM RANH,12.25,109.2,0.27,25.08,26.81,23.99,20.7,26.11,76.77,15.27,100.31,6.94,16.8,20.99,34.95,0.5,0.55,42.95
2018-03-28,CAM RANH,12.25,109.2,0.01,25.24,27.07,24.01,20.45,26.44,74.94,15.05,100.2,4.48,35.6,20.92,35.23,0.49,0.55,36.86
2018-03-29,CAM RANH,12.25,109.2,0.15,25.71,27.51,24.5,21.18,27.07,76.23,15.76,100.16,3.49,46.1,18.68,36.95,0.49,0.54,67.35
2018-03-30,CAM RANH,12.25,109.2,0.18,25.56,27.58,24.01,21.25,26.94,77.28,15.82,100.2,5.54,22.9,19.92,35.37,0.48,0.54,37.0
2018-03-31,CAM RANH,12.25,109.2,0.42,25.49,27.26,24.24,21.1,26.73,76.84,15.67,100.19,7.33,20.1,21.33,34.97,0.49,0.54,48.78
2018-04-01,CAM RANH,12.25,109.2,0.06,25.35,27.34,23.77,20.48,26.65,74.77,15.08,100.19,6.64,24.7,21.88,35.39,0.48,0.53,70.67
2018-04-02,CAM RANH,12.25,109.2,0.03,25.31,27.02,24.01,20.53,26.8,74.94,15.12,100.22,5.35,29.1,18.82,35.27,0.48,0.53,60.23
2018-04-03,CAM RANH,12.25,109.2,0.0,25.53,27.7,23.88,20.24,27.06,72.88,14.86,100.17,3.85,40.4,24.32,33.63,0.47,0.52,21.74
2018-04-04,CAM RANH,12.25,109.2,0.07,26.16,27.98,25.03,21.84,27.71,77.44,16.45,100.05,3.07,67.8,25.0,34.71,0.46,0.52,18.01
2018-04-05,CAM RANH,12.25,109.2,0.05,26.35,27.93,25.06,22.81,27.88,81.03,17.45,99.99,3.12,93.6,21.15,35.45,0.46,0.51,35.71
2018-04-06,CAM RANH,12.25,109.2,1.87,26.44,27.94,25.53,22.65,27.92,79.73,17.25,100.18,5.59,50.5,22.64,35.6,0.47,0.51,56.32
2018-04-07,CAM RANH,12.25,109.2,10.47,25.62,27.47,24.34,22.27,26.77,81.86,16.82,100.42,10.98,32.2,14.78,36.66,0.57,0.52,91.04
2018-04-08,CAM RANH,12.25,109.2,1.97,24.97,26.32,23.99,21.33,26.34,80.32,15.86,100.46,9.43,22.6,16.38,36.11,0.53,0.53,77.64
2018-04-09,CAM RANH,12.25,109.2,1.6,25.6,27.16,24.66,22.1,26.78,81.16,16.65,100.31,5.92,28.6,16.52,36.98,0.49,0.53,77.59
2018-04-10,CAM RANH,12.25,109.2,2.76,26.24,27.85,25.08,23.1,27.23,82.95,17.74,100.15,3.65,44.2,22.5,36.2,0.51,0.53,32.74
2018-04-11,CAM RANH,12.25,109.2,0.04,26.93,28.61,25.94,23.41,28.12,81.05,18.1,100.02,2.28,78.5,24.62,35.8,0.47,0.52,11.7
2018-04-12,CAM RANH,12.25,109.2,0.01,27.24,29.42,25.79,23.45,28.56,80.09,18.15,99.98,2.87,129.3,26.86,35.16,0.46,0.52,13.06
2018-04-13,CAM RANH,12.25,109.2,0.01,27.26,28.98,25.87,23.56,28.57,80.33,18.26,100.04,2.74,124.7,26.29,35.31,0.46,0.51,10.68
2018-04-14,CAM RANH,12.25,109.2,0.02,27.64,29.48,26.28,23.84,29.0,79.89,18.59,99.96,2.7,103.3,25.75,35.76,0.45,0.51,10.44
2018-04-15,CAM RANH,12.25,109.2,0.08,27.67,29.62,26.52,24.04,28.99,80.94,18.8,100.05,4.48,40.4,25.45,35.86,0.45,0.5,48.59
2018-04-16,CAM RANH,12.25,109.2,4.19,27.37,29.23,25.94,23.95,28.51,81.86,18.68,100.17,5.89,28.3,20.5,36.13,0.5,0.5,80.82
2018-04-17,CAM RANH,12.25,109.2,0.31,27.05,29.15,25.48,23.43,28.39,80.88,18.08,100.24,5.95,21.4,23.06,36.24,0.48,0.5,52.96
2018-04-18,CAM RANH,12.25,109.2,0.22,27.23,29.03,25.98,22.54,28.45,75.63,17.13,100.16,4.32,39.4,21.29,35.64,0.46,0.5,34.19
2018-04-19,CAM RANH,12.25,109.2,0.2,27.34,29.15,25.69,22.18,28.53,73.78,16.78,100.08,3.61,54.7,24.56,35.54,0.44,0.49,38.14
2018-04-20,CAM RANH,12.25,109.2,0.23,27.25,29.09,25.94,22.06,28.83,73.5,16.66,100.07,2.78,78.0,24.85,35.06,0.43,0.49,17.51
2018-04-21,CAM RANH,12.25,109.2,0.16,27.87,29.7,26.63,22.44,29.4,72.83,17.08,100.03,2.79,103.7,25.85,35.91,0.41,0.49,19.61
2018-04-22,CAM RANH,12.25,109.2,0.58,27.93,29.72,26.55,24.3,29.53,80.88,19.13,99.92,3.08,157.3,24.8,36.54,0.41,0.48,25.31
2018-04-23,CAM RANH,12.25,109.2,0.34,27.87,29.56,26.74,24.46,29.03,81.98,19.36,99.81,3.87,165.3,24.47,36.71,0.41,0.48,43.83
2018-04-24,CAM RANH,12.25,109.2,0.98,28.32,30.47,26.83,24.19,29.64,78.61,19.02,99.86,3.88,166.5,24.93,36.69,0.4,0.48,57.89
2018-04-25,CAM RANH,12.25,109.2,0.77,28.26,30.4,26.86,23.85,29.88,77.36,18.62,99.91,2.67,143.5,24.63,36.42,0.38,0.48,63.66
2018-04-26,CAM RANH,12.25,109.2,7.89,28.22,29.88,26.87,23.79,29.55,77.14,18.51,100.08,2.47,74.1,23.78,36.59,0.49,0.48,80.94
2018-04-27,CAM RANH,12.25,109.2,2.74,28.17,29.89,27.05,23.95,29.38,78.06,18.67,100.18,4.33,43.5,23.38,36.79,0.5,0.49,48.45
2018-04-28,CAM RANH,12.25,109.2,1.53,28.03,29.24,27.17,23.87,29.17,78.16,18.58,100.13,3.83,42.7,23.1,36.36,0.49,0.49,22.62
2018-04-29,CAM RANH,12.25,109.2,2.04,28.11,30.09,26.51,22.32,29.6,70.85,16.96,100.06,3.42,166.1,23.4,36.94,0.48,0.49,42.62
2018-04-30,CAM RANH,12.25,109.2,0.83,28.83,30.99,27.33,22.45,29.95,69.33,17.13,100.1,2.61,142.4,23.75,36.58,0.44,0.49,37.65
2018-05-01,CAM RANH,12.25,109.2,0.37,28.98,30.93,27.72,23.4,30.74,72.26,18.09,100.13,2.38,114.2,24.88,36.96,0.41,0.48,47.68
2018-05-02,CAM RANH,12.25,109.2,1.74,28.98,30.65,28.0,23.95,30.41,74.59,18.7,100.13,2.79,90.5,23.92,36.84,0.41,0.48,69.31
2018-05-03,CAM RANH,12.25,109.2,5.13,28.07,29.34,26.71,24.08,29.38,79.02,18.83,100.21,3.17,64.7,20.42,37.14,0.52,0.49,91.53
2018-05-04,CAM RANH,12.25,109.2,6.23,27.33,28.32,26.44,23.89,29.19,81.57,18.6,100.25,2.76,62.7,5.86,36.89,0.55,0.5,98.61
2018-05-05,CAM RANH,12.25,109.2,14.49,27.45,28.23,26.85,24.04,29.15,81.72,18.77,100.24,3.33,163.5,13.34,37.05,0.59,0.51,97.12
2018-05-06,CAM RANH,12.25,109.2,5.01,28.22,30.06,27.42,24.42,29.31,80.19,19.25,100.11,3.32,175.2,23.26,37.32,0.58,0.53,65.82
2018-05-07,CAM RANH,12.25,109.2,2.45,28.87,30.76,27.64,24.88,29.61,79.36,19.85,99.84,4.63,185.7,24.08,37.44,0.51,0.53,69.12
2018-05-08,CAM RANH,12.25,109.2,4.48,28.84,30.7,27.71,25.58,29.51,82.84,20.7,99.82,3.88,184.5,25.13,37.66,0.54,0.53,66.47
2018-05-09,CAM RANH,12.25,109.2,3.6,28.65,29.98,27.64,25.71,29.19,84.23,20.81,100.01,3.94,177.4,23.73,37.51,0.55,0.53,75.78
2018-05-10,CAM RANH,12.25,109.2,0.37,28.44,30.1,27.24,24.55,29.29,79.57,19.38,100.08,3.36,146.5,24.19,36.58,0.51,0.53,73.05
2018-05-11,CAM RANH,12.25,109.2,1.85,28.62,29.66,27.75,24.02,29.43,76.31,18.79,100.04,1.83,82.2,24.73,36.86,0.51,0.53,39.27
2018-05-12,CAM RANH,12.25,109.2,4.67,28.49,29.74,27.41,24.35,29.51,78.51,19.17,100.03,2.14,69.7,25.39,36.71,0.54,0.53,30.23
2018-05-13,CAM RANH,12.25,109.2,2.71,28.0,28.71,27.44,23.86,29.09,78.23,18.6,100.05,1.54,102.6,21.13,36.69,0.54,0.54,72.5
2018-05-14,CAM RANH,12.25,109.2,2.75,28.92,30.9,27.59,23.42,30.56,72.6,18.14,99.94,2.12,105.3,24.7,36.86,0.5,0.54,41.33
2018-05-15,CAM RANH,12.25,109.2,1.3,28.72,30.37,27.3,24.38,30.31,77.48,19.23,99.83,2.91,149.2,24.92,36.54,0.51,0.53,30.96
2018-05-16,CAM RANH,12.25,109.2,0.49,28.83,30.79,27.13,24.07,30.25,75.84,18.9,99.8,3.32,161.2,25.29,36.92,0.48,0.53,67.9
2018-05-17,CAM RANH,12.25,109.2,0.85,29.19,31.46,27.45,23.56,30.24,72.17,18.33,99.76,3.62,170.7,24.5,37.09,0.48,0.53,73.1
2018-05-18,CAM RANH,12.25,109.2,0.55,29.33,31.71,27.74,23.7,30.34,72.36,18.51,99.72,3.37,166.5,23.23,37.05,0.48,0.52,79.06
2018-05-19,CAM RANH,12.25,109.2,1.2,28.94,30.95,27.21,24.14,30.33,75.69,18.98,99.72,2.77,154.8,22.87,37.73,0.48,0.52,86.68
2018-05-20,CAM RANH,12.25,109.2,0.9,29.05,30.9,27.71,24.06,30.42,74.73,18.89,99.78,2.31,131.3,23.88,36.98,0.47,0.52,85.03
2018-05-21,CAM RANH,12.25,109.2,2.62,28.66,30.22,27.45,24.07,30.08,76.49,18.88,99.86,1.84,113.1,23.27,36.88,0.51,0.52,82.0
2018-05-22,CAM RANH,12.25,109.2,2.98,28.47,30.22,27.11,23.63,30.04,75.52,18.38,99.98,1.7,103.6,22.15,37.15,0.5,0.52,88.93
2018-05-23,CAM RANH,12.25,109.2,9.15,28.34,29.4,27.39,23.8,29.81,76.46,18.56,99.9,1.68,89.6,16.97,37.28,0.58,0.53,89.48
2018-05-24,CAM RANH,12.25,109.2,6.91,28.67,30.21,27.35,24.35,30.35,77.72,19.2,99.87,2.03,143.3,22.52,37.27,0.56,0.53,77.31
2018-05-25,CAM RANH,12.25,109.2,4.48,29.22,31.06,28.12,24.43,30.33,75.89,19.33,99.81,2.27,114.9,22.9,37.56,0.55,0.54,77.35
2018-05-26,CAM RANH,12.25,109.2,1.58,29.14,30.89,27.58,24.74,30.34,77.49,19.66,99.9,2.39,161.6,22.3,37.31,0.52,0.54,82.69
2018-05-27,CAM RANH,12.25,109.2,2.44,29.17,30.9,27.85,24.32,30.43,75.33,19.15,99.93,1.77,86.8,23.72,37.52,0.51,0.54,78.22
2018-05-28,CAM RANH,12.25,109.2,2.86,29.18,30.72,28.19,24.57,30.38,76.43,19.44,99.96,2.09,103.6,22.3,37.34,0.52,0.54,85.68
2018-05-29,CAM RANH,12.25,109.2,4.22,28.99,30.08,27.85,24.25,30.1,75.7,19.06,99.97,1.39,100.9,22.13,37.3,0.54,0.54,71.03
2018-05-30,CAM RANH,12.25,109.2,3.06,28.57,29.27,28.2,24.83,29.9,80.17,19.74,99.95,1.8,60.2,22.11,37.44,0.55,0.54,44.55
2018-05-31,CAM RANH,12.25,109.2,5.33,28.79,30.2,27.55,25.0,30.37,80.27,19.96,99.95,2.06,126.6,18.31,38.07,0.55,0.54,83.88
2018-06-01,CAM RANH,12.25,109.2,13.89,28.37,30.27,27.15,23.09,29.65,73.3,17.78,99.95,2.48,19.5,9.35,37.8,0.64,0.56,98.69
2018-06-02,CAM RANH,12.25,109.2,20.19,27.53,28.68,26.79,23.86,29.26,80.51,18.66,99.73,3.04,330.2,3.6,37.32,0.68,0.59,99.21
2018-06-03,CAM RANH,12.25,109.2,21.14,27.57,27.97,27.01,23.68,28.59,79.33,18.52,99.44,3.53,237.7,8.82,36.98,0.71,0.62,99.4
2018-06-04,CAM RANH,12.25,109.2,6.97,29.23,31.19,27.41,24.17,29.85,74.6,19.09,99.52,3.15,220.5,15.79,37.87,0.64,0.64,98.9
2018-06-05,CAM RANH,12.25,109.2,1.36,29.28,31.29,27.45,24.41,29.56,75.22,19.32,99.7,2.34,250.2,17.47,37.66,0.61,0.63,99.37
2018-06-06,CAM RANH,12.25,109.2,2.2,29.21,30.9,27.81,24.87,29.61,77.74,19.87,99.66,2.74,198.8,20.55,37.61,0.6,0.63,98.61
2018-06-07,CAM RANH,12.25,109.2,4.7,29.09,31.15,27.2,24.45,29.14,76.21,19.4,99.58,2.64,241.5,21.1,38.05,0.63,0.63,90.26
2018-06-08,CAM RANH,12.25,109.2,5.81,28.99,31.46,26.88,23.75,28.98,73.65,18.62,99.47,3.99,254.2,15.35,38.42,0.61,0.63,97.38
2018-06-09,CAM RANH,12.25,109.2,7.84,28.4,30.03,27.41,23.47,28.37,74.78,18.25,99.6,5.16,241.1,15.26,38.28,0.66,0.64,96.73
2018-06-10,CAM RANH,12.25,109.2,5.75,28.64,30.55,26.85,24.24,28.51,77.26,19.12,99.76,4.26,233.6,12.19,38.5,0.65,0.64,99.55
2018-06-11,CAM RANH,12.25,109.2,10.32,28.27,30.22,26.25,23.9,28.45,77.39,18.72,99.86,3.82,243.6,14.97,38.01,0.67,0.65,99.51
2018-06-12,CAM RANH,12.25,109.2,4.15,28.25,30.45,26.69,22.41,28.12,70.88,17.09,99.85,4.47,250.4,16.27,37.77,0.67,0.66,98.91
2018-06-13,CAM RANH,12.25,109.2,0.11,28.79,30.95,27.45,22.89,28.42,70.9,17.64,99.66,4.81,243.4,11.52,37.48,0.62,0.65,97.8
2018-06-14,CAM RANH,12.25,109.2,0.22,28.6,30.53,27.33,22.32,28.29,69.11,17.04,99.58,4.62,254.7,18.73,37.87,0.61,0.65,93.54
2018-06-15,CAM RANH,12.25,109.2,18.97,28.6,31.15,26.69,22.8,28.53,71.39,17.53,99.59,3.67,233.0,12.36,37.7,0.69,0.65,99.58
2018-06-16,CAM RANH,12.25,109.2,15.1,27.68,28.55,26.84,24.34,27.9,82.15,19.26,99.54,3.2,195.0,16.0,36.97,0.76,0.69,96.91
2018-06-17,CAM RANH,12.25,109.2,7.0,27.86,29.14,26.97,24.84,28.18,83.82,19.86,99.53,2.98,183.3,21.53,37.77,0.72,0.69,86.12
2018-06-18,CAM RANH,12.25,109.2,4.26,28.28,29.69,27.07,25.01,28.43,82.61,20.06,99.54,5.15,193.5,21.29,37.4,0.71,0.7,89.98
2018-06-19,CAM RANH,12.25,109.2,4.45,28.31,30.33,26.82,25.08,28.56,82.9,20.1,99.74,4.8,195.3,20.53,37.67,0.71,0.7,76.49
2018-06-20,CAM RANH,12.25,109.2,3.13,28.4,30.12,27.16,25.3,28.79,83.49,20.35,99.82,5.06,192.8,24.95,37.6,0.69,0.7,55.4
2018-06-21,CAM RANH,12.25,109.2,3.4,28.36,30.28,26.75,25.14,28.6,83.02,20.17,99.8,2.62,205.4,24.85,37.72,0.7,0.7,40.45
2018-06-22,CAM RANH,12.25,109.2,7.14,28.1,29.65,27.0,25.34,28.47,85.21,20.41,99.76,3.26,177.6,23.48,37.3,0.72,0.7,79.11
2018-06-23,CAM RANH,12.25,109.2,25.58,27.77,28.86,26.85,25.25,28.2,86.32,20.3,99.78,3.16,179.6,21.33,37.13,0.8,0.72,95.02
2018-06-24,CAM RANH,12.25,109.2,4.45,27.67,28.96,26.64,24.97,28.2,85.37,19.95,99.82,2.84,176.4,23.34,37.17,0.78,0.74,81.49
2018-06-25,CAM RANH,12.25,109.2,2.32,27.41,28.38,26.53,24.8,27.89,85.7,19.75,99.82,3.73,178.9,20.33,37.28,0.76,0.74,97.88
2018-06-26,CAM RANH,12.25,109.2,1.7,27.3,28.56,26.3,24.64,28.05,85.51,19.53,99.91,4.09,173.0,20.62,37.17,0.75,0.74,85.18
2018-06-27,CAM RANH,12.25,109.2,0.94,27.47,28.95,26.49,24.18,28.07,82.43,18.99,99.96,2.87,184.7,23.92,36.87,0.74,0.74,64.97
2018-06-28,CAM RANH,12.25,109.2,0.73,27.63,29.43,26.44,24.22,28.19,82.04,19.07,99.8,3.01,184.7,24.72,37.02,0.73,0.73,31.43
2018-06-29,CAM RANH,12.25,109.2,1.83,27.95,29.75,26.36,25.06,28.46,84.52,20.09,99.62,3.47,186.8,25.02,37.95,0.72,0.73,40.49
2018-06-30,CAM RANH,12.25,109.2,5.91,28.48,30.42,27.22,25.24,28.67,82.81,20.31,99.63,2.85,202.3,23.94,38.47,0.74,0.73,60.47
2018-07-01,CAM RANH,12.25,109.2,6.2,28.27,29.77,26.83,25.33,28.14,84.19,20.41,99.67,2.95,209.0,24.78,37.53,0.75,0.73,65.08
2018-07-02,CAM RANH,12.25,109.2,5.02,28.08,29.69,26.7,24.62,27.93,81.54,19.59,99.63,3.46,226.5,25.0,37.17,0.77,0.74,33.06
2018-07-03,CAM RANH,12.25,109.2,4.47,28.35,30.5,26.41,24.7,28.55,80.92,19.68,99.59,4.06,201.2,24.97,37.91,0.74,0.73,56.71
2018-07-04,CAM RANH,12.25,109.2,4.48,28.84,31.73,26.72,24.66,28.56,78.64,19.64,99.49,3.1,234.9,24.73,37.36,0.74,0.73,78.94
2018-07-05,CAM RANH,12.25,109.2,1.77,28.43,31.03,26.51,24.3,28.13,78.61,19.24,99.48,3.18,224.5,23.38,36.97,0.73,0.73,83.48
2018-07-06,CAM RANH,12.25,109.2,5.2,28.2,30.24,26.69,24.42,28.19,80.17,19.39,99.41,2.9,216.1,22.74,37.49,0.75,0.73,93.09
2018-07-07,CAM RANH,12.25,109.2,21.1,28.5,30.35,27.12,24.64,28.51,79.7,19.66,99.33,2.21,231.5,22.24,37.89,0.8,0.74,87.37
2018-07-08,CAM RANH,12.25,109.2,2.0,28.21,30.22,26.34,23.98,28.38,78.0,18.89,99.41,2.46,239.6,22.81,37.64,0.77,0.76,66.73
2018-07-09,CAM RANH,12.25,109.2,12.35,27.97,29.89,26.5,24.06,28.61,79.64,18.98,99.47,2.28,200.0,23.71,37.83,0.81,0.76,73.04
2018-07-10,CAM RANH,12.25,109.2,8.97,27.84,29.43,26.65,24.35,28.16,81.43,19.3,99.44,3.01,199.4,20.48,37.02,0.81,0.77,89.42
2018-07-11,CAM RANH,12.25,109.2,5.54,28.2,30.46,26.5,24.23,28.27,79.31,19.19,99.36,3.1,220.7,22.53,37.65,0.79,0.77,79.68
2018-07-12,CAM RANH,12.25,109.2,4.52,28.25,30.26,26.6,24.59,28.44,80.84,19.61,99.34,2.73,222.8,16.24,38.08,0.79,0.77,90.82
2018-07-13,CAM RANH,12.25,109.2,15.02,27.94,29.64,26.73,24.52,28.23,81.9,19.54,99.33,3.32,202.7,18.3,37.83,0.83,0.78,96.14
2018-07-14,CAM RANH,12.25,109.2,7.81,27.99,29.63,26.46,24.2,28.33,79.93,19.15,99.37,3.41,223.6,20.15,37.42,0.82,0.79,93.45
2018-07-15,CAM RANH,12.25,109.2,8.15,27.33,29.33,26.09,22.8,27.58,76.41,17.56,99.43,5.08,237.6,14.31,37.98,0.83,0.8,99.01
2018-07-16,CAM RANH,12.25,109.2,7.85,28.1,30.53,26.63,23.33,28.07,75.82,18.17,99.31,5.08,233.2,13.78,37.44,0.82,0.8,99.44
2018-07-17,CAM RANH,12.25,109.2,12.93,27.92,29.89,26.48,24.2,28.19,80.5,19.17,99.2,3.37,205.0,17.4,37.44,0.84,0.8,95.58
2018-07-18,CAM RANH,12.25,109.2,8.05,28.16,29.66,26.71,25.09,28.27,83.49,20.22,99.28,4.89,199.5,21.35,37.87,0.83,0.81,89.39
2018-07-19,CAM RANH,12.25,109.2,22.73,28.29,30.26,26.66,24.88,28.28,81.87,19.92,99.5,4.24,212.3,15.63,38.44,0.86,0.82,95.94
2018-07-20,CAM RANH,12.25,109.2,57.67,27.64,28.84,26.95,25.07,27.79,85.96,20.1,99.63,2.72,195.4,16.4,38.36,0.96,0.87,97.51
2018-07-21,CAM RANH,12.25,109.2,10.99,28.02,29.34,26.85,25.49,28.12,86.29,20.63,99.58,2.97,208.2,18.76,38.07,0.9,0.91,92.97
2018-07-22,CAM RANH,12.25,109.2,2.99,28.44,30.41,27.19,25.18,28.38,82.66,20.28,99.47,3.99,218.0,22.51,37.99,0.88,0.9,80.04
2018-07-23,CAM RANH,12.25,109.2,5.83,28.65,30.8,27.18,24.86,28.38,80.16,19.9,99.49,4.34,230.8,16.99,38.23,0.88,0.89,96.59
2018-07-24,CAM RANH,12.25,109.2,3.31,28.46,30.84,26.66,24.6,28.44,80.0,19.57,99.58,2.93,230.0,19.54,38.2,0.87,0.89,91.09
2018-07-25,CAM RANH,12.25,109.2,1.66,28.88,31.17,27.1,24.49,28.76,77.58,19.43,99.62,2.11,239.6,22.31,38.41,0.86,0.88,76.25
2018-07-26,CAM RANH,12.25,109.2,14.38,28.77,30.84,27.44,25.27,28.69,81.64,20.34,99.64,1.5,211.6,22.05,37.86,0.89,0.88,92.03
2018-07-27,CAM RANH,12.25,109.2,9.89,28.29,29.94,26.99,25.02,28.49,82.57,20.03,99.7,1.53,190.7,19.53,38.08,0.89,0.89,95.28
2018-07-28,CAM RANH,12.25,109.2,11.7,28.38,29.9,27.12,24.55,28.8,79.9,19.51,99.67,1.93,188.6,23.58,37.73,0.89,0.9,75.85
2018-07-29,CAM RANH,12.25,109.2,3.7,28.55,30.17,27.67,24.11,28.94,77.21,18.98,99.64,1.96,192.6,23.21,37.66,0.88,0.9,78.83
2018-07-30,CAM RANH,12.25,109.2,1.18,29.3,31.07,27.7,24.51,29.32,75.59,19.44,99.66,1.67,242.9,23.89,37.74,0.87,0.89,63.92
2018-07-31,CAM RANH,12.25,109.2,0.67,29.15,31.13,27.65,24.09,29.17,74.63,18.94,99.73,2.22,219.2,25.05,37.72,0.86,0.89,62.9
2018-08-01,CAM RANH,12.25,109.2,1.75,29.34,31.16,28.26,24.93,29.26,77.39,19.94,99.65,2.97,220.6,25.06,37.78,0.86,0.88,61.04
2018-08-02,CAM RANH,12.25,109.2,2.64,28.6,30.46,26.86,24.53,29.11,79.04,19.47,99.63,2.18,189.7,23.58,37.53,0.86,0.88,70.75
2018-08-03,CAM RANH,12.25,109.2,1.58,28.49,30.32,27.23,23.46,28.56,74.41,18.24,99.59,3.23,243.0,23.36,37.58,0.86,0.88,82.36
2018-08-04,CAM RANH,12.25,109.2,6.51,28.6,30.65,26.71,23.92,28.85,76.03,18.79,99.54,2.3,227.2,20.75,38.02,0.87,0.88,87.19
2018-08-05,CAM RANH,12.25,109.2,16.9,28.22,30.39,26.83,24.18,28.86,79.04,19.08,99.54,1.48,27.0,20.7,37.33,0.89,0.88,90.18
2018-08-06,CAM RANH,12.25,109.2,16.71,27.67,28.62,26.96,23.55,28.09,78.26,18.35,99.49,2.94,258.8,6.73,36.85,0.91,0.91,99.53
2018-08-07,CAM RANH,12.25,109.2,19.16,28.1,29.79,26.86,23.52,28.38,76.32,18.34,99.39,3.17,272.1,6.3,37.64,0.9,0.91,99.49
2018-08-08,CAM RANH,12.25,109.2,21.23,28.32,30.35,27.06,24.68,28.43,80.77,19.69,99.38,2.75,242.2,15.55,37.42,0.93,0.93,98.81
2018-08-09,CAM RANH,12.25,109.2,9.25,27.95,29.28,26.63,23.87,28.15,78.6,18.73,99.54,3.49,228.5,19.51,37.45,0.91,0.94,90.29
2018-08-10,CAM RANH,12.25,109.2,2.97,28.82,31.39,27.11,24.22,28.93,76.43,19.15,99.52,5.59,216.8,22.75,37.74,0.89,0.93,70.26
2018-08-11,CAM RANH,12.25,109.2,7.58,28.58,30.96,26.72,23.35,28.59,73.57,18.17,99.42,5.55,243.7,17.54,38.1,0.9,0.92,93.09
2018-08-12,CAM RANH,12.25,109.2,15.4,28.74,31.03,26.78,24.1,28.45,76.14,19.04,99.37,5.44,226.4,14.9,38.18,0.9,0.92,97.66
2018-08-13,CAM RANH,12.25,109.2,5.01,28.49,30.81,26.89,23.4,28.28,74.11,18.21,99.5,5.72,232.9,14.14,38.02,0.9,0.93,99.68
2018-08-14,CAM RANH,12.25,109.2,3.11,28.21,30.57,26.76,23.57,28.18,76.03,18.4,99.5,5.59,230.4,15.58,37.87,0.89,0.92,99.88
2018-08-15,CAM RANH,12.25,109.2,0.69,28.72,31.17,26.76,23.44,28.36,73.33,18.27,99.46,6.28,242.1,12.63,37.34,0.88,0.91,99.18
2018-08-16,CAM RANH,12.25,109.2,4.98,28.56,31.15,26.78,23.78,28.17,75.81,18.69,99.27,4.93,238.3,19.92,38.22,0.88,0.9,96.14
2018-08-17,CAM RANH,12.25,109.2,31.44,28.63,30.81,27.06,25.13,28.47,81.61,20.28,99.25,3.82,214.7,21.03,38.65,0.94,0.92,87.11
2018-08-18,CAM RANH,12.25,109.2,10.1,28.23,30.05,26.64,25.0,28.38,82.82,20.07,99.46,3.76,205.1,20.03,37.8,0.91,0.93,89.61
2018-08-19,CAM RANH,12.25,109.2,6.15,27.74,28.99,26.54,24.65,28.02,83.39,19.61,99.65,3.23,204.4,19.23,37.89,0.91,0.93,88.86
2018-08-20,CAM RANH,12.25,109.2,2.38,28.62,30.88,27.03,24.67,28.76,79.39,19.65,99.58,2.74,233.1,23.46,37.82,0.89,0.92,73.64
2018-08-21,CAM RANH,12.25,109.2,3.36,28.73,31.1,26.93,25.02,28.73,80.64,20.1,99.43,2.81,229.3,21.8,38.43,0.89,0.92,78.47
2018-08-22,CAM RANH,12.25,109.2,4.57,28.53,30.74,27.19,25.38,28.61,83.37,20.52,99.46,4.11,202.9,20.17,38.15,0.89,0.92,85.67
2018-08-23,CAM RANH,12.25,109.2,18.82,28.44,30.23,26.66,25.27,28.47,83.14,20.38,99.63,3.65,208.0,20.55,37.68,0.91,0.92,91.4
2018-08-24,CAM RANH,12.25,109.2,6.6,28.29,30.28,26.46,24.6,28.4,80.76,19.56,99.68,2.81,211.6,21.2,37.74,0.9,0.93,94.4
2018-08-25,CAM RANH,12.25,109.2,10.33,28.57,30.44,27.0,24.57,28.48,79.15,19.54,99.53,2.29,239.3,19.13,37.6,0.9,0.92,99.18
2018-08-26,CAM RANH,12.25,109.2,16.69,27.54,28.47,26.83,23.9,27.83,80.6,18.74,99.57,2.35,213.4,17.13,37.62,0.92,0.94,96.51
2018-08-27,CAM RANH,12.25,109.2,4.01,27.95,29.89,26.49,23.98,28.02,79.31,18.82,99.72,3.65,219.3,18.34,37.56,0.9,0.94,90.07
2018-08-28,CAM RANH,12.25,109.2,4.15,28.11,30.16,26.69,24.09,28.12,79.18,18.96,99.76,3.07,210.8,19.12,36.86,0.9,0.93,93.91
2018-08-29,CAM RANH,12.25,109.2,0.58,28.55,30.63,27.1,24.35,28.29,78.3,19.27,99.65,3.59,214.8,22.5,37.56,0.89,0.93,64.61
2018-08-30,CAM RANH,12.25,109.2,1.25,28.37,30.57,26.81,24.63,28.29,80.64,19.6,99.69,3.87,201.7,23.4,37.45,0.89,0.92,46.65
2018-08-31,CAM RANH,12.25,109.2,1.68,28.28,30.18,27.27,24.66,28.56,81.18,19.6,99.85,2.75,185.2,23.29,37.78,0.88,0.91,63.31
2018-09-01,CAM RANH,12.25,109.2,2.09,28.22,29.92,26.56,24.64,28.22,81.08,19.55,99.84,1.72,234.0,23.1,38.0,0.88,0.91,66.04
2018-09-02,CAM RANH,12.25,109.2,4.16,27.83,29.8,26.81,24.77,28.21,83.7,19.74,99.69,4.6,192.5,22.66,37.5,0.88,0.91,80.99
2018-09-03,CAM RANH,12.25,109.2,8.7,28.21,30.02,26.32,24.37,28.33,79.73,19.27,99.71,2.21,230.6,23.64,37.35,0.9,0.91,75.58
2018-09-04,CAM RANH,12.25,109.2,2.89,28.39,30.55,26.15,23.69,28.76,76.1,18.48,99.8,1.89,239.3,25.15,37.25,0.88,0.91,48.19
2018-09-05,CAM RANH,12.25,109.2,1.5,28.58,30.89,26.48,24.02,28.82,76.75,18.88,99.68,2.06,246.3,23.72,37.61,0.87,0.9,74.51
2018-09-06,CAM RANH,12.25,109.2,2.01,28.31,30.2,27.1,24.57,28.7,80.35,19.51,99.57,2.88,182.4,24.96,37.27,0.87,0.9,51.28
2018-09-07,CAM RANH,12.25,109.2,3.43,27.9,29.56,26.62,24.8,28.43,83.56,19.78,99.64,2.81,165.8,24.7,36.87,0.88,0.9,74.7
2018-09-08,CAM RANH,12.25,109.2,6.53,27.48,28.51,26.45,23.03,27.87,77.04,17.78,99.82,1.81,180.9,20.82,37.53,0.88,0.9,93.62
2018-09-09,CAM RANH,12.25,109.2,3.65,27.69,28.74,26.97,24.05,28.65,80.65,18.84,99.97,2.63,173.7,22.55,37.5,0.88,0.9,69.93
2018-09-10,CAM RANH,12.25,109.2,11.51,28.44,29.76,27.14,24.47,28.67,79.21,19.31,100.02,1.89,1.5,23.39,37.35,0.89,0.9,70.42
2018-09-11,CAM RANH,12.25,109.2,15.85,27.92,29.17,27.2,24.31,28.48,80.86,19.15,99.88,1.92,144.0,23.07,37.59,0.91,0.91,70.77
2018-09-12,CAM RANH,12.25,109.2,30.19,27.38,28.46,26.84,24.33,28.29,83.64,19.23,99.72,2.79,179.5,22.49,37.21,0.95,0.94,89.68
2018-09-13,CAM RANH,12.25,109.2,9.88,27.87,29.73,26.59,23.6,28.67,78.16,18.42,99.68,2.52,179.4,20.81,37.75,0.92,0.94,89.87
2018-09-14,CAM RANH,12.25,109.2,19.39,27.43,28.6,26.7,24.03,28.51,81.75,18.86,99.72,2.06,112.7,21.25,36.88,0.94,0.95,91.77
2018-09-15,CAM RANH,12.25,109.2,7.42,28.49,30.18,27.44,23.75,28.59,75.84,18.6,99.48,2.16,247.6,18.77,37.43,0.92,0.95,98.66
2018-09-16,CAM RANH,12.25,109.2,57.66,28.13,30.01,26.82,24.78,28.69,82.36,19.82,99.37,4.0,191.4,21.66,37.2,0.95,0.96,95.41
2018-09-17,CAM RANH,12.25,109.2,24.83,27.93,29.18,27.0,24.75,28.35,82.85,19.72,99.62,4.46,191.4,17.74,37.56,0.95,0.98,98.72
2018-09-18,CAM RANH,12.25,109.2,11.72,27.7,28.29,26.85,23.99,28.45,80.26,18.78,99.89,1.87,78.6,14.78,37.37,0.94,0.97,87.28
2018-09-19,CAM RANH,12.25,109.2,6.48,27.78,28.8,26.73,24.52,28.63,82.44,19.39,99.92,3.56,59.2,23.07,36.79,0.94,0.97,64.55
2018-09-20,CAM RANH,12.25,109.2,7.19,27.66,28.47,27.01,24.44,28.57,82.59,19.28,99.93,3.52,18.3,22.92,36.93,0.94,0.97,64.67
2018-09-21,CAM RANH,12.25,109.2,7.54,27.46,28.22,26.7,24.29,28.44,82.82,19.1,100.05,2.75,65.9,20.98,37.3,0.94,0.97,79.03
2018-09-22,CAM RANH,12.25,109.2,10.19,26.67,27.55,26.03,23.36,28.2,81.99,18.0,100.25,2.11,154.0,20.52,36.8,0.94,0.97,88.14
2018-09-23,CAM RANH,12.25,109.2,8.98,26.93,28.1,25.77,23.5,28.57,81.62,18.17,100.18,2.02,46.5,20.65,36.77,0.94,0.97,79.33
2018-09-24,CAM RANH,12.25,109.2,16.58,27.15,28.13,26.22,23.15,28.45,78.75,17.81,100.0,1.52,81.2,20.73,37.22,0.95,0.97,63.51
2018-09-25,CAM RANH,12.25,109.2,3.16,28.65,31.05,27.29,23.7,29.26,74.9,18.45,99.85,2.43,131.7,24.8,37.0,0.93,0.97,20.62
2018-09-26,CAM RANH,12.25,109.2,1.72,28.86,30.89,27.57,24.39,29.57,77.12,19.25,99.81,2.01,132.8,24.65,37.43,0.92,0.96,40.61
2018-09-27,CAM RANH,12.25,109.2,2.98,28.59,30.37,27.42,24.36,29.54,78.1,19.22,99.81,2.03,84.8,22.41,37.32,0.92,0.95,25.73
2018-09-28,CAM RANH,12.25,109.2,0.8,27.97,28.89,27.24,24.21,29.08,80.04,19.04,99.89,2.89,55.1,20.73,36.65,0.91,0.95,33.34
2018-09-29,CAM RANH,12.25,109.2,0.88,28.13,28.99,27.23,24.28,29.29,79.61,19.11,99.87,3.4,38.3,18.59,37.19,0.91,0.94,44.72
2018-09-30,CAM RANH,12.25,109.2,11.04,28.27,29.22,27.53,24.94,29.22,82.22,19.89,99.89,3.65,43.2,13.91,38.07,0.92,0.94,96.79
2018-10-01,CAM RANH,12.25,109.2,13.97,27.96,28.86,27.19,25.02,28.33,83.99,19.96,99.98,4.9,26.6,9.83,37.42,0.93,0.95,92.03
2018-10-02,CAM RANH,12.25,109.2,10.38,27.68,28.36,27.29,25.26,28.17,86.7,20.27,99.96,5.71,9.9,15.88,37.37,0.93,0.95,90.34
2018-10-03,CAM RANH,12.25,109.2,12.82,27.11,28.22,26.42,24.96,27.76,88.0,19.91,100.05,3.62,35.4,9.2,37.04,0.94,0.96,97.38
2018-10-04,CAM RANH,12.25,109.2,65.69,27.32,28.08,26.68,24.7,27.78,85.58,19.57,100.12,5.91,53.5,11.17,37.59,0.96,0.97,97.16
2018-10-05,CAM RANH,12.25,109.2,37.83,26.93,28.11,25.91,23.33,27.52,80.73,17.99,100.18,5.78,30.6,14.14,36.96,0.96,0.99,73.53
2018-10-06,CAM RANH,12.25,109.2,1.68,26.66,27.65,25.78,23.0,27.42,80.35,17.63,100.21,5.64,31.2,18.15,36.62,0.93,0.97,47.0
2018-10-07,CAM RANH,12.25,109.2,0.24,26.77,28.04,25.6,22.12,27.23,75.66,16.69,100.19,5.54,21.0,22.36,34.91,0.92,0.96,9.61
2018-10-08,CAM RANH,12.25,109.2,0.38,26.74,28.16,25.71,22.22,27.24,76.44,16.81,100.12,5.58,17.8,23.12,34.73,0.91,0.95,11.8
2018-10-09,CAM RANH,12.25,109.2,0.81,27.17,28.31,26.25,23.54,27.68,80.55,18.22,100.11,5.35,24.6,20.22,36.25,0.91,0.94,32.22
2018-10-10,CAM RANH,12.25,109.2,1.45,27.29,28.5,26.33,23.99,27.82,82.25,18.73,100.17,5.72,27.6,22.48,35.9,0.9,0.94,27.08
2018-10-11,CAM RANH,12.25,109.2,1.49,27.29,28.39,26.4,23.95,27.61,81.98,18.66,100.27,6.82,30.4,21.36,36.29,0.9,0.93,73.5
2018-10-12,CAM RANH,12.25,109.2,1.16,27.31,28.49,26.27,23.96,27.71,82.03,18.68,100.26,5.44,41.2,18.9,36.68,0.9,0.92,72.29
2018-10-13,CAM RANH,12.25,109.2,1.99,27.45,28.44,26.65,24.14,27.98,82.18,18.87,100.26,3.93,31.6,18.16,36.84,0.89,0.92,79.43
2018-10-14,CAM RANH,12.25,109.2,1.5,27.43,28.48,26.73,24.42,27.8,83.66,19.21,100.25,2.72,62.6,20.72,35.91,0.89,0.91,77.65
2018-10-15,CAM RANH,12.25,109.2,0.78,27.49,28.47,26.76,23.72,27.68,79.9,18.4,100.22,2.37,50.7,22.25,36.13,0.88,0.91,58.55
2018-10-16,CAM RANH,12.25,109.2,0.38,27.68,28.91,26.61,23.32,27.99,77.18,17.98,100.14,1.6,66.8,22.78,35.81,0.87,0.9,34.44
2018-10-17,CAM RANH,12.25,109.2,1.38,27.69,29.17,26.66,23.8,28.41,79.55,18.54,100.01,2.59,66.7,22.57,36.69,0.87,0.9,52.98
2018-10-18,CAM RANH,12.25,109.2,27.98,26.68,28.33,25.48,22.93,27.47,79.92,17.57,100.11,2.91,26.4,20.81,36.8,0.92,0.91,75.48
2018-10-19,CAM RANH,12.25,109.2,9.28,27.32,28.09,26.77,24.92,27.64,86.69,19.81,100.15,3.95,48.4,5.11,36.75,0.91,0.92,98.85
2018-10-20,CAM RANH,12.25,109.2,3.87,26.9,27.53,26.53,24.21,27.77,85.13,18.95,100.27,2.54,105.3,18.22,36.39,0.9,0.93,62.86
2018-10-21,CAM RANH,12.25,109.2,7.05,27.69,28.97,26.78,24.4,28.45,82.41,19.18,100.26,3.58,15.9,22.25,35.97,0.9,0.92,48.18
2018-10-22,CAM RANH,12.25,109.2,25.99,27.47,28.17,26.91,24.93,27.83,86.0,19.81,100.23,4.44,23.9,16.21,36.85,0.94,0.94,89.24
2018-10-23,CAM RANH,12.25,109.2,12.18,27.81,28.88,27.08,24.31,27.93,81.35,19.08,100.22,5.54,40.6,17.29,37.26,0.93,0.95,91.15
2018-10-24,CAM RANH,12.25,109.2,12.45,27.45,28.7,26.43,24.28,27.71,82.85,19.03,100.26,5.34,43.9,13.66,36.98,0.93,0.95,75.85
2018-10-25,CAM RANH,12.25,109.2,1.33,27.33,28.51,26.49,23.82,27.71,81.17,18.5,100.35,5.68,25.5,20.78,35.7,0.91,0.94,14.9
2018-10-26,CAM RANH,12.25,109.2,2.4,27.5,28.56,26.72,24.02,27.79,81.36,18.72,100.36,6.61,25.3,20.99,36.89,0.9,0.94,52.27
2018-10-27,CAM RANH,12.25,109.2,4.21,27.65,28.79,26.83,24.14,27.77,81.16,18.87,100.29,7.81,32.1,18.47,36.32,0.9,0.93,29.08
2018-10-28,CAM RANH,12.25,109.2,2.54,27.48,28.78,26.33,24.17,27.77,82.25,18.93,100.21,8.48,26.0,18.4,36.32,0.9,0.93,72.25
2018-10-29,CAM RANH,12.25,109.2,0.15,26.45,27.97,25.29,21.69,26.87,75.14,16.28,100.17,8.78,18.2,17.81,35.47,0.88,0.91,67.76
2018-10-30,CAM RANH,12.25,109.2,0.91,26.15,27.57,25.22,20.74,26.65,72.22,15.34,100.14,8.85,14.1,17.95,35.01,0.87,0.9,80.66
2018-10-31,CAM RANH,12.25,109.2,0.37,26.03,27.36,25.19,21.55,26.66,76.42,16.14,100.17,8.64,5.1,16.37,35.36,0.86,0.9,60.53
2018-11-01,CAM RANH,12.25,109.2,0.04,26.03,27.6,24.75,20.6,26.4,72.09,15.21,100.21,7.48,16.1,18.57,35.18,0.86,0.89,61.54
2018-11-02,CAM RANH,12.25,109.2,1.74,26.12,27.34,25.4,22.77,26.88,82.03,17.38,100.3,6.86,15.3,20.51,36.48,0.86,0.88,59.47
2018-11-03,CAM RANH,12.25,109.2,1.31,26.39,27.34,25.75,23.8,26.87,85.6,18.48,100.32,6.76,35.6,9.19,37.23,0.86,0.88,93.66
2018-11-04,CAM RANH,12.25,109.2,0.07,26.65,27.87,25.58,23.16,27.09,81.14,17.79,100.24,6.14,25.7,16.02,36.5,0.85,0.87,72.25
2018-11-05,CAM RANH,12.25,109.2,0.45,26.79,28.03,26.06,23.66,27.22,83.07,18.36,100.15,6.88,26.4,17.84,36.14,0.84,0.86,55.14
2018-11-06,CAM RANH,12.25,109.2,10.27,27.09,28.38,26.17,24.18,27.36,84.22,18.94,100.18,7.06,30.9,17.78,36.89,0.85,0.85,91.56
2018-11-07,CAM RANH,12.25,109.2,39.37,26.7,27.49,26.07,24.79,26.86,89.25,19.65,100.18,6.54,45.6,2.89,37.01,0.94,0.89,99.23
2018-11-08,CAM RANH,12.25,109.2,21.49,26.57,27.41,25.96,24.32,26.78,87.45,19.11,100.14,6.13,44.2,13.66,36.88,0.92,0.92,92.25
2018-11-09,CAM RANH,12.25,109.2,6.75,26.6,27.57,25.77,23.46,26.84,82.86,18.13,100.13,6.07,40.2,16.97,36.2,0.9,0.92,83.04
2018-11-10,CAM RANH,12.25,109.2,11.2,26.78,28.07,25.93,23.72,27.09,83.46,18.41,100.21,6.14,29.9,20.05,36.23,0.9,0.92,48.0
2018-11-11,CAM RANH,12.25,109.2,4.74,26.53,27.61,25.7,23.87,27.02,85.29,18.58,100.19,5.78,32.1,17.28,36.75,0.89,0.92,68.26
2018-11-12,CAM RANH,12.25,109.2,0.02,26.01,27.16,24.99,23.3,26.89,84.99,17.96,100.09,5.07,26.9,18.21,35.75,0.88,0.91,82.62
2018-11-13,CAM RANH,12.25,109.2,0.06,25.93,27.08,25.05,22.94,26.85,83.59,17.58,100.01,5.14,26.8,15.95,35.45,0.87,0.9,95.94
2018-11-14,CAM RANH,12.25,109.2,0.08,26.23,27.35,25.51,23.01,27.03,82.5,17.64,100.14,4.42,34.4,17.6,35.64,0.87,0.89,96.8
2018-11-15,CAM RANH,12.25,109.2,0.38,26.75,27.8,25.95,23.83,27.3,84.03,18.53,100.21,4.15,45.6,17.71,35.96,0.86,0.89,91.91
2018-11-16,CAM RANH,12.25,109.2,5.66,26.53,27.66,25.79,23.87,27.06,85.35,18.58,100.21,4.44,18.1,16.74,36.31,0.87,0.88,89.63
2018-11-17,CAM RANH,12.25,109.2,57.41,26.21,27.03,25.64,24.47,26.48,90.16,19.27,100.23,5.0,8.9,2.28,36.37,0.97,0.92,99.27
2018-11-18,CAM RANH,12.25,109.2,62.87,26.24,26.55,25.8,24.36,26.44,89.39,19.14,100.25,6.26,25.5,6.03,36.21,0.98,0.97,74.15
2018-11-19,CAM RANH,12.25,109.2,3.37,26.75,27.8,25.85,23.24,26.99,81.08,17.87,100.35,4.61,59.4,15.89,35.9,0.93,0.97,39.91
2018-11-20,CAM RANH,12.25,109.2,0.39,26.4,27.96,25.19,22.75,26.81,80.42,17.34,100.31,4.92,22.7,18.54,34.74,0.92,0.96,31.39
2018-11-21,CAM RANH,12.25,109.2,3.18,26.44,27.73,25.58,23.12,26.85,82.2,17.75,100.26,6.53,13.3,20.49,34.92,0.91,0.95,35.34
2018-11-22,CAM RANH,12.25,109.2,4.45,26.72,27.83,25.94,24.18,27.01,85.96,18.93,100.22,9.65,17.7,15.71,36.21,0.92,0.95,89.08
2018-11-23,CAM RANH,12.25,109.2,33.56,26.33,27.08,25.97,24.21,26.56,88.13,18.98,100.13,11.56,17.1,7.07,36.52,0.95,0.96,99.66
2018-11-24,CAM RANH,12.25,109.2,24.37,26.15,26.91,25.58,24.75,26.33,91.91,19.6,100.16,7.22,43.4,7.91,36.9,0.96,0.98,99.22
2018-11-25,CAM RANH,12.25,109.2,16.78,25.4,25.93,25.02,23.86,26.08,91.14,18.59,100.15,5.7,59.6,11.91,36.86,0.95,0.98,94.85
2018-11-26,CAM RANH,12.25,109.2,8.38,25.6,26.23,25.08,23.72,26.25,89.29,18.41,100.28,4.38,53.8,6.82,36.57,0.95,0.98,78.96
2018-11-27,CAM RANH,12.25,109.2,0.83,26.04,26.99,25.19,23.72,26.98,87.04,18.38,100.35,3.03,39.6,18.45,35.67,0.93,0.98,17.62
2018-11-28,CAM RANH,12.25,109.2,1.99,25.91,26.75,25.22,23.75,26.75,87.9,18.41,100.42,4.59,31.1,16.09,36.09,0.93,0.97,44.94
2018-11-29,CAM RANH,12.25,109.2,0.85,26.11,26.74,25.55,23.82,26.72,87.15,18.47,100.45,5.69,35.1,18.42,35.55,0.92,0.96,52.5
2018-11-30,CAM RANH,12.25,109.2,6.03,26.44,27.73,25.46,23.77,26.69,85.33,18.43,100.38,5.86,27.2,14.62,36.63,0.93,0.96,94.97
2018-12-01,CAM RANH,12.25,109.2,3.55,26.4,27.26,25.81,24.24,26.71,87.84,18.99,100.22,5.62,41.4,11.41,36.55,0.92,0.96,69.54
2018-12-02,CAM RANH,12.25,109.2,0.49,26.48,27.57,25.61,23.33,26.6,82.8,17.97,100.2,5.85,30.5,18.18,36.25,0.91,0.95,61.62
2018-12-03,CAM RANH,12.25,109.2,1.27,26.53,27.55,25.84,24.35,26.64,87.88,19.13,100.24,5.41,33.7,13.34,36.48,0.91,0.95,97.41
2018-12-04,CAM RANH,12.25,109.2,0.2,26.46,27.77,25.45,23.34,26.51,82.99,18.0,100.25,5.79,42.2,18.4,35.16,0.91,0.94,67.13
2018-12-05,CAM RANH,12.25,109.2,0.35,26.26,27.43,25.52,23.38,26.62,84.4,18.08,100.08,6.25,14.2,16.79,36.29,0.9,0.94,67.56
2018-12-06,CAM RANH,12.25,109.2,1.53,26.77,27.61,26.34,24.7,27.08,88.43,19.57,100.07,6.41,33.6,15.3,37.02,0.9,0.93,77.74
2018-12-07,CAM RANH,12.25,109.2,5.54,26.77,27.54,26.21,24.42,26.76,86.97,19.23,100.16,5.87,39.7,15.12,36.03,0.91,0.93,98.14
2018-12-08,CAM RANH,12.25,109.2,3.87,26.79,27.8,26.05,24.45,27.02,86.98,19.24,100.23,6.25,48.5,14.13,36.49,0.9,0.93,96.58
2018-12-09,CAM RANH,12.25,109.2,7.94,26.84,27.88,25.99,24.3,27.01,85.93,19.07,100.21,5.64,48.7,14.8,36.45,0.9,0.93,52.08
2018-12-10,CAM RANH,12.25,109.2,5.43,26.67,27.59,25.95,24.22,26.96,86.41,18.97,100.24,5.57,55.3,16.69,36.65,0.9,0.93,50.92
2018-12-11,CAM RANH,12.25,109.2,5.16,26.5,27.57,25.76,23.81,26.7,85.12,18.48,100.36,7.14,43.3,16.87,36.06,0.9,0.93,68.52
2018-12-12,CAM RANH,12.25,109.2,9.44,26.2,27.42,25.39,23.62,26.49,85.68,18.25,100.46,9.15,32.1,12.67,36.97,0.9,0.92,91.41
2018-12-13,CAM RANH,12.25,109.2,3.3,26.27,27.43,25.54,23.68,26.5,85.65,18.31,100.49,9.08,31.7,11.93,36.34,0.89,0.92,67.21
2018-12-14,CAM RANH,12.25,109.2,16.61,26.16,27.05,25.7,24.22,26.45,89.04,18.93,100.43,9.68,33.5,8.44,36.96,0.91,0.93,96.01
2018-12-15,CAM RANH,12.25,109.2,6.21,26.16,26.85,25.75,23.99,26.24,87.77,18.66,100.45,8.79,33.7,9.78,36.98,0.91,0.93,86.63
2018-12-16,CAM RANH,12.25,109.2,1.75,26.11,27.2,25.46,23.39,26.27,84.96,17.98,100.52,9.65,27.2,14.89,36.21,0.89,0.93,93.24
2018-12-17,CAM RANH,12.25,109.2,2.09,25.64,26.74,24.79,22.63,26.01,83.42,17.17,100.55,9.38,27.7,11.07,36.88,0.88,0.92,95.65
2018-12-18,CAM RANH,12.25,109.2,0.9,25.29,26.39,24.47,22.38,25.77,83.96,16.91,100.5,7.65,18.8,14.65,36.37,0.88,0.91,68.22
2018-12-19,CAM RANH,12.25,109.2,0.23,25.56,26.84,24.69,22.97,25.94,85.59,17.54,100.46,5.03,22.7,13.66,35.81,0.87,0.9,55.99
2018-12-20,CAM RANH,12.25,109.2,0.12,25.43,26.76,24.34,22.63,26.01,84.52,17.2,100.33,4.29,27.2,18.12,34.69,0.87,0.9,55.17
2018-12-21,CAM RANH,12.25,109.2,0.23,25.25,26.78,24.16,22.16,26.01,83.04,16.74,100.22,5.18,16.2,19.41,34.33,0.86,0.89,56.8
2018-12-22,CAM RANH,12.25,109.2,2.74,25.66,26.8,25.04,22.56,25.96,83.11,17.16,100.23,7.41,7.7,14.76,35.89,0.86,0.88,99.42
2018-12-23,CAM RANH,12.25,109.2,3.26,25.66,26.64,24.97,23.7,25.83,89.02,18.41,100.15,7.04,12.9,5.63,36.86,0.87,0.88,99.39
2018-12-24,CAM RANH,12.25,109.2,1.16,25.76,26.86,25.08,23.99,25.95,90.03,18.75,100.03,6.34,10.9,3.42,36.28,0.86,0.88,97.79
2018-12-25,CAM RANH,12.25,109.2,1.3,25.89,27.05,25.16,23.74,26.14,87.88,18.47,100.0,5.53,15.6,16.02,36.35,0.86,0.88,76.67
2018-12-26,CAM RANH,12.25,109.2,4.31,25.82,27.04,25.2,23.77,26.21,88.53,18.51,99.96,5.88,12.3,6.35,36.66,0.86,0.87,99.63
2018-12-27,CAM RANH,12.25,109.2,64.57,25.61,26.3,25.08,24.17,25.68,91.64,18.96,99.99,7.5,31.3,1.4,36.36,0.95,0.9,99.28
2018-12-28,CAM RANH,12.25,109.2,13.42,25.21,25.55,24.9,23.52,25.35,90.3,18.2,100.13,9.08,31.6,4.27,36.12,0.92,0.93,99.6
2018-12-29,CAM RANH,12.25,109.2,19.06,25.27,25.98,24.73,23.38,25.26,89.18,18.03,100.29,9.55,42.2,7.38,36.11,0.93,0.95,99.84
2018-12-30,CAM RANH,12.25,109.2,4.6,24.9,25.91,24.13,22.28,25.13,85.34,16.81,100.47,11.09,18.2,9.87,35.55,0.91,0.95,99.92
2018-12-31,CAM RANH,12.25,109.2,15.47,24.39,25.11,23.89,22.19,24.85,87.54,16.72,100.51,12.2,15.7,7.9,35.5,0.93,0.95,99.8
2019-01-01,CAM RANH,12.25,109.2,16.85,24.34,25.06,24.01,22.63,24.7,90.19,17.19,100.45,11.77,13.2,5.88,36.08,0.94,0.96,99.67
2019-01-02,CAM RANH,12.25,109.2,16.93,24.95,25.42,24.42,23.81,24.93,93.36,18.48,100.46,8.19,20.7,5.72,36.21,0.94,0.97,99.67
2019-01-03,CAM RANH,12.25,109.2,11.39,25.69,26.7,24.99,24.11,25.6,90.96,18.79,100.53,5.48,49.8,11.38,37.01,0.94,0.97,87.94
2019-01-04,CAM RANH,12.25,109.2,3.02,25.64,26.55,24.79,23.78,25.67,89.45,18.41,100.57,5.3,54.3,9.84,36.78,0.93,0.97,61.96
2019-01-05,CAM RANH,12.25,109.2,2.76,25.47,26.53,24.85,23.57,25.57,89.26,18.18,100.55,6.01,50.6,12.26,36.83,0.92,0.96,74.6
2019-01-06,CAM RANH,12.25,109.2,0.95,25.1,26.3,24.16,22.75,25.15,86.81,17.3,100.57,6.21,44.8,15.11,34.95,0.92,0.96,32.54
2019-01-07,CAM RANH,12.25,109.2,2.12,25.23,26.41,24.44,22.7,25.31,86.04,17.26,100.48,6.63,35.0,17.6,35.6,0.91,0.95,52.72
2019-01-08,CAM RANH,12.25,109.2,0.74,25.19,26.48,24.29,22.38,25.28,84.51,16.91,100.5,6.11,46.6,14.7,35.51,0.91,0.94,48.2
2019-01-09,CAM RANH,12.25,109.2,1.08,25.24,26.43,24.28,22.76,25.16,86.13,17.31,100.52,6.02,50.2,9.78,36.28,0.91,0.94,83.16
2019-01-10,CAM RANH,12.25,109.2,1.55,25.16,26.11,24.59,22.87,25.36,87.2,17.44,100.47,5.42,43.1,17.95,35.92,0.9,0.94,65.53
2019-01-11,CAM RANH,12.25,109.2,4.41,25.2,26.37,24.37,22.62,25.25,85.66,17.17,100.44,6.12,37.2,13.94,36.47,0.9,0.93,85.09
2019-01-12,CAM RANH,12.25,109.2,1.1,25.02,26.38,23.99,22.31,25.26,84.93,16.85,100.44,6.6,27.6,15.58,35.34,0.89,0.93,81.31
2019-01-13,CAM RANH,12.25,109.2,0.39,24.51,25.94,23.46,21.57,24.95,83.7,16.12,100.38,7.32,21.2,17.57,33.82,0.88,0.92,30.87
2019-01-14,CAM RANH,12.25,109.2,0.56,24.54,25.92,23.55,21.0,24.97,80.92,15.58,100.27,6.86,10.6,18.51,34.88,0.88,0.91,57.27
2019-01-15,CAM RANH,12.25,109.2,5.07,24.68,25.72,23.97,22.63,25.0,88.37,17.21,100.32,7.05,22.6,8.01,36.62,0.88,0.91,92.64
2019-01-16,CAM RANH,12.25,109.2,7.07,24.72,25.74,24.08,22.56,24.98,87.75,17.12,100.36,6.8,34.6,11.82,36.69,0.89,0.91,92.48
2019-01-17,CAM RANH,12.25,109.2,5.23,24.83,25.99,23.91,22.06,24.99,84.54,16.59,100.42,8.31,41.8,15.16,35.04,0.88,0.91,67.62
2019-01-18,CAM RANH,12.25,109.2,4.65,24.5,25.8,23.81,21.62,24.87,84.1,16.16,100.41,7.69,27.1,16.38,35.02,0.88,0.9,81.71
2019-01-19,CAM RANH,12.25,109.2,2.76,24.55,25.93,23.53,22.14,24.83,86.47,16.69,100.36,6.61,29.9,15.11,35.43,0.88,0.9,67.14
2019-01-20,CAM RANH,12.25,109.2,3.09,24.49,26.05,23.4,22.03,24.77,86.18,16.58,100.38,6.72,20.7,13.27,35.48,0.87,0.9,97.37
2019-01-21,CAM RANH,12.25,109.2,6.28,24.29,25.61,23.5,22.0,24.66,87.05,16.53,100.45,8.74,13.0,17.72,35.24,0.88,0.9,93.63
2019-01-22,CAM RANH,12.25,109.2,1.42,23.78,25.3,22.6,20.29,24.2,80.73,14.86,100.62,9.86,20.8,11.23,34.52,0.86,0.89,84.54
2019-01-23,CAM RANH,12.25,109.2,0.52,22.93,24.27,22.06,18.6,23.68,76.61,13.36,100.59,8.25,17.5,18.48,32.85,0.86,0.88,83.63
2019-01-24,CAM RANH,12.25,109.2,0.12,22.89,24.51,21.57,18.41,23.68,75.9,13.2,100.57,6.84,10.3,14.93,33.62,0.85,0.87,78.81
2019-01-25,CAM RANH,12.25,109.2,0.64,23.3,24.81,22.53,19.6,24.01,79.91,14.22,100.67,7.93,8.2,19.74,32.89,0.85,0.87,72.85
2019-01-26,CAM RANH,12.25,109.2,0.42,23.77,25.05,22.96,20.03,24.05,79.54,14.6,100.63,9.17,26.9,14.14,34.97,0.84,0.86,93.15
2019-01-27,CAM RANH,12.25,109.2,0.17,22.94,24.71,21.65,19.34,23.64,80.46,14.0,100.62,7.5,9.4,15.5,32.84,0.84,0.85,50.55
2019-01-28,CAM RANH,12.25,109.2,0.61,23.48,25.01,22.72,20.99,24.27,85.98,15.52,100.53,6.34,16.2,21.16,33.72,0.83,0.84,32.57
2019-01-29,CAM RANH,12.25,109.2,1.24,24.01,25.54,22.87,21.43,24.45,85.59,15.95,100.55,6.62,31.6,11.14,35.44,0.83,0.84,79.98
2019-01-30,CAM RANH,12.25,109.2,0.21,23.48,24.88,22.26,20.35,24.03,82.73,14.91,100.59,5.72,26.4,19.31,33.51,0.82,0.83,62.51
2019-01-31,CAM RANH,12.25,109.2,0.4,23.74,25.47,22.49,20.4,24.14,81.68,14.95,100.62,6.63,15.0,18.91,34.73,0.82,0.82,68.7
2019-02-01,CAM RANH,12.25,109.2,0.1,23.4,24.99,22.18,20.08,24.01,81.79,14.66,100.58,6.6,15.2,11.91,34.97,0.81,0.82,67.16
2019-02-02,CAM RANH,12.25,109.2,0.09,23.78,25.28,22.86,20.92,24.65,84.22,15.47,100.47,4.41,18.4,20.75,34.08,0.81,0.81,22.69
2019-02-03,CAM RANH,12.25,109.2,0.07,24.74,26.36,23.46,21.89,25.29,84.15,16.42,100.52,3.52,47.8,21.57,34.15,0.8,0.8,23.3
2019-02-04,CAM RANH,12.25,109.2,0.03,24.37,26.25,22.75,21.73,24.96,85.47,16.25,100.54,3.73,38.0,18.55,34.54,0.79,0.79,65.09
2019-02-05,CAM RANH,12.25,109.2,0.01,24.44,26.14,23.47,21.29,25.15,82.67,15.82,100.44,3.27,50.1,21.01,33.85,0.78,0.79,69.14
2019-02-06,CAM RANH,12.25,109.2,0.0,24.84,26.29,23.89,21.91,25.38,83.91,16.46,100.35,2.23,76.3,20.87,34.42,0.78,0.78,23.72
2019-02-07,CAM RANH,12.25,109.2,0.0,25.21,26.83,23.95,22.2,25.74,83.41,16.76,100.36,1.94,119.8,22.03,33.65,0.77,0.77,11.14
2019-02-08,CAM RANH,12.25,109.2,0.0,24.88,26.75,23.33,21.11,25.63,79.69,15.67,100.33,2.46,117.7,23.16,32.79,0.76,0.77,15.03
2019-02-09,CAM RANH,12.25,109.2,0.0,24.79,26.42,23.82,20.67,25.85,77.91,15.21,100.48,2.74,107.4,23.55,32.39,0.76,0.76,10.62
2019-02-10,CAM RANH,12.25,109.2,0.17,25.19,27.12,23.81,21.01,25.85,78.0,15.51,100.73,4.25,48.3,22.62,33.36,0.75,0.75,18.19
2019-02-11,CAM RANH,12.25,109.2,1.65,25.14,26.24,24.47,22.36,26.04,84.61,16.85,100.78,7.02,37.2,20.45,35.71,0.75,0.75,50.83
2019-02-12,CAM RANH,12.25,109.2,0.43,25.05,26.8,23.61,21.19,25.68,79.22,15.67,100.88,6.74,39.0,18.07,35.4,0.74,0.74,55.0
2019-02-13,CAM RANH,12.25,109.2,0.33,24.82,26.36,23.62,21.13,25.84,80.14,15.62,100.73,5.54,36.7,21.77,35.0,0.73,0.73,44.46
2019-02-14,CAM RANH,12.25,109.2,0.19,24.99,26.6,23.95,21.67,25.95,81.91,16.17,100.61,4.9,40.1,19.32,34.26,0.72,0.73,28.64
2019-02-15,CAM RANH,12.25,109.2,0.03,25.32,26.84,24.21,22.05,26.16,82.28,16.56,100.61,4.52,36.1,20.46,34.83,0.7,0.72,31.0
2019-02-16,CAM RANH,12.25,109.2,0.01,25.58,27.29,24.36,22.11,26.5,81.28,16.64,100.49,3.68,64.8,20.98,34.81,0.69,0.71,19.4
2019-02-17,CAM RANH,12.25,109.2,0.12,25.66,27.37,24.49,22.53,27.03,83.02,17.09,100.36,3.31,109.5,22.01,35.11,0.69,0.71,27.19
2019-02-18,CAM RANH,12.25,109.2,0.02,25.98,27.44,25.04,22.97,27.0,83.58,17.56,100.38,4.62,158.3,21.62,35.17,0.68,0.7,25.01
2019-02-19,CAM RANH,12.25,109.2,0.01,26.45,27.91,25.49,22.3,27.16,77.98,16.83,100.53,3.46,133.0,22.59,34.21,0.67,0.69,8.79
2019-02-20,CAM RANH,12.25,109.2,0.02,26.52,28.18,25.25,22.38,27.39,78.26,16.9,100.61,3.33,87.4,22.07,34.71,0.66,0.69,12.58
2019-02-21,CAM RANH,12.25,109.2,0.01,26.05,27.61,24.59,21.82,27.33,77.58,16.35,100.47,3.12,88.9,22.51,34.36,0.65,0.68,13.57
2019-02-22,CAM RANH,12.25,109.2,0.0,25.76,27.1,24.62,20.83,27.12,74.18,15.39,100.41,3.39,93.5,22.43,33.86,0.64,0.67,16.63
2019-02-23,CAM RANH,12.25,109.2,0.0,25.37,27.3,23.64,19.39,26.77,69.59,14.08,100.3,2.75,101.7,22.78,32.86,0.63,0.67,11.01
2019-02-24,CAM RANH,12.25,109.2,0.0,25.41,27.06,24.16,20.39,27.0,73.86,14.98,100.33,3.04,67.4,21.25,33.93,0.62,0.66,19.69
2019-02-25,CAM RANH,12.25,109.2,0.1,25.73,27.21,24.6,21.68,27.2,78.34,16.22,100.39,4.31,63.0,18.61,35.33,0.61,0.66,38.26
2019-02-26,CAM RANH,12.25,109.2,0.08,25.7,27.58,24.38,21.28,27.01,76.84,15.84,100.35,4.58,45.7,22.29,34.13,0.61,0.65,21.32
2019-02-27,CAM RANH,12.25,109.2,0.03,25.48,27.35,24.15,20.66,26.75,74.83,15.26,100.21,4.16,46.6,23.89,33.3,0.6,0.65,12.68
2019-02-28,CAM RANH,12.25,109.2,0.08,25.56,27.25,24.43,21.24,27.21,77.26,15.81,100.26,3.81,58.9,24.22,33.99,0.59,0.64,12.36
2019-03-01,CAM RANH,12.25,109.2,0.01,26.24,28.11,24.52,19.09,27.18,64.91,13.81,100.29,3.69,74.1,24.91,33.22,0.58,0.63,10.39
2019-03-02,CAM RANH,12.25,109.2,0.0,25.65,27.53,23.68,18.44,26.8,64.75,13.28,100.13,3.26,138.7,24.53,32.37,0.57,0.63,7.45
2019-03-03,CAM RANH,12.25,109.2,0.02,25.76,27.71,24.3,20.47,27.01,72.89,15.1,100.06,4.29,159.2,23.5,33.82,0.57,0.62,5.29
2019-03-04,CAM RANH,12.25,109.2,0.03,25.3,27.21,23.85,21.07,26.87,77.58,15.66,100.12,4.0,146.1,24.23,33.27,0.56,0.62,13.25
2019-03-05,CAM RANH,12.25,109.2,0.0,25.96,27.61,25.0,22.12,27.32,79.55,16.7,100.17,4.08,157.0,24.64,33.91,0.56,0.61,10.23
2019-03-06,CAM RANH,12.25,109.2,0.0,26.45,28.61,24.9,23.07,27.59,81.91,17.7,100.19,4.12,159.4,22.39,35.06,0.55,0.61,4.13
2019-03-07,CAM RANH,12.25,109.2,0.09,26.33,28.1,25.01,22.81,27.76,81.06,17.4,100.24,3.61,139.7,21.5,35.6,0.55,0.6,28.27
2019-03-08,CAM RANH,12.25,109.2,0.03,26.33,28.08,25.01,22.21,27.79,78.27,16.78,100.27,3.45,142.0,21.95,34.79,0.54,0.6,12.4
2019-03-09,CAM RANH,12.25,109.2,0.06,26.53,28.42,25.44,22.76,27.85,80.04,17.36,100.19,4.39,167.7,23.46,35.68,0.54,0.59,24.06
2019-03-10,CAM RANH,12.25,109.2,0.12,27.48,29.43,26.02,23.56,27.97,79.5,18.25,100.18,4.03,186.1,21.43,37.67,0.53,0.59,50.35
2019-03-11,CAM RANH,12.25,109.2,0.52,26.93,29.01,25.51,23.79,28.24,83.12,18.48,100.25,2.76,107.4,18.12,37.88,0.53,0.58,52.34
2019-03-12,CAM RANH,12.25,109.2,0.04,26.49,28.27,25.13,22.51,28.07,78.91,17.07,100.33,2.79,110.1,16.6,36.87,0.52,0.58,72.44
2019-03-13,CAM RANH,12.25,109.2,0.02,26.27,28.01,25.01,22.01,27.67,77.53,16.54,100.43,2.56,105.6,18.98,35.52,0.52,0.58,32.93
2019-03-14,CAM RANH,12.25,109.2,0.01,26.66,28.68,25.16,22.25,27.98,76.92,16.78,100.48,2.27,73.1,21.57,34.83,0.51,0.57,29.36
2019-03-15,CAM RANH,12.25,109.2,0.12,26.39,28.01,24.95,22.65,27.7,80.12,17.19,100.5,5.2,23.9,20.28,35.65,0.51,0.57,26.16
2019-03-16,CAM RANH,12.25,109.2,0.54,26.19,27.73,25.1,23.22,27.39,83.83,17.81,100.48,6.97,20.4,19.12,36.52,0.52,0.56,49.16
2019-03-17,CAM RANH,12.25,109.2,0.14,26.33,28.19,24.72,22.99,27.29,82.02,17.56,100.44,5.65,30.5,20.73,35.85,0.51,0.56,31.32
2019-03-18,CAM RANH,12.25,109.2,0.01,26.49,28.42,25.2,22.2,27.49,77.47,16.75,100.35,4.45,37.4,24.34,34.87,0.5,0.56,10.55
2019-03-19,CAM RANH,12.25,109.2,0.01,26.64,28.47,25.36,22.53,27.98,78.46,17.12,100.24,3.21,70.0,24.99,35.12,0.49,0.55,10.25
2019-03-20,CAM RANH,12.25,109.2,0.02,26.7,28.45,25.45,22.7,28.2,78.84,17.3,100.19,2.82,105.3,24.87,35.09,0.49,0.55,16.52
2019-03-21,CAM RANH,12.25,109.2,0.01,26.87,28.82,25.5,23.05,28.31,79.77,17.68,100.13,3.14,141.2,24.56,34.93,0.48,0.54,33.47
2019-03-22,CAM RANH,12.25,109.2,0.74,27.33,29.05,26.3,23.64,28.6,80.45,18.35,100.09,3.21,138.5,22.3,36.26,0.49,0.54,47.56
2019-03-23,CAM RANH,12.25,109.2,4.24,27.51,28.97,26.39,24.08,28.73,81.6,18.82,100.16,4.18,97.7,23.94,36.27,0.53,0.54,39.38
2019-03-24,CAM RANH,12.25,109.2,1.14,27.22,28.88,26.01,22.71,28.57,76.49,17.29,100.25,5.17,62.3,21.83,35.94,0.51,0.54,40.81
2019-03-25,CAM RANH,12.25,109.2,0.95,26.95,28.29,25.82,22.76,28.47,77.9,17.33,100.37,5.13,51.7,23.41,35.71,0.5,0.54,25.59
2019-03-26,CAM RANH,12.25,109.2,1.65,26.95,28.71,25.71,22.72,28.39,77.73,17.28,100.46,5.3,53.8,20.84,35.93,0.5,0.54,38.55
2019-03-27,CAM RANH,12.25,109.2,0.7,26.59,28.56,25.04,22.4,28.53,78.01,16.95,100.39,3.83,67.0,23.09,35.51,0.49,0.53,29.68
2019-03-28,CAM RANH,12.25,109.2,0.13,27.18,28.94,26.08,23.13,28.96,78.68,17.77,100.11,3.99,149.5,24.54,35.79,0.48,0.53,30.84
2019-03-29,CAM RANH,12.25,109.2,0.37,27.85,29.37,26.83,24.35,28.65,81.39,19.17,99.96,5.11,174.6,22.64,36.98,0.49,0.53,69.66
2019-03-30,CAM RANH,12.25,109.2,0.93,27.81,29.32,26.64,24.02,28.52,79.88,18.77,100.06,4.14,154.0,21.63,37.0,0.49,0.52,80.41
2019-03-31,CAM RANH,12.25,109.2,0.89,27.3,28.51,26.19,23.57,28.48,80.2,18.23,100.29,3.49,127.9,23.16,36.03,0.5,0.52,71.03
2019-04-01,CAM RANH,12.25,109.2,0.34,27.34,29.23,25.83,22.98,29.27,77.44,17.58,100.35,3.06,82.8,24.43,35.75,0.47,0.52,50.13
2019-04-02,CAM RANH,12.25,109.2,0.94,27.3,29.22,26.09,22.89,29.23,77.11,17.49,100.28,3.69,48.3,24.28,35.85,0.47,0.52,29.66
2019-04-03,CAM RANH,12.25,109.2,1.87,27.13,28.59,26.03,23.11,29.34,78.75,17.71,100.31,3.13,79.9,23.58,36.27,0.49,0.51,38.19
2019-04-04,CAM RANH,12.25,109.2,0.19,27.38,29.15,26.09,22.65,29.54,75.54,17.24,100.27,3.37,74.9,24.47,36.7,0.47,0.51,52.67
2019-04-05,CAM RANH,12.25,109.2,0.01,27.3,29.4,25.65,20.75,28.88,67.82,15.33,100.28,2.82,59.2,23.66,35.16,0.45,0.5,46.65
2019-04-06,CAM RANH,12.25,109.2,0.17,27.49,29.49,25.9,22.31,29.49,74.06,16.93,100.2,3.11,83.6,26.79,34.19,0.45,0.5,9.49
2019-04-07,CAM RANH,12.25,109.2,0.03,27.86,29.68,26.4,22.4,29.65,72.4,16.99,100.16,3.05,119.9,25.71,35.25,0.44,0.5,12.17
2019-04-08,CAM RANH,12.25,109.2,0.04,27.65,29.76,26.04,22.41,29.71,73.38,17.02,100.06,2.91,128.7,25.51,35.43,0.43,0.49,17.02
2019-04-09,CAM RANH,12.25,109.2,0.05,28.34,30.11,26.93,22.9,30.05,72.82,17.57,100.06,3.16,142.0,26.13,35.29,0.41,0.49,26.81
2019-04-10,CAM RANH,12.25,109.2,0.03,29.01,31.13,27.46,23.28,30.62,71.74,18.0,99.94,2.5,140.2,25.1,36.5,0.39,0.48,36.5
2019-04-11,CAM RANH,12.25,109.2,1.48,28.84,30.81,27.42,24.53,30.45,77.84,19.4,99.86,3.43,158.3,24.49,37.23,0.39,0.48,53.26
2019-04-12,CAM RANH,12.25,109.2,5.63,28.54,29.87,27.55,25.19,29.42,82.21,20.18,99.93,4.48,167.0,23.97,37.0,0.5,0.49,69.99
2019-04-13,CAM RANH,12.25,109.2,3.55,28.29,29.76,27.13,24.94,29.13,82.18,19.86,100.06,3.61,164.5,24.68,36.93,0.54,0.5,41.06
2019-04-14,CAM RANH,12.25,109.2,3.08,28.55,30.18,27.52,24.67,29.56,79.77,19.54,100.08,3.24,168.4,24.01,36.84,0.49,0.5,62.08
2019-04-15,CAM RANH,12.25,109.2,2.88,28.5,29.92,27.46,24.32,29.46,78.18,19.12,100.07,2.97,158.1,24.46,36.91,0.53,0.5,23.34
2019-04-16,CAM RANH,12.25,109.2,1.51,29.05,30.54,28.13,24.66,30.25,77.4,19.52,100.05,3.46,150.3,24.9,37.3,0.48,0.5,26.15
2019-04-17,CAM RANH,12.25,109.2,1.26,28.95,30.6,27.58,24.74,30.12,78.15,19.61,100.0,3.95,154.5,24.86,36.87,0.48,0.5,16.48
2019-04-18,CAM RANH,12.25,109.2,0.12,28.61,30.49,27.21,24.32,29.99,77.75,19.15,99.9,5.2,170.6,24.7,37.15,0.45,0.49,51.79
2019-04-19,CAM RANH,12.25,109.2,0.12,29.14,30.89,27.85,24.48,30.04,76.26,19.38,99.73,5.7,178.7,23.66,36.88,0.43,0.49,20.57
2019-04-20,CAM RANH,12.25,109.2,0.55,29.06,31.02,27.59,24.84,29.87,78.23,19.81,99.68,6.74,175.3,23.0,37.25,0.43,0.49,35.04
2019-04-21,CAM RANH,12.25,109.2,0.03,28.78,30.77,27.26,24.67,29.9,78.61,19.59,99.71,5.8,167.3,24.93,36.25,0.41,0.48,19.67
2019-04-22,CAM RANH,12.25,109.2,0.38,28.94,30.9,27.61,24.22,30.38,76.0,19.05,99.86,4.24,152.7,26.71,35.71,0.38,0.48,12.1
2019-04-23,CAM RANH,12.25,109.2,0.32,29.06,30.76,27.68,24.06,30.7,74.45,18.84,100.0,2.89,101.9,24.85,35.76,0.37,0.48,20.3
2019-04-24,CAM RANH,12.25,109.2,0.49,29.42,31.25,27.81,23.76,31.17,71.77,18.51,99.95,3.35,117.2,25.87,35.7,0.34,0.48,52.91
2019-04-25,CAM RANH,12.25,109.2,0.07,28.67,30.8,27.01,22.9,30.99,71.29,17.55,99.93,3.27,135.8,26.33,35.23,0.32,0.48,32.27
2019-04-26,CAM RANH,12.25,109.2,0.38,28.91,30.95,27.58,23.62,31.22,73.48,18.36,99.92,3.34,124.4,26.34,35.89,0.3,0.48,29.0
2019-04-27,CAM RANH,12.25,109.2,0.83,29.34,30.86,28.32,23.77,31.02,72.03,18.5,100.03,3.42,108.7,25.19,37.25,0.31,0.48,65.63
2019-04-28,CAM RANH,12.25,109.2,0.39,28.94,30.74,27.41,23.69,30.52,73.58,18.4,100.1,3.26,128.4,22.65,37.02,0.32,0.48,71.1
2019-04-29,CAM RANH,12.25,109.2,0.02,28.65,30.82,26.94,23.0,30.84,71.82,17.65,100.04,3.62,146.5,23.23,36.43,0.31,0.47,51.27
2019-04-30,CAM RANH,12.25,109.2,0.25,29.23,31.24,28.13,23.53,31.35,71.86,18.28,99.87,4.94,169.7,25.11,37.05,0.29,0.47,46.64
2019-05-01,CAM RANH,12.25,109.2,1.95,29.62,31.39,28.34,25.4,30.92,78.43,20.46,99.88,3.47,165.3,23.22,37.85,0.31,0.47,54.15
2019-05-02,CAM RANH,12.25,109.2,2.64,28.78,29.63,28.2,25.71,29.72,83.42,20.8,99.98,3.91,154.8,15.75,37.89,0.43,0.48,79.8
2019-05-03,CAM RANH,12.25,109.2,1.25,29.29,30.79,28.07,25.29,30.18,79.16,20.28,100.03,4.47,171.6,22.2,37.34,0.45,0.48,24.78
2019-05-04,CAM RANH,12.25,109.2,0.65,29.41,31.25,27.81,24.86,30.79,76.71,19.78,99.99,4.81,178.9,22.41,37.18,0.41,0.48,20.9
2019-05-05,CAM RANH,12.25,109.2,2.96,30.24,32.22,28.93,25.18,31.42,75.05,20.26,99.76,4.75,179.1,22.99,37.96,0.39,0.48,62.51
2019-05-06,CAM RANH,12.25,109.2,3.12,29.91,31.87,28.39,24.6,29.79,74.04,19.64,99.6,3.65,218.8,23.47,38.49,0.49,0.48,71.34
2019-05-07,CAM RANH,12.25,109.2,2.37,29.86,31.46,28.65,25.86,30.02,79.51,21.12,99.57,2.45,189.5,23.82,38.36,0.49,0.49,74.36
2019-05-08,CAM RANH,12.25,109.2,8.06,29.41,30.71,28.26,26.25,29.6,83.19,21.59,99.59,2.66,179.3,19.15,38.25,0.55,0.49,86.08
2019-05-09,CAM RANH,12.25,109.2,11.56,28.8,30.27,27.72,25.93,29.24,84.66,21.16,99.71,3.91,171.2,19.44,37.98,0.62,0.51,94.48
2019-05-10,CAM RANH,12.25,109.2,5.63,28.97,31.31,27.68,24.06,29.76,75.17,18.88,99.86,1.93,186.6,20.43,37.63,0.56,0.52,92.14
2019-05-11,CAM RANH,12.25,109.2,21.02,28.43,29.57,27.72,24.65,29.2,80.15,19.55,99.92,2.88,127.9,20.25,37.49,0.67,0.55,95.84
2019-05-12,CAM RANH,12.25,109.2,5.13,28.41,29.3,27.84,25.28,29.07,83.2,20.31,99.87,2.01,147.2,21.07,38.05,0.58,0.56,74.14
2019-05-13,CAM RANH,12.25,109.2,2.26,29.05,31.01,27.55,25.3,29.83,80.71,20.38,99.79,3.79,174.0,23.75,37.79,0.54,0.56,59.37
2019-05-14,CAM RANH,12.25,109.2,3.16,28.92,30.41,27.79,25.46,29.54,81.87,20.54,99.87,4.65,180.6,24.62,37.41,0.55,0.56,41.79
2019-05-15,CAM RANH,12.25,109.2,0.99,29.19,31.12,27.83,25.36,29.88,80.21,20.41,99.91,4.83,179.9,25.94,37.49,0.52,0.56,30.24
2019-05-16,CAM RANH,12.25,109.2,2.75,29.65,31.47,28.36,25.66,30.43,79.46,20.78,99.85,4.13,181.0,24.59,37.94,0.52,0.55,64.04
2019-05-17,CAM RANH,12.25,109.2,13.09,29.51,30.96,28.3,26.08,29.85,82.0,21.34,99.74,2.79,193.1,24.14,37.96,0.6,0.56,80.98
2019-05-18,CAM RANH,12.25,109.2,1.37,29.53,31.15,28.03,25.88,29.55,81.0,21.11,99.67,3.86,195.5,24.92,38.12,0.56,0.57,32.97
2019-05-19,CAM RANH,12.25,109.2,1.64,29.49,31.31,27.92,25.93,29.44,81.42,21.15,99.77,2.74,204.7,24.41,38.25,0.55,0.57,21.32
2019-05-20,CAM RANH,12.25,109.2,1.28,29.92,32.02,28.43,25.91,30.02,79.57,21.13,99.78,2.82,194.3,24.48,38.36,0.53,0.57,26.25
2019-05-21,CAM RANH,12.25,109.2,1.61,30.02,31.94,28.74,25.99,30.19,79.26,21.2,99.81,2.17,192.5,22.84,38.32,0.53,0.57,70.16
2019-05-22,CAM RANH,12.25,109.2,38.91,29.09,30.72,27.45,25.28,29.44,80.04,20.31,99.89,1.92,265.1,22.83,38.63,0.73,0.6,93.48
2019-05-23,CAM RANH,12.25,109.2,2.15,28.96,29.75,28.28,25.44,29.38,81.37,20.5,99.92,2.31,176.0,23.09,37.76,0.63,0.64,97.19
2019-05-24,CAM RANH,12.25,109.2,16.49,29.07,30.32,28.19,25.16,29.51,79.67,20.18,99.86,2.33,161.3,19.26,38.05,0.7,0.65,87.57
2019-05-25,CAM RANH,12.25,109.2,16.72,29.47,31.19,28.18,25.5,29.96,79.52,20.61,99.74,2.98,180.2,22.7,38.02,0.7,0.66,69.36
2019-05-26,CAM RANH,12.25,109.2,26.81,28.97,30.38,28.09,25.38,29.48,81.1,20.45,99.76,3.1,200.7,23.65,38.17,0.79,0.7,70.7
2019-05-27,CAM RANH,12.25,109.2,10.34,29.48,31.75,27.09,24.84,29.79,76.55,19.83,99.72,4.44,198.0,24.64,37.92,0.74,0.71,72.05
2019-05-28,CAM RANH,12.25,109.2,6.59,28.77,29.73,27.83,25.16,29.52,80.89,20.19,99.74,4.96,170.5,20.34,38.02,0.73,0.72,90.89
2019-05-29,CAM RANH,12.25,109.2,5.58,29.16,30.99,27.83,24.38,29.3,75.78,19.25,99.83,2.83,196.2,22.35,37.67,0.74,0.72,87.6
2019-05-30,CAM RANH,12.25,109.2,2.4,28.81,30.45,27.61,24.75,29.47,79.04,19.69,99.86,2.85,154.0,21.87,37.34,0.72,0.72,92.08
2019-05-31,CAM RANH,12.25,109.2,1.31,28.9,29.97,27.99,24.94,29.74,79.43,19.93,99.82,2.64,149.0,24.25,37.02,0.71,0.71,70.83
2019-06-01,CAM RANH,12.25,109.2,0.73,29.28,30.33,28.33,23.2,29.72,69.95,17.95,99.83,2.25,189.1,24.9,37.6,0.7,0.71,64.72
2019-06-02,CAM RANH,12.25,109.2,4.21,29.07,30.41,28.14,24.9,29.82,78.47,19.88,99.82,3.15,183.5,24.17,37.57,0.72,0.71,76.89
2019-06-03,CAM RANH,12.25,109.2,3.28,29.02,30.22,27.94,25.24,29.95,80.3,20.27,99.84,2.76,170.0,21.02,38.06,0.72,0.71,92.38
2019-06-04,CAM RANH,12.25,109.2,2.85,28.89,30.1,27.75,25.41,29.7,81.57,20.47,99.84,3.03,164.4,23.72,37.64,0.72,0.71,78.6
2019-06-05,CAM RANH,12.25,109.2,8.65,28.69,29.47,28.08,25.43,29.88,82.6,20.49,99.88,3.23,155.6,22.3,37.43,0.74,0.71,92.87
2019-06-06,CAM RANH,12.25,109.2,5.13,28.35,29.26,27.56,24.36,29.55,79.02,19.19,100.03,3.61,183.2,15.33,37.28,0.75,0.72,76.3
2019-06-07,CAM RANH,12.25,109.2,1.4,28.97,29.79,28.44,24.6,30.05,77.28,19.46,100.0,2.75,165.5,24.14,37.93,0.72,0.72,61.87
2019-06-08,CAM RANH,12.25,109.2,2.38,30.01,31.18,28.96,24.6,30.66,72.92,19.52,99.81,2.14,183.7,23.94,38.49,0.71,0.71,63.88
2019-06-09,CAM RANH,12.25,109.2,3.01,30.54,32.47,28.65,24.84,31.13,72.2,19.87,99.65,3.28,195.5,22.67,38.25,0.7,0.71,76.5
2019-06-10,CAM RANH,12.25,109.2,0.77,31.04,33.28,29.08,25.36,31.19,72.11,20.5,99.54,1.83,251.9,23.39,38.5,0.69,0.7,65.33
2019-06-11,CAM RANH,12.25,109.2,0.83,30.92,33.0,28.97,25.64,30.9,73.85,20.84,99.6,2.33,242.9,24.51,37.93,0.69,0.7,72.76
2019-06-12,CAM RANH,12.25,109.2,1.56,30.8,32.54,29.3,25.42,31.05,73.37,20.56,99.62,2.22,217.5,23.97,38.86,0.68,0.69,69.96
2019-06-13,CAM RANH,12.25,109.2,4.94,29.4,31.36,27.7,25.54,30.27,80.01,20.68,99.67,2.96,223.2,24.32,38.24,0.71,0.7,67.07
2019-06-14,CAM RANH,12.25,109.2,1.73,28.92,29.82,28.22,24.29,29.7,76.24,19.17,99.73,2.78,252.2,23.54,38.1,0.7,0.7,82.5
2019-06-15,CAM RANH,12.25,109.2,13.68,29.76,31.01,28.99,24.78,30.0,74.89,19.76,99.67,2.88,234.4,23.0,38.21,0.75,0.7,86.41
2019-06-16,CAM RANH,12.25,109.2,11.1,29.35,30.55,28.37,25.37,29.78,79.3,20.47,99.73,2.88,196.1,12.02,38.2,0.78,0.72,98.55
2019-06-17,CAM RANH,12.25,109.2,9.11,29.22,31.7,26.43,24.49,29.86,76.1,19.42,99.74,2.43,224.7,15.69,38.32,0.76,0.73,96.33
2019-06-18,CAM RANH,12.25,109.2,3.62,29.73,31.77,27.77,24.87,29.9,75.44,19.86,99.71,2.37,236.5,22.76,38.7,0.74,0.73,66.97
2019-06-19,CAM RANH,12.25,109.2,7.24,29.54,31.25,28.46,25.42,29.83,78.79,20.53,99.67,2.16,125.7,24.65,38.45,0.76,0.73,59.25
2019-06-20,CAM RANH,12.25,109.2,2.72,29.63,31.18,28.47,25.14,30.01,77.01,20.17,99.7,1.85,153.8,23.57,38.72,0.75,0.74,43.89
2019-06-21,CAM RANH,12.25,109.2,1.67,29.22,30.17,28.24,25.29,29.77,79.5,20.37,99.63,2.96,159.6,24.75,37.62,0.74,0.73,27.17
2019-06-22,CAM RANH,12.25,109.2,2.75,29.01,30.03,28.08,26.14,29.76,84.56,21.44,99.61,4.33,178.9,24.77,37.78,0.74,0.73,54.22
2019-06-23,CAM RANH,12.25,109.2,13.19,28.87,30.28,27.67,25.61,29.15,82.77,20.77,99.67,5.41,190.0,24.76,37.38,0.78,0.74,79.12
2019-06-24,CAM RANH,12.25,109.2,4.08,29.24,30.94,28.0,25.44,29.35,80.14,20.53,99.78,3.32,201.8,24.48,37.37,0.76,0.75,74.47
2019-06-25,CAM RANH,12.25,109.2,6.17,28.99,30.54,27.89,25.25,29.27,80.66,20.3,99.86,2.65,197.2,23.34,38.17,0.77,0.75,64.13
2019-06-26,CAM RANH,12.25,109.2,3.42,29.51,31.59,27.62,25.26,29.45,78.14,20.34,99.61,2.46,236.6,22.53,38.47,0.77,0.75,76.31
2019-06-27,CAM RANH,12.25,109.2,3.03,29.54,32.04,27.63,25.02,29.44,77.06,20.1,99.47,2.93,246.6,24.85,37.47,0.75,0.75,69.96
2019-06-28,CAM RANH,12.25,109.2,7.17,29.29,31.72,27.32,24.81,29.11,77.14,19.84,99.51,3.91,229.4,23.08,37.64,0.77,0.75,85.51
2019-06-29,CAM RANH,12.25,109.2,5.3,28.8,31.19,26.97,24.16,28.66,76.41,19.07,99.54,4.1,240.5,19.77,38.3,0.78,0.75,97.3
2019-06-30,CAM RANH,12.25,109.2,4.63,29.21,31.94,27.12,24.53,28.77,76.29,19.49,99.48,4.17,257.6,16.35,38.29,0.76,0.75,99.52
2019-07-01,CAM RANH,12.25,109.2,7.23,28.5,30.97,26.2,23.78,28.28,75.85,18.64,99.46,4.83,247.1,11.75,37.81,0.79,0.75,99.86
2019-07-02,CAM RANH,12.25,109.2,9.73,27.4,29.58,25.74,22.27,27.55,73.73,17.01,99.5,5.92,236.4,11.1,37.42,0.8,0.76,98.81
2019-07-03,CAM RANH,12.25,109.2,1.36,28.21,30.8,26.34,22.99,28.18,73.66,17.73,99.69,3.96,220.5,16.37,37.49,0.76,0.76,92.09
2019-07-04,CAM RANH,12.25,109.2,0.44,28.08,30.46,25.97,23.96,28.29,78.73,18.79,99.82,4.09,204.7,23.11,37.37,0.74,0.75,45.04
2019-07-05,CAM RANH,12.25,109.2,1.89,28.38,30.93,26.44,24.25,28.37,78.84,19.16,99.68,2.71,219.5,24.64,37.7,0.74,0.74,26.15
2019-07-06,CAM RANH,12.25,109.2,1.83,28.61,31.52,26.21,24.83,28.4,80.52,19.84,99.58,2.41,228.5,24.24,37.9,0.74,0.73,33.58
2019-07-07,CAM RANH,12.25,109.2,16.61,28.33,29.99,27.13,25.19,28.33,83.22,20.23,99.72,2.86,202.7,23.7,38.25,0.79,0.74,73.06
2019-07-08,CAM RANH,12.25,109.2,5.34,28.03,29.93,26.21,24.91,28.06,83.42,19.9,99.81,2.44,212.3,23.83,38.02,0.79,0.76,52.64
2019-07-09,CAM RANH,12.25,109.2,3.14,28.36,30.65,26.56,24.65,28.21,80.7,19.59,99.75,3.46,221.8,24.02,37.87,0.77,0.75,48.6
2019-07-10,CAM RANH,12.25,109.2,1.21,28.56,30.74,27.05,25.04,28.42,81.5,20.04,99.82,3.39,212.4,24.71,37.55,0.76,0.75,44.05
2019-07-11,CAM RANH,12.25,109.2,0.86,27.75,29.61,25.7,24.15,27.61,81.21,18.96,100.0,1.8,258.5,24.2,37.4,0.76,0.74,27.86
2019-07-12,CAM RANH,12.25,109.2,1.4,28.26,30.24,26.68,24.68,28.25,81.25,19.61,99.85,2.93,215.0,24.93,37.48,0.75,0.74,19.07
2019-07-13,CAM RANH,12.25,109.2,0.7,28.59,31.04,26.49,24.31,28.34,78.1,19.2,99.71,2.88,220.9,23.94,37.58,0.74,0.73,22.59
2019-07-14,CAM RANH,12.25,109.2,1.56,28.6,30.59,27.1,24.87,28.64,80.47,19.88,99.56,2.57,221.7,22.93,37.88,0.74,0.73,76.54
2019-07-15,CAM RANH,12.25,109.2,1.32,28.52,30.47,26.94,24.76,28.56,80.27,19.78,99.5,3.18,231.9,19.2,38.16,0.74,0.73,94.88
2019-07-16,CAM RANH,12.25,109.2,6.61,28.45,30.58,26.79,25.0,28.71,81.86,20.06,99.47,2.86,212.7,19.88,38.25,0.75,0.72,93.01
2019-07-17,CAM RANH,12.25,109.2,4.17,28.16,29.96,26.72,24.82,28.4,82.37,19.87,99.41,2.39,213.2,20.79,37.41,0.76,0.73,96.48
2019-07-18,CAM RANH,12.25,109.2,1.54,28.08,29.44,26.8,24.85,28.39,82.86,19.89,99.45,2.43,194.7,21.78,37.3,0.75,0.73,98.11
2019-07-19,CAM RANH,12.25,109.2,2.24,28.96,30.82,27.43,25.59,29.03,82.26,20.77,99.52,3.36,207.9,21.97,37.73,0.74,0.73,93.82
2019-07-20,CAM RANH,12.25,109.2,1.79,29.37,31.97,27.53,25.69,29.44,81.0,20.87,99.62,2.47,219.4,22.6,38.16,0.73,0.72,79.91
2019-07-21,CAM RANH,12.25,109.2,2.6,29.01,30.22,27.84,25.77,29.17,82.82,20.97,99.64,2.56,192.2,23.25,38.39,0.74,0.72,79.77
2019-07-22,CAM RANH,12.25,109.2,5.44,28.83,30.7,27.53,25.14,28.87,80.57,20.18,99.66,1.37,235.4,22.87,38.01,0.76,0.72,78.77
2019-07-23,CAM RANH,12.25,109.2,2.76,28.85,30.75,26.95,24.61,28.96,78.08,19.56,99.65,3.13,236.9,24.12,38.36,0.75,0.73,66.18
2019-07-24,CAM RANH,12.25,109.2,2.74,29.18,31.39,27.7,24.45,29.37,76.19,19.37,99.78,3.36,220.0,24.79,37.97,0.74,0.72,57.45
2019-07-25,CAM RANH,12.25,109.2,18.01,28.05,29.59,26.85,23.53,28.46,76.63,18.26,99.93,2.95,241.1,20.82,37.55,0.81,0.74,92.98
2019-07-26,CAM RANH,12.25,109.2,6.31,28.34,30.05,27.16,23.69,28.74,76.11,18.47,99.81,2.51,205.9,21.16,37.68,0.79,0.75,87.43
2019-07-27,CAM RANH,12.25,109.2,7.67,28.19,30.25,26.76,24.06,28.86,78.61,18.9,99.7,2.4,207.0,21.08,37.75,0.79,0.75,81.58
2019-07-28,CAM RANH,12.25,109.2,4.27,27.88,29.81,26.25,23.29,28.32,76.29,18.03,99.77,3.18,237.2,13.56,37.72,0.78,0.76,99.37
2019-07-29,CAM RANH,12.25,109.2,8.12,27.13,28.13,26.15,22.98,27.87,78.13,17.69,99.78,3.74,236.4,14.77,37.06,0.8,0.76,98.57
2019-07-30,CAM RANH,12.25,109.2,9.0,28.4,30.69,26.78,24.09,28.23,77.94,19.0,99.48,4.11,229.5,12.19,37.91,0.8,0.76,99.92
2019-07-31,CAM RANH,12.25,109.2,8.02,28.08,29.68,27.1,23.84,27.86,77.99,18.71,99.49,4.52,236.9,12.06,37.2,0.81,0.77,99.88
2019-08-01,CAM RANH,12.25,109.2,4.93,28.33,30.06,27.08,23.34,27.79,74.47,18.13,99.58,5.05,222.6,17.88,37.64,0.8,0.78,98.48
2019-08-02,CAM RANH,12.25,109.2,6.12,28.35,30.82,26.19,23.4,28.25,74.75,18.2,99.54,5.67,229.1,13.18,38.68,0.79,0.77,98.62
2019-08-03,CAM RANH,12.25,109.2,15.81,28.73,30.93,27.01,24.16,28.57,76.65,19.1,99.38,4.96,240.7,16.32,38.42,0.82,0.78,97.93
2019-08-04,CAM RANH,12.25,109.2,13.19,28.35,30.38,26.71,23.89,28.45,77.16,18.78,99.39,4.06,236.3,18.68,38.04,0.84,0.8,92.0
2019-08-05,CAM RANH,12.25,109.2,4.35,27.72,29.3,26.35,23.37,28.16,77.25,18.16,99.5,3.42,232.9,21.14,38.26,0.82,0.8,83.74
2019-08-06,CAM RANH,12.25,109.2,16.1,27.95,30.04,26.73,23.96,28.62,79.21,18.85,99.45,2.7,240.7,13.26,38.66,0.84,0.81,98.88
2019-08-07,CAM RANH,12.25,109.2,91.49,27.65,29.32,26.69,24.8,28.16,84.55,19.86,99.18,3.54,241.4,17.27,38.03,0.95,0.86,97.46
2019-08-08,CAM RANH,12.25,109.2,82.0,27.62,28.93,26.55,24.84,28.06,84.86,19.91,99.22,2.86,262.9,18.4,37.53,0.97,0.92,97.01
2019-08-09,CAM RANH,12.25,109.2,12.07,28.34,29.48,27.22,25.43,28.47,84.25,20.65,99.21,4.25,206.9,20.73,37.76,0.91,0.94,95.35
2019-08-10,CAM RANH,12.25,109.2,2.24,28.38,30.06,27.14,24.97,28.48,81.96,20.03,99.47,4.53,201.4,21.17,38.28,0.9,0.93,91.78
2019-08-11,CAM RANH,12.25,109.2,0.97,28.21,29.92,26.77,25.22,28.41,83.94,20.31,99.58,5.4,201.3,20.58,38.08,0.89,0.92,53.4
2019-08-12,CAM RANH,12.25,109.2,2.78,28.65,30.67,27.22,25.48,28.9,83.31,20.63,99.65,2.66,206.3,23.82,37.71,0.89,0.92,74.86
2019-08-13,CAM RANH,12.25,109.2,1.98,29.05,30.78,27.71,25.55,28.94,81.55,20.68,99.7,2.95,238.3,24.31,38.56,0.88,0.91,63.74
2019-08-14,CAM RANH,12.25,109.2,1.3,28.93,31.07,27.3,25.85,28.86,83.65,21.07,99.66,2.96,228.0,24.68,38.87,0.88,0.91,55.04
2019-08-15,CAM RANH,12.25,109.2,2.71,29.05,31.03,27.29,26.13,28.84,84.39,21.43,99.6,3.27,214.5,24.41,38.15,0.88,0.9,60.77
2019-08-16,CAM RANH,12.25,109.2,2.18,28.45,30.23,27.2,25.88,28.53,86.12,21.1,99.71,3.81,195.5,22.46,38.05,0.88,0.9,69.37
2019-08-17,CAM RANH,12.25,109.2,1.29,28.3,30.21,26.83,24.86,28.45,81.75,19.83,99.87,3.69,210.1,23.21,37.59,0.87,0.9,84.2
2019-08-18,CAM RANH,12.25,109.2,2.0,28.98,31.33,27.15,24.94,28.9,79.22,19.94,99.82,2.47,230.0,24.3,37.39,0.86,0.89,71.5
2019-08-19,CAM RANH,12.25,109.2,3.58,29.03,31.0,27.2,25.5,28.83,81.48,20.65,99.6,2.57,232.9,25.31,37.81,0.87,0.89,64.44
2019-08-20,CAM RANH,12.25,109.2,5.46,28.49,30.2,27.15,25.53,28.62,84.21,20.67,99.61,2.6,209.7,21.69,38.23,0.88,0.89,79.2
2019-08-21,CAM RANH,12.25,109.2,3.81,28.56,30.46,27.18,25.07,28.76,81.73,20.09,99.75,2.08,218.9,23.7,37.5,0.87,0.89,79.28
2019-08-22,CAM RANH,12.25,109.2,4.21,28.5,30.45,26.99,24.52,28.46,79.27,19.42,99.81,2.26,243.2,24.46,37.51,0.87,0.89,65.53
2019-08-23,CAM RANH,12.25,109.2,6.14,28.34,29.92,27.22,24.64,28.37,80.7,19.58,99.77,2.15,200.2,22.22,37.63,0.88,0.89,84.33
2019-08-24,CAM RANH,12.25,109.2,1.63,28.31,29.74,26.74,25.09,28.4,82.96,20.13,99.66,1.68,202.1,23.65,37.88,0.87,0.89,76.55
2019-08-25,CAM RANH,12.25,109.2,1.45,28.24,29.94,26.73,24.74,28.26,81.53,19.71,99.69,1.78,214.8,21.49,37.34,0.86,0.89,96.69
2019-08-26,CAM RANH,12.25,109.2,1.14,28.52,30.2,27.3,24.05,28.71,77.03,18.9,99.69,1.64,212.6,21.03,37.81,0.86,0.89,66.63
2019-08-27,CAM RANH,12.25,109.2,1.26,28.89,30.66,27.54,24.85,29.07,79.12,19.86,99.59,2.1,193.2,23.89,37.9,0.85,0.88,70.68
2019-08-28,CAM RANH,12.25,109.2,16.47,27.31,28.22,26.68,25.03,28.29,87.43,20.06,99.58,1.95,93.3,17.93,37.71,0.9,0.89,98.48
2019-08-29,CAM RANH,12.25,109.2,21.13,27.92,29.22,27.2,25.1,28.1,84.75,20.21,99.31,5.7,196.4,15.84,37.2,0.92,0.92,99.52
2019-08-30,CAM RANH,12.25,109.2,3.47,28.2,29.5,26.97,24.94,28.36,82.51,19.98,99.5,5.75,190.5,19.28,37.41,0.89,0.91,95.1
2019-08-31,CAM RANH,12.25,109.2,12.6,28.29,30.13,26.8,24.96,28.62,82.44,19.99,99.62,3.24,200.7,23.7,37.65,0.9,0.91,73.74
2019-09-01,CAM RANH,12.25,109.2,18.17,28.06,29.55,26.98,24.32,28.35,80.34,19.23,99.55,2.53,226.9,13.79,38.16,0.92,0.92,99.7
2019-09-02,CAM RANH,12.25,109.2,27.49,27.83,29.3,26.71,24.18,28.09,80.62,19.14,99.32,5.7,217.2,10.02,37.17,0.94,0.94,99.88
2019-09-03,CAM RANH,12.25,109.2,2.51,28.2,30.39,26.62,23.48,27.83,75.72,18.32,99.33,7.95,218.2,14.39,37.27,0.91,0.94,96.43
2019-09-04,CAM RANH,12.25,109.2,0.63,28.76,31.1,27.06,23.94,28.28,75.32,18.84,99.35,6.99,219.9,21.81,37.41,0.89,0.93,81.59
2019-09-05,CAM RANH,12.25,109.2,0.62,29.04,31.62,27.32,24.81,28.71,78.22,19.85,99.46,4.49,222.9,22.72,37.81,0.89,0.92,76.84
2019-09-06,CAM RANH,12.25,109.2,2.66,28.8,31.03,27.25,25.09,28.64,80.6,20.16,99.55,3.71,224.7,20.04,37.86,0.89,0.91,90.71
2019-09-07,CAM RANH,12.25,109.2,7.57,28.97,31.37,27.48,25.55,28.98,82.18,20.7,99.67,2.67,212.3,22.84,38.2,0.89,0.91,76.72
2019-09-08,CAM RANH,12.25,109.2,7.54,28.55,30.29,27.13,25.27,28.52,82.6,20.34,99.71,2.89,221.7,23.53,37.83,0.89,0.91,67.36
2019-09-09,CAM RANH,12.25,109.2,10.08,28.33,30.03,26.94,24.99,28.46,82.26,19.99,99.75,3.57,207.7,22.41,37.9,0.9,0.92,90.48
2019-09-10,CAM RANH,12.25,109.2,6.91,29.07,31.1,27.59,24.57,29.05,76.91,19.46,99.92,1.87,241.9,22.6,37.43,0.9,0.92,86.88
2019-09-11,CAM RANH,12.25,109.2,2.63,28.93,31.11,26.99,23.92,28.92,74.77,18.69,100.03,2.45,277.7,23.91,37.65,0.89,0.92,59.56
2019-09-12,CAM RANH,12.25,109.2,30.23,28.28,29.98,27.15,24.44,28.51,79.8,19.3,99.88,2.8,303.9,19.81,38.29,0.93,0.93,93.67
2019-09-13,CAM RANH,12.25,109.2,34.81,27.94,29.42,26.69,24.5,28.53,81.74,19.39,99.78,2.58,309.6,14.2,37.16,0.96,0.96,99.37
2019-09-14,CAM RANH,12.25,109.2,12.89,27.74,29.8,26.57,22.99,28.46,75.68,17.69,99.85,2.49,231.5,18.46,37.08,0.94,0.97,97.71
2019-09-15,CAM RANH,12.25,109.2,20.13,27.13,29.07,25.97,22.95,28.62,78.16,17.64,99.79,1.88,62.0,19.39,37.4,0.95,0.97,95.27
2019-09-16,CAM RANH,12.25,109.2,20.0,27.25,29.01,25.56,22.8,28.55,76.92,17.49,99.78,1.98,100.9,20.14,37.65,0.94,0.97,91.07
2019-09-17,CAM RANH,12.25,109.2,45.04,27.44,28.94,26.5,23.58,28.67,79.66,18.33,99.84,2.1,69.6,18.74,37.64,0.97,0.97,91.42
2019-09-18,CAM RANH,12.25,109.2,58.5,27.0,28.14,26.27,23.94,28.18,83.43,18.7,99.97,2.16,152.5,19.59,37.45,0.98,0.98,87.0
2019-09-19,CAM RANH,12.25,109.2,10.68,28.01,29.33,26.75,23.3,28.39,75.75,17.98,100.03,1.74,23.0,15.67,37.73,0.96,0.98,98.04
2019-09-20,CAM RANH,12.25,109.2,40.8,27.24,28.25,26.58,24.27,28.37,84.05,19.1,99.97,2.53,130.3,17.13,37.74,0.97,0.98,95.34
2019-09-21,CAM RANH,12.25,109.2,120.81,27.67,29.1,26.42,24.82,28.7,84.64,19.73,99.97,2.15,98.9,16.88,37.87,1.0,0.99,90.45
2019-09-22,CAM RANH,12.25,109.2,2.44,27.82,29.16,27.02,23.9,28.3,79.28,18.61,100.23,5.2,22.2,15.2,37.37,0.96,0.98,88.97
2019-09-23,CAM RANH,12.25,109.2,1.46,27.57,28.39,26.87,23.53,28.13,78.62,18.19,100.34,6.39,24.8,15.33,37.38,0.95,0.98,64.15
2019-09-24,CAM RANH,12.25,109.2,1.79,27.73,28.9,26.72,24.06,28.17,80.45,18.78,100.31,6.54,22.2,18.22,37.35,0.94,0.97,47.56
2019-09-25,CAM RANH,12.25,109.2,8.75,27.86,28.6,27.45,25.49,28.42,86.93,20.47,100.31,5.92,29.9,21.33,37.1,0.94,0.97,71.45
2019-09-26,CAM RANH,12.25,109.2,4.71,27.52,28.37,26.72,24.25,27.63,82.3,19.0,100.34,7.64,10.5,19.27,36.65,0.93,0.97,47.35
2019-09-27,CAM RANH,12.25,109.2,7.04,27.63,28.41,27.12,24.76,27.78,84.32,19.59,100.29,7.46,20.7,13.53,37.7,0.94,0.97,94.64
2019-09-28,CAM RANH,12.25,109.2,0.32,27.46,28.46,26.49,24.15,27.77,82.13,18.88,100.28,6.59,14.7,16.82,37.05,0.92,0.96,88.61
2019-09-29,CAM RANH,12.25,109.2,0.06,27.19,28.67,25.88,23.77,27.61,81.7,18.47,100.18,6.08,3.0,22.56,35.91,0.92,0.96,39.36
2019-09-30,CAM RANH,12.25,109.2,0.4,27.42,28.92,26.37,23.59,28.04,79.61,18.29,100.07,3.07,27.2,20.48,36.78,0.91,0.95,59.79
2019-10-01,CAM RANH,12.25,109.2,0.22,27.79,29.57,26.88,23.91,28.38,79.62,18.65,100.09,2.24,143.3,21.25,36.78,0.91,0.94,80.77
2019-10-02,CAM RANH,12.25,109.2,0.21,27.44,28.52,26.48,24.15,28.09,82.22,18.91,100.14,3.02,155.8,20.47,36.88,0.9,0.94,50.7
2019-10-03,CAM RANH,12.25,109.2,1.52,27.9,29.91,26.57,23.66,28.74,78.05,18.37,100.12,3.14,160.0,22.49,36.53,0.9,0.93,24.88
2019-10-04,CAM RANH,12.25,109.2,2.34,27.35,28.61,26.36,23.59,28.26,80.02,18.29,100.08,2.84,156.6,23.12,36.16,0.9,0.93,36.69
2019-10-05,CAM RANH,12.25,109.2,1.49,27.32,28.82,26.39,23.47,28.34,79.6,18.15,100.11,3.01,50.6,22.26,36.34,0.9,0.93,71.33
2019-10-06,CAM RANH,12.25,109.2,0.65,27.14,28.1,26.28,23.51,27.9,80.58,18.19,100.13,4.13,28.4,21.05,36.36,0.89,0.92,51.17
2019-10-07,CAM RANH,12.25,109.2,0.43,27.24,28.05,26.63,23.83,28.17,81.58,18.55,100.12,3.73,40.2,21.88,35.92,0.88,0.91,43.13
2019-10-08,CAM RANH,12.25,109.2,6.11,26.98,28.12,25.93,24.05,27.78,83.99,18.8,100.17,4.08,15.5,19.31,36.49,0.9,0.91,93.2
2019-10-09,CAM RANH,12.25,109.2,0.56,27.58,28.91,26.66,24.36,28.05,82.65,19.16,100.08,3.4,22.4,20.28,36.75,0.88,0.91,74.56
2019-10-10,CAM RANH,12.25,109.2,1.0,27.59,28.82,26.7,24.5,28.28,83.32,19.33,100.09,3.32,21.2,21.71,36.73,0.87,0.9,62.03
2019-10-11,CAM RANH,12.25,109.2,1.41,27.47,28.71,26.61,24.27,28.16,82.74,19.07,100.04,3.87,20.2,22.46,36.69,0.87,0.9,42.55
2019-10-12,CAM RANH,12.25,109.2,1.61,27.27,27.96,26.52,24.23,28.0,83.43,19.02,100.05,5.29,32.5,17.44,37.16,0.87,0.89,67.36
2019-10-13,CAM RANH,12.25,109.2,5.64,27.43,28.61,26.57,24.0,28.17,81.61,18.73,100.16,5.38,31.4,20.62,36.82,0.87,0.89,70.97
2019-10-14,CAM RANH,12.25,109.2,5.11,27.75,28.93,26.89,24.07,28.14,80.4,18.81,100.21,5.67,48.7,19.34,36.82,0.87,0.89,80.34
2019-10-15,CAM RANH,12.25,109.2,10.22,28.01,29.1,27.2,24.53,28.23,81.47,19.34,100.18,5.4,51.0,17.37,36.69,0.87,0.88,84.28
2019-10-16,CAM RANH,12.25,109.2,17.26,27.96,28.78,27.39,25.35,27.93,85.66,20.33,100.14,6.09,49.7,12.87,36.7,0.91,0.9,96.82
2019-10-17,CAM RANH,12.25,109.2,17.12,27.86,28.87,27.15,24.92,27.97,83.97,19.81,100.12,6.62,53.0,12.99,36.85,0.91,0.91,96.41
2019-10-18,CAM RANH,12.25,109.2,28.52,27.74,28.73,27.08,25.21,27.86,86.1,20.15,100.18,7.02,45.9,13.98,37.29,0.94,0.93,98.83
2019-10-19,CAM RANH,12.25,109.2,8.86,27.42,28.37,26.64,24.49,27.61,84.02,19.29,100.25,6.97,43.2,14.9,37.22,0.91,0.94,98.7
2019-10-20,CAM RANH,12.25,109.2,3.27,27.24,28.29,26.31,23.85,27.5,81.71,18.56,100.19,6.9,35.4,14.76,36.85,0.9,0.93,54.73
2019-10-21,CAM RANH,12.25,109.2,1.06,27.01,28.34,25.93,23.57,27.55,81.53,18.27,100.05,6.02,23.1,21.54,35.82,0.89,0.92,23.12
2019-10-22,CAM RANH,12.25,109.2,0.55,26.85,28.08,25.95,23.78,27.65,83.28,18.52,99.97,4.6,31.8,20.19,36.15,0.88,0.91,30.78
2019-10-23,CAM RANH,12.25,109.2,0.27,27.12,28.63,26.02,23.48,27.95,80.56,18.18,100.03,3.38,44.7,21.79,35.8,0.88,0.9,12.6
2019-10-24,CAM RANH,12.25,109.2,1.27,27.32,28.33,26.38,23.94,28.12,81.78,18.67,100.15,4.87,33.7,22.0,35.56,0.87,0.9,19.06
2019-10-25,CAM RANH,12.25,109.2,1.06,27.22,28.55,26.41,24.06,28.02,82.96,18.8,100.17,5.12,31.9,21.84,36.46,0.86,0.89,36.48
2019-10-26,CAM RANH,12.25,109.2,7.69,27.57,28.24,27.1,24.7,27.96,84.35,19.56,100.12,5.89,43.1,17.01,37.03,0.88,0.89,49.39
2019-10-27,CAM RANH,12.25,109.2,6.0,27.72,28.72,26.82,24.49,27.75,82.52,19.32,100.05,6.43,37.1,14.43,36.96,0.88,0.89,59.38
2019-10-28,CAM RANH,12.25,109.2,1.33,27.73,29.07,26.72,23.81,27.9,79.3,18.54,100.07,7.61,23.3,18.26,36.42,0.86,0.88,77.18
2019-10-29,CAM RANH,12.25,109.2,7.92,27.2,28.43,26.17,23.96,27.5,82.52,18.73,99.95,9.71,6.1,12.88,36.59,0.87,0.88,98.07
2019-10-30,CAM RANH,12.25,109.2,71.8,26.95,27.62,26.37,24.58,27.19,86.83,19.55,99.45,10.07,272.8,2.72,36.99,0.94,0.91,99.15
2019-10-31,CAM RANH,12.25,109.2,3.25,26.82,27.39,26.37,24.66,27.22,87.83,19.55,99.84,6.94,140.5,11.63,36.52,0.9,0.92,98.81
2019-11-01,CAM RANH,12.25,109.2,7.23,26.48,27.17,25.93,24.0,27.16,86.23,18.76,100.03,3.59,45.3,18.43,36.55,0.9,0.92,87.03
2019-11-02,CAM RANH,12.25,109.2,34.71,26.74,27.74,26.12,23.87,27.17,84.52,18.65,99.97,5.25,344.8,17.37,36.03,0.95,0.94,93.18
2019-11-03,CAM RANH,12.25,109.2,52.85,26.5,27.44,25.44,24.59,26.96,89.24,19.48,99.92,8.17,345.0,2.56,36.43,0.97,0.97,99.77
2019-11-04,CAM RANH,12.25,109.2,32.69,26.05,27.12,25.25,23.98,26.65,88.36,18.77,99.97,8.89,346.0,2.75,36.32,0.96,0.99,99.21
2019-11-05,CAM RANH,12.25,109.2,0.55,25.93,27.51,24.61,22.52,26.53,81.5,17.16,99.96,7.85,353.1,15.42,35.36,0.93,0.98,98.4
2019-11-06,CAM RANH,12.25,109.2,1.06,26.14,27.45,25.26,22.59,26.8,80.81,17.23,99.93,6.33,3.6,15.59,35.51,0.93,0.97,99.05
2019-11-07,CAM RANH,12.25,109.2,2.38,26.07,27.36,25.05,22.33,26.51,79.87,16.93,100.13,7.78,6.1,15.14,35.37,0.93,0.96,94.5
2019-11-08,CAM RANH,12.25,109.2,9.33,25.58,26.66,24.84,21.44,26.08,77.95,16.0,100.26,9.05,357.7,13.43,35.3,0.93,0.96,99.19
2019-11-09,CAM RANH,12.25,109.2,98.76,24.43,25.98,22.95,21.15,25.67,82.05,15.75,100.07,9.49,329.2,9.68,35.94,0.97,0.98,99.7
2019-11-10,CAM RANH,12.25,109.2,156.88,25.14,25.87,23.45,22.51,25.84,85.32,17.29,99.21,10.97,271.0,1.99,36.56,1.0,1.0,97.88
2019-11-11,CAM RANH,12.25,109.2,5.85,25.62,26.56,24.63,22.88,26.19,84.8,17.57,99.79,7.61,167.3,16.63,36.63,0.96,1.0,76.42
2019-11-12,CAM RANH,12.25,109.2,2.18,26.18,27.21,25.27,23.28,26.67,84.08,17.93,100.16,3.36,126.6,18.33,36.04,0.95,0.99,36.06
2019-11-13,CAM RANH,12.25,109.2,5.34,25.79,26.68,25.01,23.38,26.42,86.49,18.01,100.32,6.59,37.5,8.74,36.9,0.94,0.98,78.46
2019-11-14,CAM RANH,12.25,109.2,1.75,25.38,26.44,24.4,21.54,25.61,79.31,16.09,100.28,8.79,23.8,14.55,36.04,0.94,0.98,78.44
2019-11-15,CAM RANH,12.25,109.2,1.52,25.34,26.54,24.24,22.01,25.8,81.87,16.58,100.22,6.2,32.2,12.22,36.24,0.93,0.97,95.38
2019-11-16,CAM RANH,12.25,109.2,1.75,25.39,26.38,24.59,22.91,26.11,86.1,17.52,100.22,4.79,40.2,16.4,35.89,0.93,0.97,50.48
2019-11-17,CAM RANH,12.25,109.2,0.09,25.48,26.75,24.44,22.88,26.36,85.53,17.48,100.2,4.3,37.2,18.81,35.84,0.92,0.96,32.05
2019-11-18,CAM RANH,12.25,109.2,0.67,25.74,26.94,24.82,22.34,26.15,81.53,16.91,100.28,6.37,21.9,18.26,34.95,0.92,0.95,34.81
2019-11-19,CAM RANH,12.25,109.2,0.27,25.31,26.67,24.23,21.22,25.65,78.09,15.77,100.34,7.65,27.2,14.7,35.45,0.91,0.95,60.0
2019-11-20,CAM RANH,12.25,109.2,0.97,25.45,26.7,24.57,22.19,25.92,82.23,16.75,100.32,7.89,26.1,17.55,35.59,0.91,0.94,57.86
2019-11-21,CAM RANH,12.25,109.2,1.83,25.46,26.56,24.73,22.65,26.01,84.46,17.23,100.33,8.43,21.1,16.88,35.79,0.9,0.94,74.7
2019-11-22,CAM RANH,12.25,109.2,1.34,25.0,26.34,24.09,21.91,25.72,83.08,16.47,100.33,8.12,8.0,14.83,35.93,0.9,0.93,84.92
2019-11-23,CAM RANH,12.25,109.2,2.26,25.36,26.58,24.55,23.01,25.97,86.87,17.61,100.3,6.38,25.5,7.28,36.4,0.89,0.93,65.33
2019-11-24,CAM RANH,12.25,109.2,1.18,25.44,26.37,24.69,23.08,26.13,86.75,17.68,100.37,7.01,29.4,16.87,36.21,0.88,0.92,51.62
2019-11-25,CAM RANH,12.25,109.2,2.96,25.71,26.8,24.93,23.74,26.16,88.91,18.42,100.31,7.04,25.1,10.41,36.55,0.88,0.91,61.95
2019-11-26,CAM RANH,12.25,109.2,3.39,25.9,26.82,25.21,23.9,26.36,88.77,18.61,100.24,6.85,36.1,16.17,36.98,0.88,0.91,67.52
2019-11-27,CAM RANH,12.25,109.2,2.12,25.9,26.82,25.35,23.88,26.23,88.53,18.57,100.28,7.8,38.5,15.8,36.11,0.88,0.9,32.29
2019-11-28,CAM RANH,12.25,109.2,4.93,25.9,26.97,25.21,23.8,26.2,88.2,18.48,100.28,9.28,40.8,15.91,36.26,0.88,0.9,87.05
2019-11-29,CAM RANH,12.25,109.2,4.13,25.6,26.61,24.93,23.47,25.95,87.95,18.1,100.35,8.7,43.9,13.89,36.12,0.88,0.9,70.56
2019-11-30,CAM RANH,12.25,109.2,0.91,25.05,26.15,24.2,21.98,25.48,83.0,16.52,100.36,8.03,37.0,13.63,35.97,0.87,0.89,73.38
2019-12-01,CAM RANH,12.25,109.2,0.69,25.03,26.2,24.33,21.54,25.48,81.02,16.08,100.33,8.75,22.5,16.35,34.98,0.86,0.88,93.25
2019-12-02,CAM RANH,12.25,109.2,1.74,24.48,26.03,23.29,20.82,25.01,80.05,15.4,100.44,11.27,27.0,11.4,35.11,0.86,0.88,98.69
2019-12-03,CAM RANH,12.25,109.2,0.23,23.88,25.05,23.24,19.5,24.68,76.49,14.14,100.48,10.64,15.0,12.67,34.82,0.85,0.87,98.82
2019-12-04,CAM RANH,12.25,109.2,1.18,23.17,24.65,21.7,19.62,24.51,80.53,14.27,100.47,11.06,2.9,10.15,35.32,0.85,0.86,95.26
2019-12-05,CAM RANH,12.25,109.2,1.51,22.29,24.18,21.07,19.11,24.13,82.38,13.82,100.55,12.74,348.9,8.19,34.88,0.84,0.86,80.27
2019-12-06,CAM RANH,12.25,109.2,2.29,22.18,23.54,21.61,18.64,23.84,80.53,13.41,100.67,13.49,0.9,5.81,35.64,0.84,0.85,95.07
2019-12-07,CAM RANH,12.25,109.2,0.9,22.73,23.71,22.2,19.13,23.97,80.19,13.81,100.68,11.21,13.6,5.31,35.95,0.84,0.85,97.51
2019-12-08,CAM RANH,12.25,109.2,0.7,22.87,24.02,22.13,19.45,23.99,81.11,14.08,100.67,9.87,13.8,11.57,35.06,0.83,0.84,74.61
2019-12-09,CAM RANH,12.25,109.2,0.26,23.15,24.36,22.35,20.09,24.17,82.96,14.67,100.55,7.99,21.1,13.73,34.33,0.83,0.83,57.41
2019-12-10,CAM RANH,12.25,109.2,0.13,23.11,24.76,21.89,19.55,24.02,80.54,14.2,100.44,7.61,14.1,14.17,33.43,0.82,0.83,47.75
2019-12-11,CAM RANH,12.25,109.2,0.26,23.68,24.83,22.97,20.55,24.44,82.72,15.12,100.41,7.47,23.2,14.33,34.46,0.81,0.82,80.73
2019-12-12,CAM RANH,12.25,109.2,0.25,23.57,24.96,22.52,20.02,24.23,80.42,14.61,100.52,7.8,27.4,12.3,34.48,0.81,0.81,85.28
2019-12-13,CAM RANH,12.25,109.2,1.11,24.0,25.15,23.39,21.74,24.52,87.24,16.25,100.59,8.26,24.3,8.14,36.42,0.81,0.81,87.15
2019-12-14,CAM RANH,12.25,109.2,1.98,24.28,25.4,23.61,22.41,24.73,89.33,16.94,100.51,7.99,28.4,11.08,36.62,0.81,0.8,83.42
2019-12-15,CAM RANH,12.25,109.2,0.31,24.47,25.64,23.75,22.69,24.94,89.9,17.26,100.39,7.01,19.4,11.76,35.98,0.8,0.8,95.3
2019-12-16,CAM RANH,12.25,109.2,0.35,24.58,25.79,23.79,23.05,24.98,91.19,17.65,100.34,6.37,16.9,11.64,35.97,0.8,0.79,91.89
2019-12-17,CAM RANH,12.25,109.2,0.51,24.44,25.49,23.79,22.83,25.02,90.79,17.41,100.41,6.21,18.5,15.71,35.75,0.8,0.79,68.38
2019-12-18,CAM RANH,12.25,109.2,1.08,24.63,26.04,23.62,22.6,25.23,88.49,17.16,100.43,5.74,17.9,16.09,34.7,0.79,0.79,93.63
2019-12-19,CAM RANH,12.25,109.2,0.3,24.29,25.67,23.13,21.95,25.01,86.71,16.49,100.4,6.56,22.9,16.38,34.07,0.78,0.78,29.36
2019-12-20,CAM RANH,12.25,109.2,0.32,24.12,25.46,23.08,21.62,24.83,86.09,16.17,100.34,6.28,19.5,18.73,33.9,0.78,0.77,31.27
2019-12-21,CAM RANH,12.25,109.2,0.09,24.13,25.31,23.23,21.64,24.92,85.93,16.19,100.34,5.47,17.2,17.82,33.81,0.77,0.77,37.02
2019-12-22,CAM RANH,12.25,109.2,0.02,24.33,25.98,23.26,21.5,24.98,84.29,16.05,100.31,5.34,13.4,17.52,33.54,0.76,0.76,19.83
2019-12-23,CAM RANH,12.25,109.2,0.02,24.45,26.03,23.35,21.32,25.07,82.74,15.86,100.39,4.9,27.2,18.36,33.41,0.76,0.76,19.66
2019-12-24,CAM RANH,12.25,109.2,0.03,24.21,25.69,23.15,20.16,24.78,78.1,14.75,100.4,5.66,19.6,18.82,32.95,0.75,0.75,27.93
2019-12-25,CAM RANH,12.25,109.2,0.01,24.04,25.58,22.31,19.69,24.42,76.8,14.35,100.3,5.25,12.8,19.5,32.38,0.74,0.74,10.47
2019-12-26,CAM RANH,12.25,109.2,0.01,23.75,25.54,22.68,20.21,24.67,80.65,14.81,100.36,6.92,11.2,20.35,32.93,0.73,0.74,34.56
2019-12-27,CAM RANH,12.25,109.2,0.14,23.87,25.5,22.69,19.89,24.49,78.57,14.52,100.37,8.69,11.0,19.38,32.79,0.72,0.73,18.62
2019-12-28,CAM RANH,12.25,109.2,0.15,24.07,25.61,22.9,21.38,24.75,84.99,15.93,100.31,7.96,1.5,15.99,34.38,0.72,0.72,33.48
2019-12-29,CAM RANH,12.25,109.2,0.19,24.58,26.5,23.57,22.25,25.1,87.1,16.82,100.32,7.25,358.5,15.82,35.46,0.71,0.72,41.57
2019-12-30,CAM RANH,12.25,109.2,0.25,24.71,26.33,23.48,22.9,25.22,89.71,17.46,100.52,6.52,27.4,13.51,35.85,0.71,0.71,53.79
2019-12-31,CAM RANH,12.25,109.2,0.22,24.59,25.79,23.85,22.22,25.19,86.68,16.71,100.72,7.8,30.8,18.64,34.18,0.7,0.71,33.9
2020-01-01,CAM RANH,12.25,109.2,0.69,24.69,25.8,24.02,22.42,25.24,87.28,16.91,100.79,8.14,32.8,14.82,35.47,0.69,0.71,62.52
2020-01-02,CAM RANH,12.25,109.2,0.68,24.61,25.92,23.82,22.41,25.07,87.58,16.89,100.75,8.42,28.7,14.58,35.61,0.69,0.7,66.24
2020-01-03,CAM RANH,12.25,109.2,0.21,24.28,25.59,23.42,21.12,24.83,82.54,15.63,100.63,7.94,24.7,15.49,34.87,0.68,0.7,75.84
2020-01-04,CAM RANH,12.25,109.2,0.15,24.12,25.25,23.27,20.06,24.71,78.05,14.65,100.49,8.51,24.7,17.3,33.98,0.67,0.69,51.41
2020-01-05,CAM RANH,12.25,109.2,0.54,24.16,25.44,23.45,21.13,24.87,83.44,15.68,100.47,6.99,17.3,18.38,34.31,0.67,0.69,48.55
2020-01-06,CAM RANH,12.25,109.2,0.29,24.51,25.85,23.57,22.25,25.23,87.26,16.79,100.43,6.19,29.9,11.15,36.26,0.66,0.68,85.16
2020-01-07,CAM RANH,12.25,109.2,0.2,24.76,26.27,23.8,22.15,25.4,85.46,16.69,100.4,6.53,25.5,15.64,36.18,0.65,0.68,79.6
2020-01-08,CAM RANH,12.25,109.2,0.11,24.61,26.02,23.71,21.37,25.28,82.12,15.91,100.38,7.63,20.0,15.23,35.42,0.65,0.67,72.63
2020-01-09,CAM RANH,12.25,109.2,0.16,24.51,26.17,23.34,21.09,25.2,81.36,15.65,100.29,7.16,15.6,18.93,34.12,0.64,0.67,18.66
2020-01-10,CAM RANH,12.25,109.2,0.21,24.44,26.28,23.1,21.35,25.3,83.11,15.92,100.2,6.12,14.9,19.27,33.9,0.63,0.66,52.84
2020-01-11,CAM RANH,12.25,109.2,0.09,24.32,26.21,22.87,21.37,25.24,83.81,15.94,100.22,6.26,15.3,17.92,34.13,0.62,0.66,97.77
2020-01-12,CAM RANH,12.25,109.2,0.18,24.2,25.56,23.23,21.18,24.97,83.27,15.74,100.24,7.31,18.5,13.98,34.02,0.62,0.66,87.98
2020-01-13,CAM RANH,12.25,109.2,0.09,24.02,25.56,22.83,19.64,24.82,76.49,14.29,100.35,7.42,26.2,19.34,32.52,0.61,0.65,21.09
2020-01-14,CAM RANH,12.25,109.2,0.07,24.03,25.58,23.14,19.01,24.75,73.52,13.73,100.43,6.45,29.8,19.39,33.35,0.6,0.65,27.39
2020-01-15,CAM RANH,12.25,109.2,0.26,24.2,25.69,23.19,20.97,25.05,82.52,15.55,100.36,5.04,20.4,17.1,34.8,0.61,0.64,34.75
2020-01-16,CAM RANH,12.25,109.2,0.09,24.55,26.19,23.34,21.83,25.33,84.87,16.36,100.42,5.68,25.9,17.95,34.25,0.6,0.64,19.51
2020-01-17,CAM RANH,12.25,109.2,0.11,24.27,25.84,23.11,21.3,25.11,83.55,15.83,100.51,6.96,24.5,14.97,36.88,0.59,0.64,72.62
2020-01-18,CAM RANH,12.25,109.2,0.03,23.76,25.39,22.84,19.72,24.76,78.14,14.34,100.5,6.7,22.9,13.98,34.63,0.59,0.63,39.12
2020-01-19,CAM RANH,12.25,109.2,0.04,23.85,25.43,22.81,19.58,24.84,77.07,14.2,100.59,7.08,21.8,18.06,34.1,0.58,0.63,56.84
2020-01-20,CAM RANH,12.25,109.2,0.37,24.01,25.59,23.15,20.6,24.93,81.5,15.14,100.65,6.64,18.7,19.11,34.06,0.58,0.62,30.13
2020-01-21,CAM RANH,12.25,109.2,0.02,24.19,26.08,22.96,20.51,25.15,80.01,15.04,100.68,5.67,21.5,19.95,33.9,0.57,0.62,29.62
2020-01-22,CAM RANH,12.25,109.2,0.04,24.6,26.42,23.35,21.11,25.36,81.2,15.64,100.54,4.18,32.7,20.09,33.63,0.57,0.62,20.79
2020-01-23,CAM RANH,12.25,109.2,0.0,24.81,26.52,23.52,20.51,25.48,77.06,15.07,100.46,3.66,47.6,21.23,33.3,0.56,0.61,27.62
2020-01-24,CAM RANH,12.25,109.2,0.05,24.87,26.74,23.55,20.93,25.64,79.03,15.49,100.4,3.62,36.2,18.7,34.32,0.56,0.61,91.63
2020-01-25,CAM RANH,12.25,109.2,0.01,25.24,26.95,23.83,21.92,26.09,81.97,16.48,100.21,2.51,106.0,19.71,34.76,0.55,0.6,43.91
2020-01-26,CAM RANH,12.25,109.2,0.11,24.98,27.24,23.14,21.54,26.27,81.3,16.12,100.18,4.47,40.8,19.87,35.08,0.54,0.6,51.21
2020-01-27,CAM RANH,12.25,109.2,0.05,24.56,26.39,23.4,21.31,25.8,82.24,15.87,100.22,3.5,41.1,18.77,34.74,0.54,0.59,27.95
2020-01-28,CAM RANH,12.25,109.2,0.19,24.52,26.08,23.21,21.41,25.81,82.96,15.96,100.35,5.12,24.2,18.3,35.44,0.54,0.59,42.78
2020-01-29,CAM RANH,12.25,109.2,0.4,23.95,25.62,22.83,20.63,25.24,81.74,15.18,100.51,8.08,18.5,18.33,34.63,0.54,0.59,44.28
2020-01-30,CAM RANH,12.25,109.2,0.34,22.87,24.18,21.79,18.99,24.39,78.78,13.7,100.6,9.44,18.2,11.62,35.61,0.54,0.58,93.63
2020-01-31,CAM RANH,12.25,109.2,0.03,23.04,24.61,21.82,18.51,24.45,75.79,13.27,100.69,7.59,27.3,17.31,33.43,0.53,0.58,87.96
2020-02-01,CAM RANH,12.25,109.2,0.07,23.1,24.63,22.0,18.72,24.48,76.51,13.45,100.67,6.61,29.6,17.61,33.14,0.53,0.58,39.24
2020-02-02,CAM RANH,12.25,109.2,0.06,23.77,25.37,22.67,19.27,24.71,75.97,13.91,100.69,6.11,22.0,19.79,33.03,0.52,0.57,52.72
2020-02-03,CAM RANH,12.25,109.2,0.33,24.04,25.66,22.8,20.46,25.08,80.63,15.01,100.57,5.79,27.5,20.21,34.05,0.52,0.57,68.55
2020-02-04,CAM RANH,12.25,109.2,0.1,23.97,25.94,22.44,20.17,25.08,79.53,14.74,100.52,5.85,27.1,20.35,32.67,0.52,0.57,25.64
2020-02-05,CAM RANH,12.25,109.2,0.05,23.5,25.11,22.38,19.14,24.72,76.59,13.83,100.53,6.37,25.6,21.69,32.15,0.51,0.56,23.06
2020-02-06,CAM RANH,12.25,109.2,0.03,23.39,25.55,21.23,18.04,24.38,72.26,12.91,100.54,5.16,17.4,21.47,31.61,0.51,0.56,38.79
2020-02-07,CAM RANH,12.25,109.2,0.05,24.02,26.01,22.83,20.5,25.22,80.97,15.05,100.56,7.14,13.3,21.05,34.38,0.51,0.56,82.06
2020-02-08,CAM RANH,12.25,109.2,0.48,24.29,25.64,23.36,20.65,24.94,80.22,15.17,100.66,10.3,13.9,9.09,36.15,0.51,0.55,98.21
2020-02-09,CAM RANH,12.25,109.2,0.94,23.87,25.08,23.29,21.01,24.54,84.01,15.52,100.65,10.68,21.5,10.71,35.55,0.53,0.55,99.4
2020-02-10,CAM RANH,12.25,109.2,0.54,24.04,25.21,23.28,21.12,24.83,83.75,15.62,100.63,7.36,28.5,7.96,35.98,0.52,0.55,87.62
2020-02-11,CAM RANH,12.25,109.2,0.45,24.48,26.01,23.47,22.16,25.39,87.07,16.67,100.59,4.76,27.1,12.62,36.02,0.51,0.55,59.57
2020-02-12,CAM RANH,12.25,109.2,0.25,25.02,26.69,23.8,22.77,26.04,87.42,17.32,100.5,2.82,62.2,18.93,35.51,0.5,0.55,26.4
2020-02-13,CAM RANH,12.25,109.2,0.01,25.37,27.24,23.78,22.44,26.49,84.02,17.01,100.3,2.72,126.3,21.96,34.62,0.49,0.54,15.83
2020-02-14,CAM RANH,12.25,109.2,0.01,25.36,27.34,23.8,22.29,26.27,83.38,16.87,100.21,3.7,154.3,21.05,34.23,0.49,0.54,11.3
2020-02-15,CAM RANH,12.25,109.2,0.05,25.42,27.41,24.03,22.39,26.52,83.59,16.95,100.31,3.35,161.3,22.68,34.38,0.49,0.53,6.66
2020-02-16,CAM RANH,12.25,109.2,2.63,25.62,28.14,23.41,22.67,26.96,83.99,17.25,100.51,5.41,20.4,21.17,36.43,0.5,0.53,43.95
2020-02-17,CAM RANH,12.25,109.2,5.63,24.15,25.57,23.38,21.1,25.19,83.19,15.59,100.78,10.31,16.3,6.24,36.35,0.56,0.54,92.3
2020-02-18,CAM RANH,12.25,109.2,0.85,24.04,25.32,22.97,20.01,24.92,78.21,14.56,100.79,9.29,28.3,17.52,34.17,0.52,0.54,38.87
2020-02-19,CAM RANH,12.25,109.2,0.61,24.09,25.72,23.03,19.74,25.05,76.76,14.32,100.76,8.13,23.1,19.77,34.13,0.5,0.54,38.12
2020-02-20,CAM RANH,12.25,109.2,0.26,24.18,25.6,23.28,20.66,25.17,80.78,15.17,100.77,8.84,26.2,19.62,35.27,0.5,0.53,69.97
2020-02-21,CAM RANH,12.25,109.2,0.1,24.27,25.66,23.48,20.17,25.02,77.93,14.68,100.93,9.5,26.7,18.72,34.37,0.49,0.53,41.62
2020-02-22,CAM RANH,12.25,109.2,0.1,24.28,25.7,23.22,19.87,24.99,76.55,14.42,100.9,9.5,24.7,15.07,34.95,0.49,0.53,59.29
2020-02-23,CAM RANH,12.25,109.2,0.04,24.1,25.8,22.65,19.23,24.92,74.4,13.87,100.76,8.84,18.7,22.31,33.19,0.48,0.52,22.28
2020-02-24,CAM RANH,12.25,109.2,0.1,24.09,25.8,23.11,20.27,25.29,79.57,14.85,100.53,6.82,18.1,22.01,34.59,0.48,0.52,58.28
2020-02-25,CAM RANH,12.25,109.2,0.31,24.59,26.47,23.37,21.83,25.5,84.79,16.37,100.43,5.98,25.9,14.23,35.88,0.48,0.52,64.08
2020-02-26,CAM RANH,12.25,109.2,0.12,24.66,26.61,23.37,21.37,25.61,82.13,15.9,100.48,6.44,16.6,21.21,34.34,0.48,0.52,29.51
2020-02-27,CAM RANH,12.25,109.2,0.12,24.6,26.53,23.27,20.96,25.62,80.26,15.52,100.39,7.08,16.3,23.58,33.36,0.47,0.51,16.37
2020-02-28,CAM RANH,12.25,109.2,0.2,25.17,26.94,24.15,21.64,26.15,81.08,16.2,100.29,5.28,23.3,22.54,34.72,0.47,0.51,44.66
2020-02-29,CAM RANH,12.25,109.2,0.11,25.58,27.39,24.27,22.55,26.8,83.55,17.13,100.23,4.12,41.3,17.53,35.72,0.47,0.51,59.33
2020-03-01,CAM RANH,12.25,109.2,0.04,25.82,27.44,24.55,22.58,26.94,82.4,17.17,100.26,3.63,53.6,22.28,35.16,0.46,0.5,81.5
2020-03-02,CAM RANH,12.25,109.2,0.12,25.75,27.49,24.66,21.79,26.68,78.83,16.33,100.33,4.4,46.9,17.33,35.64,0.46,0.5,90.29
2020-03-03,CAM RANH,12.25,109.2,0.22,25.7,27.54,24.42,22.15,26.86,80.88,16.71,100.29,4.33,44.0,17.9,35.63,0.45,0.5,57.9
2020-03-04,CAM RANH,12.25,109.2,0.26,26.04,27.5,24.94,21.45,27.09,75.8,16.0,100.3,4.31,52.8,22.98,34.3,0.45,0.49,18.24
2020-03-05,CAM RANH,12.25,109.2,0.29,25.84,27.5,24.51,21.69,27.03,77.91,16.23,100.35,4.5,48.1,18.05,35.22,0.44,0.49,54.14
2020-03-06,CAM RANH,12.25,109.2,0.03,25.81,27.96,24.34,21.11,27.19,75.6,15.65,100.39,3.28,39.3,22.59,34.67,0.42,0.49,65.09
2020-03-07,CAM RANH,12.25,109.2,0.0,26.6,29.08,25.0,22.18,27.81,77.07,16.76,100.19,2.73,138.4,23.41,34.76,0.4,0.49,32.65
2020-03-08,CAM RANH,12.25,109.2,0.0,26.52,28.67,25.16,23.45,27.86,83.51,18.15,99.94,4.86,164.3,22.68,35.78,0.38,0.48,13.4
2020-03-09,CAM RANH,12.25,109.2,0.0,26.58,28.97,25.07,23.91,27.59,85.6,18.69,99.86,5.46,169.9,21.6,36.33,0.37,0.48,11.18
2020-03-10,CAM RANH,12.25,109.2,0.04,26.67,29.12,25.01,23.93,27.89,85.11,18.67,100.07,3.5,131.0,20.62,36.71,0.35,0.48,27.9
2020-03-11,CAM RANH,12.25,109.2,0.1,26.63,28.17,25.53,22.13,28.07,76.36,16.68,100.34,3.23,65.9,23.45,34.52,0.33,0.48,13.86
2020-03-12,CAM RANH,12.25,109.2,0.01,26.94,28.94,25.38,22.55,28.58,77.02,17.12,100.37,2.58,75.2,24.95,34.4,0.31,0.48,5.94
2020-03-13,CAM RANH,12.25,109.2,0.03,27.15,29.24,25.2,21.97,28.71,73.42,16.52,100.36,2.99,113.5,25.59,33.65,0.29,0.48,5.12
2020-03-14,CAM RANH,12.25,109.2,0.1,27.04,28.86,25.77,21.87,28.95,73.56,16.41,100.36,4.22,55.1,25.26,34.26,0.28,0.47,25.22
2020-03-15,CAM RANH,12.25,109.2,0.14,26.66,28.87,25.06,22.45,28.25,78.0,17.0,100.39,5.57,38.7,21.61,34.95,0.28,0.47,26.84
2020-03-16,CAM RANH,12.25,109.2,0.29,26.71,28.75,25.34,22.73,28.42,79.11,17.29,100.47,5.12,46.6,23.45,34.95,0.28,0.47,21.64
2020-03-17,CAM RANH,12.25,109.2,0.05,26.91,29.05,25.34,21.23,28.53,71.26,15.77,100.4,4.18,48.2,23.77,34.55,0.27,0.47,16.31
2020-03-18,CAM RANH,12.25,109.2,0.13,27.19,29.29,25.74,22.09,29.08,74.12,16.67,100.25,3.5,77.6,24.14,35.59,0.26,0.47,26.39
2020-03-19,CAM RANH,12.25,109.2,0.02,27.12,29.27,25.76,21.85,29.07,73.44,16.43,100.28,3.04,129.6,26.47,33.61,0.25,0.47,4.86
2020-03-20,CAM RANH,12.25,109.2,0.09,27.25,29.39,25.49,21.87,29.29,72.74,16.42,100.34,2.96,102.9,25.08,34.48,0.25,0.47,29.41
2020-03-21,CAM RANH,12.25,109.2,0.03,26.94,29.14,25.33,22.05,29.31,75.0,16.6,100.34,3.41,99.2,26.07,33.93,0.24,0.47,7.15
2020-03-22,CAM RANH,12.25,109.2,0.03,26.74,29.18,24.79,21.31,29.4,72.63,15.88,100.26,2.72,98.4,25.87,33.37,0.23,0.47,6.34
2020-03-23,CAM RANH,12.25,109.2,0.01,27.14,29.73,25.47,20.81,29.79,69.4,15.46,100.19,2.84,81.4,26.45,32.97,0.22,0.47,3.52
2020-03-24,CAM RANH,12.25,109.2,0.07,27.21,29.64,25.59,22.57,29.89,76.44,17.2,100.11,3.84,74.9,25.37,34.84,0.22,0.47,14.81
2020-03-25,CAM RANH,12.25,109.2,0.02,27.48,29.53,26.23,22.18,29.87,72.98,16.78,100.09,3.61,86.0,24.77,34.8,0.22,0.47,14.7
2020-03-26,CAM RANH,12.25,109.2,0.02,27.86,29.78,26.3,21.61,29.92,69.03,16.18,100.18,3.2,112.4,25.74,34.49,0.21,0.47,7.75
2020-03-27,CAM RANH,12.25,109.2,0.13,27.65,29.89,25.99,21.9,29.88,71.13,16.47,100.17,3.33,122.8,24.0,35.14,0.21,0.47,14.27
2020-03-28,CAM RANH,12.25,109.2,0.08,27.47,29.7,25.79,21.77,29.86,71.39,16.36,100.07,3.06,128.0,24.54,34.49,0.21,0.47,7.62
2020-03-29,CAM RANH,12.25,109.2,0.1,27.51,29.94,25.6,22.29,30.01,73.77,16.91,100.05,3.03,133.1,25.78,34.7,0.21,0.47,11.83
2020-03-30,CAM RANH,12.25,109.2,0.07,27.87,30.35,26.19,23.07,30.06,75.71,17.75,100.06,3.93,158.9,25.97,34.54,0.21,0.47,3.85
2020-03-31,CAM RANH,12.25,109.2,0.64,27.86,30.03,26.42,23.28,30.08,76.48,17.95,100.08,3.61,141.3,24.86,35.53,0.21,0.47,11.24
2020-04-01,CAM RANH,12.25,109.2,0.05,27.95,30.12,26.04,22.85,30.41,74.18,17.48,100.16,3.56,92.0,26.68,34.5,0.22,0.47,10.49
2020-04-02,CAM RANH,12.25,109.2,0.02,27.64,29.68,26.14,23.03,30.24,76.35,17.65,100.23,3.9,82.4,25.26,34.9,0.22,0.47,22.86
2020-04-03,CAM RANH,12.25,109.2,0.08,28.4,30.33,27.2,22.99,30.61,72.78,17.6,100.26,4.22,74.2,25.64,35.63,0.22,0.47,11.79
2020-04-04,CAM RANH,12.25,109.2,0.07,28.01,30.3,26.29,23.01,30.3,74.61,17.61,100.32,4.64,63.9,25.83,35.47,0.21,0.47,15.0
2020-04-05,CAM RANH,12.25,109.2,0.03,27.5,29.71,25.78,23.04,30.02,76.99,17.64,100.34,4.85,48.8,24.18,35.37,0.21,0.47,19.03
2020-04-06,CAM RANH,12.25,109.2,0.17,27.51,29.87,26.02,22.62,30.2,75.12,17.23,100.18,3.67,55.8,23.93,35.89,0.21,0.47,42.26
2020-04-07,CAM RANH,12.25,109.2,1.71,27.54,29.46,26.09,23.2,29.76,77.56,17.85,100.16,3.62,49.0,17.24,37.32,0.24,0.47,83.54
2020-04-08,CAM RANH,12.25,109.2,2.71,27.2,28.98,25.97,23.95,28.94,82.68,18.66,100.25,4.51,34.3,19.04,36.8,0.33,0.47,73.68
2020-04-09,CAM RANH,12.25,109.2,1.68,27.07,28.32,26.34,23.89,28.17,82.8,18.58,100.31,4.27,49.1,19.62,37.06,0.42,0.48,84.03
2020-04-10,CAM RANH,12.25,109.2,0.34,27.46,29.22,26.24,23.15,29.09,77.5,17.75,100.37,3.29,74.2,16.01,37.16,0.39,0.47,83.23
2020-04-11,CAM RANH,12.25,109.2,0.75,27.65,29.27,26.68,22.68,29.5,74.44,17.26,100.28,2.8,90.5,22.9,36.67,0.36,0.47,76.12
2020-04-12,CAM RANH,12.25,109.2,2.81,27.54,29.57,26.1,23.14,29.26,77.22,17.77,100.23,4.78,47.4,22.13,36.78,0.37,0.47,67.02
2020-04-13,CAM RANH,12.25,109.2,12.2,26.75,28.44,25.59,23.11,28.32,80.59,17.72,100.33,7.12,37.0,13.24,36.95,0.5,0.48,97.14
2020-04-14,CAM RANH,12.25,109.2,4.98,26.28,27.59,25.26,22.51,27.5,79.72,17.06,100.38,6.43,30.4,11.85,37.18,0.56,0.5,72.34
2020-04-15,CAM RANH,12.25,109.2,0.87,26.58,28.25,25.37,22.13,28.02,76.62,16.68,100.31,4.61,41.5,22.47,36.45,0.47,0.5,44.58
2020-04-16,CAM RANH,12.25,109.2,0.19,27.11,28.74,26.1,22.14,28.57,74.41,16.72,100.2,2.95,68.8,22.57,36.54,0.44,0.49,71.37
2020-04-17,CAM RANH,12.25,109.2,0.1,27.41,29.16,25.79,22.97,28.62,76.83,17.58,100.23,2.56,83.3,23.91,36.38,0.42,0.49,71.48
2020-04-18,CAM RANH,12.25,109.2,0.09,27.25,29.19,25.82,22.42,29.22,75.11,16.99,100.23,2.62,105.0,21.4,36.88,0.4,0.48,51.91
2020-04-19,CAM RANH,12.25,109.2,0.07,27.96,29.94,26.59,23.19,29.57,75.59,17.84,100.15,3.18,139.1,23.55,36.26,0.39,0.48,53.23
2020-04-20,CAM RANH,12.25,109.2,0.1,28.14,29.85,26.89,23.7,29.63,77.28,18.43,100.13,2.89,133.5,26.5,35.38,0.38,0.48,21.93
2020-04-21,CAM RANH,12.25,109.2,0.11,28.28,30.02,26.99,24.07,29.85,78.24,18.85,100.06,2.88,124.8,26.13,36.24,0.37,0.48,49.78
2020-04-22,CAM RANH,12.25,109.2,0.59,28.43,29.86,27.3,24.12,29.53,77.67,18.88,100.1,3.35,84.5,25.48,36.77,0.37,0.47,66.56
2020-04-23,CAM RANH,12.25,109.2,2.41,28.25,29.56,27.34,24.66,29.67,81.04,19.51,100.13,4.95,44.5,22.34,36.96,0.4,0.48,85.23
2020-04-24,CAM RANH,12.25,109.2,2.45,27.94,29.06,27.0,24.09,28.79,79.64,18.84,100.19,7.06,28.7,20.07,36.77,0.47,0.48,82.03
2020-04-25,CAM RANH,12.25,109.2,1.69,28.05,29.35,27.04,24.09,29.41,79.16,18.82,100.24,7.75,34.0,22.49,36.84,0.45,0.48,65.36
2020-04-26,CAM RANH,12.25,109.2,0.75,27.75,29.09,26.81,23.62,29.09,78.32,18.29,100.29,8.71,32.0,20.35,36.68,0.44,0.48,77.29
2020-04-27,CAM RANH,12.25,109.2,0.31,27.65,29.13,26.55,23.25,28.96,77.07,17.86,100.37,8.67,28.6,20.82,37.13,0.42,0.48,79.7
2020-04-28,CAM RANH,12.25,109.2,0.28,27.4,28.81,26.28,22.98,28.72,76.9,17.59,100.24,7.79,24.9,19.36,36.35,0.4,0.48,84.11
2020-04-29,CAM RANH,12.25,109.2,0.34,27.8,29.4,26.65,23.68,29.38,78.48,18.37,100.25,6.41,31.4,21.14,36.7,0.38,0.47,65.63
2020-04-30,CAM RANH,12.25,109.2,0.13,28.03,29.86,26.81,23.48,29.6,76.46,18.14,100.18,5.0,40.1,22.79,36.16,0.35,0.47,77.59
2020-05-01,CAM RANH,12.25,109.2,0.01,27.99,30.27,26.26,22.86,29.65,74.12,17.51,100.03,3.61,49.5,24.97,35.7,0.32,0.47,22.2
2020-05-02,CAM RANH,12.25,109.2,0.01,28.28,30.24,26.99,23.77,30.11,76.82,18.53,99.92,2.94,96.6,25.08,36.14,0.29,0.47,16.07
2020-05-03,CAM RANH,12.25,109.2,0.04,28.6,30.55,27.39,24.17,30.07,77.15,18.99,99.96,3.56,142.1,26.18,36.02,0.28,0.47,9.38
2020-05-04,CAM RANH,12.25,109.2,0.01,28.53,30.89,26.86,23.93,30.42,76.56,18.7,99.99,3.58,145.0,25.11,36.17,0.26,0.47,10.66
2020-05-05,CAM RANH,12.25,109.2,0.1,28.77,31.0,27.27,23.59,30.66,74.1,18.34,99.9,3.65,154.1,25.69,36.71,0.25,0.46,64.73
2020-05-06,CAM RANH,12.25,109.2,0.27,29.21,31.38,27.86,24.55,30.56,76.58,19.48,99.85,4.68,168.6,25.3,37.29,0.25,0.46,17.99
2020-05-07,CAM RANH,12.25,109.2,0.05,29.07,31.12,27.39,24.85,30.41,78.45,19.82,99.79,5.22,169.1,25.48,36.99,0.25,0.46,25.97
2020-05-08,CAM RANH,12.25,109.2,0.19,29.18,31.07,27.64,25.18,30.41,79.54,20.24,99.81,4.52,168.3,25.13,37.24,0.25,0.46,21.03
2020-05-09,CAM RANH,12.25,109.2,0.17,29.24,31.33,27.6,25.2,30.36,79.4,20.24,99.87,3.77,158.8,25.14,37.01,0.25,0.46,21.04
2020-05-10,CAM RANH,12.25,109.2,0.13,29.06,31.56,27.11,24.53,30.57,77.11,19.41,99.95,3.8,152.6,25.6,35.44,0.25,0.46,20.25
2020-05-11,CAM RANH,12.25,109.2,0.31,29.45,31.62,28.2,24.03,31.41,73.37,18.89,99.95,3.36,137.8,24.71,36.05,0.24,0.46,73.63
2020-05-12,CAM RANH,12.25,109.2,3.02,29.08,30.66,27.55,24.38,30.75,75.98,19.21,99.98,2.71,96.2,23.51,37.16,0.29,0.46,64.02
2020-05-13,CAM RANH,12.25,109.2,0.94,29.42,31.4,28.14,24.53,31.23,75.31,19.41,99.97,3.33,80.3,25.25,36.78,0.35,0.47,52.54
2020-05-14,CAM RANH,12.25,109.2,0.06,29.53,31.74,28.14,23.64,31.66,71.15,18.41,99.87,2.7,77.7,23.44,36.8,0.32,0.47,71.8
2020-05-15,CAM RANH,12.25,109.2,0.27,29.76,32.01,28.08,23.97,31.83,71.58,18.81,99.7,3.6,146.4,24.56,36.67,0.29,0.47,64.73
2020-05-16,CAM RANH,12.25,109.2,0.27,29.8,32.3,28.11,24.34,31.41,73.19,19.27,99.65,4.34,157.7,20.73,37.61,0.27,0.46,79.57
2020-05-17,CAM RANH,12.25,109.2,0.17,29.91,31.99,28.57,24.86,31.26,74.93,19.91,99.58,5.57,169.5,23.01,37.8,0.26,0.46,79.17
2020-05-18,CAM RANH,12.25,109.2,7.79,30.02,32.31,28.81,25.66,30.96,77.95,20.87,99.59,4.73,175.8,21.39,38.51,0.32,0.47,96.72
2020-05-19,CAM RANH,12.25,109.2,2.79,29.57,30.98,28.47,25.93,29.67,80.99,21.17,99.66,3.37,194.9,22.11,38.15,0.49,0.48,83.89
2020-05-20,CAM RANH,12.25,109.2,1.34,29.36,30.48,28.31,26.49,29.48,84.67,21.89,99.68,4.68,183.5,22.19,37.97,0.47,0.48,94.74
2020-05-21,CAM RANH,12.25,109.2,2.48,29.97,31.85,28.66,26.38,29.91,81.35,21.76,99.62,2.63,189.2,24.04,38.4,0.48,0.48,83.21
2020-05-22,CAM RANH,12.25,109.2,2.15,29.56,31.01,28.52,26.61,29.47,84.42,22.05,99.69,3.86,192.8,22.81,38.28,0.5,0.49,95.21
2020-05-23,CAM RANH,12.25,109.2,2.61,29.31,30.75,27.92,26.04,29.22,82.72,21.28,99.82,4.32,196.2,21.56,37.85,0.51,0.49,95.21
2020-05-24,CAM RANH,12.25,109.2,3.55,28.96,30.28,27.79,25.87,29.19,83.61,21.02,100.01,4.62,181.5,21.65,37.75,0.52,0.49,88.23
2020-05-25,CAM RANH,12.25,109.2,2.55,29.86,31.94,28.2,25.51,30.18,77.88,20.58,99.99,3.32,191.2,24.31,38.17,0.49,0.49,45.95
2020-05-26,CAM RANH,12.25,109.2,7.06,29.79,32.23,28.08,25.55,29.82,78.54,20.65,99.94,2.02,201.9,25.03,38.55,0.54,0.49,58.18
2020-05-27,CAM RANH,12.25,109.2,2.89,29.01,30.64,27.8,25.7,29.01,82.57,20.82,99.94,1.91,201.2,20.89,38.21,0.54,0.51,65.4
2020-05-28,CAM RANH,12.25,109.2,7.92,28.62,30.1,27.55,25.48,28.87,83.4,20.54,99.98,2.31,177.3,23.18,37.84,0.54,0.51,61.76
2020-05-29,CAM RANH,12.25,109.2,4.59,28.59,30.02,27.52,25.34,28.98,82.73,20.34,100.06,4.49,175.2,24.33,37.14,0.56,0.52,66.08
2020-05-30,CAM RANH,12.25,109.2,0.86,28.78,30.31,27.65,24.62,29.15,78.47,19.46,100.15,3.37,173.8,24.62,37.25,0.5,0.52,21.35
2020-05-31,CAM RANH,12.25,109.2,1.83,28.69,29.81,27.82,24.85,29.26,79.82,19.73,100.13,3.36,177.3,23.36,36.8,0.5,0.52,28.39
2020-06-01,CAM RANH,12.25,109.2,2.23,29.15,30.7,27.84,24.82,29.86,77.8,19.72,100.04,3.44,168.9,25.31,37.06,0.5,0.52,38.33
2020-06-02,CAM RANH,12.25,109.2,1.82,28.44,29.76,27.47,25.08,28.91,82.14,20.04,99.99,3.78,174.4,24.71,37.4,0.51,0.52,36.68
2020-06-03,CAM RANH,12.25,109.2,5.25,28.37,29.45,27.57,24.55,29.05,79.83,19.42,99.9,4.29,182.4,23.11,37.9,0.54,0.52,71.41
2020-06-04,CAM RANH,12.25,109.2,6.08,29.3,31.08,28.02,25.23,30.05,79.16,20.28,99.84,4.12,179.9,21.55,37.76,0.55,0.53,62.41
2020-06-05,CAM RANH,12.25,109.2,0.34,29.24,30.46,28.29,25.54,29.48,80.67,20.65,99.81,3.91,178.6,24.82,37.79,0.51,0.53,57.42
2020-06-06,CAM RANH,12.25,109.2,0.3,29.44,31.04,28.04,25.3,29.67,78.65,20.36,99.78,2.46,193.6,24.46,38.0,0.49,0.53,46.9
2020-06-07,CAM RANH,12.25,109.2,0.2,29.56,31.77,27.38,24.84,29.66,76.22,19.85,99.68,2.0,218.0,24.4,37.37,0.48,0.52,35.69
2020-06-08,CAM RANH,12.25,109.2,0.15,29.49,31.61,27.78,24.9,29.8,77.04,19.91,99.74,3.65,180.1,24.6,37.51,0.47,0.52,63.29
2020-06-09,CAM RANH,12.25,109.2,0.36,29.09,30.93,27.68,25.76,29.42,82.61,20.94,99.8,4.15,174.2,23.22,37.6,0.48,0.52,84.42
2020-06-10,CAM RANH,12.25,109.2,5.36,28.52,29.81,27.42,25.28,29.29,82.74,20.32,99.8,4.45,174.4,18.39,37.51,0.53,0.52,89.42
2020-06-11,CAM RANH,12.25,109.2,3.65,28.79,30.27,27.51,25.09,29.28,80.71,20.15,99.62,3.15,183.9,22.79,37.39,0.53,0.52,64.21
2020-06-12,CAM RANH,12.25,109.2,1.42,29.11,30.88,27.57,25.46,29.6,80.97,20.63,99.44,3.51,183.2,22.89,37.53,0.5,0.52,72.59
2020-06-13,CAM RANH,12.25,109.2,5.95,29.27,31.06,28.02,25.51,29.62,80.58,20.68,99.53,3.9,177.8,20.13,37.81,0.53,0.52,96.14
2020-06-14,CAM RANH,12.25,109.2,6.64,28.2,29.35,27.3,25.47,28.43,85.21,20.55,99.85,5.28,181.7,17.57,37.43,0.58,0.54,99.1
2020-06-15,CAM RANH,12.25,109.2,14.75,27.83,29.06,26.97,24.88,28.3,83.99,19.78,100.04,4.14,160.2,19.32,37.36,0.63,0.55,97.53
2020-06-16,CAM RANH,12.25,109.2,7.19,28.07,28.83,27.42,24.54,28.55,81.22,19.41,99.94,2.26,156.1,23.02,37.43,0.6,0.57,80.22
2020-06-17,CAM RANH,12.25,109.2,1.15,28.47,29.68,27.71,24.27,29.05,78.33,19.12,99.9,1.81,171.1,22.12,37.47,0.55,0.57,80.64
2020-06-18,CAM RANH,12.25,109.2,0.89,28.47,29.54,27.59,25.25,29.21,82.77,20.27,99.84,4.28,166.4,23.93,37.82,0.54,0.57,51.34
2020-06-19,CAM RANH,12.25,109.2,4.44,28.75,29.83,28.06,25.5,29.19,82.68,20.58,99.84,3.88,164.3,21.79,37.83,0.56,0.57,71.72
2020-06-20,CAM RANH,12.25,109.2,3.67,28.28,29.36,27.61,25.49,28.53,84.87,20.58,99.78,5.09,177.9,23.61,36.99,0.58,0.58,61.77
2020-06-21,CAM RANH,12.25,109.2,1.56,28.31,29.62,27.11,25.16,28.88,83.19,20.2,99.68,4.49,174.2,24.22,37.0,0.55,0.58,39.42
2020-06-22,CAM RANH,12.25,109.2,1.44,28.55,29.78,27.61,25.39,29.07,83.15,20.48,99.72,4.96,180.4,25.54,37.05,0.54,0.57,39.1
2020-06-23,CAM RANH,12.25,109.2,1.41,29.2,30.93,27.92,25.36,29.55,80.22,20.44,99.78,3.88,174.2,24.45,37.33,0.53,0.57,76.5
2020-06-24,CAM RANH,12.25,109.2,2.99,28.72,30.37,27.44,25.43,28.93,82.64,20.52,99.75,3.66,185.9,23.0,37.18,0.55,0.57,86.73
2020-06-25,CAM RANH,12.25,109.2,3.71,28.54,30.51,27.34,25.03,28.98,81.68,20.05,99.72,5.0,184.8,24.01,37.63,0.55,0.57,62.96
2020-06-26,CAM RANH,12.25,109.2,3.44,28.13,29.46,27.05,24.35,28.75,80.03,19.21,99.84,4.21,176.6,21.31,37.13,0.57,0.58,95.55
2020-06-27,CAM RANH,12.25,109.2,2.94,28.47,30.39,27.22,24.28,29.38,78.62,19.17,99.77,3.6,172.4,16.34,37.57,0.54,0.57,98.65
2020-06-28,CAM RANH,12.25,109.2,10.79,28.33,29.55,26.9,24.36,28.61,79.22,19.25,99.7,3.07,213.5,12.52,37.83,0.63,0.59,98.24
2020-06-29,CAM RANH,12.25,109.2,16.16,27.54,29.23,26.37,23.52,28.37,79.0,18.33,99.66,4.66,202.7,12.7,37.13,0.67,0.61,99.75
2020-06-30,CAM RANH,12.25,109.2,25.63,27.84,30.06,26.14,23.24,28.28,76.47,18.03,99.69,3.27,206.5,15.84,37.41,0.74,0.64,99.28
2020-07-01,CAM RANH,12.25,109.2,5.91,27.75,29.57,26.04,22.24,28.07,72.26,16.95,99.66,2.33,239.2,18.98,37.65,0.66,0.65,87.75
2020-07-02,CAM RANH,12.25,109.2,3.66,28.75,30.88,27.0,24.12,29.34,76.55,19.02,99.6,2.94,205.0,15.15,38.17,0.64,0.65,96.43
2020-07-03,CAM RANH,12.25,109.2,6.72,28.24,29.65,26.98,24.56,28.58,80.58,19.47,99.78,2.33,199.1,11.21,37.63,0.66,0.65,94.88
2020-07-04,CAM RANH,12.25,109.2,4.04,28.44,30.16,27.53,23.99,28.86,77.25,18.82,99.82,2.51,182.6,23.5,38.06,0.66,0.66,62.27
2020-07-05,CAM RANH,12.25,109.2,7.45,27.88,29.22,26.95,24.79,28.76,83.46,19.75,99.69,3.28,171.2,22.37,37.8,0.69,0.66,55.13
2020-07-06,CAM RANH,12.25,109.2,8.09,28.03,29.65,26.86,24.98,28.93,83.74,19.96,99.8,5.47,178.0,23.16,37.44,0.69,0.67,56.2
2020-07-07,CAM RANH,12.25,109.2,2.95,28.01,29.5,26.75,24.17,28.63,79.89,19.0,99.97,4.39,185.5,25.58,36.29,0.67,0.67,37.87
2020-07-08,CAM RANH,12.25,109.2,0.51,28.58,30.67,27.12,23.48,28.94,74.58,18.27,99.81,3.22,189.7,24.52,36.76,0.64,0.67,76.83
2020-07-09,CAM RANH,12.25,109.2,0.82,28.58,30.37,27.34,24.65,29.07,79.66,19.61,99.66,4.11,182.4,23.79,37.27,0.64,0.66,74.35
2020-07-10,CAM RANH,12.25,109.2,1.25,28.58,30.42,27.19,25.27,28.79,82.6,20.34,99.73,4.49,182.5,23.92,36.7,0.64,0.66,81.67
2020-07-11,CAM RANH,12.25,109.2,1.3,28.07,29.55,26.8,25.14,28.43,84.35,20.16,99.78,4.07,177.7,23.23,36.84,0.64,0.66,84.56
2020-07-12,CAM RANH,12.25,109.2,1.99,27.96,29.43,26.7,24.79,28.38,83.13,19.75,99.73,4.62,180.7,24.56,37.14,0.64,0.65,45.68
2020-07-13,CAM RANH,12.25,109.2,5.55,27.69,28.64,26.78,24.84,27.85,84.53,19.8,99.79,3.67,182.0,23.61,37.39,0.67,0.66,60.34
2020-07-14,CAM RANH,12.25,109.2,3.62,28.12,29.55,27.1,24.87,28.45,82.68,19.83,99.78,2.86,164.0,23.21,37.68,0.66,0.66,45.06
2020-07-15,CAM RANH,12.25,109.2,2.07,28.21,29.43,27.3,24.9,28.64,82.37,19.88,99.73,4.25,169.1,22.65,37.26,0.65,0.66,43.36
2020-07-16,CAM RANH,12.25,109.2,0.71,28.25,29.88,26.97,24.56,28.86,80.65,19.48,99.76,5.02,172.8,25.53,36.58,0.63,0.65,42.51
2020-07-17,CAM RANH,12.25,109.2,2.8,27.9,29.1,26.85,24.54,28.48,82.09,19.43,99.88,3.99,176.6,16.3,37.5,0.64,0.65,90.6
2020-07-18,CAM RANH,12.25,109.2,1.12,28.37,30.04,27.03,24.25,29.09,78.66,19.1,99.85,3.93,171.6,23.58,37.27,0.62,0.65,68.26
2020-07-19,CAM RANH,12.25,109.2,0.71,28.59,30.3,27.25,24.3,29.03,77.91,19.17,99.78,3.25,162.6,25.15,37.2,0.61,0.64,47.6
2020-07-20,CAM RANH,12.25,109.2,1.42,28.15,29.65,26.84,24.24,28.79,79.49,19.08,99.84,2.96,163.4,24.97,37.0,0.61,0.64,64.95
2020-07-21,CAM RANH,12.25,109.2,2.4,27.74,28.76,27.02,23.85,28.69,79.5,18.62,99.92,1.77,120.7,8.37,37.57,0.62,0.64,75.45
2020-07-22,CAM RANH,12.25,109.2,0.69,28.18,29.21,27.37,23.94,28.84,77.89,18.74,99.83,2.76,159.4,23.23,36.71,0.61,0.64,77.52
2020-07-23,CAM RANH,12.25,109.2,12.79,27.6,29.21,26.45,23.93,28.4,80.53,18.72,99.88,3.63,171.5,21.43,37.16,0.69,0.65,90.88
2020-07-24,CAM RANH,12.25,109.2,0.67,28.25,29.79,27.13,23.31,29.34,74.99,18.05,99.83,2.65,152.9,20.5,37.41,0.63,0.65,91.56
2020-07-25,CAM RANH,12.25,109.2,1.08,28.51,29.93,27.35,24.51,29.17,79.2,19.4,99.83,4.11,174.4,22.8,37.53,0.62,0.65,86.89
2020-07-26,CAM RANH,12.25,109.2,1.03,28.71,30.26,27.45,24.87,29.23,79.99,19.84,99.76,4.48,181.6,24.19,37.93,0.61,0.64,56.49
2020-07-27,CAM RANH,12.25,109.2,1.06,28.77,30.49,27.46,24.89,29.37,79.78,19.87,99.7,4.6,180.3,23.97,38.48,0.61,0.64,51.65
2020-07-28,CAM RANH,12.25,109.2,0.83,28.98,30.67,27.83,25.12,29.45,80.0,20.18,99.68,4.19,182.1,23.98,37.8,0.6,0.64,53.22
2020-07-29,CAM RANH,12.25,109.2,0.61,29.18,30.85,27.86,25.0,29.33,78.63,20.06,99.64,3.09,184.5,23.04,37.54,0.6,0.63,86.58
2020-07-30,CAM RANH,12.25,109.2,21.44,28.39,29.69,27.34,25.36,28.77,83.76,20.48,99.49,2.11,187.8,23.19,37.81,0.72,0.65,85.67
2020-07-31,CAM RANH,12.25,109.2,40.4,28.27,29.79,27.35,24.9,28.32,82.1,19.98,99.24,3.71,212.7,8.97,37.47,0.84,0.7,99.16
2020-08-01,CAM RANH,12.25,109.2,12.51,28.4,30.21,27.32,24.74,28.34,80.71,19.79,99.3,6.49,207.3,14.87,37.67,0.79,0.73,99.55
2020-08-02,CAM RANH,12.25,109.2,7.74,28.67,30.9,27.25,25.12,28.63,81.37,20.22,99.42,6.15,196.9,18.71,38.0,0.77,0.73,97.07
2020-08-03,CAM RANH,12.25,109.2,5.08,28.43,30.9,26.62,24.76,28.61,80.78,19.79,99.5,4.14,200.2,21.99,38.11,0.76,0.74,92.79
2020-08-04,CAM RANH,12.25,109.2,4.45,28.91,31.17,27.38,24.67,28.83,78.18,19.67,99.52,2.23,217.2,23.52,37.53,0.75,0.73,79.37
2020-08-05,CAM RANH,12.25,109.2,6.72,28.04,29.48,26.8,24.59,28.44,81.71,19.51,99.69,1.49,204.2,22.02,38.05,0.78,0.74,94.58
2020-08-06,CAM RANH,12.25,109.2,7.3,27.41,28.76,26.35,24.52,28.42,84.28,19.43,99.68,2.22,163.0,20.55,37.61,0.78,0.74,91.02
2020-08-07,CAM RANH,12.25,109.2,20.14,27.23,28.69,26.36,23.52,28.67,80.4,18.3,99.64,2.01,116.0,7.64,38.24,0.82,0.75,96.76
2020-08-08,CAM RANH,12.25,109.2,5.88,27.42,27.95,26.99,24.94,28.27,86.34,19.94,99.62,1.75,196.1,24.17,38.06,0.82,0.78,77.23
2020-08-09,CAM RANH,12.25,109.2,7.83,28.32,29.92,27.28,24.71,28.64,81.01,19.68,99.64,4.2,205.7,15.13,38.14,0.8,0.77,96.78
2020-08-10,CAM RANH,12.25,109.2,5.48,29.06,31.42,27.37,25.12,29.27,79.64,20.18,99.68,3.34,207.6,22.8,37.37,0.8,0.78,81.07
2020-08-11,CAM RANH,12.25,109.2,8.88,29.0,30.95,27.65,25.39,29.31,81.35,20.5,99.75,3.74,196.8,22.39,38.15,0.8,0.78,82.14
2020-08-12,CAM RANH,12.25,109.2,16.48,28.29,29.59,27.14,25.84,28.7,86.6,21.0,99.87,4.57,191.7,20.15,37.43,0.84,0.79,98.36
2020-08-13,CAM RANH,12.25,109.2,11.61,27.16,27.72,26.8,24.43,27.97,84.99,19.28,99.92,3.82,183.2,14.7,36.96,0.85,0.81,97.42
2020-08-14,CAM RANH,12.25,109.2,1.74,27.18,28.18,26.46,24.12,28.16,83.46,18.93,99.89,3.54,182.8,23.96,36.95,0.82,0.81,79.43
2020-08-15,CAM RANH,12.25,109.2,1.74,28.22,30.18,27.16,24.42,29.08,80.31,19.32,99.81,3.16,171.4,24.66,37.56,0.8,0.8,59.03
2020-08-16,CAM RANH,12.25,109.2,3.15,28.14,29.22,27.15,25.3,28.84,84.66,20.36,99.71,3.27,178.0,23.01,37.8,0.81,0.8,77.84
2020-08-17,CAM RANH,12.25,109.2,8.58,28.57,29.83,27.71,24.5,28.88,78.77,19.42,99.65,2.27,212.2,23.43,37.87,0.83,0.81,82.31
2020-08-18,CAM RANH,12.25,109.2,4.14,28.22,30.07,26.88,24.47,28.8,80.35,19.39,99.63,4.52,209.1,21.02,37.89,0.82,0.81,95.84
2020-08-19,CAM RANH,12.25,109.2,34.7,27.59,29.58,26.57,23.42,28.7,78.3,18.18,99.68,1.92,206.3,15.64,37.72,0.9,0.83,98.83
2020-08-20,CAM RANH,12.25,109.2,15.09,27.54,28.35,26.95,23.41,28.56,78.28,18.15,99.8,1.6,179.4,11.86,37.28,0.89,0.86,98.57
2020-08-21,CAM RANH,12.25,109.2,11.11,28.27,29.7,27.39,24.36,28.85,79.66,19.25,99.87,2.2,189.4,22.85,37.76,0.87,0.87,67.4
2020-08-22,CAM RANH,12.25,109.2,8.66,28.58,30.42,27.34,24.91,29.08,80.97,19.9,99.85,3.49,186.1,23.91,37.06,0.87,0.87,60.08
2020-08-23,CAM RANH,12.25,109.2,7.45,28.47,29.83,27.52,25.08,28.9,82.05,20.07,99.9,3.19,188.3,23.94,37.35,0.87,0.87,74.1
2020-08-24,CAM RANH,12.25,109.2,2.59,28.8,30.01,27.62,24.8,29.07,79.09,19.75,99.86,1.7,175.2,24.84,37.39,0.86,0.87,62.67
2020-08-25,CAM RANH,12.25,109.2,1.89,29.03,30.79,27.35,24.92,29.23,78.85,19.93,99.74,3.3,198.6,25.04,38.17,0.85,0.87,47.81
2020-08-26,CAM RANH,12.25,109.2,2.28,29.37,31.77,27.59,25.66,29.53,80.94,20.88,99.56,3.28,210.7,24.63,38.19,0.84,0.86,56.27
2020-08-27,CAM RANH,12.25,109.2,2.51,29.34,31.34,27.56,25.59,29.15,80.4,20.79,99.48,2.28,231.0,21.8,37.57,0.85,0.86,94.57
2020-08-28,CAM RANH,12.25,109.2,2.11,28.53,30.51,26.48,24.99,28.89,81.52,20.07,99.5,2.78,205.8,24.13,37.48,0.85,0.86,83.87
2020-08-29,CAM RANH,12.25,109.2,1.65,28.85,31.3,26.61,25.27,29.33,81.53,20.4,99.52,2.21,211.9,24.74,37.78,0.84,0.85,53.91
2020-08-30,CAM RANH,12.25,109.2,3.12,29.07,31.23,27.78,24.73,29.43,77.98,19.73,99.57,2.22,196.0,24.52,37.94,0.83,0.85,65.29
2020-08-31,CAM RANH,12.25,109.2,3.85,29.01,30.66,27.83,25.01,29.27,79.19,20.02,99.67,1.7,212.5,24.25,38.1,0.84,0.85,67.95
2020-09-01,CAM RANH,12.25,109.2,10.0,28.49,29.85,27.31,24.69,29.1,80.0,19.62,99.73,1.75,189.4,21.56,37.57,0.85,0.85,90.98
2020-09-02,CAM RANH,12.25,109.2,9.59,28.83,30.54,27.75,24.44,29.3,77.62,19.35,99.78,2.11,174.6,22.31,38.06,0.87,0.86,83.41
2020-09-03,CAM RANH,12.25,109.2,3.54,28.78,30.57,27.62,25.26,29.41,81.61,20.29,99.85,3.01,157.8,22.8,37.8,0.85,0.86,64.94
2020-09-04,CAM RANH,12.25,109.2,0.81,28.69,29.84,27.86,25.41,29.05,82.48,20.49,99.78,4.89,187.9,23.75,37.04,0.84,0.86,75.98
2020-09-05,CAM RANH,12.25,109.2,3.23,28.87,30.39,27.9,24.97,29.54,79.74,19.97,99.71,3.97,183.6,24.74,37.31,0.84,0.85,50.52
2020-09-06,CAM RANH,12.25,109.2,3.4,29.11,30.21,28.11,25.44,29.51,80.67,20.53,99.71,3.02,195.0,23.85,38.45,0.85,0.85,56.41
2020-09-07,CAM RANH,12.25,109.2,2.07,29.61,31.32,28.75,25.38,29.53,78.35,20.46,99.79,2.02,204.3,24.39,37.8,0.84,0.85,65.42
2020-09-08,CAM RANH,12.25,109.2,4.6,28.58,29.64,27.62,25.78,28.94,84.86,20.92,99.96,3.39,169.5,23.15,37.13,0.85,0.85,80.4
2020-09-09,CAM RANH,12.25,109.2,3.93,27.95,28.99,26.84,24.57,28.8,81.97,19.46,99.86,2.87,169.6,17.59,37.1,0.85,0.85,93.88
2020-09-10,CAM RANH,12.25,109.2,1.9,28.17,29.43,27.33,24.32,29.32,79.68,19.19,99.72,2.88,168.3,23.27,37.91,0.84,0.85,60.51
2020-09-11,CAM RANH,12.25,109.2,2.42,28.39,29.45,27.64,24.64,29.27,80.19,19.54,99.87,3.85,184.4,23.99,38.0,0.84,0.85,54.46
2020-09-12,CAM RANH,12.25,109.2,2.03,28.6,29.95,27.46,24.65,29.49,79.38,19.53,99.99,3.34,169.8,24.24,37.23,0.83,0.84,26.1
2020-09-13,CAM RANH,12.25,109.2,1.7,28.29,29.32,27.33,24.31,29.24,79.15,19.14,99.97,2.72,150.4,23.33,37.18,0.83,0.84,73.75
2020-09-14,CAM RANH,12.25,109.2,2.11,28.2,29.28,27.34,24.04,29.44,78.27,18.84,99.87,1.97,168.6,22.53,37.42,0.84,0.84,67.44
2020-09-15,CAM RANH,12.25,109.2,0.87,29.19,30.86,28.06,24.41,30.02,75.75,19.3,99.76,2.5,190.2,22.32,37.12,0.82,0.83,83.76
2020-09-16,CAM RANH,12.25,109.2,18.38,28.38,29.99,26.57,24.39,29.18,79.23,19.29,99.65,1.55,237.5,14.71,37.92,0.86,0.83,99.19
2020-09-17,CAM RANH,12.25,109.2,8.67,27.82,28.62,27.2,24.4,28.57,81.69,19.38,99.3,4.12,229.1,4.92,36.95,0.87,0.86,98.62
2020-09-18,CAM RANH,12.25,109.2,47.97,28.24,29.7,26.85,24.74,28.63,81.45,19.78,99.4,7.48,194.6,16.95,37.22,0.92,0.88,99.43
2020-09-19,CAM RANH,12.25,109.2,14.36,28.03,28.88,27.23,24.93,28.49,83.3,19.89,99.88,5.61,187.6,13.78,37.17,0.91,0.91,99.2
2020-09-20,CAM RANH,12.25,109.2,11.34,28.0,29.23,27.38,23.85,28.83,78.25,18.6,100.0,1.38,166.2,14.26,37.86,0.9,0.92,82.66
2020-09-21,CAM RANH,12.25,109.2,1.76,28.55,29.51,27.88,24.25,29.52,77.51,19.06,99.9,1.58,91.5,23.73,37.11,0.88,0.91,28.12
2020-09-22,CAM RANH,12.25,109.2,3.04,28.45,29.48,27.73,24.19,29.68,77.73,19.0,99.9,1.66,100.3,23.62,36.95,0.88,0.9,27.86
2020-09-23,CAM RANH,12.25,109.2,4.45,28.53,29.87,27.77,24.41,29.62,78.5,19.26,99.93,2.48,156.8,23.39,37.32,0.88,0.9,64.76
2020-09-24,CAM RANH,12.25,109.2,11.16,28.69,29.96,27.63,24.68,29.5,79.08,19.57,99.95,2.11,214.6,20.23,37.43,0.89,0.9,87.74
2020-09-25,CAM RANH,12.25,109.2,12.3,28.68,30.51,27.11,24.08,29.03,76.64,18.9,99.86,2.36,221.8,20.85,37.52,0.9,0.91,89.68
2020-09-26,CAM RANH,12.25,109.2,7.24,28.37,29.94,26.8,23.08,29.02,73.37,17.79,99.81,1.68,147.0,10.19,37.65,0.9,0.92,97.37
2020-09-27,CAM RANH,12.25,109.2,9.52,27.4,27.93,26.98,24.6,28.97,84.67,19.51,99.76,3.31,135.3,11.75,37.76,0.9,0.92,82.94
2020-09-28,CAM RANH,12.25,109.2,11.42,27.97,28.62,27.14,25.26,28.67,85.2,20.3,99.79,4.76,176.7,21.58,37.06,0.91,0.92,81.5
2020-09-29,CAM RANH,12.25,109.2,3.45,28.12,29.14,27.28,23.74,28.68,77.17,18.52,99.76,1.68,226.4,12.88,37.4,0.9,0.92,98.64
2020-09-30,CAM RANH,12.25,109.2,5.04,28.98,30.8,27.48,24.15,29.38,75.48,19.03,99.6,1.26,231.4,20.74,38.11,0.9,0.92,88.03
2020-10-01,CAM RANH,12.25,109.2,6.48,28.41,29.14,27.87,25.01,29.32,81.86,20.03,99.62,1.45,143.0,14.89,37.25,0.9,0.92,92.29
2020-10-02,CAM RANH,12.25,109.2,12.16,28.33,29.07,27.52,25.2,29.18,83.11,20.23,99.75,2.95,159.0,19.84,37.42,0.91,0.93,84.46
2020-10-03,CAM RANH,12.25,109.2,10.71,27.93,28.85,27.41,24.69,29.03,82.55,19.59,99.88,2.16,143.5,21.44,37.48,0.91,0.93,73.42
2020-10-04,CAM RANH,12.25,109.2,84.67,27.77,28.88,26.87,24.02,28.83,80.13,18.82,99.84,1.69,356.4,14.18,37.84,0.97,0.96,98.24
2020-10-05,CAM RANH,12.25,109.2,49.65,27.97,28.78,27.19,25.11,28.82,84.53,20.14,99.72,4.65,335.0,10.24,37.64,0.95,0.97,99.42
2020-10-06,CAM RANH,12.25,109.2,26.17,28.06,29.16,27.1,25.53,28.44,86.1,20.68,99.58,7.34,43.3,4.12,37.61,0.96,0.98,99.61
2020-10-07,CAM RANH,12.25,109.2,28.33,27.95,28.21,27.69,25.67,28.54,87.37,20.89,99.4,8.33,110.7,15.28,37.3,0.97,0.98,96.42
2020-10-08,CAM RANH,12.25,109.2,20.89,27.66,28.38,26.84,24.95,28.3,85.15,19.93,99.74,3.34,163.6,12.74,37.51,0.96,0.98,99.7
2020-10-09,CAM RANH,12.25,109.2,16.53,26.83,27.43,26.22,23.78,28.15,83.36,18.56,99.77,1.66,2.7,10.49,37.36,0.96,0.98,99.13
2020-10-10,CAM RANH,12.25,109.2,7.66,27.0,27.49,26.67,23.99,27.86,83.65,18.86,99.58,3.81,284.8,11.1,36.91,0.96,0.98,98.85
2020-10-11,CAM RANH,12.25,109.2,10.49,28.03,29.47,26.82,24.49,28.56,81.24,19.48,99.36,3.01,188.4,18.36,37.22,0.95,0.98,97.43
2020-10-12,CAM RANH,12.25,109.2,9.45,27.22,28.29,26.72,24.23,28.23,83.81,19.16,99.39,2.84,156.2,18.48,37.52,0.96,0.98,93.99
2020-10-13,CAM RANH,12.25,109.2,14.74,27.43,28.38,26.59,24.58,28.27,84.66,19.58,99.46,3.51,175.7,12.77,37.42,0.96,0.98,99.37
2020-10-14,CAM RANH,12.25,109.2,25.48,27.6,28.42,26.97,24.72,28.2,84.43,19.69,99.6,3.51,181.5,8.78,37.18,0.96,0.98,99.5
2020-10-15,CAM RANH,12.25,109.2,14.07,27.05,27.99,26.59,24.5,28.03,85.92,19.42,99.58,2.23,136.7,17.1,37.7,0.96,0.98,99.23
2020-10-16,CAM RANH,12.25,109.2,51.72,26.66,27.77,25.85,24.29,27.62,86.77,19.2,99.48,3.1,19.3,8.86,37.43,0.98,0.99,99.65
2020-10-17,CAM RANH,12.25,109.2,15.1,27.48,28.93,26.38,24.82,27.96,85.42,19.81,99.62,4.63,191.6,10.12,36.99,0.97,0.99,99.39
2020-10-18,CAM RANH,12.25,109.2,16.79,27.22,28.23,26.41,24.44,27.84,84.82,19.32,99.82,3.75,183.5,16.01,36.93,0.97,0.98,98.33
2020-10-19,CAM RANH,12.25,109.2,3.79,27.57,29.39,26.48,24.0,27.97,81.11,18.8,99.85,2.57,15.9,19.53,36.88,0.96,0.98,87.46
2020-10-20,CAM RANH,12.25,109.2,11.72,27.43,27.96,26.87,25.13,28.23,87.26,20.13,99.84,5.1,15.2,17.04,36.93,0.96,0.98,98.1
2020-10-21,CAM RANH,12.25,109.2,4.37,27.0,28.13,25.69,24.02,27.36,83.71,18.84,99.85,9.17,13.8,5.02,36.38,0.95,0.98,99.63
2020-10-22,CAM RANH,12.25,109.2,0.21,26.34,27.87,24.85,22.67,27.41,80.23,17.33,99.92,7.68,3.9,18.93,35.39,0.94,0.97,98.66
2020-10-23,CAM RANH,12.25,109.2,0.05,26.06,27.02,25.27,21.99,26.92,78.32,16.61,99.99,6.27,5.8,17.8,35.48,0.93,0.97,99.14
2020-10-24,CAM RANH,12.25,109.2,0.24,26.31,27.66,25.42,22.3,27.28,78.67,16.91,100.0,4.09,34.6,17.01,36.87,0.92,0.96,80.45
2020-10-25,CAM RANH,12.25,109.2,4.58,26.16,27.08,25.29,23.53,27.3,85.51,18.24,99.96,3.98,89.8,14.51,37.33,0.92,0.96,63.83
2020-10-26,CAM RANH,12.25,109.2,17.39,26.48,27.54,25.56,23.57,27.17,84.08,18.32,99.84,5.0,352.1,15.67,36.61,0.93,0.96,96.53
2020-10-27,CAM RANH,12.25,109.2,24.66,26.71,27.33,25.75,23.72,26.61,83.65,18.61,99.2,9.43,274.2,7.13,36.32,0.96,0.97,99.45
2020-10-28,CAM RANH,12.25,109.2,4.62,27.04,28.81,26.01,24.06,26.65,84.02,18.98,99.44,7.14,200.3,11.5,36.67,0.93,0.97,90.37
2020-10-29,CAM RANH,12.25,109.2,36.81,26.65,27.79,25.88,24.3,27.03,86.95,19.1,100.07,4.29,154.2,14.76,36.96,0.96,0.98,92.13
2020-10-30,CAM RANH,12.25,109.2,5.63,26.39,27.48,25.62,24.28,27.14,88.22,19.07,100.13,4.87,30.4,15.66,36.58,0.94,0.98,40.57
2020-10-31,CAM RANH,12.25,109.2,15.52,26.3,27.3,25.51,24.57,26.77,90.16,19.41,100.12,7.36,30.4,10.83,37.63,0.95,0.98,96.99
2020-11-01,CAM RANH,12.25,109.2,4.98,25.74,26.81,24.68,23.09,26.52,85.26,17.73,100.14,7.9,28.2,15.02,36.37,0.94,0.97,91.05
2020-11-02,CAM RANH,12.25,109.2,1.51,25.64,26.61,24.98,22.46,26.18,82.64,17.05,100.22,7.33,13.4,18.3,35.35,0.93,0.97,91.21
2020-11-03,CAM RANH,12.25,109.2,2.16,25.97,27.37,25.29,23.19,26.54,84.72,17.83,100.18,8.07,4.0,13.52,36.2,0.92,0.96,99.2
2020-11-04,CAM RANH,12.25,109.2,1.13,25.92,27.75,24.55,22.95,26.6,83.79,17.59,100.09,7.71,347.8,16.71,35.65,0.92,0.96,88.72
2020-11-05,CAM RANH,12.25,109.2,2.42,25.97,27.12,25.09,23.39,26.33,85.72,18.1,99.9,5.73,277.5,14.27,36.9,0.92,0.95,92.2
2020-11-06,CAM RANH,12.25,109.2,3.94,26.2,27.71,25.1,24.32,26.69,89.38,19.11,100.15,5.36,120.9,16.33,37.06,0.92,0.95,62.57
2020-11-07,CAM RANH,12.25,109.2,4.32,25.68,26.81,24.92,23.18,26.23,86.04,17.81,100.29,8.03,18.9,15.21,36.74,0.92,0.95,83.97
2020-11-08,CAM RANH,12.25,109.2,7.64,25.73,26.66,25.13,23.12,26.15,85.59,17.77,100.14,9.95,5.0,14.64,36.17,0.92,0.95,98.06
2020-11-09,CAM RANH,12.25,109.2,129.35,25.63,26.76,24.8,23.56,26.03,88.34,18.33,99.7,11.68,352.2,5.01,36.43,0.98,0.97,99.0
2020-11-10,CAM RANH,12.25,109.2,55.12,25.82,26.57,25.13,23.98,26.03,89.59,18.82,99.68,5.26,118.5,3.9,36.4,0.97,0.99,86.57
2020-11-11,CAM RANH,12.25,109.2,13.16,25.85,26.68,25.26,24.29,26.45,91.11,19.06,100.18,4.74,54.2,14.86,36.58,0.95,0.99,53.19
2020-11-12,CAM RANH,12.25,109.2,2.71,25.36,26.52,24.14,22.98,25.85,86.58,17.62,100.2,9.32,15.8,11.17,36.68,0.94,0.98,98.04
2020-11-13,CAM RANH,12.25,109.2,1.45,24.69,26.38,23.22,21.1,25.37,80.38,15.74,100.0,8.32,343.1,15.49,35.26,0.93,0.97,94.69
2020-11-14,CAM RANH,12.25,109.2,0.25,26.18,28.36,24.36,22.8,26.52,81.88,17.48,99.91,4.01,169.9,15.25,36.31,0.93,0.97,93.46
2020-11-15,CAM RANH,12.25,109.2,2.81,26.19,27.65,25.22,24.21,26.82,89.0,18.97,100.18,3.42,49.1,16.09,36.16,0.92,0.96,51.38
2020-11-16,CAM RANH,12.25,109.2,1.71,25.69,26.6,25.06,24.16,26.08,91.21,18.92,100.17,5.49,18.5,16.59,36.36,0.92,0.96,49.25
2020-11-17,CAM RANH,12.25,109.2,0.32,25.78,26.95,24.91,24.09,26.33,90.36,18.85,100.07,5.3,14.5,16.32,35.92,0.91,0.95,34.62
2020-11-18,CAM RANH,12.25,109.2,0.19,25.76,26.98,24.93,23.97,26.43,89.84,18.72,100.03,4.52,17.8,20.47,34.83,0.91,0.95,14.71
2020-11-19,CAM RANH,12.25,109.2,0.13,25.55,26.64,24.76,23.63,26.37,89.11,18.35,100.02,4.16,16.9,20.13,35.83,0.91,0.94,28.99
2020-11-20,CAM RANH,12.25,109.2,0.37,25.83,27.23,25.0,23.65,26.45,87.82,18.36,100.07,4.77,16.9,18.08,36.11,0.9,0.94,34.61
2020-11-21,CAM RANH,12.25,109.2,0.17,25.89,27.09,24.97,23.52,26.46,86.76,18.19,100.17,4.68,28.3,18.29,35.62,0.9,0.93,37.76
2020-11-22,CAM RANH,12.25,109.2,0.21,25.86,26.99,25.08,23.17,26.26,85.1,17.79,100.27,6.64,18.9,18.67,35.91,0.89,0.92,41.6
2020-11-23,CAM RANH,12.25,109.2,0.61,25.88,27.28,24.89,23.36,26.21,86.03,17.99,100.28,6.63,20.7,17.63,35.5,0.88,0.92,32.76
2020-11-24,CAM RANH,12.25,109.2,1.24,25.93,26.95,25.18,23.49,26.21,86.4,18.14,100.25,7.16,27.6,12.08,36.11,0.88,0.91,66.62
2020-11-25,CAM RANH,12.25,109.2,0.54,25.82,27.14,24.86,23.28,26.05,85.91,17.92,100.25,7.04,27.5,15.51,35.76,0.87,0.9,92.75
2020-11-26,CAM RANH,12.25,109.2,1.04,25.86,26.84,25.19,23.51,26.18,86.91,18.16,100.3,7.87,20.6,16.55,35.8,0.87,0.89,84.85
2020-11-27,CAM RANH,12.25,109.2,10.31,25.79,27.01,25.05,23.66,26.17,88.11,18.33,100.28,9.09,16.5,12.11,36.49,0.88,0.89,86.23
2020-11-28,CAM RANH,12.25,109.2,64.73,25.54,26.08,25.14,24.4,25.7,93.35,19.2,100.18,8.95,25.2,2.67,36.43,0.98,0.93,99.4
2020-11-29,CAM RANH,12.25,109.2,58.96,25.5,26.06,25.18,24.14,25.71,92.07,18.88,100.22,9.13,35.7,2.39,36.52,0.98,0.98,99.42
2020-11-30,CAM RANH,12.25,109.2,68.2,25.55,25.94,25.31,24.2,25.62,92.14,18.94,100.25,8.75,41.1,2.65,36.4,0.99,1.0,97.76
2020-12-01,CAM RANH,12.25,109.2,9.34,25.34,26.13,24.8,23.13,25.31,87.49,17.74,100.32,8.41,34.7,10.96,36.18,0.96,0.99,72.79
2020-12-02,CAM RANH,12.25,109.2,0.95,24.71,26.08,23.72,21.65,25.0,83.05,16.21,100.35,9.89,18.7,11.99,35.72,0.94,0.99,72.77
2020-12-03,CAM RANH,12.25,109.2,0.79,24.07,25.34,22.88,20.2,24.65,79.04,14.81,100.37,10.93,10.6,17.98,34.21,0.94,0.98,31.68
2020-12-04,CAM RANH,12.25,109.2,2.32,23.77,24.68,23.19,21.01,24.65,84.54,15.57,100.34,10.84,12.5,12.58,35.27,0.93,0.97,90.01
2020-12-05,CAM RANH,12.25,109.2,3.19,23.93,24.7,23.53,21.37,24.69,85.56,15.91,100.36,10.91,7.8,8.02,35.79,0.93,0.97,84.31
2020-12-06,CAM RANH,12.25,109.2,3.93,24.41,25.27,23.8,22.38,24.92,88.5,16.95,100.32,10.11,4.8,7.69,35.99,0.93,0.97,99.13
2020-12-07,CAM RANH,12.25,109.2,4.19,24.68,25.35,24.17,23.0,24.89,90.3,17.6,100.33,10.13,16.0,2.34,35.86,0.93,0.97,99.38
2020-12-08,CAM RANH,12.25,109.2,2.06,24.0,25.28,23.17,21.71,24.63,87.0,16.28,100.24,11.19,359.4,4.97,35.57,0.92,0.96,99.1
2020-12-09,CAM RANH,12.25,109.2,2.91,23.58,24.82,22.66,21.22,24.44,86.69,15.82,100.12,9.58,348.0,8.17,35.75,0.92,0.96,96.08
2020-12-10,CAM RANH,12.25,109.2,2.67,24.5,25.18,23.54,23.12,24.84,92.03,17.78,100.12,6.84,353.0,9.44,36.31,0.92,0.96,77.06
2020-12-11,CAM RANH,12.25,109.2,0.92,25.16,26.33,24.47,23.86,25.38,92.55,18.59,100.12,4.78,13.0,10.51,36.32,0.91,0.95,88.98
2020-12-12,CAM RANH,12.25,109.2,0.93,24.97,25.93,24.26,23.82,25.14,93.33,18.56,100.01,5.06,12.4,13.88,35.85,0.91,0.95,70.11
2020-12-13,CAM RANH,12.25,109.2,0.96,25.35,26.55,24.58,24.05,25.54,92.52,18.82,100.01,3.8,15.8,17.76,35.57,0.91,0.95,47.9
2020-12-14,CAM RANH,12.25,109.2,1.96,25.37,26.5,24.72,24.03,25.59,92.24,18.77,100.17,4.49,19.3,14.37,36.08,0.91,0.94,88.67
2020-12-15,CAM RANH,12.25,109.2,5.57,25.25,26.37,24.51,23.74,25.29,91.3,18.41,100.33,7.59,22.3,11.08,36.64,0.91,0.94,91.68
2020-12-16,CAM RANH,12.25,109.2,18.02,24.8,25.67,24.29,23.29,24.9,91.27,17.92,100.32,9.99,22.5,5.25,36.38,0.94,0.95,96.33
2020-12-17,CAM RANH,12.25,109.2,6.2,24.72,25.62,24.16,22.86,24.96,89.39,17.47,100.25,10.07,19.5,9.25,36.35,0.92,0.95,98.39
2020-12-18,CAM RANH,12.25,109.2,5.35,24.66,25.79,23.88,22.76,24.94,89.1,17.35,100.28,11.05,16.1,8.8,36.26,0.92,0.95,98.53
2020-12-19,CAM RANH,12.25,109.2,3.5,23.57,25.06,22.32,21.08,24.34,85.93,15.65,100.37,13.05,6.8,7.53,35.27,0.91,0.95,99.7
2020-12-20,CAM RANH,12.25,109.2,3.33,22.92,23.59,22.54,20.52,23.91,86.37,15.11,100.31,13.54,0.9,4.85,34.61,0.91,0.95,99.56
2020-12-21,CAM RANH,12.25,109.2,4.41,22.72,23.6,22.06,20.46,23.73,87.15,15.1,100.11,13.92,356.1,6.12,35.12,0.91,0.94,99.68
2020-12-22,CAM RANH,12.25,109.2,15.24,23.88,24.61,22.91,22.51,24.22,92.09,17.16,100.01,9.59,1.8,4.97,35.85,0.93,0.95,99.05
2020-12-23,CAM RANH,12.25,109.2,8.88,24.89,25.79,24.16,23.91,24.79,94.26,18.66,100.01,5.43,23.9,4.3,36.71,0.93,0.96,99.77
2020-12-24,CAM RANH,12.25,109.2,2.8,24.81,25.86,24.12,23.55,25.05,92.67,18.23,100.12,5.76,22.0,8.24,36.68,0.91,0.95,99.09
2020-12-25,CAM RANH,12.25,109.2,3.49,24.51,25.76,23.52,22.99,24.68,91.18,17.61,100.22,6.65,23.5,5.45,36.35,0.92,0.95,96.78
2020-12-26,CAM RANH,12.25,109.2,0.88,24.26,25.66,23.17,22.64,24.55,90.69,17.23,100.22,5.86,14.9,13.98,35.51,0.91,0.94,79.11
2020-12-27,CAM RANH,12.25,109.2,0.45,24.22,25.81,23.11,21.83,24.53,86.56,16.41,100.16,6.45,4.5,16.67,34.44,0.9,0.94,88.15
2020-12-28,CAM RANH,12.25,109.2,0.41,23.76,25.16,22.45,21.08,24.05,85.0,15.68,100.1,6.62,353.6,14.39,34.3,0.9,0.93,87.38
2020-12-29,CAM RANH,12.25,109.2,1.03,24.35,25.91,23.41,22.06,24.63,87.21,16.65,100.14,8.07,358.5,18.47,34.13,0.9,0.93,81.93
2020-12-30,CAM RANH,12.25,109.2,2.95,23.78,25.22,22.68,20.72,23.91,82.92,15.3,100.4,11.82,19.6,8.37,35.17,0.89,0.92,99.49
2020-12-31,CAM RANH,12.25,109.2,4.46,22.67,23.6,22.21,19.68,23.31,83.15,14.31,100.5,11.85,17.8,5.34,34.98,0.9,0.93,99.66
2021-01-01,CAM RANH,12.25,109.2,2.28,22.41,23.25,21.88,19.71,23.38,84.71,14.34,100.49,11.34,12.5,6.64,34.88,0.89,0.92,97.08
2021-01-02,CAM RANH,12.25,109.2,2.08,23.02,23.77,22.63,20.68,23.77,86.62,15.24,100.41,10.05,14.4,7.78,35.4,0.89,0.92,95.29
2021-01-03,CAM RANH,12.25,109.2,0.92,23.79,24.73,23.25,21.81,24.25,88.73,16.36,100.36,8.64,14.6,8.21,36.0,0.88,0.91,98.83
2021-01-04,CAM RANH,12.25,109.2,2.22,24.34,25.45,23.74,22.85,24.5,91.4,17.44,100.31,8.49,25.0,6.73,36.24,0.88,0.91,94.76
2021-01-05,CAM RANH,12.25,109.2,1.47,24.3,25.26,23.64,22.75,24.52,91.05,17.33,100.32,8.34,22.8,8.84,35.97,0.88,0.9,96.95
2021-01-06,CAM RANH,12.25,109.2,2.01,24.01,25.11,23.27,22.13,24.31,89.17,16.69,100.22,8.05,28.7,8.47,35.49,0.87,0.9,95.37
2021-01-07,CAM RANH,12.25,109.2,1.36,23.67,24.87,22.91,21.57,23.84,87.98,16.13,100.25,8.58,19.8,13.74,35.03,0.87,0.9,64.1
2021-01-08,CAM RANH,12.25,109.2,1.88,23.28,24.77,22.2,20.55,23.69,84.63,15.13,100.38,10.62,22.2,16.29,34.61,0.87,0.89,78.5
2021-01-09,CAM RANH,12.25,109.2,1.1,22.75,23.65,22.15,19.63,23.25,82.54,14.27,100.43,10.37,21.7,12.88,34.63,0.86,0.89,86.68
2021-01-10,CAM RANH,12.25,109.2,0.87,22.88,23.98,22.29,19.94,23.39,83.5,14.55,100.44,9.26,19.1,11.37,35.35,0.86,0.88,90.39
2021-01-11,CAM RANH,12.25,109.2,2.24,21.76,23.87,20.42,18.74,22.94,82.93,13.49,100.65,12.93,9.3,11.05,35.0,0.86,0.87,95.15
2021-01-12,CAM RANH,12.25,109.2,1.27,20.09,21.42,19.49,16.7,22.09,80.99,11.86,100.62,11.89,5.9,8.07,34.55,0.85,0.87,97.61
2021-01-13,CAM RANH,12.25,109.2,0.14,21.23,22.21,20.36,17.63,22.4,79.98,12.59,100.44,8.09,10.4,13.93,33.52,0.85,0.86,59.36
2021-01-14,CAM RANH,12.25,109.2,0.05,21.89,23.43,20.83,18.43,22.73,80.9,13.25,100.36,6.32,7.9,14.07,32.99,0.84,0.85,80.14
2021-01-15,CAM RANH,12.25,109.2,0.13,22.52,24.14,21.53,19.67,22.86,84.05,14.34,100.23,5.87,9.7,17.58,33.06,0.84,0.85,32.62
2021-01-16,CAM RANH,12.25,109.2,0.04,22.87,24.42,21.92,19.13,23.08,79.46,13.84,100.3,7.38,14.8,17.7,33.16,0.83,0.84,79.22
2021-01-17,CAM RANH,12.25,109.2,0.53,22.66,24.09,21.52,18.7,22.93,78.36,13.45,100.55,11.06,15.5,17.1,33.52,0.82,0.83,69.69
2021-01-18,CAM RANH,12.25,109.2,1.43,21.65,22.82,20.93,18.03,22.32,80.02,12.9,100.5,10.8,11.7,14.94,34.3,0.83,0.83,81.51
2021-01-19,CAM RANH,12.25,109.2,1.12,21.94,23.09,21.19,19.34,22.65,85.33,14.03,100.37,8.24,3.4,7.29,34.84,0.83,0.83,92.07
2021-01-20,CAM RANH,12.25,109.2,0.32,22.93,24.51,21.86,20.8,23.38,87.91,15.38,100.25,6.76,359.2,12.61,34.89,0.82,0.82,83.3
2021-01-21,CAM RANH,12.25,109.2,0.35,23.2,24.74,22.18,21.43,23.55,89.9,16.01,100.16,6.22,356.8,12.81,34.73,0.81,0.81,96.01
2021-01-22,CAM RANH,12.25,109.2,0.48,23.45,25.28,22.36,21.56,23.76,89.24,16.14,100.15,6.83,5.2,16.39,34.98,0.81,0.81,73.57
2021-01-23,CAM RANH,12.25,109.2,0.11,22.9,24.44,22.0,20.76,23.61,87.76,15.33,100.28,6.27,13.9,15.17,34.48,0.8,0.8,47.51
2021-01-24,CAM RANH,12.25,109.2,0.05,22.86,24.53,21.74,19.93,23.6,83.59,14.56,100.33,5.81,14.6,18.23,33.52,0.8,0.8,45.4
2021-01-25,CAM RANH,12.25,109.2,0.2,23.18,24.76,22.29,20.11,23.78,82.97,14.72,100.29,6.67,8.3,19.66,33.73,0.79,0.79,70.9
2021-01-26,CAM RANH,12.25,109.2,0.69,23.35,24.72,22.61,21.24,23.79,88.04,15.81,100.25,7.59,4.2,17.94,34.95,0.79,0.78,65.11
2021-01-27,CAM RANH,12.25,109.2,0.41,23.32,24.84,22.21,21.37,23.7,88.76,15.93,100.31,7.11,13.9,6.9,35.68,0.79,0.78,80.7
2021-01-28,CAM RANH,12.25,109.2,0.37,23.23,24.49,22.34,19.86,23.44,81.39,14.46,100.52,9.57,13.9,14.61,34.25,0.78,0.77,84.01
2021-01-29,CAM RANH,12.25,109.2,0.13,23.02,24.48,21.77,18.96,23.26,77.98,13.67,100.53,9.32,17.8,15.91,33.31,0.77,0.77,95.27
2021-01-30,CAM RANH,12.25,109.2,0.51,23.22,24.74,22.53,20.7,23.59,85.77,15.25,100.46,7.81,18.8,15.72,33.98,0.77,0.76,98.97
2021-01-31,CAM RANH,12.25,109.2,0.25,23.41,24.57,22.54,20.77,23.75,85.06,15.31,100.51,6.88,26.5,12.42,34.93,0.76,0.76,98.12
2021-02-01,CAM RANH,12.25,109.2,0.13,23.12,25.01,21.89,19.99,23.67,82.77,14.58,100.51,7.35,10.6,18.13,33.61,0.75,0.75,84.23
2021-02-02,CAM RANH,12.25,109.2,0.52,23.43,24.98,22.55,20.86,23.91,85.65,15.4,100.51,7.81,15.0,15.34,34.34,0.75,0.74,94.21
2021-02-03,CAM RANH,12.25,109.2,0.41,23.39,25.01,22.41,20.81,23.86,85.58,15.35,100.52,8.15,19.8,15.52,34.59,0.74,0.74,87.13
2021-02-04,CAM RANH,12.25,109.2,0.34,23.37,25.04,22.27,20.89,23.92,86.08,15.43,100.51,7.57,16.4,15.1,35.06,0.73,0.73,88.24
2021-02-05,CAM RANH,12.25,109.2,0.16,23.47,25.18,22.33,20.38,23.95,82.9,14.95,100.44,7.52,12.1,19.6,33.5,0.72,0.73,34.94
2021-02-06,CAM RANH,12.25,109.2,0.45,23.49,25.0,22.63,21.0,24.1,86.07,15.56,100.32,7.52,10.2,18.75,35.19,0.72,0.72,78.75
2021-02-07,CAM RANH,12.25,109.2,0.27,24.02,25.72,23.06,21.47,24.53,85.82,16.02,100.29,6.54,10.6,16.7,35.33,0.7,0.72,92.83
2021-02-08,CAM RANH,12.25,109.2,0.23,24.06,25.59,23.11,22.08,24.48,88.88,16.65,100.23,6.33,11.9,16.35,34.99,0.7,0.71,92.49
2021-02-09,CAM RANH,12.25,109.2,0.23,24.41,26.1,23.02,22.56,24.96,89.58,17.18,100.1,4.54,13.4,19.44,35.57,0.69,0.71,59.92
2021-02-10,CAM RANH,12.25,109.2,0.27,23.32,25.39,21.64,19.99,24.33,81.72,14.64,100.18,7.71,9.1,14.79,36.1,0.68,0.7,83.63
2021-02-11,CAM RANH,12.25,109.2,0.17,22.42,24.21,21.25,18.24,23.73,77.36,13.08,100.36,7.69,12.0,16.13,34.75,0.67,0.69,75.16
2021-02-12,CAM RANH,12.25,109.2,0.15,22.06,24.2,20.4,18.05,23.4,78.12,12.91,100.47,7.55,15.0,18.83,33.28,0.66,0.69,43.38
2021-02-13,CAM RANH,12.25,109.2,0.18,22.09,24.02,20.79,18.07,23.52,78.17,12.92,100.51,6.57,16.2,23.19,31.68,0.65,0.68,28.95
2021-02-14,CAM RANH,12.25,109.2,0.08,22.2,24.04,21.04,18.19,23.4,78.25,13.03,100.45,6.46,13.0,21.26,31.35,0.65,0.68,28.35
2021-02-15,CAM RANH,12.25,109.2,0.0,22.4,24.56,20.91,18.38,23.61,78.14,13.2,100.35,5.09,24.5,22.99,30.89,0.64,0.67,6.54
2021-02-16,CAM RANH,12.25,109.2,0.02,22.62,24.39,21.51,18.99,23.92,80.24,13.72,100.39,4.91,22.0,23.88,31.12,0.63,0.67,8.94
2021-02-17,CAM RANH,12.25,109.2,0.05,23.18,24.47,22.22,19.16,23.91,78.09,13.84,100.59,8.38,21.0,21.73,32.65,0.62,0.66,22.96
2021-02-18,CAM RANH,12.25,109.2,0.3,23.43,24.79,22.61,20.03,24.01,81.46,14.61,100.71,9.84,22.1,19.44,34.35,0.62,0.66,60.1
2021-02-19,CAM RANH,12.25,109.2,0.06,23.37,24.92,22.28,19.15,23.92,77.22,13.81,100.7,9.5,26.4,20.38,33.06,0.61,0.65,32.97
2021-02-20,CAM RANH,12.25,109.2,0.06,23.12,24.62,21.71,18.59,23.89,75.74,13.35,100.58,7.81,24.2,18.84,33.6,0.6,0.65,47.89
2021-02-21,CAM RANH,12.25,109.2,0.01,23.07,24.8,21.58,17.7,23.92,71.81,12.63,100.45,5.75,24.6,20.39,31.87,0.59,0.64,27.01
2021-02-22,CAM RANH,12.25,109.2,0.01,23.07,25.26,21.63,18.22,24.2,74.59,13.07,100.36,5.46,15.3,23.91,31.75,0.59,0.64,23.02
2021-02-23,CAM RANH,12.25,109.2,0.02,23.23,25.25,21.94,19.01,24.31,77.36,13.76,100.23,6.94,9.4,23.94,31.99,0.58,0.63,10.55
2021-02-24,CAM RANH,12.25,109.2,0.03,23.3,25.65,21.49,19.39,24.35,79.06,14.11,100.09,4.76,13.4,24.22,31.73,0.58,0.63,13.17
2021-02-25,CAM RANH,12.25,109.2,0.0,23.94,26.54,22.42,20.48,25.18,81.15,15.13,99.89,2.84,62.6,23.73,32.79,0.57,0.62,7.87
2021-02-26,CAM RANH,12.25,109.2,0.01,24.28,26.5,22.81,21.31,25.62,83.68,15.93,99.86,3.17,145.2,22.26,33.64,0.56,0.62,3.4
2021-02-27,CAM RANH,12.25,109.2,0.08,25.09,26.51,24.17,22.34,26.15,84.96,16.96,100.03,2.54,78.3,22.83,34.2,0.56,0.61,23.02
2021-02-28,CAM RANH,12.25,109.2,0.19,25.56,27.14,24.43,22.92,26.68,85.47,17.53,100.19,2.75,76.4,17.07,36.12,0.55,0.61,43.39
2021-03-01,CAM RANH,12.25,109.2,0.03,25.85,27.6,24.52,22.76,27.01,83.34,17.34,100.37,2.55,65.9,23.04,35.25,0.55,0.6,17.78
2021-03-02,CAM RANH,12.25,109.2,0.04,25.66,27.34,24.42,22.53,26.71,82.94,17.09,100.37,5.27,33.8,19.4,35.63,0.54,0.6,50.17
2021-03-03,CAM RANH,12.25,109.2,0.09,25.49,27.09,24.08,22.4,26.46,83.19,16.94,100.42,5.53,28.2,17.07,36.12,0.54,0.59,63.52
2021-03-04,CAM RANH,12.25,109.2,0.04,25.32,27.26,23.82,22.46,26.56,84.27,17.0,100.44,3.87,39.8,22.38,34.38,0.53,0.59,15.47
2021-03-05,CAM RANH,12.25,109.2,0.0,25.93,27.41,24.67,21.08,26.82,74.58,15.62,100.42,2.18,87.5,24.69,33.4,0.53,0.58,6.21
2021-03-06,CAM RANH,12.25,109.2,0.02,25.92,28.09,24.43,21.96,27.14,79.25,16.51,100.38,2.55,84.7,25.22,33.34,0.52,0.58,14.26
2021-03-07,CAM RANH,12.25,109.2,0.16,25.97,27.59,24.66,22.19,27.04,79.69,16.73,100.44,4.81,43.4,23.21,34.54,0.52,0.57,22.77
2021-03-08,CAM RANH,12.25,109.2,0.12,25.7,27.29,24.66,22.01,26.82,80.18,16.54,100.46,6.0,27.8,22.33,34.7,0.51,0.57,23.05
2021-03-09,CAM RANH,12.25,109.2,0.13,25.72,27.38,24.42,22.06,26.74,80.45,16.59,100.46,6.18,27.0,21.56,34.76,0.51,0.57,37.86
2021-03-10,CAM RANH,12.25,109.2,0.15,25.79,27.25,24.75,22.32,27.03,81.28,16.86,100.43,6.01,28.2,21.96,35.19,0.51,0.56,29.69
2021-03-11,CAM RANH,12.25,109.2,0.06,26.03,27.52,24.78,21.93,26.97,78.21,16.46,100.45,6.35,29.7,21.83,35.26,0.5,0.56,36.12
2021-03-12,CAM RANH,12.25,109.2,0.03,25.69,27.45,24.58,21.51,26.55,77.81,16.04,100.46,7.16,16.0,22.85,34.39,0.5,0.55,48.08
2021-03-13,CAM RANH,12.25,109.2,0.42,25.69,27.74,24.27,21.41,26.67,77.54,15.95,100.36,7.38,13.6,24.17,34.13,0.5,0.55,17.57
2021-03-14,CAM RANH,12.25,109.2,0.2,25.46,27.25,24.02,20.98,26.48,76.42,15.55,100.25,6.25,22.4,23.29,34.15,0.5,0.55,29.9
2021-03-15,CAM RANH,12.25,109.2,0.02,25.59,27.8,24.0,20.8,26.79,75.12,15.39,100.15,4.14,33.9,23.1,33.55,0.49,0.54,20.95
2021-03-16,CAM RANH,12.25,109.2,0.03,25.1,27.52,23.47,20.62,26.9,76.53,15.22,100.12,3.33,35.4,24.64,32.83,0.49,0.54,7.99
2021-03-17,CAM RANH,12.25,109.2,0.01,25.55,27.7,24.25,20.5,27.28,74.33,15.16,100.08,3.37,32.8,25.02,33.36,0.48,0.53,4.91
2021-03-18,CAM RANH,12.25,109.2,0.0,26.77,28.48,25.69,22.27,27.93,76.43,16.87,100.01,3.79,39.0,24.45,34.89,0.48,0.53,14.39
2021-03-19,CAM RANH,12.25,109.2,0.03,27.15,29.15,25.69,22.43,28.32,75.59,17.06,99.92,3.04,62.0,23.43,35.36,0.47,0.53,21.13
2021-03-20,CAM RANH,12.25,109.2,0.05,27.09,28.96,25.56,22.56,28.33,76.49,17.22,99.85,2.64,76.5,22.42,35.46,0.47,0.52,59.21
2021-03-21,CAM RANH,12.25,109.2,0.09,26.84,28.74,25.57,22.68,28.1,78.0,17.3,100.11,6.68,34.6,21.32,35.82,0.47,0.52,57.01
2021-03-22,CAM RANH,12.25,109.2,3.88,26.45,28.21,25.14,22.56,27.52,79.35,17.12,100.35,10.25,26.2,20.48,36.44,0.5,0.52,65.64
2021-03-23,CAM RANH,12.25,109.2,7.62,25.73,26.96,24.83,22.86,26.76,84.3,17.46,100.31,9.18,19.6,12.16,36.86,0.57,0.53,95.56
2021-03-24,CAM RANH,12.25,109.2,3.75,26.01,27.43,25.0,23.23,26.98,84.7,17.88,100.14,6.91,31.5,9.91,37.33,0.55,0.53,97.01
2021-03-25,CAM RANH,12.25,109.2,1.36,26.42,28.25,25.08,23.11,27.33,82.25,17.75,100.13,5.57,34.0,20.05,36.11,0.5,0.53,64.8
2021-03-26,CAM RANH,12.25,109.2,0.7,26.89,28.45,25.68,22.73,27.74,78.0,17.35,100.1,4.24,46.1,22.65,35.73,0.49,0.53,33.58
2021-03-27,CAM RANH,12.25,109.2,0.03,26.86,28.78,24.99,22.41,28.01,76.71,17.03,99.97,2.68,78.1,24.56,34.62,0.47,0.52,18.73
2021-03-28,CAM RANH,12.25,109.2,0.06,26.68,28.73,25.23,23.08,28.1,81.03,17.77,99.92,2.33,129.4,26.41,33.62,0.47,0.52,6.29
2021-03-29,CAM RANH,12.25,109.2,0.0,26.34,28.74,24.47,22.65,28.04,80.46,17.33,99.79,3.73,156.7,26.32,33.71,0.46,0.51,6.07
2021-03-30,CAM RANH,12.25,109.2,0.0,26.52,28.99,24.73,22.6,27.85,79.65,17.3,99.67,4.8,172.5,25.32,35.3,0.46,0.51,5.96
2021-03-31,CAM RANH,12.25,109.2,0.0,26.79,29.12,25.19,23.43,27.92,82.35,18.21,99.63,5.59,168.5,23.23,35.68,0.46,0.51,19.72
2021-04-01,CAM RANH,12.25,109.2,0.01,27.02,29.35,25.29,23.73,28.18,82.57,18.51,99.7,4.91,170.5,23.09,36.13,0.46,0.5,9.6
2021-04-02,CAM RANH,12.25,109.2,0.06,27.18,29.38,25.62,23.75,28.6,81.68,18.5,99.86,3.42,152.3,22.39,36.7,0.45,0.5,22.1
2021-04-03,CAM RANH,12.25,109.2,0.24,27.65,29.38,26.44,23.37,29.09,77.67,18.08,99.91,3.63,80.2,24.27,36.46,0.45,0.49,29.28
2021-04-04,CAM RANH,12.25,109.2,0.13,27.24,29.22,25.56,22.9,28.57,77.44,17.54,100.1,5.76,38.9,21.98,36.18,0.44,0.49,53.01
2021-04-05,CAM RANH,12.25,109.2,0.28,26.91,28.4,26.01,23.16,28.18,80.08,17.79,100.22,5.85,32.4,22.56,35.73,0.44,0.49,84.37
2021-04-06,CAM RANH,12.25,109.2,4.3,27.14,28.51,26.12,23.15,28.23,78.91,17.77,100.27,5.83,36.1,19.34,35.83,0.5,0.49,42.96
2021-04-07,CAM RANH,12.25,109.2,2.64,27.22,28.95,25.94,22.86,28.2,77.18,17.47,100.14,5.03,30.9,21.24,36.08,0.5,0.49,41.42
2021-04-08,CAM RANH,12.25,109.2,0.77,27.18,29.24,25.67,22.49,28.43,75.85,17.1,100.06,4.63,29.6,20.67,36.46,0.46,0.49,69.38
2021-04-09,CAM RANH,12.25,109.2,3.32,26.99,28.87,25.89,23.02,28.4,79.19,17.66,100.14,5.72,28.4,22.24,36.55,0.47,0.49,54.71
2021-04-10,CAM RANH,12.25,109.2,13.25,27.08,28.38,26.19,23.71,28.05,81.84,18.39,100.29,5.82,45.8,18.18,37.1,0.6,0.5,59.0
2021-04-11,CAM RANH,12.25,109.2,6.92,27.21,28.74,26.04,23.6,28.22,80.81,18.24,100.38,5.3,44.8,16.9,37.09,0.57,0.52,89.92
2021-04-12,CAM RANH,12.25,109.2,4.53,26.92,28.4,25.68,23.6,28.46,82.07,18.25,100.31,3.95,53.5,19.57,36.73,0.53,0.52,44.65
2021-04-13,CAM RANH,12.25,109.2,0.46,26.93,29.01,25.41,22.34,28.76,76.1,16.91,100.21,2.83,65.0,25.33,35.98,0.48,0.52,28.67
2021-04-14,CAM RANH,12.25,109.2,0.11,26.63,28.71,25.33,22.19,28.77,77.0,16.79,100.11,2.59,131.7,24.54,36.4,0.46,0.51,32.98
2021-04-15,CAM RANH,12.25,109.2,0.05,27.13,29.21,25.84,22.94,29.08,78.07,17.58,100.04,3.53,144.9,22.51,36.84,0.46,0.51,35.64
2021-04-16,CAM RANH,12.25,109.2,0.01,27.02,29.13,25.33,21.98,28.93,74.11,16.56,100.12,3.2,147.1,25.76,35.47,0.45,0.5,42.14
2021-04-17,CAM RANH,12.25,109.2,0.16,27.66,30.13,26.01,21.74,29.65,70.85,16.33,100.23,3.14,53.0,23.66,36.2,0.44,0.5,67.64
2021-04-18,CAM RANH,12.25,109.2,0.09,27.44,29.4,25.95,21.95,29.02,72.39,16.55,100.1,3.11,35.1,25.07,35.17,0.44,0.49,75.63
2021-04-19,CAM RANH,12.25,109.2,0.79,27.76,29.59,26.73,22.96,29.65,75.37,17.62,99.98,2.85,131.6,22.95,36.84,0.43,0.49,85.73
2021-04-20,CAM RANH,12.25,109.2,17.7,28.46,30.8,27.03,24.27,29.66,78.74,19.13,99.92,2.16,154.7,22.06,37.28,0.57,0.5,82.13
2021-04-21,CAM RANH,12.25,109.2,34.73,27.54,28.46,26.92,25.3,28.19,87.63,20.31,99.95,3.66,100.2,14.68,37.64,0.73,0.55,93.58
2021-04-22,CAM RANH,12.25,109.2,2.05,27.2,27.68,26.57,24.09,28.14,83.1,18.89,99.88,2.68,128.9,22.0,37.25,0.59,0.58,60.78
2021-04-23,CAM RANH,12.25,109.2,1.26,28.39,30.01,26.89,24.57,29.65,80.02,19.48,99.79,2.94,168.5,23.49,37.74,0.53,0.58,40.55
2021-04-24,CAM RANH,12.25,109.2,1.1,28.81,30.86,27.06,24.34,29.74,77.26,19.2,99.83,3.19,170.6,24.49,37.3,0.52,0.57,32.52
2021-04-25,CAM RANH,12.25,109.2,3.05,28.54,30.23,27.25,25.05,29.06,81.73,20.03,99.9,2.05,158.4,24.69,37.78,0.54,0.57,44.48
2021-04-26,CAM RANH,12.25,109.2,12.32,27.68,28.51,26.92,25.15,28.07,86.07,20.13,99.97,3.66,134.4,23.14,37.03,0.64,0.58,69.25
2021-04-27,CAM RANH,12.25,109.2,1.7,27.52,28.72,26.53,23.19,28.61,77.25,17.82,100.21,3.0,98.2,21.62,35.89,0.56,0.58,99.02
2021-04-28,CAM RANH,12.25,109.2,0.68,27.16,28.81,25.62,23.07,28.69,78.45,17.67,100.26,3.27,53.1,22.17,36.41,0.53,0.58,63.49
2021-04-29,CAM RANH,12.25,109.2,10.07,27.5,28.98,26.5,23.59,29.09,79.36,18.27,100.18,3.96,45.8,23.58,36.28,0.58,0.58,35.88
2021-04-30,CAM RANH,12.25,109.2,3.86,27.71,28.78,27.08,24.01,28.73,80.3,18.75,100.12,3.27,72.2,23.09,37.4,0.58,0.59,60.45
2021-05-01,CAM RANH,12.25,109.2,1.0,27.89,28.79,27.06,24.01,28.73,79.47,18.74,100.17,2.81,87.1,24.84,36.33,0.56,0.59,18.76
2021-05-02,CAM RANH,12.25,109.2,0.43,28.11,30.09,26.66,23.52,29.58,76.42,18.21,100.09,2.88,80.5,25.45,36.41,0.53,0.58,31.12
2021-05-03,CAM RANH,12.25,109.2,0.97,28.72,30.19,27.84,24.21,29.88,76.93,19.03,99.96,2.53,77.1,25.02,36.63,0.53,0.58,34.19
2021-05-04,CAM RANH,12.25,109.2,3.08,28.54,30.04,27.59,24.78,29.4,80.32,19.71,99.92,2.71,56.6,24.18,37.36,0.56,0.58,46.64
2021-05-05,CAM RANH,12.25,109.2,30.96,28.61,29.35,28.04,25.88,28.8,85.24,21.04,99.93,4.93,62.2,20.92,37.64,0.7,0.61,96.75
2021-05-06,CAM RANH,12.25,109.2,26.84,27.56,29.29,26.25,24.55,28.48,83.67,19.38,100.19,5.47,37.6,21.31,36.84,0.75,0.66,90.26
2021-05-07,CAM RANH,12.25,109.2,17.91,28.41,29.96,27.48,24.92,29.36,81.52,19.82,100.1,4.82,25.7,19.92,36.6,0.71,0.67,97.37
2021-05-08,CAM RANH,12.25,109.2,1.12,27.92,29.0,27.08,24.03,28.72,79.4,18.81,99.97,2.64,45.2,22.52,36.74,0.68,0.68,95.47
2021-05-09,CAM RANH,12.25,109.2,1.13,28.43,29.93,27.43,24.34,29.48,78.67,19.18,99.88,2.61,133.5,24.73,35.99,0.66,0.68,21.45
2021-05-10,CAM RANH,12.25,109.2,0.79,28.45,29.92,27.12,24.61,29.71,79.9,19.49,99.9,3.39,161.1,25.7,36.33,0.64,0.67,20.75
2021-05-11,CAM RANH,12.25,109.2,0.19,28.67,30.23,27.49,24.87,29.94,80.11,19.82,99.82,3.77,162.0,25.76,37.11,0.63,0.66,37.97
2021-05-12,CAM RANH,12.25,109.2,1.46,28.66,30.4,27.09,24.34,29.79,77.73,19.22,99.75,3.75,167.5,22.87,37.25,0.63,0.66,57.33
2021-05-13,CAM RANH,12.25,109.2,0.8,28.91,30.63,27.96,24.79,30.36,78.72,19.75,99.74,2.84,135.7,21.69,37.53,0.62,0.65,78.8
2021-05-14,CAM RANH,12.25,109.2,1.47,28.85,29.61,28.23,25.41,29.91,81.73,20.49,99.78,2.58,140.1,22.86,37.33,0.63,0.65,82.91
2021-05-15,CAM RANH,12.25,109.2,1.26,29.38,30.82,28.48,25.27,30.54,78.67,20.31,99.8,2.28,116.0,25.3,37.0,0.62,0.65,20.69
2021-05-16,CAM RANH,12.25,109.2,8.24,29.01,29.72,28.46,25.74,29.98,82.55,20.88,99.8,2.59,98.1,22.8,38.0,0.67,0.65,57.79
2021-05-17,CAM RANH,12.25,109.2,10.03,28.69,29.74,27.88,25.71,29.91,83.98,20.84,99.88,3.59,138.8,23.91,37.46,0.7,0.66,49.86
2021-05-18,CAM RANH,12.25,109.2,3.89,28.62,29.27,28.04,25.41,29.61,82.8,20.46,99.88,2.67,170.1,23.94,37.57,0.68,0.67,64.78
2021-05-19,CAM RANH,12.25,109.2,2.88,29.18,30.26,28.15,25.19,29.95,79.17,20.22,99.81,4.02,174.6,24.82,37.38,0.67,0.67,52.92
2021-05-20,CAM RANH,12.25,109.2,1.05,29.23,30.82,27.77,24.87,29.95,77.6,19.82,99.85,4.82,181.1,25.07,37.08,0.65,0.67,69.91
2021-05-21,CAM RANH,12.25,109.2,2.66,29.36,30.73,28.26,25.14,30.26,78.19,20.16,99.75,4.55,187.7,22.34,37.91,0.65,0.67,79.04
2021-05-22,CAM RANH,12.25,109.2,3.45,29.74,31.61,28.31,24.28,30.25,72.88,19.2,99.57,2.26,215.1,16.59,38.34,0.65,0.66,98.36
2021-05-23,CAM RANH,12.25,109.2,20.56,29.32,31.05,27.91,25.05,29.93,78.39,20.12,99.6,3.4,173.2,10.73,38.49,0.73,0.68,98.83
2021-05-24,CAM RANH,12.25,109.2,13.71,28.13,28.61,27.66,25.59,29.16,86.05,20.72,99.7,4.58,143.3,18.67,38.65,0.79,0.72,91.09
2021-05-25,CAM RANH,12.25,109.2,12.03,27.42,28.5,26.52,24.17,28.94,82.41,19.01,99.76,3.4,166.6,7.52,37.9,0.78,0.73,94.21
2021-05-26,CAM RANH,12.25,109.2,7.04,28.47,29.87,27.54,24.59,29.8,79.76,19.52,99.73,3.79,191.1,15.07,37.73,0.76,0.73,84.83
2021-05-27,CAM RANH,12.25,109.2,1.42,28.69,30.25,27.37,25.21,29.54,81.54,20.22,99.87,5.47,179.4,23.17,37.55,0.72,0.72,52.54
2021-05-28,CAM RANH,12.25,109.2,1.26,28.62,29.89,27.66,25.56,29.26,83.61,20.64,99.94,5.23,174.8,24.37,37.88,0.72,0.72,55.82
2021-05-29,CAM RANH,12.25,109.2,0.5,28.94,30.55,27.87,25.63,29.63,82.48,20.75,99.85,4.99,187.3,24.15,37.68,0.7,0.71,33.42
2021-05-30,CAM RANH,12.25,109.2,1.84,29.48,31.26,28.04,25.84,29.83,81.16,21.07,99.64,2.7,193.7,24.87,37.86,0.7,0.7,19.68
2021-05-31,CAM RANH,12.25,109.2,0.39,29.79,31.52,28.33,26.24,30.05,81.6,21.59,99.55,3.11,188.9,24.71,38.53,0.69,0.7,44.65
2021-06-01,CAM RANH,12.25,109.2,0.58,29.86,31.73,28.54,26.31,29.92,81.53,21.68,99.6,2.24,195.3,23.84,37.66,0.69,0.69,76.18
2021-06-02,CAM RANH,12.25,109.2,0.38,29.42,31.04,27.39,26.31,29.67,83.74,21.67,99.65,2.72,195.6,22.93,37.74,0.69,0.69,87.19
2021-06-03,CAM RANH,12.25,109.2,0.28,29.36,31.3,27.43,26.26,29.7,83.78,21.6,99.72,2.79,213.1,23.8,37.48,0.68,0.69,80.73
2021-06-04,CAM RANH,12.25,109.2,0.72,30.09,32.55,28.45,26.19,30.27,80.2,21.52,99.67,2.44,209.7,24.23,38.08,0.67,0.68,66.54
2021-06-05,CAM RANH,12.25,109.2,13.76,29.22,30.3,28.12,25.51,29.39,80.45,20.63,99.71,1.12,187.0,22.86,37.83,0.76,0.7,72.69
2021-06-06,CAM RANH,12.25,109.2,4.21,28.92,30.46,27.61,24.5,29.28,77.29,19.41,99.73,1.87,189.3,19.85,37.72,0.73,0.7,98.89
2021-06-07,CAM RANH,12.25,109.2,15.24,28.58,30.93,26.7,23.48,29.11,74.3,18.24,99.84,3.06,212.5,21.88,37.26,0.77,0.72,96.85
2021-06-08,CAM RANH,12.25,109.2,3.55,28.4,29.95,26.7,22.48,28.93,70.74,17.17,99.87,2.32,209.1,18.47,37.72,0.75,0.72,99.52
2021-06-09,CAM RANH,12.25,109.2,9.51,28.66,30.96,26.79,23.45,29.04,73.73,18.23,99.72,2.18,217.1,14.3,37.92,0.77,0.72,99.15
2021-06-10,CAM RANH,12.25,109.2,20.5,28.47,30.24,27.27,24.12,28.92,77.55,19.03,99.52,2.74,221.3,15.72,38.16,0.81,0.74,98.93
2021-06-11,CAM RANH,12.25,109.2,20.12,27.89,29.08,26.76,24.1,28.26,80.06,19.0,99.5,3.26,219.8,13.89,37.54,0.86,0.77,99.38
2021-06-12,CAM RANH,12.25,109.2,3.35,28.04,30.03,26.96,23.7,28.42,77.52,18.52,99.63,3.32,227.8,18.85,37.0,0.8,0.78,97.12
2021-06-13,CAM RANH,12.25,109.2,15.28,28.69,31.01,26.86,23.72,29.05,75.03,18.54,99.78,3.25,207.6,23.61,36.93,0.81,0.78,76.28
2021-06-14,CAM RANH,12.25,109.2,3.46,28.56,30.26,27.42,23.77,29.06,75.86,18.62,99.75,2.67,190.8,23.12,37.41,0.81,0.79,80.73
2021-06-15,CAM RANH,12.25,109.2,7.85,28.71,30.52,27.49,24.92,28.95,80.31,19.93,99.69,2.76,205.2,23.93,38.19,0.82,0.79,57.0
2021-06-16,CAM RANH,12.25,109.2,7.32,29.06,30.73,27.67,24.17,28.99,75.09,19.03,99.84,1.8,231.0,24.05,38.06,0.82,0.79,53.03
2021-06-17,CAM RANH,12.25,109.2,3.8,28.83,30.37,27.82,24.23,29.0,76.88,19.13,99.93,2.78,196.2,24.33,37.56,0.81,0.8,30.31
2021-06-18,CAM RANH,12.25,109.2,4.42,28.89,30.27,27.63,25.62,29.03,82.84,20.75,99.88,3.15,194.7,24.79,38.08,0.81,0.8,55.98
2021-06-19,CAM RANH,12.25,109.2,4.1,28.63,30.35,27.09,25.59,28.69,83.77,20.71,99.79,2.82,214.2,24.54,37.62,0.82,0.8,37.18
2021-06-20,CAM RANH,12.25,109.2,3.32,28.95,31.12,27.28,25.36,29.02,81.24,20.47,99.65,4.18,213.3,24.98,37.23,0.8,0.79,54.44
2021-06-21,CAM RANH,12.25,109.2,3.93,28.81,31.21,26.88,25.15,28.68,80.94,20.21,99.65,4.47,216.1,24.81,37.18,0.8,0.79,54.12
2021-06-22,CAM RANH,12.25,109.2,3.18,28.48,30.59,26.99,24.87,28.71,81.16,19.85,99.76,3.57,206.7,24.92,37.28,0.8,0.79,62.15
2021-06-23,CAM RANH,12.25,109.2,4.39,28.58,30.63,26.96,24.9,28.84,80.82,19.88,99.77,2.62,210.1,24.16,37.59,0.8,0.79,59.33
2021-06-24,CAM RANH,12.25,109.2,6.94,28.2,29.75,26.74,25.19,28.26,83.9,20.23,99.71,2.23,208.6,24.59,37.98,0.82,0.79,60.28
2021-06-25,CAM RANH,12.25,109.2,0.67,27.8,29.2,26.57,25.29,28.05,86.36,20.35,99.72,3.51,190.5,24.35,37.36,0.8,0.79,56.3
2021-06-26,CAM RANH,12.25,109.2,0.35,27.55,28.65,26.28,25.43,27.88,88.39,20.49,99.92,3.38,183.0,24.85,37.27,0.79,0.79,33.8
2021-06-27,CAM RANH,12.25,109.2,0.27,27.94,29.98,26.46,25.04,28.29,84.65,20.02,99.89,3.28,183.4,24.84,37.03,0.78,0.78,36.24
2021-06-28,CAM RANH,12.25,109.2,0.37,28.38,30.48,26.95,25.28,28.5,83.59,20.33,99.76,2.75,198.0,24.47,37.79,0.77,0.77,47.45
2021-06-29,CAM RANH,12.25,109.2,0.51,27.9,29.18,26.52,25.32,28.04,86.09,20.4,99.74,2.88,187.5,24.13,37.04,0.78,0.77,44.15
2021-06-30,CAM RANH,12.25,109.2,0.76,28.04,29.75,26.33,25.0,28.27,83.86,20.0,99.8,2.5,197.2,23.78,37.39,0.77,0.77,61.95
2021-07-01,CAM RANH,12.25,109.2,0.44,28.49,31.31,26.52,24.15,28.66,78.23,19.02,99.78,3.25,201.7,25.14,37.45,0.75,0.76,22.24
2021-07-02,CAM RANH,12.25,109.2,0.71,28.49,30.58,26.94,25.1,28.57,82.23,20.13,99.75,2.68,196.3,25.05,37.19,0.75,0.75,22.09
2021-07-03,CAM RANH,12.25,109.2,1.29,28.59,30.93,27.14,25.39,28.52,83.26,20.5,99.63,2.69,191.5,25.26,37.27,0.75,0.75,50.05
2021-07-04,CAM RANH,12.25,109.2,3.09,28.52,29.95,27.17,25.55,28.29,84.0,20.69,99.61,3.02,228.4,22.07,37.67,0.76,0.74,87.93
2021-07-05,CAM RANH,12.25,109.2,16.18,27.81,29.78,26.82,24.02,27.93,80.09,18.88,99.57,2.48,231.4,8.36,38.15,0.8,0.75,99.64
2021-07-06,CAM RANH,12.25,109.2,11.38,28.32,30.37,26.73,24.49,28.39,80.05,19.44,99.5,2.95,209.2,13.82,37.49,0.81,0.77,99.31
2021-07-07,CAM RANH,12.25,109.2,10.34,27.31,28.32,26.61,24.12,27.71,82.83,18.97,99.72,2.88,174.4,21.02,37.14,0.83,0.78,95.27
2021-07-08,CAM RANH,12.25,109.2,11.82,26.94,27.55,26.2,24.52,27.79,86.64,19.42,99.79,5.21,168.7,12.58,37.66,0.83,0.79,95.82
2021-07-09,CAM RANH,12.25,109.2,3.54,27.21,28.37,26.48,24.18,27.92,83.55,19.0,99.83,3.82,159.8,21.19,37.64,0.81,0.8,75.15
2021-07-10,CAM RANH,12.25,109.2,2.49,27.34,28.17,26.67,24.24,28.05,83.17,19.06,99.89,1.96,120.3,23.8,37.18,0.8,0.79,59.41
2021-07-11,CAM RANH,12.25,109.2,3.87,27.21,27.92,26.56,24.2,27.8,83.59,19.0,99.97,1.46,54.4,9.65,37.32,0.81,0.79,94.28
2021-07-12,CAM RANH,12.25,109.2,11.4,27.51,28.42,26.53,24.23,28.35,82.32,19.04,99.89,1.63,52.7,22.94,37.08,0.84,0.8,80.18
2021-07-13,CAM RANH,12.25,109.2,6.3,27.7,28.48,27.14,24.59,28.32,83.14,19.49,99.8,2.83,103.0,20.12,37.09,0.83,0.81,88.01
2021-07-14,CAM RANH,12.25,109.2,2.45,27.78,29.11,26.73,24.47,28.77,82.3,19.36,99.78,3.15,156.9,23.37,37.29,0.81,0.8,71.48
2021-07-15,CAM RANH,12.25,109.2,17.31,27.53,28.89,26.86,23.8,28.43,80.25,18.57,99.86,2.58,194.6,10.34,37.57,0.85,0.8,99.33
2021-07-16,CAM RANH,12.25,109.2,6.06,28.09,29.34,27.33,24.06,28.42,78.79,18.86,99.84,1.92,231.5,19.81,37.55,0.85,0.83,93.87
2021-07-17,CAM RANH,12.25,109.2,6.97,29.12,31.06,27.74,24.79,29.24,77.82,19.79,99.58,2.54,217.2,22.71,37.99,0.83,0.82,85.02
2021-07-18,CAM RANH,12.25,109.2,3.64,28.76,30.6,26.98,24.17,28.75,76.53,19.11,99.47,3.37,247.7,19.53,37.89,0.83,0.82,86.86
2021-07-19,CAM RANH,12.25,109.2,2.14,28.49,30.76,26.53,23.5,28.66,74.69,18.33,99.59,5.08,257.2,22.5,38.09,0.81,0.82,82.38
2021-07-20,CAM RANH,12.25,109.2,0.93,28.96,31.34,27.29,23.46,28.71,72.56,18.27,99.65,4.19,243.8,14.82,38.5,0.8,0.81,97.24
2021-07-21,CAM RANH,12.25,109.2,7.83,28.91,31.04,27.2,24.09,28.79,75.52,18.99,99.59,3.99,230.8,16.92,38.44,0.83,0.81,97.68
2021-07-22,CAM RANH,12.25,109.2,2.54,28.86,31.34,27.32,23.78,28.48,74.23,18.63,99.5,4.32,249.9,14.04,38.09,0.81,0.81,99.17
2021-07-23,CAM RANH,12.25,109.2,22.99,28.4,30.37,26.99,23.78,28.16,76.22,18.63,99.46,4.53,243.0,11.09,38.61,0.86,0.82,99.12
2021-07-24,CAM RANH,12.25,109.2,1.09,28.55,30.62,26.77,24.07,28.07,76.94,18.97,99.47,4.84,234.2,18.36,38.16,0.82,0.83,97.64
2021-07-25,CAM RANH,12.25,109.2,0.43,28.66,30.99,27.07,24.1,28.24,76.5,19.0,99.52,3.85,224.6,20.98,38.19,0.81,0.81,67.79
2021-07-26,CAM RANH,12.25,109.2,0.61,28.88,31.57,26.78,24.39,28.5,77.16,19.35,99.43,4.18,242.1,24.91,37.73,0.79,0.8,24.94
2021-07-27,CAM RANH,12.25,109.2,0.65,29.19,32.0,27.26,24.67,28.87,77.06,19.69,99.34,4.37,246.1,23.75,38.46,0.79,0.79,71.89
2021-07-28,CAM RANH,12.25,109.2,8.03,28.68,31.26,27.21,24.91,28.53,80.58,19.97,99.38,4.9,227.8,21.49,38.53,0.81,0.79,92.31
2021-07-29,CAM RANH,12.25,109.2,2.0,28.89,30.9,27.46,25.02,28.48,79.82,20.09,99.48,4.27,235.1,24.29,38.22,0.81,0.8,63.9
2021-07-30,CAM RANH,12.25,109.2,3.01,29.03,31.41,27.14,25.45,28.94,81.31,20.62,99.56,3.52,222.6,24.55,38.01,0.8,0.79,78.79
2021-07-31,CAM RANH,12.25,109.2,1.72,28.76,31.34,27.0,25.03,28.72,80.69,20.09,99.53,3.61,222.1,23.21,37.99,0.79,0.79,88.46
2021-08-01,CAM RANH,12.25,109.2,0.83,28.69,31.33,26.95,24.77,28.54,79.7,19.8,99.42,3.65,231.2,22.51,38.0,0.78,0.78,78.5
2021-08-02,CAM RANH,12.25,109.2,0.93,28.86,31.47,27.0,25.02,28.56,80.03,20.09,99.43,3.8,231.8,22.72,38.29,0.78,0.77,80.71
2021-08-03,CAM RANH,12.25,109.2,3.38,28.81,31.04,27.04,25.34,28.73,81.84,20.46,99.54,3.21,229.0,21.1,38.28,0.78,0.77,92.55
2021-08-04,CAM RANH,12.25,109.2,2.33,28.77,31.05,27.29,25.14,28.64,81.01,20.22,99.57,3.47,223.2,12.11,38.54,0.78,0.77,99.65
2021-08-05,CAM RANH,12.25,109.2,1.88,28.89,31.48,26.94,24.85,28.7,79.15,19.87,99.6,4.05,238.9,19.83,38.49,0.77,0.76,93.95
2021-08-06,CAM RANH,12.25,109.2,1.58,28.87,31.27,26.89,24.92,28.48,79.62,19.95,99.6,3.91,240.2,21.97,38.07,0.77,0.76,97.87
2021-08-07,CAM RANH,12.25,109.2,1.94,29.46,32.64,27.24,24.89,29.05,77.0,19.9,99.65,2.77,240.4,22.33,38.22,0.76,0.75,97.34
2021-08-08,CAM RANH,12.25,109.2,2.86,29.11,31.67,27.5,25.69,29.05,82.16,20.86,99.69,2.68,216.6,21.04,38.27,0.76,0.75,97.79
2021-08-09,CAM RANH,12.25,109.2,4.3,29.15,31.29,27.94,26.22,29.11,84.47,21.55,99.56,2.88,204.1,23.68,38.29,0.77,0.75,74.42
2021-08-10,CAM RANH,12.25,109.2,3.68,28.5,30.04,26.91,26.15,28.67,87.26,21.46,99.61,4.21,188.2,23.41,37.68,0.77,0.75,54.53
2021-08-11,CAM RANH,12.25,109.2,5.97,27.88,29.5,26.47,25.31,28.28,86.08,20.34,99.96,4.46,191.4,21.0,37.27,0.78,0.75,85.39
2021-08-12,CAM RANH,12.25,109.2,8.15,28.08,29.9,26.86,25.06,28.43,83.98,20.03,99.99,2.62,188.1,22.8,37.52,0.79,0.76,77.4
2021-08-13,CAM RANH,12.25,109.2,7.29,28.26,30.47,27.03,24.83,28.32,82.0,19.8,99.76,2.21,190.3,22.82,37.93,0.8,0.76,81.61
2021-08-14,CAM RANH,12.25,109.2,6.54,27.61,28.79,26.55,24.86,27.88,85.12,19.82,99.79,2.57,192.4,21.03,37.51,0.8,0.77,94.61
2021-08-15,CAM RANH,12.25,109.2,3.71,27.38,28.89,26.16,24.69,27.8,85.46,19.58,100.05,2.86,177.7,24.41,37.19,0.8,0.77,61.1
2021-08-16,CAM RANH,12.25,109.2,0.63,27.52,29.59,25.86,23.67,28.16,79.86,18.37,100.19,2.45,162.8,25.09,36.57,0.77,0.77,38.07
2021-08-17,CAM RANH,12.25,109.2,0.41,27.7,29.79,25.99,22.71,28.52,74.98,17.39,100.04,1.89,129.5,25.76,36.1,0.76,0.76,13.65
2021-08-18,CAM RANH,12.25,109.2,1.2,28.06,29.82,26.82,24.03,28.85,79.19,18.86,99.83,3.49,167.4,25.28,36.66,0.76,0.75,19.76
2021-08-19,CAM RANH,12.25,109.2,0.9,28.11,30.17,26.53,24.41,28.63,80.59,19.28,99.84,4.2,188.1,24.59,37.17,0.75,0.75,48.17
2021-08-20,CAM RANH,12.25,109.2,0.92,27.85,29.72,26.34,23.68,28.46,78.57,18.44,99.98,3.33,176.9,24.7,36.58,0.75,0.74,15.92
2021-08-21,CAM RANH,12.25,109.2,1.04,28.69,30.7,27.59,24.33,29.25,77.76,19.2,99.86,3.41,182.6,25.17,37.6,0.74,0.73,62.49
2021-08-22,CAM RANH,12.25,109.2,6.0,28.18,29.49,26.91,24.09,28.27,78.73,18.94,99.77,2.93,221.2,23.73,37.69,0.77,0.73,74.39
2021-08-23,CAM RANH,12.25,109.2,5.36,28.15,29.57,27.11,24.41,28.59,80.4,19.31,99.74,3.61,188.1,22.42,37.36,0.78,0.74,79.31
2021-08-24,CAM RANH,12.25,109.2,4.87,27.63,28.68,26.83,24.68,28.22,84.13,19.62,99.72,4.69,178.1,20.65,37.28,0.77,0.74,87.57
2021-08-25,CAM RANH,12.25,109.2,7.59,27.3,28.43,26.33,24.25,27.99,83.62,19.1,99.75,2.73,171.7,21.73,37.57,0.79,0.75,91.78
2021-08-26,CAM RANH,12.25,109.2,21.31,26.37,27.2,25.2,24.45,27.56,89.11,19.33,99.81,4.92,117.9,20.28,37.02,0.84,0.77,87.45
2021-08-27,CAM RANH,12.25,109.2,10.54,26.43,27.16,25.89,22.96,27.83,81.24,17.64,99.86,1.56,84.4,20.26,36.72,0.84,0.79,90.72
2021-08-28,CAM RANH,12.25,109.2,2.83,27.01,27.97,26.42,24.09,28.52,84.09,18.91,99.77,2.9,57.5,21.22,36.99,0.79,0.79,88.69
2021-08-29,CAM RANH,12.25,109.2,10.79,27.45,27.89,27.07,24.67,28.27,84.73,19.58,99.77,2.41,85.5,21.13,37.09,0.82,0.79,92.86
2021-08-30,CAM RANH,12.25,109.2,11.33,27.88,29.01,27.11,24.71,28.51,82.92,19.61,99.88,2.81,84.2,17.96,36.73,0.84,0.8,92.67
2021-08-31,CAM RANH,12.25,109.2,10.24,27.72,28.47,27.22,24.66,28.59,83.44,19.56,99.92,2.25,111.1,19.76,36.98,0.84,0.81,91.91
2021-09-01,CAM RANH,12.25,109.2,3.84,28.16,29.11,27.34,24.71,28.79,81.66,19.63,99.85,2.56,140.3,24.03,36.78,0.82,0.81,64.08
2021-09-02,CAM RANH,12.25,109.2,4.29,27.74,28.93,26.68,24.82,28.35,84.15,19.76,99.81,3.67,178.9,23.12,36.59,0.83,0.81,84.63
2021-09-03,CAM RANH,12.25,109.2,5.44,27.09,27.95,26.69,23.94,28.13,82.88,18.74,99.78,3.12,159.6,21.25,37.49,0.83,0.82,96.13
2021-09-04,CAM RANH,12.25,109.2,7.17,27.6,28.75,26.6,23.75,28.58,79.67,18.53,99.75,2.4,38.7,16.67,37.37,0.84,0.82,96.65
2021-09-05,CAM RANH,12.25,109.2,4.42,27.44,28.19,26.86,24.02,28.06,81.66,18.83,99.82,3.67,316.2,19.64,37.27,0.84,0.82,91.66
2021-09-06,CAM RANH,12.25,109.2,9.14,27.81,28.76,27.09,24.46,28.51,82.13,19.35,99.82,2.52,151.1,21.39,37.26,0.85,0.83,91.12
2021-09-07,CAM RANH,12.25,109.2,10.44,27.76,28.47,27.01,25.08,28.34,85.35,20.09,99.72,4.13,158.4,16.87,37.22,0.86,0.84,95.42
2021-09-08,CAM RANH,12.25,109.2,31.49,27.59,28.21,26.99,24.8,28.37,84.8,19.75,99.76,3.84,180.4,22.35,37.1,0.91,0.86,80.39
2021-09-09,CAM RANH,12.25,109.2,56.82,28.45,30.08,26.94,24.39,28.86,78.84,19.26,99.79,2.1,230.7,20.72,37.45,0.92,0.89,80.38
2021-09-10,CAM RANH,12.25,109.2,34.4,28.48,30.63,26.91,23.85,28.45,76.23,18.7,99.58,4.4,255.5,9.7,37.47,0.94,0.93,99.59
2021-09-11,CAM RANH,12.25,109.2,6.93,28.48,30.52,27.22,24.21,28.31,77.84,19.16,99.28,5.34,237.2,13.54,37.17,0.91,0.93,98.97
2021-09-12,CAM RANH,12.25,109.2,5.33,28.69,30.81,26.87,24.26,28.54,77.12,19.26,99.21,3.98,241.3,15.66,38.15,0.9,0.92,94.32
2021-09-13,CAM RANH,12.25,109.2,6.9,28.12,29.25,27.15,24.81,28.68,82.27,19.8,99.56,4.81,177.0,18.33,38.19,0.9,0.92,89.56
2021-09-14,CAM RANH,12.25,109.2,2.52,27.37,28.43,26.41,24.36,28.17,83.7,19.18,99.99,4.92,174.5,19.38,37.18,0.89,0.92,93.83
2021-09-15,CAM RANH,12.25,109.2,7.53,27.32,28.42,26.46,24.47,28.24,84.46,19.29,100.09,3.86,166.6,21.77,36.37,0.9,0.92,87.88
2021-09-16,CAM RANH,12.25,109.2,2.35,27.35,28.26,26.73,24.45,28.43,84.22,19.29,100.0,2.45,152.6,21.57,36.95,0.89,0.92,85.72
2021-09-17,CAM RANH,12.25,109.2,3.84,27.73,28.99,26.65,24.18,28.68,81.1,18.98,99.95,2.64,150.4,23.07,36.81,0.88,0.91,74.67
2021-09-18,CAM RANH,12.25,109.2,12.18,27.04,28.76,25.86,23.24,28.66,79.95,17.92,99.96,2.37,25.5,13.76,37.18,0.89,0.91,98.96
2021-09-19,CAM RANH,12.25,109.2,11.05,26.55,27.0,26.25,23.52,28.13,83.41,18.24,99.87,1.88,124.4,6.25,37.41,0.92,0.93,98.57
2021-09-20,CAM RANH,12.25,109.2,20.05,27.33,28.57,26.07,24.35,28.36,83.8,19.19,99.86,2.72,153.0,20.14,37.4,0.92,0.93,89.49
2021-09-21,CAM RANH,12.25,109.2,6.14,27.54,28.89,26.61,24.08,28.46,81.65,18.91,99.82,2.92,182.2,22.07,37.09,0.91,0.94,86.64
2021-09-22,CAM RANH,12.25,109.2,14.32,27.49,28.4,26.88,23.94,28.29,80.97,18.73,99.82,1.92,340.8,18.06,37.5,0.92,0.94,93.75
2021-09-23,CAM RANH,12.25,109.2,65.07,27.74,28.83,26.98,24.81,27.94,84.18,19.78,99.71,4.3,222.4,10.82,37.12,0.96,0.96,99.61
2021-09-24,CAM RANH,12.25,109.2,9.71,27.9,28.95,26.84,24.36,28.37,81.22,19.22,99.82,3.49,174.6,14.38,37.6,0.93,0.96,99.29
2021-09-25,CAM RANH,12.25,109.2,8.95,26.87,27.54,26.23,24.46,27.72,86.57,19.33,99.88,3.12,143.7,11.72,37.23,0.93,0.96,98.04
2021-09-26,CAM RANH,12.25,109.2,2.19,27.29,28.28,26.53,24.44,28.57,84.45,19.29,99.9,3.11,51.5,19.42,36.91,0.92,0.95,69.41
2021-09-27,CAM RANH,12.25,109.2,0.49,27.4,28.84,25.91,24.16,28.3,82.55,18.97,99.9,3.55,15.7,21.97,36.43,0.91,0.95,41.51
2021-09-28,CAM RANH,12.25,109.2,5.24,27.77,28.94,27.04,25.19,28.25,85.99,20.22,99.83,4.8,355.1,22.89,36.78,0.91,0.95,67.69
2021-09-29,CAM RANH,12.25,109.2,5.72,27.83,28.87,27.18,25.36,28.14,86.42,20.42,99.82,4.12,14.2,16.62,37.52,0.92,0.95,52.31
2021-09-30,CAM RANH,12.25,109.2,1.65,27.83,29.15,26.97,24.37,28.6,81.47,19.22,99.91,2.15,71.9,22.64,37.3,0.91,0.94,59.38
2021-10-01,CAM RANH,12.25,109.2,3.44,28.41,30.12,27.59,24.0,29.18,77.27,18.79,99.94,1.81,130.8,22.01,36.94,0.91,0.94,72.26
2021-10-02,CAM RANH,12.25,109.2,6.1,27.97,28.98,27.3,24.66,28.6,82.28,19.55,99.95,2.26,61.1,20.27,37.12,0.91,0.94,90.28
2021-10-03,CAM RANH,12.25,109.2,8.17,27.68,28.4,26.73,24.12,28.21,80.98,18.94,99.87,3.42,19.5,10.26,37.17,0.91,0.94,97.43
2021-10-04,CAM RANH,12.25,109.2,17.54,27.75,28.61,26.92,25.08,28.13,85.36,20.09,99.73,5.38,15.5,12.62,36.83,0.93,0.95,92.89
2021-10-05,CAM RANH,12.25,109.2,59.74,27.31,28.61,26.07,24.8,27.9,86.16,19.79,99.59,6.0,355.2,10.75,36.86,0.98,0.97,99.9
2021-10-06,CAM RANH,12.25,109.2,89.95,26.91,28.29,26.32,23.57,27.47,82.01,18.43,99.28,5.35,266.3,4.1,37.14,0.99,0.99,99.34
2021-10-07,CAM RANH,12.25,109.2,2.85,28.22,30.12,26.88,24.38,28.23,79.97,19.4,99.21,3.61,228.1,17.34,37.02,0.94,0.98,99.09
2021-10-08,CAM RANH,12.25,109.2,2.82,28.43,30.24,27.19,25.31,28.34,83.34,20.48,99.29,3.61,216.7,15.6,37.86,0.94,0.97,99.48
2021-10-09,CAM RANH,12.25,109.2,3.9,28.33,30.28,26.87,24.96,28.1,82.08,20.04,99.45,2.65,218.0,18.21,37.43,0.93,0.97,99.26
2021-10-10,CAM RANH,12.25,109.2,9.56,28.35,29.95,27.21,24.94,28.3,82.04,19.99,99.5,1.74,180.0,14.94,38.15,0.94,0.96,99.7
2021-10-11,CAM RANH,12.25,109.2,7.1,27.77,29.76,26.73,25.3,28.02,86.6,20.42,99.44,2.76,101.2,19.32,37.44,0.94,0.97,86.69
2021-10-12,CAM RANH,12.25,109.2,75.32,27.6,29.68,25.35,24.83,28.03,85.08,19.87,99.38,2.94,59.6,18.67,37.32,0.97,0.98,93.59
2021-10-13,CAM RANH,12.25,109.2,24.28,27.15,29.3,25.52,24.08,27.9,83.46,19.04,99.31,2.05,325.9,11.77,37.24,0.97,0.98,99.67
2021-10-14,CAM RANH,12.25,109.2,8.29,27.84,29.05,26.21,24.9,28.2,84.2,19.95,99.57,1.59,140.1,18.28,37.88,0.95,0.98,93.85
2021-10-15,CAM RANH,12.25,109.2,51.39,26.73,27.51,26.35,24.68,27.63,88.5,19.61,99.67,3.78,112.6,16.84,37.58,0.98,0.98,95.51
2021-10-16,CAM RANH,12.25,109.2,63.18,26.66,27.61,25.81,23.97,27.84,85.16,18.76,99.8,2.12,133.3,18.15,36.91,0.99,0.99,97.94
2021-10-17,CAM RANH,12.25,109.2,9.73,26.91,27.59,26.37,24.1,27.66,84.6,18.89,99.92,2.82,121.7,10.98,37.16,0.98,0.99,97.9
2021-10-18,CAM RANH,12.25,109.2,2.56,27.44,27.85,27.05,24.98,27.79,86.38,19.87,100.21,2.98,67.5,17.17,37.21,0.96,0.99,77.56
2021-10-19,CAM RANH,12.25,109.2,5.49,27.43,28.16,26.95,25.11,27.77,87.16,20.0,100.32,4.28,17.6,19.87,37.04,0.96,0.99,80.34
2021-10-20,CAM RANH,12.25,109.2,16.81,27.39,28.5,26.53,24.66,27.86,85.12,19.48,100.29,2.66,54.7,17.48,36.74,0.97,0.98,91.07
2021-10-21,CAM RANH,12.25,109.2,5.49,27.24,28.1,26.59,23.79,27.81,81.44,18.48,100.22,1.67,59.0,16.92,36.69,0.96,0.99,98.3
2021-10-22,CAM RANH,12.25,109.2,8.82,27.21,28.03,26.6,24.87,27.7,87.07,19.73,100.27,4.72,19.1,18.52,36.4,0.96,0.99,92.3
2021-10-23,CAM RANH,12.25,109.2,67.62,26.67,27.51,26.02,23.44,26.91,82.53,18.1,100.33,6.69,9.6,13.88,36.67,0.99,0.99,98.03
2021-10-24,CAM RANH,12.25,109.2,78.56,27.18,28.09,26.64,24.6,27.51,85.9,19.45,100.12,6.49,26.2,10.2,36.89,0.99,1.0,99.58
2021-10-25,CAM RANH,12.25,109.2,25.21,26.76,27.55,26.15,24.63,27.05,88.1,19.5,100.0,8.93,9.7,6.0,36.79,0.98,1.0,99.81
2021-10-26,CAM RANH,12.25,109.2,244.34,26.93,27.57,26.47,25.3,27.16,90.73,20.36,99.72,9.11,7.5,2.77,37.08,1.0,1.0,99.71
2021-10-27,CAM RANH,12.25,109.2,14.29,27.1,27.85,26.57,25.18,27.1,89.2,20.17,99.95,6.25,136.4,5.46,36.76,0.98,1.0,97.95
2021-10-28,CAM RANH,12.25,109.2,2.68,27.09,27.97,26.38,24.63,27.2,86.38,19.45,100.23,3.55,63.3,18.42,36.88,0.97,1.0,76.13
2021-10-29,CAM RANH,12.25,109.2,5.38,27.04,27.84,26.38,25.03,27.31,88.74,19.91,100.3,4.4,28.8,18.61,36.73,0.97,0.99,68.88
2021-10-30,CAM RANH,12.25,109.2,7.64,26.88,27.5,26.42,25.02,27.07,89.48,19.9,100.31,4.5,46.8,16.26,36.98,0.97,0.99,83.04
2021-10-31,CAM RANH,12.25,109.2,7.17,26.69,27.4,26.06,24.49,26.86,87.68,19.28,100.3,4.93,39.0,7.16,36.9,0.96,0.99,83.37
2021-11-01,CAM RANH,12.25,109.2,3.66,26.96,27.84,26.19,24.38,27.07,85.71,19.15,100.26,5.94,35.9,16.79,36.4,0.96,0.99,41.14
2021-11-02,CAM RANH,12.25,109.2,1.76,27.2,28.04,26.48,24.8,27.46,86.75,19.66,100.2,6.03,20.1,19.73,36.24,0.95,0.99,72.77
2021-11-03,CAM RANH,12.25,109.2,2.19,27.19,28.37,26.3,25.1,27.27,88.38,20.03,100.14,5.69,26.4,15.53,37.08,0.94,0.98,86.2
2021-11-04,CAM RANH,12.25,109.2,3.17,26.99,27.93,26.2,24.66,27.19,87.13,19.52,100.09,5.04,21.7,18.19,36.62,0.94,0.98,95.11
2021-11-05,CAM RANH,12.25,109.2,3.03,26.83,27.61,26.27,24.56,27.11,87.28,19.42,99.94,4.12,24.5,15.19,36.28,0.94,0.98,84.26
2021-11-06,CAM RANH,12.25,109.2,0.8,27.04,28.24,26.07,24.48,27.6,85.85,19.35,99.84,4.44,28.9,20.1,36.21,0.93,0.97,88.35
2021-11-07,CAM RANH,12.25,109.2,8.72,27.24,28.15,26.66,24.68,27.48,86.09,19.59,99.9,4.82,25.6,6.54,36.84,0.94,0.97,84.36
2021-11-08,CAM RANH,12.25,109.2,13.54,27.44,28.16,26.89,25.34,27.63,88.29,20.33,100.06,6.27,37.3,17.83,37.04,0.94,0.97,70.75
2021-11-09,CAM RANH,12.25,109.2,43.85,26.87,27.48,26.29,25.17,26.97,90.37,20.1,100.22,7.19,23.6,6.74,37.03,0.97,0.99,97.88
2021-11-10,CAM RANH,12.25,109.2,34.49,26.85,27.53,26.52,24.8,26.98,88.52,19.67,100.15,8.1,28.6,6.86,36.76,0.98,1.0,99.69
2021-11-11,CAM RANH,12.25,109.2,38.3,26.36,27.04,25.9,24.57,26.66,89.8,19.4,100.13,7.84,36.1,2.41,36.81,0.98,1.0,99.53
2021-11-12,CAM RANH,12.25,109.2,20.85,26.45,26.91,26.12,24.41,26.65,88.47,19.2,100.17,6.42,36.8,5.04,36.71,0.98,1.0,99.88
2021-11-13,CAM RANH,12.25,109.2,20.5,26.55,27.43,25.83,24.51,26.86,88.53,19.32,100.14,5.72,42.1,5.97,37.02,0.98,1.0,99.27
2021-11-14,CAM RANH,12.25,109.2,41.89,26.29,26.87,25.83,24.32,26.72,88.88,19.11,100.1,4.59,42.8,7.22,36.65,0.98,1.0,99.41
2021-11-15,CAM RANH,12.25,109.2,32.3,26.52,27.09,26.21,24.8,26.77,90.22,19.69,100.0,6.12,45.9,3.94,36.92,0.99,1.0,98.41
2021-11-16,CAM RANH,12.25,109.2,18.6,26.53,27.22,25.86,24.94,26.53,91.0,19.86,100.06,5.49,34.7,12.2,36.55,0.98,1.0,95.08
2021-11-17,CAM RANH,12.25,109.2,5.32,26.59,27.46,25.97,25.2,26.62,92.03,20.17,100.08,5.02,31.5,8.77,36.78,0.98,1.0,96.65
2021-11-18,CAM RANH,12.25,109.2,5.79,26.53,27.4,25.78,24.98,26.61,91.12,19.93,99.9,5.81,30.5,8.94,36.43,0.97,1.0,98.94
2021-11-19,CAM RANH,12.25,109.2,4.54,26.15,27.2,25.33,23.94,26.48,87.56,18.73,99.83,6.53,18.0,9.36,37.3,0.96,0.99,97.63
2021-11-20,CAM RANH,12.25,109.2,5.44,26.26,27.25,25.61,24.25,26.61,88.72,19.07,99.92,6.22,19.0,9.6,37.3,0.96,0.99,91.07
2021-11-21,CAM RANH,12.25,109.2,5.19,26.61,27.6,25.91,24.94,26.75,90.51,19.86,100.01,5.18,46.0,12.02,37.21,0.95,0.99,92.15
2021-11-22,CAM RANH,12.25,109.2,3.59,26.38,27.23,25.85,24.11,26.46,87.35,18.87,100.14,7.72,23.3,5.29,37.25,0.95,0.99,97.71
2021-11-23,CAM RANH,12.25,109.2,15.33,26.31,26.93,25.9,24.19,26.32,88.11,18.95,100.19,9.21,28.6,5.93,36.7,0.96,0.99,98.67
2021-11-24,CAM RANH,12.25,109.2,8.44,25.96,26.56,25.4,24.09,25.99,89.4,18.85,100.17,9.44,26.2,10.13,36.89,0.95,0.99,98.99
2021-11-25,CAM RANH,12.25,109.2,4.04,25.55,26.5,25.05,23.27,25.91,87.19,17.91,100.18,9.67,15.5,12.17,36.46,0.95,0.98,99.54
2021-11-26,CAM RANH,12.25,109.2,16.33,25.51,26.15,25.07,23.77,25.84,90.1,18.49,100.1,9.96,12.3,3.67,36.65,0.96,0.98,99.91
2021-11-27,CAM RANH,12.25,109.2,63.22,25.76,26.14,25.45,24.29,25.84,91.54,19.09,100.07,9.16,35.0,4.69,36.46,0.99,1.0,99.75
2021-11-28,CAM RANH,12.25,109.2,35.89,25.78,26.19,25.43,24.13,26.04,90.51,18.9,100.04,5.87,50.8,8.97,36.88,0.98,1.0,98.86
2021-11-29,CAM RANH,12.25,109.2,31.4,25.98,26.41,25.61,24.67,26.03,92.42,19.53,100.03,6.24,52.8,11.36,36.88,0.98,1.0,98.1
2021-11-30,CAM RANH,12.25,109.2,39.84,25.41,26.34,24.43,23.23,25.43,87.67,17.9,100.24,10.18,28.0,4.37,36.35,0.99,1.0,99.52
2021-12-01,CAM RANH,12.25,109.2,1.53,24.67,25.52,24.11,21.18,24.76,80.91,15.72,100.39,10.04,18.7,11.33,35.69,0.97,1.0,90.4
2021-12-02,CAM RANH,12.25,109.2,0.23,24.27,25.5,23.2,20.23,24.65,78.13,14.82,100.49,10.03,17.6,10.96,35.29,0.96,0.99,99.19
2021-12-03,CAM RANH,12.25,109.2,0.03,23.47,24.89,22.32,18.41,24.01,73.18,13.21,100.58,9.57,12.2,10.45,34.0,0.95,0.99,86.42
2021-12-04,CAM RANH,12.25,109.2,1.36,23.58,24.41,22.62,20.34,24.37,82.4,14.98,100.4,9.28,4.7,13.18,34.1,0.94,0.98,95.24
2021-12-05,CAM RANH,12.25,109.2,0.89,24.59,25.78,23.73,21.76,24.79,84.21,16.32,100.3,9.54,20.0,8.39,36.33,0.93,0.98,84.85
2021-12-06,CAM RANH,12.25,109.2,1.18,24.25,25.59,23.39,20.91,24.53,81.63,15.47,100.38,9.66,21.3,8.69,36.19,0.93,0.97,95.24
2021-12-07,CAM RANH,12.25,109.2,1.15,23.58,25.04,22.3,20.3,24.3,82.2,14.91,100.41,8.67,358.7,13.56,34.49,0.92,0.96,91.91
2021-12-08,CAM RANH,12.25,109.2,4.21,24.92,26.02,24.32,23.05,25.04,89.37,17.64,100.37,8.36,16.9,8.8,37.05,0.92,0.96,97.32
2021-12-09,CAM RANH,12.25,109.2,2.0,24.48,25.61,23.57,21.65,24.56,84.2,16.17,100.5,9.59,22.2,11.8,35.3,0.92,0.96,66.85
2021-12-10,CAM RANH,12.25,109.2,0.3,24.13,25.4,23.55,20.88,24.38,82.09,15.42,100.44,8.53,15.5,16.07,35.02,0.91,0.95,79.98
2021-12-11,CAM RANH,12.25,109.2,1.31,24.54,25.64,23.81,21.97,24.79,85.67,16.51,100.42,8.26,12.2,13.81,36.03,0.91,0.95,95.51
2021-12-12,CAM RANH,12.25,109.2,2.76,24.63,25.67,23.84,22.44,24.92,87.58,17.0,100.38,9.7,18.3,13.88,35.77,0.91,0.94,86.72
2021-12-13,CAM RANH,12.25,109.2,5.03,24.47,25.44,23.99,22.31,24.77,87.77,16.88,100.3,9.92,19.8,8.18,35.98,0.91,0.94,98.82
2021-12-14,CAM RANH,12.25,109.2,0.98,24.61,25.66,23.9,22.42,24.86,87.63,17.01,100.17,7.87,21.9,7.93,36.27,0.9,0.94,85.02
2021-12-15,CAM RANH,12.25,109.2,0.53,24.79,26.06,23.91,22.99,25.15,89.74,17.62,100.15,5.78,20.9,15.92,35.68,0.9,0.93,45.03
2021-12-16,CAM RANH,12.25,109.2,0.58,24.8,26.26,23.67,23.02,25.12,89.86,17.64,100.19,5.96,15.6,13.97,35.41,0.89,0.92,75.11
2021-12-17,CAM RANH,12.25,109.2,1.11,24.86,26.34,24.13,22.52,25.01,86.76,17.11,100.22,9.45,14.5,10.43,35.1,0.88,0.92,99.71
2021-12-18,CAM RANH,12.25,109.2,5.14,24.12,25.69,23.07,21.2,24.49,83.84,15.8,100.08,12.9,357.2,10.76,35.27,0.89,0.91,99.51
2021-12-19,CAM RANH,12.25,109.2,1.13,24.22,25.15,23.54,20.99,24.15,82.28,15.62,100.0,6.51,304.0,3.73,35.59,0.88,0.91,98.49
2021-12-20,CAM RANH,12.25,109.2,1.13,24.42,25.93,23.2,22.46,25.3,88.85,17.04,100.29,3.38,64.3,17.79,35.59,0.88,0.9,81.62
2021-12-21,CAM RANH,12.25,109.2,1.11,24.2,25.27,23.5,22.05,24.92,87.75,16.6,100.36,5.54,33.6,10.02,36.03,0.87,0.9,82.05
2021-12-22,CAM RANH,12.25,109.2,0.5,24.14,25.21,23.42,21.53,24.73,85.31,16.07,100.32,6.12,30.1,10.29,35.9,0.87,0.89,81.71
2021-12-23,CAM RANH,12.25,109.2,0.25,24.18,25.39,23.26,21.2,24.81,83.36,15.75,100.3,4.9,29.9,16.22,34.33,0.86,0.89,51.28
2021-12-24,CAM RANH,12.25,109.2,0.4,24.21,25.38,23.32,21.72,24.75,86.01,16.26,100.32,5.35,16.8,18.47,34.81,0.86,0.88,47.18
2021-12-25,CAM RANH,12.25,109.2,1.66,24.64,25.98,23.9,22.64,25.1,88.73,17.2,100.41,6.18,27.3,17.45,35.08,0.86,0.87,46.14
2021-12-26,CAM RANH,12.25,109.2,2.21,24.56,25.75,23.54,22.82,24.93,90.06,17.38,100.47,5.67,26.6,12.74,35.39,0.86,0.87,53.92
2021-12-27,CAM RANH,12.25,109.2,22.04,24.62,25.79,24.03,22.84,25.0,89.92,17.4,100.53,7.27,23.3,9.33,36.53,0.9,0.88,88.82
2021-12-28,CAM RANH,12.25,109.2,15.63,24.67,25.48,24.13,23.2,24.96,91.51,17.78,100.51,7.87,32.5,8.82,36.28,0.91,0.9,97.64
2021-12-29,CAM RANH,12.25,109.2,6.0,24.53,25.63,23.87,22.55,24.85,88.72,17.08,100.57,9.26,26.7,10.25,35.7,0.88,0.9,92.1
2021-12-30,CAM RANH,12.25,109.2,3.91,24.31,25.43,23.58,21.57,24.6,84.69,16.06,100.69,10.42,26.3,13.98,35.67,0.88,0.9,89.76
2021-12-31,CAM RANH,12.25,109.2,1.56,24.07,25.07,23.46,20.93,24.25,82.69,15.44,100.67,9.26,24.3,15.46,35.07,0.87,0.89,78.82
2022-01-01,CAM RANH,12.25,109.2,2.07,24.23,25.22,23.69,22.13,24.53,88.06,16.64,100.58,8.7,28.5,8.83,35.82,0.87,0.89,93.09
2022-01-02,CAM RANH,12.25,109.2,1.67,24.19,25.22,23.63,21.76,24.49,86.23,16.27,100.5,9.02,30.3,12.9,35.52,0.86,0.88,94.71
2022-01-03,CAM RANH,12.25,109.2,2.38,23.99,24.72,23.49,21.76,24.17,87.35,16.29,100.43,7.73,25.8,7.35,35.69,0.87,0.88,99.0
2022-01-04,CAM RANH,12.25,109.2,3.28,24.19,25.39,23.45,22.65,24.45,91.13,17.22,100.36,6.12,28.2,11.44,35.51,0.87,0.88,66.17
2022-01-05,CAM RANH,12.25,109.2,0.59,24.34,25.55,23.53,22.55,24.84,89.76,17.12,100.33,5.66,15.6,15.05,35.74,0.86,0.87,82.26
2022-01-06,CAM RANH,12.25,109.2,2.66,24.4,25.63,23.58,22.12,24.68,87.14,16.65,100.45,6.68,17.9,13.64,35.63,0.86,0.87,68.11
2022-01-07,CAM RANH,12.25,109.2,1.41,24.23,25.68,23.15,21.92,24.6,87.01,16.44,100.49,6.99,11.2,17.19,34.29,0.85,0.86,23.03
2022-01-08,CAM RANH,12.25,109.2,2.16,24.31,25.85,23.27,22.26,24.67,88.46,16.82,100.38,6.03,11.9,20.24,34.2,0.85,0.86,28.44
2022-01-09,CAM RANH,12.25,109.2,3.41,24.54,25.8,23.63,22.3,24.75,87.33,16.87,100.3,6.11,35.6,15.53,35.6,0.85,0.86,62.84
2022-01-10,CAM RANH,12.25,109.2,0.55,24.42,25.95,23.02,20.95,24.58,81.03,15.49,100.44,5.14,34.4,17.84,33.77,0.84,0.85,35.2
2022-01-11,CAM RANH,12.25,109.2,0.21,23.57,24.99,22.47,20.57,24.42,83.36,15.12,100.54,6.5,30.2,18.37,34.07,0.83,0.84,51.4
2022-01-12,CAM RANH,12.25,109.2,0.21,23.79,25.05,22.94,20.56,24.47,82.12,15.1,100.58,6.89,32.9,16.63,33.9,0.83,0.83,50.07
2022-01-13,CAM RANH,12.25,109.2,0.18,23.83,25.12,23.04,20.07,24.36,79.52,14.64,100.58,7.77,27.4,18.87,33.58,0.82,0.83,53.64
2022-01-14,CAM RANH,12.25,109.2,0.08,23.86,25.34,22.84,19.25,24.2,75.37,13.91,100.54,6.5,31.1,17.61,33.16,0.81,0.82,58.55
2022-01-15,CAM RANH,12.25,109.2,0.06,23.95,25.25,23.08,19.23,24.06,75.07,13.91,100.51,5.83,25.8,20.44,32.61,0.81,0.81,17.2
2022-01-16,CAM RANH,12.25,109.2,0.98,24.37,25.57,23.31,21.67,24.81,85.02,16.2,100.45,5.77,35.8,15.32,35.08,0.81,0.81,52.16
2022-01-17,CAM RANH,12.25,109.2,0.79,24.41,25.92,23.35,21.53,24.96,84.05,16.06,100.47,7.21,25.2,18.41,35.07,0.8,0.8,69.39
2022-01-18,CAM RANH,12.25,109.2,0.75,24.23,25.4,23.28,21.02,24.83,82.24,15.56,100.41,8.34,22.6,15.64,34.26,0.79,0.79,57.5
2022-01-19,CAM RANH,12.25,109.2,0.67,24.2,25.68,23.27,20.75,24.73,81.16,15.33,100.29,8.14,23.0,15.37,34.42,0.79,0.79,48.5
2022-01-20,CAM RANH,12.25,109.2,0.3,24.07,25.63,23.12,20.57,24.62,80.91,15.16,100.29,7.01,19.1,16.07,34.32,0.78,0.78,43.88
2022-01-21,CAM RANH,12.25,109.2,0.07,24.17,25.93,22.79,20.86,24.65,81.93,15.44,100.27,5.16,17.2,19.78,33.05,0.77,0.77,14.4
2022-01-22,CAM RANH,12.25,109.2,0.03,24.55,26.24,23.5,20.84,25.09,79.9,15.44,100.08,3.17,37.4,21.29,33.38,0.77,0.77,13.57
2022-01-23,CAM RANH,12.25,109.2,0.03,24.95,26.67,23.88,21.74,25.63,82.54,16.33,100.09,2.02,74.8,20.31,33.61,0.76,0.76,12.4
2022-01-24,CAM RANH,12.25,109.2,0.02,25.16,26.87,24.14,22.24,25.77,83.89,16.83,100.1,3.18,45.0,19.42,34.31,0.76,0.75,14.82
2022-01-25,CAM RANH,12.25,109.2,0.06,25.2,26.75,24.11,21.72,25.61,81.13,16.29,100.18,4.86,31.4,16.92,34.34,0.75,0.75,23.67
2022-01-26,CAM RANH,12.25,109.2,0.02,25.06,26.68,23.79,21.91,25.53,82.76,16.48,100.2,6.35,17.4,19.53,33.53,0.74,0.74,19.42
2022-01-27,CAM RANH,12.25,109.2,0.29,24.84,26.53,23.46,21.5,25.38,81.94,16.08,100.15,7.65,359.5,19.68,33.91,0.73,0.73,78.93
2022-01-28,CAM RANH,12.25,109.2,0.15,24.98,26.72,23.76,22.47,25.32,86.08,17.08,100.07,7.28,354.0,16.94,35.1,0.73,0.73,67.41
2022-01-29,CAM RANH,12.25,109.2,0.02,24.94,27.19,23.74,21.76,25.52,82.73,16.35,100.08,4.31,11.5,21.17,34.39,0.72,0.72,28.9
2022-01-30,CAM RANH,12.25,109.2,0.06,25.57,27.18,24.4,22.65,26.15,84.03,17.27,100.12,3.48,58.5,17.19,35.52,0.7,0.72,44.86
2022-01-31,CAM RANH,12.25,109.2,0.17,25.3,26.65,24.29,21.19,25.65,77.96,15.76,100.22,4.08,56.0,16.21,35.54,0.7,0.71,63.91
2022-02-01,CAM RANH,12.25,109.2,0.15,24.97,26.53,23.66,21.55,25.69,81.56,16.11,100.27,5.07,25.5,17.21,35.15,0.69,0.71,55.78
2022-02-02,CAM RANH,12.25,109.2,0.55,24.98,26.46,24.02,22.62,25.78,86.89,17.19,100.34,5.95,17.1,19.65,34.91,0.68,0.7,52.92
2022-02-03,CAM RANH,12.25,109.2,0.37,25.16,26.7,24.03,22.47,25.86,85.14,17.04,100.29,6.35,29.7,16.56,36.33,0.67,0.7,64.19
2022-02-04,CAM RANH,12.25,109.2,1.22,24.83,26.17,24.02,22.05,25.51,84.59,16.59,100.38,9.29,29.1,12.12,36.44,0.67,0.69,84.5
2022-02-05,CAM RANH,12.25,109.2,3.01,24.59,25.85,23.62,21.27,25.25,81.8,15.8,100.45,9.81,31.6,14.57,36.08,0.67,0.69,95.17
2022-02-06,CAM RANH,12.25,109.2,4.67,24.73,25.98,24.01,22.43,25.37,87.12,16.99,100.35,6.89,31.8,7.87,36.0,0.69,0.69,92.55
2022-02-07,CAM RANH,12.25,109.2,1.66,25.37,26.85,24.32,23.41,25.94,89.04,18.07,100.24,4.4,28.2,18.29,35.98,0.68,0.69,48.81
2022-02-08,CAM RANH,12.25,109.2,1.73,25.46,27.1,24.27,23.35,25.87,88.32,18.0,100.25,4.73,23.0,17.53,35.89,0.67,0.69,84.54
2022-02-09,CAM RANH,12.25,109.2,1.65,25.43,26.83,24.47,23.67,25.73,90.05,18.35,100.25,5.26,28.6,17.49,36.25,0.67,0.69,83.75
2022-02-10,CAM RANH,12.25,109.2,0.32,25.42,26.7,24.51,23.06,25.98,86.85,17.69,100.17,5.79,31.2,17.9,36.07,0.65,0.68,72.26
2022-02-11,CAM RANH,12.25,109.2,0.75,25.51,27.01,24.47,22.99,26.19,86.08,17.62,100.1,6.04,31.8,16.66,35.96,0.65,0.67,90.97
2022-02-12,CAM RANH,12.25,109.2,0.83,25.57,27.02,24.63,22.98,26.18,85.65,17.63,100.0,5.66,37.9,16.48,36.09,0.64,0.67,98.75
2022-02-13,CAM RANH,12.25,109.2,0.69,25.47,26.72,24.56,23.33,26.07,88.02,18.03,99.92,5.21,31.5,12.25,36.82,0.64,0.67,93.92
2022-02-14,CAM RANH,12.25,109.2,2.68,25.4,26.93,24.39,23.21,26.13,87.74,17.86,100.1,7.44,27.5,10.95,36.89,0.64,0.67,87.55
2022-02-15,CAM RANH,12.25,109.2,5.92,25.38,26.65,24.46,23.31,26.01,88.4,17.99,100.05,5.19,45.4,7.07,37.02,0.67,0.67,91.66
2022-02-16,CAM RANH,12.25,109.2,2.56,25.39,26.63,24.45,22.93,26.16,86.26,17.59,99.95,4.0,75.8,15.91,36.26,0.65,0.67,61.66
2022-02-17,CAM RANH,12.25,109.2,0.65,25.79,27.33,24.66,22.28,26.56,81.05,16.9,99.97,2.04,91.1,18.8,36.01,0.63,0.66,45.15
2022-02-18,CAM RANH,12.25,109.2,0.67,25.92,27.52,24.79,23.13,26.73,84.77,17.78,100.11,2.2,88.8,18.9,35.02,0.62,0.66,27.75
2022-02-19,CAM RANH,12.25,109.2,0.34,25.75,27.39,24.49,23.14,26.69,85.58,17.78,100.12,2.38,98.2,21.58,35.65,0.61,0.65,72.53
2022-02-20,CAM RANH,12.25,109.2,0.45,23.93,25.92,22.08,21.19,25.45,84.73,15.8,100.23,8.05,11.1,14.11,36.09,0.61,0.65,90.08
2022-02-21,CAM RANH,12.25,109.2,0.38,23.47,25.51,22.13,20.32,25.1,82.65,14.92,100.4,9.41,2.9,16.3,34.97,0.61,0.65,84.09
2022-02-22,CAM RANH,12.25,109.2,0.49,23.08,24.85,21.99,19.81,24.73,81.96,14.42,100.6,10.6,1.0,13.24,35.45,0.6,0.64,85.59
2022-02-23,CAM RANH,12.25,109.2,1.11,23.03,24.38,22.16,20.04,24.5,83.44,14.62,100.68,11.44,5.1,10.11,35.3,0.6,0.64,93.88
2022-02-24,CAM RANH,12.25,109.2,1.92,23.81,24.57,23.24,21.0,24.73,84.34,15.52,100.63,11.33,12.1,11.69,35.36,0.61,0.64,94.86
2022-02-25,CAM RANH,12.25,109.2,0.74,24.59,25.9,23.92,22.05,25.13,85.89,16.57,100.54,9.46,23.6,9.6,35.7,0.6,0.64,95.44
2022-02-26,CAM RANH,12.25,109.2,0.65,24.64,25.95,23.7,22.47,25.19,87.8,17.0,100.51,8.48,20.5,13.71,36.26,0.6,0.63,76.94
2022-02-27,CAM RANH,12.25,109.2,0.54,24.56,26.3,23.45,22.29,25.37,87.3,16.83,100.42,7.56,21.9,11.03,36.37,0.59,0.63,86.85
2022-02-28,CAM RANH,12.25,109.2,0.2,24.59,26.37,23.18,22.44,25.25,88.03,17.0,100.36,5.65,19.5,14.38,35.71,0.58,0.63,58.71
2022-03-01,CAM RANH,12.25,109.2,0.19,24.72,26.35,23.47,22.61,25.4,88.15,17.17,100.34,5.12,13.0,19.74,35.34,0.57,0.62,56.69
2022-03-02,CAM RANH,12.25,109.2,0.44,24.6,26.27,23.34,22.39,24.88,87.69,16.96,100.31,6.65,358.2,16.55,36.1,0.58,0.62,82.9
2022-03-03,CAM RANH,12.25,109.2,0.12,24.96,27.0,23.39,22.48,25.7,86.38,17.06,100.25,5.99,11.8,21.77,35.06,0.56,0.61,23.29
2022-03-04,CAM RANH,12.25,109.2,0.05,25.39,27.29,24.03,22.54,26.31,84.49,17.15,100.13,3.75,22.4,23.91,35.88,0.55,0.61,43.96
2022-03-05,CAM RANH,12.25,109.2,0.16,25.7,27.25,24.69,23.48,26.37,87.57,18.16,100.1,3.05,45.4,20.08,35.78,0.56,0.6,52.27
2022-03-06,CAM RANH,12.25,109.2,0.01,26.15,27.77,24.9,22.59,26.81,80.85,17.2,100.14,3.28,38.8,21.74,34.87,0.55,0.6,64.98
2022-03-07,CAM RANH,12.25,109.2,0.35,25.59,27.4,24.1,22.06,26.56,81.13,16.62,100.25,6.79,20.0,22.84,35.22,0.54,0.6,47.5
2022-03-08,CAM RANH,12.25,109.2,0.63,24.41,26.72,22.51,20.47,25.48,78.64,15.12,100.21,7.88,17.8,10.34,35.75,0.55,0.59,85.13
2022-03-09,CAM RANH,12.25,109.2,0.14,24.05,26.39,22.43,19.48,25.56,76.07,14.19,100.18,6.9,9.8,24.04,33.16,0.53,0.59,69.27
2022-03-10,CAM RANH,12.25,109.2,0.44,24.32,26.66,22.95,20.94,25.42,81.93,15.56,100.08,7.15,3.1,21.62,34.01,0.54,0.58,68.1
2022-03-11,CAM RANH,12.25,109.2,0.82,24.57,26.65,23.37,21.83,25.65,84.99,16.44,99.98,7.59,2.4,22.64,35.32,0.54,0.58,77.56
2022-03-12,CAM RANH,12.25,109.2,0.45,24.56,26.04,23.43,21.48,25.15,83.04,16.09,99.96,6.35,358.2,9.62,36.84,0.54,0.58,96.38
2022-03-13,CAM RANH,12.25,109.2,0.33,25.26,26.92,24.18,22.99,25.85,87.41,17.65,99.99,4.51,16.7,15.36,36.82,0.54,0.58,65.31
2022-03-14,CAM RANH,12.25,109.2,0.2,25.71,27.89,24.02,23.29,26.52,86.73,17.98,99.93,3.54,16.9,21.55,36.33,0.52,0.57,37.54
2022-03-15,CAM RANH,12.25,109.2,0.04,25.46,27.63,23.79,22.81,26.47,85.39,17.47,99.86,4.04,24.7,22.32,35.09,0.52,0.57,54.33
2022-03-16,CAM RANH,12.25,109.2,0.06,25.51,27.29,24.2,21.68,26.6,79.54,16.29,99.88,3.67,27.1,23.17,34.76,0.51,0.56,57.94
2022-03-17,CAM RANH,12.25,109.2,0.13,26.26,28.57,24.57,21.73,27.54,76.59,16.37,99.81,1.82,122.3,22.02,35.07,0.5,0.56,43.36
2022-03-18,CAM RANH,12.25,109.2,0.14,26.59,28.82,24.73,22.71,27.78,79.69,17.4,99.81,2.07,32.5,23.58,35.85,0.5,0.55,63.67
2022-03-19,CAM RANH,12.25,109.2,3.91,26.96,29.14,25.67,23.63,27.82,82.62,18.43,99.79,1.94,55.2,23.09,36.2,0.52,0.55,80.02
2022-03-20,CAM RANH,12.25,109.2,9.38,26.61,27.51,25.93,24.51,27.16,88.27,19.37,99.95,2.18,142.4,19.35,36.36,0.61,0.57,91.94
2022-03-21,CAM RANH,12.25,109.2,9.34,26.7,27.87,25.87,24.23,27.23,86.34,19.02,100.1,2.51,166.9,19.46,36.65,0.63,0.59,93.07
2022-03-22,CAM RANH,12.25,109.2,1.93,27.03,28.37,26.24,23.71,27.96,82.12,18.41,100.14,2.29,147.7,22.61,36.48,0.56,0.59,71.77
2022-03-23,CAM RANH,12.25,109.2,3.42,27.42,28.74,26.68,23.98,28.18,81.61,18.74,100.02,2.29,123.5,22.86,37.1,0.56,0.59,57.59
2022-03-24,CAM RANH,12.25,109.2,2.63,27.54,28.65,26.88,24.03,28.32,81.24,18.8,100.0,1.78,116.6,23.78,36.11,0.58,0.59,28.95
2022-03-25,CAM RANH,12.25,109.2,0.64,27.9,29.16,26.67,24.59,28.55,82.34,19.44,100.07,2.78,166.2,25.22,35.8,0.55,0.59,29.18
2022-03-26,CAM RANH,12.25,109.2,0.18,28.26,30.3,26.65,23.69,28.89,76.54,18.41,100.08,3.23,169.6,25.14,35.79,0.53,0.58,7.58
2022-03-27,CAM RANH,12.25,109.2,0.94,28.11,29.95,26.79,24.13,29.06,79.17,18.89,100.07,3.22,154.6,25.57,35.72,0.53,0.58,37.57
2022-03-28,CAM RANH,12.25,109.2,3.58,27.08,28.46,25.94,24.1,28.05,83.89,18.85,100.16,5.18,21.2,22.54,36.27,0.56,0.58,63.1
2022-03-29,CAM RANH,12.25,109.2,6.74,26.66,27.55,25.99,23.92,27.89,84.96,18.66,100.07,5.47,24.4,13.42,36.63,0.6,0.58,79.26
2022-03-30,CAM RANH,12.25,109.2,106.92,26.45,27.63,25.8,24.29,27.29,87.98,19.13,99.85,9.23,17.7,6.64,36.97,0.84,0.65,98.58
2022-03-31,CAM RANH,12.25,109.2,98.15,27.24,27.63,26.8,25.2,27.14,88.56,20.2,99.9,7.83,122.4,6.57,36.74,0.9,0.76,99.16
2022-04-01,CAM RANH,12.25,109.2,6.03,27.49,28.91,26.17,24.5,27.85,83.96,19.32,100.15,4.53,83.9,12.74,37.05,0.78,0.76,93.7
2022-04-02,CAM RANH,12.25,109.2,18.28,25.92,27.19,24.36,23.11,26.56,84.57,17.73,100.3,8.41,10.7,15.52,36.33,0.82,0.76,87.48
2022-04-03,CAM RANH,12.25,109.2,25.66,25.13,26.01,24.72,22.73,26.11,86.54,17.31,100.33,10.38,15.8,8.59,36.61,0.88,0.79,97.62
2022-04-04,CAM RANH,12.25,109.2,19.7,25.69,26.56,25.19,23.5,26.48,87.69,18.13,100.41,9.73,18.8,7.65,36.88,0.87,0.81,98.27
2022-04-05,CAM RANH,12.25,109.2,9.41,26.02,27.26,25.23,23.7,26.75,87.1,18.37,100.34,8.64,20.4,10.53,36.58,0.84,0.82,81.95
2022-04-06,CAM RANH,12.25,109.2,1.14,25.79,27.09,24.72,22.93,26.66,84.19,17.52,100.31,9.38,20.4,13.04,36.15,0.81,0.81,98.99
2022-04-07,CAM RANH,12.25,109.2,0.06,25.06,26.34,24.11,20.95,25.92,77.95,15.52,100.28,8.88,9.7,16.36,34.39,0.8,0.8,85.77
2022-04-08,CAM RANH,12.25,109.2,0.04,25.09,26.9,23.49,21.25,25.81,79.43,15.82,100.15,8.17,6.7,23.14,34.21,0.78,0.79,63.67
2022-04-09,CAM RANH,12.25,109.2,0.28,24.78,26.77,23.1,21.57,25.8,82.68,16.17,100.04,6.61,1.9,24.12,33.71,0.78,0.78,50.72
2022-04-10,CAM RANH,12.25,109.2,0.08,25.24,27.52,23.66,22.46,25.91,84.87,17.09,99.98,4.52,2.1,23.96,34.19,0.77,0.77,35.23
2022-04-11,CAM RANH,12.25,109.2,0.03,25.22,27.44,23.67,22.66,25.92,85.93,17.31,99.93,3.3,21.7,24.38,34.36,0.76,0.76,17.46
2022-04-12,CAM RANH,12.25,109.2,0.17,26.05,27.68,24.88,23.05,26.78,83.74,17.75,99.78,2.67,123.9,22.43,35.27,0.75,0.76,16.53
2022-04-13,CAM RANH,12.25,109.2,0.45,26.69,28.93,25.32,24.4,26.97,87.55,19.29,99.67,2.56,169.9,21.14,36.19,0.75,0.75,35.31
2022-04-14,CAM RANH,12.25,109.2,1.22,27.26,29.99,25.71,24.73,27.3,86.6,19.67,99.73,1.82,152.2,16.62,37.37,0.75,0.74,81.55
2022-04-15,CAM RANH,12.25,109.2,0.44,26.86,29.24,25.0,23.14,27.08,80.44,17.85,99.83,1.81,166.2,19.05,36.47,0.74,0.74,68.09
2022-04-16,CAM RANH,12.25,109.2,0.58,27.07,28.76,26.07,23.69,27.68,82.05,18.45,99.92,2.1,96.2,19.01,36.24,0.72,0.73,38.08
2022-04-17,CAM RANH,12.25,109.2,0.39,26.64,28.12,25.3,23.54,27.5,83.07,18.25,100.06,4.95,43.2,21.93,35.75,0.71,0.72,28.22
2022-04-18,CAM RANH,12.25,109.2,0.06,26.45,28.07,25.18,22.94,27.39,81.27,17.56,100.18,6.36,20.3,24.48,35.68,0.7,0.71,48.26
2022-04-19,CAM RANH,12.25,109.2,1.41,26.45,28.11,25.17,23.5,27.44,84.09,18.18,100.19,7.53,7.8,22.28,36.57,0.69,0.71,66.3
2022-04-20,CAM RANH,12.25,109.2,0.98,26.55,28.26,25.27,24.03,27.46,86.33,18.79,100.08,5.33,18.6,16.28,36.58,0.69,0.7,80.01
2022-04-21,CAM RANH,12.25,109.2,1.33,26.71,28.5,25.41,23.91,27.6,84.91,18.66,100.06,3.94,29.9,24.65,35.39,0.68,0.7,37.13
2022-04-22,CAM RANH,12.25,109.2,0.55,27.18,28.86,25.79,24.12,28.07,83.63,18.91,100.01,2.25,41.5,24.72,35.5,0.66,0.69,14.47
2022-04-23,CAM RANH,12.25,109.2,1.87,27.51,29.23,26.37,24.79,28.49,85.42,19.72,99.92,1.88,103.2,25.0,36.03,0.66,0.68,41.14
2022-04-24,CAM RANH,12.25,109.2,0.82,27.64,29.09,26.64,24.71,28.49,84.22,19.63,99.81,2.43,136.0,25.18,36.04,0.66,0.68,53.65
2022-04-25,CAM RANH,12.25,109.2,0.63,28.08,29.56,26.84,24.8,28.8,82.59,19.75,99.81,3.19,156.5,25.33,35.8,0.65,0.67,42.13
2022-04-26,CAM RANH,12.25,109.2,0.17,28.19,30.01,26.92,25.2,28.98,84.01,20.23,99.75,3.95,163.4,25.22,35.7,0.63,0.67,18.95
2022-04-27,CAM RANH,12.25,109.2,0.52,28.19,29.54,27.33,24.98,28.9,82.75,19.95,99.79,3.48,144.0,25.18,35.81,0.63,0.66,23.49
2022-04-28,CAM RANH,12.25,109.2,3.5,27.94,29.09,26.72,24.76,28.31,82.88,19.67,99.88,2.79,110.5,20.59,37.15,0.66,0.66,91.04
2022-04-29,CAM RANH,12.25,109.2,15.44,27.16,27.83,26.61,24.9,27.98,87.43,19.87,99.78,6.92,57.6,7.11,37.38,0.73,0.68,96.83
2022-04-30,CAM RANH,12.25,109.2,18.27,27.55,28.1,27.29,24.85,27.82,85.16,19.8,99.76,6.59,145.9,20.12,37.13,0.78,0.71,84.53
2022-05-01,CAM RANH,12.25,109.2,5.41,28.11,29.37,27.17,24.9,28.56,82.83,19.88,99.72,4.52,163.2,15.34,37.38,0.72,0.71,79.93
2022-05-02,CAM RANH,12.25,109.2,15.35,27.55,28.78,26.14,24.78,28.15,84.99,19.7,99.82,3.2,102.6,21.5,37.26,0.77,0.72,77.0
2022-05-03,CAM RANH,12.25,109.2,16.89,26.57,26.95,26.38,24.65,27.3,89.15,19.53,99.95,4.4,47.9,16.17,37.31,0.83,0.75,79.47
2022-05-04,CAM RANH,12.25,109.2,4.46,26.99,27.92,26.18,24.99,27.5,88.81,19.94,99.96,5.25,29.9,18.02,37.44,0.79,0.76,82.21
2022-05-05,CAM RANH,12.25,109.2,0.33,26.95,28.0,26.05,24.4,27.95,85.93,19.25,99.88,3.94,51.2,21.9,36.48,0.75,0.75,65.35
2022-05-06,CAM RANH,12.25,109.2,0.24,27.32,28.98,26.25,23.79,28.21,81.32,18.55,99.9,3.79,40.9,24.72,35.82,0.73,0.74,50.91
2022-05-07,CAM RANH,12.25,109.2,3.32,27.66,29.14,26.67,24.94,28.24,85.43,19.89,99.91,4.0,35.5,18.96,36.99,0.74,0.73,95.67
2022-05-08,CAM RANH,12.25,109.2,5.95,27.55,28.82,26.69,25.19,27.87,87.16,20.19,99.93,3.99,39.0,10.35,37.29,0.76,0.73,97.29
2022-05-09,CAM RANH,12.25,109.2,1.6,27.47,28.85,26.46,25.37,27.99,88.45,20.41,99.92,2.86,44.0,22.93,36.6,0.75,0.73,69.22
2022-05-10,CAM RANH,12.25,109.2,0.68,28.0,29.73,26.95,25.17,28.88,84.89,20.2,99.82,1.88,107.8,24.59,36.33,0.72,0.72,64.12
2022-05-11,CAM RANH,12.25,109.2,1.06,28.39,30.22,27.28,25.62,29.06,85.35,20.76,99.79,3.12,159.4,24.18,36.82,0.71,0.72,46.49
2022-05-12,CAM RANH,12.25,109.2,12.03,28.26,29.47,27.62,25.62,28.42,85.67,20.75,99.75,3.06,186.2,23.62,36.97,0.77,0.73,27.75
2022-05-13,CAM RANH,12.25,109.2,2.6,28.48,29.3,27.75,26.16,28.55,87.3,21.44,99.69,4.13,176.8,24.59,37.34,0.75,0.73,44.12
2022-05-14,CAM RANH,12.25,109.2,2.38,28.33,29.4,27.47,26.33,28.5,88.99,21.63,99.85,4.44,181.0,24.73,37.07,0.75,0.73,39.49
2022-05-15,CAM RANH,12.25,109.2,3.93,28.29,29.6,27.33,26.1,28.45,87.99,21.32,99.84,3.2,171.6,24.7,37.17,0.75,0.73,56.17
2022-05-16,CAM RANH,12.25,109.2,31.25,28.03,29.66,26.94,25.79,28.21,87.76,20.95,99.85,2.47,355.5,20.56,37.34,0.84,0.76,98.41
2022-05-17,CAM RANH,12.25,109.2,1.85,27.2,28.2,26.37,24.8,27.78,86.72,19.72,99.9,5.65,7.0,20.52,36.55,0.78,0.77,86.08
2022-05-18,CAM RANH,12.25,109.2,10.64,27.08,28.61,26.02,24.54,27.92,86.06,19.4,99.97,3.23,25.9,18.77,36.61,0.81,0.77,90.15
2022-05-19,CAM RANH,12.25,109.2,2.5,27.21,28.1,26.81,24.76,28.33,86.55,19.67,99.95,3.79,112.2,23.31,36.79,0.78,0.77,67.47
2022-05-20,CAM RANH,12.25,109.2,4.07,27.91,29.38,27.05,25.17,28.3,85.28,20.2,99.77,4.63,156.7,21.87,37.33,0.78,0.77,81.63
2022-05-21,CAM RANH,12.25,109.2,11.05,27.9,29.12,26.81,25.08,28.13,84.73,20.13,99.58,2.52,175.7,20.17,37.31,0.82,0.78,93.58
2022-05-22,CAM RANH,12.25,109.2,13.5,27.7,28.81,26.58,24.55,27.95,83.05,19.54,99.41,3.59,186.3,20.59,36.68,0.84,0.79,98.0
2022-05-23,CAM RANH,12.25,109.2,28.07,28.16,30.03,26.77,24.07,28.59,78.94,18.97,99.6,3.08,194.8,19.13,37.28,0.86,0.8,92.19
2022-05-24,CAM RANH,12.25,109.2,18.63,28.55,30.17,27.28,25.12,28.91,82.18,20.16,99.84,3.12,179.0,22.35,37.17,0.86,0.83,72.11
2022-05-25,CAM RANH,12.25,109.2,17.53,28.16,29.41,27.46,25.64,28.53,86.36,20.78,99.78,2.88,161.1,20.07,37.5,0.88,0.85,94.81
2022-05-26,CAM RANH,12.25,109.2,29.52,27.64,28.36,26.64,24.84,28.19,84.8,19.84,99.57,2.77,194.7,18.24,37.32,0.92,0.88,96.96
2022-05-27,CAM RANH,12.25,109.2,5.29,27.81,29.6,26.85,24.78,28.32,83.77,19.8,99.42,2.95,193.2,21.41,37.11,0.87,0.88,64.98
2022-05-28,CAM RANH,12.25,109.2,5.86,28.32,30.64,26.47,23.53,28.37,75.58,18.35,99.5,2.84,222.8,23.25,36.74,0.87,0.88,74.19
2022-05-29,CAM RANH,12.25,109.2,3.72,28.71,30.72,27.3,25.2,29.04,81.67,20.29,99.56,2.93,196.2,21.33,37.43,0.85,0.88,94.22
2022-05-30,CAM RANH,12.25,109.2,4.0,28.06,28.99,27.03,25.38,28.34,85.48,20.5,99.55,2.59,189.7,17.33,37.83,0.87,0.88,83.07
2022-05-31,CAM RANH,12.25,109.2,3.95,28.29,29.73,27.42,25.8,28.59,86.61,21.03,99.56,3.23,160.5,20.72,37.58,0.86,0.88,48.55
2022-06-01,CAM RANH,12.25,109.2,4.5,27.88,28.97,26.88,26.23,28.06,90.79,21.56,99.63,3.32,181.1,24.74,36.95,0.87,0.88,51.62
2022-06-02,CAM RANH,12.25,109.2,7.46,27.6,28.75,26.8,25.8,27.81,89.98,20.99,99.75,3.52,176.7,22.95,36.79,0.88,0.88,77.68
2022-06-03,CAM RANH,12.25,109.2,3.26,27.78,29.11,26.48,25.19,27.86,85.94,20.23,99.74,3.38,189.9,24.66,36.81,0.87,0.88,45.08
2022-06-04,CAM RANH,12.25,109.2,1.07,27.96,29.98,26.12,24.27,27.85,80.78,19.14,99.78,2.12,211.0,25.45,36.78,0.86,0.88,52.71
2022-06-05,CAM RANH,12.25,109.2,1.34,27.89,29.6,26.67,24.93,27.83,84.3,19.95,99.64,2.64,196.0,25.57,36.19,0.86,0.87,19.41
2022-06-06,CAM RANH,12.25,109.2,2.04,28.48,30.27,27.4,25.45,28.43,83.92,20.6,99.55,2.72,199.3,25.4,36.83,0.85,0.87,35.19
2022-06-07,CAM RANH,12.25,109.2,3.75,28.04,29.55,26.88,24.13,27.78,79.43,18.98,99.67,2.11,245.6,23.26,36.51,0.86,0.87,82.45
2022-06-08,CAM RANH,12.25,109.2,4.13,28.19,29.65,26.89,24.97,28.01,82.76,19.96,99.71,1.8,209.2,23.36,36.32,0.86,0.87,89.57
2022-06-09,CAM RANH,12.25,109.2,9.92,28.19,29.41,27.28,25.72,28.06,86.6,20.91,99.69,3.03,187.6,25.21,36.71,0.87,0.87,60.66
2022-06-10,CAM RANH,12.25,109.2,9.14,28.02,29.57,26.87,25.42,27.78,86.04,20.53,99.74,2.41,213.4,23.49,36.65,0.89,0.89,79.75
2022-06-11,CAM RANH,12.25,109.2,1.55,28.17,29.29,27.15,25.82,28.13,87.17,21.0,99.77,3.27,187.9,24.53,36.67,0.86,0.88,63.51
2022-06-12,CAM RANH,12.25,109.2,0.88,28.29,29.33,27.29,25.76,28.32,86.21,20.93,99.79,3.99,183.9,24.66,36.96,0.86,0.88,60.31
2022-06-13,CAM RANH,12.25,109.2,1.14,28.41,29.5,27.5,25.1,28.68,82.3,20.1,99.76,3.81,188.7,24.72,36.54,0.86,0.87,70.9
2022-06-14,CAM RANH,12.25,109.2,1.43,28.72,29.62,27.87,25.65,28.86,83.57,20.78,99.77,4.22,180.7,24.21,36.71,0.85,0.87,51.51
2022-06-15,CAM RANH,12.25,109.2,6.08,28.84,30.4,27.46,25.81,28.74,83.84,21.01,99.87,3.43,174.8,23.77,37.21,0.87,0.87,64.18
2022-06-16,CAM RANH,12.25,109.2,0.11,28.46,29.64,27.42,24.34,28.84,78.52,19.17,99.94,3.18,178.5,22.98,36.97,0.85,0.87,43.43
2022-06-17,CAM RANH,12.25,109.2,0.18,28.89,29.98,27.99,24.91,29.26,79.2,19.86,99.84,4.25,186.4,25.18,36.81,0.84,0.86,27.88
2022-06-18,CAM RANH,12.25,109.2,0.33,29.1,30.78,27.77,25.29,29.29,80.14,20.33,99.81,4.8,188.6,24.32,37.0,0.84,0.85,41.37
2022-06-19,CAM RANH,12.25,109.2,0.36,28.95,30.18,27.99,25.2,29.07,80.25,20.25,99.67,3.64,197.8,24.85,37.09,0.84,0.85,36.7
2022-06-20,CAM RANH,12.25,109.2,1.76,29.2,31.0,27.67,25.37,29.25,80.15,20.51,99.48,3.25,193.5,25.72,36.93,0.84,0.84,38.03
2022-06-21,CAM RANH,12.25,109.2,3.4,28.82,30.47,27.32,25.23,28.85,81.15,20.3,99.62,2.31,218.5,23.9,36.86,0.84,0.84,74.74
2022-06-22,CAM RANH,12.25,109.2,4.53,28.45,29.65,27.55,24.45,28.67,79.04,19.31,99.89,3.18,135.5,23.0,36.82,0.85,0.84,82.34
2022-06-23,CAM RANH,12.25,109.2,4.94,28.18,29.03,27.27,24.37,28.9,79.83,19.21,99.87,2.16,135.6,14.14,37.03,0.85,0.85,91.01
2022-06-24,CAM RANH,12.25,109.2,1.76,28.34,29.59,27.49,24.25,29.18,78.69,19.11,99.76,3.57,172.2,23.03,36.82,0.84,0.84,73.54
2022-06-25,CAM RANH,12.25,109.2,2.23,27.68,28.63,27.17,24.38,28.58,82.25,19.25,99.79,3.65,167.8,22.5,36.86,0.84,0.84,64.11
2022-06-26,CAM RANH,12.25,109.2,0.87,28.51,29.63,27.63,24.48,29.28,79.0,19.35,99.88,3.73,172.8,24.65,37.28,0.83,0.84,37.2
2022-06-27,CAM RANH,12.25,109.2,1.49,29.46,30.84,28.32,24.94,29.8,76.92,19.94,99.74,2.38,196.7,24.64,37.46,0.83,0.83,72.82
2022-06-28,CAM RANH,12.25,109.2,4.58,29.37,30.87,27.99,25.07,29.13,77.78,20.13,99.49,2.18,239.7,18.57,37.15,0.84,0.83,96.79
2022-06-29,CAM RANH,12.25,109.2,37.28,28.95,30.33,27.44,25.68,28.81,82.63,20.94,99.28,2.31,221.7,14.05,37.44,0.89,0.84,99.01
2022-06-30,CAM RANH,12.25,109.2,17.77,28.04,29.2,26.83,25.0,28.27,83.57,20.11,99.26,3.54,224.2,13.87,37.12,0.91,0.89,99.31
2022-07-01,CAM RANH,12.25,109.2,1.27,28.39,30.36,26.98,24.06,28.37,77.52,18.99,99.32,5.03,213.6,11.1,37.13,0.86,0.88,97.75
2022-07-02,CAM RANH,12.25,109.2,0.86,29.1,31.31,27.78,24.79,28.91,77.98,19.85,99.4,3.93,208.0,20.45,37.4,0.85,0.87,90.24
2022-07-03,CAM RANH,12.25,109.2,3.87,29.16,31.04,27.53,25.23,29.15,79.68,20.36,99.46,2.85,206.9,21.82,37.35,0.85,0.87,95.55
2022-07-04,CAM RANH,12.25,109.2,3.36,29.24,31.13,27.78,25.72,29.24,81.56,20.96,99.46,2.55,207.7,23.59,37.3,0.86,0.87,83.87
2022-07-05,CAM RANH,12.25,109.2,2.17,28.8,30.36,27.85,24.86,28.94,79.57,19.87,99.63,1.93,191.2,22.67,37.22,0.85,0.86,84.99
2022-07-06,CAM RANH,12.25,109.2,29.36,28.89,30.42,27.6,25.87,28.76,83.9,21.11,99.63,2.99,206.4,23.33,37.44,0.89,0.87,78.94
2022-07-07,CAM RANH,12.25,109.2,4.42,28.48,29.92,27.64,25.32,28.5,83.11,20.41,99.65,2.43,196.8,18.74,37.23,0.88,0.89,98.0
2022-07-08,CAM RANH,12.25,109.2,14.03,27.95,29.83,26.68,24.96,28.49,84.1,19.97,99.58,2.47,165.5,11.5,37.43,0.9,0.9,99.52
2022-07-09,CAM RANH,12.25,109.2,11.69,27.32,28.59,26.29,23.79,27.9,81.16,18.62,99.51,2.85,267.6,9.07,37.05,0.9,0.9,99.66
2022-07-10,CAM RANH,12.25,109.2,32.71,27.28,28.42,26.5,24.0,28.17,82.38,18.87,99.47,1.38,152.2,11.81,37.1,0.94,0.93,99.36
2022-07-11,CAM RANH,12.25,109.2,10.72,27.6,28.46,27.02,24.48,28.28,83.14,19.43,99.51,2.06,168.8,19.8,37.33,0.92,0.94,95.94
2022-07-12,CAM RANH,12.25,109.2,12.94,27.91,28.9,27.22,24.38,28.73,81.22,19.33,99.41,2.17,148.8,16.42,37.37,0.92,0.94,96.09
2022-07-13,CAM RANH,12.25,109.2,3.68,28.3,29.49,27.18,24.21,28.77,78.61,19.15,99.32,1.58,162.3,18.75,37.55,0.91,0.94,97.15
2022-07-14,CAM RANH,12.25,109.2,5.75,28.38,29.68,27.56,24.47,28.68,79.58,19.44,99.43,2.65,210.5,21.02,37.43,0.91,0.94,84.96
2022-07-15,CAM RANH,12.25,109.2,2.16,28.48,30.36,27.31,25.23,29.09,83.01,20.33,99.59,3.31,179.4,21.98,37.38,0.9,0.94,59.13
2022-07-16,CAM RANH,12.25,109.2,2.93,28.7,29.77,28.04,25.69,29.28,83.82,20.85,99.65,2.99,187.9,23.91,37.38,0.9,0.93,71.67
2022-07-17,CAM RANH,12.25,109.2,3.76,28.74,30.12,27.1,25.49,28.93,82.67,20.61,99.63,2.51,205.3,23.49,37.58,0.9,0.93,62.71
2022-07-18,CAM RANH,12.25,109.2,3.25,28.47,29.79,27.53,25.28,28.5,83.0,20.37,99.59,2.67,186.9,23.79,37.12,0.9,0.93,73.43
2022-07-19,CAM RANH,12.25,109.2,13.26,28.21,29.75,27.05,25.34,28.54,84.63,20.45,99.58,2.41,180.5,10.4,37.56,0.91,0.93,98.69
2022-07-20,CAM RANH,12.25,109.2,21.12,27.08,27.87,26.34,24.55,27.76,85.96,19.43,99.81,5.75,183.6,7.96,36.79,0.94,0.95,99.38
2022-07-21,CAM RANH,12.25,109.2,2.95,27.47,28.54,26.8,24.09,28.14,81.82,18.87,100.01,3.37,162.4,21.87,36.56,0.91,0.94,69.77
2022-07-22,CAM RANH,12.25,109.2,1.3,27.95,29.02,26.81,24.21,28.5,80.12,19.0,100.0,2.55,67.0,22.11,36.38,0.9,0.94,85.95
2022-07-23,CAM RANH,12.25,109.2,1.11,27.74,28.79,26.87,24.1,28.43,80.63,18.9,99.9,2.77,29.9,22.72,36.98,0.9,0.93,62.41
2022-07-24,CAM RANH,12.25,109.2,1.22,28.13,29.08,27.4,24.95,28.86,82.85,19.91,99.78,2.23,51.1,24.66,36.85,0.89,0.92,34.29
2022-07-25,CAM RANH,12.25,109.2,0.52,28.11,28.9,27.25,24.87,28.66,82.62,19.82,99.8,2.07,98.6,23.51,37.03,0.89,0.92,63.31
2022-07-26,CAM RANH,12.25,109.2,2.73,28.09,29.6,27.02,24.74,28.79,82.15,19.67,99.78,2.31,171.6,19.78,37.02,0.89,0.92,88.67
2022-07-27,CAM RANH,12.25,109.2,2.23,28.21,29.87,26.98,23.48,28.95,75.83,18.23,99.77,2.7,172.2,15.87,37.08,0.89,0.91,91.54
2022-07-28,CAM RANH,12.25,109.2,1.6,28.69,30.35,27.85,24.59,29.39,78.79,19.52,99.72,2.63,179.7,22.81,37.53,0.88,0.91,52.43
2022-07-29,CAM RANH,12.25,109.2,8.17,29.14,30.82,27.94,25.57,29.64,81.26,20.73,99.58,2.88,198.4,23.38,38.15,0.89,0.91,68.23
2022-07-30,CAM RANH,12.25,109.2,22.63,28.55,29.77,27.72,25.11,28.83,81.73,20.17,99.55,3.03,228.4,14.43,37.51,0.93,0.93,97.68
2022-07-31,CAM RANH,12.25,109.2,19.63,28.16,29.4,27.07,24.6,28.63,81.11,19.57,99.56,4.71,194.3,18.91,36.91,0.93,0.94,97.67
2022-08-01,CAM RANH,12.25,109.2,7.25,28.5,30.46,27.35,24.27,29.03,78.49,19.2,99.64,2.74,185.6,19.65,37.01,0.92,0.94,97.45
2022-08-02,CAM RANH,12.25,109.2,9.74,28.37,29.65,27.68,24.45,28.85,79.59,19.36,99.75,2.61,183.1,19.35,37.32,0.92,0.94,97.41
2022-08-03,CAM RANH,12.25,109.2,19.9,28.13,29.13,26.91,24.84,28.76,82.4,19.79,99.81,1.73,185.5,17.34,37.49,0.93,0.94,96.48
2022-08-04,CAM RANH,12.25,109.2,5.0,28.68,29.78,27.55,24.83,28.81,79.78,19.79,99.7,3.57,192.8,19.19,37.34,0.92,0.95,97.93
2022-08-05,CAM RANH,12.25,109.2,8.88,28.39,29.87,27.22,24.14,28.57,77.87,18.99,99.65,1.51,232.3,19.83,36.93,0.92,0.95,92.16
2022-08-06,CAM RANH,12.25,109.2,13.72,27.58,28.56,26.82,24.1,28.45,81.46,18.97,99.58,2.25,181.9,22.57,36.75,0.93,0.96,83.5
2022-08-07,CAM RANH,12.25,109.2,63.14,27.53,28.89,26.45,23.99,28.41,81.09,18.86,99.47,1.72,235.8,7.63,37.21,0.97,0.97,99.54
2022-08-08,CAM RANH,12.25,109.2,15.03,27.87,29.45,26.46,24.09,28.16,79.93,19.01,99.38,5.13,244.7,13.63,37.24,0.95,0.98,99.88
2022-08-09,CAM RANH,12.25,109.2,9.58,27.86,29.61,26.63,23.43,28.08,76.91,18.25,99.38,4.54,226.8,13.14,36.86,0.95,0.98,98.1
2022-08-10,CAM RANH,12.25,109.2,7.24,28.64,30.98,27.11,24.73,28.9,79.69,19.74,99.46,3.99,209.2,20.56,37.31,0.94,0.97,95.38
2022-08-11,CAM RANH,12.25,109.2,5.52,28.55,30.53,26.93,23.95,28.85,76.39,18.81,99.7,3.06,207.5,20.1,36.97,0.93,0.97,81.71
2022-08-12,CAM RANH,12.25,109.2,5.71,28.9,30.66,27.49,23.9,29.24,74.8,18.74,99.79,2.31,185.8,23.11,37.15,0.93,0.96,68.97
2022-08-13,CAM RANH,12.25,109.2,7.47,28.74,30.38,27.89,24.38,28.92,77.55,19.26,99.75,2.27,201.0,23.91,37.49,0.93,0.96,55.71
2022-08-14,CAM RANH,12.25,109.2,9.66,28.73,30.63,27.31,24.84,28.8,79.83,19.81,99.75,2.49,224.2,23.39,37.54,0.94,0.96,74.08
2022-08-15,CAM RANH,12.25,109.2,8.32,28.14,29.76,27.16,24.57,28.53,81.16,19.49,99.74,3.22,205.8,6.2,37.36,0.94,0.97,99.75
2022-08-16,CAM RANH,12.25,109.2,2.27,28.67,30.42,26.98,24.51,28.87,78.53,19.44,99.65,2.93,224.0,21.04,37.28,0.92,0.96,98.05
2022-08-17,CAM RANH,12.25,109.2,4.62,28.73,30.52,27.12,24.88,28.75,79.86,19.87,99.68,2.22,228.0,20.58,37.11,0.92,0.96,93.57
2022-08-18,CAM RANH,12.25,109.2,3.79,28.49,29.91,27.04,24.68,28.38,80.16,19.65,99.62,1.42,219.6,24.49,36.83,0.92,0.96,72.57
2022-08-19,CAM RANH,12.25,109.2,13.54,28.1,29.6,26.58,24.84,28.19,82.55,19.86,99.57,1.87,199.3,20.52,37.34,0.94,0.96,95.96
2022-08-20,CAM RANH,12.25,109.2,8.0,28.03,29.36,27.07,24.8,28.08,82.75,19.81,99.56,3.13,196.4,17.95,37.2,0.93,0.96,98.99
2022-08-21,CAM RANH,12.25,109.2,3.36,28.22,29.44,27.04,25.0,28.62,82.8,20.02,99.62,3.89,186.3,22.73,37.18,0.92,0.96,83.37
2022-08-22,CAM RANH,12.25,109.2,10.03,28.46,30.63,26.98,24.77,28.87,80.78,19.73,99.72,2.16,178.7,24.19,37.01,0.93,0.96,75.35
2022-08-23,CAM RANH,12.25,109.2,10.09,28.57,30.09,27.31,24.77,28.36,79.99,19.73,99.7,1.72,215.3,24.56,36.73,0.93,0.96,70.78
2022-08-24,CAM RANH,12.25,109.2,12.58,28.18,29.82,27.12,25.06,28.37,83.4,20.11,99.56,2.69,186.9,22.45,36.66,0.94,0.96,91.78
2022-08-25,CAM RANH,12.25,109.2,4.19,27.75,28.82,26.71,24.87,27.97,84.34,19.85,99.67,5.32,187.4,21.79,36.67,0.93,0.97,98.47
2022-08-26,CAM RANH,12.25,109.2,2.68,28.33,30.01,27.14,24.73,28.62,80.98,19.64,99.92,2.65,181.2,22.44,37.64,0.92,0.96,74.97
2022-08-27,CAM RANH,12.25,109.2,1.91,28.41,30.07,27.02,24.06,28.8,77.5,18.87,99.87,1.87,35.6,24.9,36.55,0.92,0.96,60.72
2022-08-28,CAM RANH,12.25,109.2,4.11,27.66,29.03,26.76,24.8,28.28,84.52,19.75,99.78,4.54,23.9,11.3,37.36,0.92,0.95,98.51
2022-08-29,CAM RANH,12.25,109.2,1.22,27.8,28.62,26.92,24.65,28.57,82.92,19.54,99.92,1.3,94.6,21.37,36.9,0.91,0.95,68.8
2022-08-30,CAM RANH,12.25,109.2,0.71,27.9,29.09,27.12,24.64,29.01,82.49,19.54,99.85,2.3,138.5,25.33,36.13,0.91,0.95,21.13
2022-08-31,CAM RANH,12.25,109.2,0.37,28.97,30.23,28.16,24.12,29.15,75.16,18.97,99.68,3.41,163.9,25.17,36.68,0.91,0.94,27.53
2022-09-01,CAM RANH,12.25,109.2,1.53,29.05,29.94,28.02,25.15,29.54,79.54,20.16,99.76,3.32,153.7,24.36,36.91,0.9,0.94,40.06
2022-09-02,CAM RANH,12.25,109.2,4.18,28.95,30.68,27.68,25.28,29.48,80.99,20.35,99.74,3.84,160.1,23.48,36.98,0.91,0.93,80.58
2022-09-03,CAM RANH,12.25,109.2,8.62,28.74,30.01,27.82,25.29,29.13,81.71,20.36,99.7,2.7,208.5,22.87,37.34,0.91,0.93,77.64
2022-09-04,CAM RANH,12.25,109.2,8.48,29.11,31.0,27.44,25.03,29.45,78.84,20.04,99.74,2.35,215.7,24.39,37.15,0.91,0.94,67.57
2022-09-05,CAM RANH,12.25,109.2,20.19,28.74,30.28,27.11,24.25,29.18,76.98,19.13,99.75,2.23,217.4,21.28,37.29,0.93,0.94,95.79
2022-09-06,CAM RANH,12.25,109.2,23.2,27.53,29.5,26.27,23.9,28.71,80.79,18.69,99.79,1.55,98.6,9.45,36.99,0.95,0.96,99.65
2022-09-07,CAM RANH,12.25,109.2,13.08,27.32,27.88,26.85,24.02,28.56,82.17,18.81,99.9,3.46,149.5,10.17,36.82,0.94,0.97,97.63
2022-09-08,CAM RANH,12.25,109.2,1.83,28.77,29.64,28.08,24.11,29.24,75.98,18.9,99.98,3.42,163.2,22.61,37.51,0.92,0.96,64.64
2022-09-09,CAM RANH,12.25,109.2,1.31,28.94,30.23,27.96,24.33,29.39,76.24,19.14,100.03,1.99,124.4,21.71,37.21,0.91,0.95,73.05
2022-09-10,CAM RANH,12.25,109.2,1.82,28.39,29.51,27.34,24.11,29.26,77.62,18.89,100.02,1.78,96.2,22.64,36.82,0.91,0.95,67.42
2022-09-11,CAM RANH,12.25,109.2,2.3,27.81,28.75,27.08,24.21,29.06,80.79,19.03,99.91,2.32,113.7,16.32,36.65,0.91,0.94,92.4
2022-09-12,CAM RANH,12.25,109.2,2.68,28.3,29.39,27.7,24.03,29.53,77.72,18.83,99.85,1.34,143.9,23.58,37.08,0.91,0.94,51.56
2022-09-13,CAM RANH,12.25,109.2,11.36,28.27,28.87,27.78,24.98,29.2,82.34,19.93,99.93,2.3,156.3,21.23,36.92,0.92,0.94,78.56
2022-09-14,CAM RANH,12.25,109.2,13.39,28.95,30.05,27.7,24.47,29.3,76.82,19.34,99.94,2.04,249.9,21.85,37.43,0.93,0.95,87.61
2022-09-15,CAM RANH,12.25,109.2,24.56,28.05,29.07,27.09,24.01,28.84,78.76,18.82,99.82,2.69,187.6,14.76,37.13,0.95,0.97,99.65
2022-09-16,CAM RANH,12.25,109.2,7.0,28.93,30.06,27.75,23.95,29.2,74.68,18.8,99.63,1.95,205.5,20.31,37.16,0.93,0.97,89.12
2022-09-17,CAM RANH,12.25,109.2,6.36,29.38,31.38,27.38,23.65,29.31,71.7,18.45,99.69,2.2,258.3,21.07,36.88,0.93,0.96,97.51
2022-09-18,CAM RANH,12.25,109.2,1.79,29.01,30.74,27.96,23.68,29.28,73.24,18.47,99.78,2.77,219.0,18.88,37.2,0.92,0.96,90.07
2022-09-19,CAM RANH,12.25,109.2,2.4,29.18,31.17,26.92,24.31,29.38,75.4,19.19,99.71,1.93,213.8,22.48,37.71,0.92,0.95,79.05
2022-09-20,CAM RANH,12.25,109.2,3.95,27.54,27.99,27.13,23.81,28.79,80.17,18.6,99.76,2.1,192.1,19.76,37.19,0.92,0.95,86.0
2022-09-21,CAM RANH,12.25,109.2,9.19,28.16,28.85,27.67,24.66,28.86,81.31,19.58,99.73,3.46,165.5,12.57,37.21,0.93,0.95,97.26
2022-09-22,CAM RANH,12.25,109.2,9.54,28.15,28.8,27.33,24.99,28.65,82.93,19.98,99.75,3.68,194.0,19.45,37.19,0.93,0.96,91.09
2022-09-23,CAM RANH,12.25,109.2,4.44,28.37,29.67,27.43,24.17,28.99,78.16,19.01,99.79,2.32,163.1,14.16,37.07,0.92,0.96,98.81
2022-09-24,CAM RANH,12.25,109.2,16.68,27.8,28.88,26.74,24.48,28.82,82.26,19.36,99.75,2.05,82.1,15.01,37.35,0.94,0.96,96.64
2022-09-25,CAM RANH,12.25,109.2,12.12,26.99,27.43,26.6,24.61,28.26,86.77,19.52,99.79,3.12,70.9,15.66,36.92,0.94,0.98,97.77
2022-09-26,CAM RANH,12.25,109.2,15.26,27.49,28.55,26.01,23.7,28.15,79.83,18.49,99.68,4.17,312.7,11.16,36.64,0.94,0.97,99.43
2022-09-27,CAM RANH,12.25,109.2,3.97,27.77,29.37,26.38,23.55,27.89,77.88,18.43,99.15,6.61,242.0,8.54,36.43,0.94,0.97,99.21
2022-09-28,CAM RANH,12.25,109.2,3.97,28.12,30.04,26.74,24.32,28.37,79.94,19.29,99.3,6.39,200.9,17.38,37.08,0.93,0.97,98.36
2022-09-29,CAM RANH,12.25,109.2,5.69,28.59,30.28,27.35,24.78,29.06,80.13,19.77,99.59,4.45,191.7,18.14,37.4,0.93,0.97,91.39
2022-09-30,CAM RANH,12.25,109.2,11.51,28.27,29.59,27.56,25.23,28.82,83.76,20.27,99.82,4.56,175.2,20.22,37.48,0.93,0.97,91.86
2022-10-01,CAM RANH,12.25,109.2,13.29,27.99,29.16,27.27,24.75,28.51,82.59,19.66,99.89,2.51,155.5,9.68,37.34,0.94,0.98,98.43
2022-10-02,CAM RANH,12.25,109.2,5.46,27.71,28.7,26.93,24.63,28.6,83.4,19.53,99.86,3.09,88.7,20.71,36.92,0.93,0.97,91.34
2022-10-03,CAM RANH,12.25,109.2,9.13,27.69,28.46,26.66,25.1,28.38,85.78,20.06,99.96,4.56,44.9,17.74,37.08,0.94,0.97,84.63
2022-10-04,CAM RANH,12.25,109.2,10.34,26.81,27.11,26.54,23.39,28.06,81.6,18.08,100.13,3.37,37.8,8.74,36.58,0.94,0.98,97.46
2022-10-05,CAM RANH,12.25,109.2,21.77,26.78,27.49,26.03,24.43,27.91,86.95,19.24,100.13,3.63,22.6,16.72,36.57,0.96,0.98,93.86
2022-10-06,CAM RANH,12.25,109.2,6.48,26.95,27.69,26.16,22.4,27.95,76.52,17.05,100.11,2.71,349.9,18.41,36.09,0.95,0.98,93.58
2022-10-07,CAM RANH,12.25,109.2,10.45,27.34,27.95,26.84,24.83,27.94,86.12,19.72,100.07,5.25,22.8,17.59,36.8,0.95,0.98,96.61
2022-10-08,CAM RANH,12.25,109.2,2.47,26.92,27.94,26.24,23.9,27.73,83.52,18.63,100.13,2.71,23.3,6.79,36.75,0.94,0.98,99.39
2022-10-09,CAM RANH,12.25,109.2,37.57,26.78,27.84,25.92,24.32,27.57,86.42,19.11,100.22,4.7,354.5,16.76,36.26,0.96,0.98,98.27
2022-10-10,CAM RANH,12.25,109.2,40.84,27.29,27.8,26.95,25.33,27.58,89.07,20.31,100.17,5.96,12.5,11.64,36.92,0.98,1.0,99.43
2022-10-11,CAM RANH,12.25,109.2,52.94,27.42,28.18,26.8,24.92,27.54,86.23,19.84,100.09,7.6,27.7,3.23,37.21,0.98,1.0,99.65
2022-10-12,CAM RANH,12.25,109.2,3.0,27.13,28.57,25.74,23.41,27.41,80.11,18.11,99.98,9.84,9.9,14.27,36.43,0.96,0.99,99.1
2022-10-13,CAM RANH,12.25,109.2,36.23,25.54,26.83,24.23,22.75,26.62,84.53,17.46,99.69,9.79,331.9,2.11,36.11,0.98,0.99,99.2
2022-10-14,CAM RANH,12.25,109.2,2.51,26.0,26.97,24.95,22.46,26.59,80.9,17.22,99.36,5.19,265.1,7.8,35.95,0.96,1.0,98.69
2022-10-15,CAM RANH,12.25,109.2,2.16,26.78,28.02,25.74,22.53,27.61,77.63,17.2,99.71,1.94,56.3,20.43,35.86,0.95,0.99,72.11
2022-10-16,CAM RANH,12.25,109.2,8.05,27.04,28.67,25.91,23.75,27.84,82.28,18.5,99.96,4.79,15.1,18.06,36.59,0.95,0.99,98.76
2022-10-17,CAM RANH,12.25,109.2,0.01,26.46,28.05,24.63,22.23,26.72,77.66,16.85,99.96,6.64,357.0,17.78,35.31,0.94,0.98,94.82
2022-10-18,CAM RANH,12.25,109.2,0.09,26.53,28.73,24.73,21.68,26.86,74.79,16.3,99.9,5.72,1.2,22.01,35.02,0.93,0.97,27.16
2022-10-19,CAM RANH,12.25,109.2,0.64,26.33,27.87,25.15,22.51,27.35,79.89,17.16,100.01,4.11,58.7,19.0,36.05,0.93,0.97,68.89
2022-10-20,CAM RANH,12.25,109.2,0.44,26.26,27.24,25.5,23.46,27.27,84.57,18.12,100.21,4.7,39.0,14.58,36.12,0.92,0.96,81.45
2022-10-21,CAM RANH,12.25,109.2,0.35,26.72,27.77,26.08,24.05,27.25,85.34,18.77,100.24,5.48,13.0,18.58,35.87,0.91,0.95,87.06
2022-10-22,CAM RANH,12.25,109.2,3.25,26.76,27.69,26.08,24.38,27.03,86.78,19.15,100.23,3.85,25.4,15.32,36.38,0.92,0.95,96.42
2022-10-23,CAM RANH,12.25,109.2,4.46,26.2,27.3,24.93,23.79,26.52,86.55,18.52,100.14,6.69,5.0,10.87,36.48,0.92,0.95,96.73
2022-10-24,CAM RANH,12.25,109.2,5.62,26.55,27.78,25.65,24.16,26.87,86.74,18.95,99.99,6.59,355.6,16.06,36.38,0.92,0.95,80.99
2022-10-25,CAM RANH,12.25,109.2,7.39,26.38,27.07,25.67,24.48,26.53,89.25,19.33,100.04,5.88,11.6,17.39,36.14,0.92,0.95,96.53
2022-10-26,CAM RANH,12.25,109.2,83.32,26.63,27.59,25.82,25.2,26.78,91.82,20.18,100.02,4.56,31.9,13.16,37.09,0.96,0.97,96.8
2022-10-27,CAM RANH,12.25,109.2,25.84,26.27,26.88,25.76,24.43,26.38,89.58,19.27,100.0,7.05,21.9,3.02,36.54,0.95,0.99,99.13
2022-10-28,CAM RANH,12.25,109.2,3.05,26.19,27.52,25.4,23.4,26.4,84.68,18.1,99.93,8.93,13.8,14.7,36.16,0.93,0.98,99.49
2022-10-29,CAM RANH,12.25,109.2,7.55,26.16,27.2,25.48,24.13,26.29,88.52,18.95,99.81,9.36,3.0,9.81,36.64,0.94,0.97,99.26
2022-10-30,CAM RANH,12.25,109.2,0.74,25.53,27.08,23.93,22.61,25.95,84.03,17.28,99.83,8.71,355.2,12.17,35.26,0.93,0.97,97.14
2022-10-31,CAM RANH,12.25,109.2,0.14,25.35,27.41,22.97,21.81,25.87,80.88,16.45,99.93,7.99,357.6,17.58,34.32,0.92,0.96,99.22
2022-11-01,CAM RANH,12.25,109.2,0.05,25.27,27.06,23.78,21.01,25.78,77.37,15.62,100.02,6.57,9.4,18.76,34.19,0.91,0.95,99.39
2022-11-02,CAM RANH,12.25,109.2,0.55,25.24,26.39,24.43,20.99,25.83,77.31,15.58,100.09,4.93,27.8,18.18,35.28,0.91,0.95,60.99
2022-11-03,CAM RANH,12.25,109.2,1.11,25.59,26.72,24.68,22.05,26.37,80.8,16.61,100.22,4.39,55.6,15.44,36.57,0.91,0.94,88.3
2022-11-04,CAM RANH,12.25,109.2,0.35,25.71,26.9,24.82,21.65,26.13,78.28,16.19,100.4,5.47,32.4,7.18,36.33,0.9,0.94,98.23
2022-11-05,CAM RANH,12.25,109.2,0.04,25.56,26.54,24.67,21.76,25.77,79.51,16.28,100.46,6.28,9.5,17.41,35.41,0.9,0.93,75.15
2022-11-06,CAM RANH,12.25,109.2,0.58,25.71,27.04,24.76,22.7,26.3,83.58,17.28,100.34,7.58,8.6,17.35,35.01,0.88,0.92,98.29
2022-11-07,CAM RANH,12.25,109.2,0.08,25.73,27.34,24.45,22.85,26.33,84.26,17.46,100.26,7.65,2.3,16.88,35.02,0.88,0.91,97.88
2022-11-08,CAM RANH,12.25,109.2,0.61,25.92,26.96,25.17,23.67,26.28,87.46,18.36,100.21,6.98,4.9,18.06,35.83,0.87,0.91,89.04
2022-11-09,CAM RANH,12.25,109.2,0.88,26.33,27.66,25.48,24.42,26.39,89.37,19.22,100.19,5.6,8.0,18.01,35.94,0.87,0.9,74.79
2022-11-10,CAM RANH,12.25,109.2,2.77,26.51,27.61,25.74,24.75,26.57,90.15,19.62,100.15,5.84,4.9,14.6,36.43,0.88,0.9,73.42
2022-11-11,CAM RANH,12.25,109.2,3.32,26.44,27.2,25.92,24.54,26.43,89.28,19.36,100.13,6.33,17.7,17.26,36.41,0.88,0.9,90.36
2022-11-12,CAM RANH,12.25,109.2,9.24,26.61,27.28,26.04,25.14,26.55,91.66,20.1,100.04,5.52,30.3,6.67,37.14,0.89,0.9,99.49
2022-11-13,CAM RANH,12.25,109.2,21.59,26.44,27.0,26.0,25.39,26.4,93.88,20.4,100.07,4.72,36.6,9.92,36.83,0.93,0.92,69.08
2022-11-14,CAM RANH,12.25,109.2,5.86,26.23,27.19,25.82,24.63,26.4,90.9,19.49,100.09,4.3,26.1,17.93,36.27,0.91,0.93,76.14
2022-11-15,CAM RANH,12.25,109.2,6.98,26.49,27.6,25.25,24.03,26.57,86.34,18.82,100.04,5.39,23.8,16.42,36.16,0.91,0.93,90.74
2022-11-16,CAM RANH,12.25,109.2,4.17,26.73,27.94,25.91,24.54,27.04,87.92,19.42,99.96,4.88,10.2,17.74,36.52,0.9,0.93,81.38
2022-11-17,CAM RANH,12.25,109.2,5.12,26.99,27.75,26.44,25.4,27.01,91.07,20.45,99.93,4.94,17.1,17.32,36.44,0.91,0.93,55.89
2022-11-18,CAM RANH,12.25,109.2,9.84,26.7,27.29,26.05,24.72,26.72,88.84,19.6,99.99,6.35,29.8,16.48,36.45,0.91,0.93,91.85
2022-11-19,CAM RANH,12.25,109.2,29.55,26.18,26.76,25.88,24.15,26.39,88.55,18.97,99.83,7.56,33.5,8.88,36.36,0.95,0.95,99.51
2022-11-20,CAM RANH,12.25,109.2,37.06,26.34,26.79,25.78,25.1,26.47,92.83,20.13,99.64,5.63,54.4,3.06,36.71,0.96,0.98,99.43
2022-11-21,CAM RANH,12.25,109.2,15.52,25.85,26.54,25.31,24.09,26.38,89.91,18.93,99.67,2.89,93.4,5.15,36.79,0.95,0.98,99.78
2022-11-22,CAM RANH,12.25,109.2,17.87,26.46,27.4,25.36,24.42,26.51,88.54,19.3,99.79,3.71,145.3,4.3,36.89,0.96,0.99,98.87
2022-11-23,CAM RANH,12.25,109.2,6.87,26.5,27.65,25.79,23.71,27.04,84.7,18.44,99.98,3.2,144.2,14.08,36.83,0.95,0.98,60.77
2022-11-24,CAM RANH,12.25,109.2,2.52,26.55,27.21,26.02,23.51,26.92,83.37,18.19,100.14,2.29,130.6,18.12,36.48,0.94,0.98,62.86
2022-11-25,CAM RANH,12.25,109.2,9.08,26.65,27.5,25.7,24.44,26.67,87.64,19.25,100.16,2.81,44.5,15.8,36.27,0.95,0.98,91.79
2022-11-26,CAM RANH,12.25,109.2,18.01,25.52,26.37,25.13,23.7,26.52,89.62,18.41,100.09,2.82,52.1,10.37,36.62,0.96,0.99,95.81
2022-11-27,CAM RANH,12.25,109.2,0.57,26.23,26.88,25.53,23.31,27.07,83.91,17.99,100.01,1.26,80.5,14.27,37.01,0.94,0.98,70.34
2022-11-28,CAM RANH,12.25,109.2,0.28,26.51,27.31,26.01,23.46,27.1,83.38,18.15,100.07,1.62,60.3,19.96,34.94,0.94,0.98,10.25
2022-11-29,CAM RANH,12.25,109.2,0.34,27.23,28.35,26.27,24.04,27.49,82.85,18.82,100.05,3.63,17.7,20.18,35.74,0.93,0.97,41.48
2022-11-30,CAM RANH,12.25,109.2,2.47,27.08,28.04,26.29,25.2,26.98,89.43,20.18,100.09,6.04,23.8,16.56,36.38,0.93,0.97,68.59
2022-12-01,CAM RANH,12.25,109.2,5.4,27.03,27.89,26.53,25.04,27.15,88.87,19.98,100.05,6.49,34.7,16.27,36.35,0.93,0.97,90.16
2022-12-02,CAM RANH,12.25,109.2,30.09,26.87,28.46,25.65,22.91,26.61,78.98,17.56,100.05,6.96,60.7,13.02,36.29,0.96,0.98,98.57
2022-12-03,CAM RANH,12.25,109.2,26.86,26.55,27.54,25.94,23.4,26.56,82.86,18.1,100.11,4.72,35.1,4.66,36.31,0.96,0.99,99.2
2022-12-04,CAM RANH,12.25,109.2,10.68,26.46,27.25,25.9,23.22,26.37,82.54,17.89,100.16,6.21,26.9,6.53,36.22,0.96,0.99,98.29
2022-12-05,CAM RANH,12.25,109.2,25.61,26.68,27.44,26.06,24.25,26.45,86.57,19.05,100.12,6.73,20.1,11.11,36.42,0.97,0.99,89.18
2022-12-06,CAM RANH,12.25,109.2,38.16,26.46,27.38,25.8,24.24,26.54,87.59,19.03,100.06,8.77,32.7,11.46,37.13,0.98,1.0,90.72
2022-12-07,CAM RANH,12.25,109.2,37.82,26.36,26.57,26.09,24.85,26.42,91.36,19.76,100.01,7.19,34.8,6.74,36.67,0.99,1.0,74.96
2022-12-08,CAM RANH,12.25,109.2,19.65,26.56,27.66,25.54,24.02,26.64,85.92,18.79,100.05,8.54,30.5,15.61,36.83,0.98,1.0,81.12
2022-12-09,CAM RANH,12.25,109.2,4.31,25.68,26.81,24.93,22.24,26.05,81.24,16.86,100.06,8.64,17.3,12.99,35.35,0.96,1.0,96.41
2022-12-10,CAM RANH,12.25,109.2,1.95,25.28,26.34,24.44,21.52,25.78,79.63,16.1,100.16,7.84,27.2,13.15,35.23,0.96,0.99,92.27
2022-12-11,CAM RANH,12.25,109.2,2.86,24.6,25.71,23.58,21.04,25.49,80.53,15.61,100.24,7.32,28.2,16.42,35.23,0.95,0.99,65.25
2022-12-12,CAM RANH,12.25,109.2,4.08,23.75,25.03,22.66,19.91,25.03,79.06,14.55,100.34,9.66,8.5,10.31,34.25,0.94,0.98,98.35
2022-12-13,CAM RANH,12.25,109.2,7.21,23.26,24.44,22.35,19.84,24.6,81.22,14.49,100.33,10.0,357.7,14.57,34.07,0.94,0.98,60.88
2022-12-14,CAM RANH,12.25,109.2,21.72,23.49,24.31,22.98,21.02,24.71,86.17,15.61,100.29,10.39,357.6,7.43,35.6,0.96,0.98,81.25
2022-12-15,CAM RANH,12.25,109.2,6.72,24.03,25.15,23.22,21.74,25.01,87.08,16.34,100.09,8.9,354.6,8.85,35.79,0.94,0.99,82.81
2022-12-16,CAM RANH,12.25,109.2,23.07,25.15,26.01,23.86,23.45,25.53,90.31,18.14,100.1,7.23,4.0,9.06,35.89,0.96,0.98,99.3
2022-12-17,CAM RANH,12.25,109.2,12.87,24.44,26.15,22.88,22.38,24.98,88.22,17.01,100.37,11.72,17.6,11.7,35.53,0.96,0.99,99.17
2022-12-18,CAM RANH,12.25,109.2,4.13,22.86,23.66,22.37,19.99,24.1,83.84,14.61,100.37,13.22,17.6,8.89,34.96,0.95,0.99,91.2
2022-12-19,CAM RANH,12.25,109.2,2.39,23.55,24.2,23.15,21.19,24.48,86.63,15.78,100.16,10.19,10.4,5.83,35.76,0.94,0.98,98.36
2022-12-20,CAM RANH,12.25,109.2,0.89,24.75,25.92,24.09,22.51,25.01,87.4,17.13,100.05,7.78,15.4,10.27,36.09,0.94,0.98,93.8
2022-12-21,CAM RANH,12.25,109.2,0.84,24.59,25.97,23.26,21.9,24.84,84.92,16.5,100.1,9.15,20.8,10.05,35.45,0.93,0.97,96.04
2022-12-22,CAM RANH,12.25,109.2,0.96,22.94,24.25,21.85,19.23,23.79,79.56,13.98,100.18,9.46,8.9,11.67,33.89,0.92,0.97,86.04
2022-12-23,CAM RANH,12.25,109.2,0.37,23.1,24.21,22.55,18.51,23.7,75.37,13.32,100.31,9.02,14.4,13.74,32.98,0.92,0.96,84.82
2022-12-24,CAM RANH,12.25,109.2,0.58,23.33,24.43,22.5,18.31,23.6,73.39,13.14,100.43,9.69,19.8,13.06,33.41,0.91,0.95,83.83
2022-12-25,CAM RANH,12.25,109.2,1.13,23.01,24.11,22.33,18.62,23.38,76.41,13.38,100.58,8.25,10.4,14.14,33.07,0.91,0.95,92.5
2022-12-26,CAM RANH,12.25,109.2,0.66,23.13,24.31,22.19,19.29,23.41,78.98,13.95,100.62,8.28,15.8,15.34,32.76,0.91,0.94,99.44
2022-12-27,CAM RANH,12.25,109.2,0.85,23.3,24.66,22.35,19.76,23.59,80.59,14.37,100.55,7.65,6.4,12.08,34.16,0.9,0.94,82.03
2022-12-28,CAM RANH,12.25,109.2,1.21,23.65,24.88,22.84,20.6,23.89,83.05,15.14,100.56,7.43,9.6,16.41,33.86,0.9,0.93,83.86
2022-12-29,CAM RANH,12.25,109.2,1.42,23.81,24.98,23.15,21.45,24.11,86.63,15.96,100.61,8.92,14.9,15.57,34.93,0.89,0.93,86.01
2022-12-30,CAM RANH,12.25,109.2,0.9,23.28,24.2,22.62,20.3,23.71,83.27,14.85,100.64,10.72,11.7,9.92,34.8,0.89,0.92,99.65
2022-12-31,CAM RANH,12.25,109.2,3.14,22.69,23.31,22.37,20.34,23.31,86.63,14.91,100.58,10.76,358.7,8.09,34.8,0.89,0.92,99.98
2023-01-01,CAM RANH,12.25,109.2,3.31,23.22,23.84,22.8,21.63,23.63,90.78,16.17,100.47,9.76,357.4,6.58,35.37,0.9,0.92,96.64
2023-01-02,CAM RANH,12.25,109.2,2.35,23.79,24.78,23.28,22.3,23.99,91.35,16.84,100.5,9.16,357.2,9.51,35.81,0.89,0.92,87.26
2023-01-03,CAM RANH,12.25,109.2,3.98,23.63,24.52,23.16,22.01,23.78,90.63,16.54,100.47,9.92,10.3,10.36,35.28,0.89,0.92,99.46
2023-01-04,CAM RANH,12.25,109.2,6.01,23.85,24.64,23.47,22.42,23.97,91.65,16.98,100.37,9.86,14.2,6.04,35.52,0.9,0.92,99.79
2023-01-05,CAM RANH,12.25,109.2,12.86,23.72,24.41,23.31,22.33,23.87,91.85,16.89,100.36,10.94,13.0,3.34,35.6,0.91,0.93,99.2
2023-01-06,CAM RANH,12.25,109.2,23.43,23.24,23.59,22.89,21.7,23.61,91.02,16.25,100.31,11.72,4.1,4.24,35.42,0.94,0.95,99.68
2023-01-07,CAM RANH,12.25,109.2,24.49,23.16,24.19,22.6,21.56,23.63,90.73,16.15,100.24,9.88,1.8,2.22,35.21,0.94,0.96,99.63
2023-01-08,CAM RANH,12.25,109.2,19.71,24.38,24.92,23.82,23.19,24.22,93.08,17.82,100.28,4.98,40.5,7.65,36.33,0.95,0.97,99.59
2023-01-09,CAM RANH,12.25,109.2,9.14,24.53,25.7,23.6,23.36,24.53,93.22,17.99,100.35,3.81,39.1,6.66,36.34,0.94,0.97,91.44
2023-01-10,CAM RANH,12.25,109.2,3.26,23.95,25.04,23.09,22.63,24.39,92.29,17.21,100.3,4.78,25.3,8.8,35.81,0.93,0.97,94.41
2023-01-11,CAM RANH,12.25,109.2,1.65,24.12,25.58,23.05,22.61,24.41,91.3,17.2,100.19,3.81,16.2,16.85,35.18,0.92,0.96,57.22
2023-01-12,CAM RANH,12.25,109.2,6.49,24.47,25.67,23.88,22.58,24.82,89.2,17.17,100.16,2.52,66.0,16.78,35.36,0.93,0.96,56.79
2023-01-13,CAM RANH,12.25,109.2,1.17,25.09,26.76,23.9,23.29,25.33,89.82,17.95,100.09,2.54,147.7,18.12,35.57,0.92,0.96,65.0
2023-01-14,CAM RANH,12.25,109.2,0.11,24.99,26.72,23.29,23.2,25.25,89.9,17.9,99.89,2.85,187.7,19.74,34.66,0.91,0.95,28.27
2023-01-15,CAM RANH,12.25,109.2,0.24,24.91,26.87,23.7,23.09,24.87,89.78,17.76,100.03,4.6,4.3,19.22,34.15,0.91,0.94,23.87
2023-01-16,CAM RANH,12.25,109.2,0.21,24.17,25.71,23.2,21.48,24.36,85.0,16.02,100.36,8.37,12.1,17.93,34.88,0.9,0.94,72.15
2023-01-17,CAM RANH,12.25,109.2,0.76,23.76,25.26,22.72,20.55,24.12,82.23,15.11,100.51,9.59,13.6,12.57,34.72,0.9,0.93,97.73
2023-01-18,CAM RANH,12.25,109.2,1.56,22.86,24.14,22.19,20.16,23.56,84.74,14.74,100.53,10.37,2.4,8.07,34.97,0.9,0.93,99.61
2023-01-19,CAM RANH,12.25,109.2,1.67,22.96,23.73,22.39,20.71,23.6,87.18,15.27,100.48,9.39,7.1,8.6,34.92,0.89,0.92,87.84
2023-01-20,CAM RANH,12.25,109.2,3.15,23.16,24.64,22.33,21.08,23.78,88.13,15.63,100.42,9.48,4.1,7.8,35.53,0.89,0.92,96.43
2023-01-21,CAM RANH,12.25,109.2,1.59,23.91,25.29,23.16,22.35,24.06,91.05,16.93,100.22,7.75,2.9,9.91,35.69,0.88,0.91,95.23
2023-01-22,CAM RANH,12.25,109.2,1.36,24.09,25.27,23.45,22.81,24.14,92.56,17.44,100.11,6.47,3.9,12.24,35.88,0.88,0.91,87.06
2023-01-23,CAM RANH,12.25,109.2,0.7,24.66,25.94,23.84,22.96,24.62,90.23,17.58,100.15,6.44,19.8,12.83,35.88,0.88,0.91,86.69
2023-01-24,CAM RANH,12.25,109.2,2.77,24.08,26.23,22.57,21.11,24.12,83.48,15.71,100.36,11.22,26.9,13.57,35.31,0.87,0.9,94.75
2023-01-25,CAM RANH,12.25,109.2,1.37,23.09,24.49,22.18,19.57,23.57,80.78,14.26,100.28,9.9,12.8,12.95,34.96,0.87,0.89,93.68
2023-01-26,CAM RANH,12.25,109.2,1.76,23.75,25.09,23.04,21.5,24.19,87.3,16.07,100.23,7.51,12.5,10.51,35.56,0.87,0.89,77.06
2023-01-27,CAM RANH,12.25,109.2,3.15,23.75,25.05,22.76,21.07,24.12,84.95,15.65,100.29,10.84,20.0,9.05,36.04,0.87,0.88,96.32
2023-01-28,CAM RANH,12.25,109.2,1.03,22.67,24.01,21.82,18.81,23.37,78.9,13.57,100.38,12.15,15.5,12.06,34.77,0.86,0.88,93.78
2023-01-29,CAM RANH,12.25,109.2,1.98,21.78,23.2,20.64,18.43,22.79,81.27,13.25,100.51,11.52,11.2,4.82,34.53,0.86,0.87,79.97
2023-01-30,CAM RANH,12.25,109.2,1.93,21.46,22.64,20.57,18.93,22.94,85.7,13.68,100.42,9.29,358.2,12.87,34.21,0.85,0.87,76.97
2023-01-31,CAM RANH,12.25,109.2,0.15,23.01,24.78,21.44,21.03,23.74,88.72,15.62,100.2,6.43,1.5,13.28,35.35,0.85,0.86,87.78
2023-02-01,CAM RANH,12.25,109.2,1.61,23.9,24.88,22.97,22.64,24.02,92.67,17.25,100.12,4.76,14.5,8.84,35.86,0.85,0.86,70.24
2023-02-02,CAM RANH,12.25,109.2,0.47,24.57,25.96,23.55,23.39,24.53,93.09,18.04,100.2,5.09,34.7,9.28,35.99,0.84,0.85,76.19
2023-02-03,CAM RANH,12.25,109.2,0.25,24.39,25.94,23.22,22.69,24.29,90.31,17.28,100.22,5.34,16.9,16.54,35.39,0.84,0.85,84.88
2023-02-04,CAM RANH,12.25,109.2,0.18,24.42,25.95,23.14,22.56,24.49,89.39,17.15,100.15,4.27,24.8,18.97,34.49,0.83,0.84,55.25
2023-02-05,CAM RANH,12.25,109.2,0.01,24.26,25.78,23.1,21.84,24.37,86.43,16.41,100.18,3.3,26.5,19.09,34.16,0.82,0.83,81.07
2023-02-06,CAM RANH,12.25,109.2,0.04,24.48,25.99,23.43,22.66,24.94,89.65,17.27,100.1,2.49,22.7,20.92,34.41,0.82,0.83,45.41
2023-02-07,CAM RANH,12.25,109.2,0.09,24.94,26.38,23.8,23.44,25.44,91.4,18.1,100.15,3.4,24.0,21.26,34.97,0.81,0.82,41.63
2023-02-08,CAM RANH,12.25,109.2,0.03,24.92,26.33,23.95,23.21,25.17,90.36,17.86,100.15,4.14,31.4,17.19,35.46,0.81,0.81,70.06
2023-02-09,CAM RANH,12.25,109.2,0.03,24.94,26.31,23.75,22.92,25.41,88.52,17.53,100.18,3.23,44.4,20.76,34.06,0.8,0.8,19.79
2023-02-10,CAM RANH,12.25,109.2,0.05,25.0,26.68,24.06,21.57,25.33,81.23,16.16,100.22,3.49,38.8,20.52,33.56,0.79,0.8,34.06
2023-02-11,CAM RANH,12.25,109.2,0.01,25.07,26.77,23.65,22.31,25.69,84.79,16.89,100.18,3.35,30.6,21.19,34.48,0.79,0.79,48.84
2023-02-12,CAM RANH,12.25,109.2,0.01,25.3,27.17,23.67,23.17,25.85,88.08,17.81,100.2,2.24,90.0,21.46,34.0,0.78,0.78,72.7
2023-02-13,CAM RANH,12.25,109.2,0.0,25.08,26.56,24.18,22.06,25.71,83.35,16.64,100.18,2.59,138.3,21.39,33.08,0.78,0.78,61.68
2023-02-14,CAM RANH,12.25,109.2,0.09,25.48,26.9,24.44,22.51,26.05,83.76,17.1,100.22,4.27,43.1,21.74,34.05,0.77,0.77,26.65
2023-02-15,CAM RANH,12.25,109.2,1.58,25.08,26.36,24.01,21.6,25.29,81.02,16.13,100.43,9.26,37.5,17.99,34.87,0.77,0.76,50.84
2023-02-16,CAM RANH,12.25,109.2,5.03,24.59,25.73,23.85,21.48,25.09,83.0,16.01,100.5,9.6,26.6,18.72,35.13,0.78,0.76,68.77
2023-02-17,CAM RANH,12.25,109.2,3.46,24.47,25.65,23.65,21.77,25.06,84.95,16.31,100.38,7.93,22.3,8.84,36.18,0.78,0.76,99.11
2023-02-18,CAM RANH,12.25,109.2,1.23,24.58,25.98,23.57,21.89,25.21,85.09,16.44,100.31,6.89,15.1,14.18,35.56,0.76,0.76,77.23
2023-02-19,CAM RANH,12.25,109.2,1.2,24.45,25.95,23.4,21.19,24.91,82.19,15.75,100.32,8.7,6.1,13.95,34.84,0.75,0.75,65.47
2023-02-20,CAM RANH,12.25,109.2,1.22,24.22,25.74,23.25,20.56,24.6,80.13,15.14,100.37,8.73,10.8,12.0,35.04,0.74,0.74,62.58
2023-02-21,CAM RANH,12.25,109.2,1.59,24.24,25.73,23.3,20.73,24.56,80.77,15.28,100.47,8.58,16.3,13.06,35.28,0.74,0.74,91.01
2023-02-22,CAM RANH,12.25,109.2,0.92,24.71,26.02,23.63,20.95,24.88,79.61,15.49,100.4,8.33,25.8,12.53,35.38,0.73,0.73,66.21
2023-02-23,CAM RANH,12.25,109.2,0.38,23.97,26.02,21.98,19.91,24.52,78.17,14.55,100.34,7.75,14.2,19.9,33.24,0.71,0.72,31.38
2023-02-24,CAM RANH,12.25,109.2,0.26,23.69,25.14,22.91,19.09,24.52,75.43,13.78,100.51,9.34,14.7,22.01,32.79,0.7,0.72,47.12
2023-02-25,CAM RANH,12.25,109.2,0.95,24.17,25.71,23.19,19.52,24.56,75.37,14.13,100.75,11.69,19.5,19.65,34.1,0.69,0.71,57.09
2023-02-26,CAM RANH,12.25,109.2,5.04,23.44,24.5,22.77,19.88,24.34,80.65,14.46,100.81,12.03,18.0,14.28,35.64,0.71,0.71,95.51
2023-02-27,CAM RANH,12.25,109.2,4.25,24.16,25.27,23.55,21.46,24.72,84.9,15.95,100.69,9.58,27.8,11.42,36.05,0.72,0.71,98.64
2023-02-28,CAM RANH,12.25,109.2,1.51,24.13,25.42,23.19,21.01,24.7,82.69,15.51,100.65,8.67,25.6,12.27,35.86,0.7,0.71,91.95
2023-03-01,CAM RANH,12.25,109.2,0.53,24.06,25.62,23.01,20.18,24.66,78.97,14.73,100.71,8.91,18.4,15.89,34.66,0.69,0.7,83.53
2023-03-02,CAM RANH,12.25,109.2,0.16,23.76,25.12,23.08,19.42,24.34,76.71,14.04,100.74,9.5,17.1,15.8,34.42,0.67,0.7,70.0
2023-03-03,CAM RANH,12.25,109.2,0.41,24.24,26.14,22.98,20.12,24.66,78.04,14.67,100.81,8.84,19.5,19.27,34.07,0.66,0.69,48.42
2023-03-04,CAM RANH,12.25,109.2,0.15,23.76,25.16,22.68,18.59,24.26,72.82,13.31,100.85,9.2,27.9,19.39,33.09,0.66,0.68,65.25
2023-03-05,CAM RANH,12.25,109.2,0.19,23.71,25.18,22.59,18.92,24.36,74.63,13.61,100.75,8.27,28.3,21.9,32.64,0.64,0.68,21.64
2023-03-06,CAM RANH,12.25,109.2,0.3,23.92,25.49,22.59,19.58,24.56,76.86,14.2,100.61,7.28,21.6,23.01,32.74,0.64,0.67,21.87
2023-03-07,CAM RANH,12.25,109.2,0.06,23.86,25.8,22.26,18.56,24.39,72.39,13.32,100.61,6.21,20.1,23.6,31.96,0.63,0.67,14.64
2023-03-08,CAM RANH,12.25,109.2,0.05,23.96,25.64,22.37,18.54,24.52,71.81,13.31,100.56,6.28,24.4,23.83,32.1,0.62,0.66,16.32
2023-03-09,CAM RANH,12.25,109.2,0.12,23.85,25.62,22.53,19.32,24.54,75.89,13.99,100.5,7.73,19.6,22.33,32.95,0.61,0.66,26.91
2023-03-10,CAM RANH,12.25,109.2,0.1,23.79,25.45,22.67,19.04,24.57,74.77,13.75,100.43,5.51,26.0,21.88,32.87,0.61,0.65,24.67
2023-03-11,CAM RANH,12.25,109.2,0.09,24.1,25.98,22.78,19.35,24.95,74.9,14.02,100.47,5.18,27.5,22.71,32.65,0.6,0.64,17.87
2023-03-12,CAM RANH,12.25,109.2,0.78,24.24,26.0,23.24,20.56,25.12,80.06,15.12,100.48,8.02,22.3,21.62,33.96,0.6,0.64,50.18
2023-03-13,CAM RANH,12.25,109.2,0.33,24.1,25.59,22.92,19.7,24.78,76.5,14.33,100.4,8.57,24.9,19.74,33.82,0.59,0.64,46.91
2023-03-14,CAM RANH,12.25,109.2,0.32,24.06,25.84,22.67,20.4,25.1,80.24,15.01,100.27,6.06,24.5,23.37,32.97,0.59,0.63,15.26
2023-03-15,CAM RANH,12.25,109.2,0.47,24.44,26.05,23.33,21.18,25.76,82.12,15.72,100.38,4.72,39.8,24.18,33.53,0.58,0.63,23.93
2023-03-16,CAM RANH,12.25,109.2,0.54,24.85,26.4,23.9,21.07,25.81,79.54,15.61,100.42,5.62,33.1,17.42,34.48,0.58,0.62,44.96
2023-03-17,CAM RANH,12.25,109.2,0.02,24.97,27.06,23.43,20.56,26.08,76.94,15.14,100.33,4.81,33.3,24.71,33.33,0.56,0.62,15.63
2023-03-18,CAM RANH,12.25,109.2,0.07,25.33,27.04,24.24,21.48,26.53,79.48,16.05,100.24,4.35,32.8,21.5,34.92,0.56,0.61,39.43
2023-03-19,CAM RANH,12.25,109.2,0.01,25.97,27.92,24.56,22.54,26.96,81.51,17.14,100.1,3.18,50.6,22.77,34.97,0.55,0.61,31.06
2023-03-20,CAM RANH,12.25,109.2,0.0,26.0,28.02,24.18,22.17,27.26,79.62,16.78,100.02,2.37,108.9,23.11,34.34,0.54,0.6,18.96
2023-03-21,CAM RANH,12.25,109.2,0.0,26.01,28.5,24.29,22.94,27.38,83.76,17.63,99.93,3.88,166.1,24.38,33.68,0.54,0.6,22.4
2023-03-22,CAM RANH,12.25,109.2,0.01,26.12,28.03,24.85,23.58,27.39,86.11,18.33,99.84,5.03,169.3,23.58,34.19,0.54,0.59,36.2
2023-03-23,CAM RANH,12.25,109.2,0.0,26.38,28.55,24.76,23.39,27.3,83.87,18.11,99.88,5.39,168.7,23.74,34.13,0.53,0.59,37.79
2023-03-24,CAM RANH,12.25,109.2,0.0,26.21,28.49,24.2,23.18,27.41,83.51,17.86,99.98,4.66,160.4,22.47,34.54,0.53,0.58,39.19
2023-03-25,CAM RANH,12.25,109.2,0.0,25.98,28.21,24.4,22.36,27.31,80.82,16.98,100.02,4.18,164.8,24.52,33.3,0.52,0.58,11.66
2023-03-26,CAM RANH,12.25,109.2,0.02,26.61,28.57,25.54,23.22,27.84,81.88,17.9,100.0,3.57,141.9,24.04,34.62,0.51,0.57,34.09
2023-03-27,CAM RANH,12.25,109.2,0.09,27.3,29.18,25.93,23.79,28.41,81.54,18.53,100.1,2.03,96.2,25.01,35.16,0.51,0.57,22.39
2023-03-28,CAM RANH,12.25,109.2,0.07,26.29,28.41,24.68,23.16,27.72,83.1,17.78,100.26,3.64,42.8,20.41,35.45,0.51,0.56,74.31
2023-03-29,CAM RANH,12.25,109.2,0.21,26.46,28.3,25.12,22.81,27.86,80.52,17.42,100.17,4.16,31.9,21.62,35.15,0.5,0.56,61.98
2023-03-30,CAM RANH,12.25,109.2,0.16,26.86,28.61,25.77,22.44,27.93,76.85,17.05,100.03,3.06,46.2,21.87,35.28,0.5,0.56,48.11
2023-03-31,CAM RANH,12.25,109.2,0.04,27.56,29.24,26.2,22.28,28.37,72.96,16.88,100.04,2.41,77.1,22.22,35.37,0.49,0.55,44.94
2023-04-01,CAM RANH,12.25,109.2,0.09,27.16,29.07,25.48,22.76,28.6,77.15,17.4,100.01,3.3,143.7,23.0,34.99,0.49,0.55,67.13
2023-04-02,CAM RANH,12.25,109.2,0.03,27.45,29.46,26.03,23.03,29.08,77.28,17.72,99.92,3.72,151.5,24.26,34.83,0.48,0.54,21.02
2023-04-03,CAM RANH,12.25,109.2,0.07,27.34,29.32,25.86,23.67,28.77,80.61,18.4,99.94,4.27,160.8,23.74,35.04,0.48,0.54,16.72
2023-04-04,CAM RANH,12.25,109.2,0.21,28.04,29.7,26.81,25.18,28.84,84.88,20.23,99.82,4.06,169.2,24.87,35.6,0.49,0.53,5.76
2023-04-05,CAM RANH,12.25,109.2,0.16,27.56,29.41,26.01,24.74,28.17,84.75,19.65,99.9,4.59,175.7,23.91,35.58,0.49,0.53,14.15
2023-04-06,CAM RANH,12.25,109.2,0.05,27.6,29.86,25.98,23.81,28.76,80.2,18.55,100.01,4.62,168.3,24.19,34.92,0.48,0.53,17.65
2023-04-07,CAM RANH,12.25,109.2,0.03,27.49,29.42,25.93,23.22,28.87,77.7,17.84,100.28,3.09,119.9,25.89,34.16,0.47,0.52,4.62
2023-04-08,CAM RANH,12.25,109.2,0.36,27.39,29.01,26.05,23.34,28.74,78.73,17.95,100.4,5.14,25.1,22.44,35.87,0.47,0.52,35.36
2023-04-09,CAM RANH,12.25,109.2,1.13,27.13,29.05,25.75,23.98,28.18,83.09,18.7,100.23,5.52,13.3,13.46,37.02,0.49,0.52,57.84
2023-04-10,CAM RANH,12.25,109.2,0.09,27.34,29.23,25.84,23.39,28.42,79.21,18.06,100.08,2.52,43.1,18.56,36.41,0.47,0.52,43.47
2023-04-11,CAM RANH,12.25,109.2,0.0,27.57,29.68,26.2,23.64,28.92,79.44,18.36,99.98,2.98,155.2,18.66,36.1,0.47,0.51,21.23
2023-04-12,CAM RANH,12.25,109.2,0.07,27.67,29.06,26.8,24.08,28.74,80.89,18.85,99.97,4.05,148.2,20.25,36.62,0.47,0.51,38.32
2023-04-13,CAM RANH,12.25,109.2,0.04,27.98,29.48,26.89,24.05,29.14,79.31,18.83,99.94,2.73,131.0,21.3,36.73,0.46,0.51,34.75
2023-04-14,CAM RANH,12.25,109.2,0.05,28.32,30.07,26.63,24.66,29.1,80.82,19.57,99.84,3.16,167.1,18.49,37.44,0.46,0.5,34.2
2023-04-15,CAM RANH,12.25,109.2,0.67,28.01,29.54,26.78,24.66,29.0,82.09,19.57,99.82,2.67,140.3,17.14,37.46,0.46,0.5,78.7
2023-04-16,CAM RANH,12.25,109.2,1.01,27.99,29.55,26.39,24.2,28.99,80.08,19.02,99.89,2.28,157.1,15.46,37.11,0.47,0.5,98.12
2023-04-17,CAM RANH,12.25,109.2,0.13,28.39,30.4,26.94,24.52,29.29,79.98,19.39,100.0,4.11,174.2,19.71,36.33,0.45,0.49,29.29
2023-04-18,CAM RANH,12.25,109.2,0.04,28.25,29.94,27.19,24.37,29.02,79.75,19.21,99.93,6.13,177.7,22.39,35.76,0.44,0.49,16.24
2023-04-19,CAM RANH,12.25,109.2,0.2,28.13,29.63,26.93,24.53,28.53,81.01,19.46,99.59,5.98,182.8,23.14,36.06,0.44,0.49,12.0
2023-04-20,CAM RANH,12.25,109.2,0.92,28.87,31.48,27.28,25.37,29.27,82.05,20.52,99.46,4.73,185.0,23.0,37.0,0.43,0.49,15.46
2023-04-21,CAM RANH,12.25,109.2,3.22,28.57,30.56,27.36,25.93,28.77,85.94,21.18,99.57,3.94,176.9,23.32,37.16,0.47,0.49,49.3
2023-04-22,CAM RANH,12.25,109.2,1.83,28.04,29.69,26.64,26.03,28.39,88.97,21.26,99.77,4.16,166.8,23.86,36.02,0.5,0.49,47.27
2023-04-23,CAM RANH,12.25,109.2,0.45,28.07,30.12,26.44,24.56,28.86,81.75,19.45,99.97,2.07,145.0,26.05,35.04,0.45,0.49,14.69
2023-04-24,CAM RANH,12.25,109.2,0.61,28.06,30.15,26.69,24.21,29.02,79.97,19.0,100.06,2.93,36.5,24.47,35.64,0.43,0.49,29.01
2023-04-25,CAM RANH,12.25,109.2,0.71,27.87,29.74,26.72,24.0,29.23,79.64,18.77,99.99,5.13,25.8,23.07,36.0,0.42,0.49,39.9
2023-04-26,CAM RANH,12.25,109.2,0.75,28.37,30.01,27.27,24.85,29.31,81.61,19.8,99.92,6.16,9.7,18.59,37.57,0.41,0.49,86.52
2023-04-27,CAM RANH,12.25,109.2,0.6,28.1,29.47,26.92,24.95,28.81,83.22,19.89,100.01,5.43,25.7,20.99,36.8,0.42,0.49,27.83
2023-04-28,CAM RANH,12.25,109.2,0.21,28.2,29.71,27.14,24.08,29.4,78.41,18.87,99.97,4.13,42.5,23.16,36.5,0.41,0.48,47.24
2023-04-29,CAM RANH,12.25,109.2,0.31,28.86,30.75,27.42,23.76,30.37,74.46,18.53,99.91,4.33,43.5,23.24,36.56,0.37,0.48,58.83
2023-04-30,CAM RANH,12.25,109.2,0.25,28.46,29.79,27.46,24.3,30.01,78.25,19.11,99.95,5.67,32.3,20.09,36.74,0.36,0.48,65.8
2023-05-01,CAM RANH,12.25,109.2,0.04,28.78,30.73,27.38,23.65,30.19,73.96,18.36,100.03,5.83,31.4,23.53,36.48,0.34,0.48,23.28
2023-05-02,CAM RANH,12.25,109.2,0.44,29.03,30.75,28.08,24.08,30.56,74.83,18.84,100.1,4.94,45.9,23.01,37.14,0.32,0.48,37.4
2023-05-03,CAM RANH,12.25,109.2,0.08,29.22,31.38,27.56,24.03,30.86,74.05,18.81,100.02,3.38,61.1,22.44,36.64,0.31,0.48,28.63
2023-05-04,CAM RANH,12.25,109.2,0.09,29.95,32.71,28.02,24.12,31.7,72.02,19.03,99.71,2.37,145.5,26.06,36.36,0.28,0.47,10.92
2023-05-05,CAM RANH,12.25,109.2,0.06,30.0,32.4,28.46,25.29,31.44,76.4,20.41,99.47,3.55,168.3,24.61,36.61,0.27,0.47,9.52
2023-05-06,CAM RANH,12.25,109.2,1.84,30.35,32.44,29.05,26.23,31.34,79.03,21.61,99.37,3.98,180.7,23.83,37.56,0.3,0.47,44.68
2023-05-07,CAM RANH,12.25,109.2,3.62,30.52,32.93,28.73,25.99,30.89,77.2,21.29,99.41,3.64,209.3,22.96,38.27,0.38,0.48,71.73
2023-05-08,CAM RANH,12.25,109.2,10.37,29.68,32.63,27.62,25.36,30.41,78.01,20.46,99.68,1.69,100.7,17.27,38.2,0.51,0.49,98.83
2023-05-09,CAM RANH,12.25,109.2,8.0,27.76,29.31,26.82,24.18,29.18,81.11,19.02,99.83,2.31,59.3,10.24,37.45,0.58,0.51,98.66
2023-05-10,CAM RANH,12.25,109.2,0.59,28.03,29.3,27.15,24.27,29.43,80.13,19.08,99.95,2.95,149.0,18.94,37.01,0.5,0.51,82.81
2023-05-11,CAM RANH,12.25,109.2,8.45,28.67,29.94,27.71,25.3,29.45,82.26,20.32,100.0,3.31,150.6,22.88,37.3,0.54,0.51,92.22
2023-05-12,CAM RANH,12.25,109.2,6.33,28.84,30.1,27.82,25.24,29.27,81.12,20.22,100.07,2.19,156.0,23.58,37.26,0.58,0.52,67.16
2023-05-13,CAM RANH,12.25,109.2,3.56,29.4,31.12,28.27,24.99,30.44,77.42,19.93,100.0,2.56,143.8,24.96,37.58,0.53,0.52,38.31
2023-05-14,CAM RANH,12.25,109.2,7.24,29.07,30.16,28.01,25.7,29.5,82.19,20.81,99.96,3.17,145.5,22.88,37.69,0.57,0.53,48.14
2023-05-15,CAM RANH,12.25,109.2,5.26,29.26,30.83,28.13,25.07,29.7,78.45,20.03,100.0,2.65,186.2,24.27,37.2,0.53,0.53,47.6
2023-05-16,CAM RANH,12.25,109.2,20.03,28.85,29.94,27.75,25.5,28.84,82.2,20.56,99.97,2.74,219.6,23.63,37.43,0.68,0.56,48.75
2023-05-17,CAM RANH,12.25,109.2,3.19,29.47,31.55,27.72,25.55,29.38,79.8,20.64,99.92,1.94,215.9,24.17,37.31,0.57,0.57,40.9
2023-05-18,CAM RANH,12.25,109.2,3.66,29.71,31.89,28.05,25.63,29.66,79.04,20.76,99.81,2.09,221.7,24.57,37.47,0.56,0.57,31.88
2023-05-19,CAM RANH,12.25,109.2,4.25,29.47,31.91,27.92,25.89,29.61,81.77,21.14,99.69,3.37,190.2,22.85,37.6,0.56,0.57,57.61
2023-05-20,CAM RANH,12.25,109.2,9.78,28.69,30.15,27.3,26.54,28.72,88.24,21.93,99.81,4.82,184.6,22.21,36.78,0.63,0.59,39.16
2023-05-21,CAM RANH,12.25,109.2,2.49,28.99,30.83,27.62,25.49,29.18,81.72,20.57,99.89,4.3,190.1,24.52,36.69,0.57,0.59,37.08
2023-05-22,CAM RANH,12.25,109.2,4.15,29.33,31.28,27.67,25.4,29.32,79.74,20.47,99.87,3.1,203.5,25.48,37.04,0.58,0.59,31.58
2023-05-23,CAM RANH,12.25,109.2,3.0,29.09,30.99,27.5,25.18,29.34,79.76,20.2,99.82,2.49,196.7,25.06,37.39,0.57,0.59,48.63
2023-05-24,CAM RANH,12.25,109.2,10.86,28.85,30.55,27.34,25.4,29.26,82.06,20.46,99.9,3.0,196.1,23.38,37.21,0.61,0.59,78.39
2023-05-25,CAM RANH,12.25,109.2,11.25,28.3,29.21,27.48,25.35,28.42,84.13,20.39,99.92,1.92,174.5,16.41,36.91,0.66,0.62,71.98
2023-05-26,CAM RANH,12.25,109.2,7.44,28.36,30.31,27.11,25.08,28.7,82.61,20.07,99.85,2.74,151.8,21.32,37.15,0.63,0.62,81.32
2023-05-27,CAM RANH,12.25,109.2,3.41,27.6,28.94,26.7,24.1,28.65,81.23,18.93,99.72,1.78,82.9,18.21,37.29,0.63,0.63,74.69
2023-05-28,CAM RANH,12.25,109.2,1.69,27.88,29.29,26.82,23.92,29.06,79.18,18.73,99.7,2.15,137.1,23.34,36.8,0.6,0.63,32.61
2023-05-29,CAM RANH,12.25,109.2,23.68,28.94,30.97,27.24,24.86,30.22,79.13,19.86,99.7,2.23,173.8,23.68,37.86,0.64,0.63,63.59
2023-05-30,CAM RANH,12.25,109.2,13.88,28.79,30.65,27.44,24.8,29.2,79.26,19.78,99.65,1.91,208.1,23.91,37.32,0.73,0.67,76.4
2023-05-31,CAM RANH,12.25,109.2,12.92,29.84,32.66,27.46,25.05,29.69,76.06,20.12,99.53,2.14,245.4,22.81,37.88,0.7,0.67,88.34
2023-06-01,CAM RANH,12.25,109.2,8.97,29.06,30.64,27.74,25.57,29.38,81.58,20.74,99.54,3.27,211.1,22.78,37.85,0.73,0.69,60.3
2023-06-02,CAM RANH,12.25,109.2,10.7,28.95,30.21,27.83,25.68,29.16,82.72,20.85,99.69,2.29,205.9,23.65,37.5,0.75,0.7,65.35
2023-06-03,CAM RANH,12.25,109.2,8.74,29.72,31.76,28.28,25.5,29.5,78.32,20.62,99.7,2.21,251.6,23.62,37.62,0.74,0.71,75.04
2023-06-04,CAM RANH,12.25,109.2,8.37,29.43,31.54,27.95,25.16,29.36,78.02,20.22,99.61,1.88,275.1,18.28,37.84,0.76,0.72,97.5
2023-06-05,CAM RANH,12.25,109.2,10.06,28.75,30.72,27.0,25.22,29.18,81.54,20.3,99.59,2.89,194.2,19.19,37.5,0.77,0.72,90.09
2023-06-06,CAM RANH,12.25,109.2,17.33,28.51,30.02,27.51,24.79,28.87,80.42,19.76,99.64,1.98,221.3,20.07,37.31,0.8,0.73,96.84
2023-06-07,CAM RANH,12.25,109.2,20.69,28.8,30.65,27.21,24.79,29.1,79.3,19.74,99.77,1.79,197.9,21.81,37.48,0.84,0.76,87.58
2023-06-08,CAM RANH,12.25,109.2,21.15,28.87,30.91,27.73,24.63,29.38,78.26,19.58,99.72,2.65,193.3,21.0,37.7,0.86,0.79,92.02
2023-06-09,CAM RANH,12.25,109.2,4.29,28.76,30.06,27.76,24.9,29.05,79.73,19.92,99.57,2.51,217.9,20.13,37.95,0.82,0.8,93.18
2023-06-10,CAM RANH,12.25,109.2,6.38,29.48,31.62,27.82,25.06,29.44,77.39,20.15,99.46,2.88,233.9,15.09,38.33,0.82,0.8,97.89
2023-06-11,CAM RANH,12.25,109.2,2.45,28.87,30.73,27.35,24.75,28.92,78.88,19.77,99.54,2.57,219.5,21.27,37.45,0.8,0.79,86.92
2023-06-12,CAM RANH,12.25,109.2,9.08,28.38,29.75,27.01,24.99,28.76,82.03,20.03,99.65,3.83,201.1,17.4,37.46,0.83,0.79,95.13
2023-06-13,CAM RANH,12.25,109.2,5.05,29.28,31.83,27.33,24.86,29.39,77.76,19.87,99.71,1.93,246.1,21.07,37.76,0.8,0.79,84.32
2023-06-14,CAM RANH,12.25,109.2,2.44,29.36,31.08,28.11,25.37,29.27,79.43,20.44,99.82,1.41,206.8,23.97,37.7,0.81,0.79,71.91
2023-06-15,CAM RANH,12.25,109.2,2.72,29.08,30.58,27.97,25.76,29.13,82.6,20.94,99.76,1.67,161.0,22.38,37.52,0.81,0.79,86.85
2023-06-16,CAM RANH,12.25,109.2,3.31,29.08,30.55,28.06,25.69,29.31,82.17,20.85,99.75,2.33,172.8,22.74,37.65,0.81,0.79,67.75
2023-06-17,CAM RANH,12.25,109.2,3.13,28.34,29.5,27.61,25.24,28.88,83.5,20.29,99.84,4.6,183.3,21.54,37.39,0.81,0.79,75.47
2023-06-18,CAM RANH,12.25,109.2,1.38,28.7,30.17,27.6,24.71,28.84,79.27,19.64,99.85,2.52,201.3,24.52,37.48,0.8,0.79,38.93
2023-06-19,CAM RANH,12.25,109.2,1.41,28.6,29.58,27.95,25.28,28.97,82.29,20.33,99.75,3.16,191.7,24.96,37.47,0.8,0.79,46.27
2023-06-20,CAM RANH,12.25,109.2,2.51,29.28,31.1,27.98,25.71,29.19,81.36,20.88,99.74,2.23,216.9,25.2,37.31,0.8,0.79,33.56
2023-06-21,CAM RANH,12.25,109.2,2.99,29.09,30.75,27.61,25.55,28.92,81.34,20.66,99.79,2.11,232.2,24.59,37.44,0.8,0.79,50.39
2023-06-22,CAM RANH,12.25,109.2,2.3,28.78,30.55,27.58,25.64,28.88,83.4,20.78,99.78,3.19,201.0,24.82,36.98,0.8,0.78,34.98
2023-06-23,CAM RANH,12.25,109.2,1.05,29.16,31.74,27.81,25.97,29.12,83.33,21.22,99.65,3.09,185.5,25.2,37.1,0.79,0.78,33.72
2023-06-24,CAM RANH,12.25,109.2,2.39,28.61,30.42,26.86,25.72,28.74,84.55,20.91,99.62,2.99,198.7,24.29,37.19,0.79,0.78,52.98
2023-06-25,CAM RANH,12.25,109.2,2.99,28.78,30.56,27.53,25.4,28.82,82.25,20.52,99.62,1.89,174.6,24.24,37.39,0.79,0.78,53.33
2023-06-26,CAM RANH,12.25,109.2,2.44,28.55,30.25,27.22,25.4,28.88,83.24,20.49,99.68,2.11,148.9,23.25,36.99,0.79,0.77,63.96
2023-06-27,CAM RANH,12.25,109.2,1.83,28.56,30.19,27.27,25.24,28.76,82.42,20.28,99.78,1.99,41.1,23.1,37.63,0.79,0.77,64.81
2023-06-28,CAM RANH,12.25,109.2,3.84,28.26,29.89,27.1,25.31,29.09,84.25,20.35,99.85,3.45,167.2,24.24,37.07,0.79,0.77,46.38
2023-06-29,CAM RANH,12.25,109.2,6.1,28.74,30.27,27.6,25.67,29.16,83.62,20.81,99.72,3.35,203.5,22.8,37.7,0.8,0.77,65.11
2023-06-30,CAM RANH,12.25,109.2,5.95,28.71,30.46,27.44,25.89,28.96,84.96,21.1,99.74,2.87,189.7,22.6,37.48,0.8,0.78,80.62
2023-07-01,CAM RANH,12.25,109.2,9.23,28.52,29.73,27.44,26.02,28.96,86.49,21.25,99.85,4.0,187.7,23.66,37.19,0.82,0.78,79.88
2023-07-02,CAM RANH,12.25,109.2,5.41,28.07,28.94,27.55,25.04,28.45,83.67,20.01,99.94,3.44,187.4,21.36,36.84,0.81,0.79,89.04
2023-07-03,CAM RANH,12.25,109.2,5.82,28.48,29.82,27.84,25.34,28.56,83.29,20.38,99.92,2.44,169.4,22.14,36.94,0.82,0.79,94.35
2023-07-04,CAM RANH,12.25,109.2,2.82,28.07,29.58,27.19,25.15,28.44,84.36,20.15,99.87,2.13,150.8,21.3,36.91,0.81,0.79,93.45
2023-07-05,CAM RANH,12.25,109.2,5.53,28.3,29.59,27.11,25.04,28.49,82.6,20.02,99.85,2.75,156.5,22.06,37.1,0.81,0.79,66.42
2023-07-06,CAM RANH,12.25,109.2,3.43,28.37,29.72,27.33,24.99,28.62,82.12,19.96,99.9,3.34,187.3,24.49,37.28,0.81,0.79,59.01
2023-07-07,CAM RANH,12.25,109.2,2.42,27.92,29.52,26.74,24.67,28.41,82.55,19.54,100.0,4.69,178.5,24.92,36.42,0.8,0.79,34.75
2023-07-08,CAM RANH,12.25,109.2,3.44,27.75,28.88,26.66,24.91,28.41,84.59,19.84,99.98,5.2,180.2,25.23,37.05,0.8,0.79,44.5
2023-07-09,CAM RANH,12.25,109.2,3.88,28.21,29.76,27.2,25.12,28.72,83.52,20.12,99.89,4.41,183.9,25.07,37.15,0.79,0.78,52.11
2023-07-10,CAM RANH,12.25,109.2,1.61,28.64,30.06,27.69,25.27,28.8,82.05,20.3,99.79,1.71,179.3,23.74,37.35,0.79,0.78,62.52
2023-07-11,CAM RANH,12.25,109.2,2.01,29.26,31.55,27.57,25.44,28.98,80.12,20.52,99.77,2.12,242.8,24.61,37.66,0.79,0.78,58.89
2023-07-12,CAM RANH,12.25,109.2,1.24,29.59,32.14,27.64,25.16,29.17,77.47,20.18,99.74,1.99,292.3,24.87,37.38,0.78,0.77,68.56
2023-07-13,CAM RANH,12.25,109.2,1.7,28.98,30.87,27.52,25.72,29.07,82.7,20.9,99.7,2.89,232.7,24.05,37.3,0.78,0.77,71.64
2023-07-14,CAM RANH,12.25,109.2,3.0,28.49,29.75,27.59,25.17,28.39,82.25,20.23,99.61,4.06,250.0,20.04,37.03,0.79,0.77,94.35
2023-07-15,CAM RANH,12.25,109.2,7.25,28.74,30.45,27.11,24.81,28.43,79.4,19.84,99.43,3.43,263.7,17.93,37.24,0.8,0.77,98.98
2023-07-16,CAM RANH,12.25,109.2,12.43,28.28,30.34,26.94,24.07,28.15,78.09,19.0,99.27,3.94,238.5,14.71,37.43,0.83,0.78,99.71
2023-07-17,CAM RANH,12.25,109.2,32.85,28.32,30.19,26.81,25.27,28.2,83.62,20.44,99.29,3.6,212.0,15.4,37.51,0.89,0.81,99.38
2023-07-18,CAM RANH,12.25,109.2,3.7,28.52,30.4,26.96,25.2,28.54,82.5,20.33,99.42,2.68,214.2,18.77,37.48,0.83,0.82,93.09
2023-07-19,CAM RANH,12.25,109.2,6.19,28.88,30.78,27.4,25.01,28.94,79.88,20.08,99.42,1.87,239.6,19.59,37.78,0.83,0.82,89.11
2023-07-20,CAM RANH,12.25,109.2,5.98,28.85,30.72,27.59,25.14,28.83,80.52,20.21,99.51,2.31,263.1,22.2,37.62,0.84,0.82,80.98
2023-07-21,CAM RANH,12.25,109.2,9.01,28.25,29.62,27.09,24.9,28.75,82.17,19.86,99.76,1.48,110.7,21.48,37.23,0.84,0.83,92.1
2023-07-22,CAM RANH,12.25,109.2,6.71,27.84,29.4,26.74,23.62,28.33,77.96,18.35,99.94,1.74,111.8,12.92,37.36,0.85,0.83,98.0
2023-07-23,CAM RANH,12.25,109.2,16.38,27.41,28.14,26.9,24.84,28.44,85.89,19.78,99.83,1.77,114.7,19.88,37.28,0.88,0.84,86.29
2023-07-24,CAM RANH,12.25,109.2,13.6,28.2,29.78,27.29,24.69,28.52,81.47,19.65,99.7,1.86,198.5,22.16,37.31,0.88,0.86,77.62
2023-07-25,CAM RANH,12.25,109.2,6.05,28.33,29.77,27.29,24.92,28.66,82.04,19.93,99.68,2.18,184.2,21.43,37.72,0.86,0.86,78.65
2023-07-26,CAM RANH,12.25,109.2,7.01,28.89,31.05,27.35,25.31,28.93,81.39,20.43,99.56,2.5,243.0,17.95,38.14,0.86,0.86,86.69
2023-07-27,CAM RANH,12.25,109.2,35.72,28.3,29.78,27.47,25.65,28.3,85.69,20.87,99.43,3.19,226.0,14.36,37.95,0.92,0.89,97.53
2023-07-28,CAM RANH,12.25,109.2,9.59,28.63,30.35,27.49,25.83,28.76,84.92,21.11,99.35,3.88,207.3,17.25,37.5,0.89,0.9,87.7
2023-07-29,CAM RANH,12.25,109.2,21.57,28.4,29.76,26.99,25.38,28.61,83.8,20.53,99.47,3.23,216.4,21.86,37.26,0.92,0.91,72.51
2023-07-30,CAM RANH,12.25,109.2,8.36,28.88,31.24,27.0,25.28,28.98,81.09,20.4,99.56,3.21,231.1,20.5,37.88,0.89,0.91,91.48
2023-07-31,CAM RANH,12.25,109.2,17.41,28.61,30.61,26.93,24.68,28.31,79.4,19.63,99.65,3.17,260.3,17.15,38.0,0.92,0.92,96.41
2023-08-01,CAM RANH,12.25,109.2,7.36,27.6,29.07,26.69,23.59,27.81,78.93,18.36,99.74,2.88,241.8,17.34,37.48,0.91,0.93,94.58
2023-08-02,CAM RANH,12.25,109.2,12.87,28.06,29.65,26.76,24.73,28.09,82.4,19.68,99.77,2.82,219.2,11.87,37.19,0.92,0.93,92.41
2023-08-03,CAM RANH,12.25,109.2,22.93,28.56,30.65,26.78,25.27,28.51,82.54,20.35,99.74,4.43,208.7,23.46,37.25,0.93,0.94,70.4
2023-08-04,CAM RANH,12.25,109.2,0.83,28.44,31.2,26.29,24.94,28.44,81.77,19.91,99.95,3.24,213.0,23.4,36.71,0.9,0.94,38.62
2023-08-05,CAM RANH,12.25,109.2,1.09,28.74,31.27,26.7,25.05,28.58,80.85,20.05,99.88,3.28,219.6,25.13,36.67,0.9,0.93,50.0
2023-08-06,CAM RANH,12.25,109.2,0.82,28.8,30.83,27.32,25.18,28.61,81.0,20.23,99.67,2.9,222.1,25.3,36.49,0.89,0.92,14.4
2023-08-07,CAM RANH,12.25,109.2,1.08,28.93,30.96,27.38,25.33,28.38,81.08,20.43,99.62,2.92,228.3,24.26,36.85,0.88,0.91,36.14
2023-08-08,CAM RANH,12.25,109.2,0.36,29.13,31.85,27.09,24.58,28.44,76.86,19.51,99.75,2.63,242.2,24.31,36.41,0.88,0.91,22.01
2023-08-09,CAM RANH,12.25,109.2,0.32,29.12,31.34,27.43,24.59,28.58,76.81,19.5,99.84,2.85,247.0,24.75,36.39,0.87,0.9,17.31
2023-08-10,CAM RANH,12.25,109.2,0.61,29.23,31.26,27.98,25.73,29.24,81.73,20.9,99.73,2.8,213.0,25.65,36.78,0.86,0.89,12.96
2023-08-11,CAM RANH,12.25,109.2,1.56,29.19,31.2,27.56,25.81,29.08,82.16,21.02,99.64,3.01,209.4,24.82,37.2,0.86,0.88,27.46
2023-08-12,CAM RANH,12.25,109.2,2.86,28.86,30.81,27.22,25.88,28.75,84.12,21.11,99.62,2.63,211.8,23.63,37.35,0.86,0.88,46.13
2023-08-13,CAM RANH,12.25,109.2,3.33,28.52,30.47,26.96,25.89,28.65,85.86,21.12,99.64,3.14,208.4,24.15,37.06,0.86,0.88,39.3
2023-08-14,CAM RANH,12.25,109.2,1.6,28.92,30.88,27.7,25.8,28.96,83.4,20.99,99.67,3.49,205.0,24.26,37.68,0.86,0.88,54.03
2023-08-15,CAM RANH,12.25,109.2,1.8,29.2,31.24,27.93,25.77,28.86,81.91,20.95,99.72,2.17,229.5,24.84,37.4,0.86,0.87,37.59
2023-08-16,CAM RANH,12.25,109.2,1.44,29.08,31.52,27.89,25.49,29.0,81.38,20.6,99.76,2.75,211.8,24.53,37.27,0.85,0.87,29.56
2023-08-17,CAM RANH,12.25,109.2,1.33,28.83,30.83,27.58,25.5,28.92,82.4,20.62,99.68,2.68,210.6,24.88,37.1,0.85,0.86,28.66
2023-08-18,CAM RANH,12.25,109.2,1.54,28.76,30.3,27.53,25.77,28.89,84.05,20.98,99.6,2.59,198.9,24.12,37.01,0.84,0.86,56.55
2023-08-19,CAM RANH,12.25,109.2,5.1,28.44,30.17,27.12,25.55,28.98,84.53,20.69,99.65,4.4,179.3,22.8,36.96,0.85,0.85,80.2
2023-08-20,CAM RANH,12.25,109.2,4.82,28.77,30.51,27.26,25.74,29.27,83.95,20.94,99.62,3.13,197.2,17.83,37.85,0.85,0.85,95.37
2023-08-21,CAM RANH,12.25,109.2,4.94,28.42,29.98,27.01,25.08,28.98,82.38,20.09,99.81,2.91,184.2,21.42,37.27,0.85,0.86,75.74
2023-08-22,CAM RANH,12.25,109.2,2.33,29.05,31.2,27.24,24.72,29.12,77.74,19.69,99.69,2.4,235.0,24.27,37.5,0.84,0.85,49.39
2023-08-23,CAM RANH,12.25,109.2,3.17,29.06,31.33,27.57,25.11,29.07,79.48,20.15,99.65,2.41,223.1,25.11,37.34,0.84,0.85,50.06
2023-08-24,CAM RANH,12.25,109.2,1.4,29.07,31.14,27.66,25.12,29.22,79.65,20.16,99.68,2.04,215.1,25.36,36.82,0.84,0.84,49.02
2023-08-25,CAM RANH,12.25,109.2,2.0,29.18,31.21,27.46,25.6,29.24,81.37,20.75,99.69,2.45,229.9,24.48,37.56,0.83,0.84,46.45
2023-08-26,CAM RANH,12.25,109.2,16.64,28.97,30.98,27.1,25.5,28.94,81.7,20.65,99.63,2.55,251.9,24.22,37.27,0.87,0.84,60.45
2023-08-27,CAM RANH,12.25,109.2,1.77,28.87,30.99,26.98,25.08,28.8,80.21,20.15,99.48,2.75,240.0,22.92,37.24,0.84,0.85,70.1
2023-08-28,CAM RANH,12.25,109.2,3.46,28.63,30.72,26.65,25.21,28.48,81.97,20.33,99.46,2.27,246.5,22.71,37.56,0.85,0.85,80.28
2023-08-29,CAM RANH,12.25,109.2,12.55,28.31,29.59,27.26,25.19,28.52,83.45,20.29,99.54,2.69,215.7,20.26,37.27,0.88,0.86,87.06
2023-08-30,CAM RANH,12.25,109.2,8.48,29.08,31.03,27.4,25.15,29.19,79.61,20.22,99.57,2.16,242.6,21.19,37.69,0.86,0.86,77.54
2023-08-31,CAM RANH,12.25,109.2,33.11,28.69,30.33,27.42,25.39,28.96,82.56,20.5,99.6,2.61,198.0,13.41,38.04,0.92,0.89,99.31
2023-09-01,CAM RANH,12.25,109.2,16.07,28.48,30.31,27.13,25.02,28.78,81.82,20.07,99.54,2.18,232.0,15.08,37.77,0.91,0.91,98.47
2023-09-02,CAM RANH,12.25,109.2,15.48,28.86,30.97,27.12,25.41,29.16,82.0,20.58,99.41,2.77,211.3,19.16,38.06,0.91,0.91,88.31
2023-09-03,CAM RANH,12.25,109.2,9.87,29.2,31.39,27.99,25.82,29.77,82.41,21.12,99.35,3.29,202.7,22.67,38.17,0.9,0.92,68.35
2023-09-04,CAM RANH,12.25,109.2,20.82,29.01,30.35,28.16,25.75,29.59,82.79,20.99,99.47,3.3,178.0,22.28,37.76,0.93,0.93,79.38
2023-09-05,CAM RANH,12.25,109.2,16.74,29.51,30.95,28.15,25.72,29.71,80.2,20.9,99.64,2.05,262.1,20.67,38.1,0.93,0.94,87.44
2023-09-06,CAM RANH,12.25,109.2,11.49,29.08,29.93,28.28,25.67,29.41,81.95,20.81,99.79,2.07,210.4,22.56,37.7,0.92,0.94,80.22
2023-09-07,CAM RANH,12.25,109.2,14.26,29.06,30.37,28.21,26.09,29.57,84.15,21.34,99.79,3.65,181.2,23.08,37.56,0.93,0.95,62.35
2023-09-08,CAM RANH,12.25,109.2,9.47,28.85,30.31,27.43,25.76,29.31,83.42,20.91,99.8,4.19,189.8,22.93,37.39,0.93,0.95,68.84
2023-09-09,CAM RANH,12.25,109.2,11.85,28.47,29.66,27.39,25.47,29.4,83.88,20.58,99.7,5.89,183.4,22.85,37.0,0.93,0.95,74.63
2023-09-10,CAM RANH,12.25,109.2,17.46,28.79,30.22,27.52,25.42,29.05,82.12,20.5,99.77,3.89,201.0,21.85,37.33,0.93,0.96,80.85
2023-09-11,CAM RANH,12.25,109.2,9.65,28.93,30.7,27.82,25.21,29.04,80.55,20.25,99.79,2.94,202.4,22.46,37.16,0.93,0.96,81.24
2023-09-12,CAM RANH,12.25,109.2,4.39,29.08,30.89,27.64,24.61,29.03,77.08,19.51,99.81,2.52,228.9,21.88,37.73,0.92,0.95,90.2
2023-09-13,CAM RANH,12.25,109.2,10.11,28.3,29.4,27.37,24.44,28.62,79.63,19.33,99.77,3.12,251.8,21.08,37.33,0.93,0.96,86.57
2023-09-14,CAM RANH,12.25,109.2,8.22,28.6,30.0,27.65,24.01,28.81,76.31,18.82,99.75,2.32,229.7,18.92,37.26,0.93,0.96,95.31
2023-09-15,CAM RANH,12.25,109.2,15.16,28.0,28.91,27.39,24.18,28.75,79.77,19.01,99.84,1.34,134.7,21.33,37.17,0.94,0.96,94.31
2023-09-16,CAM RANH,12.25,109.2,8.05,28.6,29.95,27.79,24.76,29.36,79.9,19.69,99.87,2.13,161.1,19.85,37.4,0.93,0.96,87.85
2023-09-17,CAM RANH,12.25,109.2,10.09,28.7,29.66,28.01,25.1,29.17,80.97,20.1,99.85,1.41,160.3,22.65,37.39,0.94,0.96,72.06
2023-09-18,CAM RANH,12.25,109.2,5.95,29.05,30.52,28.13,25.32,29.27,80.44,20.34,99.96,2.01,55.8,22.97,37.49,0.93,0.96,60.07
2023-09-19,CAM RANH,12.25,109.2,1.22,28.46,29.78,27.53,24.47,29.48,79.05,19.3,100.02,1.8,134.0,22.97,37.13,0.92,0.96,67.49
2023-09-20,CAM RANH,12.25,109.2,2.4,28.28,29.45,27.6,24.55,29.65,80.22,19.41,99.94,1.5,83.5,22.94,37.05,0.92,0.95,57.36
2023-09-21,CAM RANH,12.25,109.2,4.32,28.3,29.27,27.62,25.11,29.47,82.79,20.08,99.93,2.21,66.3,21.54,37.18,0.92,0.95,60.41
2023-09-22,CAM RANH,12.25,109.2,3.82,28.58,29.23,27.97,25.14,29.46,81.71,20.13,99.9,2.45,113.5,23.19,36.97,0.92,0.95,69.64
2023-09-23,CAM RANH,12.25,109.2,4.95,28.89,30.55,27.66,24.1,29.48,75.57,18.91,99.82,1.93,232.8,18.23,37.25,0.92,0.95,98.87
2023-09-24,CAM RANH,12.25,109.2,29.1,28.27,29.21,27.59,24.06,28.89,77.97,18.91,99.6,2.79,263.6,5.19,37.11,0.95,0.96,98.94
2023-09-25,CAM RANH,12.25,109.2,10.89,28.78,30.38,27.56,24.92,29.3,79.82,19.99,99.41,3.28,197.7,13.15,37.28,0.93,0.97,96.37
2023-09-26,CAM RANH,12.25,109.2,31.89,28.75,30.66,27.57,24.81,29.29,79.58,19.8,99.65,3.24,195.4,20.28,37.45,0.96,0.97,85.0
2023-09-27,CAM RANH,12.25,109.2,41.33,28.31,29.52,27.67,24.72,29.03,81.03,19.66,99.78,2.23,156.6,21.4,37.23,0.96,0.98,80.54
2023-09-28,CAM RANH,12.25,109.2,6.05,29.0,30.19,27.92,24.17,28.93,75.4,18.99,99.92,2.48,306.0,18.65,37.52,0.95,0.98,98.51
2023-09-29,CAM RANH,12.25,109.2,8.87,28.61,29.75,27.56,25.49,28.77,83.21,20.54,99.99,3.66,327.5,20.91,37.52,0.95,0.98,87.6
2023-09-30,CAM RANH,12.25,109.2,7.62,28.42,29.82,27.27,25.2,28.95,82.9,20.21,99.92,4.04,351.4,22.7,37.18,0.95,0.98,66.36
2023-10-01,CAM RANH,12.25,109.2,95.49,28.28,29.66,27.39,25.32,28.69,84.09,20.36,99.83,3.72,2.4,5.67,37.45,0.98,0.98,89.35
2023-10-02,CAM RANH,12.25,109.2,7.91,27.89,28.28,27.6,25.71,28.53,87.89,20.84,99.82,2.5,16.9,8.44,38.0,0.96,0.99,94.36
2023-10-03,CAM RANH,12.25,109.2,2.38,28.38,29.4,27.4,25.1,28.94,82.42,20.09,99.88,1.62,102.0,19.75,37.63,0.95,0.98,45.91
2023-10-04,CAM RANH,12.25,109.2,4.27,28.82,30.34,27.83,25.21,29.46,80.99,20.21,99.9,2.29,157.6,22.06,37.66,0.95,0.98,59.01
2023-10-05,CAM RANH,12.25,109.2,8.34,28.69,29.75,28.03,25.51,29.13,82.99,20.58,99.87,2.02,164.1,22.27,37.46,0.95,0.98,67.5
2023-10-06,CAM RANH,12.25,109.2,10.56,28.63,29.69,27.81,25.09,28.84,81.3,20.08,99.93,2.56,211.4,20.04,37.37,0.95,0.98,90.45
2023-10-07,CAM RANH,12.25,109.2,5.86,28.92,30.33,28.13,25.02,29.01,79.55,19.97,100.0,1.94,11.0,18.28,37.59,0.95,0.98,92.45
2023-10-08,CAM RANH,12.25,109.2,6.12,28.82,30.32,27.29,24.89,29.01,79.41,19.79,100.06,2.49,339.7,18.6,37.65,0.95,0.98,91.53
2023-10-09,CAM RANH,12.25,109.2,5.74,28.38,29.62,27.65,25.31,28.72,83.5,20.3,100.09,4.85,359.2,20.93,37.39,0.95,0.98,57.19
2023-10-10,CAM RANH,12.25,109.2,4.68,28.4,29.13,27.94,25.96,28.69,86.61,21.11,100.06,4.9,22.2,16.16,37.99,0.94,0.98,75.96
2023-10-11,CAM RANH,12.25,109.2,9.67,28.63,29.41,27.9,25.93,28.79,85.33,21.06,100.09,4.75,22.3,19.64,37.3,0.95,0.98,57.94
2023-10-12,CAM RANH,12.25,109.2,9.42,27.98,29.02,26.91,24.91,28.44,83.48,19.81,100.13,4.88,8.0,20.8,36.74,0.95,0.98,75.5
2023-10-13,CAM RANH,12.25,109.2,8.55,27.19,28.16,26.36,24.73,28.06,86.4,19.6,100.08,4.84,7.7,17.11,36.97,0.94,0.98,94.39
2023-10-14,CAM RANH,12.25,109.2,8.88,27.07,27.97,26.54,24.68,28.09,86.77,19.58,99.9,2.56,82.2,16.76,37.21,0.94,0.98,89.42
2023-10-15,CAM RANH,12.25,109.2,24.29,27.75,29.25,26.8,25.04,28.16,85.29,20.02,99.84,1.53,271.5,16.08,37.4,0.96,0.98,99.25
2023-10-16,CAM RANH,12.25,109.2,26.08,27.51,28.68,26.76,24.57,28.14,84.04,19.44,99.9,1.84,191.8,14.92,37.2,0.97,0.99,92.12
2023-10-17,CAM RANH,12.25,109.2,6.39,28.28,30.11,27.14,25.11,28.43,83.16,20.1,99.93,3.34,191.1,18.84,37.25,0.96,0.99,67.73
2023-10-18,CAM RANH,12.25,109.2,4.45,28.32,29.45,27.36,25.5,28.38,84.83,20.56,100.04,3.85,182.0,20.53,37.1,0.95,0.99,63.98
2023-10-19,CAM RANH,12.25,109.2,5.99,28.15,29.35,27.16,25.46,28.6,85.39,20.48,100.1,2.17,145.5,20.51,37.06,0.95,0.98,52.33
2023-10-20,CAM RANH,12.25,109.2,4.86,27.85,28.87,26.96,24.94,28.41,84.24,19.83,100.18,3.31,36.5,20.46,36.97,0.95,0.98,71.89
2023-10-21,CAM RANH,12.25,109.2,15.69,27.2,27.99,26.53,25.32,27.69,89.45,20.27,100.29,6.63,11.2,5.3,37.69,0.96,0.98,97.09
2023-10-22,CAM RANH,12.25,109.2,13.66,27.09,27.96,26.56,25.02,27.57,88.42,19.91,100.28,4.87,9.2,15.13,36.89,0.96,0.99,89.73
2023-10-23,CAM RANH,12.25,109.2,5.01,27.54,28.52,26.6,24.79,27.76,84.97,19.68,100.07,3.39,334.2,20.47,36.82,0.95,0.98,69.12
2023-10-24,CAM RANH,12.25,109.2,4.47,27.49,28.55,26.88,24.97,27.97,86.19,19.89,100.1,2.35,112.4,20.01,37.15,0.95,0.98,72.21
2023-10-25,CAM RANH,12.25,109.2,2.06,27.57,28.28,26.71,23.81,28.11,80.03,18.52,100.17,1.0,6.6,18.15,37.03,0.94,0.98,64.17
2023-10-26,CAM RANH,12.25,109.2,1.03,27.47,28.45,26.68,24.62,28.04,84.44,19.45,100.18,2.33,23.4,19.64,36.74,0.94,0.98,54.51
2023-10-27,CAM RANH,12.25,109.2,0.82,27.67,29.1,27.06,24.5,28.12,82.96,19.32,100.12,3.61,20.5,21.77,35.98,0.93,0.97,27.56
2023-10-28,CAM RANH,12.25,109.2,4.34,27.71,28.54,27.25,24.85,28.04,84.39,19.73,100.1,4.13,19.3,20.77,36.68,0.93,0.97,70.95
2023-10-29,CAM RANH,12.25,109.2,6.13,27.71,28.56,27.18,25.36,28.05,87.08,20.36,100.07,3.78,24.0,18.27,37.04,0.93,0.97,69.67
2023-10-30,CAM RANH,12.25,109.2,34.71,28.07,28.83,27.44,26.3,27.96,90.12,21.53,100.11,5.88,18.7,10.96,37.39,0.96,0.97,97.47
2023-10-31,CAM RANH,12.25,109.2,9.9,27.76,28.76,27.11,25.96,27.74,89.91,21.09,100.16,5.69,16.4,15.12,37.31,0.95,0.99,92.54
2023-11-01,CAM RANH,12.25,109.2,5.45,27.33,28.19,26.84,25.32,27.58,88.73,20.29,100.17,4.92,22.1,18.63,36.65,0.94,0.98,79.26
2023-11-02,CAM RANH,12.25,109.2,5.24,27.46,28.47,26.67,25.26,27.76,87.84,20.23,100.08,4.03,11.6,15.76,36.9,0.94,0.98,98.88
2023-11-03,CAM RANH,12.25,109.2,2.54,27.36,28.14,26.76,25.08,27.57,87.29,20.03,99.99,4.29,17.4,6.69,37.07,0.94,0.98,97.67
2023-11-04,CAM RANH,12.25,109.2,3.11,27.51,28.23,26.96,25.07,27.7,86.55,20.02,100.04,3.79,12.6,13.17,36.95,0.94,0.97,53.75
2023-11-05,CAM RANH,12.25,109.2,4.15,27.77,28.98,26.83,25.46,27.79,87.28,20.48,100.11,4.13,4.5,21.42,36.43,0.94,0.97,21.76
2023-11-06,CAM RANH,12.25,109.2,10.6,27.21,28.06,26.41,24.95,27.37,87.42,19.85,100.19,4.88,31.3,10.42,36.69,0.95,0.98,92.32
2023-11-07,CAM RANH,12.25,109.2,5.85,27.36,28.39,26.63,24.77,27.72,85.9,19.65,100.14,4.99,16.8,14.78,36.9,0.94,0.97,96.5
2023-11-08,CAM RANH,12.25,109.2,10.23,27.43,28.0,27.08,24.92,27.38,86.17,19.82,100.14,4.23,54.2,14.64,36.73,0.94,0.97,92.8
2023-11-09,CAM RANH,12.25,109.2,6.78,27.4,28.62,26.33,25.23,27.75,87.96,20.18,100.17,2.99,27.0,19.04,36.76,0.94,0.97,72.37
2023-11-10,CAM RANH,12.25,109.2,2.83,27.47,28.36,27.04,24.94,27.71,86.12,19.82,100.26,3.54,32.5,7.99,37.03,0.93,0.97,75.85
2023-11-11,CAM RANH,12.25,109.2,3.16,27.81,28.85,27.04,24.75,27.82,83.44,19.57,100.32,4.82,39.9,19.06,36.58,0.93,0.97,60.45
2023-11-12,CAM RANH,12.25,109.2,11.86,27.87,28.88,27.22,25.34,27.91,86.14,20.3,100.28,5.73,30.5,13.94,37.2,0.94,0.97,75.58
2023-11-13,CAM RANH,12.25,109.2,19.08,27.8,28.09,27.59,26.17,27.64,90.75,21.32,100.3,7.03,24.3,8.23,37.53,0.95,0.98,93.31
2023-11-14,CAM RANH,12.25,109.2,19.26,27.67,28.37,27.16,26.14,27.6,91.34,21.29,100.31,5.67,33.3,13.67,37.38,0.96,0.98,92.57
2023-11-15,CAM RANH,12.25,109.2,32.27,27.76,28.44,27.21,26.09,27.64,90.61,21.21,100.39,6.13,30.8,12.43,37.66,0.97,0.99,96.29
2023-11-16,CAM RANH,12.25,109.2,51.83,27.03,27.66,26.45,25.16,27.12,89.42,20.03,100.51,9.64,28.5,5.29,37.35,0.99,1.0,98.8
2023-11-17,CAM RANH,12.25,109.2,9.56,25.73,27.0,24.87,22.96,26.5,84.67,17.53,100.58,11.25,16.7,8.84,36.58,0.96,1.0,91.1
2023-11-18,CAM RANH,12.25,109.2,5.12,25.73,27.04,24.94,22.75,26.48,83.65,17.31,100.48,10.22,12.8,10.68,36.26,0.96,0.99,95.02
2023-11-19,CAM RANH,12.25,109.2,3.55,26.06,26.86,25.51,22.86,26.41,82.59,17.46,100.34,8.79,15.2,8.3,36.66,0.95,0.99,98.16
2023-11-20,CAM RANH,12.25,109.2,2.0,26.18,27.4,25.32,22.83,26.43,81.76,17.43,100.31,8.94,21.3,12.28,36.2,0.94,0.98,92.96
2023-11-21,CAM RANH,12.25,109.2,1.6,26.0,27.11,25.34,22.51,26.27,81.14,17.1,100.17,7.11,19.8,17.44,35.57,0.93,0.97,67.18
2023-11-22,CAM RANH,12.25,109.2,0.82,26.58,27.8,25.88,23.74,26.62,84.49,18.46,100.08,7.02,18.0,12.69,36.4,0.93,0.97,97.53
2023-11-23,CAM RANH,12.25,109.2,1.73,26.1,27.0,25.44,23.54,26.12,85.81,18.21,100.17,7.81,25.1,13.09,36.49,0.92,0.97,99.04
2023-11-24,CAM RANH,12.25,109.2,1.85,25.7,26.19,25.36,23.47,25.98,87.45,18.12,100.26,8.5,12.5,4.81,36.57,0.92,0.96,99.56
2023-11-25,CAM RANH,12.25,109.2,16.09,26.02,26.53,25.47,24.44,26.15,90.97,19.23,100.26,6.27,33.9,5.63,36.69,0.94,0.97,90.56
2023-11-26,CAM RANH,12.25,109.2,3.2,25.99,26.63,25.52,24.03,26.11,88.88,18.75,100.29,8.32,26.8,11.4,36.95,0.93,0.97,97.25
2023-11-27,CAM RANH,12.25,109.2,0.64,25.75,27.13,24.77,22.46,25.89,82.09,17.05,100.2,9.78,4.7,13.73,36.21,0.92,0.96,98.0
2023-11-28,CAM RANH,12.25,109.2,1.67,25.76,26.72,25.31,23.82,26.14,89.07,18.54,100.16,7.92,14.4,5.74,36.81,0.92,0.96,98.05
2023-11-29,CAM RANH,12.25,109.2,2.89,26.46,27.56,25.82,25.08,26.55,92.18,20.0,100.2,5.68,18.5,13.13,36.89,0.92,0.95,63.36
2023-11-30,CAM RANH,12.25,109.2,3.55,26.27,26.89,25.8,25.33,26.16,94.54,20.29,100.26,5.39,19.9,13.61,36.55,0.92,0.96,93.36
2023-12-01,CAM RANH,12.25,109.2,2.61,26.42,27.13,26.0,25.32,26.3,93.6,20.28,100.19,6.01,28.1,13.55,36.69,0.92,0.95,93.21
2023-12-02,CAM RANH,12.25,109.2,24.99,26.19,26.92,25.67,24.96,26.09,92.92,19.83,100.3,5.97,28.3,10.39,36.65,0.95,0.96,99.41
2023-12-03,CAM RANH,12.25,109.2,10.08,25.79,26.45,25.24,24.69,25.81,93.61,19.51,100.27,5.14,28.7,3.62,36.2,0.94,0.97,99.34
2023-12-04,CAM RANH,12.25,109.2,3.7,26.56,27.69,25.84,24.78,26.66,90.02,19.65,100.18,5.18,10.5,14.38,36.13,0.93,0.97,66.1
2023-12-05,CAM RANH,12.25,109.2,8.45,26.34,27.05,25.81,24.77,26.39,91.04,19.63,100.19,5.6,24.4,11.66,36.99,0.94,0.97,91.51
2023-12-06,CAM RANH,12.25,109.2,5.81,26.17,27.22,25.43,23.87,26.28,87.09,18.57,100.3,7.03,27.9,12.07,36.53,0.93,0.97,90.98
2023-12-07,CAM RANH,12.25,109.2,1.76,25.94,27.02,25.14,23.43,26.28,86.05,18.08,100.3,7.09,21.9,14.65,35.97,0.92,0.96,83.17
2023-12-08,CAM RANH,12.25,109.2,0.35,25.61,26.76,24.67,22.58,25.92,83.29,17.16,100.28,5.73,15.0,12.36,35.32,0.92,0.96,90.19
2023-12-09,CAM RANH,12.25,109.2,1.11,25.71,26.97,24.81,22.84,26.3,84.21,17.46,100.13,3.63,18.5,17.48,34.96,0.91,0.95,29.55
2023-12-10,CAM RANH,12.25,109.2,0.86,25.85,27.18,24.91,23.57,26.47,87.24,18.26,100.11,3.33,43.6,19.56,34.17,0.91,0.95,24.59
2023-12-11,CAM RANH,12.25,109.2,0.81,26.01,27.24,25.16,23.51,26.4,86.15,18.17,100.2,4.88,24.7,19.27,34.69,0.91,0.94,40.32
2023-12-12,CAM RANH,12.25,109.2,0.36,26.37,27.71,25.59,23.94,26.53,86.55,18.65,100.21,6.06,28.1,16.69,35.91,0.9,0.94,57.02
2023-12-13,CAM RANH,12.25,109.2,0.33,26.32,27.47,25.35,23.85,26.56,86.33,18.54,100.34,6.19,26.9,17.75,35.48,0.9,0.93,57.74
2023-12-14,CAM RANH,12.25,109.2,0.31,26.57,27.75,25.45,24.67,26.83,89.38,19.48,100.31,5.36,22.6,17.27,35.65,0.89,0.92,30.23
2023-12-15,CAM RANH,12.25,109.2,0.13,26.45,27.98,25.29,24.53,26.73,89.32,19.34,100.25,5.76,12.0,16.26,35.56,0.88,0.91,31.02
2023-12-16,CAM RANH,12.25,109.2,0.65,26.55,27.56,25.95,24.11,26.82,86.49,18.84,100.31,6.98,20.1,17.18,36.08,0.87,0.91,45.62
2023-12-17,CAM RANH,12.25,109.2,7.3,26.58,27.71,25.88,24.17,26.78,86.66,18.89,100.34,8.05,37.0,16.65,36.24,0.88,0.9,43.47
2023-12-18,CAM RANH,12.25,109.2,4.32,26.28,27.43,25.51,23.84,26.52,86.44,18.52,100.35,7.89,27.3,11.8,36.75,0.88,0.9,86.9
2023-12-19,CAM RANH,12.25,109.2,8.75,26.36,27.48,25.79,24.08,26.61,87.36,18.79,100.34,8.77,19.9,12.31,36.88,0.88,0.9,85.92
2023-12-20,CAM RANH,12.25,109.2,18.53,25.34,26.69,24.37,22.8,25.81,85.76,17.39,100.37,11.94,22.3,6.3,36.66,0.91,0.91,98.54
2023-12-21,CAM RANH,12.25,109.2,9.35,24.78,25.66,24.28,21.88,25.51,83.93,16.4,100.52,12.37,19.7,7.6,36.38,0.9,0.92,99.2
2023-12-22,CAM RANH,12.25,109.2,11.75,24.34,25.14,23.87,21.8,25.13,85.69,16.3,100.66,12.71,20.4,7.29,36.14,0.91,0.93,99.66
2023-12-23,CAM RANH,12.25,109.2,7.6,24.64,25.28,24.23,22.43,25.27,87.49,16.94,100.68,11.5,22.4,6.35,36.42,0.9,0.93,92.46
2023-12-24,CAM RANH,12.25,109.2,3.36,24.38,25.63,23.31,21.69,25.06,84.88,16.18,100.77,11.85,25.3,9.42,36.35,0.9,0.93,94.76
2023-12-25,CAM RANH,12.25,109.2,0.93,23.94,24.53,23.54,20.54,24.55,81.31,15.07,100.73,10.12,17.1,7.35,35.8,0.89,0.92,95.76
2023-12-26,CAM RANH,12.25,109.2,1.26,24.68,25.66,24.2,22.27,25.18,86.5,16.77,100.71,8.82,13.2,11.83,35.66,0.88,0.91,70.37
2023-12-27,CAM RANH,12.25,109.2,1.53,25.21,26.28,24.67,23.54,25.43,90.49,18.14,100.6,7.47,19.9,8.04,36.79,0.88,0.91,87.26
2023-12-28,CAM RANH,12.25,109.2,0.93,25.22,26.55,24.32,23.62,25.53,90.8,18.25,100.47,6.71,18.0,10.46,36.73,0.87,0.9,83.69
2023-12-29,CAM RANH,12.25,109.2,0.8,25.23,26.53,24.28,23.61,25.64,90.71,18.26,100.35,6.28,22.4,12.9,36.09,0.87,0.9,57.56
2023-12-30,CAM RANH,12.25,109.2,0.32,25.18,26.71,24.08,23.22,25.59,89.0,17.84,100.3,6.23,12.7,17.29,34.78,0.86,0.89,25.78
2023-12-31,CAM RANH,12.25,109.2,0.44,25.21,26.57,24.3,23.33,25.6,89.35,17.96,100.33,6.49,19.0,17.02,35.43,0.86,0.88,58.57
2024-01-01,CAM RANH,12.25,109.2,1.65,25.17,26.48,24.45,23.17,25.5,88.73,17.78,100.32,6.65,13.2,13.03,36.12,0.86,0.88,98.6
2024-01-02,CAM RANH,12.25,109.2,0.66,25.36,26.81,24.38,23.2,25.56,87.89,17.83,100.29,6.5,18.8,13.51,35.49,0.85,0.87,44.71
2024-01-03,CAM RANH,12.25,109.2,0.43,25.02,26.4,24.18,20.99,25.01,78.29,15.55,100.39,8.51,17.6,15.96,34.27,0.85,0.86,29.01
2024-01-04,CAM RANH,12.25,109.2,0.3,24.53,25.94,23.33,20.11,24.66,76.57,14.71,100.44,7.86,17.2,17.65,33.4,0.84,0.86,19.46
2024-01-05,CAM RANH,12.25,109.2,0.92,24.65,25.74,24.08,21.85,25.07,84.43,16.38,100.46,6.99,12.4,16.24,35.22,0.84,0.85,82.4
2024-01-06,CAM RANH,12.25,109.2,0.55,24.79,26.0,24.04,22.42,25.2,86.69,16.97,100.44,7.21,21.9,10.03,36.39,0.84,0.84,88.14
2024-01-07,CAM RANH,12.25,109.2,0.18,24.61,25.87,23.61,21.65,25.12,83.56,16.17,100.47,6.64,21.8,15.86,35.5,0.83,0.84,72.77
2024-01-08,CAM RANH,12.25,109.2,0.11,24.66,26.1,23.65,21.46,25.22,82.38,15.99,100.42,5.66,23.6,13.52,34.96,0.82,0.83,91.57
2024-01-09,CAM RANH,12.25,109.2,0.1,24.91,26.24,23.96,21.73,25.39,82.58,16.28,100.3,5.53,17.9,17.17,35.26,0.82,0.82,64.4
2024-01-10,CAM RANH,12.25,109.2,0.23,25.16,26.55,24.2,22.03,25.44,82.79,16.59,100.3,6.6,25.4,12.87,35.65,0.81,0.82,78.16
2024-01-11,CAM RANH,12.25,109.2,0.06,24.71,26.24,23.59,20.7,25.1,78.42,15.26,100.4,6.93,23.3,18.91,33.61,0.81,0.81,53.22
2024-01-12,CAM RANH,12.25,109.2,0.31,24.31,25.67,23.3,20.64,24.94,80.01,15.21,100.35,7.13,24.1,17.37,33.73,0.8,0.8,91.53
2024-01-13,CAM RANH,12.25,109.2,0.17,24.23,25.65,23.41,20.26,24.82,78.57,14.84,100.43,7.2,18.5,17.35,33.41,0.79,0.79,69.51
2024-01-14,CAM RANH,12.25,109.2,0.73,24.51,25.87,23.69,20.74,25.01,79.64,15.29,100.48,7.52,14.4,16.26,34.66,0.79,0.79,94.92
2024-01-15,CAM RANH,12.25,109.2,2.16,24.56,25.78,23.83,21.23,24.91,81.77,15.77,100.42,8.33,14.2,10.14,35.91,0.79,0.78,94.29
2024-01-16,CAM RANH,12.25,109.2,0.41,24.66,25.76,24.02,21.52,25.02,82.83,16.06,100.41,7.67,17.5,12.36,35.47,0.78,0.78,90.52
2024-01-17,CAM RANH,12.25,109.2,0.45,25.18,26.75,23.98,22.66,25.36,85.94,17.25,100.3,7.06,21.0,8.93,36.39,0.78,0.77,81.84
2024-01-18,CAM RANH,12.25,109.2,0.28,24.61,26.19,23.62,21.93,25.15,85.17,16.49,100.29,6.43,12.7,17.39,34.92,0.77,0.77,68.61
2024-01-19,CAM RANH,12.25,109.2,0.08,24.24,25.84,23.11,20.96,24.93,82.0,15.53,100.28,6.02,12.8,15.24,33.79,0.77,0.76,69.51
2024-01-20,CAM RANH,12.25,109.2,0.04,24.4,26.03,23.31,20.63,24.94,79.6,15.19,100.41,5.06,18.4,17.57,33.44,0.76,0.75,90.13
2024-01-21,CAM RANH,12.25,109.2,2.17,24.4,25.97,23.34,21.1,24.97,82.07,15.63,100.5,6.02,15.9,18.48,33.76,0.76,0.75,59.04
2024-01-22,CAM RANH,12.25,109.2,2.42,24.75,26.16,24.01,22.07,25.31,85.16,16.59,100.54,6.59,14.2,16.83,34.58,0.76,0.75,42.83
2024-01-23,CAM RANH,12.25,109.2,10.63,24.22,25.81,23.33,21.23,24.88,83.39,15.73,100.7,10.43,16.8,16.97,34.93,0.79,0.75,51.07
2024-01-24,CAM RANH,12.25,109.2,8.83,24.12,25.03,23.48,20.8,24.68,81.67,15.29,100.82,9.55,32.5,14.12,35.68,0.8,0.76,88.38
2024-01-25,CAM RANH,12.25,109.2,3.73,24.29,25.45,23.58,20.64,24.73,80.15,15.12,100.93,8.81,32.6,16.43,34.8,0.78,0.76,79.47
2024-01-26,CAM RANH,12.25,109.2,0.07,24.19,25.49,23.39,20.47,24.66,79.73,14.96,100.91,8.33,29.5,15.06,34.72,0.76,0.75,59.91
2024-01-27,CAM RANH,12.25,109.2,0.05,24.13,25.56,23.25,20.56,24.77,80.53,15.06,100.83,7.86,25.6,16.7,34.22,0.75,0.75,39.53
2024-01-28,CAM RANH,12.25,109.2,0.22,24.15,25.54,23.26,20.62,24.77,80.78,15.12,100.81,7.61,25.7,18.23,34.76,0.74,0.74,60.13
2024-01-29,CAM RANH,12.25,109.2,0.36,24.26,25.95,23.12,21.3,24.97,83.71,15.79,100.68,6.64,19.6,16.12,35.18,0.73,0.73,57.61
2024-01-30,CAM RANH,12.25,109.2,0.28,24.32,26.07,23.23,21.84,25.1,86.19,16.34,100.62,5.46,21.8,15.06,35.05,0.72,0.73,55.28
2024-01-31,CAM RANH,12.25,109.2,0.05,24.68,25.95,23.79,22.09,25.37,85.5,16.6,100.56,4.1,42.8,16.61,34.0,0.71,0.72,45.08
2024-02-01,CAM RANH,12.25,109.2,0.03,24.62,26.56,23.21,21.79,25.29,84.4,16.31,100.53,3.37,31.5,21.41,33.05,0.7,0.72,28.57
2024-02-02,CAM RANH,12.25,109.2,0.03,24.75,26.32,23.75,20.64,25.43,77.98,15.18,100.49,2.91,39.4,21.33,32.9,0.69,0.71,11.58
2024-02-03,CAM RANH,12.25,109.2,0.06,25.36,26.9,24.44,22.36,26.12,83.53,16.89,100.48,3.59,34.3,21.63,33.81,0.68,0.7,11.28
2024-02-04,CAM RANH,12.25,109.2,0.01,25.71,27.15,24.73,23.12,26.54,85.67,17.7,100.48,2.67,67.3,20.28,34.89,0.68,0.7,27.87
2024-02-05,CAM RANH,12.25,109.2,0.23,25.9,27.61,24.68,22.44,26.66,81.36,16.97,100.53,2.7,53.9,20.95,34.1,0.67,0.69,12.07
2024-02-06,CAM RANH,12.25,109.2,0.53,26.01,27.81,24.81,23.47,26.85,86.02,18.08,100.49,3.01,56.1,20.21,34.88,0.66,0.69,69.38
2024-02-07,CAM RANH,12.25,109.2,0.34,25.56,27.45,24.2,22.29,26.72,82.18,16.84,100.34,2.52,83.2,17.56,34.18,0.66,0.68,62.43
2024-02-08,CAM RANH,12.25,109.2,0.34,25.94,27.5,24.89,22.06,26.95,79.26,16.6,100.39,3.02,64.4,20.27,34.53,0.65,0.68,17.91
2024-02-09,CAM RANH,12.25,109.2,0.65,25.69,27.28,24.48,22.65,26.48,83.51,17.17,100.66,7.38,24.5,19.55,35.46,0.64,0.67,37.18
2024-02-10,CAM RANH,12.25,109.2,0.45,24.75,26.66,23.73,21.75,25.58,83.45,16.21,100.89,10.17,25.4,12.39,36.15,0.64,0.67,78.27
2024-02-11,CAM RANH,12.25,109.2,0.25,24.01,25.68,22.57,20.41,25.13,80.32,14.92,100.93,9.91,20.7,13.3,35.18,0.63,0.66,70.66
2024-02-12,CAM RANH,12.25,109.2,0.16,24.17,25.94,23.17,20.68,25.01,80.96,15.18,100.84,8.29,17.9,14.12,35.23,0.62,0.66,66.55
2024-02-13,CAM RANH,12.25,109.2,0.29,24.43,25.84,23.64,21.97,25.12,86.27,16.46,100.66,6.65,26.5,13.82,36.01,0.62,0.65,81.22
2024-02-14,CAM RANH,12.25,109.2,0.16,24.65,26.31,23.52,22.28,25.43,86.83,16.8,100.54,5.41,21.6,14.33,36.17,0.61,0.65,69.34
2024-02-15,CAM RANH,12.25,109.2,0.03,24.96,26.95,23.5,22.44,25.72,86.07,16.95,100.6,5.95,26.4,17.42,35.4,0.6,0.64,50.96
2024-02-16,CAM RANH,12.25,109.2,0.05,24.54,26.39,23.27,21.69,25.36,84.26,16.2,100.51,6.76,19.8,20.61,34.21,0.6,0.64,27.62
2024-02-17,CAM RANH,12.25,109.2,0.01,25.12,27.26,23.48,21.97,25.85,83.05,16.53,100.32,3.5,16.2,22.13,33.69,0.59,0.63,11.34
2024-02-18,CAM RANH,12.25,109.2,0.01,25.88,27.67,24.76,23.13,26.62,84.89,17.73,100.33,2.42,77.1,22.19,34.6,0.58,0.63,13.34
2024-02-19,CAM RANH,12.25,109.2,0.0,26.03,27.68,24.83,22.56,26.73,81.28,17.13,100.31,2.22,113.2,22.41,33.77,0.57,0.62,8.14
2024-02-20,CAM RANH,12.25,109.2,0.0,26.5,28.22,25.09,23.66,27.49,84.54,18.33,100.27,2.79,115.0,21.87,35.07,0.56,0.62,28.48
2024-02-21,CAM RANH,12.25,109.2,0.0,25.74,27.68,24.19,21.79,26.75,78.94,16.34,100.34,2.73,124.8,21.92,33.18,0.56,0.61,35.69
2024-02-22,CAM RANH,12.25,109.2,0.0,26.23,28.09,24.79,22.4,27.19,79.59,16.95,100.41,2.41,107.3,24.35,33.32,0.55,0.61,5.07
2024-02-23,CAM RANH,12.25,109.2,0.0,26.2,27.89,24.88,22.72,27.43,81.23,17.27,100.49,3.91,54.2,23.24,34.9,0.55,0.6,23.37
2024-02-24,CAM RANH,12.25,109.2,0.01,25.95,27.88,24.42,21.94,27.0,78.88,16.47,100.5,6.33,25.9,22.16,34.53,0.54,0.6,21.16
2024-02-25,CAM RANH,12.25,109.2,1.75,25.63,27.22,24.58,22.32,26.73,82.07,16.86,100.45,7.07,16.9,20.33,34.86,0.55,0.6,31.74
2024-02-26,CAM RANH,12.25,109.2,5.09,26.06,27.73,25.23,23.62,26.91,86.53,18.26,100.4,7.09,27.2,12.28,37.03,0.58,0.6,86.28
2024-02-27,CAM RANH,12.25,109.2,3.71,26.07,27.75,24.87,23.16,26.74,84.08,17.77,100.38,6.89,44.4,17.11,35.86,0.58,0.6,56.0
2024-02-28,CAM RANH,12.25,109.2,1.09,25.76,27.37,24.75,21.99,26.73,79.75,16.53,100.31,5.29,52.1,19.59,35.54,0.56,0.6,66.17
2024-02-29,CAM RANH,12.25,109.2,0.8,26.03,27.87,24.66,22.63,27.03,81.9,17.2,100.35,5.04,35.9,21.62,34.58,0.55,0.59,19.55
2024-03-01,CAM RANH,12.25,109.2,1.59,25.57,27.54,24.01,22.35,26.7,82.49,16.89,100.43,7.01,31.7,19.4,35.26,0.55,0.59,43.43
2024-03-02,CAM RANH,12.25,109.2,0.51,25.29,26.89,24.4,22.14,26.39,82.83,16.67,100.44,7.43,26.6,17.5,35.77,0.54,0.59,59.9
2024-03-03,CAM RANH,12.25,109.2,0.16,25.56,27.1,24.42,21.82,26.44,79.85,16.37,100.29,3.89,36.0,19.1,34.49,0.53,0.58,27.71
2024-03-04,CAM RANH,12.25,109.2,0.03,26.1,28.23,24.37,22.98,27.13,83.23,17.62,100.1,2.61,142.4,22.7,33.57,0.52,0.58,2.79
2024-03-05,CAM RANH,12.25,109.2,0.0,26.29,28.4,24.97,23.63,27.09,85.62,18.37,99.93,4.71,169.5,22.06,34.31,0.52,0.57,2.9
2024-03-06,CAM RANH,12.25,109.2,0.01,26.31,28.64,24.68,24.06,27.22,87.73,18.85,99.91,3.62,165.5,21.34,34.59,0.52,0.57,11.56
2024-03-07,CAM RANH,12.25,109.2,0.02,25.89,27.45,24.61,22.29,26.94,80.49,16.89,100.14,3.73,53.9,19.36,35.05,0.51,0.57,44.25
2024-03-08,CAM RANH,12.25,109.2,0.07,25.65,27.42,24.16,22.27,26.49,82.03,16.85,100.3,5.56,24.8,21.06,34.71,0.51,0.56,47.3
2024-03-09,CAM RANH,12.25,109.2,0.3,25.91,27.71,24.45,22.63,26.68,82.44,17.21,100.31,4.71,31.3,20.28,34.93,0.51,0.56,70.35
2024-03-10,CAM RANH,12.25,109.2,0.48,25.9,27.71,24.47,22.98,26.74,84.3,17.56,100.49,4.21,26.6,20.36,35.31,0.51,0.56,87.19
2024-03-11,CAM RANH,12.25,109.2,0.43,25.85,27.97,24.19,23.21,26.68,85.74,17.8,100.47,6.31,13.8,15.33,36.23,0.5,0.55,77.32
2024-03-12,CAM RANH,12.25,109.2,0.49,25.44,27.53,23.93,22.74,26.59,85.29,17.3,100.44,5.9,14.7,21.17,35.33,0.5,0.55,71.38
2024-03-13,CAM RANH,12.25,109.2,0.24,26.12,27.95,24.65,23.25,27.01,84.49,17.86,100.37,2.81,40.0,21.16,35.21,0.5,0.55,57.73
2024-03-14,CAM RANH,12.25,109.2,0.04,25.91,27.86,24.16,22.32,27.02,80.67,16.88,100.33,2.35,89.4,23.96,33.31,0.49,0.54,15.18
2024-03-15,CAM RANH,12.25,109.2,0.08,25.89,27.94,24.63,21.51,27.22,77.37,16.09,100.38,2.12,82.5,25.11,33.19,0.48,0.54,41.39
2024-03-16,CAM RANH,12.25,109.2,0.06,26.38,28.21,24.78,22.9,27.43,81.36,17.47,100.42,2.84,60.0,24.34,34.4,0.48,0.53,14.05
2024-03-17,CAM RANH,12.25,109.2,0.21,26.28,28.17,24.76,22.82,27.67,81.37,17.41,100.33,2.97,61.4,24.24,34.31,0.48,0.53,11.82
2024-03-18,CAM RANH,12.25,109.2,0.45,26.48,28.36,25.03,22.46,27.75,78.76,17.03,100.3,2.89,64.7,23.72,34.21,0.48,0.53,24.75
2024-03-19,CAM RANH,12.25,109.2,0.97,26.42,28.14,25.15,22.86,27.44,81.06,17.44,100.42,5.07,29.2,21.8,34.66,0.48,0.52,18.52
2024-03-20,CAM RANH,12.25,109.2,3.02,26.13,27.83,24.86,23.26,27.05,84.35,17.85,100.47,7.43,32.9,20.9,35.87,0.51,0.52,46.54
2024-03-21,CAM RANH,12.25,109.2,0.99,25.85,27.61,24.72,22.42,26.82,81.4,16.99,100.26,5.08,42.5,19.75,35.0,0.5,0.52,27.26
2024-03-22,CAM RANH,12.25,109.2,0.02,26.41,28.01,25.36,22.91,27.75,81.2,17.54,100.07,2.84,98.6,23.41,34.98,0.47,0.52,20.58
2024-03-23,CAM RANH,12.25,109.2,0.0,26.9,28.58,25.62,23.19,28.07,80.3,17.83,100.16,3.62,138.7,24.43,34.78,0.46,0.51,9.62
2024-03-24,CAM RANH,12.25,109.2,0.01,26.97,28.81,25.65,23.03,28.21,79.14,17.63,100.27,3.17,129.6,24.64,34.52,0.46,0.51,24.07
2024-03-25,CAM RANH,12.25,109.2,0.01,27.26,28.97,25.84,23.4,28.43,79.88,18.07,100.26,2.67,68.7,23.29,35.07,0.45,0.51,38.92
2024-03-26,CAM RANH,12.25,109.2,0.08,27.4,29.22,26.18,24.17,28.64,82.71,18.88,100.42,4.39,49.7,23.64,36.02,0.46,0.5,22.94
2024-03-27,CAM RANH,12.25,109.2,0.04,27.19,29.2,25.73,23.37,28.56,79.84,17.99,100.4,3.76,49.1,23.66,35.35,0.45,0.5,24.05
2024-03-28,CAM RANH,12.25,109.2,0.19,27.35,28.9,26.03,23.68,28.51,80.54,18.37,100.21,1.61,119.7,21.82,35.83,0.45,0.49,89.04
2024-03-29,CAM RANH,12.25,109.2,0.48,27.8,29.81,26.69,23.99,29.25,80.0,18.71,100.25,2.03,90.4,20.98,36.24,0.45,0.49,67.92
2024-03-30,CAM RANH,12.25,109.2,0.21,28.03,29.98,26.67,24.27,29.27,80.32,19.02,100.3,2.07,107.4,23.49,35.98,0.44,0.49,51.67
2024-03-31,CAM RANH,12.25,109.2,0.08,27.73,29.34,26.62,24.36,28.92,81.93,19.14,100.15,3.83,151.0,22.64,35.98,0.43,0.49,68.05
2024-04-01,CAM RANH,12.25,109.2,0.01,27.79,29.82,26.54,24.6,29.18,82.92,19.46,99.97,5.22,162.2,22.82,35.95,0.41,0.49,45.01
2024-04-02,CAM RANH,12.25,109.2,0.01,27.93,29.66,26.94,24.08,29.15,79.71,18.86,99.95,6.29,168.6,23.64,35.35,0.39,0.48,42.76
2024-04-03,CAM RANH,12.25,109.2,0.0,28.3,30.58,26.77,24.42,29.3,79.73,19.24,99.98,6.14,166.5,23.41,35.99,0.37,0.48,46.16
2024-04-04,CAM RANH,12.25,109.2,0.0,27.9,29.99,26.24,23.27,29.08,76.13,17.95,99.97,4.67,155.9,23.72,35.65,0.34,0.48,37.29
2024-04-05,CAM RANH,12.25,109.2,0.01,27.69,29.92,25.76,22.7,29.41,74.68,17.34,100.0,3.7,145.1,25.49,34.45,0.32,0.48,22.25
2024-04-06,CAM RANH,12.25,109.2,0.01,28.53,30.38,27.23,23.65,30.28,75.04,18.38,99.97,3.33,134.1,26.0,35.28,0.29,0.48,14.98
2024-04-07,CAM RANH,12.25,109.2,0.0,28.24,30.3,26.49,23.88,30.02,77.39,18.62,99.97,4.11,149.2,25.73,35.13,0.28,0.47,18.2
2024-04-08,CAM RANH,12.25,109.2,0.02,28.92,30.9,27.76,24.63,30.37,78.39,19.55,100.01,3.12,114.0,25.8,35.66,0.27,0.47,15.19
2024-04-09,CAM RANH,12.25,109.2,0.05,28.27,30.26,26.61,24.07,29.89,78.23,18.82,100.19,4.33,55.2,23.22,36.01,0.26,0.47,25.14
2024-04-10,CAM RANH,12.25,109.2,0.04,28.3,30.5,26.39,23.69,29.58,76.57,18.38,100.25,4.76,30.6,22.01,36.06,0.25,0.47,21.97
2024-04-11,CAM RANH,12.25,109.2,1.0,28.25,30.39,27.0,24.06,29.67,78.31,18.79,100.22,5.19,28.4,23.46,36.27,0.26,0.47,22.96
2024-04-12,CAM RANH,12.25,109.2,0.75,28.58,30.28,27.54,24.24,29.82,77.49,19.02,100.1,3.59,55.7,22.96,36.56,0.3,0.47,42.19
2024-04-13,CAM RANH,12.25,109.2,0.11,28.92,31.08,26.97,24.04,30.48,75.14,18.81,100.02,2.44,115.4,23.83,35.8,0.28,0.47,25.24
2024-04-14,CAM RANH,12.25,109.2,0.08,28.65,31.43,26.29,23.69,30.38,75.24,18.42,100.12,3.1,160.2,26.24,34.69,0.27,0.47,8.21
2024-04-15,CAM RANH,12.25,109.2,0.27,28.61,30.82,27.17,23.96,30.47,76.21,18.69,100.18,3.43,131.7,26.29,35.22,0.26,0.47,10.69
2024-04-16,CAM RANH,12.25,109.2,0.01,28.77,30.86,27.23,24.1,30.84,76.13,18.87,100.02,3.22,130.2,26.0,35.55,0.25,0.47,12.78
2024-04-17,CAM RANH,12.25,109.2,0.01,28.94,31.03,27.54,23.84,30.86,74.35,18.6,99.95,3.8,149.6,25.9,35.7,0.24,0.47,22.88
2024-04-18,CAM RANH,12.25,109.2,0.03,28.88,30.96,27.4,24.47,30.27,77.27,19.33,99.83,4.79,166.6,22.94,35.88,0.24,0.47,39.37
2024-04-19,CAM RANH,12.25,109.2,0.0,29.09,31.08,27.7,24.22,30.35,75.41,19.09,99.77,5.37,166.0,25.3,35.7,0.23,0.47,30.62
2024-04-20,CAM RANH,12.25,109.2,0.0,29.03,31.31,27.26,24.3,30.41,75.96,19.16,99.76,6.08,169.2,24.7,35.71,0.23,0.47,43.4
2024-04-21,CAM RANH,12.25,109.2,0.07,28.88,31.14,27.42,23.9,30.41,74.78,18.69,99.81,6.08,165.2,23.99,36.18,0.22,0.47,19.39
2024-04-22,CAM RANH,12.25,109.2,0.01,28.9,30.87,27.59,24.42,30.16,77.1,19.3,99.8,5.44,167.4,23.28,36.44,0.22,0.47,25.46
2024-04-23,CAM RANH,12.25,109.2,0.02,29.43,31.5,27.85,25.37,30.55,79.11,20.45,99.72,5.52,171.0,23.91,36.52,0.22,0.47,42.14
2024-04-24,CAM RANH,12.25,109.2,0.03,30.22,32.46,28.93,25.51,31.3,76.68,20.68,99.7,4.82,168.8,24.97,36.85,0.21,0.47,50.79
2024-04-25,CAM RANH,12.25,109.2,0.03,30.04,31.63,28.68,23.75,31.11,69.29,18.55,99.7,4.82,186.0,25.43,36.66,0.21,0.47,31.56
2024-04-26,CAM RANH,12.25,109.2,0.02,30.35,32.66,28.76,24.98,31.46,73.52,20.01,99.67,5.7,181.6,24.92,36.87,0.21,0.46,63.03
2024-04-27,CAM RANH,12.25,109.2,0.05,30.9,33.95,28.74,25.16,31.82,72.63,20.28,99.61,5.56,175.6,24.77,37.21,0.2,0.46,33.03
2024-04-28,CAM RANH,12.25,109.2,0.03,30.33,32.47,28.7,25.7,31.38,76.89,20.88,99.85,4.62,176.6,25.35,36.98,0.2,0.46,60.45
2024-04-29,CAM RANH,12.25,109.2,0.03,30.51,33.09,28.86,24.85,31.7,72.43,19.86,99.77,4.97,176.0,25.17,36.83,0.2,0.46,45.25
2024-04-30,CAM RANH,12.25,109.2,0.03,30.87,33.29,29.12,25.21,31.79,72.37,20.31,99.62,6.84,179.6,23.49,37.25,0.2,0.46,70.3
2024-05-01,CAM RANH,12.25,109.2,0.45,30.5,32.98,28.79,25.65,31.54,75.75,20.82,99.62,5.77,166.1,24.5,37.5,0.21,0.46,53.86
2024-05-02,CAM RANH,12.25,109.2,0.54,30.31,32.11,29.12,24.45,31.67,71.21,19.34,99.84,3.59,139.6,23.0,37.05,0.22,0.46,77.99
2024-05-03,CAM RANH,12.25,109.2,1.29,30.34,32.27,28.88,25.06,32.13,73.7,20.04,99.9,3.48,137.1,25.36,37.25,0.26,0.47,58.98
2024-05-04,CAM RANH,12.25,109.2,0.26,30.0,31.87,28.78,24.76,31.71,73.7,19.7,99.79,4.61,152.2,22.84,37.5,0.26,0.47,91.09
2024-05-05,CAM RANH,12.25,109.2,0.71,30.08,31.55,28.93,24.44,31.71,71.86,19.29,99.88,3.64,143.3,21.6,36.81,0.27,0.47,85.27
2024-05-06,CAM RANH,12.25,109.2,1.48,30.64,32.71,29.11,24.71,32.7,71.13,19.6,100.03,3.83,95.5,25.78,37.46,0.28,0.47,32.4
2024-05-07,CAM RANH,12.25,109.2,3.1,30.08,31.9,28.59,25.17,32.24,75.33,20.14,100.08,4.12,55.0,22.52,37.77,0.34,0.47,84.93
2024-05-08,CAM RANH,12.25,109.2,2.11,30.02,31.68,28.86,24.83,31.38,74.18,19.77,99.99,4.93,35.9,18.85,38.36,0.42,0.47,89.35
2024-05-09,CAM RANH,12.25,109.2,0.41,29.85,31.03,28.85,25.58,30.56,77.93,20.65,100.03,5.43,33.9,15.86,37.95,0.42,0.47,60.21
2024-05-10,CAM RANH,12.25,109.2,0.16,30.15,31.88,28.84,24.62,31.86,72.42,19.46,100.08,3.85,54.9,23.41,37.4,0.37,0.47,46.07
2024-05-11,CAM RANH,12.25,109.2,1.72,30.64,32.47,29.59,25.07,32.32,72.57,20.03,100.08,3.83,76.2,22.53,37.41,0.35,0.47,65.55
2024-05-12,CAM RANH,12.25,109.2,0.31,30.76,32.77,29.25,23.98,32.31,67.48,18.75,99.99,3.16,105.2,25.31,37.0,0.35,0.47,18.92
2024-05-13,CAM RANH,12.25,109.2,0.84,30.54,32.63,28.99,24.58,32.63,70.84,19.45,99.95,3.26,66.0,23.44,37.76,0.33,0.47,80.0
2024-05-14,CAM RANH,12.25,109.2,1.42,30.43,32.25,29.22,25.24,32.07,74.14,20.25,99.97,4.14,53.5,18.09,38.01,0.34,0.47,99.06
2024-05-15,CAM RANH,12.25,109.2,3.07,29.56,30.56,28.66,25.68,30.87,79.74,20.76,100.07,3.91,47.2,11.54,38.32,0.4,0.47,98.89
2024-05-16,CAM RANH,12.25,109.2,12.87,29.47,30.22,28.9,26.02,30.5,81.72,21.2,99.96,3.24,51.7,10.47,38.19,0.58,0.49,90.06
2024-05-17,CAM RANH,12.25,109.2,6.52,29.8,31.29,28.35,25.23,30.66,76.6,20.24,99.85,2.12,38.7,21.98,37.55,0.56,0.51,89.06
2024-05-18,CAM RANH,12.25,109.2,1.65,30.42,32.17,29.24,25.12,31.54,73.72,20.18,99.61,3.47,170.6,21.39,38.18,0.48,0.5,91.7
2024-05-19,CAM RANH,12.25,109.2,91.66,30.3,31.6,29.35,26.21,30.55,79.1,21.56,99.54,3.67,175.5,21.63,38.49,0.66,0.52,86.65
2024-05-20,CAM RANH,12.25,109.2,37.63,30.1,31.34,29.17,27.04,30.12,83.73,22.63,99.58,3.98,175.3,17.65,38.5,0.75,0.62,97.54
2024-05-21,CAM RANH,12.25,109.2,11.4,29.96,31.58,28.74,26.13,30.36,80.29,21.43,99.69,3.5,185.2,21.65,38.1,0.71,0.66,85.5
2024-05-22,CAM RANH,12.25,109.2,2.44,29.57,30.5,28.84,25.86,30.28,80.47,21.04,99.78,2.79,139.5,20.82,37.62,0.65,0.66,94.7
2024-05-23,CAM RANH,12.25,109.2,1.15,29.7,30.84,28.76,25.71,30.53,79.27,20.85,99.78,3.29,164.6,23.6,37.43,0.62,0.65,65.98
2024-05-24,CAM RANH,12.25,109.2,1.42,29.73,31.04,28.76,25.19,31.06,76.71,20.22,99.86,2.91,106.7,24.35,37.14,0.61,0.64,37.39
2024-05-25,CAM RANH,12.25,109.2,2.96,30.36,32.12,29.02,24.68,31.67,72.07,19.59,99.88,2.25,124.8,24.62,37.32,0.6,0.64,59.06
2024-05-26,CAM RANH,12.25,109.2,0.61,30.32,32.04,29.35,25.77,31.31,77.05,20.95,99.79,3.8,185.5,23.06,37.86,0.59,0.63,77.31
2024-05-27,CAM RANH,12.25,109.2,0.53,30.99,32.48,29.3,26.65,31.26,77.98,22.13,99.59,2.66,215.0,24.39,38.16,0.59,0.63,54.23
2024-05-28,CAM RANH,12.25,109.2,1.68,31.01,33.22,28.86,26.43,30.87,76.9,21.84,99.56,2.25,248.7,21.91,38.42,0.59,0.62,98.67
2024-05-29,CAM RANH,12.25,109.2,11.0,29.8,31.01,28.68,26.22,30.15,81.2,21.55,99.59,3.08,202.2,13.46,38.44,0.66,0.63,99.34
2024-05-30,CAM RANH,12.25,109.2,8.77,29.14,30.0,28.3,25.95,29.63,83.02,21.21,99.61,4.25,207.8,11.2,38.04,0.68,0.65,98.7
2024-05-31,CAM RANH,12.25,109.2,3.82,30.12,32.07,28.47,25.98,30.56,78.98,21.24,99.77,2.73,186.7,19.44,37.67,0.64,0.65,98.95
2024-06-01,CAM RANH,12.25,109.2,5.17,29.87,31.44,28.83,25.59,30.17,78.11,20.68,99.98,3.25,189.6,18.9,37.53,0.65,0.65,97.56
2024-06-02,CAM RANH,12.25,109.2,9.25,29.69,31.26,28.83,25.92,29.88,80.35,21.09,99.93,2.85,187.1,21.8,37.63,0.69,0.66,92.74
2024-06-03,CAM RANH,12.25,109.2,6.7,30.09,31.54,28.53,26.1,29.83,79.32,21.35,99.82,1.86,223.3,22.02,37.81,0.69,0.67,83.92
2024-06-04,CAM RANH,12.25,109.2,3.36,30.3,32.04,28.97,26.54,30.15,80.76,21.96,99.75,4.1,189.7,23.58,37.97,0.66,0.67,67.85
2024-06-05,CAM RANH,12.25,109.2,5.93,29.52,31.44,28.05,26.84,29.56,85.72,22.32,99.85,2.54,89.5,24.3,38.02,0.69,0.67,61.73
2024-06-06,CAM RANH,12.25,109.2,3.65,29.11,31.55,27.67,25.43,29.47,80.82,20.48,99.94,3.33,157.6,22.64,37.5,0.69,0.68,83.55
2024-06-07,CAM RANH,12.25,109.2,5.12,29.68,30.9,28.85,25.87,29.74,80.09,21.08,99.7,2.25,193.0,18.51,37.75,0.69,0.68,94.14
2024-06-08,CAM RANH,12.25,109.2,5.77,28.88,30.07,27.97,25.94,29.06,84.22,21.17,99.68,3.36,191.1,21.12,37.72,0.71,0.68,92.37
2024-06-09,CAM RANH,12.25,109.2,3.64,28.86,30.06,27.59,25.64,29.02,82.94,20.79,99.73,2.73,182.8,18.47,37.78,0.7,0.69,95.25
2024-06-10,CAM RANH,12.25,109.2,2.98,28.86,30.27,27.67,25.11,29.0,80.49,20.1,99.94,3.0,185.2,21.05,37.62,0.69,0.69,77.47
2024-06-11,CAM RANH,12.25,109.2,2.09,29.52,31.55,28.16,25.21,29.5,78.09,20.25,99.91,2.07,214.5,25.13,37.49,0.68,0.68,41.71
2024-06-12,CAM RANH,12.25,109.2,2.11,29.55,31.16,28.13,25.53,29.38,79.18,20.63,99.88,1.66,214.3,24.56,37.52,0.69,0.68,34.35
2024-06-13,CAM RANH,12.25,109.2,2.88,30.09,32.19,28.57,25.75,29.97,78.01,20.94,99.68,2.41,207.9,25.33,37.92,0.68,0.68,26.38
2024-06-14,CAM RANH,12.25,109.2,4.82,29.46,31.07,27.55,26.67,29.51,85.21,22.15,99.58,3.26,196.1,24.55,37.95,0.7,0.68,65.63
2024-06-15,CAM RANH,12.25,109.2,23.81,29.08,30.55,27.92,26.32,29.36,85.29,21.68,99.63,3.47,177.9,24.18,37.3,0.79,0.71,62.46
2024-06-16,CAM RANH,12.25,109.2,32.08,28.79,29.89,27.69,26.3,28.96,86.44,21.62,99.72,4.6,191.4,21.9,37.12,0.86,0.75,75.83
2024-06-17,CAM RANH,12.25,109.2,16.33,29.55,31.31,28.29,25.68,29.83,80.1,20.86,99.71,3.26,196.7,24.54,37.22,0.81,0.76,56.72
2024-06-18,CAM RANH,12.25,109.2,20.77,29.59,30.99,28.36,25.79,29.46,80.26,21.02,99.59,1.86,226.5,23.93,37.65,0.86,0.79,60.96
2024-06-19,CAM RANH,12.25,109.2,56.62,28.34,28.99,27.86,25.8,28.84,86.12,21.03,99.53,1.99,172.7,20.35,38.0,0.92,0.82,90.88
2024-06-20,CAM RANH,12.25,109.2,7.85,28.09,28.53,27.45,25.31,28.7,84.84,20.42,99.48,1.16,245.6,4.33,37.92,0.87,0.85,99.23
2024-06-21,CAM RANH,12.25,109.2,4.41,28.74,30.16,27.67,25.27,29.06,81.63,20.4,99.35,2.74,228.1,10.69,37.75,0.85,0.85,99.27
2024-06-22,CAM RANH,12.25,109.2,8.07,28.19,29.25,27.51,24.98,28.69,82.81,20.04,99.43,3.24,221.3,15.24,37.52,0.86,0.85,99.49
2024-06-23,CAM RANH,12.25,109.2,23.48,28.49,30.3,27.17,25.01,28.96,81.77,20.05,99.62,3.94,193.7,16.45,37.62,0.89,0.86,99.04
2024-06-24,CAM RANH,12.25,109.2,14.16,27.93,29.32,26.4,24.99,28.79,84.26,20.0,99.68,3.26,184.1,18.41,37.63,0.89,0.88,96.23
2024-06-25,CAM RANH,12.25,109.2,10.66,28.35,30.12,26.72,24.45,28.93,79.7,19.37,99.71,2.4,164.1,21.08,37.22,0.88,0.88,85.39
2024-06-26,CAM RANH,12.25,109.2,6.28,27.58,28.05,27.19,24.77,28.29,84.71,19.69,99.88,2.92,96.2,16.18,37.25,0.88,0.89,80.6
2024-06-27,CAM RANH,12.25,109.2,7.93,27.7,28.68,27.14,24.76,28.4,84.04,19.65,99.97,2.35,149.2,19.42,36.57,0.89,0.89,89.3
2024-06-28,CAM RANH,12.25,109.2,1.0,28.09,29.32,27.08,25.16,28.59,84.16,20.14,99.94,4.24,179.9,20.46,37.2,0.87,0.89,75.88
2024-06-29,CAM RANH,12.25,109.2,1.45,28.04,29.23,26.64,25.45,28.25,86.04,20.52,99.96,4.75,186.6,25.35,36.78,0.86,0.88,32.64
2024-06-30,CAM RANH,12.25,109.2,2.05,28.66,30.14,27.72,25.67,28.75,84.11,20.8,99.91,3.85,183.1,25.42,36.92,0.86,0.87,23.92
2024-07-01,CAM RANH,12.25,109.2,4.07,29.45,31.85,27.87,25.63,28.79,80.25,20.8,99.64,1.63,239.3,24.81,37.29,0.86,0.87,64.08
2024-07-02,CAM RANH,12.25,109.2,5.3,28.2,29.42,27.21,24.82,28.17,81.99,19.85,99.71,3.78,177.2,23.27,36.55,0.86,0.87,80.3
2024-07-03,CAM RANH,12.25,109.2,5.99,27.96,29.16,27.29,23.89,28.32,78.65,18.66,99.88,2.14,171.2,16.42,36.99,0.87,0.88,98.07
2024-07-04,CAM RANH,12.25,109.2,7.51,28.16,29.47,27.03,24.29,28.63,79.61,19.11,99.92,1.31,269.2,21.37,37.26,0.87,0.88,66.13
2024-07-05,CAM RANH,12.25,109.2,6.71,28.43,29.59,27.85,24.21,28.72,77.97,19.06,99.72,2.34,161.2,22.27,37.04,0.87,0.88,83.89
2024-07-06,CAM RANH,12.25,109.2,9.3,28.34,29.17,27.48,24.92,28.72,81.72,19.89,99.72,2.09,120.0,19.81,37.62,0.88,0.89,85.94
2024-07-07,CAM RANH,12.25,109.2,4.15,27.95,28.88,27.19,24.91,28.65,83.56,19.87,99.78,2.54,167.3,19.0,36.86,0.88,0.89,87.33
2024-07-08,CAM RANH,12.25,109.2,9.05,28.92,29.97,27.89,25.35,29.13,81.26,20.44,99.68,2.79,184.5,19.96,37.5,0.88,0.89,76.92
2024-07-09,CAM RANH,12.25,109.2,13.89,27.85,28.49,27.32,25.09,28.29,84.9,20.07,99.91,2.12,196.5,12.75,37.04,0.9,0.9,90.7
2024-07-10,CAM RANH,12.25,109.2,4.91,28.27,29.59,27.06,24.82,28.59,81.72,19.77,99.85,2.94,218.4,21.92,36.97,0.88,0.9,80.97
2024-07-11,CAM RANH,12.25,109.2,12.53,28.27,30.13,26.85,24.51,28.54,80.33,19.42,99.7,2.18,183.9,21.56,37.17,0.9,0.9,90.15
2024-07-12,CAM RANH,12.25,109.2,6.91,28.14,29.43,27.18,24.8,28.22,82.12,19.82,99.46,3.05,226.2,17.96,37.22,0.89,0.91,95.7
2024-07-13,CAM RANH,12.25,109.2,13.81,28.21,30.01,26.86,24.58,28.24,80.92,19.57,99.38,2.6,237.9,12.2,37.42,0.91,0.91,99.28
2024-07-14,CAM RANH,12.25,109.2,16.49,27.56,28.76,26.76,24.74,28.01,84.68,19.74,99.41,2.11,178.0,13.21,37.21,0.92,0.93,99.52
2024-07-15,CAM RANH,12.25,109.2,21.59,27.83,29.0,26.68,25.17,28.04,85.55,20.27,99.42,2.76,200.3,11.84,37.59,0.93,0.94,99.57
2024-07-16,CAM RANH,12.25,109.2,10.25,27.56,28.44,26.92,24.77,28.05,84.9,19.78,99.49,2.58,159.4,16.91,37.23,0.92,0.94,99.02
2024-07-17,CAM RANH,12.25,109.2,4.08,27.86,29.06,26.76,25.13,28.2,85.24,20.2,99.57,3.7,180.3,17.53,37.64,0.91,0.94,98.98
2024-07-18,CAM RANH,12.25,109.2,10.22,28.31,30.35,26.87,25.5,28.62,84.86,20.64,99.6,2.33,189.1,19.36,37.81,0.92,0.94,88.9
2024-07-19,CAM RANH,12.25,109.2,8.63,27.77,28.75,27.13,24.94,28.16,84.69,19.96,99.57,1.74,180.5,15.16,37.42,0.91,0.94,96.15
2024-07-20,CAM RANH,12.25,109.2,25.47,27.35,28.43,26.66,23.92,27.6,81.52,18.75,99.64,3.36,251.8,9.17,37.31,0.94,0.95,99.81
2024-07-21,CAM RANH,12.25,109.2,2.99,28.52,30.6,26.96,24.88,28.44,80.8,19.92,99.58,2.97,231.6,14.6,37.57,0.91,0.95,97.33
2024-07-22,CAM RANH,12.25,109.2,7.85,28.42,29.94,26.96,25.05,28.25,82.18,20.12,99.61,3.74,221.1,17.2,37.72,0.92,0.95,89.61
2024-07-23,CAM RANH,12.25,109.2,19.32,28.46,30.27,26.86,25.37,28.33,83.56,20.54,99.47,3.51,218.9,15.17,37.85,0.94,0.96,97.07
2024-07-24,CAM RANH,12.25,109.2,1.3,28.48,30.38,27.12,24.48,28.16,79.04,19.48,99.31,4.04,224.8,18.24,37.54,0.91,0.95,92.38
2024-07-25,CAM RANH,12.25,109.2,3.65,28.89,31.01,27.1,24.49,28.3,77.31,19.52,99.27,5.01,231.2,17.25,37.81,0.91,0.95,97.57
2024-07-26,CAM RANH,12.25,109.2,1.13,28.42,30.57,26.69,24.32,28.15,78.52,19.27,99.48,4.32,222.4,15.34,37.74,0.9,0.94,99.51
2024-07-27,CAM RANH,12.25,109.2,10.78,28.53,30.9,26.55,25.04,28.51,81.86,20.11,99.6,2.55,219.4,19.77,37.62,0.92,0.94,98.91
2024-07-28,CAM RANH,12.25,109.2,36.28,28.05,30.17,26.76,25.44,28.08,85.97,20.56,99.61,3.0,195.8,18.58,37.42,0.95,0.95,96.86
2024-07-29,CAM RANH,12.25,109.2,9.26,28.0,29.48,26.87,25.22,28.03,84.93,20.28,99.68,2.12,208.0,20.51,36.89,0.93,0.96,94.47
2024-07-30,CAM RANH,12.25,109.2,4.25,28.21,30.06,26.9,25.38,28.35,84.9,20.44,99.82,2.69,186.5,23.0,37.0,0.92,0.95,84.58
2024-07-31,CAM RANH,12.25,109.2,4.85,27.8,28.97,26.59,25.38,27.98,86.74,20.41,99.97,2.51,198.2,18.24,37.12,0.92,0.95,97.64
2024-08-01,CAM RANH,12.25,109.2,1.79,28.53,30.46,27.19,25.14,28.81,82.18,20.14,99.91,1.62,206.9,23.95,37.07,0.91,0.95,33.63
2024-08-02,CAM RANH,12.25,109.2,3.85,28.87,30.84,27.69,25.41,28.79,81.94,20.49,99.83,2.36,199.6,23.99,37.12,0.91,0.94,27.77
2024-08-03,CAM RANH,12.25,109.2,8.08,28.72,30.3,27.7,25.76,28.85,84.14,20.91,99.88,2.69,201.5,23.83,36.89,0.92,0.95,62.06
2024-08-04,CAM RANH,12.25,109.2,6.59,28.81,30.45,27.53,24.93,28.84,79.68,19.88,99.87,2.13,238.3,23.38,36.9,0.92,0.95,58.11
2024-08-05,CAM RANH,12.25,109.2,1.32,29.28,31.02,28.42,24.97,29.53,77.88,19.98,99.76,2.24,184.5,24.24,37.22,0.91,0.94,55.3
2024-08-06,CAM RANH,12.25,109.2,2.35,29.16,30.65,28.22,25.05,29.43,78.66,20.05,99.74,1.95,186.1,23.2,37.21,0.9,0.94,44.77
2024-08-07,CAM RANH,12.25,109.2,3.9,29.25,30.85,28.3,25.61,29.56,80.97,20.73,99.82,2.78,185.7,23.57,37.67,0.9,0.94,53.86
2024-08-08,CAM RANH,12.25,109.2,4.95,29.48,31.13,28.43,25.9,29.57,81.31,21.09,99.83,2.67,204.9,23.86,37.66,0.91,0.93,46.95
2024-08-09,CAM RANH,12.25,109.2,6.08,29.29,30.63,28.12,26.3,29.56,84.07,21.63,99.72,3.11,199.1,23.54,37.56,0.91,0.94,41.54
2024-08-10,CAM RANH,12.25,109.2,6.0,29.26,30.82,27.47,26.29,29.48,84.29,21.65,99.57,2.63,202.6,23.91,37.24,0.91,0.94,33.05
2024-08-11,CAM RANH,12.25,109.2,7.7,29.61,31.65,28.15,26.48,29.67,83.54,21.93,99.43,2.74,205.3,24.62,37.72,0.91,0.93,37.89
2024-08-12,CAM RANH,12.25,109.2,2.82,29.09,31.09,27.22,26.14,29.15,84.28,21.46,99.57,2.58,226.8,23.97,37.39,0.9,0.93,35.89
2024-08-13,CAM RANH,12.25,109.2,7.88,29.3,31.27,28.21,25.84,29.49,82.03,21.07,99.7,2.0,184.7,25.1,37.04,0.91,0.93,51.57
2024-08-14,CAM RANH,12.25,109.2,4.92,29.15,30.71,27.89,25.99,29.42,83.29,21.23,99.71,2.39,184.6,23.64,37.12,0.9,0.93,22.59
2024-08-15,CAM RANH,12.25,109.2,4.01,29.02,30.59,27.69,26.44,29.47,86.17,21.83,99.6,3.88,176.3,24.18,37.19,0.9,0.93,40.67
2024-08-16,CAM RANH,12.25,109.2,5.78,28.48,29.69,27.4,26.51,28.77,89.12,21.9,99.7,3.6,179.6,23.06,36.95,0.9,0.93,86.57
2024-08-17,CAM RANH,12.25,109.2,10.51,28.29,29.54,27.13,25.82,28.66,86.5,20.97,99.88,3.89,177.7,22.06,36.8,0.91,0.93,71.08
2024-08-18,CAM RANH,12.25,109.2,1.34,28.64,30.33,27.31,25.97,28.95,85.77,21.18,99.82,4.36,177.1,24.24,36.82,0.89,0.92,52.06
2024-08-19,CAM RANH,12.25,109.2,1.41,28.9,30.46,27.6,26.17,28.93,85.32,21.43,99.81,2.34,190.0,23.72,36.67,0.89,0.92,77.27
2024-08-20,CAM RANH,12.25,109.2,3.23,28.46,29.86,27.29,26.05,28.41,86.83,21.26,99.94,3.14,189.1,21.9,36.61,0.89,0.92,92.56
2024-08-21,CAM RANH,12.25,109.2,5.4,28.18,29.18,27.13,24.87,28.16,82.4,19.79,100.01,2.63,193.7,22.39,36.75,0.9,0.92,75.29
2024-08-22,CAM RANH,12.25,109.2,2.37,27.94,29.19,26.91,25.05,28.29,84.42,19.99,100.05,2.89,167.8,23.18,36.44,0.89,0.92,81.41
2024-08-23,CAM RANH,12.25,109.2,1.0,28.05,29.53,26.89,25.04,28.38,83.93,19.98,100.07,3.05,181.0,23.74,36.15,0.88,0.91,79.3
2024-08-24,CAM RANH,12.25,109.2,2.03,28.17,29.77,27.03,24.92,28.34,82.68,19.85,99.97,2.83,181.0,22.32,36.42,0.88,0.91,73.85
2024-08-25,CAM RANH,12.25,109.2,4.17,28.61,30.52,27.02,25.15,28.86,81.85,20.18,99.73,2.72,222.1,20.73,36.78,0.88,0.9,83.25
2024-08-26,CAM RANH,12.25,109.2,7.31,28.76,30.97,26.65,24.83,28.79,79.77,19.81,99.78,2.47,248.3,21.72,37.18,0.88,0.9,83.51
2024-08-27,CAM RANH,12.25,109.2,10.68,28.72,30.7,27.12,24.78,28.9,79.76,19.76,99.78,2.48,206.3,21.17,37.18,0.89,0.91,89.06
2024-08-28,CAM RANH,12.25,109.2,7.79,28.65,30.46,27.09,24.97,28.83,80.8,19.98,99.73,2.67,213.9,23.1,37.17,0.89,0.91,79.87
2024-08-29,CAM RANH,12.25,109.2,9.15,28.6,30.19,27.21,24.89,28.7,80.58,19.89,99.71,2.45,225.4,20.89,37.3,0.9,0.91,93.93
2024-08-30,CAM RANH,12.25,109.2,7.93,29.08,31.4,26.9,24.73,28.95,77.77,19.69,99.67,2.37,288.6,18.64,37.2,0.89,0.91,95.65
2024-08-31,CAM RANH,12.25,109.2,10.25,28.61,30.43,27.47,24.79,28.85,79.95,19.77,99.68,2.38,231.0,21.87,37.26,0.9,0.92,83.14
2024-09-01,CAM RANH,12.25,109.2,7.33,27.45,28.37,26.75,24.41,28.68,83.51,19.29,99.71,2.02,173.7,18.53,37.08,0.9,0.92,93.66
2024-09-02,CAM RANH,12.25,109.2,9.31,28.31,29.59,27.52,24.94,28.94,81.97,19.91,99.73,2.63,171.4,21.97,37.17,0.9,0.92,79.74
2024-09-03,CAM RANH,12.25,109.2,10.15,29.01,30.91,27.27,25.11,29.17,79.79,20.16,99.69,2.22,220.3,20.85,37.5,0.9,0.92,90.47
2024-09-04,CAM RANH,12.25,109.2,8.55,28.99,31.03,27.47,25.21,29.02,80.17,20.33,99.41,2.5,234.0,19.59,37.65,0.91,0.93,92.36
2024-09-05,CAM RANH,12.25,109.2,15.38,29.09,30.8,27.78,25.74,29.06,82.36,21.02,99.27,2.57,227.2,16.47,37.7,0.92,0.93,99.03
2024-09-06,CAM RANH,12.25,109.2,8.54,28.72,30.54,27.56,25.96,28.6,85.18,21.28,99.35,3.84,207.8,15.47,37.59,0.91,0.94,99.29
2024-09-07,CAM RANH,12.25,109.2,6.99,28.75,30.65,27.01,26.34,28.9,87.01,21.71,99.64,3.46,202.1,17.99,37.6,0.91,0.94,97.67
2024-09-08,CAM RANH,12.25,109.2,1.89,29.04,31.26,27.72,25.71,29.17,82.59,20.89,99.71,1.93,210.2,23.36,37.5,0.9,0.93,75.81
2024-09-09,CAM RANH,12.25,109.2,18.16,29.03,30.3,27.82,26.17,28.93,84.64,21.48,99.58,1.44,6.3,21.46,37.56,0.93,0.93,81.21
2024-09-10,CAM RANH,12.25,109.2,8.54,28.95,30.21,27.7,25.42,28.67,81.33,20.53,99.6,2.25,280.7,21.36,37.45,0.92,0.95,96.82
2024-09-11,CAM RANH,12.25,109.2,6.61,28.71,30.11,27.77,25.46,28.81,82.72,20.55,99.8,1.96,261.3,19.85,37.48,0.92,0.94,89.25
2024-09-12,CAM RANH,12.25,109.2,7.2,28.9,30.11,27.76,25.1,29.04,79.96,20.12,99.72,2.05,228.1,22.71,37.45,0.92,0.95,76.6
2024-09-13,CAM RANH,12.25,109.2,7.95,29.01,30.39,27.78,24.82,29.29,78.23,19.82,99.52,1.98,223.9,16.54,37.94,0.92,0.94,96.99
2024-09-14,CAM RANH,12.25,109.2,5.38,28.57,30.19,26.95,24.28,29.04,77.71,19.2,99.45,2.51,216.5,17.66,37.63,0.91,0.94,96.93
2024-09-15,CAM RANH,12.25,109.2,2.99,28.57,30.18,27.44,24.44,29.04,78.54,19.43,99.31,2.04,217.1,16.79,37.66,0.91,0.94,96.65
2024-09-16,CAM RANH,12.25,109.2,18.46,28.56,30.04,27.5,25.45,29.01,83.63,20.68,99.23,2.99,27.1,19.36,37.95,0.93,0.94,95.11
2024-09-17,CAM RANH,12.25,109.2,44.18,27.99,29.19,27.2,24.96,28.53,83.66,20.07,99.18,3.13,347.9,19.71,37.25,0.97,0.97,98.61
2024-09-18,CAM RANH,12.25,109.2,21.25,28.57,30.2,27.57,24.08,28.86,76.75,19.05,99.02,3.36,257.6,17.05,37.34,0.95,0.98,95.61
2024-09-19,CAM RANH,12.25,109.2,8.21,29.4,31.3,27.83,25.3,29.73,78.91,20.52,99.14,3.83,200.6,20.67,38.16,0.94,0.97,63.86
2024-09-20,CAM RANH,12.25,109.2,11.66,29.14,30.61,27.8,25.87,29.73,82.64,21.15,99.41,4.92,193.8,18.06,37.85,0.94,0.97,91.58
2024-09-21,CAM RANH,12.25,109.2,28.23,28.68,30.03,27.43,25.37,29.55,82.42,20.49,99.58,4.12,194.3,16.08,37.68,0.96,0.98,98.98
2024-09-22,CAM RANH,12.25,109.2,5.82,28.37,29.74,27.48,24.56,29.02,79.96,19.46,99.82,4.35,195.3,11.83,37.35,0.94,0.97,99.65
2024-09-23,CAM RANH,12.25,109.2,6.47,28.04,28.67,27.31,25.03,28.79,83.74,19.97,100.05,4.76,179.7,15.64,37.18,0.94,0.97,99.41
2024-09-24,CAM RANH,12.25,109.2,1.66,28.02,29.05,27.49,24.13,28.98,79.44,18.91,100.03,1.57,117.7,18.51,37.14,0.93,0.97,79.08
2024-09-25,CAM RANH,12.25,109.2,6.03,28.42,29.33,27.79,25.31,29.0,83.29,20.3,100.03,2.79,34.8,22.23,36.86,0.93,0.96,66.26
2024-09-26,CAM RANH,12.25,109.2,9.3,27.37,28.2,26.62,24.03,28.64,81.95,18.78,100.1,1.76,45.0,9.25,37.05,0.94,0.97,97.0
2024-09-27,CAM RANH,12.25,109.2,1.07,27.67,28.36,27.12,24.38,29.11,82.23,19.19,100.04,1.65,146.8,21.87,36.21,0.92,0.96,23.96
2024-09-28,CAM RANH,12.25,109.2,0.37,28.38,29.76,27.65,25.0,29.51,82.0,19.96,99.91,2.69,161.0,23.62,36.83,0.92,0.96,32.36
2024-09-29,CAM RANH,12.25,109.2,2.28,29.21,30.58,28.58,25.87,29.83,82.35,21.06,99.8,2.64,174.3,22.18,37.52,0.92,0.95,49.78
2024-09-30,CAM RANH,12.25,109.2,1.3,29.21,30.01,28.02,25.87,29.25,82.25,21.08,99.7,2.54,198.3,22.45,37.07,0.91,0.95,44.06
2024-10-01,CAM RANH,12.25,109.2,0.86,29.12,30.48,28.28,25.08,29.46,78.96,20.07,99.81,1.73,161.8,22.44,36.43,0.91,0.95,67.14
2024-10-02,CAM RANH,12.25,109.2,3.38,28.6,29.7,27.68,25.28,28.8,82.32,20.26,100.06,3.06,20.0,19.97,36.86,0.91,0.94,87.5
2024-10-03,CAM RANH,12.25,109.2,4.27,27.96,28.82,27.23,24.97,28.37,83.81,19.88,100.12,5.9,16.9,7.55,37.39,0.91,0.95,99.18
2024-10-04,CAM RANH,12.25,109.2,3.46,27.98,29.27,26.86,24.39,28.49,80.95,19.21,100.08,7.16,10.0,10.94,37.86,0.91,0.94,95.04
2024-10-05,CAM RANH,12.25,109.2,5.56,27.33,27.75,26.75,25.32,28.03,88.74,20.34,100.02,6.4,4.8,6.91,37.67,0.91,0.94,98.57
2024-10-06,CAM RANH,12.25,109.2,7.21,27.47,28.2,26.56,24.99,27.94,86.29,19.91,100.08,5.13,358.2,3.6,37.03,0.92,0.94,98.67
2024-10-07,CAM RANH,12.25,109.2,7.19,27.85,28.47,27.17,25.72,27.95,88.24,20.82,100.07,5.75,357.4,13.74,37.27,0.92,0.94,88.75
2024-10-08,CAM RANH,12.25,109.2,11.35,27.46,28.6,26.61,25.29,27.71,87.95,20.29,100.06,4.48,8.1,11.3,36.97,0.93,0.95,94.78
2024-10-09,CAM RANH,12.25,109.2,10.6,27.72,28.59,27.04,24.61,27.94,83.15,19.48,99.99,5.5,12.4,19.06,36.83,0.93,0.95,71.8
2024-10-10,CAM RANH,12.25,109.2,6.82,27.64,28.93,26.36,24.7,28.14,84.08,19.59,99.96,5.9,3.4,17.3,37.16,0.92,0.95,79.76
2024-10-11,CAM RANH,12.25,109.2,10.88,28.33,29.45,27.71,26.29,28.52,88.73,21.56,99.9,5.78,24.5,16.99,37.83,0.92,0.95,93.28
2024-10-12,CAM RANH,12.25,109.2,16.98,27.89,28.6,27.35,26.17,27.93,90.28,21.38,99.99,6.46,14.7,6.24,37.87,0.94,0.96,97.96
2024-10-13,CAM RANH,12.25,109.2,3.85,27.47,28.43,26.55,25.6,27.6,89.53,20.7,99.91,6.68,353.3,12.71,37.1,0.92,0.96,84.26
2024-10-14,CAM RANH,12.25,109.2,7.36,27.96,29.47,27.09,25.85,28.07,88.36,21.02,99.81,5.73,358.1,21.87,37.18,0.92,0.95,71.59
2024-10-15,CAM RANH,12.25,109.2,3.79,27.38,28.32,26.53,25.47,27.49,89.32,20.54,99.9,5.95,359.0,15.68,37.4,0.92,0.95,97.73
2024-10-16,CAM RANH,12.25,109.2,2.18,26.91,27.38,26.55,25.13,27.41,89.93,20.09,100.03,3.62,62.5,11.39,37.14,0.92,0.95,96.62
2024-10-17,CAM RANH,12.25,109.2,3.8,26.79,27.65,25.98,23.86,27.56,83.98,18.62,100.11,1.94,44.4,10.54,36.68,0.92,0.95,90.99
2024-10-18,CAM RANH,12.25,109.2,5.74,27.5,28.75,26.83,23.98,28.46,81.22,18.74,100.07,2.16,57.3,20.5,36.62,0.92,0.95,70.88
2024-10-19,CAM RANH,12.25,109.2,4.17,27.64,28.0,27.2,24.95,27.86,85.26,19.85,100.11,3.19,16.9,10.3,37.0,0.92,0.95,96.04
2024-10-20,CAM RANH,12.25,109.2,5.88,27.92,29.16,26.64,24.45,27.93,81.5,19.28,100.05,3.79,325.0,19.53,36.98,0.92,0.95,85.73
2024-10-21,CAM RANH,12.25,109.2,7.98,28.05,29.01,27.32,25.65,28.09,86.85,20.8,99.79,7.72,343.2,16.42,37.41,0.92,0.95,95.79
2024-10-22,CAM RANH,12.25,109.2,18.36,27.85,28.34,27.23,25.46,27.94,86.86,20.53,99.89,8.01,22.9,4.87,37.48,0.94,0.96,99.27
2024-10-23,CAM RANH,12.25,109.2,4.29,27.44,28.44,26.65,24.25,27.62,82.76,19.05,99.98,7.61,11.6,13.62,36.41,0.92,0.96,99.22
2024-10-24,CAM RANH,12.25,109.2,2.02,27.42,29.08,26.18,24.13,27.89,82.32,18.96,99.82,6.3,4.0,18.02,36.44,0.91,0.95,84.03
2024-10-25,CAM RANH,12.25,109.2,5.07,26.92,27.93,25.59,22.7,27.41,77.71,17.41,99.67,3.16,15.9,15.89,36.2,0.92,0.95,98.3
2024-10-26,CAM RANH,12.25,109.2,0.2,26.7,28.07,24.88,20.52,26.79,69.04,15.27,99.43,2.64,261.5,13.21,35.25,0.91,0.95,99.32
2024-10-27,CAM RANH,12.25,109.2,14.61,26.83,28.56,25.8,22.82,26.95,79.12,17.67,99.38,4.15,199.8,11.36,36.92,0.93,0.95,98.57
2024-10-28,CAM RANH,12.25,109.2,7.9,27.13,28.21,26.16,25.17,27.33,89.04,20.27,99.47,5.23,191.9,9.8,37.47,0.93,0.95,96.98
2024-10-29,CAM RANH,12.25,109.2,4.24,27.49,29.02,25.94,24.71,27.8,84.84,19.69,99.59,3.5,212.4,13.44,37.36,0.92,0.95,92.57
2024-10-30,CAM RANH,12.25,109.2,1.03,28.26,30.81,26.35,24.26,28.12,79.23,19.14,99.72,2.57,264.7,19.21,36.97,0.91,0.95,50.43
2024-10-31,CAM RANH,12.25,109.2,22.73,27.36,29.8,25.91,24.6,27.75,85.05,19.51,99.79,4.84,9.5,18.2,37.17,0.94,0.95,82.4
2024-11-01,CAM RANH,12.25,109.2,8.82,26.82,28.23,25.82,23.2,27.29,80.61,17.87,100.04,5.7,15.4,11.9,37.0,0.92,0.95,99.31
2024-11-02,CAM RANH,12.25,109.2,14.22,26.64,27.63,26.11,24.3,27.23,87.08,19.08,100.18,6.01,12.2,7.18,37.02,0.93,0.96,92.08
2024-11-03,CAM RANH,12.25,109.2,5.43,26.59,27.51,25.76,24.24,26.89,86.97,19.02,100.16,5.5,11.1,15.68,36.21,0.92,0.96,88.51
2024-11-04,CAM RANH,12.25,109.2,3.7,26.89,27.82,26.21,25.01,27.15,89.46,19.94,100.07,4.79,3.4,13.4,36.65,0.92,0.95,71.39
2024-11-05,CAM RANH,12.25,109.2,6.65,27.26,28.31,26.57,25.75,27.16,91.47,20.84,100.1,6.06,13.9,12.43,36.56,0.92,0.95,65.66
2024-11-06,CAM RANH,12.25,109.2,10.11,26.85,27.63,26.37,25.01,26.91,89.59,19.91,100.2,7.41,33.2,8.1,37.23,0.93,0.96,92.19
2024-11-07,CAM RANH,12.25,109.2,9.53,26.52,27.43,25.92,24.46,26.7,88.42,19.24,100.26,7.96,25.8,14.4,36.73,0.93,0.96,89.68
2024-11-08,CAM RANH,12.25,109.2,3.69,26.09,27.37,24.91,23.86,26.69,87.62,18.59,100.19,7.88,10.4,6.78,36.67,0.92,0.96,97.47
2024-11-09,CAM RANH,12.25,109.2,1.38,25.91,27.2,25.08,23.17,26.52,84.84,17.8,100.22,6.24,15.2,16.43,35.93,0.91,0.95,73.29
2024-11-10,CAM RANH,12.25,109.2,0.16,25.91,27.28,24.82,23.05,26.6,84.23,17.68,100.16,5.33,8.5,20.19,35.09,0.91,0.94,21.25
2024-11-11,CAM RANH,12.25,109.2,0.3,26.85,28.51,25.83,23.73,27.11,83.12,18.48,99.93,2.96,13.1,19.99,35.77,0.9,0.94,38.19
2024-11-12,CAM RANH,12.25,109.2,26.91,27.07,28.8,25.9,24.89,27.44,87.99,19.84,99.85,2.39,84.7,15.22,37.11,0.94,0.94,86.05
2024-11-13,CAM RANH,12.25,109.2,7.01,26.75,28.01,25.92,24.5,27.1,87.48,19.35,99.96,2.56,43.6,17.98,36.0,0.92,0.95,48.41
2024-11-14,CAM RANH,12.25,109.2,0.68,26.44,27.69,25.35,24.03,27.08,86.53,18.8,100.02,3.4,32.0,18.92,35.16,0.91,0.94,18.67
2024-11-15,CAM RANH,12.25,109.2,0.2,26.31,27.96,25.01,22.88,26.99,81.53,17.52,100.01,2.83,34.8,20.98,34.45,0.9,0.94,31.78
2024-11-16,CAM RANH,12.25,109.2,0.34,26.18,27.57,25.34,23.45,27.0,84.97,18.14,100.04,4.46,23.7,19.86,34.82,0.89,0.93,52.63
2024-11-17,CAM RANH,12.25,109.2,0.53,26.38,27.75,25.51,23.16,26.71,82.62,17.82,100.08,6.5,11.3,19.93,34.92,0.89,0.92,39.97
2024-11-18,CAM RANH,12.25,109.2,1.53,26.8,27.83,26.18,24.3,27.09,86.28,19.1,100.08,5.95,29.2,16.95,35.97,0.88,0.91,75.15
2024-11-19,CAM RANH,12.25,109.2,9.18,26.89,28.11,26.0,24.56,27.34,87.09,19.39,100.13,6.99,31.7,16.91,36.54,0.89,0.91,78.49
2024-11-20,CAM RANH,12.25,109.2,1.63,26.23,27.38,25.45,23.64,26.81,85.66,18.33,100.15,7.27,14.2,12.85,36.38,0.88,0.91,99.22
2024-11-21,CAM RANH,12.25,109.2,1.68,26.7,27.9,26.04,24.25,27.1,86.47,19.04,100.07,6.21,24.5,12.7,36.56,0.88,0.9,72.32
2024-11-22,CAM RANH,12.25,109.2,6.23,26.89,28.06,26.11,25.06,27.14,89.77,20.0,100.08,6.65,27.9,14.29,36.67,0.88,0.9,87.15
2024-11-23,CAM RANH,12.25,109.2,7.04,26.78,28.02,25.97,25.02,26.98,90.15,19.93,100.17,6.35,28.1,14.43,36.26,0.89,0.9,99.56
2024-11-24,CAM RANH,12.25,109.2,2.32,26.62,27.84,25.76,24.85,26.83,90.01,19.73,100.14,5.07,25.8,13.07,36.07,0.87,0.9,98.5
2024-11-25,CAM RANH,12.25,109.2,2.8,26.73,27.8,25.97,25.12,26.88,90.94,20.05,100.13,5.4,24.8,15.64,35.97,0.87,0.9,96.15
2024-11-26,CAM RANH,12.25,109.2,3.01,26.71,27.87,25.91,24.83,26.71,89.4,19.71,100.13,7.46,31.4,13.75,36.27,0.87,0.89,99.21
2024-11-27,CAM RANH,12.25,109.2,4.18,26.36,27.48,25.73,24.33,26.66,88.6,19.11,100.16,10.08,25.9,10.29,36.93,0.87,0.89,99.47
2024-11-28,CAM RANH,12.25,109.2,1.38,25.43,26.72,24.62,21.94,25.81,81.02,16.5,100.4,12.13,18.2,9.52,36.37,0.86,0.88,98.01
2024-11-29,CAM RANH,12.25,109.2,0.53,24.75,25.69,24.18,20.76,25.38,78.51,15.33,100.35,10.26,16.1,10.66,35.75,0.85,0.88,98.84
2024-11-30,CAM RANH,12.25,109.2,0.84,24.87,25.97,24.23,22.02,25.57,84.34,16.62,100.11,8.18,9.2,7.75,36.17,0.85,0.87,98.51
2024-12-01,CAM RANH,12.25,109.2,0.39,25.39,26.46,24.71,23.08,25.78,87.01,17.74,99.99,7.16,22.0,6.68,36.54,0.85,0.86,98.67
2024-12-02,CAM RANH,12.25,109.2,0.43,25.53,26.62,24.94,23.26,25.76,87.31,17.93,100.01,7.39,17.1,10.35,36.56,0.84,0.86,98.81
2024-12-03,CAM RANH,12.25,109.2,0.32,25.64,26.86,24.94,23.52,25.82,88.08,18.23,100.0,8.57,8.7,11.68,36.33,0.84,0.85,99.7
2024-12-04,CAM RANH,12.25,109.2,6.27,25.38,26.42,24.71,23.65,25.51,90.17,18.4,99.91,9.26,358.0,6.25,36.66,0.86,0.85,99.12
2024-12-05,CAM RANH,12.25,109.2,4.71,25.11,25.53,24.82,23.58,25.3,91.18,18.31,99.95,8.61,2.3,3.71,36.38,0.87,0.86,99.07
2024-12-06,CAM RANH,12.25,109.2,6.93,25.48,26.21,25.07,24.16,25.56,92.38,18.96,99.96,7.92,10.6,5.87,37.22,0.87,0.86,99.69
2024-12-07,CAM RANH,12.25,109.2,4.69,25.38,26.02,24.88,23.55,25.41,89.51,18.23,100.13,9.16,9.5,10.71,36.28,0.87,0.87,96.31
2024-12-08,CAM RANH,12.25,109.2,8.7,25.46,26.61,24.78,23.32,25.79,87.91,17.96,100.2,10.43,19.2,9.26,36.35,0.87,0.87,99.17
2024-12-09,CAM RANH,12.25,109.2,6.77,25.46,26.37,25.02,23.57,25.75,89.33,18.28,100.06,9.24,21.3,9.32,36.39,0.87,0.87,99.68
2024-12-10,CAM RANH,12.25,109.2,44.29,25.47,26.12,25.09,24.19,25.58,92.6,19.01,99.88,8.29,16.9,3.01,36.41,0.94,0.89,99.23
2024-12-11,CAM RANH,12.25,109.2,22.58,25.85,26.14,25.68,24.97,25.69,94.81,19.93,99.88,7.9,39.6,0.99,36.74,0.93,0.93,99.58
2024-12-12,CAM RANH,12.25,109.2,19.71,25.88,26.37,25.56,24.84,25.73,93.89,19.75,99.96,6.95,34.6,8.45,36.82,0.93,0.94,99.5
2024-12-13,CAM RANH,12.25,109.2,16.47,25.86,26.48,25.45,24.83,25.71,93.93,19.7,100.14,7.92,35.0,10.33,36.58,0.93,0.95,99.67
2024-12-14,CAM RANH,12.25,109.2,14.82,25.24,26.12,24.53,23.85,25.28,91.92,18.53,100.38,10.02,32.4,9.39,36.45,0.94,0.96,99.5
2024-12-15,CAM RANH,12.25,109.2,12.99,24.44,25.2,23.92,22.53,24.81,89.04,17.08,100.47,10.57,25.6,4.87,35.93,0.94,0.97,99.44
2024-12-16,CAM RANH,12.25,109.2,2.66,24.42,25.24,23.98,21.89,24.94,85.75,16.42,100.47,9.8,17.0,9.95,35.87,0.92,0.96,90.75
2024-12-17,CAM RANH,12.25,109.2,2.17,24.44,25.34,23.93,22.09,25.12,86.75,16.64,100.35,8.93,14.0,9.73,36.11,0.92,0.95,84.4
2024-12-18,CAM RANH,12.25,109.2,2.14,24.69,25.9,24.04,22.32,25.11,86.6,16.88,100.31,9.71,17.5,7.9,36.5,0.91,0.95,91.33
2024-12-19,CAM RANH,12.25,109.2,0.37,24.3,25.75,23.24,20.49,24.59,79.27,15.09,100.36,9.95,22.5,12.42,35.06,0.91,0.94,91.29
2024-12-20,CAM RANH,12.25,109.2,0.48,23.94,25.34,22.96,20.16,24.46,79.46,14.77,100.33,8.74,16.2,12.04,34.27,0.9,0.94,97.78
2024-12-21,CAM RANH,12.25,109.2,0.29,23.46,24.84,22.48,19.45,24.12,78.23,14.13,100.36,9.48,5.9,12.61,33.76,0.9,0.93,99.17
2024-12-22,CAM RANH,12.25,109.2,1.5,23.35,24.02,22.89,20.9,24.1,86.26,15.52,100.12,10.35,354.3,8.24,34.97,0.89,0.92,99.49
2024-12-23,CAM RANH,12.25,109.2,7.08,23.86,24.8,23.34,21.77,24.22,88.09,16.38,99.96,12.38,348.9,8.54,36.12,0.9,0.92,99.49
2024-12-24,CAM RANH,12.25,109.2,11.92,23.92,24.65,23.54,22.0,24.3,88.97,16.6,100.06,12.86,356.4,4.27,35.71,0.91,0.93,98.93
2024-12-25,CAM RANH,12.25,109.2,2.61,24.68,25.1,24.4,23.64,24.59,93.9,18.32,100.22,7.93,14.5,4.63,36.51,0.9,0.93,97.41
2024-12-26,CAM RANH,12.25,109.2,3.32,25.19,26.24,24.61,24.13,25.15,93.76,18.84,100.4,6.68,23.9,6.89,36.78,0.9,0.93,99.06
2024-12-27,CAM RANH,12.25,109.2,5.63,24.93,25.71,24.48,23.82,24.84,93.46,18.46,100.51,7.58,24.9,4.88,36.1,0.91,0.93,98.0
2024-12-28,CAM RANH,12.25,109.2,6.97,24.25,25.68,23.31,22.05,24.39,87.44,16.58,100.56,10.74,25.5,12.01,36.1,0.91,0.93,88.55
2024-12-29,CAM RANH,12.25,109.2,1.11,23.66,24.77,23.01,20.83,24.11,84.22,15.37,100.5,9.29,14.4,11.49,35.25,0.9,0.93,82.27
2024-12-30,CAM RANH,12.25,109.2,5.1,23.97,25.01,23.47,21.97,24.47,88.68,16.52,100.35,8.83,3.1,9.99,35.99,0.9,0.92,97.61
2024-12-31,CAM RANH,12.25,109.2,8.86,23.4,24.59,22.75,21.54,23.9,89.24,16.11,100.22,10.47,356.8,4.24,35.16,0.91,0.93,99.44
2025-01-01,CAM RANH,12.25,109.2,7.14,23.09,23.86,22.6,20.96,23.72,87.89,15.56,100.18,9.82,355.5,5.72,35.01,0.91,0.93,89.48
2025-01-02,CAM RANH,12.25,109.2,2.77,23.78,24.97,23.08,21.97,24.22,89.61,16.55,100.18,10.12,356.6,7.55,35.8,0.9,0.93,99.71
2025-01-03,CAM RANH,12.25,109.2,1.7,23.66,24.48,23.01,21.15,23.8,85.84,15.73,100.31,10.25,7.5,5.59,35.59,0.9,0.93,98.14
2025-01-04,CAM RANH,12.25,109.2,0.53,23.07,24.36,22.07,19.89,23.64,82.56,14.53,100.35,9.4,0.7,12.91,34.54,0.89,0.92,82.12
2025-01-05,CAM RANH,12.25,109.2,0.34,22.83,24.46,21.73,20.0,23.53,84.14,14.62,100.41,10.13,0.7,13.81,34.05,0.88,0.91,59.56
2025-01-06,CAM RANH,12.25,109.2,0.88,23.22,24.22,22.52,20.75,23.68,86.0,15.32,100.34,8.07,6.5,12.62,34.83,0.88,0.91,61.25
2025-01-07,CAM RANH,12.25,109.2,0.31,23.44,24.94,22.19,20.47,23.74,83.39,15.05,100.35,7.18,12.3,16.68,33.59,0.87,0.9,37.79
2025-01-08,CAM RANH,12.25,109.2,0.21,23.34,24.33,22.8,20.65,23.83,85.05,15.24,100.4,7.04,6.1,19.05,33.12,0.87,0.89,59.36
2025-01-09,CAM RANH,12.25,109.2,0.51,23.97,25.47,23.11,21.31,24.06,85.04,15.84,100.5,9.51,14.0,16.56,35.07,0.86,0.89,81.36
2025-01-10,CAM RANH,12.25,109.2,0.76,23.06,24.23,22.39,19.35,23.45,79.71,13.97,100.77,11.61,16.5,13.79,34.59,0.85,0.88,92.75
2025-01-11,CAM RANH,12.25,109.2,2.93,22.25,23.59,21.18,19.25,23.1,83.08,13.88,100.86,13.04,14.9,7.82,35.05,0.86,0.87,95.63
2025-01-12,CAM RANH,12.25,109.2,0.87,21.44,22.64,20.77,17.74,22.68,79.47,12.64,100.72,10.94,10.6,11.1,33.68,0.85,0.87,95.95
2025-01-13,CAM RANH,12.25,109.2,5.71,22.31,23.02,21.41,19.9,23.17,86.41,14.55,100.45,9.05,2.7,9.99,35.44,0.86,0.86,94.37
2025-01-14,CAM RANH,12.25,109.2,7.56,23.69,24.22,23.17,22.57,23.66,93.4,17.14,100.39,7.26,5.2,5.21,36.11,0.88,0.88,96.57
2025-01-15,CAM RANH,12.25,109.2,4.43,23.93,25.09,23.01,22.52,24.05,91.71,17.06,100.49,8.78,27.8,5.69,35.78,0.87,0.87,72.67
2025-01-16,CAM RANH,12.25,109.2,4.96,22.8,24.08,21.89,19.87,23.2,83.5,14.47,100.62,11.25,18.5,6.96,35.55,0.87,0.87,98.36
2025-01-17,CAM RANH,12.25,109.2,0.75,22.3,23.6,21.46,18.76,22.99,80.37,13.51,100.45,9.13,16.1,12.21,33.85,0.85,0.87,98.31
2025-01-18,CAM RANH,12.25,109.2,1.42,22.12,23.48,21.22,19.02,22.71,82.7,13.75,100.36,8.69,4.2,10.78,34.51,0.85,0.86,73.75
2025-01-19,CAM RANH,12.25,109.2,0.77,21.73,23.49,20.45,18.45,22.4,81.62,13.29,100.27,8.15,7.9,15.51,33.4,0.84,0.85,65.13
2025-01-20,CAM RANH,12.25,109.2,0.15,21.35,23.04,20.21,17.28,22.05,77.65,12.32,100.29,7.5,10.1,18.1,31.35,0.84,0.85,69.77
2025-01-21,CAM RANH,12.25,109.2,0.07,21.24,23.08,20.03,17.53,22.21,79.48,12.52,100.29,6.58,9.4,20.12,30.72,0.83,0.84,46.14
2025-01-22,CAM RANH,12.25,109.2,0.02,21.46,23.3,20.26,18.19,22.31,81.87,13.06,100.3,6.12,4.2,20.8,31.63,0.82,0.83,70.63
2025-01-23,CAM RANH,12.25,109.2,0.16,22.03,23.67,21.02,19.44,22.75,85.26,14.13,100.25,5.6,2.6,13.81,34.08,0.82,0.83,92.47
2025-01-24,CAM RANH,12.25,109.2,0.06,22.74,24.65,21.34,20.47,23.38,87.14,15.09,100.14,4.04,7.8,18.32,34.03,0.82,0.82,69.48
2025-01-25,CAM RANH,12.25,109.2,0.09,22.72,24.59,21.28,20.61,23.29,87.91,15.22,100.21,4.81,12.0,17.26,33.62,0.81,0.81,73.13
2025-01-26,CAM RANH,12.25,109.2,0.6,22.72,24.14,21.71,19.84,23.17,83.95,14.47,100.4,9.19,12.6,19.26,32.65,0.8,0.81,76.62
2025-01-27,CAM RANH,12.25,109.2,0.88,21.88,23.23,21.17,18.47,22.66,81.0,13.26,100.51,10.04,18.5,10.97,33.64,0.8,0.8,98.91
2025-01-28,CAM RANH,12.25,109.2,0.63,22.01,22.99,21.46,18.47,22.74,80.35,13.23,100.71,9.93,15.1,18.32,32.76,0.8,0.79,79.51
2025-01-29,CAM RANH,12.25,109.2,0.46,22.26,23.4,21.57,18.93,22.88,81.54,13.63,100.62,8.76,13.9,17.37,33.05,0.79,0.79,89.71
2025-01-30,CAM RANH,12.25,109.2,0.09,22.25,24.1,20.93,19.24,22.87,83.3,13.96,100.27,7.56,2.0,18.05,32.79,0.78,0.78,75.93
2025-01-31,CAM RANH,12.25,109.2,0.23,22.91,25.05,21.09,20.25,23.42,85.1,14.89,100.06,6.67,358.5,18.54,33.72,0.78,0.78,62.7
2025-02-01,CAM RANH,12.25,109.2,0.07,23.36,25.55,21.9,19.99,23.72,81.66,14.68,99.97,5.16,354.7,21.23,33.88,0.77,0.77,38.44
2025-02-02,CAM RANH,12.25,109.2,0.33,23.36,25.18,22.17,21.42,23.78,89.03,16.03,100.06,4.81,358.5,21.11,34.48,0.77,0.76,39.35
2025-02-03,CAM RANH,12.25,109.2,1.0,23.58,25.48,22.56,21.33,23.79,87.18,15.9,100.31,8.27,12.8,17.44,34.21,0.76,0.76,33.8
2025-02-04,CAM RANH,12.25,109.2,1.04,22.83,24.1,21.78,19.25,23.04,80.28,13.93,100.45,9.04,22.4,16.22,33.7,0.76,0.75,55.06
2025-02-05,CAM RANH,12.25,109.2,0.07,22.28,23.79,21.23,18.33,22.79,78.39,13.16,100.34,7.22,13.6,19.11,32.34,0.75,0.75,42.71
2025-02-06,CAM RANH,12.25,109.2,0.05,23.06,24.89,21.79,19.7,23.34,81.69,14.38,100.24,6.82,3.2,20.53,32.82,0.74,0.74,52.23
2025-02-07,CAM RANH,12.25,109.2,0.53,23.24,24.94,22.4,20.83,23.53,86.46,15.39,100.35,8.74,3.1,16.82,34.04,0.74,0.74,85.23
2025-02-08,CAM RANH,12.25,109.2,1.01,22.93,24.33,21.91,19.68,23.28,81.95,14.31,100.44,11.15,13.5,14.82,34.62,0.74,0.73,94.93
2025-02-09,CAM RANH,12.25,109.2,1.69,22.32,23.07,21.91,19.62,22.89,84.65,14.27,100.4,10.64,10.2,6.85,35.01,0.74,0.73,99.17
2025-02-10,CAM RANH,12.25,109.2,2.37,22.57,23.91,21.8,20.41,23.14,87.62,15.01,100.28,10.07,354.9,6.86,35.45,0.75,0.73,99.36
2025-02-11,CAM RANH,12.25,109.2,5.15,23.31,24.54,22.67,21.93,23.37,91.92,16.51,100.18,7.33,354.9,7.99,35.64,0.76,0.73,92.77
2025-02-12,CAM RANH,12.25,109.2,1.01,23.77,25.07,22.92,22.47,23.67,92.41,17.06,100.22,6.58,349.4,16.27,35.06,0.75,0.74,39.92
2025-02-13,CAM RANH,12.25,109.2,0.12,24.21,26.55,22.74,21.94,24.5,87.24,16.5,100.23,7.69,350.1,18.17,35.18,0.72,0.73,51.49
2025-02-14,CAM RANH,12.25,109.2,0.6,24.24,26.13,23.3,22.32,24.66,89.13,16.9,100.21,6.55,5.4,11.58,36.4,0.72,0.72,86.41
2025-02-15,CAM RANH,12.25,109.2,0.55,24.21,25.86,23.0,22.55,24.76,90.53,17.14,100.19,4.51,23.2,14.01,35.87,0.71,0.72,65.12
2025-02-16,CAM RANH,12.25,109.2,0.6,24.11,25.88,22.87,22.11,24.47,88.7,16.64,100.4,5.99,15.6,15.48,35.33,0.7,0.71,63.37
2025-02-17,CAM RANH,12.25,109.2,0.49,23.87,25.51,22.71,21.48,24.44,86.62,16.01,100.49,7.06,9.1,12.46,35.59,0.69,0.71,77.73
2025-02-18,CAM RANH,12.25,109.2,1.62,24.18,25.71,23.37,22.3,24.66,89.29,16.84,100.43,7.64,14.1,8.71,35.98,0.7,0.7,89.4
2025-02-19,CAM RANH,12.25,109.2,1.49,23.85,24.92,23.02,22.09,24.16,89.93,16.63,100.43,7.22,16.2,9.29,35.96,0.7,0.7,88.91
2025-02-20,CAM RANH,12.25,109.2,4.52,24.27,25.51,23.51,22.45,24.67,89.67,17.0,100.44,7.06,19.0,11.6,36.2,0.71,0.7,95.97
2025-02-21,CAM RANH,12.25,109.2,10.34,24.53,25.98,23.72,22.68,24.9,89.52,17.22,100.5,6.58,21.8,14.86,36.22,0.72,0.71,98.86
2025-02-22,CAM RANH,12.25,109.2,22.93,24.3,25.05,23.95,22.99,24.37,92.33,17.55,100.49,7.79,20.8,5.94,36.09,0.83,0.74,99.49
2025-02-23,CAM RANH,12.25,109.2,32.75,24.12,24.83,23.68,22.8,24.14,92.25,17.32,100.65,7.44,40.1,5.56,36.04,0.89,0.78,98.85
2025-02-24,CAM RANH,12.25,109.2,5.7,24.36,25.52,23.68,22.59,24.67,89.84,17.09,100.76,8.71,28.3,12.73,35.88,0.82,0.79,73.43
2025-02-25,CAM RANH,12.25,109.2,3.58,24.24,25.4,23.43,22.43,24.58,89.68,16.92,100.76,8.25,16.2,12.03,36.05,0.8,0.79,98.97
2025-02-26,CAM RANH,12.25,109.2,1.71,24.23,25.41,23.27,22.28,24.52,88.87,16.79,100.65,6.63,22.2,10.93,35.76,0.8,0.79,97.46
2025-02-27,CAM RANH,12.25,109.2,0.45,24.23,26.01,22.92,21.78,24.81,86.32,16.3,100.46,5.27,17.8,15.81,35.09,0.78,0.78,67.43
2025-02-28,CAM RANH,12.25,109.2,0.21,24.44,26.23,23.09,22.03,25.01,86.53,16.57,100.38,4.27,23.5,22.12,33.81,0.77,0.77,20.5
2025-03-01,CAM RANH,12.25,109.2,0.16,24.82,26.38,23.72,21.48,25.38,81.76,16.04,100.21,2.9,44.9,24.04,33.22,0.76,0.76,9.86
2025-03-02,CAM RANH,12.25,109.2,0.01,25.26,27.24,23.74,22.7,26.01,85.96,17.34,100.05,1.35,58.8,22.09,34.64,0.75,0.75,83.88
2025-03-03,CAM RANH,12.25,109.2,0.01,26.2,28.87,24.72,22.73,26.41,81.63,17.39,99.89,1.79,180.4,21.71,35.13,0.74,0.75,90.31
2025-03-04,CAM RANH,12.25,109.2,0.01,26.95,29.58,25.43,24.31,27.24,86.3,19.19,99.85,1.84,135.9,23.75,34.78,0.73,0.74,10.94
2025-03-05,CAM RANH,12.25,109.2,0.05,26.4,27.8,25.39,24.69,26.64,90.42,19.59,99.95,1.64,158.9,21.68,34.95,0.74,0.73,32.62
2025-03-06,CAM RANH,12.25,109.2,0.34,26.44,28.14,25.06,24.17,27.43,87.55,18.94,100.17,3.96,31.1,20.25,36.16,0.72,0.73,81.28
2025-03-07,CAM RANH,12.25,109.2,2.73,25.64,27.33,24.52,23.2,26.45,86.41,17.83,100.22,8.02,27.8,12.49,36.82,0.72,0.72,96.74
2025-03-08,CAM RANH,12.25,109.2,2.56,25.25,26.75,24.49,22.6,26.13,85.38,17.17,100.35,8.61,16.3,14.57,36.85,0.72,0.72,94.89
2025-03-09,CAM RANH,12.25,109.2,6.86,25.35,26.7,24.7,23.36,25.97,88.85,17.98,100.45,7.82,14.6,6.29,36.7,0.75,0.72,98.61
2025-03-10,CAM RANH,12.25,109.2,2.85,25.66,27.07,24.69,23.88,26.16,89.94,18.55,100.43,6.39,23.0,10.21,36.81,0.74,0.73,89.44
2025-03-11,CAM RANH,12.25,109.2,1.65,25.68,26.92,24.72,23.66,26.41,88.67,18.33,100.24,5.04,29.7,16.56,36.23,0.72,0.72,65.74
2025-03-12,CAM RANH,12.25,109.2,0.7,25.97,27.37,25.02,23.9,26.57,88.45,18.63,100.1,3.68,38.2,20.04,35.9,0.71,0.71,58.52
2025-03-13,CAM RANH,12.25,109.2,0.32,26.41,27.88,24.99,24.55,26.87,89.67,19.38,100.13,2.66,44.8,20.26,35.62,0.7,0.71,70.17
2025-03-14,CAM RANH,12.25,109.2,0.4,26.59,28.24,25.41,24.07,27.53,86.26,18.82,100.19,2.06,49.9,24.77,34.94,0.68,0.7,35.51
2025-03-15,CAM RANH,12.25,109.2,0.26,26.93,29.0,25.44,23.96,27.78,83.85,18.7,100.16,2.46,61.3,24.76,34.52,0.67,0.69,14.48
2025-03-16,CAM RANH,12.25,109.2,0.95,26.22,28.09,24.16,22.86,27.21,82.03,17.46,100.24,6.54,15.4,20.61,35.62,0.66,0.69,57.36
2025-03-17,CAM RANH,12.25,109.2,1.42,25.55,27.07,24.56,22.67,26.33,84.13,17.26,100.32,9.76,10.4,8.43,36.81,0.67,0.69,92.47
2025-03-18,CAM RANH,12.25,109.2,1.63,24.97,26.99,23.41,21.47,26.17,81.0,15.99,100.56,10.67,14.8,8.87,36.85,0.66,0.68,93.22
2025-03-19,CAM RANH,12.25,109.2,1.83,23.76,25.17,22.79,20.1,25.46,80.11,14.66,100.8,11.28,10.4,8.51,36.29,0.66,0.68,97.56
2025-03-20,CAM RANH,12.25,109.2,1.42,24.13,25.22,23.48,20.46,25.49,80.07,14.99,100.78,10.63,9.2,9.11,35.69,0.66,0.68,99.13
2025-03-21,CAM RANH,12.25,109.2,0.95,24.26,26.21,23.13,20.65,25.51,80.54,15.19,100.69,9.72,4.8,15.24,35.7,0.65,0.67,85.39
2025-03-22,CAM RANH,12.25,109.2,0.21,24.54,26.69,23.05,21.37,25.62,82.72,15.89,100.55,7.87,10.4,16.9,35.55,0.64,0.67,91.43
2025-03-23,CAM RANH,12.25,109.2,0.21,24.09,26.01,22.73,20.44,24.79,80.14,15.01,100.42,6.36,10.6,18.77,33.61,0.63,0.66,28.95
2025-03-24,CAM RANH,12.25,109.2,0.19,23.71,25.98,22.23,19.91,24.77,79.51,14.57,100.17,5.42,13.9,25.04,32.36,0.62,0.66,20.14
2025-03-25,CAM RANH,12.25,109.2,0.03,24.55,26.55,23.07,19.98,25.77,75.98,14.67,99.9,2.42,90.5,25.42,32.13,0.61,0.65,8.59
2025-03-26,CAM RANH,12.25,109.2,0.03,25.45,27.75,24.0,22.36,26.44,83.66,17.06,99.73,3.65,168.6,25.63,33.5,0.6,0.65,7.27
2025-03-27,CAM RANH,12.25,109.2,0.09,26.19,28.67,24.36,23.6,26.83,86.11,18.39,99.64,4.01,170.9,24.72,34.57,0.59,0.64,3.46
2025-03-28,CAM RANH,12.25,109.2,0.55,26.18,28.19,24.85,23.88,27.06,87.51,18.67,99.86,3.03,149.8,25.03,34.58,0.58,0.63,4.68
2025-03-29,CAM RANH,12.25,109.2,2.5,26.4,27.95,25.26,23.93,27.43,86.39,18.67,100.09,3.41,53.7,22.71,35.94,0.59,0.63,48.17
2025-03-30,CAM RANH,12.25,109.2,6.88,26.06,27.97,24.48,23.6,26.81,86.43,18.28,100.17,8.0,4.0,17.31,36.94,0.63,0.63,85.64
2025-03-31,CAM RANH,12.25,109.2,13.07,24.63,25.44,23.94,22.82,25.4,89.7,17.46,100.08,10.82,359.1,7.42,36.45,0.7,0.65,97.57
2025-04-01,CAM RANH,12.25,109.2,5.97,24.51,26.22,22.99,21.82,25.62,85.12,16.4,100.23,10.19,358.5,11.47,36.46,0.67,0.66,97.56
2025-04-02,CAM RANH,12.25,109.2,2.03,24.15,24.76,23.58,21.97,24.86,87.66,16.52,100.39,8.49,7.6,9.63,36.17,0.66,0.66,98.05
2025-04-03,CAM RANH,12.25,109.2,0.56,24.47,26.48,23.04,21.54,25.45,84.04,16.09,100.4,7.22,10.2,15.15,35.43,0.62,0.66,62.52
2025-04-04,CAM RANH,12.25,109.2,0.11,25.21,27.11,23.98,21.75,26.0,81.21,16.3,100.27,3.38,33.1,21.97,35.03,0.61,0.65,68.71
2025-04-05,CAM RANH,12.25,109.2,0.07,25.54,27.44,24.12,22.78,26.71,84.83,17.38,100.17,2.51,52.3,24.82,35.2,0.59,0.64,41.52
2025-04-06,CAM RANH,12.25,109.2,0.07,25.73,27.52,24.38,23.1,26.56,85.59,17.71,100.26,3.91,24.1,21.16,35.95,0.59,0.64,52.4
2025-04-07,CAM RANH,12.25,109.2,0.13,26.06,28.02,24.67,23.43,26.62,85.74,18.07,100.35,5.14,17.8,20.79,35.68,0.58,0.63,76.04
2025-04-08,CAM RANH,12.25,109.2,0.45,25.9,27.7,24.43,22.61,26.61,82.35,17.19,100.32,4.19,11.8,21.7,35.79,0.58,0.63,41.9
2025-04-09,CAM RANH,12.25,109.2,0.11,26.55,28.42,25.08,23.7,27.42,84.61,18.42,100.05,1.93,92.3,24.94,35.7,0.57,0.62,34.67
2025-04-10,CAM RANH,12.25,109.2,0.12,26.92,29.21,25.37,24.45,27.59,86.76,19.32,99.84,3.05,170.5,20.08,35.9,0.56,0.61,94.37
2025-04-11,CAM RANH,12.25,109.2,0.18,26.98,29.04,25.38,24.4,27.64,86.18,19.26,99.88,3.56,175.3,23.78,35.64,0.55,0.61,35.36
2025-04-12,CAM RANH,12.25,109.2,0.14,26.92,29.17,25.26,24.52,27.56,87.19,19.39,99.98,3.19,168.9,24.94,35.03,0.55,0.6,28.92
2025-04-13,CAM RANH,12.25,109.2,0.49,26.13,28.78,23.99,23.23,27.02,84.26,17.9,100.15,5.67,8.2,17.95,36.55,0.55,0.6,65.84
2025-04-14,CAM RANH,12.25,109.2,0.22,25.91,28.1,24.45,22.3,26.78,80.67,16.88,100.2,7.58,7.6,19.87,36.32,0.54,0.6,79.61
2025-04-15,CAM RANH,12.25,109.2,0.1,25.92,27.79,24.44,22.34,26.98,80.77,16.92,100.16,4.94,20.7,18.87,36.29,0.54,0.59,75.06
2025-04-16,CAM RANH,12.25,109.2,0.08,26.35,28.01,25.02,22.72,27.55,80.6,17.35,100.05,2.39,107.9,23.5,35.47,0.53,0.59,61.3
2025-04-17,CAM RANH,12.25,109.2,0.31,26.85,28.76,25.39,24.16,27.61,85.44,18.95,99.96,3.77,167.5,23.5,35.56,0.53,0.58,42.09
2025-04-18,CAM RANH,12.25,109.2,0.09,26.9,28.92,25.23,24.27,27.78,85.75,19.09,99.92,4.05,166.5,24.71,34.97,0.52,0.58,12.5
2025-04-19,CAM RANH,12.25,109.2,0.16,26.78,28.78,25.31,23.63,27.69,83.18,18.37,99.96,3.34,159.9,25.07,34.55,0.51,0.57,18.49
2025-04-20,CAM RANH,12.25,109.2,0.18,27.49,29.17,26.21,24.61,28.24,84.55,19.49,100.02,2.06,149.4,26.66,35.3,0.51,0.57,5.1
2025-04-21,CAM RANH,12.25,109.2,0.28,28.6,31.17,26.55,24.9,28.95,81.08,19.81,100.1,1.46,145.4,25.69,36.2,0.51,0.56,22.41
2025-04-22,CAM RANH,12.25,109.2,0.3,27.64,29.82,26.08,24.64,28.27,84.03,19.52,100.05,3.03,179.5,24.94,35.43,0.51,0.56,58.34
2025-04-23,CAM RANH,12.25,109.2,0.29,27.45,29.29,26.02,24.73,28.3,85.33,19.62,99.95,3.98,175.7,24.96,35.63,0.51,0.56,48.93
2025-04-24,CAM RANH,12.25,109.2,0.64,27.79,29.73,26.29,24.75,28.6,83.86,19.68,99.88,4.04,179.6,25.18,36.02,0.5,0.55,26.51
2025-04-25,CAM RANH,12.25,109.2,1.25,28.09,30.39,26.22,24.72,28.89,82.48,19.61,99.99,3.22,173.2,23.44,36.44,0.5,0.55,23.79
2025-04-26,CAM RANH,12.25,109.2,0.35,27.78,29.48,26.77,23.95,28.67,79.94,18.69,100.15,2.38,136.9,23.22,35.65,0.5,0.55,24.41
2025-04-27,CAM RANH,12.25,109.2,0.54,27.96,29.98,26.25,23.92,29.16,79.16,18.68,100.08,2.05,70.1,24.18,35.2,0.48,0.54,55.71
2025-04-28,CAM RANH,12.25,109.2,0.18,28.13,29.9,26.82,24.44,29.19,80.71,19.29,99.98,3.07,44.8,25.55,35.37,0.48,0.54,31.0
2025-04-29,CAM RANH,12.25,109.2,0.13,27.82,29.6,26.6,23.71,28.83,78.6,18.43,100.06,4.53,34.3,23.92,35.66,0.48,0.53,86.9
2025-04-30,CAM RANH,12.25,109.2,2.48,28.24,29.63,27.19,24.46,29.18,80.21,19.29,100.07,3.98,43.6,23.09,36.87,0.49,0.53,52.64
2025-05-01,CAM RANH,12.25,109.2,9.89,27.39,28.36,26.47,24.92,27.68,86.33,19.84,100.06,6.23,15.4,10.73,37.36,0.6,0.54,85.5
2025-05-02,CAM RANH,12.25,109.2,12.82,27.92,28.81,27.06,24.96,28.34,84.06,19.91,99.95,3.34,10.3,18.72,37.34,0.64,0.56,89.41
2025-05-03,CAM RANH,12.25,109.2,2.27,27.66,29.09,26.68,23.32,28.16,77.37,18.08,99.87,2.36,215.9,22.29,36.41,0.57,0.57,76.18
2025-05-04,CAM RANH,12.25,109.2,1.95,28.2,30.68,26.18,22.88,29.39,73.69,17.6,99.86,2.97,173.7,24.91,35.96,0.53,0.57,59.63
2025-05-05,CAM RANH,12.25,109.2,1.44,28.39,30.41,27.02,24.35,29.65,79.23,19.24,99.81,3.67,166.5,25.05,36.53,0.51,0.56,40.15
2025-05-06,CAM RANH,12.25,109.2,0.43,28.61,30.25,27.53,25.22,29.68,82.15,20.26,99.74,4.14,176.2,24.8,37.15,0.51,0.56,43.68
2025-05-07,CAM RANH,12.25,109.2,0.67,29.26,31.39,27.69,25.37,29.75,79.93,20.47,99.63,2.39,168.2,23.56,37.73,0.51,0.56,44.89
2025-05-08,CAM RANH,12.25,109.2,1.6,29.65,31.83,28.36,26.1,29.85,81.66,21.43,99.54,3.02,194.6,23.99,37.51,0.53,0.56,35.13
2025-05-09,CAM RANH,12.25,109.2,1.25,29.37,31.47,27.88,26.18,29.58,83.39,21.49,99.69,2.25,159.4,24.6,37.58,0.53,0.56,51.17
2025-05-10,CAM RANH,12.25,109.2,3.43,28.22,29.68,27.2,25.76,29.01,86.54,20.92,99.78,3.24,130.8,19.46,37.21,0.55,0.56,96.84
2025-05-11,CAM RANH,12.25,109.2,12.44,28.17,29.6,27.15,25.02,29.28,83.22,20.02,99.75,1.89,130.1,22.53,37.21,0.62,0.57,73.44
2025-05-12,CAM RANH,12.25,109.2,14.06,27.67,28.65,27.05,24.65,28.73,83.59,19.55,99.82,2.44,33.9,20.19,37.2,0.65,0.6,92.0
2025-05-13,CAM RANH,12.25,109.2,6.16,28.22,29.62,27.37,24.49,29.36,80.3,19.34,99.93,2.22,45.0,21.1,36.91,0.59,0.6,83.57
2025-05-14,CAM RANH,12.25,109.2,5.67,28.81,30.22,27.65,24.23,29.89,76.53,19.04,99.99,2.27,43.1,22.66,37.16,0.6,0.6,72.84
2025-05-15,CAM RANH,12.25,109.2,7.0,29.03,30.31,27.92,25.93,29.63,83.47,21.09,99.95,3.74,12.5,23.87,37.73,0.63,0.61,68.64
2025-05-16,CAM RANH,12.25,109.2,4.67,28.74,29.59,28.0,25.35,29.61,81.88,20.38,99.94,1.84,28.1,23.23,37.4,0.61,0.61,38.9
2025-05-17,CAM RANH,12.25,109.2,3.41,28.42,29.25,27.57,24.08,29.62,77.39,18.86,99.99,1.2,104.9,10.5,37.49,0.61,0.62,80.85
2025-05-18,CAM RANH,12.25,109.2,4.41,28.39,29.43,27.63,24.74,29.56,80.66,19.63,99.94,2.01,135.1,21.79,36.69,0.61,0.62,68.23
2025-05-19,CAM RANH,12.25,109.2,2.53,28.36,29.17,27.45,24.65,29.34,80.33,19.53,99.88,2.36,169.5,22.46,37.06,0.61,0.62,56.62
2025-05-20,CAM RANH,12.25,109.2,1.69,28.54,29.62,27.71,24.84,29.59,80.45,19.78,99.86,2.32,146.2,23.87,37.09,0.6,0.62,73.28
2025-05-21,CAM RANH,12.25,109.2,18.55,28.48,29.75,27.66,24.99,29.85,81.46,19.97,99.76,1.86,44.1,22.49,37.54,0.67,0.63,78.06
2025-05-22,CAM RANH,12.25,109.2,11.97,28.65,29.76,27.72,25.6,29.46,83.62,20.76,99.58,2.09,149.2,18.78,37.62,0.71,0.66,93.01
2025-05-23,CAM RANH,12.25,109.2,8.43,28.52,30.08,27.4,24.45,29.53,78.9,19.37,99.65,3.54,171.3,21.64,37.32,0.69,0.67,64.72
2025-05-24,CAM RANH,12.25,109.2,5.37,28.28,29.39,27.32,24.98,29.81,82.33,19.95,99.85,3.29,163.2,22.83,37.13,0.67,0.67,64.02
2025-05-25,CAM RANH,12.25,109.2,8.03,28.29,29.08,27.62,24.78,29.92,81.28,19.67,100.0,1.81,87.8,19.99,37.76,0.7,0.67,69.24
2025-05-26,CAM RANH,12.25,109.2,2.96,28.65,29.34,28.24,25.16,29.73,81.43,20.14,99.96,3.78,34.0,22.99,37.44,0.68,0.68,65.79
2025-05-27,CAM RANH,12.25,109.2,13.6,28.98,29.79,28.57,26.41,29.42,86.11,21.78,99.7,3.86,14.3,16.66,38.09,0.74,0.69,92.87
2025-05-28,CAM RANH,12.25,109.2,19.61,28.95,30.63,27.71,26.0,29.37,84.18,21.3,99.47,6.41,303.5,13.71,38.14,0.79,0.71,99.4
2025-05-29,CAM RANH,12.25,109.2,48.01,28.61,29.71,27.53,25.34,28.88,82.46,20.45,99.67,3.68,223.7,19.08,37.54,0.88,0.75,95.69
2025-05-30,CAM RANH,12.25,109.2,12.77,28.85,30.88,27.84,24.87,29.43,79.38,19.84,99.87,2.86,201.0,21.94,37.44,0.82,0.78,82.49
2025-05-31,CAM RANH,12.25,109.2,43.76,28.97,30.27,27.73,24.54,29.26,77.05,19.43,99.89,3.15,236.3,22.92,37.66,0.91,0.81,80.7
2025-06-01,CAM RANH,12.25,109.2,9.65,29.62,31.87,27.65,25.12,29.9,77.29,20.18,99.76,3.89,221.3,22.04,37.9,0.84,0.83,84.38
2025-06-02,CAM RANH,12.25,109.2,3.9,29.59,31.92,27.7,25.24,29.59,77.76,20.33,99.63,3.8,238.4,19.09,37.47,0.83,0.83,89.36
2025-06-03,CAM RANH,12.25,109.2,5.08,29.5,31.44,27.66,24.81,29.58,76.26,19.8,99.62,2.33,249.2,23.99,37.45,0.83,0.82,63.09
2025-06-04,CAM RANH,12.25,109.2,32.07,29.35,31.08,28.11,25.56,29.28,80.34,20.7,99.72,2.5,236.7,24.5,37.54,0.9,0.84,68.46
2025-06-05,CAM RANH,12.25,109.2,14.27,29.24,30.95,28.12,25.78,29.31,81.89,20.95,99.77,2.43,186.5,21.42,37.77,0.89,0.87,88.63
2025-06-06,CAM RANH,12.25,109.2,15.98,29.11,30.22,28.19,25.75,29.2,82.22,20.92,99.76,1.8,218.4,19.99,37.9,0.9,0.88,88.39
2025-06-07,CAM RANH,12.25,109.2,19.46,29.34,30.86,27.84,25.26,29.52,78.93,20.34,99.71,2.04,200.8,23.1,37.57,0.9,0.89,70.28
2025-06-08,CAM RANH,12.25,109.2,10.51,28.56,29.26,27.46,24.6,29.29,79.21,19.55,99.64,2.54,203.8,14.97,37.32,0.9,0.91,99.28
2025-06-09,CAM RANH,12.25,109.2,8.64,29.01,30.73,28.06,24.81,29.51,78.35,19.82,99.5,2.06,175.2,13.2,37.52,0.89,0.9,99.32
2025-06-10,CAM RANH,12.25,109.2,52.77,28.59,30.17,27.38,24.58,28.96,79.1,19.56,99.39,1.39,266.3,11.83,37.49,0.96,0.93,99.72
2025-06-11,CAM RANH,12.25,109.2,4.23,28.19,29.3,27.1,24.23,28.37,79.13,19.19,99.21,4.99,247.6,7.2,37.26,0.92,0.95,98.9
2025-06-12,CAM RANH,12.25,109.2,0.09,28.84,30.85,27.14,24.22,28.63,76.27,19.17,99.41,5.08,222.3,14.5,37.41,0.9,0.94,99.14
2025-06-13,CAM RANH,12.25,109.2,2.24,28.99,30.85,27.56,25.41,29.08,81.35,20.55,99.64,4.85,194.9,19.57,37.42,0.9,0.93,98.89
2025-06-14,CAM RANH,12.25,109.2,4.83,28.81,30.71,27.68,25.6,28.97,83.06,20.75,99.75,3.15,193.4,21.23,37.14,0.89,0.92,99.32
2025-06-15,CAM RANH,12.25,109.2,0.57,28.49,30.04,27.45,25.94,28.86,86.27,21.15,99.76,3.64,175.4,22.74,37.23,0.89,0.92,54.13
2025-06-16,CAM RANH,12.25,109.2,0.54,27.8,28.8,26.77,25.8,28.21,88.89,20.95,99.86,4.33,173.1,23.74,36.88,0.88,0.91,42.13
2025-06-17,CAM RANH,12.25,109.2,0.03,27.89,29.04,26.92,25.86,28.31,88.8,21.03,99.87,4.12,162.5,23.0,36.66,0.88,0.91,85.42
2025-06-18,CAM RANH,12.25,109.2,0.09,27.84,29.24,26.61,25.33,27.96,86.25,20.39,99.79,3.6,179.7,21.75,36.65,0.88,0.9,88.36
2025-06-19,CAM RANH,12.25,109.2,0.75,28.09,29.37,27.33,25.54,28.6,86.14,20.64,99.8,4.37,160.3,22.36,36.9,0.87,0.9,78.92
2025-06-20,CAM RANH,12.25,109.2,2.76,27.87,28.65,27.15,25.59,28.13,87.35,20.71,99.78,4.32,175.0,21.52,37.01,0.88,0.9,64.25
2025-06-21,CAM RANH,12.25,109.2,2.64,27.56,28.44,26.54,24.79,28.05,84.9,19.74,99.79,4.23,180.3,23.61,37.01,0.88,0.9,50.7
2025-06-22,CAM RANH,12.25,109.2,3.12,28.05,30.02,26.22,24.39,28.86,80.79,19.3,99.75,2.74,183.2,20.74,37.1,0.87,0.89,87.56
2025-06-23,CAM RANH,12.25,109.2,1.28,28.3,30.17,26.98,24.57,28.71,80.58,19.54,99.63,2.59,196.2,22.18,37.0,0.86,0.88,95.03
2025-06-24,CAM RANH,12.25,109.2,1.93,28.74,30.5,27.27,24.65,28.67,78.81,19.61,99.61,2.13,258.5,20.0,37.59,0.86,0.88,93.54
2025-06-25,CAM RANH,12.25,109.2,5.85,28.53,30.22,27.2,25.41,28.54,83.43,20.52,99.69,2.65,212.7,17.64,37.52,0.87,0.88,91.68
2025-06-26,CAM RANH,12.25,109.2,13.01,27.96,29.14,27.04,24.97,28.35,83.91,19.95,99.81,2.35,178.4,21.73,37.06,0.89,0.89,91.57
2025-06-27,CAM RANH,12.25,109.2,7.04,27.86,28.86,26.82,24.79,28.33,83.4,19.75,99.73,2.27,181.2,19.39,37.33,0.89,0.9,82.49
2025-06-28,CAM RANH,12.25,109.2,2.81,28.33,30.14,27.09,24.7,28.71,80.94,19.68,99.59,2.96,189.4,23.81,37.3,0.87,0.89,58.79
2025-06-29,CAM RANH,12.25,109.2,5.84,28.19,30.19,27.0,24.7,28.37,81.61,19.71,99.48,2.5,230.2,21.98,37.18,0.87,0.89,71.26
2025-06-30,CAM RANH,12.25,109.2,1.47,28.17,29.71,26.87,24.56,28.19,80.92,19.51,99.53,1.58,237.0,22.35,37.2,0.87,0.89,74.45
2025-07-01,CAM RANH,12.25,109.2,7.01,27.73,29.13,26.83,24.86,28.19,84.46,19.85,99.59,1.83,190.7,19.78,37.44,0.88,0.89,94.71
2025-07-02,CAM RANH,12.25,109.2,4.24,27.62,28.61,26.94,24.9,28.01,85.16,19.87,99.72,2.69,193.1,18.21,37.25,0.88,0.89,97.69
2025-07-03,CAM RANH,12.25,109.2,2.46,28.33,30.19,27.0,24.04,28.52,77.76,18.87,99.75,1.93,235.0,18.45,37.22,0.87,0.89,91.97
2025-07-04,CAM RANH,12.25,109.2,1.18,28.81,30.91,27.18,24.62,29.12,78.53,19.6,99.59,2.14,213.9,19.29,37.74,0.86,0.89,80.69
2025-07-05,CAM RANH,12.25,109.2,7.55,28.91,30.49,27.94,25.08,29.21,80.04,20.15,99.54,2.43,198.1,14.27,37.95,0.87,0.88,94.28
2025-07-06,CAM RANH,12.25,109.2,4.12,28.78,30.12,27.39,25.47,28.87,82.41,20.6,99.63,2.59,203.0,21.76,37.23,0.87,0.89,83.89
2025-07-07,CAM RANH,12.25,109.2,4.61,28.62,29.99,27.63,25.39,28.92,82.83,20.48,99.71,3.44,193.1,21.05,37.33,0.87,0.88,89.77
2025-07-08,CAM RANH,12.25,109.2,5.16,29.18,31.36,27.55,25.33,29.04,79.98,20.44,99.57,2.26,245.3,22.48,37.49,0.87,0.88,66.37
2025-07-09,CAM RANH,12.25,109.2,6.17,28.92,30.83,27.37,24.7,28.59,78.07,19.72,99.43,3.95,253.3,22.62,37.62,0.87,0.89,75.34
2025-07-10,CAM RANH,12.25,109.2,4.37,29.13,31.47,27.3,25.36,29.08,80.46,20.56,99.26,3.08,220.2,20.8,37.63,0.86,0.88,88.03
2025-07-11,CAM RANH,12.25,109.2,0.97,29.11,31.04,27.51,25.53,29.08,81.3,20.74,99.35,2.37,231.2,22.51,37.54,0.85,0.88,78.79
2025-07-12,CAM RANH,12.25,109.2,2.11,28.79,30.37,27.67,25.36,29.07,81.87,20.47,99.61,2.24,189.3,22.72,37.02,0.86,0.87,67.3
2025-07-13,CAM RANH,12.25,109.2,1.76,28.98,30.53,28.19,25.19,29.5,80.23,20.25,99.63,2.57,188.2,22.43,37.83,0.85,0.87,61.96
2025-07-14,CAM RANH,12.25,109.2,1.88,29.29,30.75,28.09,25.22,29.38,78.89,20.31,99.53,2.06,223.7,24.03,37.77,0.85,0.87,36.95
2025-07-15,CAM RANH,12.25,109.2,2.88,29.09,31.01,27.18,25.63,29.3,81.86,20.84,99.5,3.4,215.2,23.59,37.9,0.85,0.86,53.6
2025-07-16,CAM RANH,12.25,109.2,5.15,29.09,30.81,27.65,24.99,29.11,78.86,20.03,99.59,2.09,243.4,23.35,37.32,0.85,0.86,74.68
2025-07-17,CAM RANH,12.25,109.2,10.94,28.22,29.5,27.36,24.93,28.32,82.46,19.95,99.58,3.89,233.2,22.13,37.13,0.88,0.87,85.56
2025-07-18,CAM RANH,12.25,109.2,0.97,28.49,30.25,27.31,24.07,28.23,77.12,18.98,99.36,4.74,259.2,16.43,36.98,0.85,0.87,99.22
2025-07-19,CAM RANH,12.25,109.2,2.06,28.9,31.26,27.26,24.23,28.51,76.07,19.24,99.1,4.58,241.1,20.13,36.96,0.84,0.86,98.38
2025-07-20,CAM RANH,12.25,109.2,1.16,29.06,31.21,27.6,24.31,28.47,75.74,19.33,99.18,5.65,234.2,18.12,37.45,0.84,0.85,99.26
2025-07-21,CAM RANH,12.25,109.2,6.25,28.9,31.16,27.23,24.09,28.34,75.45,19.02,99.35,5.21,231.0,16.67,37.46,0.84,0.85,99.03
2025-07-22,CAM RANH,12.25,109.2,5.44,28.9,31.22,26.92,24.87,28.46,79.29,19.95,99.32,4.01,228.4,19.6,37.53,0.84,0.85,86.05
2025-07-23,CAM RANH,12.25,109.2,13.44,28.92,31.0,27.35,25.23,28.49,80.69,20.38,99.3,2.72,240.2,22.11,37.81,0.86,0.85,73.61
2025-07-24,CAM RANH,12.25,109.2,6.49,28.51,30.11,27.11,24.67,27.97,79.81,19.67,99.42,2.69,269.7,11.88,37.85,0.87,0.86,99.75
2025-07-25,CAM RANH,12.25,109.2,3.04,28.49,30.63,26.95,24.55,28.19,79.51,19.51,99.47,2.28,246.6,13.42,38.11,0.85,0.86,99.5
2025-07-26,CAM RANH,12.25,109.2,1.92,28.08,29.76,26.92,24.25,27.79,79.72,19.17,99.48,4.0,242.6,11.58,37.7,0.85,0.86,99.34
2025-07-27,CAM RANH,12.25,109.2,2.63,28.36,30.72,26.69,25.29,28.42,83.72,20.41,99.5,3.58,210.6,18.39,37.59,0.84,0.85,96.61
2025-07-28,CAM RANH,12.25,109.2,1.91,28.46,30.14,27.23,25.59,28.58,84.58,20.79,99.44,4.44,202.1,23.27,37.32,0.84,0.85,63.23
2025-07-29,CAM RANH,12.25,109.2,2.74,28.59,30.47,27.2,25.86,28.61,85.29,21.13,99.43,4.43,202.6,22.81,37.55,0.84,0.85,67.86
2025-07-30,CAM RANH,12.25,109.2,0.69,28.52,30.67,26.96,25.37,28.51,83.29,20.5,99.5,3.79,215.2,21.38,37.44,0.83,0.84,69.18
2025-07-31,CAM RANH,12.25,109.2,1.07,28.83,30.67,27.34,25.63,28.8,83.1,20.84,99.5,3.4,213.8,23.81,37.29,0.83,0.84,41.91
2025-08-01,CAM RANH,12.25,109.2,1.47,28.96,30.79,27.37,25.72,28.63,82.76,20.94,99.47,2.38,226.1,22.94,37.41,0.83,0.83,65.76
2025-08-02,CAM RANH,12.25,109.2,0.81,28.58,30.35,27.36,25.86,28.86,85.29,21.07,99.65,3.89,203.2,23.39,37.12,0.82,0.83,39.48
2025-08-03,CAM RANH,12.25,109.2,1.29,29.15,31.36,27.27,25.8,29.21,82.46,20.99,99.71,2.73,214.5,23.96,37.42,0.81,0.82,50.36
2025-08-04,CAM RANH,12.25,109.2,0.47,29.01,31.16,27.44,26.04,28.94,84.28,21.3,99.69,2.75,206.7,23.38,37.43,0.81,0.82,65.11
2025-08-05,CAM RANH,12.25,109.2,1.18,28.35,29.97,27.04,26.04,28.55,87.35,21.3,99.67,2.84,202.8,21.97,37.24,0.81,0.81,94.19
2025-08-06,CAM RANH,12.25,109.2,1.58,28.54,30.8,26.79,25.46,28.4,83.7,20.58,99.7,2.06,229.7,21.64,37.11,0.82,0.81,90.52
2025-08-07,CAM RANH,12.25,109.2,0.77,28.21,30.2,26.87,24.95,28.44,82.77,19.91,99.86,1.78,191.6,24.07,36.48,0.81,0.81,30.69
2025-08-08,CAM RANH,12.25,109.2,0.85,28.49,30.11,27.12,24.7,28.39,80.05,19.6,99.94,1.51,225.3,22.4,36.91,0.81,0.8,84.46
2025-08-09,CAM RANH,12.25,109.2,3.67,29.0,31.79,27.14,24.72,28.95,78.26,19.66,99.8,2.22,231.0,23.69,37.45,0.81,0.8,62.72
2025-08-10,CAM RANH,12.25,109.2,3.21,28.48,30.04,27.36,25.14,28.65,82.41,20.18,99.73,2.43,181.8,23.41,36.82,0.81,0.8,54.62
2025-08-11,CAM RANH,12.25,109.2,1.44,28.48,30.24,27.38,24.71,28.95,80.23,19.66,99.65,2.42,181.5,23.96,36.92,0.8,0.8,47.01
2025-08-12,CAM RANH,12.25,109.2,5.86,28.48,29.91,27.49,24.93,28.81,81.34,19.92,99.71,2.4,183.1,24.32,36.81,0.81,0.8,72.56
2025-08-13,CAM RANH,12.25,109.2,11.43,28.32,29.69,27.41,24.76,28.37,81.1,19.7,99.71,1.74,232.7,20.25,37.26,0.84,0.8,95.9
2025-08-14,CAM RANH,12.25,109.2,8.92,28.2,29.48,26.81,24.1,28.4,78.68,18.98,99.53,2.68,218.5,21.52,36.52,0.84,0.82,98.71
2025-08-15,CAM RANH,12.25,109.2,8.14,28.24,30.5,26.71,24.53,28.55,80.58,19.49,99.45,2.23,170.4,18.53,36.74,0.84,0.82,99.35
2025-08-16,CAM RANH,12.25,109.2,7.82,27.37,28.02,26.8,23.89,27.99,81.3,18.74,99.52,2.29,210.1,18.04,36.94,0.85,0.83,97.2
2025-08-17,CAM RANH,12.25,109.2,5.62,27.82,29.94,26.2,23.75,28.38,78.72,18.55,99.71,2.25,201.9,18.56,36.83,0.84,0.83,97.64
2025-08-18,CAM RANH,12.25,109.2,2.21,28.59,30.54,27.54,24.53,29.26,78.94,19.42,99.87,2.26,174.6,20.81,36.92,0.81,0.82,81.67
2025-08-19,CAM RANH,12.25,109.2,3.93,28.73,30.61,27.55,24.28,29.17,77.18,19.12,99.9,2.08,165.5,23.76,37.26,0.82,0.82,62.63
2025-08-20,CAM RANH,12.25,109.2,10.57,27.65,28.93,26.18,24.65,28.82,83.85,19.53,99.97,2.24,139.0,20.8,36.9,0.85,0.82,96.33
2025-08-21,CAM RANH,12.25,109.2,8.04,26.89,27.75,26.1,23.01,28.6,79.41,17.67,100.0,2.19,155.8,15.99,36.6,0.85,0.84,92.09
2025-08-22,CAM RANH,12.25,109.2,5.29,28.29,30.19,27.32,23.79,29.09,77.06,18.6,99.86,3.3,197.5,22.04,36.84,0.83,0.83,80.75
2025-08-23,CAM RANH,12.25,109.2,4.57,29.12,30.81,27.47,24.17,29.05,74.97,19.05,99.62,1.75,215.2,21.15,37.26,0.84,0.83,99.05
2025-08-24,CAM RANH,12.25,109.2,4.53,28.38,29.78,27.08,24.7,28.58,80.62,19.69,99.48,2.33,215.7,16.92,37.26,0.84,0.83,99.22
