date,location,latitude,longitude,precipitationCorrected,temperature2m,temperature2mMax,temperature2mMin,dewPoint2m,earthSkinTemperature,relativeHumidity2m,specificHumidity2m,surfacePressure,windSpeed10m,windDirection10m,shortwaveDownwardIrradiance,longwaveDownwardIrradiance,surfaceSoilWetness,rootZoneSoilWetness,cloudFraction
2015-01-01,DA NANG,16.044,108.199,1.27,19.75,21.8,18.57,16.09,20.37,79.96,11.45,100.18,4.04,38.0,16.19,33.12,0.84,0.83,64.59
2015-01-02,DA NANG,16.044,108.199,4.18,20.51,22.82,18.99,17.87,20.81,85.11,12.81,100.08,3.96,51.8,9.66,34.4,0.84,0.83,96.17
2015-01-03,DA NANG,16.044,108.199,2.82,20.3,22.59,19.04,18.06,20.48,87.01,13.0,99.84,3.13,62.1,7.55,35.54,0.85,0.83,94.35
2015-01-04,DA NANG,16.044,108.199,0.11,21.4,24.46,19.56,19.34,21.56,88.56,14.15,99.49,2.65,112.9,16.17,33.6,0.84,0.82,67.85
2015-01-05,DA NANG,16.044,108.199,0.02,23.12,26.78,21.32,21.06,23.18,88.86,15.78,99.36,2.76,122.4,18.62,34.05,0.83,0.82,52.09
2015-01-06,DA NANG,16.044,108.199,0.37,23.57,26.95,21.71,21.83,23.62,90.37,16.52,99.45,2.56,92.4,15.67,35.74,0.83,0.82,62.28
2015-01-07,DA NANG,16.044,108.199,2.1,22.17,24.55,20.56,20.62,22.2,91.0,15.27,99.81,3.78,59.1,10.49,36.08,0.83,0.81,94.69
2015-01-08,DA NANG,16.044,108.199,1.19,21.33,23.31,19.93,19.53,21.47,89.45,14.24,100.04,5.77,61.5,9.46,35.31,0.83,0.81,84.09
2015-01-09,DA NANG,16.044,108.199,2.38,20.75,22.87,19.6,18.61,21.18,87.71,13.44,99.99,5.26,57.7,12.91,35.31,0.83,0.81,92.15
2015-01-10,DA NANG,16.044,108.199,3.54,20.49,22.65,19.22,18.73,20.94,89.76,13.55,99.95,3.81,36.2,5.53,35.51,0.84,0.81,99.62
2015-01-11,DA NANG,16.044,108.199,1.24,20.35,22.76,18.67,18.57,20.92,89.71,13.43,99.9,3.72,1.0,4.22,35.63,0.83,0.81,99.75
2015-01-12,DA NANG,16.044,108.199,0.44,19.11,21.56,17.77,16.79,19.91,86.61,11.99,100.03,5.61,340.8,5.2,34.79,0.82,0.81,99.6
2015-01-13,DA NANG,16.044,108.199,0.05,17.86,20.16,16.22,14.6,18.75,81.38,10.4,100.14,4.16,348.6,7.7,34.51,0.82,0.8,95.12
2015-01-14,DA NANG,16.044,108.199,0.02,17.77,21.0,15.73,13.82,18.79,78.05,9.86,100.22,2.97,28.4,16.2,32.58,0.82,0.8,78.13
2015-01-15,DA NANG,16.044,108.199,0.01,17.47,20.2,15.96,12.35,17.73,72.2,8.97,100.17,2.5,39.4,11.57,33.7,0.82,0.8,90.88
2015-01-16,DA NANG,16.044,108.199,1.54,18.05,20.28,16.75,14.96,18.81,82.81,10.66,100.14,3.33,13.8,12.37,34.59,0.82,0.79,95.49
2015-01-17,DA NANG,16.044,108.199,3.25,18.96,21.74,16.89,16.17,19.18,83.9,11.52,100.13,4.39,49.5,10.07,34.03,0.82,0.8,82.24
2015-01-18,DA NANG,16.044,108.199,6.97,19.48,21.37,17.87,17.16,19.97,86.62,12.26,100.09,4.26,41.0,9.17,34.64,0.84,0.8,98.34
2015-01-19,DA NANG,16.044,108.199,0.58,18.78,21.45,16.83,15.1,19.11,79.4,10.74,100.1,2.94,33.2,11.99,33.6,0.82,0.8,81.36
2015-01-20,DA NANG,16.044,108.199,0.02,19.21,22.77,17.13,15.25,19.34,78.58,10.84,100.1,2.11,8.0,15.95,32.03,0.82,0.79,79.87
2015-01-21,DA NANG,16.044,108.199,0.0,19.26,23.2,16.71,16.28,19.75,83.54,11.57,100.25,2.81,343.5,13.89,33.39,0.81,0.79,80.36
2015-01-22,DA NANG,16.044,108.199,0.0,19.23,23.03,16.76,15.72,19.24,80.7,11.17,100.09,2.61,39.0,16.67,31.36,0.81,0.78,40.3
2015-01-23,DA NANG,16.044,108.199,0.0,18.9,23.08,16.02,15.59,19.18,82.28,11.12,99.79,2.88,120.6,18.77,30.5,0.81,0.78,21.14
2015-01-24,DA NANG,16.044,108.199,0.0,19.42,24.13,16.44,16.55,19.6,84.44,11.83,99.77,3.04,128.8,19.44,30.74,0.8,0.78,7.4
2015-01-25,DA NANG,16.044,108.199,0.0,20.12,25.31,16.96,17.1,19.95,84.1,12.26,99.81,2.54,134.0,18.54,30.92,0.8,0.77,9.31
2015-01-26,DA NANG,16.044,108.199,0.0,20.11,24.89,17.0,17.14,19.87,84.48,12.3,99.76,2.17,125.6,18.5,31.28,0.8,0.77,24.92
2015-01-27,DA NANG,16.044,108.199,0.0,19.89,24.39,17.09,17.45,20.02,86.98,12.55,99.65,2.72,123.3,19.46,31.44,0.8,0.77,17.1
2015-01-28,DA NANG,16.044,108.199,0.0,20.04,24.16,17.29,17.64,20.15,87.05,12.69,99.68,2.92,126.7,19.98,31.07,0.8,0.76,10.19
2015-01-29,DA NANG,16.044,108.199,0.0,20.5,24.45,18.2,17.89,20.57,85.5,12.86,99.84,2.92,106.2,20.38,31.02,0.79,0.76,13.89
2015-01-30,DA NANG,16.044,108.199,0.0,20.28,23.93,17.97,17.59,20.36,85.34,12.59,100.08,2.64,76.8,19.34,32.21,0.79,0.76,48.25
2015-01-31,DA NANG,16.044,108.199,0.38,20.32,23.36,18.66,17.7,20.55,85.47,12.67,100.17,3.9,64.6,18.36,33.55,0.79,0.76,80.48
2015-02-01,DA NANG,16.044,108.199,1.38,20.93,23.41,19.71,18.97,21.02,88.89,13.73,100.15,4.71,66.2,13.72,34.97,0.79,0.75,95.57
2015-02-02,DA NANG,16.044,108.199,1.16,20.45,23.23,18.31,18.85,20.49,90.92,13.63,100.23,4.03,61.6,15.53,34.39,0.79,0.75,86.68
2015-02-03,DA NANG,16.044,108.199,0.55,20.49,23.74,18.26,17.85,20.69,85.18,12.78,100.25,3.32,61.5,18.86,32.5,0.79,0.75,44.17
2015-02-04,DA NANG,16.044,108.199,0.63,20.06,23.38,17.65,16.82,20.05,82.09,11.98,100.19,3.26,67.7,20.22,31.74,0.79,0.75,39.91
2015-02-05,DA NANG,16.044,108.199,5.85,20.04,23.1,18.19,17.26,20.48,84.53,12.31,100.19,3.47,61.1,15.65,33.69,0.8,0.75,83.78
2015-02-06,DA NANG,16.044,108.199,4.92,19.12,22.41,17.13,16.47,19.41,84.93,11.72,100.14,3.36,58.2,9.65,33.87,0.81,0.76,95.82
2015-02-07,DA NANG,16.044,108.199,0.52,19.8,23.19,17.65,16.82,20.07,83.47,11.99,100.06,2.8,67.9,14.66,33.21,0.79,0.75,75.3
2015-02-08,DA NANG,16.044,108.199,2.65,19.58,22.44,17.68,17.26,20.06,86.76,12.32,100.16,3.48,56.1,9.86,34.83,0.79,0.75,95.72
2015-02-09,DA NANG,16.044,108.199,0.59,19.1,22.32,16.75,15.98,19.49,82.51,11.35,100.18,3.22,65.3,13.45,33.71,0.79,0.75,76.35
2015-02-10,DA NANG,16.044,108.199,0.0,18.69,22.38,15.45,15.86,18.99,84.38,11.31,99.89,2.96,112.2,18.43,31.76,0.78,0.74,52.12
2015-02-11,DA NANG,16.044,108.199,0.0,19.99,23.98,18.12,16.38,19.96,80.4,11.69,99.83,1.86,101.4,19.72,32.11,0.78,0.74,44.89
2015-02-12,DA NANG,16.044,108.199,0.0,20.13,23.88,17.81,17.04,20.38,83.14,12.2,99.75,2.11,91.0,18.81,32.39,0.78,0.74,40.22
2015-02-13,DA NANG,16.044,108.199,0.0,20.38,24.23,17.98,17.57,20.62,84.83,12.63,99.65,3.28,120.3,17.25,32.72,0.77,0.73,42.88
2015-02-14,DA NANG,16.044,108.199,0.0,20.93,25.43,18.39,18.43,21.0,86.47,13.37,99.46,3.37,123.2,20.09,32.43,0.77,0.73,22.12
2015-02-15,DA NANG,16.044,108.199,0.01,21.56,25.75,19.09,19.17,21.62,86.85,13.99,99.63,2.22,108.7,19.07,33.12,0.77,0.73,24.58
2015-02-16,DA NANG,16.044,108.199,0.02,21.33,24.71,19.34,17.98,21.34,81.53,12.96,99.69,1.98,65.0,17.98,32.65,0.77,0.73,31.01
2015-02-17,DA NANG,16.044,108.199,0.55,21.54,25.18,19.53,18.66,21.59,84.24,13.54,99.62,1.96,93.3,19.4,33.75,0.77,0.72,70.31
2015-02-18,DA NANG,16.044,108.199,1.13,22.26,25.76,20.23,20.54,22.38,90.47,15.23,99.66,2.84,91.9,9.73,35.58,0.77,0.72,93.13
2015-02-19,DA NANG,16.044,108.199,0.65,22.04,25.14,19.99,20.09,22.17,89.12,14.79,99.73,2.47,103.7,11.82,35.44,0.77,0.72,99.28
2015-02-20,DA NANG,16.044,108.199,0.44,22.65,26.22,20.36,20.45,22.81,88.16,15.16,99.57,2.56,118.5,15.88,35.33,0.76,0.72,91.45
2015-02-21,DA NANG,16.044,108.199,0.67,23.78,27.93,21.42,21.56,23.61,88.13,16.26,99.47,2.49,125.1,17.97,35.66,0.76,0.72,79.51
2015-02-22,DA NANG,16.044,108.199,0.63,24.22,28.18,21.87,21.89,24.18,87.76,16.58,99.54,2.68,108.3,10.91,35.65,0.75,0.71,74.04
2015-02-23,DA NANG,16.044,108.199,0.04,24.64,29.51,21.8,22.1,24.51,86.88,16.81,99.41,2.68,128.8,22.05,34.1,0.75,0.71,17.67
2015-02-24,DA NANG,16.044,108.199,0.02,24.59,29.64,21.24,21.91,24.56,86.34,16.64,99.31,2.72,126.4,22.18,34.36,0.74,0.71,17.16
2015-02-25,DA NANG,16.044,108.199,0.0,24.57,29.57,21.8,21.77,24.49,85.62,16.5,99.24,3.21,129.1,21.47,34.38,0.74,0.7,17.89
2015-02-26,DA NANG,16.044,108.199,0.01,24.36,29.13,21.32,21.73,24.2,86.44,16.46,99.27,2.96,127.8,20.51,34.51,0.73,0.7,33.97
2015-02-27,DA NANG,16.044,108.199,0.0,24.0,28.74,20.74,21.53,23.93,87.23,16.24,99.38,3.47,128.8,22.91,33.58,0.73,0.7,15.14
2015-02-28,DA NANG,16.044,108.199,0.0,23.75,28.46,20.92,21.24,23.55,87.15,15.94,99.53,3.38,123.9,23.24,33.24,0.73,0.7,16.94
2015-03-01,DA NANG,16.044,108.199,0.0,23.22,27.0,20.45,21.06,23.36,88.45,15.71,99.76,2.71,86.4,18.12,34.76,0.72,0.7,54.18
2015-03-02,DA NANG,16.044,108.199,0.0,23.04,27.0,20.26,20.72,23.34,87.68,15.45,99.38,3.54,125.5,22.78,33.01,0.72,0.69,9.46
2015-03-03,DA NANG,16.044,108.199,0.0,25.38,31.72,22.21,21.76,25.11,82.52,16.52,99.12,1.74,106.0,19.6,34.71,0.72,0.69,21.74
2015-03-04,DA NANG,16.044,108.199,0.0,24.59,28.87,22.09,22.18,24.7,87.2,16.9,99.35,2.67,120.3,12.81,36.13,0.72,0.69,63.33
2015-03-05,DA NANG,16.044,108.199,0.0,24.21,29.6,20.95,20.96,24.1,83.65,15.68,99.4,4.01,134.6,21.84,33.67,0.71,0.69,18.98
2015-03-06,DA NANG,16.044,108.199,0.0,24.39,29.25,20.92,21.54,24.34,85.61,16.25,99.42,3.56,123.0,23.06,33.8,0.71,0.68,30.51
2015-03-07,DA NANG,16.044,108.199,0.0,23.6,27.96,20.7,20.87,23.77,85.68,15.56,99.55,3.92,122.1,22.65,32.71,0.71,0.68,20.86
2015-03-08,DA NANG,16.044,108.199,0.0,23.39,27.93,20.6,20.76,23.25,86.44,15.45,99.63,3.47,125.5,24.37,32.77,0.7,0.68,16.35
2015-03-09,DA NANG,16.044,108.199,0.0,23.97,28.29,20.5,21.72,24.12,88.17,16.37,99.77,3.43,118.7,23.34,33.31,0.7,0.68,18.86
2015-03-10,DA NANG,16.044,108.199,0.0,23.17,27.02,20.55,20.43,23.43,85.85,15.12,99.85,3.4,119.4,23.53,33.7,0.7,0.68,31.25
2015-03-11,DA NANG,16.044,108.199,0.01,23.23,27.05,20.44,20.46,23.37,85.42,15.13,99.88,2.4,115.4,21.22,34.0,0.69,0.67,27.34
2015-03-12,DA NANG,16.044,108.199,9.4,23.64,27.2,21.33,21.34,23.88,87.71,15.99,99.76,2.39,87.6,18.61,35.64,0.74,0.68,61.87
2015-03-13,DA NANG,16.044,108.199,2.46,23.94,27.47,21.97,22.0,23.99,89.44,16.66,99.64,3.28,124.3,17.98,35.08,0.74,0.69,35.21
2015-03-14,DA NANG,16.044,108.199,0.26,25.09,29.41,22.35,22.4,24.99,86.03,17.09,99.6,3.15,134.4,19.5,34.89,0.72,0.68,44.04
2015-03-15,DA NANG,16.044,108.199,0.46,25.61,30.48,22.46,22.36,25.44,83.63,17.09,99.49,2.78,139.7,20.64,35.01,0.71,0.68,22.91
2015-03-16,DA NANG,16.044,108.199,0.07,25.91,31.75,22.65,22.07,25.58,80.93,16.8,99.33,2.59,141.9,20.84,35.35,0.7,0.67,7.75
2015-03-17,DA NANG,16.044,108.199,0.0,26.07,32.67,22.34,21.84,25.72,79.51,16.61,99.06,2.74,140.0,19.84,36.1,0.69,0.67,15.43
2015-03-18,DA NANG,16.044,108.199,0.0,26.06,32.15,22.61,22.02,25.7,80.28,16.79,99.08,2.59,137.1,20.3,35.39,0.68,0.66,6.03
2015-03-19,DA NANG,16.044,108.199,0.0,24.87,30.14,20.87,21.92,24.86,85.09,16.67,99.26,3.46,127.7,21.17,34.47,0.68,0.66,5.96
2015-03-20,DA NANG,16.044,108.199,0.0,22.87,28.38,18.91,19.41,22.73,82.93,14.3,99.51,3.94,130.6,22.5,32.68,0.67,0.66,30.22
2015-03-21,DA NANG,16.044,108.199,0.0,23.43,27.94,20.92,20.5,23.42,84.8,15.2,99.73,2.41,110.1,21.43,33.66,0.67,0.65,71.76
2015-03-22,DA NANG,16.044,108.199,0.03,22.5,26.74,19.31,19.39,22.88,83.91,14.19,99.7,2.44,111.1,22.08,32.75,0.67,0.65,46.76
2015-03-23,DA NANG,16.044,108.199,1.3,23.44,27.08,21.41,20.54,23.74,84.87,15.26,99.72,2.6,82.1,22.82,33.96,0.67,0.65,44.24
2015-03-24,DA NANG,16.044,108.199,4.73,23.99,26.86,22.18,21.71,24.2,87.66,16.33,99.86,3.91,70.1,15.74,36.28,0.69,0.65,97.79
2015-03-25,DA NANG,16.044,108.199,3.34,23.67,26.63,21.75,21.63,23.83,88.78,16.23,99.98,4.38,67.0,17.84,35.82,0.7,0.66,94.32
2015-03-26,DA NANG,16.044,108.199,4.85,23.87,26.66,21.95,21.94,23.98,89.47,16.54,100.03,3.23,58.8,20.14,35.53,0.71,0.66,96.74
2015-03-27,DA NANG,16.044,108.199,57.92,23.53,26.02,21.88,22.09,23.52,91.84,16.72,99.89,3.14,73.4,7.03,35.93,0.89,0.7,99.94
2015-03-28,DA NANG,16.044,108.199,27.18,23.68,26.5,22.02,22.01,23.65,90.71,16.68,99.68,2.68,96.5,16.32,35.51,0.88,0.76,67.84
2015-03-29,DA NANG,16.044,108.199,2.05,24.19,27.64,21.81,21.92,24.23,87.73,16.61,99.51,3.06,128.2,19.56,35.95,0.78,0.74,91.76
2015-03-30,DA NANG,16.044,108.199,1.38,24.36,28.78,21.57,21.23,24.24,84.36,15.99,99.43,3.2,145.1,13.99,35.71,0.77,0.72,79.14
2015-03-31,DA NANG,16.044,108.199,0.43,25.47,30.66,22.15,22.31,25.42,84.17,17.06,99.29,3.22,132.8,24.31,35.1,0.75,0.71,21.71
2015-04-01,DA NANG,16.044,108.199,0.01,26.34,32.59,23.08,22.75,26.15,82.63,17.58,99.08,2.71,138.2,23.87,36.35,0.73,0.7,50.05
2015-04-02,DA NANG,16.044,108.199,0.0,27.35,33.83,23.8,23.11,26.9,79.85,18.02,98.83,2.61,146.6,23.81,36.58,0.72,0.69,44.2
2015-04-03,DA NANG,16.044,108.199,0.0,27.41,33.89,23.77,23.36,26.98,80.8,18.31,98.75,2.58,139.0,21.28,36.52,0.71,0.68,52.33
2015-04-04,DA NANG,16.044,108.199,0.0,27.42,33.57,24.11,23.66,27.1,82.15,18.62,98.88,2.53,127.3,23.19,36.5,0.69,0.67,43.12
2015-04-05,DA NANG,16.044,108.199,0.0,26.13,31.03,22.72,23.14,26.04,84.86,17.99,99.05,3.04,119.5,22.94,35.94,0.69,0.67,52.92
2015-04-06,DA NANG,16.044,108.199,0.02,24.97,29.58,21.99,21.89,24.94,84.82,16.69,99.21,2.86,118.4,22.97,34.99,0.68,0.66,42.96
2015-04-07,DA NANG,16.044,108.199,0.03,24.72,29.07,22.3,21.72,24.79,84.45,16.43,99.42,2.41,94.5,24.49,33.89,0.68,0.66,36.25
2015-04-08,DA NANG,16.044,108.199,0.66,24.4,28.25,21.87,20.89,24.53,82.03,15.59,99.61,2.14,55.2,23.44,34.44,0.67,0.65,37.16
2015-04-09,DA NANG,16.044,108.199,0.6,24.64,28.19,22.41,22.15,24.9,86.97,16.85,99.56,2.3,33.3,21.7,34.75,0.67,0.65,45.29
2015-04-10,DA NANG,16.044,108.199,0.2,24.64,28.34,21.94,22.15,25.04,86.87,16.83,99.61,3.13,1.5,21.57,35.83,0.67,0.65,61.28
2015-04-11,DA NANG,16.044,108.199,15.98,24.61,28.13,22.53,22.29,24.91,87.62,16.96,99.72,3.37,4.4,8.92,37.13,0.73,0.66,98.8
2015-04-12,DA NANG,16.044,108.199,26.87,22.69,26.38,19.8,20.56,22.96,87.95,15.28,99.98,4.5,354.8,7.41,36.58,0.85,0.7,95.25
2015-04-13,DA NANG,16.044,108.199,0.45,21.93,25.41,19.52,17.96,21.94,78.47,12.92,99.97,3.51,33.7,10.28,34.2,0.75,0.7,54.76
2015-04-14,DA NANG,16.044,108.199,0.02,22.21,25.88,18.64,17.49,22.16,75.33,12.55,99.83,3.14,104.3,24.43,32.25,0.72,0.68,28.0
2015-04-15,DA NANG,16.044,108.199,0.0,22.22,26.74,18.86,17.37,22.52,75.34,12.48,99.66,3.27,126.8,26.13,32.43,0.7,0.67,22.36
2015-04-16,DA NANG,16.044,108.199,0.0,23.57,28.23,20.24,20.02,24.04,82.08,14.8,99.48,2.67,125.8,24.38,33.55,0.69,0.67,26.92
2015-04-17,DA NANG,16.044,108.199,0.0,26.0,32.54,22.38,21.58,25.91,79.55,16.44,99.08,3.18,138.0,22.43,35.13,0.68,0.66,13.51
2015-04-18,DA NANG,16.044,108.199,0.0,27.84,34.81,23.98,22.58,27.25,75.82,17.45,98.99,2.38,150.6,21.81,36.58,0.67,0.65,57.81
2015-04-19,DA NANG,16.044,108.199,0.0,28.76,35.05,25.2,23.38,28.18,75.23,18.31,98.98,2.36,148.1,22.35,36.81,0.66,0.65,32.63
2015-04-20,DA NANG,16.044,108.199,0.05,29.88,36.82,25.47,23.03,28.68,69.56,17.96,98.9,1.99,181.2,24.17,36.69,0.65,0.64,11.63
2015-04-21,DA NANG,16.044,108.199,13.48,26.88,30.43,24.43,24.56,26.64,87.76,19.57,99.23,1.86,8.6,18.56,37.71,0.72,0.65,85.48
2015-04-22,DA NANG,16.044,108.199,11.67,25.81,29.01,23.53,23.7,25.95,88.76,18.54,99.47,2.62,101.5,7.41,36.93,0.77,0.67,95.58
2015-04-23,DA NANG,16.044,108.199,7.7,25.52,28.65,23.68,23.13,25.6,87.24,17.88,99.62,2.43,90.7,18.11,35.82,0.75,0.68,59.24
2015-04-24,DA NANG,16.044,108.199,7.68,25.69,28.84,23.33,22.58,25.77,83.63,17.28,99.63,2.1,63.9,23.76,35.37,0.75,0.68,38.15
2015-04-25,DA NANG,16.044,108.199,8.29,25.31,28.34,23.17,22.44,25.62,84.68,17.13,99.61,3.3,70.1,20.89,35.59,0.75,0.68,36.79
2015-04-26,DA NANG,16.044,108.199,0.37,25.34,28.87,22.83,21.72,25.5,81.28,16.4,99.59,2.74,89.2,25.65,34.4,0.71,0.68,23.91
2015-04-27,DA NANG,16.044,108.199,0.03,25.9,29.62,23.66,22.33,26.34,81.59,17.04,99.43,2.78,105.5,24.9,34.91,0.69,0.67,30.49
2015-04-28,DA NANG,16.044,108.199,0.08,26.55,30.25,23.88,23.59,26.89,84.78,18.45,99.27,2.64,121.2,25.46,36.04,0.68,0.66,58.21
2015-04-29,DA NANG,16.044,108.199,0.19,27.19,31.59,24.42,23.69,27.33,82.68,18.6,99.25,2.6,129.3,24.33,36.34,0.67,0.65,69.38
2015-04-30,DA NANG,16.044,108.199,0.44,27.09,32.1,24.33,23.38,27.07,81.78,18.26,99.17,2.4,143.0,24.86,36.64,0.67,0.65,67.47
2015-05-01,DA NANG,16.044,108.199,0.04,28.1,31.39,25.37,24.0,27.76,79.36,18.99,99.02,2.01,149.2,23.66,36.99,0.67,0.65,68.19
2015-05-02,DA NANG,16.044,108.199,0.08,28.33,31.65,25.54,24.08,27.84,78.59,19.06,99.05,1.73,164.6,21.42,37.48,0.67,0.65,61.54
2015-05-03,DA NANG,16.044,108.199,0.0,27.94,31.38,25.24,24.36,27.85,81.78,19.4,99.1,1.99,165.1,23.51,36.91,0.67,0.64,50.5
2015-05-04,DA NANG,16.044,108.199,0.01,28.43,32.84,25.54,24.5,28.41,80.76,19.56,99.05,2.07,131.5,24.43,37.27,0.66,0.64,31.61
2015-05-05,DA NANG,16.044,108.199,0.01,27.93,30.71,25.66,24.69,27.78,83.1,19.82,98.89,1.72,159.7,23.98,37.44,0.66,0.64,56.37
2015-05-06,DA NANG,16.044,108.199,0.16,29.07,34.02,26.02,24.38,28.89,77.45,19.47,98.87,2.15,140.5,21.75,37.9,0.65,0.64,83.97
2015-05-07,DA NANG,16.044,108.199,0.23,28.76,33.76,25.84,24.67,28.63,80.16,19.81,98.93,2.41,140.5,23.33,37.44,0.65,0.63,83.12
2015-05-08,DA NANG,16.044,108.199,0.55,29.26,34.8,25.74,24.29,29.32,76.84,19.4,98.87,2.19,152.3,19.51,37.43,0.64,0.63,62.09
2015-05-09,DA NANG,16.044,108.199,2.25,28.44,32.07,25.44,24.49,28.37,80.22,19.59,98.97,1.39,239.7,23.38,37.79,0.66,0.63,70.6
2015-05-10,DA NANG,16.044,108.199,0.22,28.33,34.22,25.49,24.06,28.37,79.36,19.07,99.01,2.23,146.4,24.17,37.4,0.64,0.63,68.19
2015-05-11,DA NANG,16.044,108.199,0.56,28.65,33.48,25.27,24.23,28.77,78.97,19.25,99.09,2.62,129.8,25.11,37.11,0.63,0.62,31.56
2015-05-12,DA NANG,16.044,108.199,0.43,27.88,32.16,24.94,23.9,27.98,80.55,18.86,99.16,2.27,123.7,24.23,37.15,0.64,0.62,66.81
2015-05-13,DA NANG,16.044,108.199,2.79,27.95,32.56,25.15,23.91,28.21,80.42,18.86,99.2,2.95,120.5,24.97,36.83,0.64,0.62,49.26
2015-05-14,DA NANG,16.044,108.199,1.67,28.01,32.16,25.62,24.49,28.05,82.53,19.53,99.19,2.82,136.4,25.61,37.32,0.65,0.62,44.43
2015-05-15,DA NANG,16.044,108.199,0.59,28.18,31.69,25.66,24.34,28.16,80.77,19.35,99.17,2.21,132.9,24.74,37.46,0.64,0.62,69.26
2015-05-16,DA NANG,16.044,108.199,0.63,28.57,32.89,26.0,24.33,28.55,79.1,19.39,99.01,1.84,118.1,24.45,37.7,0.63,0.62,71.78
2015-05-17,DA NANG,16.044,108.199,2.3,27.88,30.95,25.44,24.51,27.91,82.8,19.65,98.95,3.11,144.1,22.93,37.88,0.65,0.62,58.86
2015-05-18,DA NANG,16.044,108.199,7.9,28.95,33.4,25.77,24.73,28.85,79.62,19.91,98.9,2.09,154.1,25.42,37.82,0.7,0.62,45.5
2015-05-19,DA NANG,16.044,108.199,2.28,29.6,33.63,26.14,24.47,29.13,75.21,19.57,98.88,1.34,210.9,25.13,37.98,0.67,0.63,54.41
2015-05-20,DA NANG,16.044,108.199,0.45,28.4,31.04,26.45,24.73,28.15,81.2,19.89,98.99,2.15,176.3,18.27,38.05,0.66,0.62,98.77
2015-05-21,DA NANG,16.044,108.199,0.02,28.51,31.97,26.08,24.49,28.39,79.78,19.55,99.02,2.03,167.4,23.55,37.91,0.65,0.62,91.2
2015-05-22,DA NANG,16.044,108.199,0.06,28.62,32.37,25.86,25.03,28.65,81.9,20.21,98.94,2.07,145.3,24.3,38.0,0.64,0.62,91.46
2015-05-23,DA NANG,16.044,108.199,0.05,27.75,31.36,25.58,24.67,27.84,83.99,19.77,98.96,2.27,147.7,23.19,38.05,0.65,0.62,99.33
2015-05-24,DA NANG,16.044,108.199,0.19,29.11,34.58,25.66,24.31,29.05,77.25,19.38,98.92,1.95,168.5,23.58,37.81,0.63,0.61,92.25
2015-05-25,DA NANG,16.044,108.199,0.35,29.1,33.26,26.52,24.74,28.96,78.63,19.89,98.9,1.84,148.5,23.87,37.92,0.63,0.61,77.79
2015-05-26,DA NANG,16.044,108.199,0.59,29.47,34.95,26.88,24.61,29.3,76.9,19.75,98.96,1.83,147.5,25.76,37.8,0.63,0.61,62.42
2015-05-27,DA NANG,16.044,108.199,0.59,28.89,33.22,25.79,24.19,28.72,77.0,19.28,98.83,1.89,176.0,24.67,37.88,0.63,0.61,83.38
2015-05-28,DA NANG,16.044,108.199,0.03,29.72,35.55,26.23,24.13,29.63,74.16,19.26,98.71,2.52,146.9,26.08,37.71,0.61,0.6,18.48
2015-05-29,DA NANG,16.044,108.199,0.03,30.2,36.61,26.88,24.37,30.08,73.57,19.53,98.83,2.45,145.6,26.46,37.73,0.6,0.6,14.48
2015-05-30,DA NANG,16.044,108.199,1.38,30.35,35.92,26.68,24.74,30.29,74.17,19.92,98.88,2.34,157.7,25.87,37.84,0.61,0.59,14.84
2015-05-31,DA NANG,16.044,108.199,3.88,29.59,34.39,26.61,25.07,29.49,78.12,20.32,98.78,2.38,176.1,24.23,38.11,0.64,0.59,69.34
2015-06-01,DA NANG,16.044,108.199,3.23,28.55,31.24,26.21,25.13,28.38,82.35,20.36,98.84,2.43,178.3,25.18,37.7,0.65,0.6,40.42
2015-06-02,DA NANG,16.044,108.199,1.16,28.9,33.63,26.12,25.05,28.94,81.24,20.25,98.97,2.17,140.5,24.36,37.56,0.63,0.6,41.2
2015-06-03,DA NANG,16.044,108.199,0.46,28.78,33.21,25.89,24.02,28.74,77.08,19.04,99.06,1.97,136.0,26.48,36.88,0.62,0.6,17.66
2015-06-04,DA NANG,16.044,108.199,0.21,28.58,32.21,25.43,24.29,28.75,79.02,19.33,99.0,2.39,127.3,26.6,37.24,0.61,0.59,19.53
2015-06-05,DA NANG,16.044,108.199,0.03,29.37,33.97,25.99,24.14,29.43,75.13,19.19,98.86,2.24,136.9,24.61,37.82,0.6,0.59,94.21
2015-06-06,DA NANG,16.044,108.199,0.14,28.96,33.95,25.43,24.21,28.98,77.47,19.28,98.87,2.31,133.4,23.68,37.75,0.6,0.58,60.35
2015-06-07,DA NANG,16.044,108.199,0.14,28.84,33.73,25.81,23.83,28.92,76.43,18.85,98.93,1.9,113.8,25.61,37.21,0.59,0.58,31.5
2015-06-08,DA NANG,16.044,108.199,1.34,29.03,34.08,25.84,24.1,28.92,76.51,19.15,98.9,1.62,121.5,26.45,37.47,0.6,0.58,28.57
2015-06-09,DA NANG,16.044,108.199,1.21,29.66,35.19,26.29,24.19,29.64,74.7,19.28,98.87,2.39,133.7,26.04,37.51,0.6,0.58,12.79
2015-06-10,DA NANG,16.044,108.199,0.0,30.21,35.88,26.99,24.25,30.11,72.84,19.4,98.83,2.66,136.4,26.87,37.4,0.58,0.57,28.6
2015-06-11,DA NANG,16.044,108.199,0.02,30.02,35.98,26.48,24.34,29.67,73.95,19.44,98.9,1.85,134.5,26.61,37.57,0.57,0.57,5.92
2015-06-12,DA NANG,16.044,108.199,0.08,28.8,33.15,25.31,24.05,28.96,77.06,19.09,98.95,2.09,118.1,26.47,37.29,0.57,0.57,33.76
2015-06-13,DA NANG,16.044,108.199,0.0,28.25,32.23,25.29,23.54,28.33,76.9,18.51,98.88,2.05,140.2,23.0,37.12,0.57,0.56,65.28
2015-06-14,DA NANG,16.044,108.199,0.01,28.66,32.6,26.27,24.22,28.85,78.57,19.3,98.87,2.59,116.5,26.02,37.17,0.57,0.56,35.89
2015-06-15,DA NANG,16.044,108.199,0.03,27.99,31.85,24.69,24.12,28.24,80.68,19.15,98.95,2.84,121.4,26.34,37.23,0.57,0.56,34.02
2015-06-16,DA NANG,16.044,108.199,0.0,28.34,32.82,25.44,23.5,28.58,77.31,18.53,98.87,2.91,119.1,26.03,37.08,0.56,0.56,36.89
2015-06-17,DA NANG,16.044,108.199,0.0,28.1,32.17,25.33,23.8,28.27,78.74,18.81,98.76,2.16,115.0,26.26,36.7,0.56,0.55,17.85
2015-06-18,DA NANG,16.044,108.199,0.0,28.23,31.77,25.48,23.76,28.37,77.96,18.77,98.73,2.01,127.3,26.44,37.27,0.56,0.55,44.24
2015-06-19,DA NANG,16.044,108.199,0.05,28.98,33.27,25.7,23.25,29.14,72.78,18.21,98.74,1.91,78.8,12.39,37.86,0.56,0.55,99.35
2015-06-20,DA NANG,16.044,108.199,2.11,28.11,31.29,25.37,23.79,28.22,78.35,18.8,98.68,2.4,317.8,9.38,37.98,0.57,0.55,99.35
2015-06-21,DA NANG,16.044,108.199,7.52,27.54,29.63,25.64,24.34,27.39,83.19,19.46,98.5,3.07,293.7,4.52,37.94,0.63,0.56,99.83
2015-06-22,DA NANG,16.044,108.199,4.73,27.08,29.3,25.84,24.2,26.96,84.32,19.33,98.34,3.07,254.8,2.58,37.91,0.66,0.57,99.22
2015-06-23,DA NANG,16.044,108.199,4.0,27.14,30.45,24.71,22.92,27.02,78.12,17.88,98.44,3.12,225.0,9.99,37.73,0.64,0.58,99.72
2015-06-24,DA NANG,16.044,108.199,0.26,28.01,31.67,26.06,22.93,27.66,74.37,17.85,98.62,2.47,220.8,15.23,38.49,0.6,0.57,88.0
2015-06-25,DA NANG,16.044,108.199,0.02,28.97,33.67,25.68,23.35,28.77,73.04,18.34,98.69,2.17,188.2,23.21,38.27,0.59,0.57,58.99
2015-06-26,DA NANG,16.044,108.199,0.12,29.3,34.16,25.89,23.81,29.19,74.1,18.84,98.83,2.16,167.0,24.87,38.43,0.58,0.56,46.5
2015-06-27,DA NANG,16.044,108.199,0.07,29.47,35.16,25.8,23.81,29.6,73.6,18.8,99.04,2.45,149.1,26.77,37.45,0.57,0.56,16.26
2015-06-28,DA NANG,16.044,108.199,0.02,29.44,34.61,25.69,23.61,29.66,72.75,18.57,99.16,2.23,141.4,27.05,37.32,0.56,0.55,4.07
2015-06-29,DA NANG,16.044,108.199,0.02,30.51,36.48,26.38,23.87,30.48,70.11,18.92,98.98,2.1,162.1,26.79,37.2,0.55,0.55,2.53
2015-06-30,DA NANG,16.044,108.199,0.0,30.14,35.3,26.11,23.83,30.17,70.76,18.87,98.87,2.45,164.8,27.37,37.31,0.55,0.54,3.29
2015-07-01,DA NANG,16.044,108.199,0.0,31.3,36.91,26.95,23.31,31.12,64.76,18.37,98.7,2.4,200.6,25.78,37.31,0.53,0.54,8.13
2015-07-02,DA NANG,16.044,108.199,0.0,31.29,37.13,27.35,23.44,30.85,64.9,18.52,98.58,2.4,222.1,26.34,37.76,0.52,0.53,44.69
2015-07-03,DA NANG,16.044,108.199,0.0,31.6,36.69,27.71,23.88,31.33,65.45,19.02,98.44,2.4,193.4,25.75,38.19,0.52,0.53,47.88
2015-07-04,DA NANG,16.044,108.199,0.0,30.71,36.13,27.22,24.73,30.81,72.38,20.01,98.41,2.49,147.9,25.57,38.49,0.52,0.53,67.33
2015-07-05,DA NANG,16.044,108.199,1.96,28.34,31.35,24.92,24.6,28.65,80.82,19.79,98.53,2.05,42.2,23.41,38.28,0.54,0.53,87.37
2015-07-06,DA NANG,16.044,108.199,8.25,28.07,30.96,26.13,24.35,28.12,80.79,19.47,98.54,1.5,280.9,20.27,37.92,0.63,0.54,98.24
2015-07-07,DA NANG,16.044,108.199,2.74,26.98,29.08,25.59,24.85,27.4,88.32,20.07,98.53,2.62,340.1,14.13,38.37,0.61,0.55,99.41
2015-07-08,DA NANG,16.044,108.199,3.7,27.01,29.39,25.1,23.64,27.38,82.11,18.63,98.61,2.72,321.8,15.07,38.04,0.61,0.55,85.57
2015-07-09,DA NANG,16.044,108.199,0.57,27.65,31.74,24.1,22.33,27.91,74.23,17.26,98.48,3.33,320.3,23.94,36.39,0.58,0.55,50.95
2015-07-10,DA NANG,16.044,108.199,0.9,28.06,31.96,24.95,23.08,28.39,75.68,18.07,98.49,3.67,304.0,11.82,38.82,0.57,0.54,95.21
2015-07-11,DA NANG,16.044,108.199,1.61,29.35,34.01,26.27,23.87,29.43,74.02,18.97,98.47,2.08,318.3,15.63,38.93,0.56,0.54,98.89
2015-07-12,DA NANG,16.044,108.199,1.09,28.18,32.0,25.44,24.19,28.45,79.76,19.31,98.47,2.17,297.8,14.32,38.38,0.56,0.54,87.24
2015-07-13,DA NANG,16.044,108.199,2.24,28.67,33.35,25.91,24.25,29.18,78.74,19.38,98.48,2.53,120.3,20.69,38.1,0.55,0.53,90.91
2015-07-14,DA NANG,16.044,108.199,2.01,28.67,32.61,26.41,24.66,29.0,80.18,19.87,98.49,2.0,133.2,23.35,38.07,0.58,0.54,98.7
2015-07-15,DA NANG,16.044,108.199,0.86,28.72,32.17,26.24,25.0,28.8,81.11,20.26,98.54,1.94,174.2,22.8,37.87,0.58,0.54,88.79
2015-07-16,DA NANG,16.044,108.199,0.19,29.15,32.91,27.0,24.37,29.07,76.42,19.52,98.57,1.43,149.7,17.52,38.6,0.56,0.54,99.52
2015-07-17,DA NANG,16.044,108.199,0.34,28.93,32.99,26.19,23.78,29.06,75.15,18.81,98.69,1.62,192.6,17.15,37.91,0.55,0.53,99.46
2015-07-18,DA NANG,16.044,108.199,1.56,27.9,31.84,25.51,23.65,28.32,78.6,18.65,98.64,1.22,236.4,13.4,37.61,0.56,0.53,99.83
2015-07-19,DA NANG,16.044,108.199,2.12,27.5,30.93,24.84,22.79,27.65,76.12,17.66,98.68,2.37,227.8,3.84,37.43,0.57,0.53,99.54
2015-07-20,DA NANG,16.044,108.199,1.03,27.91,31.13,25.27,22.54,27.93,73.62,17.38,98.92,1.64,189.5,7.43,37.1,0.56,0.53,99.54
2015-07-21,DA NANG,16.044,108.199,0.76,28.64,33.69,25.33,23.6,28.8,75.99,18.54,99.13,1.95,164.8,16.09,37.3,0.55,0.53,99.2
2015-07-22,DA NANG,16.044,108.199,0.33,28.94,32.79,25.48,23.01,28.81,71.97,17.9,99.1,1.94,182.0,21.26,37.58,0.55,0.53,98.28
2015-07-23,DA NANG,16.044,108.199,0.12,29.11,33.07,25.07,22.82,28.91,70.23,17.69,99.1,1.42,211.4,20.59,37.17,0.54,0.53,92.22
2015-07-24,DA NANG,16.044,108.199,0.13,29.69,35.8,25.36,22.6,29.86,68.54,17.55,98.99,2.17,160.7,23.29,37.3,0.53,0.52,98.85
2015-07-25,DA NANG,16.044,108.199,0.72,28.98,32.83,25.25,23.01,28.86,71.81,17.92,98.96,1.84,212.9,19.58,37.52,0.53,0.52,99.37
2015-07-26,DA NANG,16.044,108.199,1.71,27.89,31.64,24.95,23.21,27.99,76.87,18.05,99.22,1.81,192.1,11.64,37.32,0.54,0.52,99.61
2015-07-27,DA NANG,16.044,108.199,2.57,27.81,32.45,24.71,22.35,28.2,74.2,17.17,99.31,2.13,151.3,12.4,37.07,0.54,0.52,99.83
2015-07-28,DA NANG,16.044,108.199,3.12,26.56,29.31,23.91,22.09,27.21,77.54,16.86,99.34,1.91,170.4,5.6,36.92,0.57,0.53,99.52
2015-07-29,DA NANG,16.044,108.199,2.52,26.85,30.13,24.41,21.47,26.94,73.27,16.22,99.29,1.82,188.6,9.75,37.11,0.56,0.53,99.85
2015-07-30,DA NANG,16.044,108.199,5.87,27.13,30.51,24.29,21.65,27.28,73.44,16.44,99.25,1.47,184.2,10.77,37.47,0.61,0.54,99.84
2015-07-31,DA NANG,16.044,108.199,8.25,26.64,29.56,24.65,22.19,27.11,77.49,16.99,99.18,1.73,181.0,11.37,37.24,0.63,0.54,99.9
2015-08-01,DA NANG,16.044,108.199,10.24,27.48,31.21,25.38,23.21,27.89,78.96,18.1,99.14,1.93,131.4,14.41,37.64,0.68,0.56,99.52
2015-08-02,DA NANG,16.044,108.199,2.53,26.51,28.78,24.46,22.49,26.64,79.53,17.32,99.17,1.91,147.4,22.07,36.93,0.63,0.56,96.98
2015-08-03,DA NANG,16.044,108.199,2.13,26.84,29.76,24.96,23.68,27.13,83.54,18.59,99.1,2.58,134.1,23.98,36.52,0.62,0.56,91.69
2015-08-04,DA NANG,16.044,108.199,0.92,27.15,29.6,25.62,24.07,27.43,83.86,19.07,98.95,1.79,109.6,25.12,36.84,0.61,0.55,69.91
2015-08-05,DA NANG,16.044,108.199,0.34,27.85,31.2,25.58,23.9,28.35,80.21,18.92,98.74,2.39,95.4,25.18,37.01,0.58,0.55,45.97
2015-08-06,DA NANG,16.044,108.199,0.17,27.54,30.16,25.1,24.01,27.98,81.5,19.02,98.72,2.12,84.9,24.96,36.76,0.57,0.54,42.52
2015-08-07,DA NANG,16.044,108.199,0.0,28.21,33.07,24.29,22.11,28.74,71.51,17.0,98.75,2.22,101.0,26.17,36.41,0.55,0.53,28.94
2015-08-08,DA NANG,16.044,108.199,0.01,28.71,33.99,25.27,22.01,29.12,69.22,16.92,98.55,2.11,98.2,25.4,36.64,0.53,0.53,56.95
2015-08-09,DA NANG,16.044,108.199,0.09,29.12,33.28,26.6,24.16,29.66,76.4,19.31,98.48,2.19,81.0,22.43,37.06,0.52,0.52,89.82
2015-08-10,DA NANG,16.044,108.199,0.24,28.43,30.61,26.69,25.15,28.76,82.76,20.38,98.74,2.61,90.4,24.63,36.85,0.53,0.52,50.2
2015-08-11,DA NANG,16.044,108.199,0.74,28.08,30.53,26.19,24.93,28.47,83.48,20.09,98.87,1.77,96.1,23.63,37.73,0.53,0.52,75.42
2015-08-12,DA NANG,16.044,108.199,1.17,27.64,31.39,25.72,23.4,28.05,78.75,18.35,99.01,1.36,289.9,17.14,37.93,0.54,0.52,95.83
2015-08-13,DA NANG,16.044,108.199,0.52,29.4,34.35,26.58,24.48,29.61,76.64,19.58,98.98,2.02,130.2,23.2,37.23,0.53,0.52,80.24
2015-08-14,DA NANG,16.044,108.199,0.12,29.72,34.95,26.61,24.24,29.82,74.48,19.32,98.98,2.12,146.4,26.09,36.98,0.52,0.52,59.89
2015-08-15,DA NANG,16.044,108.199,0.95,29.66,34.56,26.03,24.43,29.75,75.38,19.51,99.08,2.16,166.1,26.11,37.26,0.53,0.52,60.75
2015-08-16,DA NANG,16.044,108.199,0.87,29.87,35.47,26.56,23.32,30.0,70.73,18.33,99.03,2.12,146.6,25.08,37.43,0.52,0.51,63.63
2015-08-17,DA NANG,16.044,108.199,0.08,30.04,34.48,27.15,23.85,30.21,71.25,18.87,98.99,2.01,132.4,26.29,37.34,0.51,0.51,18.0
2015-08-18,DA NANG,16.044,108.199,0.06,30.17,34.78,26.83,24.07,30.51,71.73,19.14,98.89,2.32,122.2,26.26,37.66,0.5,0.51,27.8
2015-08-19,DA NANG,16.044,108.199,0.61,29.94,34.81,26.75,24.12,30.39,72.97,19.19,98.88,2.52,103.1,26.2,37.35,0.5,0.51,13.03
2015-08-20,DA NANG,16.044,108.199,0.59,29.9,34.13,27.03,24.13,30.48,72.93,19.2,98.85,2.29,95.6,26.09,37.35,0.5,0.51,55.62
2015-08-21,DA NANG,16.044,108.199,0.57,29.67,33.35,27.17,23.57,29.97,71.2,18.62,98.74,2.02,330.3,22.39,37.5,0.51,0.5,88.06
2015-08-22,DA NANG,16.044,108.199,4.65,30.15,34.97,26.7,23.94,30.23,71.25,19.05,98.61,1.81,255.5,24.16,37.69,0.54,0.51,82.67
2015-08-23,DA NANG,16.044,108.199,11.23,29.8,34.6,26.37,24.47,29.83,74.94,19.67,98.62,1.94,260.3,24.4,37.88,0.63,0.52,59.0
2015-08-24,DA NANG,16.044,108.199,11.05,29.74,34.6,26.89,24.73,29.89,76.11,19.93,98.66,2.23,244.1,24.88,38.1,0.63,0.53,39.22
2015-08-25,DA NANG,16.044,108.199,27.51,28.75,32.81,26.01,24.51,29.07,79.25,19.64,98.78,2.25,137.5,24.08,37.99,0.74,0.56,55.54
2015-08-26,DA NANG,16.044,108.199,6.21,27.77,31.74,25.06,24.37,28.24,82.88,19.43,98.97,2.62,129.9,22.23,37.9,0.7,0.58,85.61
2015-08-27,DA NANG,16.044,108.199,9.02,27.61,31.32,25.45,23.75,28.11,80.67,18.7,99.01,1.92,145.9,16.73,37.93,0.7,0.58,95.96
2015-08-28,DA NANG,16.044,108.199,5.98,27.76,30.78,25.79,24.13,28.15,81.37,19.16,98.89,1.85,176.6,20.36,37.77,0.69,0.59,98.89
2015-08-29,DA NANG,16.044,108.199,3.33,28.5,32.86,26.11,24.38,28.77,79.85,19.47,98.86,1.9,98.9,20.08,38.1,0.65,0.58,98.29
2015-08-30,DA NANG,16.044,108.199,6.91,28.9,32.79,26.21,24.67,28.84,78.9,19.8,98.92,1.22,207.7,17.79,38.26,0.68,0.58,99.36
2015-08-31,DA NANG,16.044,108.199,2.1,26.97,28.43,25.54,23.56,27.36,81.74,18.47,98.94,2.17,200.2,14.15,38.1,0.66,0.58,99.02
2015-09-01,DA NANG,16.044,108.199,1.74,27.01,29.0,25.17,23.66,27.52,82.32,18.61,98.9,1.7,194.4,15.98,37.94,0.63,0.57,98.63
2015-09-02,DA NANG,16.044,108.199,3.57,28.3,32.62,25.79,23.75,28.52,77.79,18.71,99.04,2.28,136.3,16.74,38.0,0.63,0.56,97.7
2015-09-03,DA NANG,16.044,108.199,1.63,28.47,32.35,26.24,24.12,28.71,78.97,19.14,99.23,2.09,125.2,21.62,37.84,0.62,0.56,95.89
2015-09-04,DA NANG,16.044,108.199,0.84,28.31,31.09,25.6,24.89,28.53,82.59,20.0,99.32,2.5,133.3,20.96,37.56,0.6,0.55,63.94
2015-09-05,DA NANG,16.044,108.199,0.44,28.89,33.06,26.15,24.34,29.33,77.44,19.31,99.26,2.38,135.3,25.12,36.81,0.58,0.55,8.52
2015-09-06,DA NANG,16.044,108.199,0.3,29.46,34.15,26.09,23.67,29.8,72.79,18.64,99.07,2.71,166.2,25.65,37.05,0.56,0.54,9.07
2015-09-07,DA NANG,16.044,108.199,0.38,29.85,34.63,27.13,24.14,30.08,73.48,19.22,98.91,2.39,100.4,23.06,37.81,0.55,0.53,88.12
2015-09-08,DA NANG,16.044,108.199,1.2,28.44,31.46,26.0,24.35,28.68,79.45,19.41,98.94,2.16,114.8,23.66,37.45,0.56,0.53,76.94
2015-09-09,DA NANG,16.044,108.199,5.61,27.64,30.26,25.77,24.13,28.08,81.91,19.12,99.18,2.92,121.6,24.28,36.88,0.59,0.53,66.05
2015-09-10,DA NANG,16.044,108.199,7.18,27.26,29.35,25.91,23.8,27.73,81.78,18.7,99.26,1.33,109.6,19.8,37.44,0.65,0.55,88.76
2015-09-11,DA NANG,16.044,108.199,9.9,28.01,30.87,26.2,23.95,28.18,79.6,18.94,99.14,1.76,10.7,15.35,37.55,0.68,0.56,95.27
2015-09-12,DA NANG,16.044,108.199,8.2,27.94,31.34,25.98,24.11,28.4,80.58,19.08,99.18,3.19,16.5,20.68,37.8,0.65,0.56,84.2
2015-09-13,DA NANG,16.044,108.199,71.23,26.47,28.87,25.19,23.94,27.0,86.48,18.89,99.1,4.32,350.1,13.73,37.86,0.83,0.59,98.17
2015-09-14,DA NANG,16.044,108.199,132.36,26.5,27.32,25.87,25.16,26.81,92.27,20.46,98.43,9.04,35.5,4.69,38.02,0.98,0.71,99.26
2015-09-15,DA NANG,16.044,108.199,17.94,26.75,28.76,25.46,24.87,27.02,89.61,20.06,98.69,4.52,103.5,17.38,37.65,0.84,0.74,98.99
2015-09-16,DA NANG,16.044,108.199,16.23,26.33,28.0,25.6,24.48,26.77,89.63,19.56,98.81,4.42,111.8,11.13,37.64,0.83,0.74,99.45
2015-09-17,DA NANG,16.044,108.199,4.43,26.7,28.2,25.73,25.11,26.83,91.07,20.23,99.25,4.47,130.1,14.02,37.56,0.77,0.72,95.76
2015-09-18,DA NANG,16.044,108.199,0.95,27.62,30.33,25.63,24.37,27.9,83.07,19.32,99.51,2.06,107.9,22.9,36.92,0.73,0.69,53.2
2015-09-19,DA NANG,16.044,108.199,0.1,27.84,31.91,24.36,23.16,28.25,77.0,17.98,99.32,1.9,93.1,24.13,36.29,0.7,0.66,8.83
2015-09-20,DA NANG,16.044,108.199,0.17,28.04,32.8,24.51,23.32,28.5,77.31,18.21,99.07,2.36,136.7,24.45,36.44,0.68,0.64,27.91
2015-09-21,DA NANG,16.044,108.199,1.61,28.05,32.2,24.98,24.06,28.51,80.12,19.07,98.93,2.69,132.1,22.05,37.3,0.68,0.62,92.87
2015-09-22,DA NANG,16.044,108.199,0.56,28.22,32.59,25.61,23.89,28.61,78.99,18.89,98.98,3.13,122.6,24.39,36.8,0.65,0.61,26.05
2015-09-23,DA NANG,16.044,108.199,0.58,28.77,32.83,26.53,24.89,29.37,80.79,20.05,98.97,2.38,103.4,23.66,37.08,0.64,0.6,27.44
2015-09-24,DA NANG,16.044,108.199,0.13,29.13,33.67,25.86,24.31,29.44,76.55,19.39,98.86,1.95,114.8,24.29,37.44,0.63,0.59,31.68
2015-09-25,DA NANG,16.044,108.199,0.03,29.13,33.82,26.37,23.97,29.37,75.42,19.03,98.74,2.22,123.3,24.52,37.38,0.62,0.59,30.6
2015-09-26,DA NANG,16.044,108.199,0.04,28.64,32.81,25.55,24.15,28.98,77.76,19.18,98.88,2.42,127.7,24.05,36.64,0.61,0.58,8.31
2015-09-27,DA NANG,16.044,108.199,0.01,28.55,32.77,25.27,23.06,28.87,73.52,17.94,98.98,1.71,102.4,24.2,36.29,0.6,0.57,13.96
2015-09-28,DA NANG,16.044,108.199,0.15,28.87,32.89,26.55,23.5,29.36,74.13,18.44,99.0,1.55,41.4,21.67,37.44,0.59,0.57,68.56
2015-09-29,DA NANG,16.044,108.199,0.83,28.62,31.44,26.35,23.59,28.64,74.86,18.49,99.08,1.54,325.1,15.43,37.48,0.6,0.57,82.7
2015-09-30,DA NANG,16.044,108.199,1.06,28.49,32.16,25.99,23.89,28.91,77.4,18.8,99.31,1.96,99.4,21.3,36.91,0.6,0.57,65.55
2015-10-01,DA NANG,16.044,108.199,8.12,27.69,30.51,25.7,24.25,28.12,82.42,19.23,99.38,1.82,91.4,21.63,37.27,0.65,0.57,77.92
2015-10-02,DA NANG,16.044,108.199,12.35,26.68,29.07,24.75,23.77,27.18,84.37,18.65,99.32,1.52,18.4,19.7,37.29,0.72,0.59,93.26
2015-10-03,DA NANG,16.044,108.199,5.48,26.89,29.39,25.25,23.72,27.37,83.3,18.63,99.2,1.91,328.1,14.59,37.44,0.68,0.6,97.67
2015-10-04,DA NANG,16.044,108.199,26.5,26.38,27.9,25.07,23.93,26.62,86.54,18.86,99.27,1.85,270.9,7.24,37.73,0.8,0.62,99.44
2015-10-05,DA NANG,16.044,108.199,5.15,26.86,30.01,25.28,23.59,27.06,83.0,18.44,99.38,1.86,129.8,19.04,37.46,0.75,0.64,92.23
2015-10-06,DA NANG,16.044,108.199,6.41,27.1,30.72,25.52,23.86,27.26,83.27,18.78,99.38,1.75,108.5,15.53,37.54,0.72,0.64,97.49
2015-10-07,DA NANG,16.044,108.199,12.83,27.28,30.05,25.3,24.17,27.75,83.77,19.1,99.38,2.33,113.9,19.02,37.11,0.77,0.65,80.22
2015-10-08,DA NANG,16.044,108.199,4.19,27.54,31.63,25.4,23.88,28.03,81.62,18.81,99.26,2.38,112.2,19.34,36.83,0.71,0.64,56.75
2015-10-09,DA NANG,16.044,108.199,8.32,27.84,31.37,25.72,24.53,28.4,83.08,19.57,99.17,3.22,116.7,21.82,37.5,0.71,0.63,63.89
2015-10-10,DA NANG,16.044,108.199,31.99,27.08,32.26,23.76,23.65,27.7,83.01,18.57,99.27,3.57,332.8,14.71,37.77,0.79,0.64,99.18
2015-10-11,DA NANG,16.044,108.199,35.57,24.72,25.94,24.04,23.24,25.38,91.54,18.01,99.61,5.08,333.4,2.6,37.55,0.89,0.7,99.64
2015-10-12,DA NANG,16.044,108.199,24.49,24.93,26.36,23.98,23.47,25.64,91.64,18.23,99.68,3.58,347.4,2.58,37.43,0.86,0.73,99.74
2015-10-13,DA NANG,16.044,108.199,47.52,26.13,28.5,24.62,23.98,26.67,88.29,18.83,99.64,3.18,12.1,10.04,37.6,0.89,0.75,97.88
2015-10-14,DA NANG,16.044,108.199,46.37,26.05,27.6,25.06,24.42,26.39,90.75,19.33,99.61,3.34,47.3,10.58,37.64,0.91,0.77,98.7
2015-10-15,DA NANG,16.044,108.199,8.06,25.0,26.72,23.7,22.08,25.08,83.87,16.78,99.61,2.97,22.6,8.96,36.71,0.83,0.79,97.73
2015-10-16,DA NANG,16.044,108.199,0.09,25.39,28.58,22.69,21.34,25.39,78.64,16.04,99.51,1.98,26.3,16.9,36.47,0.77,0.75,47.89
2015-10-17,DA NANG,16.044,108.199,0.09,25.32,28.64,23.13,21.41,25.49,79.3,16.11,99.47,2.19,18.9,16.39,35.97,0.75,0.72,63.73
2015-10-18,DA NANG,16.044,108.199,0.0,24.77,28.76,21.2,20.28,24.95,77.03,15.03,99.49,2.09,353.9,20.25,34.76,0.73,0.7,87.45
2015-10-19,DA NANG,16.044,108.199,0.0,24.42,28.78,20.95,19.71,24.45,76.3,14.56,99.32,2.89,320.8,19.0,34.27,0.72,0.68,81.85
2015-10-20,DA NANG,16.044,108.199,0.0,24.94,28.88,22.47,19.98,25.0,75.34,14.85,99.18,2.21,317.9,19.16,34.34,0.71,0.67,92.33
2015-10-21,DA NANG,16.044,108.199,0.0,25.93,29.85,23.55,21.05,25.63,75.4,15.81,99.29,1.42,358.7,19.28,35.35,0.71,0.67,58.54
2015-10-22,DA NANG,16.044,108.199,0.0,25.99,30.09,23.71,21.25,26.16,75.92,15.96,99.4,2.05,47.3,17.45,35.58,0.7,0.66,46.46
2015-10-23,DA NANG,16.044,108.199,0.03,25.43,28.79,23.55,20.87,25.7,76.68,15.58,99.48,2.18,63.7,18.41,35.39,0.69,0.65,72.39
2015-10-24,DA NANG,16.044,108.199,0.08,25.33,28.38,23.51,21.82,25.94,81.61,16.5,99.6,2.5,60.5,15.55,36.57,0.68,0.65,70.14
2015-10-25,DA NANG,16.044,108.199,0.03,25.91,29.16,24.06,22.2,26.23,80.56,16.87,99.64,2.01,68.8,14.57,36.31,0.68,0.65,60.84
2015-10-26,DA NANG,16.044,108.199,0.15,26.22,29.36,24.27,22.84,26.59,82.25,17.55,99.63,2.36,73.0,17.51,36.16,0.67,0.64,59.56
2015-10-27,DA NANG,16.044,108.199,0.31,26.03,29.3,24.04,22.38,26.34,80.97,17.08,99.63,2.2,80.0,20.93,35.39,0.67,0.64,32.12
2015-10-28,DA NANG,16.044,108.199,0.32,26.06,29.7,24.07,22.65,26.33,82.05,17.35,99.65,2.8,99.8,20.47,35.4,0.66,0.64,17.0
2015-10-29,DA NANG,16.044,108.199,1.17,26.25,30.03,23.86,22.47,26.67,80.81,17.15,99.71,2.64,85.7,20.17,35.67,0.66,0.63,27.36
2015-10-30,DA NANG,16.044,108.199,1.39,26.22,29.46,24.25,22.4,26.32,79.95,17.06,99.75,2.86,72.9,20.41,35.81,0.67,0.63,34.5
2015-10-31,DA NANG,16.044,108.199,22.24,26.41,29.28,25.0,23.16,26.7,83.16,17.89,99.8,3.5,60.8,19.13,36.47,0.76,0.64,74.61
2015-11-01,DA NANG,16.044,108.199,25.92,25.97,28.69,24.34,23.39,26.16,86.0,18.12,99.82,5.22,58.5,17.15,36.48,0.85,0.69,76.77
2015-11-02,DA NANG,16.044,108.199,7.68,24.85,27.77,23.06,21.97,25.31,84.42,16.61,99.8,4.7,45.7,16.36,36.17,0.77,0.69,86.65
2015-11-03,DA NANG,16.044,108.199,24.53,25.28,27.89,24.1,22.75,25.64,86.3,17.45,99.69,3.78,46.8,14.11,36.81,0.83,0.7,97.94
2015-11-04,DA NANG,16.044,108.199,65.78,25.81,27.86,24.74,24.27,25.97,91.29,19.16,99.51,4.13,65.8,6.08,37.22,0.96,0.76,99.74
2015-11-05,DA NANG,16.044,108.199,36.61,24.59,25.89,23.73,23.28,24.85,92.4,18.06,99.47,3.4,98.7,4.77,37.14,0.91,0.82,99.65
2015-11-06,DA NANG,16.044,108.199,22.81,25.13,27.1,24.02,23.34,25.32,89.94,18.13,99.46,2.59,107.5,12.44,36.88,0.88,0.82,97.39
2015-11-07,DA NANG,16.044,108.199,1.57,26.34,29.4,24.54,23.82,26.48,86.73,18.66,99.57,2.68,105.5,18.27,35.99,0.79,0.79,54.47
2015-11-08,DA NANG,16.044,108.199,3.95,26.27,29.2,24.44,23.61,26.37,85.8,18.41,99.61,2.4,85.0,17.96,36.26,0.79,0.76,32.12
2015-11-09,DA NANG,16.044,108.199,4.25,26.06,29.08,24.05,23.16,26.25,84.36,17.91,99.55,2.58,73.4,19.31,35.76,0.79,0.75,29.56
2015-11-10,DA NANG,16.044,108.199,2.68,26.12,29.21,24.21,23.11,26.29,84.03,17.87,99.47,2.99,75.9,17.97,36.42,0.77,0.74,72.97
2015-11-11,DA NANG,16.044,108.199,4.0,26.17,29.01,24.24,23.78,26.4,87.21,18.62,99.53,3.25,101.0,17.23,36.79,0.77,0.73,72.38
2015-11-12,DA NANG,16.044,108.199,1.63,25.96,29.33,23.24,23.37,26.13,86.31,18.16,99.57,3.42,121.7,14.71,36.68,0.77,0.73,90.05
2015-11-13,DA NANG,16.044,108.199,0.21,26.55,30.18,24.55,23.55,26.76,84.51,18.37,99.47,2.87,117.8,18.87,35.88,0.75,0.72,59.22
2015-11-14,DA NANG,16.044,108.199,0.4,26.26,29.59,24.06,23.45,26.57,85.14,18.27,99.39,3.27,114.9,18.33,35.94,0.75,0.72,39.2
2015-11-15,DA NANG,16.044,108.199,0.32,26.26,29.97,23.41,23.36,26.54,84.94,18.17,99.4,3.72,131.6,19.74,35.49,0.74,0.71,12.64
2015-11-16,DA NANG,16.044,108.199,0.01,25.88,29.72,23.33,22.81,26.28,84.22,17.59,99.37,3.7,135.6,19.96,34.88,0.74,0.7,9.1
2015-11-17,DA NANG,16.044,108.199,0.05,26.41,30.55,23.45,23.15,26.81,83.79,17.98,99.45,2.98,131.4,20.33,34.8,0.73,0.7,7.78
2015-11-18,DA NANG,16.044,108.199,2.95,26.5,30.06,24.43,23.39,26.77,83.8,18.17,99.63,3.04,111.7,19.4,35.92,0.74,0.7,28.82
2015-11-19,DA NANG,16.044,108.199,0.79,25.95,29.36,24.01,22.79,26.4,83.34,17.52,99.61,2.67,88.4,19.4,35.29,0.74,0.7,20.25
2015-11-20,DA NANG,16.044,108.199,2.74,26.06,29.07,24.19,23.06,26.49,84.07,17.82,99.52,2.69,85.5,17.11,36.63,0.74,0.69,65.61
2015-11-21,DA NANG,16.044,108.199,1.48,25.69,28.42,24.03,22.53,25.95,83.16,17.25,99.5,2.71,82.0,11.33,36.94,0.74,0.69,90.96
2015-11-22,DA NANG,16.044,108.199,0.85,25.61,28.73,23.56,22.37,25.93,82.87,17.08,99.54,2.89,69.3,16.42,35.98,0.73,0.69,62.34
2015-11-23,DA NANG,16.044,108.199,2.54,25.63,28.4,23.91,22.8,25.94,84.83,17.53,99.55,3.49,71.1,15.76,36.6,0.73,0.69,64.85
2015-11-24,DA NANG,16.044,108.199,1.08,25.48,28.14,24.03,22.83,25.81,85.75,17.56,99.55,3.92,62.8,17.1,35.84,0.73,0.69,42.25
2015-11-25,DA NANG,16.044,108.199,0.74,25.4,28.4,23.18,22.06,25.72,82.13,16.73,99.66,4.57,54.0,15.5,35.78,0.72,0.68,52.31
2015-11-26,DA NANG,16.044,108.199,5.99,24.01,26.6,22.07,20.79,24.52,82.55,15.45,99.78,5.11,58.2,9.91,35.8,0.74,0.68,76.36
2015-11-27,DA NANG,16.044,108.199,21.7,24.09,25.94,23.18,21.81,24.5,87.22,16.44,99.8,4.85,62.8,8.71,37.02,0.83,0.71,96.6
2015-11-28,DA NANG,16.044,108.199,10.95,24.83,27.27,23.47,22.47,25.04,86.98,17.1,99.95,4.24,72.0,11.43,36.59,0.81,0.72,82.39
2015-11-29,DA NANG,16.044,108.199,3.45,24.7,27.58,22.8,21.95,24.9,85.03,16.57,99.93,3.89,57.9,13.92,35.81,0.78,0.72,52.23
2015-11-30,DA NANG,16.044,108.199,2.24,24.71,27.55,22.94,21.85,24.93,84.46,16.5,99.73,3.45,73.2,15.91,35.64,0.76,0.71,50.94
2015-12-01,DA NANG,16.044,108.199,1.1,24.72,28.06,22.53,22.03,24.91,85.48,16.7,99.65,3.23,116.7,15.68,35.64,0.75,0.7,35.12
2015-12-02,DA NANG,16.044,108.199,0.03,24.83,28.72,22.57,21.37,24.98,81.88,16.04,99.71,2.57,118.4,18.46,34.49,0.74,0.7,12.53
2015-12-03,DA NANG,16.044,108.199,0.45,24.83,28.21,22.77,21.34,25.02,81.5,15.98,99.76,3.13,95.0,17.59,35.26,0.73,0.69,40.99
2015-12-04,DA NANG,16.044,108.199,1.09,24.62,27.65,22.76,21.69,24.71,84.26,16.34,99.7,3.62,102.3,17.12,34.92,0.73,0.69,30.7
2015-12-05,DA NANG,16.044,108.199,11.92,24.66,28.32,22.31,21.86,25.38,85.07,16.51,99.75,3.72,10.5,14.38,36.31,0.76,0.69,79.17
2015-12-06,DA NANG,16.044,108.199,15.28,22.51,24.68,21.34,20.29,23.4,87.41,14.94,99.97,4.88,10.2,4.91,36.49,0.83,0.72,99.57
2015-12-07,DA NANG,16.044,108.199,7.47,22.32,24.39,21.33,19.96,23.19,86.7,14.63,100.02,4.25,24.4,4.29,36.39,0.8,0.72,99.45
2015-12-08,DA NANG,16.044,108.199,11.1,23.18,24.88,22.42,21.54,23.81,90.68,16.18,99.8,4.41,20.0,4.43,36.87,0.82,0.72,99.46
2015-12-09,DA NANG,16.044,108.199,0.79,23.52,26.55,21.53,21.43,24.04,88.28,16.1,99.63,4.05,342.4,7.33,37.18,0.77,0.72,96.09
2015-12-10,DA NANG,16.044,108.199,0.45,23.44,26.63,21.63,20.73,23.99,85.07,15.41,99.6,2.86,26.5,14.19,35.85,0.76,0.71,70.34
2015-12-11,DA NANG,16.044,108.199,0.23,23.86,26.77,22.2,21.19,24.13,85.42,15.87,99.5,2.85,97.0,14.68,35.46,0.75,0.71,47.76
2015-12-12,DA NANG,16.044,108.199,0.03,24.43,28.37,21.93,21.95,24.65,86.92,16.65,99.44,3.26,128.3,17.78,34.8,0.74,0.7,18.05
2015-12-13,DA NANG,16.044,108.199,0.05,24.5,28.34,22.25,21.75,24.77,85.2,16.43,99.56,2.71,113.5,17.06,34.63,0.73,0.69,17.94
2015-12-14,DA NANG,16.044,108.199,1.59,24.15,27.39,22.21,21.03,24.59,83.25,15.7,99.63,2.1,53.9,18.0,34.5,0.73,0.69,29.0
2015-12-15,DA NANG,16.044,108.199,30.13,24.29,27.41,22.05,21.8,24.87,86.34,16.45,99.74,3.92,56.8,12.4,36.6,0.83,0.7,85.21
2015-12-16,DA NANG,16.044,108.199,49.05,20.52,22.96,18.35,18.22,21.64,86.64,13.15,100.08,6.1,11.2,4.25,35.11,0.94,0.77,99.02
2015-12-17,DA NANG,16.044,108.199,13.95,18.73,19.85,18.05,16.1,20.08,84.81,11.44,100.26,4.17,15.5,3.61,34.95,0.86,0.79,98.57
2015-12-18,DA NANG,16.044,108.199,2.82,20.72,22.44,19.68,18.11,21.56,85.08,13.0,100.18,4.22,39.0,9.8,35.2,0.81,0.77,96.14
2015-12-19,DA NANG,16.044,108.199,8.16,21.87,24.37,20.82,19.53,22.55,86.82,14.23,100.11,4.4,33.1,6.88,35.7,0.81,0.75,98.6
2015-12-20,DA NANG,16.044,108.199,15.07,21.92,24.1,20.73,19.97,22.6,88.95,14.66,99.96,4.25,12.6,6.57,36.2,0.84,0.76,99.21
2015-12-21,DA NANG,16.044,108.199,8.61,23.28,25.21,22.26,21.94,23.67,92.33,16.58,99.82,3.38,33.0,4.46,36.69,0.83,0.76,99.06
2015-12-22,DA NANG,16.044,108.199,2.03,24.05,27.3,22.0,22.32,24.06,90.42,16.97,99.85,2.6,79.2,10.08,36.69,0.79,0.75,77.35
2015-12-23,DA NANG,16.044,108.199,0.08,24.0,27.57,21.83,22.07,24.25,89.58,16.73,99.69,2.51,117.1,14.95,34.69,0.78,0.74,32.39
2015-12-24,DA NANG,16.044,108.199,0.05,24.36,28.26,21.75,22.12,24.53,87.97,16.79,99.74,2.71,119.1,18.57,33.85,0.77,0.74,34.79
2015-12-25,DA NANG,16.044,108.199,0.33,23.28,26.98,21.04,20.68,23.4,86.1,15.33,99.91,2.92,77.9,17.76,34.29,0.77,0.73,56.96
2015-12-26,DA NANG,16.044,108.199,0.34,23.15,26.64,21.05,20.93,23.22,87.91,15.55,99.93,2.78,73.3,8.1,36.28,0.77,0.73,92.84
2015-12-27,DA NANG,16.044,108.199,1.68,22.92,26.16,20.79,20.75,23.16,88.02,15.34,100.16,2.87,55.0,13.36,35.68,0.77,0.73,77.82
2015-12-28,DA NANG,16.044,108.199,4.43,23.0,25.44,21.94,21.1,23.25,89.41,15.67,100.24,3.46,67.9,9.15,36.62,0.78,0.73,97.73
2015-12-29,DA NANG,16.044,108.199,3.07,22.46,25.59,20.45,20.36,22.41,88.38,14.99,100.11,3.66,86.6,6.48,36.43,0.78,0.73,94.26
2015-12-30,DA NANG,16.044,108.199,3.4,22.53,25.46,20.99,20.48,22.63,88.52,15.09,100.17,3.86,62.5,8.61,36.73,0.78,0.73,97.08
2015-12-31,DA NANG,16.044,108.199,3.69,21.77,24.33,20.22,19.57,22.04,87.46,14.23,100.31,5.0,50.2,8.0,36.29,0.79,0.73,97.1
2016-01-01,DA NANG,16.044,108.199,2.91,21.5,24.13,20.0,19.28,21.87,87.57,13.98,100.28,4.03,41.3,15.33,35.2,0.78,0.73,75.45
2016-01-02,DA NANG,16.044,108.199,2.88,21.67,24.23,20.15,19.78,22.06,89.19,14.46,100.07,3.15,15.1,5.2,36.57,0.79,0.73,99.54
2016-01-03,DA NANG,16.044,108.199,1.75,22.52,25.17,21.09,20.54,22.6,88.93,15.19,99.91,2.11,21.0,5.76,36.6,0.78,0.73,99.28
2016-01-04,DA NANG,16.044,108.199,0.78,23.74,27.01,22.02,21.92,23.57,90.04,16.58,99.77,2.03,83.9,14.0,35.79,0.77,0.72,59.72
2016-01-05,DA NANG,16.044,108.199,0.03,23.99,28.04,21.51,21.68,23.74,87.9,16.37,99.71,1.79,109.4,17.08,34.96,0.76,0.72,39.57
2016-01-06,DA NANG,16.044,108.199,1.68,23.55,26.78,21.51,21.3,23.63,87.76,15.93,99.87,2.62,90.9,16.68,34.59,0.76,0.71,64.79
2016-01-07,DA NANG,16.044,108.199,3.87,23.1,26.18,21.41,20.99,23.21,88.23,15.61,99.93,3.46,90.2,16.28,34.95,0.78,0.72,81.7
2016-01-08,DA NANG,16.044,108.199,6.34,22.78,25.91,20.86,20.5,22.89,87.39,15.16,99.82,3.4,104.4,15.67,34.79,0.79,0.72,68.63
2016-01-09,DA NANG,16.044,108.199,7.44,22.93,25.81,21.01,20.8,22.97,88.14,15.47,99.69,4.52,124.0,10.14,36.3,0.81,0.73,92.06
2016-01-10,DA NANG,16.044,108.199,0.69,23.84,27.86,21.73,21.37,23.54,86.85,16.06,99.53,2.67,131.1,16.07,35.08,0.77,0.72,87.78
2016-01-11,DA NANG,16.044,108.199,3.84,23.96,27.82,20.78,21.7,24.05,88.03,16.4,99.62,1.79,359.5,13.4,36.0,0.78,0.72,97.06
2016-01-12,DA NANG,16.044,108.199,5.91,23.15,26.07,21.49,21.45,23.38,90.44,16.1,99.68,2.93,34.7,8.03,36.61,0.79,0.72,98.29
2016-01-13,DA NANG,16.044,108.199,4.5,23.25,25.84,21.64,21.78,23.32,91.6,16.45,99.6,3.42,91.9,7.38,36.73,0.79,0.73,94.8
2016-01-14,DA NANG,16.044,108.199,0.5,23.54,26.88,21.48,21.86,23.56,90.78,16.54,99.5,3.46,119.0,13.99,35.77,0.77,0.72,63.11
2016-01-15,DA NANG,16.044,108.199,1.94,24.75,29.25,22.15,22.18,24.37,86.55,16.93,99.24,1.73,133.4,14.86,36.11,0.76,0.72,93.78
2016-01-16,DA NANG,16.044,108.199,3.17,24.68,28.3,22.22,22.46,24.49,88.17,17.24,99.17,1.99,123.9,5.06,36.36,0.77,0.72,96.05
2016-01-17,DA NANG,16.044,108.199,2.2,24.57,29.76,21.48,22.15,24.65,87.22,16.91,99.26,2.83,348.6,12.22,37.14,0.76,0.71,93.95
2016-01-18,DA NANG,16.044,108.199,2.74,22.41,24.69,21.14,20.81,22.85,90.73,15.5,99.53,3.24,29.0,3.23,37.09,0.77,0.72,99.81
2016-01-19,DA NANG,16.044,108.199,0.97,23.2,25.47,22.16,21.68,23.47,91.4,16.34,99.65,2.95,13.6,4.14,36.96,0.76,0.71,97.65
2016-01-20,DA NANG,16.044,108.199,0.11,24.42,28.01,22.58,22.67,24.48,90.49,17.36,99.66,1.73,74.5,10.1,36.79,0.75,0.71,86.97
2016-01-21,DA NANG,16.044,108.199,0.2,24.49,27.99,22.64,22.59,24.67,89.71,17.29,99.59,2.3,99.9,12.17,36.49,0.74,0.71,65.8
2016-01-22,DA NANG,16.044,108.199,3.52,24.96,29.12,22.72,22.76,25.0,88.32,17.45,99.71,2.26,71.9,13.91,36.98,0.75,0.7,75.83
2016-01-23,DA NANG,16.044,108.199,15.51,18.73,22.61,16.31,16.28,19.99,85.87,11.65,100.43,6.69,353.6,3.48,34.93,0.82,0.72,99.71
2016-01-24,DA NANG,16.044,108.199,16.95,15.51,17.27,14.17,13.23,17.5,86.38,9.44,100.87,6.01,14.4,4.49,33.18,0.85,0.74,99.29
2016-01-25,DA NANG,16.044,108.199,4.01,15.35,16.31,14.66,13.27,17.19,87.52,9.5,100.67,4.03,20.1,3.53,33.3,0.81,0.74,99.25
2016-01-26,DA NANG,16.044,108.199,0.59,17.73,19.33,16.75,15.49,18.96,86.96,11.0,100.3,3.41,18.7,4.84,34.76,0.78,0.73,99.5
2016-01-27,DA NANG,16.044,108.199,0.21,19.73,22.51,18.1,17.16,20.53,85.38,12.26,100.0,2.03,42.1,5.39,35.58,0.77,0.72,99.52
2016-01-28,DA NANG,16.044,108.199,0.13,22.17,25.53,20.47,20.04,22.59,88.3,14.76,99.68,1.83,25.1,9.76,36.77,0.77,0.72,96.74
2016-01-29,DA NANG,16.044,108.199,0.1,22.53,26.13,20.49,20.67,22.86,89.7,15.35,99.7,2.28,15.2,11.21,37.13,0.76,0.72,96.3
2016-01-30,DA NANG,16.044,108.199,0.25,23.19,26.34,21.48,21.6,23.27,91.22,16.25,99.66,2.23,69.2,11.14,36.7,0.75,0.71,92.46
2016-01-31,DA NANG,16.044,108.199,0.35,23.64,27.24,21.56,21.78,23.6,89.97,16.45,99.63,2.87,106.3,16.01,36.53,0.75,0.71,76.54
2016-02-01,DA NANG,16.044,108.199,2.89,20.87,25.73,18.59,18.91,21.5,88.84,13.8,99.99,4.94,348.2,9.59,35.94,0.75,0.71,97.32
2016-02-02,DA NANG,16.044,108.199,1.7,18.75,21.25,17.34,16.33,19.82,86.04,11.61,100.15,4.22,359.3,6.51,34.23,0.75,0.71,98.96
2016-02-03,DA NANG,16.044,108.199,0.76,20.05,22.65,18.87,17.51,20.8,85.73,12.54,100.0,3.02,41.5,8.36,35.14,0.74,0.71,99.46
2016-02-04,DA NANG,16.044,108.199,2.34,20.92,23.95,19.07,18.85,21.43,88.24,13.66,99.95,3.83,29.8,7.21,35.73,0.75,0.71,99.31
2016-02-05,DA NANG,16.044,108.199,1.77,19.41,22.0,17.75,17.09,20.31,86.64,12.21,100.06,5.21,4.6,6.48,35.18,0.75,0.71,98.89
2016-02-06,DA NANG,16.044,108.199,1.94,17.31,19.21,15.19,13.48,18.45,78.35,9.65,100.4,5.69,5.8,5.61,34.53,0.75,0.71,98.54
2016-02-07,DA NANG,16.044,108.199,0.41,16.55,18.34,15.59,11.99,17.79,74.7,8.74,100.45,4.53,25.3,12.23,32.22,0.74,0.7,91.48
2016-02-08,DA NANG,16.044,108.199,0.37,17.84,19.62,16.75,14.92,18.71,83.4,10.63,100.09,3.3,33.8,9.37,34.45,0.74,0.7,98.78
2016-02-09,DA NANG,16.044,108.199,0.13,19.59,22.25,18.14,16.35,19.99,81.9,11.66,99.83,2.56,52.4,7.4,35.28,0.73,0.7,97.58
2016-02-10,DA NANG,16.044,108.199,0.0,21.05,25.18,18.16,18.03,21.09,83.83,13.02,99.6,2.08,104.4,16.87,33.27,0.73,0.7,63.53
2016-02-11,DA NANG,16.044,108.199,0.0,22.46,28.2,18.63,19.12,22.39,83.82,14.02,99.47,2.4,142.9,20.88,32.27,0.72,0.69,51.29
2016-02-12,DA NANG,16.044,108.199,0.0,23.89,29.92,20.47,18.6,22.9,74.78,13.7,99.35,2.24,158.8,20.15,32.96,0.71,0.69,46.16
2016-02-13,DA NANG,16.044,108.199,0.0,24.32,30.62,20.92,18.63,23.41,73.26,13.64,99.38,2.14,167.1,19.58,33.72,0.71,0.68,60.75
2016-02-14,DA NANG,16.044,108.199,0.02,24.42,30.54,20.24,19.77,23.9,78.19,14.58,99.61,2.5,327.0,19.88,33.94,0.7,0.68,44.28
2016-02-15,DA NANG,16.044,108.199,0.47,20.01,22.77,18.32,17.76,20.54,87.28,12.75,100.19,4.61,349.3,5.35,35.87,0.71,0.68,99.06
2016-02-16,DA NANG,16.044,108.199,0.48,19.67,22.06,18.1,17.62,20.41,88.15,12.59,100.25,3.81,29.0,6.76,35.43,0.71,0.68,99.17
2016-02-17,DA NANG,16.044,108.199,0.22,19.97,23.41,17.91,17.52,20.8,86.24,12.52,100.15,2.94,39.3,7.06,35.93,0.7,0.68,99.09
2016-02-18,DA NANG,16.044,108.199,0.08,20.87,24.43,19.19,18.33,21.33,85.97,13.2,99.98,2.61,56.2,11.83,35.61,0.7,0.68,96.73
2016-02-19,DA NANG,16.044,108.199,0.27,21.9,25.73,19.4,19.45,22.15,86.8,14.17,99.99,2.74,55.6,18.17,35.79,0.7,0.67,86.06
2016-02-20,DA NANG,16.044,108.199,1.32,19.81,23.54,17.72,17.59,20.48,87.29,12.6,100.17,3.77,0.3,5.11,35.43,0.7,0.67,99.35
2016-02-21,DA NANG,16.044,108.199,0.1,21.11,24.51,19.35,18.86,21.37,87.82,13.68,99.95,2.65,107.4,16.51,34.03,0.7,0.67,48.73
2016-02-22,DA NANG,16.044,108.199,0.04,22.7,27.25,19.91,20.1,22.4,86.22,14.78,99.91,1.95,119.4,20.42,34.29,0.69,0.67,36.72
2016-02-23,DA NANG,16.044,108.199,3.22,22.07,25.55,20.03,20.15,22.3,89.42,14.8,100.07,3.03,44.4,13.36,35.78,0.7,0.67,81.23
2016-02-24,DA NANG,16.044,108.199,7.32,19.94,23.08,18.1,18.07,20.51,89.16,12.96,100.4,5.13,18.7,5.41,35.45,0.74,0.68,99.06
2016-02-25,DA NANG,16.044,108.199,2.83,19.3,21.23,18.33,17.51,19.95,89.63,12.48,100.51,5.01,15.6,5.13,34.79,0.73,0.68,99.01
2016-02-26,DA NANG,16.044,108.199,1.15,18.81,21.03,17.44,16.74,19.54,87.98,11.89,100.48,4.9,0.7,5.2,34.94,0.72,0.68,99.05
2016-02-27,DA NANG,16.044,108.199,0.43,18.76,21.48,16.95,16.27,19.56,85.7,11.53,100.36,3.24,12.6,5.77,34.86,0.72,0.68,99.46
2016-02-28,DA NANG,16.044,108.199,0.3,19.29,22.54,17.22,16.72,20.04,85.53,11.88,100.37,3.0,24.4,9.08,35.11,0.71,0.67,99.5
2016-02-29,DA NANG,16.044,108.199,0.12,19.02,22.97,16.85,14.9,19.38,77.84,10.6,100.34,3.02,21.8,13.2,33.48,0.7,0.67,96.52
2016-03-01,DA NANG,16.044,108.199,1.31,20.12,23.29,18.34,17.42,20.53,85.31,12.47,100.11,3.08,42.8,11.1,35.07,0.7,0.67,99.02
2016-03-02,DA NANG,16.044,108.199,4.32,20.82,24.38,18.75,18.5,21.02,86.97,13.34,100.07,3.28,72.8,9.31,35.31,0.72,0.67,93.27
2016-03-03,DA NANG,16.044,108.199,0.56,20.78,24.69,18.19,17.92,20.62,84.58,12.88,99.92,2.4,102.2,21.67,32.41,0.71,0.67,48.65
2016-03-04,DA NANG,16.044,108.199,0.02,21.32,25.92,18.32,18.61,21.39,85.5,13.49,99.68,2.43,123.3,21.62,32.99,0.69,0.66,49.7
2016-03-05,DA NANG,16.044,108.199,0.08,22.06,26.53,19.45,19.61,22.05,86.99,14.38,99.62,2.46,115.8,20.6,34.7,0.68,0.66,65.35
2016-03-06,DA NANG,16.044,108.199,0.05,22.01,26.2,19.24,19.5,22.21,86.62,14.28,99.61,2.61,118.3,20.98,33.69,0.68,0.66,36.9
2016-03-07,DA NANG,16.044,108.199,0.0,23.08,27.43,20.96,20.36,23.03,85.51,15.1,99.35,3.05,134.0,21.17,34.2,0.67,0.65,36.87
2016-03-08,DA NANG,16.044,108.199,0.0,24.7,29.89,22.27,21.53,24.23,83.59,16.27,99.14,2.67,140.4,20.61,35.26,0.67,0.65,72.03
2016-03-09,DA NANG,16.044,108.199,0.01,26.0,31.72,23.54,22.1,25.25,80.6,16.87,99.14,2.46,142.5,19.11,35.59,0.67,0.65,48.71
2016-03-10,DA NANG,16.044,108.199,0.62,22.83,30.51,19.15,19.41,23.23,81.8,14.32,99.7,4.49,331.8,15.61,36.17,0.66,0.64,83.95
2016-03-11,DA NANG,16.044,108.199,0.55,20.24,22.77,18.79,18.04,20.99,87.39,12.98,99.9,3.05,17.5,6.6,35.84,0.67,0.65,99.84
2016-03-12,DA NANG,16.044,108.199,0.0,21.72,24.81,19.92,19.69,21.97,88.77,14.46,99.52,2.11,106.7,9.81,36.22,0.67,0.64,80.21
2016-03-13,DA NANG,16.044,108.199,0.05,24.93,31.79,20.88,21.29,24.67,82.16,15.99,99.48,2.45,25.3,19.88,36.55,0.66,0.64,64.77
2016-03-14,DA NANG,16.044,108.199,0.04,20.42,23.88,18.24,17.73,20.93,84.78,12.76,99.73,3.06,346.3,10.08,36.26,0.66,0.64,99.09
2016-03-15,DA NANG,16.044,108.199,0.0,22.17,25.99,20.18,19.8,22.38,87.22,14.58,99.43,2.28,97.5,12.62,37.53,0.66,0.64,95.66
2016-03-16,DA NANG,16.044,108.199,0.0,25.06,30.69,22.3,21.87,24.82,84.03,16.61,99.23,2.33,126.9,15.39,36.23,0.65,0.63,46.85
2016-03-17,DA NANG,16.044,108.199,0.0,25.31,30.91,21.79,21.63,24.92,81.8,16.38,99.18,2.89,129.8,19.41,35.89,0.64,0.63,43.57
2016-03-18,DA NANG,16.044,108.199,0.0,26.24,33.05,22.73,21.93,25.66,79.3,16.71,99.04,2.55,134.1,20.64,35.88,0.64,0.63,25.66
2016-03-19,DA NANG,16.044,108.199,0.0,25.85,32.06,22.24,22.08,25.43,81.54,16.85,99.14,2.45,123.3,17.1,36.72,0.63,0.62,66.27
2016-03-20,DA NANG,16.044,108.199,0.0,25.07,30.48,21.53,21.45,24.86,81.78,16.21,99.11,3.28,127.1,22.48,34.87,0.63,0.62,21.38
2016-03-21,DA NANG,16.044,108.199,0.0,25.82,32.82,22.36,21.18,25.31,78.35,16.01,99.01,3.05,129.5,21.62,34.64,0.63,0.62,10.69
2016-03-22,DA NANG,16.044,108.199,0.0,25.78,31.04,22.46,21.79,25.48,80.38,16.61,98.98,3.3,129.0,20.54,35.49,0.62,0.61,29.94
2016-03-23,DA NANG,16.044,108.199,0.03,26.1,31.49,23.0,22.3,26.09,81.95,17.15,99.22,1.76,98.4,18.18,36.63,0.62,0.61,70.39
2016-03-24,DA NANG,16.044,108.199,2.39,23.37,28.69,20.59,20.95,23.81,86.84,15.67,99.75,4.3,341.1,6.46,37.05,0.63,0.61,99.87
2016-03-25,DA NANG,16.044,108.199,1.86,20.1,22.96,18.57,17.51,21.0,85.31,12.51,100.25,4.05,358.6,3.69,35.53,0.65,0.62,99.86
2016-03-26,DA NANG,16.044,108.199,1.17,20.64,23.89,18.68,17.75,21.59,84.01,12.7,100.19,3.47,45.8,6.79,35.77,0.64,0.62,99.86
2016-03-27,DA NANG,16.044,108.199,2.42,20.07,22.91,18.49,17.27,20.76,84.14,12.31,100.27,3.46,45.1,6.62,35.58,0.66,0.62,99.14
2016-03-28,DA NANG,16.044,108.199,0.41,20.93,24.01,18.89,17.54,21.15,81.44,12.54,100.12,3.11,89.4,11.46,35.89,0.65,0.62,89.29
2016-03-29,DA NANG,16.044,108.199,0.01,21.38,25.87,17.87,17.82,21.69,81.51,12.8,99.95,2.79,114.3,20.26,33.28,0.64,0.61,37.04
2016-03-30,DA NANG,16.044,108.199,0.03,22.48,26.66,20.11,19.55,22.61,84.79,14.32,99.72,2.75,120.4,21.12,33.83,0.63,0.61,55.17
2016-03-31,DA NANG,16.044,108.199,0.02,23.29,27.31,20.77,20.79,23.45,86.9,15.49,99.53,2.93,125.8,18.07,35.1,0.63,0.61,93.39
2016-04-01,DA NANG,16.044,108.199,0.04,24.08,28.65,21.03,21.33,24.1,85.75,16.04,99.35,3.46,127.4,21.68,34.79,0.62,0.61,77.18
2016-04-02,DA NANG,16.044,108.199,0.63,24.97,28.83,22.92,21.86,24.86,84.09,16.58,99.38,3.33,124.1,22.44,35.3,0.62,0.6,80.64
2016-04-03,DA NANG,16.044,108.199,0.44,25.9,30.8,23.77,22.87,25.72,84.66,17.66,99.34,2.38,127.5,19.17,36.11,0.62,0.6,94.2
2016-04-04,DA NANG,16.044,108.199,0.04,25.5,28.56,23.76,22.7,24.98,84.94,17.48,99.18,2.55,156.9,18.52,36.42,0.63,0.6,97.57
2016-04-05,DA NANG,16.044,108.199,0.06,25.27,28.53,23.01,22.53,24.69,85.33,17.31,99.18,2.79,146.9,16.98,35.65,0.63,0.6,50.13
2016-04-06,DA NANG,16.044,108.199,0.0,26.27,31.34,23.04,22.7,26.15,82.34,17.49,99.18,3.12,125.5,23.12,35.03,0.61,0.6,16.93
2016-04-07,DA NANG,16.044,108.199,0.0,27.0,33.87,23.07,22.51,26.6,79.31,17.32,99.19,2.78,123.1,23.4,35.27,0.6,0.59,19.58
2016-04-08,DA NANG,16.044,108.199,0.0,25.64,30.98,22.65,21.47,25.46,79.88,16.25,99.25,3.49,121.7,20.67,36.34,0.6,0.59,61.04
2016-04-09,DA NANG,16.044,108.199,0.0,26.23,30.71,23.69,22.53,26.15,81.4,17.32,99.15,3.19,129.7,21.05,36.18,0.6,0.59,56.49
2016-04-10,DA NANG,16.044,108.199,0.0,29.09,35.35,25.32,22.85,28.22,71.38,17.76,98.88,2.27,164.9,20.78,36.84,0.59,0.58,7.2
2016-04-11,DA NANG,16.044,108.199,0.04,28.26,35.49,24.32,22.55,27.77,74.53,17.47,98.89,1.55,31.2,21.13,37.12,0.58,0.58,65.97
2016-04-12,DA NANG,16.044,108.199,0.07,28.68,34.53,24.87,23.22,27.99,73.96,18.17,98.72,2.88,148.8,17.98,37.96,0.58,0.58,67.77
2016-04-13,DA NANG,16.044,108.199,0.0,29.98,37.27,25.69,22.88,28.95,68.72,17.88,98.65,2.07,162.1,21.98,36.92,0.57,0.57,13.28
2016-04-14,DA NANG,16.044,108.199,0.0,29.52,38.39,24.82,21.78,28.59,67.9,16.73,98.85,2.38,144.4,23.28,36.23,0.57,0.57,6.62
2016-04-15,DA NANG,16.044,108.199,0.0,28.79,36.96,23.88,21.6,28.2,69.53,16.57,98.94,2.45,136.1,21.2,36.9,0.56,0.56,36.16
2016-04-16,DA NANG,16.044,108.199,0.3,28.96,36.6,25.24,22.01,28.48,71.02,17.04,98.94,2.46,135.3,18.73,37.68,0.56,0.56,69.36
2016-04-17,DA NANG,16.044,108.199,2.47,28.6,34.25,24.87,23.56,28.07,76.3,18.51,99.0,2.53,137.6,18.61,37.91,0.59,0.56,92.55
2016-04-18,DA NANG,16.044,108.199,1.33,25.59,29.53,22.92,23.05,25.83,86.43,17.84,99.43,3.0,332.7,12.2,37.35,0.59,0.57,96.48
2016-04-19,DA NANG,16.044,108.199,0.1,25.91,30.73,22.38,22.2,26.09,81.75,16.95,99.46,3.33,126.6,19.87,36.32,0.58,0.56,83.57
2016-04-20,DA NANG,16.044,108.199,0.13,26.49,31.08,23.4,22.62,26.58,81.17,17.42,99.33,3.6,128.1,22.7,36.35,0.57,0.56,75.9
2016-04-21,DA NANG,16.044,108.199,0.07,26.82,31.59,23.69,23.0,26.84,81.45,17.85,99.14,3.19,126.6,23.06,36.47,0.57,0.56,48.95
2016-04-22,DA NANG,16.044,108.199,0.36,27.58,33.03,24.06,22.92,27.35,77.57,17.78,99.0,2.78,128.7,21.62,37.19,0.57,0.56,67.59
2016-04-23,DA NANG,16.044,108.199,1.26,28.48,34.91,24.62,22.87,28.01,74.07,17.79,98.84,2.8,149.0,13.36,36.99,0.57,0.56,64.22
2016-04-24,DA NANG,16.044,108.199,0.01,28.97,36.22,25.32,22.71,28.59,72.08,17.63,98.88,2.54,134.9,22.76,36.67,0.55,0.55,29.68
2016-04-25,DA NANG,16.044,108.199,0.0,28.79,34.08,25.39,23.16,28.63,73.89,18.06,99.04,2.52,127.6,22.54,36.58,0.55,0.55,32.52
2016-04-26,DA NANG,16.044,108.199,0.01,29.57,36.3,25.97,23.15,29.29,71.81,18.14,98.92,2.53,131.0,23.43,37.54,0.55,0.55,54.67
2016-04-27,DA NANG,16.044,108.199,0.47,29.49,36.02,26.2,23.8,29.19,74.7,18.84,98.9,1.73,112.3,21.16,37.75,0.55,0.54,69.59
2016-04-28,DA NANG,16.044,108.199,0.65,27.25,30.44,25.12,24.39,27.04,85.01,19.4,99.12,1.37,129.6,15.47,38.06,0.57,0.54,97.86
2016-04-29,DA NANG,16.044,108.199,1.52,27.18,30.99,24.73,24.03,27.27,83.91,18.96,99.25,2.39,113.6,15.22,37.35,0.58,0.55,99.14
2016-04-30,DA NANG,16.044,108.199,0.33,26.82,30.61,24.41,23.31,26.92,81.95,18.17,99.13,2.32,126.5,15.44,36.79,0.57,0.55,63.85
2016-05-01,DA NANG,16.044,108.199,0.47,29.0,34.34,26.01,23.62,29.04,75.2,18.63,99.01,2.05,116.4,24.08,37.07,0.55,0.54,50.09
2016-05-02,DA NANG,16.044,108.199,1.02,28.87,34.84,25.59,24.03,28.79,78.09,19.1,99.09,2.88,125.5,22.81,37.84,0.55,0.54,58.8
2016-05-03,DA NANG,16.044,108.199,1.62,27.13,30.28,24.98,24.08,26.77,84.14,19.05,99.12,3.23,151.6,22.09,37.47,0.57,0.54,71.87
2016-05-04,DA NANG,16.044,108.199,0.32,28.86,34.79,25.54,23.85,28.92,77.01,18.85,99.08,2.94,125.9,21.79,37.24,0.56,0.54,96.84
2016-05-05,DA NANG,16.044,108.199,0.24,29.12,33.77,26.2,24.06,29.05,75.98,19.08,99.04,2.61,133.4,23.39,37.39,0.55,0.54,69.42
2016-05-06,DA NANG,16.044,108.199,0.07,28.97,34.36,25.1,23.42,28.75,74.17,18.35,98.99,2.73,145.7,25.29,37.36,0.54,0.54,37.82
2016-05-07,DA NANG,16.044,108.199,0.02,28.93,34.45,24.61,23.23,29.01,74.55,18.21,99.02,3.29,126.4,25.49,36.87,0.53,0.53,37.17
2016-05-08,DA NANG,16.044,108.199,0.02,29.11,34.42,25.67,23.34,29.14,74.07,18.33,99.07,2.88,122.4,24.3,37.36,0.52,0.53,51.35
2016-05-09,DA NANG,16.044,108.199,0.03,29.71,34.97,26.13,23.95,29.63,73.55,18.95,98.99,2.21,129.1,24.68,37.6,0.52,0.53,50.18
2016-05-10,DA NANG,16.044,108.199,0.04,30.21,36.28,26.08,23.96,30.25,72.66,19.03,98.92,1.87,61.8,23.46,37.82,0.51,0.53,67.86
2016-05-11,DA NANG,16.044,108.199,1.38,27.95,32.26,25.48,24.63,28.26,83.26,19.72,98.9,2.0,39.7,20.62,37.65,0.53,0.53,87.17
2016-05-12,DA NANG,16.044,108.199,6.26,28.71,33.66,26.32,24.63,28.54,80.23,19.77,98.85,2.39,130.2,21.07,37.62,0.58,0.53,89.4
2016-05-13,DA NANG,16.044,108.199,4.65,27.65,31.01,25.26,24.71,27.69,85.11,19.8,99.15,2.37,112.5,3.11,37.74,0.63,0.54,97.27
2016-05-14,DA NANG,16.044,108.199,0.06,27.28,31.15,24.95,23.81,27.49,82.67,18.71,99.32,2.53,113.9,24.67,36.63,0.57,0.54,60.81
2016-05-15,DA NANG,16.044,108.199,0.38,27.33,31.34,24.01,23.62,27.66,81.44,18.52,99.29,1.95,67.4,25.64,36.04,0.55,0.54,36.05
2016-05-16,DA NANG,16.044,108.199,0.19,25.75,30.23,22.92,21.54,26.39,78.29,16.3,99.27,3.1,343.1,18.47,36.63,0.54,0.54,71.07
2016-05-17,DA NANG,16.044,108.199,0.12,26.86,30.32,24.94,22.86,27.37,80.01,17.7,99.17,2.14,99.2,22.79,36.52,0.54,0.53,57.51
2016-05-18,DA NANG,16.044,108.199,0.61,27.58,30.97,25.31,24.18,27.77,82.75,19.16,99.07,2.77,126.2,23.87,37.13,0.54,0.53,72.48
2016-05-19,DA NANG,16.044,108.199,0.43,28.63,34.17,25.6,23.72,28.58,77.2,18.78,98.86,2.18,134.3,23.1,37.61,0.54,0.53,84.55
2016-05-20,DA NANG,16.044,108.199,0.3,29.0,33.99,26.11,24.04,29.01,76.47,19.12,98.72,2.18,141.5,19.14,38.24,0.53,0.53,99.7
2016-05-21,DA NANG,16.044,108.199,2.07,28.87,32.7,26.3,24.42,28.65,78.17,19.51,98.93,1.51,350.5,15.79,38.26,0.54,0.53,99.59
2016-05-22,DA NANG,16.044,108.199,1.34,28.05,32.07,25.36,24.24,28.45,81.08,19.26,98.99,1.6,21.8,21.72,37.48,0.55,0.53,93.96
2016-05-23,DA NANG,16.044,108.199,4.14,28.33,31.67,26.19,24.98,28.79,83.16,20.16,98.92,2.85,86.5,21.5,37.86,0.57,0.53,99.36
2016-05-24,DA NANG,16.044,108.199,22.48,27.79,30.46,26.3,25.53,27.81,88.23,20.88,98.7,2.32,97.5,24.34,37.38,0.71,0.55,80.95
2016-05-25,DA NANG,16.044,108.199,11.61,27.7,31.06,25.83,25.32,27.66,87.49,20.63,98.7,1.55,150.6,22.1,37.63,0.72,0.58,97.54
2016-05-26,DA NANG,16.044,108.199,2.04,28.01,31.02,26.14,24.78,27.99,83.36,19.94,98.76,1.91,121.1,20.25,37.81,0.65,0.58,91.27
2016-05-27,DA NANG,16.044,108.199,2.05,28.21,31.22,25.95,25.43,28.21,85.58,20.73,98.79,1.74,131.3,19.78,37.84,0.64,0.58,97.78
2016-05-28,DA NANG,16.044,108.199,2.64,27.69,31.42,26.0,25.1,27.82,86.48,20.31,98.86,2.12,141.6,22.15,38.14,0.64,0.58,92.31
2016-05-29,DA NANG,16.044,108.199,0.66,27.72,31.14,25.68,24.42,27.83,83.15,19.51,98.89,2.14,137.2,19.55,38.06,0.62,0.57,56.51
2016-05-30,DA NANG,16.044,108.199,5.15,28.51,31.91,26.07,25.02,28.51,82.3,20.2,98.98,1.92,135.6,25.95,37.68,0.64,0.57,32.07
2016-05-31,DA NANG,16.044,108.199,2.13,29.0,33.5,26.33,24.57,29.05,78.6,19.65,99.08,1.92,121.9,26.89,37.28,0.62,0.57,31.99
2016-06-01,DA NANG,16.044,108.199,0.35,29.7,34.87,26.49,24.36,29.66,74.97,19.44,99.01,2.11,140.5,26.66,37.22,0.59,0.56,23.63
2016-06-02,DA NANG,16.044,108.199,1.26,29.98,35.46,26.55,24.24,29.98,73.58,19.32,98.9,2.43,166.5,26.73,37.65,0.58,0.55,33.87
2016-06-03,DA NANG,16.044,108.199,3.54,30.04,35.13,26.53,24.15,29.9,73.23,19.27,98.92,2.38,195.2,26.26,37.74,0.59,0.55,37.68
2016-06-04,DA NANG,16.044,108.199,0.36,29.63,34.33,26.34,23.9,29.57,73.06,18.89,98.99,2.11,186.9,25.67,37.44,0.58,0.55,25.01
2016-06-05,DA NANG,16.044,108.199,3.24,29.39,33.95,26.42,24.32,29.58,75.63,19.36,98.99,2.26,184.2,26.51,37.79,0.58,0.54,28.08
2016-06-06,DA NANG,16.044,108.199,2.24,28.4,32.16,25.94,24.28,28.72,79.52,19.3,99.02,1.77,131.2,25.42,37.63,0.59,0.54,68.89
2016-06-07,DA NANG,16.044,108.199,10.81,28.56,32.43,26.02,24.52,28.6,79.91,19.59,98.98,1.63,177.8,22.45,38.22,0.68,0.56,92.93
2016-06-08,DA NANG,16.044,108.199,3.12,28.56,32.33,25.98,24.68,28.67,80.59,19.81,98.87,1.81,202.8,19.0,38.33,0.63,0.56,99.35
2016-06-09,DA NANG,16.044,108.199,0.98,29.37,34.32,25.74,24.09,29.29,75.0,19.19,98.81,2.24,207.1,16.86,38.15,0.6,0.55,99.59
2016-06-10,DA NANG,16.044,108.199,0.92,29.41,33.63,26.21,24.49,29.34,76.39,19.63,98.85,1.93,203.2,22.41,38.38,0.59,0.55,95.94
2016-06-11,DA NANG,16.044,108.199,0.85,29.42,33.75,26.19,24.63,29.47,77.04,19.77,98.9,2.24,149.6,23.75,38.46,0.58,0.55,91.28
2016-06-12,DA NANG,16.044,108.199,0.32,30.21,35.91,26.96,24.58,30.25,74.01,19.79,98.84,2.22,159.2,23.36,38.18,0.57,0.54,95.76
2016-06-13,DA NANG,16.044,108.199,0.27,30.21,35.34,26.44,24.39,30.2,72.94,19.54,98.74,2.16,181.3,26.05,37.77,0.55,0.53,36.84
2016-06-14,DA NANG,16.044,108.199,0.19,31.1,36.59,27.4,24.61,31.04,70.58,19.86,98.66,2.04,186.2,26.63,38.06,0.54,0.53,36.29
2016-06-15,DA NANG,16.044,108.199,0.13,30.27,35.28,26.71,23.97,30.61,70.78,19.02,98.75,2.39,183.6,25.78,38.03,0.53,0.53,71.89
2016-06-16,DA NANG,16.044,108.199,0.54,29.3,33.48,26.17,24.17,29.66,75.3,19.23,98.83,1.97,133.3,24.8,37.92,0.53,0.52,88.45
2016-06-17,DA NANG,16.044,108.199,0.39,28.68,32.14,26.31,23.66,29.03,75.53,18.61,99.02,1.84,130.0,23.5,37.71,0.53,0.52,64.18
2016-06-18,DA NANG,16.044,108.199,0.11,28.96,32.93,25.89,24.07,29.4,76.38,19.06,99.1,2.37,124.4,26.82,36.86,0.53,0.52,40.76
2016-06-19,DA NANG,16.044,108.199,0.03,29.29,34.12,25.28,23.12,29.73,71.59,18.06,99.01,3.76,129.4,23.5,37.16,0.51,0.52,86.86
2016-06-20,DA NANG,16.044,108.199,0.07,28.63,32.88,25.4,22.24,29.09,70.73,17.17,98.9,3.17,134.2,23.01,37.2,0.51,0.51,88.69
2016-06-21,DA NANG,16.044,108.199,1.0,28.57,32.49,25.64,23.46,29.17,75.64,18.42,98.9,3.16,120.1,22.21,37.42,0.51,0.51,92.54
2016-06-22,DA NANG,16.044,108.199,1.22,28.23,32.1,25.6,23.88,28.99,78.67,18.88,98.9,3.48,115.5,12.97,37.74,0.51,0.51,92.16
2016-06-23,DA NANG,16.044,108.199,1.01,28.39,32.66,25.67,23.87,28.76,78.1,18.9,98.82,2.54,131.8,24.37,37.37,0.52,0.51,58.49
2016-06-24,DA NANG,16.044,108.199,3.49,28.11,31.16,26.01,24.01,28.45,79.29,19.02,98.87,1.72,86.7,24.07,37.83,0.55,0.51,81.47
2016-06-25,DA NANG,16.044,108.199,8.77,27.56,30.44,25.61,23.94,27.79,81.05,18.9,98.96,1.98,357.1,13.95,38.19,0.62,0.53,99.58
2016-06-26,DA NANG,16.044,108.199,11.29,27.82,30.5,26.06,23.96,28.21,80.21,18.98,98.79,1.85,3.8,21.24,38.06,0.64,0.54,77.33
2016-06-27,DA NANG,16.044,108.199,19.83,27.77,30.84,25.62,24.43,28.28,82.93,19.56,98.64,2.38,78.6,20.7,37.7,0.74,0.56,92.13
2016-06-28,DA NANG,16.044,108.199,11.99,27.41,29.74,25.82,24.81,27.83,86.17,19.97,98.74,2.7,115.2,21.69,37.7,0.71,0.58,93.75
2016-06-29,DA NANG,16.044,108.199,6.13,28.33,31.63,26.01,24.74,28.36,82.04,19.9,98.85,2.66,151.8,19.54,38.07,0.68,0.58,98.55
2016-06-30,DA NANG,16.044,108.199,0.18,28.52,32.2,26.0,24.29,28.46,78.97,19.37,98.9,2.08,151.7,24.84,37.41,0.64,0.57,76.35
2016-07-01,DA NANG,16.044,108.199,0.15,29.0,32.37,26.82,24.7,28.97,78.45,19.83,98.89,1.74,127.7,24.19,37.56,0.61,0.56,92.5
2016-07-02,DA NANG,16.044,108.199,0.12,28.04,31.44,25.53,23.85,28.11,78.74,18.79,99.04,1.85,204.5,22.35,38.16,0.6,0.56,89.73
2016-07-03,DA NANG,16.044,108.199,0.24,29.26,33.52,25.73,23.89,29.08,74.07,18.89,98.96,1.66,194.8,22.91,37.63,0.59,0.55,87.61
2016-07-04,DA NANG,16.044,108.199,10.24,29.25,34.27,25.8,23.93,29.03,74.75,18.99,98.74,1.83,231.1,18.93,38.38,0.63,0.55,96.05
2016-07-05,DA NANG,16.044,108.199,23.9,27.23,30.35,24.95,23.98,27.45,83.33,19.05,98.74,1.69,167.0,13.59,38.53,0.75,0.57,98.57
2016-07-06,DA NANG,16.044,108.199,2.14,27.89,31.54,24.62,23.17,28.01,76.4,18.1,98.81,1.85,183.9,21.49,37.58,0.68,0.59,82.29
2016-07-07,DA NANG,16.044,108.199,1.18,28.17,32.35,25.96,23.19,28.47,75.87,18.14,98.81,2.13,80.8,24.07,37.28,0.62,0.57,58.12
2016-07-08,DA NANG,16.044,108.199,2.39,28.61,32.77,25.91,24.4,28.88,79.18,19.51,98.65,2.15,167.9,25.95,37.54,0.62,0.57,52.26
2016-07-09,DA NANG,16.044,108.199,2.65,29.42,34.19,26.31,24.63,29.46,76.86,19.85,98.5,1.9,185.2,25.07,37.79,0.62,0.56,87.8
2016-07-10,DA NANG,16.044,108.199,5.12,29.63,33.8,26.47,24.69,29.45,75.92,19.93,98.46,1.67,235.8,24.8,37.97,0.64,0.56,74.26
2016-07-11,DA NANG,16.044,108.199,7.44,28.9,33.17,26.0,24.73,29.1,79.65,19.95,98.59,1.97,183.3,25.65,37.97,0.66,0.56,64.23
2016-07-12,DA NANG,16.044,108.199,10.39,27.78,30.25,25.78,24.34,27.97,81.86,19.44,98.68,2.18,221.2,22.86,37.91,0.7,0.58,81.79
2016-07-13,DA NANG,16.044,108.199,2.11,28.78,33.5,26.06,24.15,28.81,77.11,19.22,98.66,1.42,193.5,21.03,38.19,0.64,0.57,54.41
2016-07-14,DA NANG,16.044,108.199,1.76,28.71,32.24,25.92,24.28,28.69,78.01,19.36,98.83,2.15,191.6,26.06,37.43,0.63,0.57,15.59
2016-07-15,DA NANG,16.044,108.199,0.52,28.96,32.97,26.6,24.51,29.06,78.06,19.6,98.9,1.95,141.7,26.97,37.3,0.61,0.56,12.08
2016-07-16,DA NANG,16.044,108.199,0.64,29.9,34.05,26.86,24.39,29.84,73.88,19.47,99.03,1.56,135.9,26.44,37.48,0.59,0.55,9.61
2016-07-17,DA NANG,16.044,108.199,0.61,29.45,32.53,27.03,25.05,29.4,78.16,20.26,98.95,1.55,137.5,26.24,37.54,0.59,0.55,27.41
2016-07-18,DA NANG,16.044,108.199,0.38,29.5,33.98,25.67,24.5,29.56,76.14,19.65,98.78,1.73,164.9,25.23,37.67,0.58,0.54,75.7
2016-07-19,DA NANG,16.044,108.199,0.62,29.39,34.22,26.69,24.39,29.63,76.34,19.54,98.85,2.19,133.7,25.48,37.5,0.57,0.54,47.04
2016-07-20,DA NANG,16.044,108.199,1.0,28.86,33.08,25.98,24.04,29.3,76.98,19.07,98.98,2.76,119.8,26.66,37.08,0.56,0.54,30.56
2016-07-21,DA NANG,16.044,108.199,2.11,28.66,33.53,25.74,24.1,29.04,78.03,19.1,99.15,2.49,133.7,26.6,36.94,0.56,0.53,25.39
2016-07-22,DA NANG,16.044,108.199,0.46,28.37,33.24,25.02,23.2,28.88,75.73,18.1,99.11,2.96,131.0,26.31,36.65,0.54,0.53,36.38
2016-07-23,DA NANG,16.044,108.199,0.78,28.29,31.8,25.41,23.23,28.55,74.83,18.08,99.07,1.87,126.2,25.69,36.71,0.54,0.53,22.31
2016-07-24,DA NANG,16.044,108.199,0.6,28.98,33.41,26.14,23.06,29.43,72.08,17.94,99.02,1.94,97.4,26.89,36.79,0.53,0.52,55.93
2016-07-25,DA NANG,16.044,108.199,0.74,28.73,33.0,25.52,23.35,29.13,73.97,18.24,98.96,2.14,60.1,25.6,36.73,0.53,0.52,41.16
2016-07-26,DA NANG,16.044,108.199,2.01,28.45,32.67,25.58,22.97,29.0,73.78,17.88,98.85,2.4,103.2,18.08,37.53,0.53,0.52,95.12
2016-07-27,DA NANG,16.044,108.199,11.34,28.27,33.0,24.73,23.52,28.65,77.27,18.51,98.83,2.43,151.7,10.71,37.44,0.64,0.53,99.33
2016-07-28,DA NANG,16.044,108.199,1.95,28.58,32.91,26.26,23.31,29.06,75.66,18.36,98.91,2.58,128.7,24.41,37.08,0.58,0.53,81.26
2016-07-29,DA NANG,16.044,108.199,0.9,28.48,32.62,25.58,23.67,28.93,77.02,18.65,99.0,2.63,126.1,25.07,37.05,0.56,0.53,53.95
2016-07-30,DA NANG,16.044,108.199,0.6,28.63,33.45,25.02,23.4,29.11,75.09,18.34,98.92,1.98,103.8,26.21,36.67,0.54,0.53,40.73
2016-07-31,DA NANG,16.044,108.199,0.36,28.86,33.52,25.22,22.33,29.28,69.31,17.21,98.72,2.21,354.5,26.11,36.51,0.53,0.52,65.95
2016-08-01,DA NANG,16.044,108.199,0.53,29.63,34.38,25.96,23.3,30.08,70.85,18.35,98.48,2.37,279.8,20.83,37.36,0.52,0.52,99.19
2016-08-02,DA NANG,16.044,108.199,1.69,29.1,33.89,25.81,23.78,29.2,74.47,18.88,98.33,2.43,222.4,20.01,37.34,0.53,0.52,98.52
2016-08-03,DA NANG,16.044,108.199,3.24,29.05,33.97,26.25,23.92,29.37,75.99,19.03,98.55,2.08,119.7,22.13,37.36,0.55,0.52,87.73
2016-08-04,DA NANG,16.044,108.199,12.21,28.85,33.23,26.4,24.13,29.38,77.37,19.23,98.75,1.89,100.2,24.94,37.54,0.6,0.52,63.43
2016-08-05,DA NANG,16.044,108.199,4.29,28.52,31.55,26.55,24.1,28.75,77.81,19.11,98.9,1.8,84.7,24.41,37.33,0.64,0.54,31.04
2016-08-06,DA NANG,16.044,108.199,1.21,28.94,32.74,26.55,24.01,29.39,75.88,19.04,98.77,2.01,43.9,26.08,37.13,0.58,0.54,19.41
2016-08-07,DA NANG,16.044,108.199,4.59,29.84,34.43,26.64,24.17,30.24,73.69,19.3,98.67,2.09,141.8,26.21,37.48,0.59,0.54,49.93
2016-08-08,DA NANG,16.044,108.199,2.64,30.08,35.13,26.79,24.31,30.37,73.18,19.44,98.68,2.13,181.1,25.57,37.62,0.58,0.54,41.53
2016-08-09,DA NANG,16.044,108.199,1.03,29.89,35.25,26.15,24.03,30.03,72.62,19.15,98.56,2.18,233.1,25.4,37.78,0.56,0.53,71.22
2016-08-10,DA NANG,16.044,108.199,6.08,29.42,33.99,26.2,24.66,29.62,77.29,19.88,98.53,2.46,225.5,24.01,38.06,0.59,0.53,72.67
2016-08-11,DA NANG,16.044,108.199,4.89,28.65,32.0,26.25,24.98,28.86,81.37,20.25,98.55,1.85,217.6,23.9,38.51,0.61,0.54,77.18
2016-08-12,DA NANG,16.044,108.199,4.42,28.45,31.51,25.95,24.01,28.62,77.51,19.08,98.49,2.14,233.8,18.69,38.3,0.62,0.54,98.59
2016-08-13,DA NANG,16.044,108.199,2.77,29.92,34.41,26.9,24.35,29.93,73.34,19.54,98.28,2.14,251.6,18.73,38.44,0.58,0.54,99.39
2016-08-14,DA NANG,16.044,108.199,2.78,29.69,33.98,26.6,24.26,29.55,73.96,19.45,98.2,2.68,241.8,16.64,38.69,0.58,0.54,98.99
2016-08-15,DA NANG,16.044,108.199,2.96,29.19,33.8,25.77,23.5,29.23,72.88,18.57,98.25,2.98,244.3,21.07,38.18,0.57,0.53,94.3
2016-08-16,DA NANG,16.044,108.199,2.23,29.3,33.9,26.55,22.88,29.24,69.59,17.88,98.27,4.59,252.5,17.44,38.64,0.56,0.53,97.05
2016-08-17,DA NANG,16.044,108.199,1.42,28.93,32.37,26.69,22.51,28.8,69.37,17.52,98.14,5.37,254.9,13.33,38.15,0.54,0.52,99.46
2016-08-18,DA NANG,16.044,108.199,5.36,28.63,32.13,26.82,23.39,28.41,73.76,18.5,97.89,5.1,241.1,8.49,37.78,0.57,0.53,99.28
2016-08-19,DA NANG,16.044,108.199,2.06,29.36,34.05,26.34,23.86,29.16,73.59,18.97,98.27,3.29,205.9,16.44,37.99,0.55,0.52,92.44
2016-08-20,DA NANG,16.044,108.199,4.73,30.12,35.65,25.91,23.98,30.3,71.96,19.09,98.64,1.96,214.0,25.38,37.72,0.56,0.52,24.11
2016-08-21,DA NANG,16.044,108.199,16.48,29.85,34.64,26.98,24.36,29.78,74.04,19.52,98.58,2.12,320.7,24.24,37.99,0.66,0.54,69.19
2016-08-22,DA NANG,16.044,108.199,14.9,28.26,31.07,26.17,24.88,28.35,82.53,20.09,98.58,2.08,327.7,22.17,38.24,0.73,0.57,83.35
2016-08-23,DA NANG,16.044,108.199,23.66,27.46,30.1,25.79,24.83,27.93,85.92,20.04,98.58,2.18,56.2,21.69,37.97,0.76,0.58,94.44
2016-08-24,DA NANG,16.044,108.199,16.6,28.04,31.53,25.94,24.42,28.43,81.73,19.58,98.58,2.14,47.0,17.46,37.85,0.76,0.61,99.55
2016-08-25,DA NANG,16.044,108.199,3.99,27.77,30.73,25.62,24.5,28.32,82.89,19.6,98.74,1.96,32.7,16.5,37.96,0.69,0.61,93.47
2016-08-26,DA NANG,16.044,108.199,25.51,28.77,33.15,26.3,24.69,29.09,80.04,19.84,98.83,2.38,51.0,23.93,38.12,0.74,0.6,79.58
2016-08-27,DA NANG,16.044,108.199,4.01,28.19,32.16,25.02,24.96,28.51,83.34,20.15,98.93,2.8,244.0,23.58,37.6,0.73,0.62,74.54
2016-08-28,DA NANG,16.044,108.199,26.96,28.7,32.99,26.26,23.99,28.92,77.06,19.02,98.88,2.1,274.3,23.17,37.88,0.74,0.61,77.14
2016-08-29,DA NANG,16.044,108.199,11.02,27.92,30.84,25.68,24.26,28.32,81.39,19.37,98.95,1.75,152.0,19.0,37.98,0.76,0.63,92.17
2016-08-30,DA NANG,16.044,108.199,3.27,28.54,32.1,26.2,24.39,28.77,79.27,19.44,99.0,1.85,161.0,18.52,37.73,0.71,0.62,75.96
2016-08-31,DA NANG,16.044,108.199,1.78,29.0,31.96,26.1,24.3,28.83,76.44,19.33,98.96,1.62,225.9,22.9,37.6,0.68,0.61,77.86
2016-09-01,DA NANG,16.044,108.199,0.38,29.46,33.51,26.6,24.17,29.23,74.03,19.24,98.7,1.9,245.8,20.78,38.02,0.66,0.6,97.87
2016-09-02,DA NANG,16.044,108.199,5.97,29.8,33.9,26.48,24.63,29.64,75.1,19.82,98.62,1.63,243.0,21.21,38.0,0.67,0.59,96.81
2016-09-03,DA NANG,16.044,108.199,1.0,29.17,32.64,26.16,24.33,28.85,75.84,19.42,98.73,1.61,246.9,22.68,38.05,0.65,0.58,96.47
2016-09-04,DA NANG,16.044,108.199,12.46,28.71,31.91,26.45,24.86,28.72,80.35,20.04,98.79,1.79,315.5,21.53,38.24,0.69,0.58,95.16
2016-09-05,DA NANG,16.044,108.199,24.72,27.56,30.6,26.07,24.94,27.94,86.23,20.18,98.82,1.49,120.9,5.32,38.17,0.81,0.62,98.06
2016-09-06,DA NANG,16.044,108.199,7.48,28.11,30.88,26.39,24.73,28.19,82.38,19.87,98.86,1.72,159.6,22.48,37.95,0.75,0.63,85.5
2016-09-07,DA NANG,16.044,108.199,10.21,28.06,31.8,25.64,24.19,28.21,80.26,19.21,98.94,1.69,172.8,18.75,37.42,0.74,0.63,98.79
2016-09-08,DA NANG,16.044,108.199,18.33,28.28,31.91,26.13,24.35,28.58,80.24,19.39,99.03,1.8,141.3,23.05,37.38,0.79,0.64,86.86
2016-09-09,DA NANG,16.044,108.199,3.07,28.66,32.85,25.67,24.53,29.0,79.52,19.61,98.96,1.99,199.8,23.78,37.48,0.72,0.64,81.42
2016-09-10,DA NANG,16.044,108.199,6.88,28.36,31.21,26.39,24.23,28.6,79.18,19.29,98.82,1.61,123.0,23.89,37.58,0.72,0.63,86.88
2016-09-11,DA NANG,16.044,108.199,32.2,27.72,29.55,26.43,25.11,28.15,85.97,20.32,98.81,2.46,43.6,21.0,37.71,0.79,0.64,90.87
2016-09-12,DA NANG,16.044,108.199,144.76,27.45,28.49,26.51,25.78,27.74,90.59,21.19,98.57,5.12,43.3,10.81,38.41,0.99,0.74,98.93
2016-09-13,DA NANG,16.044,108.199,55.32,26.74,28.47,25.38,24.69,26.88,88.54,19.83,98.69,5.58,113.4,20.03,37.85,0.9,0.8,80.3
2016-09-14,DA NANG,16.044,108.199,42.51,27.95,31.52,25.58,24.08,28.1,80.5,19.1,98.88,2.3,315.2,20.96,37.47,0.89,0.82,90.35
2016-09-15,DA NANG,16.044,108.199,8.32,27.9,30.92,26.01,24.44,28.03,81.99,19.51,98.84,2.47,327.4,23.14,36.95,0.82,0.8,48.38
2016-09-16,DA NANG,16.044,108.199,1.9,27.67,30.53,25.59,23.9,27.83,80.5,18.9,98.84,2.68,325.5,23.17,36.65,0.77,0.76,59.72
2016-09-17,DA NANG,16.044,108.199,13.69,27.72,30.55,26.09,24.23,27.81,81.86,19.26,98.91,1.54,339.3,17.32,37.38,0.79,0.74,88.1
2016-09-18,DA NANG,16.044,108.199,8.45,27.92,32.14,26.2,24.17,27.91,80.92,19.24,98.93,1.43,41.6,20.87,37.16,0.78,0.73,80.47
2016-09-19,DA NANG,16.044,108.199,16.13,27.46,29.88,26.03,24.25,27.62,83.12,19.28,98.96,1.99,56.4,19.94,37.33,0.79,0.72,82.15
2016-09-20,DA NANG,16.044,108.199,96.27,27.57,29.5,26.59,25.11,27.96,86.9,20.28,99.07,3.34,22.8,16.89,37.44,0.94,0.77,99.38
2016-09-21,DA NANG,16.044,108.199,98.44,26.66,28.77,25.33,24.98,26.95,90.51,20.08,99.18,3.0,84.2,6.98,37.38,0.97,0.85,98.89
2016-09-22,DA NANG,16.044,108.199,56.13,26.0,28.06,24.29,24.28,26.56,90.37,19.27,99.12,2.31,73.1,4.61,37.44,0.94,0.89,99.59
2016-09-23,DA NANG,16.044,108.199,8.65,26.41,28.83,25.23,24.12,26.94,87.65,19.11,99.0,3.03,109.7,9.99,37.53,0.85,0.86,99.28
2016-09-24,DA NANG,16.044,108.199,11.92,26.77,28.93,25.35,24.65,27.14,88.41,19.74,98.96,2.99,110.9,14.15,37.6,0.85,0.83,99.22
2016-09-25,DA NANG,16.044,108.199,3.27,26.7,28.57,25.61,24.04,26.88,85.58,19.01,99.06,1.47,70.4,20.58,37.15,0.81,0.81,95.2
2016-09-26,DA NANG,16.044,108.199,5.32,26.94,28.72,25.5,24.28,27.09,85.57,19.3,99.02,1.81,52.0,9.38,37.0,0.81,0.79,83.13
2016-09-27,DA NANG,16.044,108.199,0.63,27.76,32.09,24.72,23.28,27.91,77.86,18.18,98.87,1.85,102.9,23.46,36.24,0.78,0.78,73.77
2016-09-28,DA NANG,16.044,108.199,1.11,28.44,32.03,25.53,24.2,28.26,78.53,19.25,98.74,1.86,313.4,22.89,36.73,0.77,0.76,64.1
2016-09-29,DA NANG,16.044,108.199,5.51,27.08,29.42,25.32,24.71,27.04,87.13,19.84,98.81,2.77,321.4,18.04,37.08,0.8,0.77,96.51
2016-09-30,DA NANG,16.044,108.199,5.52,26.74,29.42,24.92,24.38,27.04,87.22,19.42,98.91,2.99,351.1,14.16,37.31,0.79,0.77,99.16
2016-10-01,DA NANG,16.044,108.199,2.51,25.85,27.73,24.59,23.74,26.31,88.36,18.65,99.08,2.9,334.0,9.84,37.44,0.78,0.77,99.09
2016-10-02,DA NANG,16.044,108.199,1.34,26.45,29.06,24.93,24.02,26.95,86.89,18.98,99.01,3.54,349.3,16.29,37.17,0.77,0.76,95.87
2016-10-03,DA NANG,16.044,108.199,4.39,26.45,28.21,25.44,24.39,26.76,88.52,19.42,98.94,2.32,26.9,15.99,37.06,0.79,0.76,94.72
2016-10-04,DA NANG,16.044,108.199,5.13,26.27,28.33,25.18,24.46,26.61,89.88,19.52,98.92,2.1,51.9,20.57,36.91,0.79,0.76,96.97
2016-10-05,DA NANG,16.044,108.199,7.94,26.21,27.91,24.88,24.28,26.35,89.12,19.31,98.95,2.39,38.4,18.17,37.16,0.81,0.77,93.43
2016-10-06,DA NANG,16.044,108.199,21.32,26.18,27.96,25.06,24.31,26.54,89.58,19.31,99.04,2.3,3.0,8.77,37.41,0.86,0.78,99.32
2016-10-07,DA NANG,16.044,108.199,16.37,26.12,27.92,24.51,23.88,26.21,87.55,18.81,99.09,2.46,339.2,17.05,36.96,0.85,0.8,98.9
2016-10-08,DA NANG,16.044,108.199,19.09,26.66,29.55,24.49,23.93,26.85,85.63,18.88,99.1,2.49,326.6,11.1,37.11,0.86,0.81,98.85
2016-10-09,DA NANG,16.044,108.199,6.62,26.62,29.14,25.11,23.81,26.61,84.91,18.76,99.06,2.35,351.1,18.93,36.74,0.83,0.8,65.74
2016-10-10,DA NANG,16.044,108.199,5.99,26.88,30.06,24.74,23.49,27.11,82.42,18.38,99.06,2.28,17.7,17.43,37.05,0.82,0.8,96.37
2016-10-11,DA NANG,16.044,108.199,38.81,26.57,29.5,24.53,24.08,26.86,86.51,19.04,99.07,3.11,41.0,16.19,37.18,0.9,0.82,80.93
2016-10-12,DA NANG,16.044,108.199,21.79,26.44,28.84,25.13,23.92,26.74,86.5,18.88,98.99,3.55,352.9,15.7,37.25,0.88,0.83,97.19
2016-10-13,DA NANG,16.044,108.199,85.07,25.98,27.16,25.0,24.81,26.19,93.22,19.95,98.78,2.83,11.1,2.6,37.32,0.96,0.87,99.19
2016-10-14,DA NANG,16.044,108.199,35.22,26.36,27.72,25.5,25.09,26.51,92.73,20.27,98.87,4.69,107.2,16.74,37.19,0.94,0.9,99.21
2016-10-15,DA NANG,16.044,108.199,39.61,26.15,27.69,25.31,24.8,26.28,92.25,19.88,99.07,3.22,71.4,8.42,37.53,0.94,0.9,99.59
2016-10-16,DA NANG,16.044,108.199,25.81,26.03,28.76,24.13,23.85,26.17,87.93,18.78,99.08,3.99,34.2,15.78,36.86,0.93,0.91,95.8
2016-10-17,DA NANG,16.044,108.199,6.62,26.14,29.0,24.15,23.62,26.33,86.45,18.58,98.78,5.38,309.0,12.09,37.12,0.88,0.89,99.51
2016-10-18,DA NANG,16.044,108.199,1.38,25.89,28.67,23.57,23.47,25.82,86.88,18.43,98.67,3.98,287.2,6.4,36.76,0.87,0.88,99.42
2016-10-19,DA NANG,16.044,108.199,0.06,26.72,30.38,24.4,23.22,26.95,82.08,18.12,98.79,2.19,126.3,17.46,36.71,0.86,0.87,71.15
2016-10-20,DA NANG,16.044,108.199,0.54,27.02,30.37,24.74,23.85,27.24,83.52,18.85,98.71,1.81,148.2,18.8,36.92,0.85,0.86,98.42
2016-10-21,DA NANG,16.044,108.199,0.44,27.52,31.39,25.48,24.47,27.51,84.16,19.55,98.83,2.08,307.9,18.54,36.78,0.85,0.85,98.09
2016-10-22,DA NANG,16.044,108.199,0.62,27.44,31.16,24.72,23.89,27.47,81.88,18.89,98.95,1.76,139.9,20.0,36.73,0.84,0.85,90.26
2016-10-23,DA NANG,16.044,108.199,8.36,26.65,30.33,24.05,23.32,27.02,82.94,18.21,99.03,2.14,120.7,19.19,37.17,0.86,0.85,80.13
2016-10-24,DA NANG,16.044,108.199,9.11,26.13,28.92,24.26,23.58,26.7,86.37,18.48,99.07,2.67,117.8,18.42,36.47,0.87,0.86,55.29
2016-10-25,DA NANG,16.044,108.199,13.8,26.43,28.44,24.98,24.51,26.61,89.39,19.5,99.27,3.41,120.6,11.48,36.83,0.88,0.86,87.18
2016-10-26,DA NANG,16.044,108.199,35.14,26.16,28.06,24.82,24.05,26.24,88.36,18.93,99.52,2.57,97.0,19.53,36.5,0.93,0.88,37.54
2016-10-27,DA NANG,16.044,108.199,8.72,25.86,28.42,23.81,22.59,25.9,82.4,17.31,99.59,1.89,57.1,21.34,35.51,0.89,0.9,29.03
2016-10-28,DA NANG,16.044,108.199,2.11,25.97,28.45,24.02,23.33,26.24,85.68,18.12,99.5,2.33,47.8,18.72,36.46,0.87,0.88,80.96
2016-10-29,DA NANG,16.044,108.199,17.17,26.02,28.09,24.84,23.82,26.33,87.86,18.65,99.54,3.3,56.4,16.66,36.7,0.9,0.88,96.45
2016-10-30,DA NANG,16.044,108.199,41.06,25.72,27.31,24.99,24.54,25.73,93.22,19.48,99.58,3.59,73.1,14.69,36.81,0.95,0.91,97.26
2016-10-31,DA NANG,16.044,108.199,53.73,26.05,27.11,25.3,24.87,26.18,93.26,19.87,99.59,4.16,62.8,17.03,37.16,0.96,0.93,89.85
2016-11-01,DA NANG,16.044,108.199,37.36,25.28,26.46,24.61,23.75,25.36,91.19,18.54,99.64,6.17,52.2,12.32,37.16,0.96,0.96,99.22
2016-11-02,DA NANG,16.044,108.199,17.1,24.74,26.57,23.61,22.62,24.95,88.01,17.29,99.73,6.7,47.0,11.42,37.04,0.94,0.96,99.26
2016-11-03,DA NANG,16.044,108.199,8.08,24.05,25.63,23.07,22.0,24.44,88.35,16.66,99.65,5.32,39.9,11.46,36.83,0.92,0.95,97.61
2016-11-04,DA NANG,16.044,108.199,1.94,23.93,26.03,22.48,21.59,24.28,86.79,16.28,99.41,3.45,52.0,15.3,35.6,0.91,0.94,98.25
2016-11-05,DA NANG,16.044,108.199,6.49,25.13,27.64,23.89,23.19,25.51,89.31,18.0,99.22,3.1,73.2,14.3,37.42,0.91,0.93,97.71
2016-11-06,DA NANG,16.044,108.199,18.77,25.75,27.67,24.29,24.56,25.8,93.22,19.55,99.32,3.92,89.8,9.98,37.76,0.93,0.94,97.58
2016-11-07,DA NANG,16.044,108.199,24.18,25.94,28.21,24.58,24.45,26.09,91.68,19.39,99.44,3.68,91.8,13.89,37.88,0.94,0.94,89.77
2016-11-08,DA NANG,16.044,108.199,24.99,25.86,28.04,24.11,24.17,25.92,90.44,19.05,99.58,4.13,91.4,12.48,36.97,0.94,0.96,75.81
2016-11-09,DA NANG,16.044,108.199,5.23,25.05,27.84,23.13,22.49,25.19,86.08,17.16,99.72,3.45,66.4,18.18,35.76,0.92,0.95,48.05
2016-11-10,DA NANG,16.044,108.199,9.25,24.15,27.11,22.44,22.14,24.86,88.76,16.79,99.77,3.89,20.0,12.83,37.13,0.93,0.95,94.43
2016-11-11,DA NANG,16.044,108.199,12.57,24.63,26.58,23.56,23.0,25.02,90.71,17.71,99.68,3.59,54.5,6.96,37.36,0.93,0.95,97.47
2016-11-12,DA NANG,16.044,108.199,16.46,25.13,27.66,23.62,23.23,25.18,89.43,17.97,99.66,2.88,84.8,14.28,36.66,0.93,0.95,54.99
2016-11-13,DA NANG,16.044,108.199,18.61,25.39,28.19,23.79,23.0,25.4,86.84,17.73,99.59,2.03,85.0,18.63,35.62,0.94,0.95,21.89
2016-11-14,DA NANG,16.044,108.199,19.81,25.38,28.29,23.37,22.59,25.52,84.81,17.31,99.55,2.42,72.7,19.92,34.91,0.93,0.96,16.14
2016-11-15,DA NANG,16.044,108.199,1.36,24.9,27.69,22.98,21.79,25.02,83.14,16.46,99.61,2.59,45.2,19.53,34.83,0.92,0.95,21.98
2016-11-16,DA NANG,16.044,108.199,11.05,25.01,27.54,23.39,22.0,25.16,83.75,16.67,99.6,2.99,43.8,17.97,36.29,0.93,0.94,65.03
2016-11-17,DA NANG,16.044,108.199,32.71,25.38,27.75,24.02,23.8,25.63,91.1,18.65,99.38,3.71,39.3,12.73,37.59,0.95,0.96,97.03
2016-11-18,DA NANG,16.044,108.199,9.82,25.42,27.91,23.99,23.53,25.49,89.47,18.39,99.23,2.11,78.1,10.72,36.64,0.93,0.96,82.14
2016-11-19,DA NANG,16.044,108.199,10.64,25.7,28.37,24.0,23.16,25.54,86.28,17.97,99.26,1.64,80.6,15.36,36.69,0.93,0.96,76.5
2016-11-20,DA NANG,16.044,108.199,14.45,25.68,28.4,24.29,23.65,25.63,88.86,18.52,99.21,1.98,68.7,13.13,36.93,0.94,0.96,97.54
2016-11-21,DA NANG,16.044,108.199,7.32,25.77,28.17,24.46,23.82,25.86,89.24,18.73,99.14,1.85,40.9,14.9,36.7,0.93,0.96,64.59
2016-11-22,DA NANG,16.044,108.199,6.45,26.08,28.89,24.34,23.84,26.26,87.87,18.74,99.21,2.13,89.6,17.86,36.44,0.93,0.95,36.13
2016-11-23,DA NANG,16.044,108.199,12.47,26.0,28.63,24.16,23.78,26.25,87.83,18.63,99.38,2.36,64.2,15.47,36.73,0.93,0.95,67.19
2016-11-24,DA NANG,16.044,108.199,21.43,24.94,27.27,23.47,23.32,25.3,90.74,18.15,99.32,2.6,28.8,7.14,37.42,0.94,0.96,98.43
2016-11-25,DA NANG,16.044,108.199,14.51,24.95,27.57,23.39,23.16,25.4,90.01,17.97,99.29,2.49,6.1,10.21,37.23,0.94,0.96,93.57
2016-11-26,DA NANG,16.044,108.199,16.43,22.71,26.5,20.95,20.97,23.53,89.93,15.73,99.55,6.02,347.0,5.62,36.52,0.95,0.96,99.32
2016-11-27,DA NANG,16.044,108.199,3.72,21.42,23.66,20.02,19.17,22.42,87.15,13.98,99.72,4.09,344.1,3.72,36.97,0.93,0.96,97.79
2016-11-28,DA NANG,16.044,108.199,5.87,22.82,24.88,21.77,20.66,23.55,87.81,15.32,99.83,3.89,19.8,9.01,36.93,0.93,0.95,98.36
2016-11-29,DA NANG,16.044,108.199,29.95,23.9,25.55,23.02,22.23,24.22,90.49,16.87,99.84,5.29,31.8,4.9,36.89,0.95,0.96,99.26
2016-11-30,DA NANG,16.044,108.199,78.06,23.05,24.59,21.44,21.62,23.49,91.63,16.24,99.96,5.93,22.0,4.42,36.61,0.99,0.98,99.61
2016-12-01,DA NANG,16.044,108.199,27.71,21.87,23.15,21.09,19.73,22.43,87.73,14.44,100.0,4.76,12.1,2.63,36.32,0.97,0.98,99.72
2016-12-02,DA NANG,16.044,108.199,73.16,23.64,24.48,22.58,22.34,23.87,92.4,16.98,99.87,5.03,32.5,4.22,36.55,0.99,0.99,98.87
2016-12-03,DA NANG,16.044,108.199,51.06,24.14,25.98,22.79,22.89,24.21,92.74,17.58,99.77,4.37,48.3,9.03,36.49,0.99,0.99,94.68
2016-12-04,DA NANG,16.044,108.199,24.41,23.66,25.77,22.19,22.18,23.85,91.43,16.85,99.69,3.88,28.9,10.95,36.29,0.98,0.99,97.38
2016-12-05,DA NANG,16.044,108.199,32.0,23.36,25.09,22.22,21.96,23.54,91.8,16.6,99.77,4.05,24.9,9.03,36.52,0.98,0.99,98.67
2016-12-06,DA NANG,16.044,108.199,29.86,23.14,24.59,22.14,21.59,23.34,91.03,16.23,99.76,4.93,30.8,5.96,36.44,0.98,1.0,99.12
2016-12-07,DA NANG,16.044,108.199,33.03,23.14,24.75,21.95,21.77,23.36,91.95,16.44,99.61,4.75,29.8,5.76,36.54,0.98,1.0,99.4
2016-12-08,DA NANG,16.044,108.199,9.86,21.96,24.09,20.4,19.42,22.15,85.44,14.25,99.54,3.6,15.0,8.07,36.12,0.97,1.0,95.36
2016-12-09,DA NANG,16.044,108.199,0.31,21.84,24.37,19.99,17.74,21.68,77.79,12.81,99.49,2.37,24.8,14.14,33.89,0.96,0.99,67.14
2016-12-10,DA NANG,16.044,108.199,3.76,21.93,24.39,20.33,19.4,22.28,85.9,14.22,99.47,3.33,355.5,10.64,36.07,0.96,0.99,99.08
2016-12-11,DA NANG,16.044,108.199,16.23,23.46,25.36,21.95,22.36,23.46,93.62,17.12,99.27,3.29,46.6,4.78,36.59,0.96,0.99,98.72
2016-12-12,DA NANG,16.044,108.199,28.27,24.01,26.28,22.75,22.86,23.91,93.41,17.64,99.26,2.78,56.0,12.26,36.28,0.97,0.99,99.45
2016-12-13,DA NANG,16.044,108.199,60.04,24.63,26.17,23.86,23.84,24.51,95.28,18.72,99.26,3.68,56.8,7.25,36.83,0.99,1.0,99.34
2016-12-14,DA NANG,16.044,108.199,69.14,24.05,25.41,23.15,23.2,23.97,94.86,17.98,99.44,5.64,60.5,5.87,36.74,0.99,1.0,99.08
2016-12-15,DA NANG,16.044,108.199,130.26,22.68,23.95,21.46,21.52,22.82,93.11,16.18,99.76,6.75,48.0,3.87,36.02,1.0,1.0,99.35
2016-12-16,DA NANG,16.044,108.199,42.86,20.3,21.79,19.4,18.68,20.93,90.39,13.51,100.08,5.37,21.1,3.08,35.16,0.99,1.0,99.12
2016-12-17,DA NANG,16.044,108.199,5.89,21.84,23.55,20.99,19.89,22.1,88.81,14.58,99.92,3.69,43.2,8.55,35.95,0.98,1.0,98.67
2016-12-18,DA NANG,16.044,108.199,7.85,22.78,24.57,21.75,21.54,22.87,92.79,16.18,99.76,3.31,41.2,6.54,36.36,0.97,0.99,97.79
2016-12-19,DA NANG,16.044,108.199,5.33,23.55,25.78,22.22,22.19,23.37,92.23,16.88,99.59,2.78,72.3,9.29,36.34,0.97,0.99,86.43
2016-12-20,DA NANG,16.044,108.199,2.78,23.81,26.4,22.32,22.16,23.46,90.63,16.86,99.53,2.5,79.2,15.16,35.28,0.96,0.99,48.41
2016-12-21,DA NANG,16.044,108.199,5.65,23.75,26.59,21.65,21.9,23.58,89.74,16.58,99.61,2.29,50.7,16.04,35.75,0.96,0.98,62.36
2016-12-22,DA NANG,16.044,108.199,12.82,23.14,25.76,21.57,21.61,23.44,91.28,16.28,99.65,3.29,26.2,14.19,35.93,0.96,0.99,68.56
2016-12-23,DA NANG,16.044,108.199,13.58,23.08,24.93,22.1,21.57,23.24,91.34,16.23,99.62,3.71,35.3,10.06,36.68,0.96,0.98,97.02
2016-12-24,DA NANG,16.044,108.199,16.92,23.28,25.58,21.65,21.99,23.13,92.49,16.68,99.56,3.1,71.6,6.57,36.43,0.96,0.99,96.03
2016-12-25,DA NANG,16.044,108.199,1.17,23.3,26.3,21.23,21.09,22.78,87.59,15.77,99.6,2.08,79.8,12.87,34.67,0.95,0.98,62.43
2016-12-26,DA NANG,16.044,108.199,5.66,23.02,25.76,21.15,20.77,22.97,87.43,15.45,99.69,3.03,36.1,16.69,34.35,0.95,0.98,82.95
2016-12-27,DA NANG,16.044,108.199,29.95,20.44,23.14,18.05,18.35,20.93,87.68,13.3,99.85,5.02,23.1,9.47,34.68,0.97,0.98,98.98
2016-12-28,DA NANG,16.044,108.199,9.83,19.4,21.17,18.37,16.8,20.22,85.17,11.99,100.01,4.1,8.2,4.83,34.57,0.95,0.99,99.55
2016-12-29,DA NANG,16.044,108.199,11.03,19.05,20.62,18.09,16.99,19.95,87.91,12.14,100.11,4.27,12.4,3.96,34.65,0.95,0.98,99.36
2016-12-30,DA NANG,16.044,108.199,26.06,20.48,21.35,19.89,19.24,21.08,92.65,14.01,99.99,4.59,7.8,4.05,35.66,0.97,0.99,99.35
2016-12-31,DA NANG,16.044,108.199,47.17,22.54,23.68,21.85,21.52,22.64,93.94,16.15,99.84,4.37,39.1,4.21,36.19,0.98,1.0,98.65
2017-01-01,DA NANG,16.044,108.199,15.01,23.03,25.3,21.62,21.76,23.06,92.65,16.39,99.82,3.97,54.1,7.27,36.61,0.97,0.99,98.81
2017-01-02,DA NANG,16.044,108.199,8.6,22.9,25.15,20.91,21.53,22.93,92.05,16.17,99.82,3.94,50.4,10.1,36.06,0.96,0.99,90.84
2017-01-03,DA NANG,16.044,108.199,4.77,22.26,24.67,20.82,20.4,22.33,89.39,15.08,99.72,3.42,63.5,15.04,35.58,0.96,0.99,85.14
2017-01-04,DA NANG,16.044,108.199,5.75,22.24,24.48,20.67,20.51,22.3,90.0,15.21,99.58,3.24,60.4,8.6,36.15,0.95,0.98,98.79
2017-01-05,DA NANG,16.044,108.199,3.73,22.45,25.12,20.62,20.59,22.59,89.46,15.29,99.55,2.63,43.0,11.77,35.77,0.95,0.98,97.43
2017-01-06,DA NANG,16.044,108.199,1.16,22.71,25.35,21.01,20.79,22.77,89.12,15.5,99.42,2.43,50.7,13.04,35.49,0.94,0.98,88.79
2017-01-07,DA NANG,16.044,108.199,2.05,22.95,25.58,21.55,21.54,23.17,91.89,16.25,99.29,2.64,47.1,7.35,36.42,0.94,0.97,95.68
2017-01-08,DA NANG,16.044,108.199,1.45,23.11,25.78,21.35,21.36,23.07,90.05,16.08,99.35,2.42,72.8,8.75,36.21,0.93,0.97,87.59
2017-01-09,DA NANG,16.044,108.199,3.89,23.01,25.72,21.38,21.2,22.94,89.84,15.9,99.45,2.83,76.3,14.08,35.76,0.93,0.97,80.11
2017-01-10,DA NANG,16.044,108.199,3.39,23.01,25.57,21.36,21.52,22.98,91.51,16.21,99.47,3.47,93.7,13.54,35.94,0.93,0.96,90.4
2017-01-11,DA NANG,16.044,108.199,0.4,23.34,25.88,21.75,21.7,23.28,90.82,16.4,99.4,3.26,101.4,13.72,35.17,0.92,0.96,88.62
2017-01-12,DA NANG,16.044,108.199,0.88,23.33,26.87,20.7,21.64,23.48,90.58,16.38,99.31,2.97,357.9,16.28,35.14,0.92,0.95,88.01
2017-01-13,DA NANG,16.044,108.199,1.24,21.25,24.06,19.8,19.6,21.75,90.41,14.39,99.47,4.29,338.2,7.84,35.37,0.91,0.95,99.11
2017-01-14,DA NANG,16.044,108.199,4.38,21.64,23.5,20.73,20.16,22.12,91.42,14.88,99.59,3.65,358.4,6.05,35.68,0.91,0.95,99.16
2017-01-15,DA NANG,16.044,108.199,7.23,22.57,24.02,21.74,21.69,22.71,94.74,16.35,99.6,3.41,21.3,5.14,36.33,0.92,0.95,99.2
2017-01-16,DA NANG,16.044,108.199,2.22,22.94,25.24,21.32,21.59,22.99,92.19,16.26,99.62,3.45,79.2,7.55,36.29,0.91,0.95,99.16
2017-01-17,DA NANG,16.044,108.199,0.38,22.5,25.3,20.76,20.4,22.37,88.22,15.07,99.84,3.12,89.0,15.51,34.59,0.91,0.94,94.58
2017-01-18,DA NANG,16.044,108.199,0.16,22.31,25.34,20.07,20.08,22.08,87.58,14.75,99.95,2.47,56.9,16.85,34.18,0.9,0.93,58.98
2017-01-19,DA NANG,16.044,108.199,0.24,22.1,25.13,19.87,19.2,22.02,84.11,13.96,99.92,2.58,38.7,15.74,34.59,0.9,0.93,82.64
2017-01-20,DA NANG,16.044,108.199,1.33,22.36,25.01,20.54,20.09,22.52,87.35,14.76,99.99,3.95,59.7,13.96,35.47,0.9,0.92,94.65
2017-01-21,DA NANG,16.044,108.199,4.67,21.76,24.23,20.37,19.78,21.94,88.6,14.44,100.22,4.56,51.6,12.53,35.02,0.9,0.92,89.21
2017-01-22,DA NANG,16.044,108.199,4.86,20.46,22.91,18.89,18.21,20.92,87.01,13.08,100.25,4.72,48.1,11.85,34.86,0.9,0.92,89.64
2017-01-23,DA NANG,16.044,108.199,9.38,20.77,23.16,19.72,18.79,21.24,88.61,13.57,100.13,3.96,36.8,14.41,34.96,0.91,0.92,92.38
2017-01-24,DA NANG,16.044,108.199,24.46,22.09,23.94,21.14,20.74,22.29,92.16,15.35,100.05,4.09,40.5,5.11,36.02,0.93,0.93,99.5
2017-01-25,DA NANG,16.044,108.199,29.8,21.89,23.75,20.39,20.45,21.99,91.44,15.07,100.15,5.17,49.4,8.12,35.87,0.95,0.96,98.1
2017-01-26,DA NANG,16.044,108.199,1.74,20.76,23.48,18.39,17.9,20.97,83.8,12.84,100.16,3.91,63.3,16.97,33.56,0.91,0.95,63.18
2017-01-27,DA NANG,16.044,108.199,0.28,20.21,22.79,18.73,15.81,19.92,76.01,11.26,99.99,3.28,67.4,20.1,31.06,0.91,0.94,20.78
2017-01-28,DA NANG,16.044,108.199,0.03,20.44,23.89,17.41,15.63,20.17,75.01,11.17,99.71,1.92,74.3,19.72,31.47,0.9,0.93,66.19
2017-01-29,DA NANG,16.044,108.199,0.06,21.44,25.24,19.0,17.68,21.14,79.84,12.72,99.69,1.45,42.6,19.43,31.94,0.9,0.93,72.33
2017-01-30,DA NANG,16.044,108.199,0.42,20.54,23.91,18.45,17.79,20.85,84.75,12.81,99.76,2.5,14.9,18.62,32.98,0.89,0.92,80.92
2017-01-31,DA NANG,16.044,108.199,6.7,21.27,23.51,19.78,19.28,21.67,88.94,14.08,99.75,3.01,12.6,9.26,35.85,0.9,0.92,97.41
2017-02-01,DA NANG,16.044,108.199,10.15,22.17,24.08,21.08,20.87,22.25,92.36,15.5,99.86,4.48,50.4,8.75,35.68,0.91,0.93,99.6
2017-02-02,DA NANG,16.044,108.199,6.68,21.61,23.33,20.41,20.22,21.73,91.81,14.89,99.86,3.99,49.7,9.65,35.55,0.91,0.93,99.75
2017-02-03,DA NANG,16.044,108.199,5.74,21.85,23.76,20.58,20.54,21.93,92.38,15.23,99.65,3.15,51.0,10.85,35.47,0.91,0.93,92.06
2017-02-04,DA NANG,16.044,108.199,1.19,22.18,25.09,19.6,20.57,22.1,90.83,15.29,99.49,2.36,29.8,15.47,34.31,0.9,0.92,56.02
2017-02-05,DA NANG,16.044,108.199,0.23,20.81,24.51,18.06,17.91,21.04,83.72,12.98,99.52,2.94,342.5,21.3,31.49,0.89,0.92,42.6
2017-02-06,DA NANG,16.044,108.199,0.04,20.2,24.62,16.6,16.21,20.25,78.87,11.61,99.51,1.41,66.1,21.76,30.4,0.89,0.91,13.98
2017-02-07,DA NANG,16.044,108.199,0.11,21.57,25.54,18.62,18.74,21.47,84.89,13.67,99.47,1.61,113.2,21.75,31.55,0.88,0.9,28.69
2017-02-08,DA NANG,16.044,108.199,2.76,22.23,25.88,20.03,19.63,22.3,85.95,14.4,99.59,2.1,48.3,20.43,33.13,0.88,0.9,56.86
2017-02-09,DA NANG,16.044,108.199,14.92,19.85,22.54,18.22,18.27,20.58,90.62,13.21,99.82,4.07,13.7,9.35,35.35,0.91,0.91,98.68
2017-02-10,DA NANG,16.044,108.199,22.03,19.47,21.95,18.08,17.2,20.26,86.85,12.29,100.06,3.91,31.1,6.86,35.19,0.92,0.92,99.27
2017-02-11,DA NANG,16.044,108.199,22.66,18.76,21.01,17.49,16.57,19.7,87.19,11.77,100.36,4.22,29.1,8.12,34.68,0.93,0.94,99.22
2017-02-12,DA NANG,16.044,108.199,6.46,18.26,20.34,16.78,15.72,19.07,85.25,11.13,100.42,3.7,30.7,13.91,34.4,0.91,0.94,89.08
2017-02-13,DA NANG,16.044,108.199,2.08,19.15,21.92,17.57,16.5,19.61,84.87,11.71,100.43,3.61,53.3,16.03,33.85,0.9,0.93,81.26
2017-02-14,DA NANG,16.044,108.199,3.74,20.35,22.78,18.73,18.44,20.64,88.91,13.24,100.43,4.01,60.2,13.76,34.91,0.9,0.92,94.23
2017-02-15,DA NANG,16.044,108.199,0.39,19.93,23.1,17.68,17.14,19.88,84.28,12.23,100.26,3.71,70.4,14.66,32.99,0.89,0.92,63.16
2017-02-16,DA NANG,16.044,108.199,0.02,20.24,23.17,18.58,17.01,19.98,82.13,12.14,100.01,2.63,67.9,21.36,31.75,0.89,0.91,36.87
2017-02-17,DA NANG,16.044,108.199,0.08,20.42,23.62,18.29,17.61,20.71,84.52,12.61,100.06,2.6,54.3,20.79,32.01,0.88,0.91,41.92
2017-02-18,DA NANG,16.044,108.199,0.15,20.46,23.25,18.47,18.11,20.65,86.71,13.02,100.04,2.93,45.0,20.49,32.79,0.88,0.9,45.71
2017-02-19,DA NANG,16.044,108.199,0.02,20.92,24.32,18.74,18.57,21.24,86.92,13.47,99.56,2.26,101.9,17.39,32.99,0.88,0.9,56.64
2017-02-20,DA NANG,16.044,108.199,0.06,23.11,28.03,20.69,20.5,23.0,86.54,15.25,99.35,2.47,128.3,21.3,32.94,0.87,0.89,15.64
2017-02-21,DA NANG,16.044,108.199,0.19,24.07,28.22,21.49,22.19,23.88,89.96,16.91,99.44,2.62,127.8,20.49,34.94,0.87,0.88,46.11
2017-02-22,DA NANG,16.044,108.199,0.24,24.8,28.66,22.49,22.59,24.48,88.39,17.33,99.42,2.25,123.7,19.74,35.08,0.87,0.88,70.58
2017-02-23,DA NANG,16.044,108.199,1.62,24.11,27.28,22.05,22.58,23.96,91.56,17.28,99.61,2.25,67.4,16.22,35.43,0.87,0.88,75.86
2017-02-24,DA NANG,16.044,108.199,13.02,21.9,24.48,20.26,20.79,22.2,93.41,15.46,99.85,3.78,30.6,7.07,35.8,0.89,0.89,99.55
2017-02-25,DA NANG,16.044,108.199,2.0,20.49,22.9,18.76,18.91,21.18,90.73,13.73,99.84,3.62,10.5,6.62,35.33,0.87,0.88,98.94
2017-02-26,DA NANG,16.044,108.199,1.65,19.64,22.26,18.2,17.63,20.51,88.38,12.64,99.95,3.49,22.5,8.03,35.11,0.87,0.88,99.72
2017-02-27,DA NANG,16.044,108.199,1.44,20.21,22.55,19.03,18.4,20.82,89.52,13.26,100.01,3.38,39.5,6.62,35.6,0.87,0.88,99.73
2017-02-28,DA NANG,16.044,108.199,0.47,20.92,24.07,18.92,18.68,21.1,87.39,13.52,99.86,3.0,61.7,14.18,34.58,0.86,0.87,71.13
2017-03-01,DA NANG,16.044,108.199,1.02,20.72,24.0,18.28,18.3,21.08,86.62,13.19,99.97,3.11,30.6,18.0,34.24,0.86,0.87,70.48
2017-03-02,DA NANG,16.044,108.199,1.31,20.15,23.35,18.11,17.87,20.51,86.96,12.85,99.81,2.85,62.1,12.41,35.46,0.86,0.86,93.67
2017-03-03,DA NANG,16.044,108.199,0.03,20.31,24.44,16.9,17.87,20.59,86.89,12.92,99.48,2.85,128.5,22.28,31.09,0.85,0.86,12.03
2017-03-04,DA NANG,16.044,108.199,0.0,20.8,25.68,17.49,18.04,20.77,85.35,13.11,99.31,3.08,143.9,23.08,31.02,0.85,0.85,9.14
2017-03-05,DA NANG,16.044,108.199,0.02,22.53,27.42,19.47,18.39,21.8,79.31,13.54,99.21,2.74,138.6,23.61,31.8,0.85,0.85,18.94
2017-03-06,DA NANG,16.044,108.199,0.11,22.77,27.28,19.75,20.22,22.85,86.87,15.01,99.36,2.57,103.8,17.18,33.99,0.84,0.84,47.09
2017-03-07,DA NANG,16.044,108.199,0.05,22.15,25.82,19.61,19.64,21.95,86.68,14.43,99.48,2.52,118.4,23.3,33.21,0.84,0.84,34.53
2017-03-08,DA NANG,16.044,108.199,0.34,22.75,26.23,20.76,20.72,22.91,88.93,15.42,99.5,2.66,101.0,18.58,35.33,0.84,0.83,66.74
2017-03-09,DA NANG,16.044,108.199,0.1,22.63,25.83,20.18,20.75,22.68,89.57,15.47,99.34,3.08,119.7,20.01,34.2,0.84,0.83,29.78
2017-03-10,DA NANG,16.044,108.199,0.0,24.21,29.46,21.42,21.45,24.0,85.83,16.18,99.23,2.29,131.7,22.49,34.25,0.83,0.82,23.87
2017-03-11,DA NANG,16.044,108.199,0.01,24.21,29.09,20.89,21.7,24.02,87.13,16.42,99.34,2.84,125.6,21.8,34.66,0.83,0.82,37.0
2017-03-12,DA NANG,16.044,108.199,0.09,24.26,28.03,22.27,21.66,24.11,86.33,16.39,99.23,3.26,133.7,22.15,34.7,0.82,0.81,32.72
2017-03-13,DA NANG,16.044,108.199,0.17,25.1,29.69,22.39,22.34,24.4,85.3,17.13,99.17,2.51,160.2,19.59,35.75,0.82,0.81,55.08
2017-03-14,DA NANG,16.044,108.199,0.47,25.35,30.13,22.23,22.6,25.15,86.25,17.37,99.33,2.18,104.9,19.27,35.87,0.82,0.81,81.6
2017-03-15,DA NANG,16.044,108.199,1.59,24.39,27.43,22.52,22.55,24.28,89.97,17.28,99.37,2.44,102.7,16.24,36.14,0.82,0.81,74.27
2017-03-16,DA NANG,16.044,108.199,0.98,23.95,27.19,22.09,22.36,23.9,91.21,17.09,99.34,2.94,115.8,19.71,35.92,0.82,0.8,91.62
2017-03-17,DA NANG,16.044,108.199,2.58,24.21,26.79,22.92,22.92,24.06,92.74,17.68,99.39,2.68,104.6,17.78,35.81,0.82,0.81,96.98
2017-03-18,DA NANG,16.044,108.199,6.78,24.97,28.35,22.92,23.26,24.77,90.65,18.04,99.45,3.62,120.4,21.06,35.77,0.83,0.8,83.6
2017-03-19,DA NANG,16.044,108.199,6.84,24.31,27.42,21.82,22.83,24.18,91.78,17.58,99.51,3.32,129.3,14.33,35.62,0.84,0.81,74.09
2017-03-20,DA NANG,16.044,108.199,1.6,24.75,28.6,22.06,22.32,24.78,87.31,17.06,99.4,2.88,120.6,23.58,35.67,0.82,0.81,76.32
2017-03-21,DA NANG,16.044,108.199,0.48,23.82,26.7,21.53,21.59,23.69,88.11,16.34,99.4,1.85,132.6,21.65,34.98,0.82,0.8,59.51
2017-03-22,DA NANG,16.044,108.199,0.09,25.08,29.3,22.81,22.45,25.05,86.33,17.22,99.22,2.67,127.2,23.99,35.17,0.81,0.8,25.49
2017-03-23,DA NANG,16.044,108.199,0.46,24.49,27.53,22.28,22.66,24.37,89.95,17.42,99.36,2.73,125.7,23.07,35.73,0.81,0.79,76.81
2017-03-24,DA NANG,16.044,108.199,0.35,24.57,27.75,22.47,22.62,24.17,89.52,17.38,99.42,2.67,126.0,19.21,35.98,0.81,0.79,91.21
2017-03-25,DA NANG,16.044,108.199,2.41,25.44,29.03,22.93,22.94,25.36,87.23,17.71,99.54,2.3,90.3,20.46,36.22,0.8,0.79,84.83
2017-03-26,DA NANG,16.044,108.199,4.21,22.6,25.66,21.1,21.11,23.0,91.43,15.77,99.89,4.45,1.5,7.44,36.55,0.82,0.79,99.45
2017-03-27,DA NANG,16.044,108.199,6.28,22.93,25.24,21.38,21.52,23.16,91.88,16.14,99.9,3.35,29.9,6.09,36.22,0.83,0.8,99.67
2017-03-28,DA NANG,16.044,108.199,1.4,23.59,26.45,21.79,21.41,23.81,88.03,16.07,99.67,2.0,86.8,8.77,35.91,0.81,0.79,90.96
2017-03-29,DA NANG,16.044,108.199,8.03,23.94,26.16,21.98,22.53,23.84,92.01,17.22,99.68,2.43,117.3,16.09,36.28,0.83,0.8,99.21
2017-03-30,DA NANG,16.044,108.199,0.78,24.87,27.93,22.69,22.39,24.73,87.06,17.12,99.6,2.76,126.7,19.18,35.59,0.81,0.79,65.46
2017-03-31,DA NANG,16.044,108.199,10.47,25.2,30.19,21.28,22.36,25.34,85.5,17.12,99.53,3.09,11.5,18.39,36.23,0.83,0.8,96.71
2017-04-01,DA NANG,16.044,108.199,3.9,21.43,23.7,20.1,19.52,22.04,88.95,14.26,99.82,4.35,356.7,6.1,35.92,0.82,0.8,99.78
2017-04-02,DA NANG,16.044,108.199,3.64,22.19,24.15,21.04,19.83,22.38,86.61,14.54,99.86,3.72,53.4,5.73,36.22,0.82,0.8,97.95
2017-04-03,DA NANG,16.044,108.199,0.6,22.84,25.67,21.05,20.07,22.89,84.66,14.76,99.79,2.81,76.8,15.57,35.2,0.81,0.79,77.65
2017-04-04,DA NANG,16.044,108.199,0.02,23.44,26.85,21.22,20.64,23.64,85.13,15.33,99.59,2.21,98.5,22.96,34.59,0.8,0.79,56.03
2017-04-05,DA NANG,16.044,108.199,2.33,24.73,28.01,23.19,22.71,24.77,89.09,17.47,99.34,2.61,102.8,19.54,36.25,0.8,0.78,88.81
2017-04-06,DA NANG,16.044,108.199,0.18,25.51,28.94,23.23,23.28,25.37,88.18,18.1,99.24,2.2,124.4,23.2,36.09,0.8,0.78,76.56
2017-04-07,DA NANG,16.044,108.199,0.04,26.11,29.61,23.25,23.74,26.0,87.5,18.63,99.21,3.21,124.2,24.24,35.78,0.79,0.78,39.41
2017-04-08,DA NANG,16.044,108.199,0.01,26.34,31.14,23.06,23.34,26.19,84.92,18.19,99.15,2.87,134.0,25.5,35.06,0.78,0.77,9.24
2017-04-09,DA NANG,16.044,108.199,0.07,27.65,33.61,24.47,23.63,27.24,80.69,18.59,98.95,2.36,147.5,25.36,36.03,0.78,0.77,29.42
2017-04-10,DA NANG,16.044,108.199,0.11,28.52,34.5,25.1,24.13,27.77,79.15,19.18,98.79,1.81,175.7,24.27,36.47,0.78,0.76,40.02
2017-04-11,DA NANG,16.044,108.199,0.05,29.06,34.91,25.99,24.4,28.24,77.99,19.5,98.85,1.73,136.5,24.41,36.14,0.77,0.76,25.36
2017-04-12,DA NANG,16.044,108.199,9.47,26.49,30.89,23.62,24.15,26.36,87.85,19.13,99.17,2.62,23.2,21.02,36.98,0.81,0.76,85.83
2017-04-13,DA NANG,16.044,108.199,2.47,25.0,28.34,22.67,23.27,25.06,90.53,18.07,99.53,2.37,29.3,8.84,37.18,0.79,0.77,99.46
2017-04-14,DA NANG,16.044,108.199,0.18,25.51,29.65,22.68,22.71,25.7,85.63,17.46,99.4,2.22,110.3,14.1,36.22,0.78,0.76,80.72
2017-04-15,DA NANG,16.044,108.199,0.01,25.43,30.21,22.21,22.58,25.49,85.65,17.35,99.25,3.26,128.8,25.17,34.77,0.77,0.76,45.48
2017-04-16,DA NANG,16.044,108.199,0.0,25.37,29.54,22.34,22.51,25.35,85.53,17.27,99.32,3.51,125.3,26.43,33.83,0.77,0.75,34.78
2017-04-17,DA NANG,16.044,108.199,0.0,25.78,29.7,23.59,22.97,26.02,85.31,17.75,99.25,2.73,122.2,26.43,34.47,0.77,0.75,63.0
2017-04-18,DA NANG,16.044,108.199,0.0,26.58,30.88,24.24,23.79,26.57,85.69,18.7,99.1,2.54,128.5,23.39,36.08,0.76,0.75,67.19
2017-04-19,DA NANG,16.044,108.199,0.0,27.93,33.43,24.46,24.18,27.63,81.91,19.22,98.98,2.23,138.4,23.44,36.93,0.76,0.74,57.39
2017-04-20,DA NANG,16.044,108.199,0.01,27.92,33.58,24.95,24.09,27.59,81.38,19.08,99.02,2.16,141.7,24.09,36.46,0.75,0.74,39.58
2017-04-21,DA NANG,16.044,108.199,0.25,28.97,34.63,25.36,24.17,28.25,77.28,19.2,98.96,1.93,191.8,24.55,37.03,0.75,0.74,50.3
2017-04-22,DA NANG,16.044,108.199,1.1,24.84,28.77,22.32,22.41,25.15,86.56,17.22,99.31,4.09,339.3,16.99,37.55,0.76,0.74,86.93
2017-04-23,DA NANG,16.044,108.199,2.95,25.96,29.29,24.26,23.2,26.36,85.8,18.03,99.33,2.42,28.7,14.29,37.86,0.76,0.73,92.38
2017-04-24,DA NANG,16.044,108.199,3.22,25.8,29.87,23.06,23.27,25.69,86.84,18.12,99.25,2.32,142.6,16.66,37.39,0.77,0.74,94.82
2017-04-25,DA NANG,16.044,108.199,0.79,27.23,32.26,23.55,22.7,27.04,78.1,17.57,99.15,1.74,143.3,21.61,36.46,0.75,0.74,49.19
2017-04-26,DA NANG,16.044,108.199,1.13,27.67,32.83,24.93,23.4,27.44,79.57,18.32,99.15,1.73,153.5,24.71,36.23,0.75,0.73,47.66
2017-04-27,DA NANG,16.044,108.199,1.82,27.4,32.11,23.89,23.58,27.29,81.34,18.44,99.31,2.7,348.5,22.62,36.92,0.75,0.73,69.45
2017-04-28,DA NANG,16.044,108.199,4.96,24.95,27.41,23.44,23.14,25.21,89.79,17.91,99.46,3.31,4.4,5.18,37.32,0.77,0.73,99.73
2017-04-29,DA NANG,16.044,108.199,1.69,25.4,28.16,23.64,23.07,25.62,87.2,17.82,99.47,2.1,54.7,7.55,37.14,0.76,0.73,95.17
2017-04-30,DA NANG,16.044,108.199,0.28,26.48,30.19,24.32,23.83,26.66,86.21,18.72,99.29,3.06,124.1,25.26,36.07,0.74,0.73,41.29
2017-05-01,DA NANG,16.044,108.199,0.14,27.58,32.11,25.22,24.61,27.54,85.04,19.64,99.2,2.33,132.0,25.45,36.39,0.74,0.72,28.55
2017-05-02,DA NANG,16.044,108.199,0.09,27.86,32.34,25.45,24.85,27.57,84.91,19.96,99.12,2.2,137.7,24.59,36.74,0.74,0.72,37.17
2017-05-03,DA NANG,16.044,108.199,0.18,28.78,32.95,26.33,25.18,28.33,82.25,20.39,99.08,1.7,141.4,24.43,36.7,0.73,0.72,25.07
2017-05-04,DA NANG,16.044,108.199,0.3,28.68,32.55,25.69,25.11,27.88,82.24,20.4,99.2,1.01,148.8,23.05,37.11,0.72,0.71,70.15
2017-05-05,DA NANG,16.044,108.199,0.16,26.8,29.93,24.5,24.86,26.75,89.69,19.91,99.42,2.0,116.6,16.31,36.72,0.73,0.71,87.16
2017-05-06,DA NANG,16.044,108.199,0.31,26.58,30.13,23.79,23.51,26.68,84.61,18.38,99.5,2.69,128.2,24.47,35.81,0.73,0.71,43.73
2017-05-07,DA NANG,16.044,108.199,0.96,27.25,31.26,24.59,23.85,27.42,83.22,18.76,99.39,2.49,122.2,19.48,36.06,0.73,0.71,66.22
2017-05-08,DA NANG,16.044,108.199,2.22,27.39,31.5,25.07,24.37,27.58,84.86,19.4,99.16,2.92,124.5,26.07,36.46,0.73,0.7,57.22
2017-05-09,DA NANG,16.044,108.199,1.31,26.99,30.51,24.02,24.08,27.08,85.28,19.04,99.27,2.69,134.5,21.34,37.11,0.73,0.71,93.19
2017-05-10,DA NANG,16.044,108.199,1.89,26.79,30.19,24.24,23.49,26.77,83.54,18.39,99.41,2.9,124.7,23.37,36.54,0.73,0.7,83.55
2017-05-11,DA NANG,16.044,108.199,1.83,27.05,30.48,24.69,24.35,27.26,86.14,19.32,99.4,2.77,124.1,22.56,36.32,0.73,0.7,93.83
2017-05-12,DA NANG,16.044,108.199,1.45,27.54,31.12,24.96,24.46,27.78,84.38,19.49,99.21,2.37,115.5,25.14,36.72,0.72,0.7,75.54
2017-05-13,DA NANG,16.044,108.199,0.48,27.37,30.53,24.93,23.83,27.53,82.55,18.82,99.14,2.51,118.9,20.84,36.89,0.72,0.7,89.48
2017-05-14,DA NANG,16.044,108.199,1.24,27.4,30.9,24.67,24.31,27.78,84.05,19.33,99.02,3.15,127.6,24.77,37.04,0.71,0.69,84.85
2017-05-15,DA NANG,16.044,108.199,14.75,27.96,32.36,25.67,24.56,28.15,83.15,19.68,98.87,2.57,136.0,22.44,37.71,0.77,0.7,99.43
2017-05-16,DA NANG,16.044,108.199,14.78,26.22,29.37,23.57,23.79,26.7,86.93,18.76,98.93,3.02,309.0,18.36,37.41,0.79,0.72,99.05
2017-05-17,DA NANG,16.044,108.199,6.73,26.29,29.24,24.66,24.23,26.68,88.61,19.23,99.03,3.05,359.0,19.79,37.36,0.78,0.73,95.43
2017-05-18,DA NANG,16.044,108.199,4.39,27.12,29.24,25.65,24.34,27.31,85.29,19.35,99.1,1.94,58.3,17.14,37.96,0.76,0.73,98.7
2017-05-19,DA NANG,16.044,108.199,5.78,27.52,30.68,25.43,24.87,27.75,86.22,20.01,98.94,1.94,111.1,14.11,37.76,0.77,0.73,99.57
2017-05-20,DA NANG,16.044,108.199,1.19,27.22,28.81,25.79,25.47,27.3,90.34,20.78,98.75,1.81,128.3,20.82,37.44,0.75,0.73,94.11
2017-05-21,DA NANG,16.044,108.199,0.47,29.15,33.72,26.53,25.35,28.97,81.36,20.67,98.68,1.62,97.9,24.57,37.41,0.73,0.72,86.84
2017-05-22,DA NANG,16.044,108.199,0.61,29.24,33.65,27.33,25.56,29.0,81.85,20.93,98.75,1.56,128.3,25.19,37.49,0.73,0.71,27.45
2017-05-23,DA NANG,16.044,108.199,1.98,29.01,32.69,26.73,26.09,28.89,85.07,21.56,98.78,1.64,92.2,24.88,37.64,0.74,0.71,39.74
2017-05-24,DA NANG,16.044,108.199,4.61,28.39,32.19,25.84,25.47,28.41,85.07,20.8,98.8,1.93,135.1,23.74,37.83,0.75,0.71,90.66
2017-05-25,DA NANG,16.044,108.199,34.25,27.34,29.92,25.95,25.11,27.65,88.09,20.32,98.84,2.87,40.8,5.29,37.8,0.81,0.72,99.37
2017-05-26,DA NANG,16.044,108.199,15.83,25.79,27.48,24.63,24.18,26.33,90.85,19.16,99.03,3.3,358.1,3.93,38.06,0.84,0.77,99.61
2017-05-27,DA NANG,16.044,108.199,7.12,26.68,29.47,25.13,24.28,27.12,87.04,19.3,98.94,3.06,359.5,10.53,38.18,0.78,0.76,99.59
2017-05-28,DA NANG,16.044,108.199,12.61,26.74,29.04,25.14,24.67,27.02,88.71,19.77,98.92,2.91,350.3,13.99,38.21,0.81,0.76,99.15
2017-05-29,DA NANG,16.044,108.199,7.41,26.95,29.04,25.22,24.45,27.04,86.58,19.53,98.99,1.66,336.1,6.9,37.96,0.8,0.76,99.31
2017-05-30,DA NANG,16.044,108.199,4.04,27.85,31.34,25.74,24.79,27.9,84.41,19.91,99.03,1.79,118.7,17.67,37.98,0.78,0.75,99.1
2017-05-31,DA NANG,16.044,108.199,0.91,28.92,32.51,25.99,24.87,28.86,79.89,20.04,98.9,1.6,178.9,24.78,37.74,0.76,0.74,93.31
2017-06-01,DA NANG,16.044,108.199,0.4,29.36,33.14,26.18,24.9,28.88,77.76,20.09,98.71,1.86,216.9,24.59,37.76,0.75,0.73,84.12
2017-06-02,DA NANG,16.044,108.199,0.22,29.4,32.3,26.72,25.43,28.91,79.65,20.76,98.72,1.87,231.9,25.38,37.61,0.75,0.73,59.36
2017-06-03,DA NANG,16.044,108.199,1.36,29.8,34.0,26.56,25.07,29.31,76.7,20.32,98.67,2.08,229.2,24.95,37.43,0.74,0.72,53.56
2017-06-04,DA NANG,16.044,108.199,0.63,30.23,34.98,26.55,25.01,29.72,75.05,20.27,98.63,2.06,241.9,26.25,37.42,0.73,0.72,32.26
2017-06-05,DA NANG,16.044,108.199,0.94,29.84,33.68,26.7,25.1,29.66,76.87,20.36,98.74,1.85,198.3,25.29,37.74,0.73,0.71,31.33
2017-06-06,DA NANG,16.044,108.199,8.43,28.68,31.89,26.72,24.83,28.72,80.51,19.98,98.88,1.67,104.2,22.54,37.94,0.77,0.72,67.63
2017-06-07,DA NANG,16.044,108.199,17.21,27.28,30.1,25.26,24.98,27.86,87.63,20.17,98.92,1.69,221.8,19.58,37.86,0.82,0.74,95.16
2017-06-08,DA NANG,16.044,108.199,8.21,27.8,31.17,26.14,24.12,27.99,81.34,19.15,98.91,1.84,98.2,20.05,37.88,0.79,0.75,94.91
2017-06-09,DA NANG,16.044,108.199,5.24,28.38,31.7,26.28,24.19,28.56,78.95,19.24,98.91,1.5,125.4,18.26,38.14,0.78,0.75,97.29
2017-06-10,DA NANG,16.044,108.199,18.29,28.0,31.84,25.27,24.16,28.22,80.53,19.18,98.93,2.03,238.0,24.89,37.44,0.82,0.76,73.61
2017-06-11,DA NANG,16.044,108.199,2.28,28.93,32.52,26.46,24.47,28.88,77.84,19.57,98.84,1.82,231.9,22.33,37.91,0.77,0.75,96.03
2017-06-12,DA NANG,16.044,108.199,1.16,28.34,30.82,25.93,24.68,28.26,81.02,19.84,98.81,2.19,264.9,20.77,37.92,0.76,0.74,78.25
2017-06-13,DA NANG,16.044,108.199,6.88,28.63,33.03,25.38,24.13,28.84,78.05,19.18,98.92,2.22,172.3,24.54,37.92,0.78,0.74,71.98
2017-06-14,DA NANG,16.044,108.199,1.53,28.61,32.49,26.03,24.66,28.79,80.32,19.77,99.0,2.15,152.7,25.47,37.68,0.76,0.74,53.23
2017-06-15,DA NANG,16.044,108.199,0.57,29.04,32.82,25.99,24.55,29.01,77.84,19.66,98.95,1.82,198.5,25.85,37.4,0.75,0.73,65.14
2017-06-16,DA NANG,16.044,108.199,0.73,29.01,32.43,25.97,24.61,28.78,78.16,19.76,98.85,1.8,210.6,25.12,37.31,0.75,0.73,81.92
2017-06-17,DA NANG,16.044,108.199,1.25,29.24,32.7,25.94,24.59,28.97,76.95,19.74,98.69,1.55,229.6,22.5,38.07,0.74,0.72,97.47
2017-06-18,DA NANG,16.044,108.199,2.72,28.8,32.12,26.25,24.53,28.73,78.37,19.65,98.72,1.24,231.4,14.85,37.94,0.75,0.72,99.44
2017-06-19,DA NANG,16.044,108.199,0.5,28.61,32.35,25.58,23.63,28.46,75.59,18.6,98.77,1.88,210.7,20.28,37.71,0.74,0.72,98.4
2017-06-20,DA NANG,16.044,108.199,2.22,28.36,31.61,25.53,24.88,28.43,82.18,20.1,98.77,2.09,223.7,22.17,37.56,0.74,0.72,99.19
2017-06-21,DA NANG,16.044,108.199,0.31,28.61,32.56,26.13,24.5,28.67,79.43,19.61,98.78,2.01,196.5,22.32,37.59,0.74,0.72,90.61
2017-06-22,DA NANG,16.044,108.199,1.41,28.69,31.69,26.37,25.01,28.74,81.26,20.2,98.83,2.16,139.6,24.51,37.53,0.74,0.72,80.5
2017-06-23,DA NANG,16.044,108.199,0.87,28.8,32.47,26.3,24.55,29.04,78.95,19.7,98.7,2.47,135.3,26.25,37.23,0.73,0.71,23.89
2017-06-24,DA NANG,16.044,108.199,0.78,27.91,30.88,25.88,24.5,28.29,82.46,19.62,98.7,2.18,132.0,24.27,37.46,0.73,0.71,65.73
2017-06-25,DA NANG,16.044,108.199,0.4,28.97,33.36,26.6,24.83,29.2,79.53,20.02,98.81,1.85,147.0,26.56,37.32,0.72,0.71,36.74
2017-06-26,DA NANG,16.044,108.199,0.55,28.64,32.05,26.13,24.87,28.75,81.04,20.04,98.9,1.94,138.9,23.7,37.33,0.72,0.7,94.5
2017-06-27,DA NANG,16.044,108.199,0.85,28.19,30.93,26.3,25.21,28.46,84.65,20.42,98.97,3.16,133.2,24.65,37.12,0.72,0.7,70.03
2017-06-28,DA NANG,16.044,108.199,1.4,27.81,29.92,25.95,25.4,28.07,87.1,20.65,99.0,3.26,131.0,24.25,37.39,0.73,0.7,85.8
2017-06-29,DA NANG,16.044,108.199,3.03,27.83,30.47,25.95,24.44,28.0,82.46,19.5,98.98,1.99,137.5,23.58,37.23,0.74,0.7,97.0
2017-06-30,DA NANG,16.044,108.199,1.63,28.83,32.06,25.8,24.07,28.8,76.56,19.1,98.88,1.25,183.7,22.4,37.46,0.73,0.71,98.25
2017-07-01,DA NANG,16.044,108.199,0.94,28.86,32.76,25.49,24.47,28.68,78.1,19.56,98.81,1.48,206.5,25.71,37.48,0.72,0.7,79.52
2017-07-02,DA NANG,16.044,108.199,1.07,28.8,32.17,25.86,24.29,28.59,77.36,19.36,98.81,1.22,226.4,22.69,37.76,0.72,0.7,98.65
2017-07-03,DA NANG,16.044,108.199,0.88,28.62,31.69,26.23,24.18,28.56,77.87,19.23,98.83,1.61,173.1,21.78,37.84,0.72,0.7,95.25
2017-07-04,DA NANG,16.044,108.199,8.2,28.51,32.34,25.63,23.99,28.64,78.16,19.08,98.88,1.19,187.8,24.3,37.64,0.75,0.7,72.17
2017-07-05,DA NANG,16.044,108.199,7.87,27.62,30.47,25.52,23.88,28.06,80.84,18.85,98.97,1.81,160.4,20.72,37.89,0.77,0.71,98.29
2017-07-06,DA NANG,16.044,108.199,13.25,27.31,30.47,25.21,24.09,27.89,83.52,19.1,98.94,2.39,116.9,12.6,37.89,0.79,0.73,99.82
2017-07-07,DA NANG,16.044,108.199,3.81,27.96,30.87,25.66,23.76,27.98,78.63,18.71,98.97,1.79,209.7,18.95,37.37,0.75,0.72,97.55
2017-07-08,DA NANG,16.044,108.199,1.67,28.05,31.03,25.6,24.24,28.1,80.68,19.26,99.04,1.88,157.2,24.62,37.42,0.74,0.72,87.67
2017-07-09,DA NANG,16.044,108.199,1.5,28.34,31.73,25.92,24.11,28.56,78.8,19.1,99.03,1.45,133.7,25.1,37.34,0.74,0.71,68.49
2017-07-10,DA NANG,16.044,108.199,10.15,27.87,30.39,26.24,24.25,28.23,81.33,19.3,98.92,1.56,100.1,24.33,37.91,0.77,0.72,92.54
2017-07-11,DA NANG,16.044,108.199,4.49,27.25,30.22,25.94,24.98,27.76,87.89,20.16,98.95,2.39,120.4,23.36,37.16,0.77,0.73,97.13
2017-07-12,DA NANG,16.044,108.199,25.77,27.49,30.85,26.07,24.86,27.7,86.06,20.03,98.98,1.95,87.0,23.9,37.18,0.82,0.73,90.58
2017-07-13,DA NANG,16.044,108.199,16.21,26.86,28.32,25.7,24.33,27.23,86.02,19.38,98.85,1.62,4.1,14.97,37.3,0.84,0.77,99.63
2017-07-14,DA NANG,16.044,108.199,13.63,27.24,29.73,25.73,24.55,27.74,85.56,19.68,98.7,1.88,332.6,12.95,37.58,0.83,0.77,99.1
2017-07-15,DA NANG,16.044,108.199,39.34,27.52,30.65,25.62,24.93,27.83,86.4,20.21,98.42,3.04,293.0,13.65,37.92,0.87,0.78,99.6
2017-07-16,DA NANG,16.044,108.199,21.73,25.87,28.44,24.16,24.15,26.39,90.27,19.31,98.28,3.81,183.1,1.93,37.59,0.87,0.82,99.35
2017-07-17,DA NANG,16.044,108.199,9.49,27.79,30.96,25.93,24.42,27.86,82.57,19.53,98.77,1.87,129.1,17.22,37.85,0.82,0.8,99.08
2017-07-18,DA NANG,16.044,108.199,17.15,27.59,30.68,25.66,24.09,27.8,82.02,19.08,99.04,1.89,102.9,18.67,37.38,0.86,0.8,94.45
2017-07-19,DA NANG,16.044,108.199,11.51,27.31,30.74,25.26,24.64,27.53,86.09,19.85,98.83,1.6,130.5,22.51,37.38,0.84,0.8,93.48
2017-07-20,DA NANG,16.044,108.199,3.2,27.37,29.54,26.15,24.84,27.43,86.41,20.02,98.79,2.34,109.3,24.26,36.92,0.81,0.79,95.79
2017-07-21,DA NANG,16.044,108.199,2.27,27.82,30.78,26.31,25.2,27.85,86.05,20.45,98.91,1.99,94.9,23.55,36.78,0.8,0.78,93.81
2017-07-22,DA NANG,16.044,108.199,6.73,27.23,29.93,25.59,24.96,27.49,87.59,20.11,98.94,2.49,323.6,21.66,37.27,0.81,0.78,95.95
2017-07-23,DA NANG,16.044,108.199,3.13,27.35,29.95,25.63,24.7,27.63,85.95,19.86,98.72,3.11,313.6,5.01,37.85,0.79,0.77,99.55
2017-07-24,DA NANG,16.044,108.199,37.33,26.84,28.51,25.75,24.97,27.14,89.58,20.22,98.4,3.07,309.1,4.21,37.91,0.88,0.79,99.35
2017-07-25,DA NANG,16.044,108.199,54.66,27.22,30.21,25.26,25.31,27.42,89.61,20.7,98.2,3.53,138.0,2.39,37.6,0.93,0.85,99.7
2017-07-26,DA NANG,16.044,108.199,9.49,26.42,29.8,25.05,24.02,26.91,86.91,19.08,98.55,1.79,102.2,14.56,37.67,0.86,0.84,99.13
2017-07-27,DA NANG,16.044,108.199,15.7,27.81,31.15,25.92,24.3,27.9,81.88,19.4,98.6,1.8,100.5,21.77,37.69,0.86,0.83,92.06
2017-07-28,DA NANG,16.044,108.199,7.91,28.03,31.58,25.81,24.62,28.26,82.72,19.77,98.71,1.73,86.0,18.92,38.0,0.85,0.83,95.87
2017-07-29,DA NANG,16.044,108.199,23.48,28.1,30.58,25.45,24.46,27.99,81.0,19.6,98.58,1.47,234.0,14.07,37.82,0.87,0.83,97.83
2017-07-30,DA NANG,16.044,108.199,0.98,29.06,32.29,26.14,24.92,28.79,78.87,20.19,98.46,1.91,237.8,22.49,37.77,0.83,0.83,82.72
2017-07-31,DA NANG,16.044,108.199,1.34,29.07,32.59,26.4,25.03,28.91,79.43,20.3,98.52,2.36,246.5,22.48,37.79,0.82,0.81,76.98
2017-08-01,DA NANG,16.044,108.199,1.16,28.77,31.55,26.22,25.38,28.59,82.21,20.7,98.63,2.21,239.9,22.02,37.81,0.82,0.81,84.43
2017-08-02,DA NANG,16.044,108.199,1.17,29.38,32.88,26.62,25.28,29.09,79.13,20.6,98.52,2.03,233.2,24.19,37.69,0.82,0.81,87.54
2017-08-03,DA NANG,16.044,108.199,4.77,29.03,32.01,26.66,25.03,28.89,79.49,20.32,98.4,1.66,241.9,24.62,37.72,0.82,0.8,75.27
2017-08-04,DA NANG,16.044,108.199,5.44,28.38,31.09,26.47,24.73,28.51,81.23,19.93,98.51,1.79,187.2,19.39,38.15,0.83,0.81,89.46
2017-08-05,DA NANG,16.044,108.199,4.67,28.9,32.13,26.61,24.55,28.8,78.25,19.74,98.75,1.16,197.5,21.36,38.12,0.82,0.8,82.76
2017-08-06,DA NANG,16.044,108.199,12.21,28.2,31.22,26.4,23.73,28.3,77.27,18.68,98.98,1.75,214.6,17.99,38.3,0.85,0.81,94.21
2017-08-07,DA NANG,16.044,108.199,1.02,29.1,31.96,25.73,23.98,29.1,75.0,18.99,99.0,1.57,186.5,17.47,37.57,0.82,0.81,72.64
2017-08-08,DA NANG,16.044,108.199,0.41,29.36,33.54,26.14,24.34,29.41,75.74,19.41,98.96,2.07,172.7,26.2,37.29,0.81,0.8,21.0
2017-08-09,DA NANG,16.044,108.199,0.18,29.75,34.14,26.19,24.68,29.7,75.63,19.83,98.91,1.83,203.5,26.45,37.42,0.81,0.8,44.3
2017-08-10,DA NANG,16.044,108.199,0.17,29.66,33.47,26.41,24.83,29.61,76.35,20.0,98.86,1.7,171.1,26.3,37.54,0.81,0.79,51.06
2017-08-11,DA NANG,16.044,108.199,0.25,29.58,33.33,26.73,24.72,29.65,76.62,19.9,98.88,1.86,148.0,24.58,37.94,0.8,0.79,97.83
2017-08-12,DA NANG,16.044,108.199,1.28,29.17,32.02,27.12,25.57,29.18,81.77,20.88,98.95,2.05,128.0,24.43,37.76,0.8,0.79,62.92
2017-08-13,DA NANG,16.044,108.199,1.01,29.07,32.85,27.06,25.67,29.1,82.83,20.99,99.0,2.05,135.6,25.58,37.38,0.8,0.79,11.11
2017-08-14,DA NANG,16.044,108.199,0.94,29.08,32.96,26.37,25.83,29.26,83.78,21.22,98.92,2.17,129.5,24.85,37.45,0.8,0.78,39.78
2017-08-15,DA NANG,16.044,108.199,4.02,28.65,31.97,26.72,25.46,28.87,83.66,20.75,98.87,1.96,128.7,22.12,37.45,0.81,0.78,94.65
2017-08-16,DA NANG,16.044,108.199,2.66,27.83,31.22,25.62,23.98,28.2,80.51,19.0,98.88,1.67,132.5,18.31,37.44,0.81,0.79,99.42
2017-08-17,DA NANG,16.044,108.199,3.64,27.23,29.82,25.1,24.34,27.72,84.72,19.39,98.91,3.07,130.1,23.1,37.09,0.81,0.79,69.48
2017-08-18,DA NANG,16.044,108.199,11.03,26.65,28.09,25.53,24.73,27.14,89.23,19.82,99.0,3.55,105.0,17.67,37.67,0.84,0.8,94.38
2017-08-19,DA NANG,16.044,108.199,5.26,27.24,29.16,25.79,25.06,27.63,88.06,20.22,98.97,3.02,115.6,16.73,37.52,0.82,0.8,86.65
2017-08-20,DA NANG,16.044,108.199,0.88,27.72,30.71,25.56,24.69,28.03,84.12,19.8,98.87,2.1,119.8,23.43,36.86,0.8,0.79,65.01
2017-08-21,DA NANG,16.044,108.199,0.35,28.1,31.52,25.6,24.24,28.31,80.47,19.32,98.69,1.84,105.1,25.38,36.63,0.8,0.78,57.81
2017-08-22,DA NANG,16.044,108.199,0.77,28.9,32.77,26.3,25.24,28.9,81.45,20.54,98.53,1.97,249.7,21.89,37.46,0.79,0.78,97.54
2017-08-23,DA NANG,16.044,108.199,4.31,28.65,32.54,25.22,24.89,28.57,81.14,20.19,98.53,2.13,218.9,16.67,37.45,0.81,0.78,98.48
2017-08-24,DA NANG,16.044,108.199,4.98,28.58,32.58,25.98,24.52,28.58,79.58,19.65,98.7,1.82,184.4,20.34,37.4,0.81,0.78,99.16
2017-08-25,DA NANG,16.044,108.199,11.52,28.12,31.63,25.65,24.81,28.31,83.02,19.98,98.74,1.9,356.2,22.02,37.51,0.83,0.79,96.35
2017-08-26,DA NANG,16.044,108.199,45.64,26.01,27.2,24.92,24.18,26.75,89.57,19.25,98.62,2.55,51.1,6.27,37.39,0.93,0.83,99.65
2017-08-27,DA NANG,16.044,108.199,28.9,26.73,29.67,25.21,23.85,27.44,84.77,18.87,98.74,1.92,129.7,10.59,37.52,0.92,0.86,99.34
2017-08-28,DA NANG,16.044,108.199,11.03,28.24,32.26,26.3,24.06,28.4,79.51,19.13,98.82,2.3,118.6,17.22,37.67,0.87,0.85,99.39
2017-08-29,DA NANG,16.044,108.199,4.55,27.31,30.58,25.66,24.58,27.72,85.61,19.68,98.97,2.47,133.1,4.78,37.64,0.85,0.84,99.5
2017-08-30,DA NANG,16.044,108.199,4.48,27.83,30.18,26.45,24.82,28.07,84.13,19.93,99.05,1.89,116.9,21.01,37.5,0.84,0.83,81.38
2017-08-31,DA NANG,16.044,108.199,8.52,28.07,30.95,25.81,24.64,28.3,82.11,19.71,99.02,1.89,2.4,24.11,36.93,0.85,0.83,74.88
2017-09-01,DA NANG,16.044,108.199,5.83,29.43,33.36,26.78,24.98,29.49,78.45,20.2,98.87,1.95,71.1,25.34,37.01,0.84,0.83,42.03
2017-09-02,DA NANG,16.044,108.199,3.56,28.98,32.32,25.79,24.9,28.87,79.45,20.11,98.78,1.57,228.8,22.49,37.66,0.84,0.83,86.16
2017-09-03,DA NANG,16.044,108.199,1.01,29.15,33.17,26.5,24.66,29.21,78.05,19.79,98.86,1.81,156.8,24.41,37.8,0.83,0.82,78.04
2017-09-04,DA NANG,16.044,108.199,0.74,28.52,30.69,26.83,25.52,28.67,84.12,20.82,98.92,1.68,234.2,20.58,38.17,0.83,0.82,78.38
2017-09-05,DA NANG,16.044,108.199,0.56,28.71,31.61,26.88,24.83,28.84,80.13,19.96,98.95,1.29,197.0,23.22,37.61,0.82,0.81,51.85
2017-09-06,DA NANG,16.044,108.199,3.34,28.63,30.86,26.72,24.51,28.46,78.86,19.62,99.0,1.21,123.1,23.07,37.47,0.83,0.81,76.44
2017-09-07,DA NANG,16.044,108.199,2.76,28.17,30.93,26.3,24.74,28.36,82.08,19.83,99.11,1.92,85.6,15.67,37.63,0.83,0.82,94.73
2017-09-08,DA NANG,16.044,108.199,0.63,28.88,31.87,26.48,24.26,28.96,77.18,19.29,99.07,1.57,126.8,25.15,37.11,0.82,0.81,12.22
2017-09-09,DA NANG,16.044,108.199,0.59,29.3,32.86,27.02,25.17,29.43,79.43,20.38,99.0,2.19,127.7,24.91,37.22,0.81,0.81,32.86
2017-09-10,DA NANG,16.044,108.199,1.04,28.31,31.64,25.62,24.22,28.5,79.84,19.24,99.12,1.89,126.9,25.0,36.61,0.82,0.8,8.74
2017-09-11,DA NANG,16.044,108.199,0.89,28.6,32.9,25.7,23.89,28.74,77.08,18.85,99.14,1.86,118.1,25.62,36.2,0.81,0.8,25.68
2017-09-12,DA NANG,16.044,108.199,1.29,28.48,31.92,25.91,23.83,28.68,77.09,18.77,99.16,2.01,352.9,24.88,36.69,0.8,0.79,69.02
2017-09-13,DA NANG,16.044,108.199,10.89,27.72,30.07,25.86,25.31,27.99,87.09,20.55,98.96,3.28,323.6,20.16,37.56,0.83,0.8,98.45
2017-09-14,DA NANG,16.044,108.199,135.85,26.59,27.85,25.94,24.35,26.87,87.62,19.62,98.01,9.88,268.8,3.25,37.83,0.97,0.85,99.23
2017-09-15,DA NANG,16.044,108.199,8.33,27.05,29.96,25.1,23.98,26.81,83.88,19.09,98.53,4.78,173.4,10.23,37.52,0.88,0.88,99.23
2017-09-16,DA NANG,16.044,108.199,4.06,27.92,31.45,25.76,24.54,27.99,82.92,19.59,99.13,2.0,132.0,20.14,37.36,0.86,0.85,94.54
2017-09-17,DA NANG,16.044,108.199,3.43,27.84,30.96,25.54,24.6,28.0,83.02,19.63,99.26,1.91,318.8,22.76,37.12,0.85,0.84,25.02
2017-09-18,DA NANG,16.044,108.199,2.62,28.43,32.2,25.96,24.38,28.64,79.84,19.41,99.12,2.07,48.2,24.9,36.67,0.84,0.84,12.63
2017-09-19,DA NANG,16.044,108.199,2.63,28.43,32.71,25.51,24.3,28.75,79.71,19.33,99.02,2.12,112.7,24.44,36.44,0.84,0.83,37.31
2017-09-20,DA NANG,16.044,108.199,0.4,27.94,31.55,25.54,23.74,28.34,79.23,18.72,98.98,2.39,112.4,24.27,36.17,0.83,0.82,18.23
2017-09-21,DA NANG,16.044,108.199,13.06,27.7,30.85,25.48,24.15,28.29,81.85,19.16,98.95,2.29,103.7,21.79,36.54,0.86,0.82,71.71
2017-09-22,DA NANG,16.044,108.199,8.13,26.95,30.0,24.86,22.8,27.45,78.98,17.65,99.05,1.99,118.7,19.31,37.41,0.86,0.84,80.04
2017-09-23,DA NANG,16.044,108.199,5.6,27.63,30.32,26.27,24.06,27.96,81.32,19.03,99.05,1.59,86.4,16.77,37.31,0.85,0.84,89.34
2017-09-24,DA NANG,16.044,108.199,4.8,28.22,31.57,26.31,24.16,28.02,79.3,19.26,98.83,1.4,292.7,6.94,37.51,0.84,0.83,96.68
2017-09-25,DA NANG,16.044,108.199,3.01,27.85,30.84,26.03,24.63,28.05,83.25,19.73,98.9,2.17,97.7,22.51,37.27,0.84,0.83,66.08
2017-09-26,DA NANG,16.044,108.199,3.89,27.68,30.51,25.9,25.11,28.02,86.34,20.27,99.09,2.78,118.8,21.61,37.06,0.84,0.83,85.22
2017-09-27,DA NANG,16.044,108.199,1.9,27.48,30.58,25.29,24.44,27.98,83.88,19.47,99.1,2.18,99.9,23.27,36.58,0.83,0.83,69.13
2017-09-28,DA NANG,16.044,108.199,1.78,27.31,30.21,25.78,23.41,27.82,79.7,18.29,99.04,1.8,62.4,18.34,37.04,0.83,0.82,94.65
2017-09-29,DA NANG,16.044,108.199,3.79,27.65,31.05,25.7,24.53,28.09,83.94,19.6,99.17,2.66,117.4,21.57,36.87,0.83,0.82,78.5
2017-09-30,DA NANG,16.044,108.199,4.83,27.25,29.73,25.66,24.56,27.7,85.72,19.59,99.27,2.67,120.9,20.69,36.85,0.84,0.82,71.63
2017-10-01,DA NANG,16.044,108.199,9.43,27.37,29.77,25.78,24.02,27.64,82.45,18.98,99.12,1.63,93.0,21.49,36.72,0.84,0.82,76.8
2017-10-02,DA NANG,16.044,108.199,20.33,26.29,29.34,24.91,24.05,26.94,87.84,19.01,99.05,2.06,98.8,9.42,37.24,0.9,0.85,99.41
2017-10-03,DA NANG,16.044,108.199,12.61,26.36,27.9,25.12,24.43,26.81,89.24,19.44,99.14,2.92,121.8,17.41,37.43,0.88,0.85,80.06
2017-10-04,DA NANG,16.044,108.199,11.17,26.63,28.73,25.32,24.03,27.03,85.85,18.94,99.31,2.34,109.5,18.75,37.17,0.87,0.85,91.25
2017-10-05,DA NANG,16.044,108.199,5.02,26.69,29.15,24.84,23.71,27.25,84.1,18.6,99.25,2.06,356.9,20.67,36.89,0.86,0.85,80.49
2017-10-06,DA NANG,16.044,108.199,16.75,26.45,28.59,25.03,23.68,26.82,84.92,18.57,99.17,1.72,3.3,11.16,37.51,0.89,0.85,99.08
2017-10-07,DA NANG,16.044,108.199,8.12,26.87,28.8,25.8,24.11,27.04,85.14,19.08,99.14,1.86,90.7,18.93,37.05,0.87,0.86,87.22
2017-10-08,DA NANG,16.044,108.199,31.85,26.96,29.05,25.32,25.03,27.27,89.32,20.18,99.07,3.34,41.0,19.19,37.41,0.92,0.87,86.81
2017-10-09,DA NANG,16.044,108.199,43.06,26.09,28.07,24.71,24.01,26.5,88.35,19.04,98.71,3.54,331.4,5.51,37.28,0.94,0.91,99.29
2017-10-10,DA NANG,16.044,108.199,8.62,27.27,29.62,25.9,25.34,27.66,89.48,20.59,98.86,3.39,111.1,18.21,37.48,0.9,0.9,98.36
2017-10-11,DA NANG,16.044,108.199,7.91,26.85,28.86,25.33,24.41,27.03,86.69,19.42,99.09,2.02,73.9,14.4,37.04,0.89,0.9,85.86
2017-10-12,DA NANG,16.044,108.199,7.62,26.74,28.48,25.39,24.62,26.96,88.27,19.68,99.06,2.39,32.7,14.43,37.15,0.9,0.9,79.78
2017-10-13,DA NANG,16.044,108.199,5.54,26.75,29.19,24.82,24.2,26.82,86.19,19.21,98.93,3.22,14.6,17.7,37.0,0.89,0.9,91.61
2017-10-14,DA NANG,16.044,108.199,1.9,25.76,29.05,23.7,22.88,26.06,84.53,17.76,98.84,4.59,325.2,17.15,36.33,0.88,0.89,99.04
2017-10-15,DA NANG,16.044,108.199,1.68,25.17,28.74,22.92,22.33,25.67,84.63,17.16,98.84,5.1,313.9,10.46,36.33,0.87,0.89,99.71
2017-10-16,DA NANG,16.044,108.199,1.47,24.26,27.97,21.99,21.18,25.04,83.26,15.97,99.05,4.9,326.4,10.48,36.43,0.87,0.88,98.62
2017-10-17,DA NANG,16.044,108.199,4.68,25.33,28.02,24.02,22.78,25.96,86.14,17.57,99.2,3.68,339.7,13.58,37.01,0.87,0.88,90.93
2017-10-18,DA NANG,16.044,108.199,35.62,25.73,27.12,24.81,24.42,26.03,92.43,19.39,99.25,3.74,11.5,11.53,37.48,0.93,0.89,91.87
2017-10-19,DA NANG,16.044,108.199,25.34,25.46,27.88,23.71,23.44,25.89,88.78,18.27,99.31,4.09,358.8,17.55,37.34,0.93,0.92,81.67
2017-10-20,DA NANG,16.044,108.199,3.29,25.23,28.02,23.2,22.68,25.74,86.05,17.43,99.36,3.53,347.7,14.04,36.91,0.89,0.91,64.19
2017-10-21,DA NANG,16.044,108.199,1.09,25.36,28.33,23.21,22.2,25.8,83.01,16.93,99.33,2.88,359.4,15.05,37.43,0.88,0.9,80.3
2017-10-22,DA NANG,16.044,108.199,2.9,25.16,28.39,23.24,22.15,25.7,83.75,16.87,99.36,2.88,6.8,15.22,36.86,0.88,0.9,66.45
2017-10-23,DA NANG,16.044,108.199,6.69,25.08,28.17,23.17,22.12,25.62,83.97,16.8,99.58,3.29,44.3,11.59,37.34,0.89,0.9,80.29
2017-10-24,DA NANG,16.044,108.199,17.65,25.2,27.62,23.95,22.36,25.48,84.6,17.02,99.75,3.83,47.4,14.57,37.28,0.91,0.9,91.87
2017-10-25,DA NANG,16.044,108.199,8.74,25.08,27.8,23.2,22.32,25.39,84.94,16.98,99.78,3.6,44.6,17.54,35.8,0.9,0.91,52.3
2017-10-26,DA NANG,16.044,108.199,2.68,24.79,27.52,22.9,21.83,25.13,83.78,16.5,99.66,3.66,35.2,17.34,36.27,0.88,0.9,62.66
2017-10-27,DA NANG,16.044,108.199,0.72,24.57,27.42,22.53,20.98,24.84,80.77,15.67,99.53,2.97,38.9,16.92,35.88,0.88,0.89,59.66
2017-10-28,DA NANG,16.044,108.199,0.38,24.67,27.54,22.79,21.01,24.88,80.33,15.67,99.67,3.1,48.4,17.2,35.02,0.87,0.89,48.47
2017-10-29,DA NANG,16.044,108.199,10.0,24.41,27.11,22.36,20.83,24.69,80.87,15.48,99.79,4.16,43.9,13.67,36.6,0.88,0.88,93.63
2017-10-30,DA NANG,16.044,108.199,47.67,24.09,25.92,22.97,21.81,24.52,87.27,16.46,99.73,5.94,42.8,12.63,36.92,0.95,0.91,96.89
2017-10-31,DA NANG,16.044,108.199,47.1,24.26,25.42,23.72,22.53,24.6,90.06,17.22,99.61,5.87,42.2,3.86,37.03,0.96,0.95,99.66
2017-11-01,DA NANG,16.044,108.199,15.53,24.35,26.1,22.74,22.19,24.52,87.78,16.89,99.51,4.69,45.4,13.86,36.22,0.93,0.96,96.83
2017-11-02,DA NANG,16.044,108.199,0.9,23.52,26.56,21.71,20.09,23.8,81.25,14.86,99.41,4.08,6.0,17.84,34.41,0.91,0.94,90.98
2017-11-03,DA NANG,16.044,108.199,37.2,23.83,25.56,22.66,21.02,24.15,84.88,15.79,99.36,6.03,10.1,7.89,36.81,0.94,0.94,99.1
2017-11-04,DA NANG,16.044,108.199,202.17,24.41,24.91,23.98,23.32,24.59,93.53,18.12,99.36,8.0,47.8,3.05,37.02,1.0,0.99,99.58
2017-11-05,DA NANG,16.044,108.199,69.16,23.9,24.96,22.53,22.51,24.12,91.83,17.24,99.47,5.97,43.8,4.84,36.83,0.98,1.0,99.72
2017-11-06,DA NANG,16.044,108.199,90.02,23.58,24.33,22.93,22.46,23.99,93.49,17.21,99.34,4.5,356.5,5.01,37.07,0.99,1.0,99.15
2017-11-07,DA NANG,16.044,108.199,71.13,24.97,26.36,24.19,23.91,25.13,93.86,18.78,99.38,3.26,31.9,4.93,37.06,0.99,1.0,99.46
2017-11-08,DA NANG,16.044,108.199,43.83,25.0,26.89,23.78,23.73,25.04,92.66,18.59,99.35,3.58,53.8,6.99,36.94,0.99,1.0,95.7
2017-11-09,DA NANG,16.044,108.199,24.04,25.19,27.29,23.84,23.73,25.29,91.76,18.58,99.37,4.13,56.0,15.14,36.67,0.98,1.0,95.56
2017-11-10,DA NANG,16.044,108.199,7.7,24.72,26.66,23.32,23.28,24.83,91.77,18.07,99.42,3.44,51.2,15.47,36.18,0.97,1.0,90.61
2017-11-11,DA NANG,16.044,108.199,5.72,24.84,27.36,23.35,22.81,24.89,88.6,17.58,99.33,3.16,30.6,13.97,36.83,0.97,0.99,90.78
2017-11-12,DA NANG,16.044,108.199,0.91,24.74,27.62,22.44,22.55,24.94,88.01,17.34,99.2,2.82,344.5,16.45,35.37,0.96,0.99,59.11
2017-11-13,DA NANG,16.044,108.199,6.38,25.11,28.3,23.25,23.31,25.28,90.14,18.16,99.15,3.13,324.5,15.89,37.02,0.95,0.98,88.49
2017-11-14,DA NANG,16.044,108.199,22.85,25.78,28.64,24.06,24.12,25.84,90.87,19.06,99.3,2.65,88.8,11.6,36.5,0.96,0.99,92.95
2017-11-15,DA NANG,16.044,108.199,27.45,25.14,26.72,24.16,24.04,25.15,93.64,18.91,99.45,2.69,80.4,11.62,37.26,0.97,0.99,82.21
2017-11-16,DA NANG,16.044,108.199,3.69,25.68,28.5,23.83,24.22,25.63,91.81,19.14,99.37,2.59,102.2,17.41,36.05,0.96,0.99,41.96
2017-11-17,DA NANG,16.044,108.199,0.6,25.95,29.26,24.04,24.0,26.0,89.53,18.94,99.15,2.26,126.6,18.41,35.58,0.95,0.98,85.99
2017-11-18,DA NANG,16.044,108.199,1.6,25.83,28.8,24.06,23.92,25.9,89.54,18.83,99.23,2.39,68.2,16.81,36.21,0.94,0.98,96.3
2017-11-19,DA NANG,16.044,108.199,89.94,25.14,26.17,24.55,24.1,25.2,93.91,19.0,99.36,4.08,62.1,10.86,37.01,0.98,0.99,99.64
2017-11-20,DA NANG,16.044,108.199,60.52,25.14,26.37,24.27,24.3,25.18,94.99,19.21,99.45,3.46,73.5,3.36,37.24,0.99,1.0,99.87
2017-11-21,DA NANG,16.044,108.199,58.03,24.89,25.77,24.26,24.0,24.95,94.69,18.87,99.41,4.16,57.6,5.73,36.89,0.99,1.0,99.82
2017-11-22,DA NANG,16.044,108.199,56.9,23.32,24.95,22.08,22.06,23.73,92.53,16.76,99.55,5.39,20.7,5.42,36.63,0.99,1.0,99.76
2017-11-23,DA NANG,16.044,108.199,42.74,22.22,23.8,21.04,20.47,22.86,89.78,15.15,99.75,5.51,23.3,3.9,36.16,0.99,1.0,99.7
2017-11-24,DA NANG,16.044,108.199,28.09,21.46,22.61,20.75,19.79,22.26,90.29,14.51,99.88,5.54,14.7,3.62,36.03,0.98,1.0,98.94
2017-11-25,DA NANG,16.044,108.199,14.56,22.32,23.42,21.74,20.78,22.93,91.0,15.42,99.9,5.04,10.2,3.59,36.26,0.98,1.0,99.55
2017-11-26,DA NANG,16.044,108.199,15.69,22.39,23.9,21.63,20.8,22.98,90.76,15.46,99.79,4.55,15.0,3.41,36.4,0.98,1.0,99.51
2017-11-27,DA NANG,16.044,108.199,8.16,23.37,24.88,22.65,21.95,23.78,91.8,16.63,99.54,3.85,27.7,7.23,36.8,0.97,0.99,99.41
2017-11-28,DA NANG,16.044,108.199,13.12,24.5,25.8,23.85,23.46,24.61,93.92,18.24,99.53,3.97,42.3,8.73,36.5,0.97,0.99,99.53
2017-11-29,DA NANG,16.044,108.199,7.88,24.54,26.9,22.87,23.11,24.62,91.83,17.87,99.5,3.64,53.2,12.46,35.98,0.96,0.99,81.41
2017-11-30,DA NANG,16.044,108.199,3.62,24.31,26.71,22.89,22.49,24.36,89.76,17.2,99.52,3.84,43.8,17.4,34.86,0.95,0.99,66.03
2017-12-01,DA NANG,16.044,108.199,18.66,23.74,26.03,22.25,21.92,23.94,89.67,16.59,99.6,5.3,38.3,14.73,36.12,0.96,0.98,96.07
2017-12-02,DA NANG,16.044,108.199,29.28,23.31,24.43,22.76,22.08,23.49,92.72,16.75,99.6,5.28,36.5,4.09,36.83,0.97,0.99,99.73
2017-12-03,DA NANG,16.044,108.199,19.2,23.9,25.47,22.93,22.57,23.95,92.26,17.27,99.58,4.84,45.0,7.23,37.09,0.97,0.99,98.65
2017-12-04,DA NANG,16.044,108.199,9.49,22.78,24.47,21.48,20.9,22.99,89.12,15.57,99.69,5.13,35.8,10.18,36.7,0.96,0.99,94.74
2017-12-05,DA NANG,16.044,108.199,6.08,21.86,23.77,20.76,19.76,22.21,87.91,14.49,99.74,4.23,37.7,6.44,36.37,0.96,0.99,94.16
2017-12-06,DA NANG,16.044,108.199,0.66,22.67,24.99,21.26,20.37,22.84,86.97,15.06,99.62,3.04,65.1,6.38,36.55,0.95,0.98,98.45
2017-12-07,DA NANG,16.044,108.199,3.82,22.99,25.53,21.49,20.68,23.16,86.9,15.34,99.75,3.81,71.0,6.25,36.62,0.94,0.98,99.31
2017-12-08,DA NANG,16.044,108.199,4.11,21.22,23.72,19.02,18.33,21.6,83.64,13.22,99.94,4.63,46.6,9.91,34.86,0.94,0.97,72.87
2017-12-09,DA NANG,16.044,108.199,0.39,21.11,23.29,19.91,16.93,21.24,77.09,12.11,99.8,2.32,35.9,10.59,34.86,0.93,0.97,85.29
2017-12-10,DA NANG,16.044,108.199,0.22,21.86,24.36,20.3,17.97,22.08,78.89,12.94,99.79,2.28,49.7,10.71,35.68,0.93,0.96,86.23
2017-12-11,DA NANG,16.044,108.199,0.85,21.82,24.14,20.47,19.22,22.21,85.25,14.01,99.74,2.55,56.0,3.98,36.48,0.92,0.96,99.32
2017-12-12,DA NANG,16.044,108.199,0.13,22.7,25.25,21.4,19.91,22.68,84.51,14.64,99.62,1.95,60.3,8.33,36.85,0.92,0.95,96.34
2017-12-13,DA NANG,16.044,108.199,0.08,23.2,26.17,21.61,20.75,23.08,86.45,15.44,99.54,1.86,92.3,14.35,35.64,0.91,0.95,80.41
2017-12-14,DA NANG,16.044,108.199,0.76,23.2,26.1,21.21,21.16,23.14,88.67,15.84,99.59,2.41,49.5,15.11,35.24,0.91,0.94,86.7
2017-12-15,DA NANG,16.044,108.199,4.2,23.13,25.85,21.51,21.2,23.23,89.11,15.83,99.78,3.3,46.8,11.4,35.36,0.91,0.94,86.88
2017-12-16,DA NANG,16.044,108.199,37.51,20.83,24.85,17.73,18.82,21.45,88.27,13.7,100.17,6.28,29.8,11.51,35.13,0.95,0.95,97.78
2017-12-17,DA NANG,16.044,108.199,8.09,17.79,18.97,16.76,15.25,19.03,85.09,10.81,100.35,5.54,3.1,6.16,33.33,0.93,0.96,92.73
2017-12-18,DA NANG,16.044,108.199,1.8,17.13,18.5,15.41,13.34,18.37,78.47,9.56,100.4,5.68,3.0,12.79,32.56,0.92,0.95,83.73
2017-12-19,DA NANG,16.044,108.199,0.69,16.76,18.88,14.84,11.85,18.11,73.16,8.66,100.43,6.2,359.6,15.86,30.84,0.91,0.94,67.34
2017-12-20,DA NANG,16.044,108.199,4.29,17.13,18.48,16.36,13.93,18.5,81.97,9.95,100.46,5.02,4.0,5.48,33.83,0.91,0.94,98.95
2017-12-21,DA NANG,16.044,108.199,5.99,18.84,19.96,17.25,16.76,19.7,88.03,11.98,100.11,4.26,8.7,2.38,35.72,0.91,0.94,99.64
2017-12-22,DA NANG,16.044,108.199,1.91,21.43,23.38,20.36,19.8,21.65,90.59,14.53,99.73,3.47,43.2,4.54,36.24,0.91,0.94,99.59
2017-12-23,DA NANG,16.044,108.199,3.35,22.1,24.81,20.51,20.4,22.33,90.31,15.09,99.61,3.26,48.4,5.21,36.47,0.91,0.93,99.64
2017-12-24,DA NANG,16.044,108.199,6.96,21.39,23.81,19.54,19.37,21.56,88.3,14.15,99.77,4.44,30.7,10.89,34.85,0.91,0.94,96.88
2017-12-25,DA NANG,16.044,108.199,7.23,20.52,22.51,19.4,17.68,20.82,84.07,12.72,99.73,3.83,28.1,12.62,34.41,0.91,0.93,94.09
2017-12-26,DA NANG,16.044,108.199,26.29,22.1,22.84,20.43,21.16,22.2,94.36,15.82,99.69,4.45,38.4,3.89,35.86,0.94,0.95,98.57
2017-12-27,DA NANG,16.044,108.199,10.07,22.35,23.99,21.37,21.12,22.43,92.79,15.77,99.71,4.5,51.6,3.66,36.31,0.93,0.95,99.38
2017-12-28,DA NANG,16.044,108.199,5.97,22.11,23.41,21.4,21.14,22.25,94.23,15.78,99.77,3.57,24.4,4.39,36.2,0.92,0.95,99.75
2017-12-29,DA NANG,16.044,108.199,4.4,22.24,24.01,20.85,21.11,22.31,93.25,15.73,99.89,3.97,52.0,4.32,36.41,0.92,0.95,98.68
2017-12-30,DA NANG,16.044,108.199,2.5,21.55,23.96,20.01,19.48,21.67,88.12,14.2,99.97,4.09,42.7,12.84,35.11,0.91,0.95,76.71
2017-12-31,DA NANG,16.044,108.199,2.0,21.04,23.49,19.44,18.69,21.3,86.6,13.52,99.88,4.3,55.9,11.12,35.04,0.91,0.94,94.88
2018-01-01,DA NANG,16.044,108.199,1.6,20.75,23.26,19.2,18.52,20.98,87.34,13.41,99.7,3.51,55.6,15.4,33.93,0.91,0.94,83.08
2018-01-02,DA NANG,16.044,108.199,2.69,21.65,23.97,20.4,20.17,21.83,91.55,14.89,99.6,3.61,56.5,11.37,34.83,0.91,0.93,98.65
2018-01-03,DA NANG,16.044,108.199,4.61,22.09,24.36,20.81,20.96,22.17,93.39,15.66,99.49,3.36,64.3,7.97,36.23,0.91,0.93,98.98
2018-01-04,DA NANG,16.044,108.199,6.71,22.67,24.77,21.68,21.53,22.81,93.37,16.23,99.37,3.15,34.6,9.56,36.53,0.91,0.93,99.33
2018-01-05,DA NANG,16.044,108.199,2.55,23.05,24.61,22.29,22.18,22.88,94.82,16.91,99.26,2.42,38.0,6.83,36.68,0.91,0.93,98.82
2018-01-06,DA NANG,16.044,108.199,0.12,24.16,27.57,22.4,22.5,24.1,90.92,17.26,99.22,1.85,88.1,13.48,36.3,0.9,0.93,80.83
2018-01-07,DA NANG,16.044,108.199,0.02,24.52,28.36,22.42,22.83,24.27,90.81,17.61,99.26,2.33,125.3,14.22,35.53,0.9,0.92,65.35
2018-01-08,DA NANG,16.044,108.199,5.12,23.69,28.48,18.82,21.55,23.75,88.34,16.38,99.55,3.32,338.0,18.16,35.57,0.9,0.92,48.02
2018-01-09,DA NANG,16.044,108.199,3.91,18.4,20.04,17.63,16.35,19.44,87.93,11.64,100.11,4.43,351.5,5.76,34.81,0.9,0.92,99.26
2018-01-10,DA NANG,16.044,108.199,1.23,17.92,20.01,16.92,15.58,19.15,86.27,11.06,100.24,4.5,0.4,5.16,34.58,0.89,0.92,99.36
2018-01-11,DA NANG,16.044,108.199,2.5,17.49,18.63,16.77,15.22,18.64,86.62,10.8,100.27,4.69,8.0,3.65,34.24,0.89,0.91,98.5
2018-01-12,DA NANG,16.044,108.199,2.69,18.03,19.16,17.5,15.52,18.85,85.37,11.02,100.19,4.39,35.7,6.66,34.45,0.89,0.91,97.52
2018-01-13,DA NANG,16.044,108.199,3.11,19.18,20.64,18.32,16.99,19.64,87.22,12.13,100.01,3.99,48.7,10.57,34.85,0.89,0.91,98.23
2018-01-14,DA NANG,16.044,108.199,2.19,19.76,21.94,18.51,17.65,20.05,87.74,12.67,99.86,3.78,50.8,9.98,35.11,0.89,0.91,98.82
2018-01-15,DA NANG,16.044,108.199,0.5,20.23,22.61,18.89,18.07,20.3,87.43,13.04,99.63,2.99,75.7,11.07,34.92,0.88,0.9,95.5
2018-01-16,DA NANG,16.044,108.199,0.01,20.92,24.28,18.9,18.05,21.05,84.04,13.04,99.54,2.26,70.7,15.88,33.06,0.88,0.9,56.54
2018-01-17,DA NANG,16.044,108.199,0.01,20.42,23.71,18.13,17.32,20.3,82.62,12.45,99.57,2.09,75.0,17.36,32.22,0.88,0.89,52.4
2018-01-18,DA NANG,16.044,108.199,0.2,20.73,23.84,18.82,17.59,20.79,82.54,12.65,99.63,1.93,63.4,17.93,33.61,0.87,0.89,72.54
2018-01-19,DA NANG,16.044,108.199,1.57,21.21,23.7,19.93,19.85,21.47,92.19,14.59,99.62,2.97,20.9,3.37,36.19,0.87,0.89,99.65
2018-01-20,DA NANG,16.044,108.199,0.81,22.17,24.73,20.63,21.05,22.17,93.54,15.75,99.48,3.04,74.2,5.83,36.06,0.87,0.88,99.29
2018-01-21,DA NANG,16.044,108.199,0.71,22.29,25.17,20.43,20.66,22.11,90.88,15.38,99.41,2.49,62.0,12.77,35.9,0.87,0.88,93.49
2018-01-22,DA NANG,16.044,108.199,2.89,22.08,24.96,20.44,20.62,22.16,91.67,15.35,99.37,2.84,59.0,13.55,35.75,0.87,0.88,88.1
2018-01-23,DA NANG,16.044,108.199,1.4,22.28,25.4,20.43,20.67,22.36,90.9,15.4,99.33,2.71,60.9,12.23,36.15,0.87,0.88,86.84
2018-01-24,DA NANG,16.044,108.199,2.49,22.4,25.04,20.98,20.96,22.18,91.77,15.69,99.25,2.68,89.5,12.87,35.25,0.87,0.87,90.32
2018-01-25,DA NANG,16.044,108.199,1.15,22.73,25.88,20.93,21.24,22.6,91.59,15.96,99.28,2.76,95.7,12.06,34.96,0.86,0.87,90.72
2018-01-26,DA NANG,16.044,108.199,2.67,22.84,25.67,21.38,21.24,22.93,91.02,15.95,99.35,3.11,74.1,11.64,35.73,0.86,0.87,98.2
2018-01-27,DA NANG,16.044,108.199,1.87,22.63,25.13,21.2,21.31,22.52,92.43,16.02,99.34,3.22,96.7,12.72,35.28,0.86,0.87,93.74
2018-01-28,DA NANG,16.044,108.199,4.54,23.37,27.14,21.11,21.54,23.31,90.01,16.25,99.35,2.32,79.0,16.41,34.84,0.86,0.86,95.16
2018-01-29,DA NANG,16.044,108.199,6.44,19.3,22.07,17.6,17.39,20.07,88.8,12.53,99.78,4.27,354.0,5.85,35.13,0.87,0.87,99.19
2018-01-30,DA NANG,16.044,108.199,1.33,19.34,21.33,18.17,17.15,20.11,87.31,12.28,99.74,2.67,21.0,6.6,35.48,0.86,0.86,99.4
2018-01-31,DA NANG,16.044,108.199,1.66,18.09,21.68,15.95,15.94,19.24,87.38,11.39,100.08,5.41,349.8,4.39,34.49,0.86,0.86,99.47
2018-02-01,DA NANG,16.044,108.199,0.42,17.04,18.62,16.2,14.31,18.33,84.1,10.2,100.04,2.91,8.1,5.88,34.54,0.85,0.86,99.08
2018-02-02,DA NANG,16.044,108.199,1.79,18.13,20.61,16.31,15.77,19.16,86.25,11.2,100.26,4.58,2.1,4.78,34.56,0.85,0.86,99.31
2018-02-03,DA NANG,16.044,108.199,0.53,16.29,18.26,15.27,13.41,17.62,83.25,9.59,100.31,3.82,355.5,4.94,34.33,0.85,0.85,99.11
2018-02-04,DA NANG,16.044,108.199,1.39,17.08,19.16,15.95,14.42,18.14,84.56,10.25,100.29,3.5,4.2,10.21,34.18,0.85,0.85,95.55
2018-02-05,DA NANG,16.044,108.199,1.94,15.73,17.95,14.23,13.1,17.09,84.45,9.42,100.42,5.13,348.2,4.47,33.63,0.85,0.85,98.84
2018-02-06,DA NANG,16.044,108.199,0.09,15.25,16.72,14.01,12.12,16.63,81.77,8.84,100.13,3.38,339.6,7.52,33.7,0.85,0.85,98.5
2018-02-07,DA NANG,16.044,108.199,0.27,17.13,20.26,15.39,13.6,18.25,80.28,9.75,99.97,3.21,345.5,9.93,34.28,0.84,0.84,97.51
2018-02-08,DA NANG,16.044,108.199,0.2,17.23,20.3,14.76,13.94,17.61,81.47,10.0,99.74,2.6,343.6,6.81,33.73,0.84,0.84,83.15
2018-02-09,DA NANG,16.044,108.199,0.0,19.7,24.32,16.72,16.85,19.83,84.58,12.09,99.58,2.13,128.3,20.67,31.02,0.84,0.83,15.79
2018-02-10,DA NANG,16.044,108.199,1.08,20.96,25.2,18.64,18.43,21.06,86.09,13.33,99.78,1.99,55.5,20.17,33.87,0.84,0.83,60.3
2018-02-11,DA NANG,16.044,108.199,5.75,20.56,23.59,18.36,18.66,20.9,89.06,13.47,100.14,3.85,40.5,6.84,35.4,0.85,0.83,99.27
2018-02-12,DA NANG,16.044,108.199,2.9,19.26,22.03,17.32,17.16,19.67,87.82,12.22,100.34,4.32,44.4,13.83,34.23,0.84,0.83,81.78
2018-02-13,DA NANG,16.044,108.199,0.96,18.48,21.37,15.93,15.28,18.25,81.73,10.86,100.18,2.58,71.0,13.33,32.74,0.84,0.83,64.29
2018-02-14,DA NANG,16.044,108.199,0.0,19.43,23.84,16.94,16.45,19.4,83.79,11.75,99.8,2.33,135.5,21.72,30.9,0.83,0.82,17.59
2018-02-15,DA NANG,16.044,108.199,0.0,21.54,27.28,18.08,18.32,21.15,84.07,13.31,99.58,2.07,136.0,22.14,31.09,0.83,0.82,10.55
2018-02-16,DA NANG,16.044,108.199,0.04,21.85,26.43,18.96,19.15,21.23,85.98,14.02,99.54,1.31,95.2,20.41,33.75,0.82,0.81,61.51
2018-02-17,DA NANG,16.044,108.199,0.03,21.49,25.1,19.66,19.25,21.29,87.96,14.06,99.56,1.92,101.1,21.86,33.38,0.82,0.81,48.45
2018-02-18,DA NANG,16.044,108.199,0.12,22.54,25.79,20.7,21.15,22.38,92.25,15.82,99.59,2.53,93.0,18.85,34.72,0.82,0.81,52.77
2018-02-19,DA NANG,16.044,108.199,0.31,22.49,26.25,19.96,20.77,22.34,90.52,15.47,99.52,2.93,117.0,19.89,34.11,0.82,0.8,47.17
2018-02-20,DA NANG,16.044,108.199,0.14,22.44,26.3,19.85,20.55,22.39,89.7,15.28,99.37,2.85,125.6,20.09,33.82,0.81,0.8,44.35
2018-02-21,DA NANG,16.044,108.199,2.89,22.97,26.34,21.27,20.98,22.94,89.12,15.69,99.33,2.88,107.4,21.43,34.39,0.82,0.8,63.02
2018-02-22,DA NANG,16.044,108.199,1.78,22.97,26.16,20.78,21.43,22.77,91.37,16.11,99.5,2.79,90.4,15.71,35.4,0.82,0.8,90.04
2018-02-23,DA NANG,16.044,108.199,2.85,22.41,25.44,20.47,20.8,22.31,90.87,15.47,99.71,2.17,56.4,6.87,36.17,0.82,0.8,99.5
2018-02-24,DA NANG,16.044,108.199,0.1,22.82,26.57,20.7,20.6,22.8,87.82,15.26,99.76,1.8,80.1,10.44,36.58,0.81,0.8,98.66
2018-02-25,DA NANG,16.044,108.199,0.25,22.37,25.67,20.21,20.39,22.39,89.05,15.07,99.75,2.07,25.0,10.7,36.36,0.81,0.79,95.86
2018-02-26,DA NANG,16.044,108.199,0.79,21.99,25.18,19.88,20.34,21.89,90.75,15.04,99.69,2.76,73.5,6.56,35.84,0.81,0.79,85.81
2018-02-27,DA NANG,16.044,108.199,0.02,22.31,25.83,19.96,20.22,22.31,88.71,14.95,99.5,2.47,111.0,21.45,33.58,0.8,0.79,26.66
2018-02-28,DA NANG,16.044,108.199,0.07,23.11,27.18,20.84,20.93,23.02,88.22,15.65,99.37,1.79,98.6,18.55,35.98,0.8,0.78,68.03
2018-03-01,DA NANG,16.044,108.199,0.16,24.06,27.9,22.12,21.99,24.03,88.84,16.72,99.21,2.27,116.9,19.72,35.14,0.79,0.78,52.76
2018-03-02,DA NANG,16.044,108.199,0.14,24.9,29.54,22.34,22.73,24.59,88.65,17.53,99.09,2.26,117.6,20.29,35.65,0.79,0.78,51.21
2018-03-03,DA NANG,16.044,108.199,2.58,25.13,29.23,22.68,23.03,24.81,88.81,17.87,99.04,2.7,127.0,21.59,35.43,0.8,0.78,51.26
2018-03-04,DA NANG,16.044,108.199,0.16,25.5,30.24,23.31,23.27,25.09,88.32,18.11,99.13,2.12,130.1,21.82,35.53,0.79,0.77,33.11
2018-03-05,DA NANG,16.044,108.199,0.43,25.04,29.04,21.96,22.81,24.64,88.19,17.6,99.25,2.97,124.6,21.79,35.26,0.79,0.77,58.31
2018-03-06,DA NANG,16.044,108.199,1.14,24.43,27.86,22.23,22.41,24.38,89.0,17.12,99.44,3.73,120.9,21.55,35.09,0.79,0.77,68.7
2018-03-07,DA NANG,16.044,108.199,0.12,23.96,27.7,21.51,21.8,23.8,88.5,16.49,99.48,2.99,118.0,23.53,34.55,0.78,0.77,51.68
2018-03-08,DA NANG,16.044,108.199,3.6,21.68,26.19,19.19,19.54,22.08,87.96,14.36,99.78,4.23,4.5,14.5,36.17,0.79,0.77,94.71
2018-03-09,DA NANG,16.044,108.199,0.96,19.29,21.64,17.85,16.88,20.28,86.19,12.04,100.03,3.63,6.9,6.01,35.26,0.79,0.77,99.93
2018-03-10,DA NANG,16.044,108.199,0.18,20.09,22.93,18.43,16.99,20.55,82.53,12.13,99.96,3.25,57.0,6.29,35.57,0.78,0.76,94.77
2018-03-11,DA NANG,16.044,108.199,0.88,21.09,24.52,18.65,18.03,21.17,83.27,12.98,99.9,3.16,86.7,20.86,34.8,0.78,0.76,76.95
2018-03-12,DA NANG,16.044,108.199,0.28,21.32,25.06,18.03,17.92,20.99,81.81,12.9,99.76,2.49,100.4,20.78,33.26,0.78,0.76,38.34
2018-03-13,DA NANG,16.044,108.199,0.08,21.92,26.01,19.05,19.12,21.91,85.23,13.96,99.53,2.33,119.1,23.02,33.59,0.77,0.75,40.62
2018-03-14,DA NANG,16.044,108.199,22.25,22.81,27.08,21.02,20.76,22.9,88.75,15.47,99.4,2.99,93.2,13.95,36.45,0.81,0.76,95.97
2018-03-15,DA NANG,16.044,108.199,11.47,21.92,25.24,19.9,20.4,21.82,91.36,15.13,99.42,3.27,130.3,9.59,35.02,0.83,0.79,61.51
2018-03-16,DA NANG,16.044,108.199,2.07,24.28,28.89,21.77,21.83,24.18,87.4,16.54,99.44,2.62,115.6,21.76,35.56,0.79,0.77,62.7
2018-03-17,DA NANG,16.044,108.199,0.02,24.07,28.28,21.05,21.95,23.97,88.76,16.65,99.48,3.46,122.8,23.33,34.61,0.78,0.77,30.65
2018-03-18,DA NANG,16.044,108.199,0.01,24.0,28.03,21.72,21.6,23.87,87.37,16.3,99.43,2.99,125.5,24.16,34.44,0.77,0.76,36.32
2018-03-19,DA NANG,16.044,108.199,0.13,25.48,29.74,23.22,22.76,25.09,85.87,17.54,99.19,2.04,126.9,23.21,35.1,0.77,0.75,36.75
2018-03-20,DA NANG,16.044,108.199,3.08,22.93,29.29,19.27,19.87,23.14,83.45,14.78,99.48,3.89,328.5,6.24,35.75,0.78,0.75,97.86
2018-03-21,DA NANG,16.044,108.199,0.36,21.42,24.84,19.41,18.71,22.0,84.92,13.58,99.64,3.18,9.4,10.27,36.01,0.77,0.75,98.43
2018-03-22,DA NANG,16.044,108.199,0.07,20.58,23.62,18.75,17.66,21.18,83.59,12.71,99.62,2.79,45.0,13.89,34.52,0.77,0.75,88.51
2018-03-23,DA NANG,16.044,108.199,0.0,21.47,24.7,19.49,18.04,21.67,81.74,13.01,99.74,2.85,79.4,22.58,33.49,0.76,0.75,86.41
2018-03-24,DA NANG,16.044,108.199,0.0,22.27,25.88,19.78,18.91,21.94,82.0,13.74,99.75,2.4,98.5,20.19,34.19,0.76,0.74,82.45
2018-03-25,DA NANG,16.044,108.199,0.0,22.41,25.97,20.16,19.01,22.13,81.78,13.8,99.86,2.01,77.3,22.46,33.49,0.76,0.74,37.55
2018-03-26,DA NANG,16.044,108.199,0.0,22.49,25.6,20.32,19.31,22.13,82.63,14.08,99.81,1.95,59.5,15.3,34.89,0.76,0.74,57.5
2018-03-27,DA NANG,16.044,108.199,0.01,22.39,25.93,20.16,19.37,22.4,83.74,14.15,99.62,2.27,91.2,22.19,33.6,0.75,0.73,31.95
2018-03-28,DA NANG,16.044,108.199,0.13,22.68,26.37,20.13,19.73,22.89,84.24,14.51,99.43,2.86,118.3,21.97,34.69,0.75,0.73,52.25
2018-03-29,DA NANG,16.044,108.199,0.07,23.54,27.61,21.11,21.24,23.66,87.63,15.94,99.39,2.7,114.2,19.13,35.7,0.75,0.73,77.58
2018-03-30,DA NANG,16.044,108.199,0.13,23.48,27.1,21.58,20.66,23.45,84.74,15.37,99.5,2.27,92.7,20.59,34.42,0.75,0.73,49.3
2018-03-31,DA NANG,16.044,108.199,0.03,23.03,26.6,20.59,19.78,22.83,82.51,14.54,99.54,1.97,79.7,23.16,33.43,0.74,0.73,80.88
2018-04-01,DA NANG,16.044,108.199,0.0,22.65,26.46,20.25,18.77,22.62,79.55,13.65,99.52,1.99,89.8,23.41,33.17,0.74,0.72,78.42
2018-04-02,DA NANG,16.044,108.199,0.0,22.51,26.97,18.76,19.23,22.74,82.91,14.06,99.49,2.4,112.6,24.29,32.3,0.74,0.72,35.3
2018-04-03,DA NANG,16.044,108.199,0.0,22.43,27.09,18.52,19.17,22.63,83.29,14.04,99.4,2.76,127.2,25.39,32.2,0.73,0.72,22.11
2018-04-04,DA NANG,16.044,108.199,0.0,22.89,27.33,20.11,19.57,23.02,83.12,14.42,99.27,2.77,122.0,25.97,32.33,0.73,0.72,19.03
2018-04-05,DA NANG,16.044,108.199,0.04,24.14,28.54,21.17,21.47,24.26,86.23,16.22,99.18,2.68,123.6,24.24,33.87,0.73,0.71,29.88
2018-04-06,DA NANG,16.044,108.199,30.27,24.08,28.09,21.33,21.61,24.35,86.6,16.3,99.57,4.61,35.2,20.79,35.5,0.8,0.72,90.93
2018-04-07,DA NANG,16.044,108.199,54.8,20.58,22.47,18.87,18.47,21.22,87.73,13.33,100.06,5.54,35.8,5.88,35.73,0.94,0.8,99.93
2018-04-08,DA NANG,16.044,108.199,15.61,20.88,23.43,19.4,18.09,21.49,84.2,13.01,99.94,3.13,45.7,11.13,35.6,0.86,0.82,97.05
2018-04-09,DA NANG,16.044,108.199,0.28,22.22,25.69,19.84,19.35,22.53,84.57,14.14,99.62,2.98,108.0,17.57,34.54,0.8,0.79,52.95
2018-04-10,DA NANG,16.044,108.199,0.12,23.9,28.07,21.38,21.47,23.95,87.22,16.19,99.37,2.73,122.8,25.21,34.58,0.78,0.77,24.8
2018-04-11,DA NANG,16.044,108.199,0.01,25.38,30.06,22.55,22.89,25.28,87.29,17.69,99.15,2.78,133.1,24.86,34.93,0.77,0.76,10.09
2018-04-12,DA NANG,16.044,108.199,0.02,26.82,32.37,23.6,23.64,26.56,84.43,18.56,99.03,2.57,130.5,23.93,35.58,0.76,0.75,42.63
2018-04-13,DA NANG,16.044,108.199,0.37,26.91,31.83,23.91,23.92,26.6,85.0,18.86,99.11,2.63,127.3,24.36,35.39,0.76,0.74,37.01
2018-04-14,DA NANG,16.044,108.199,0.22,26.79,31.7,23.6,23.68,26.48,84.63,18.6,99.08,2.77,122.0,24.61,35.61,0.75,0.74,59.66
2018-04-15,DA NANG,16.044,108.199,0.58,25.26,28.87,22.3,23.08,25.47,88.3,17.86,99.37,2.63,48.3,19.36,35.99,0.75,0.73,80.78
2018-04-16,DA NANG,16.044,108.199,1.45,24.49,27.64,22.35,22.45,24.83,88.88,17.16,99.53,2.91,0.9,12.88,36.92,0.75,0.73,97.58
2018-04-17,DA NANG,16.044,108.199,1.22,23.75,27.23,21.6,21.82,24.21,89.29,16.5,99.61,3.25,6.7,7.23,36.76,0.76,0.73,99.69
2018-04-18,DA NANG,16.044,108.199,0.26,24.2,27.47,22.49,22.16,24.5,88.94,16.87,99.45,2.33,26.2,9.91,37.04,0.75,0.73,94.78
2018-04-19,DA NANG,16.044,108.199,0.15,24.98,28.58,22.09,22.72,25.17,87.92,17.48,99.3,2.34,108.5,23.54,35.51,0.74,0.73,48.17
2018-04-20,DA NANG,16.044,108.199,0.07,25.28,29.28,22.73,22.33,25.26,85.1,17.11,99.23,2.86,122.7,25.33,35.08,0.74,0.72,24.0
2018-04-21,DA NANG,16.044,108.199,0.22,25.84,29.81,23.2,23.13,25.87,85.81,17.94,99.18,2.93,125.4,25.06,35.5,0.74,0.72,43.08
2018-04-22,DA NANG,16.044,108.199,0.0,27.08,32.22,23.93,23.66,26.86,82.91,18.6,98.99,2.13,129.9,25.31,35.95,0.73,0.72,33.42
2018-04-23,DA NANG,16.044,108.199,0.01,28.0,33.61,25.01,24.02,27.59,81.13,19.04,98.88,1.98,131.8,24.67,36.5,0.73,0.71,14.89
2018-04-24,DA NANG,16.044,108.199,0.04,27.39,31.17,24.54,24.32,26.89,84.2,19.36,98.97,2.12,145.5,22.29,37.12,0.73,0.71,56.51
2018-04-25,DA NANG,16.044,108.199,2.5,27.23,31.47,24.86,24.31,27.21,85.28,19.31,99.09,2.27,104.7,16.11,37.17,0.73,0.71,92.61
2018-04-26,DA NANG,16.044,108.199,4.94,26.08,28.72,24.2,24.15,26.09,89.6,19.08,99.32,2.19,114.0,21.88,36.61,0.75,0.71,80.74
2018-04-27,DA NANG,16.044,108.199,1.07,25.97,28.97,24.03,23.54,26.12,87.06,18.35,99.49,2.15,85.0,21.49,36.22,0.74,0.72,50.26
2018-04-28,DA NANG,16.044,108.199,3.67,26.15,29.27,24.07,23.52,26.38,86.21,18.35,99.39,2.28,93.8,23.73,36.02,0.74,0.71,63.57
2018-04-29,DA NANG,16.044,108.199,18.21,26.0,29.43,24.11,23.69,26.11,87.67,18.57,99.28,1.86,79.6,19.18,36.87,0.8,0.73,86.64
2018-04-30,DA NANG,16.044,108.199,9.83,25.78,27.5,24.74,24.36,25.75,92.01,19.32,99.28,2.2,118.0,20.49,36.77,0.8,0.75,90.46
2018-05-01,DA NANG,16.044,108.199,0.24,26.87,30.4,24.37,24.0,26.75,85.41,18.94,99.31,1.95,134.3,24.89,36.36,0.76,0.74,32.35
2018-05-02,DA NANG,16.044,108.199,0.52,27.01,30.6,24.13,24.21,26.95,85.67,19.17,99.32,2.73,121.9,25.54,36.05,0.74,0.73,46.38
2018-05-03,DA NANG,16.044,108.199,0.09,26.78,30.45,24.24,23.32,26.91,83.03,18.21,99.45,2.51,111.4,24.23,35.47,0.73,0.72,66.31
2018-05-04,DA NANG,16.044,108.199,0.81,26.69,30.3,24.12,23.94,26.92,85.77,18.83,99.43,3.1,125.0,23.37,36.01,0.73,0.72,59.38
2018-05-05,DA NANG,16.044,108.199,1.59,27.0,30.66,24.62,23.85,27.29,83.95,18.73,99.39,3.13,126.3,25.51,36.37,0.73,0.71,58.69
2018-05-06,DA NANG,16.044,108.199,3.55,27.64,31.53,24.83,24.35,27.61,83.42,19.37,99.16,1.95,160.5,23.23,37.22,0.75,0.71,79.06
2018-05-07,DA NANG,16.044,108.199,0.51,28.39,32.63,25.27,24.52,28.13,80.66,19.61,98.88,1.93,158.6,23.42,36.94,0.73,0.71,69.29
2018-05-08,DA NANG,16.044,108.199,0.62,28.31,31.95,25.89,24.95,27.88,82.85,20.12,98.93,1.85,173.2,25.15,36.88,0.73,0.71,74.94
2018-05-09,DA NANG,16.044,108.199,1.14,28.9,32.4,26.03,24.28,28.21,77.24,19.31,99.13,1.21,140.8,23.17,37.09,0.73,0.71,89.98
2018-05-10,DA NANG,16.044,108.199,1.34,27.18,29.75,25.04,24.79,27.07,87.54,19.89,99.24,2.18,133.2,21.21,36.85,0.73,0.71,98.54
2018-05-11,DA NANG,16.044,108.199,0.48,26.9,30.14,24.49,24.34,26.92,86.82,19.34,99.23,2.76,121.9,25.16,36.04,0.72,0.7,81.36
2018-05-12,DA NANG,16.044,108.199,0.17,26.95,30.49,24.45,24.07,26.83,85.5,19.04,99.22,2.58,128.7,26.08,35.9,0.72,0.7,17.39
2018-05-13,DA NANG,16.044,108.199,0.22,27.21,31.82,24.15,23.82,26.98,83.14,18.73,99.21,2.41,131.2,26.71,35.55,0.71,0.7,32.74
2018-05-14,DA NANG,16.044,108.199,0.06,27.88,34.82,23.99,23.33,27.79,79.19,18.35,99.12,2.16,145.2,26.76,35.39,0.68,0.69,28.02
2018-05-15,DA NANG,16.044,108.199,0.2,27.86,32.42,25.08,23.87,27.84,80.75,18.87,98.95,2.28,128.8,26.73,36.18,0.7,0.68,55.5
2018-05-16,DA NANG,16.044,108.199,0.56,28.05,32.07,25.51,24.62,27.9,82.84,19.72,98.93,1.72,135.4,24.55,37.16,0.7,0.68,73.67
2018-05-17,DA NANG,16.044,108.199,0.72,28.26,32.43,25.54,24.49,28.0,81.56,19.6,98.9,1.66,137.7,25.67,36.81,0.7,0.68,59.07
2018-05-18,DA NANG,16.044,108.199,0.41,28.24,32.5,25.61,24.02,27.92,79.21,19.05,98.89,1.6,141.8,24.46,36.95,0.7,0.68,62.36
2018-05-19,DA NANG,16.044,108.199,0.15,28.25,32.76,25.11,24.02,28.12,79.88,19.07,98.87,1.77,123.0,25.11,36.87,0.69,0.67,77.53
2018-05-20,DA NANG,16.044,108.199,0.24,27.7,31.66,25.07,24.62,27.72,84.7,19.75,98.96,2.16,125.6,24.17,36.5,0.69,0.67,81.29
2018-05-21,DA NANG,16.044,108.199,0.72,27.22,30.37,24.94,24.31,27.15,85.01,19.33,99.06,2.32,122.5,25.6,35.94,0.69,0.67,30.31
2018-05-22,DA NANG,16.044,108.199,1.09,26.91,29.55,25.22,24.47,26.83,87.01,19.48,99.17,1.86,115.6,25.31,36.44,0.7,0.67,40.57
2018-05-23,DA NANG,16.044,108.199,1.44,27.03,30.13,24.76,24.36,27.07,86.08,19.39,99.09,1.97,123.7,26.15,36.26,0.7,0.67,35.89
2018-05-24,DA NANG,16.044,108.199,1.38,27.38,30.62,24.95,23.88,27.38,82.49,18.86,99.02,2.29,137.6,25.66,36.59,0.7,0.67,49.04
2018-05-25,DA NANG,16.044,108.199,1.2,28.07,31.61,25.51,23.87,27.82,79.01,18.85,98.94,1.67,154.4,25.69,36.88,0.7,0.67,35.48
2018-05-26,DA NANG,16.044,108.199,0.82,28.58,31.75,25.99,24.01,28.09,77.19,18.99,99.04,1.24,211.4,23.25,37.6,0.69,0.67,63.92
2018-05-27,DA NANG,16.044,108.199,0.94,27.97,30.1,25.36,24.27,27.79,80.88,19.29,99.15,1.47,143.8,16.5,37.92,0.7,0.67,97.89
2018-05-28,DA NANG,16.044,108.199,0.49,28.0,32.0,25.25,24.01,27.83,80.21,18.97,99.18,1.59,114.5,21.21,37.64,0.69,0.67,93.42
2018-05-29,DA NANG,16.044,108.199,1.3,27.82,31.19,25.62,24.52,27.76,83.26,19.56,99.16,2.07,127.8,24.08,36.87,0.69,0.66,69.38
2018-05-30,DA NANG,16.044,108.199,3.45,28.03,31.22,25.58,24.97,27.95,84.48,20.14,99.15,1.94,133.3,26.1,36.81,0.7,0.67,45.41
2018-05-31,DA NANG,16.044,108.199,1.71,28.14,31.55,25.36,24.53,28.09,81.86,19.58,99.14,1.68,145.3,26.47,36.65,0.69,0.67,21.98
2018-06-01,DA NANG,16.044,108.199,1.98,27.7,31.55,24.31,24.5,27.77,83.63,19.55,99.11,2.36,134.5,25.88,36.68,0.7,0.67,65.08
2018-06-02,DA NANG,16.044,108.199,6.39,27.45,30.54,24.86,23.21,27.34,78.6,18.11,99.0,1.9,60.4,16.4,37.22,0.71,0.67,99.37
2018-06-03,DA NANG,16.044,108.199,50.9,26.16,28.15,24.71,24.3,26.32,89.65,19.41,98.7,3.65,313.2,6.11,37.73,0.87,0.72,98.24
2018-06-04,DA NANG,16.044,108.199,30.66,26.13,27.78,24.77,24.32,26.27,89.88,19.42,98.64,4.15,293.3,4.3,38.09,0.86,0.76,99.66
2018-06-05,DA NANG,16.044,108.199,8.8,26.95,29.33,25.07,24.23,26.92,85.41,19.27,98.81,2.83,290.6,9.89,37.72,0.8,0.77,99.56
2018-06-06,DA NANG,16.044,108.199,9.38,27.67,30.14,25.44,24.76,27.57,84.61,19.91,98.73,2.18,283.1,16.47,37.8,0.79,0.75,98.98
2018-06-07,DA NANG,16.044,108.199,14.49,28.16,31.43,25.82,25.31,28.05,85.06,20.63,98.6,1.52,285.3,21.0,38.12,0.81,0.75,98.37
2018-06-08,DA NANG,16.044,108.199,19.07,28.53,31.55,26.07,25.28,28.27,83.04,20.63,98.47,1.62,246.2,21.98,38.31,0.82,0.76,96.12
2018-06-09,DA NANG,16.044,108.199,6.28,28.5,31.8,25.99,24.8,28.14,80.91,20.03,98.51,2.53,263.7,20.94,38.56,0.78,0.76,92.86
2018-06-10,DA NANG,16.044,108.199,1.07,28.36,31.11,25.76,24.75,28.12,81.17,19.92,98.69,2.18,253.5,23.28,38.39,0.76,0.74,91.9
2018-06-11,DA NANG,16.044,108.199,1.56,28.19,30.89,25.72,24.42,28.0,80.3,19.52,98.78,2.33,244.6,19.21,38.28,0.75,0.73,93.93
2018-06-12,DA NANG,16.044,108.199,0.6,27.79,30.61,26.33,22.92,27.5,75.25,17.83,98.74,4.01,245.9,16.45,38.09,0.73,0.72,99.7
2018-06-13,DA NANG,16.044,108.199,0.02,28.36,31.46,26.18,23.36,28.0,74.8,18.33,98.58,3.51,248.4,14.55,38.42,0.72,0.71,99.73
2018-06-14,DA NANG,16.044,108.199,0.48,27.77,31.15,25.8,22.89,27.54,75.2,17.83,98.53,2.89,243.4,12.89,38.55,0.72,0.7,99.06
2018-06-15,DA NANG,16.044,108.199,2.57,27.42,29.42,25.07,23.8,27.44,80.98,18.82,98.57,2.05,229.4,12.7,38.7,0.73,0.7,99.14
2018-06-16,DA NANG,16.044,108.199,4.47,27.87,30.85,25.93,24.28,27.93,81.23,19.39,98.53,1.18,191.8,9.2,38.37,0.74,0.71,98.9
2018-06-17,DA NANG,16.044,108.199,4.41,27.26,30.49,25.46,24.34,27.72,84.65,19.47,98.53,1.88,157.0,11.49,37.91,0.76,0.72,90.26
2018-06-18,DA NANG,16.044,108.199,1.85,28.6,31.82,25.96,24.74,28.51,80.5,19.96,98.47,2.0,168.4,25.45,37.8,0.74,0.71,32.6
2018-06-19,DA NANG,16.044,108.199,0.72,29.12,33.17,26.16,24.54,28.82,77.26,19.7,98.68,1.86,198.2,23.23,38.09,0.72,0.71,42.68
2018-06-20,DA NANG,16.044,108.199,0.55,29.27,33.5,26.27,24.73,29.22,77.89,19.9,98.83,1.89,185.4,23.95,37.94,0.72,0.7,46.66
2018-06-21,DA NANG,16.044,108.199,1.1,29.12,31.95,26.64,25.08,28.73,79.27,20.28,98.85,1.2,228.7,21.39,38.16,0.72,0.7,92.78
2018-06-22,DA NANG,16.044,108.199,1.66,28.4,31.97,25.93,24.78,28.5,81.7,19.95,98.81,1.9,177.2,24.32,37.6,0.72,0.7,88.02
2018-06-23,DA NANG,16.044,108.199,4.59,28.42,32.27,25.26,24.45,28.37,80.05,19.59,98.74,1.92,191.7,23.38,37.45,0.73,0.7,96.22
2018-06-24,DA NANG,16.044,108.199,13.81,28.17,32.29,24.83,24.16,28.32,79.62,19.21,98.84,1.89,180.5,22.49,37.82,0.79,0.71,89.5
2018-06-25,DA NANG,16.044,108.199,15.99,26.38,28.13,25.23,24.13,26.98,87.58,19.14,98.91,2.18,143.8,18.26,37.78,0.8,0.73,99.0
2018-06-26,DA NANG,16.044,108.199,3.22,28.08,31.99,25.72,23.35,28.25,77.11,18.28,99.07,1.48,117.4,19.93,37.22,0.76,0.73,98.23
2018-06-27,DA NANG,16.044,108.199,1.57,27.64,31.24,26.01,24.22,27.8,82.33,19.25,99.13,1.53,55.7,20.35,36.67,0.74,0.72,76.41
2018-06-28,DA NANG,16.044,108.199,0.78,27.89,30.57,25.83,23.93,27.99,79.53,18.9,98.93,1.72,184.3,25.69,36.53,0.74,0.72,36.7
2018-06-29,DA NANG,16.044,108.199,0.82,28.92,33.54,25.47,24.19,29.0,77.17,19.28,98.69,2.09,178.8,27.21,36.98,0.73,0.71,38.48
2018-06-30,DA NANG,16.044,108.199,3.56,29.39,34.53,25.66,24.39,29.38,76.31,19.53,98.68,2.0,196.0,26.73,37.69,0.73,0.7,56.51
2018-07-01,DA NANG,16.044,108.199,2.41,29.41,34.19,25.91,24.46,29.33,76.28,19.62,98.68,1.93,211.5,26.42,37.35,0.73,0.7,34.08
2018-07-02,DA NANG,16.044,108.199,0.85,28.81,32.37,25.7,24.59,28.74,78.5,19.75,98.59,2.2,225.2,24.52,37.39,0.72,0.7,46.49
2018-07-03,DA NANG,16.044,108.199,0.56,29.57,34.06,26.04,24.3,29.42,74.8,19.46,98.52,2.1,214.4,26.01,37.46,0.71,0.69,56.71
2018-07-04,DA NANG,16.044,108.199,1.22,29.31,33.37,26.92,24.82,28.99,77.54,20.06,98.46,1.76,230.6,26.55,37.57,0.71,0.69,56.84
2018-07-05,DA NANG,16.044,108.199,0.46,28.59,31.83,26.34,24.8,28.52,80.49,20.03,98.46,1.89,203.8,24.49,37.72,0.71,0.69,55.89
2018-07-06,DA NANG,16.044,108.199,2.32,28.94,32.77,26.03,24.69,28.86,78.81,19.92,98.4,1.68,204.0,23.98,37.93,0.72,0.69,95.74
2018-07-07,DA NANG,16.044,108.199,3.09,28.51,32.74,25.93,24.67,28.58,80.86,19.89,98.4,2.12,149.3,23.06,38.06,0.72,0.69,96.82
2018-07-08,DA NANG,16.044,108.199,5.84,28.5,31.9,25.81,24.35,28.59,79.09,19.53,98.48,1.51,234.5,23.47,38.08,0.74,0.69,81.02
2018-07-09,DA NANG,16.044,108.199,8.87,27.42,30.86,25.53,23.69,27.84,80.87,18.69,98.6,1.9,140.2,21.48,37.89,0.75,0.7,92.74
2018-07-10,DA NANG,16.044,108.199,47.75,27.84,30.88,25.44,24.67,28.07,83.48,19.86,98.48,2.41,337.8,23.14,37.82,0.88,0.74,83.03
2018-07-11,DA NANG,16.044,108.199,6.44,27.98,31.77,25.83,24.62,28.17,82.75,19.82,98.38,2.04,312.7,17.49,37.99,0.79,0.76,93.32
2018-07-12,DA NANG,16.044,108.199,20.54,27.85,31.13,25.63,24.25,27.99,81.35,19.39,98.34,1.3,261.2,22.72,37.59,0.81,0.75,92.75
2018-07-13,DA NANG,16.044,108.199,11.89,27.68,30.77,25.95,24.78,28.1,85.11,20.06,98.33,1.85,96.5,18.51,38.09,0.81,0.76,99.3
2018-07-14,DA NANG,16.044,108.199,12.13,27.63,31.0,24.93,24.48,28.06,83.56,19.67,98.35,1.45,219.0,14.74,37.96,0.82,0.77,98.82
2018-07-15,DA NANG,16.044,108.199,12.59,27.48,30.21,25.37,24.24,27.61,83.01,19.39,98.32,2.24,237.1,9.52,37.6,0.82,0.77,99.62
2018-07-16,DA NANG,16.044,108.199,17.68,27.64,31.04,24.74,24.09,27.84,81.63,19.24,98.16,2.24,223.8,10.36,38.27,0.83,0.77,98.77
2018-07-17,DA NANG,16.044,108.199,37.83,27.07,30.2,25.76,24.14,27.65,84.57,19.3,98.19,2.03,119.7,14.53,37.96,0.88,0.79,99.38
2018-07-18,DA NANG,16.044,108.199,22.41,27.23,29.39,25.54,24.94,27.56,87.45,20.25,98.22,1.65,180.4,13.9,37.86,0.87,0.81,98.75
2018-07-19,DA NANG,16.044,108.199,3.79,28.18,30.94,26.42,24.71,28.21,81.99,19.91,98.5,1.81,152.2,15.81,38.32,0.81,0.79,99.54
2018-07-20,DA NANG,16.044,108.199,3.46,28.38,31.34,26.17,24.6,28.32,80.68,19.75,98.64,1.73,225.9,20.94,38.27,0.8,0.78,99.27
2018-07-21,DA NANG,16.044,108.199,2.13,28.18,31.61,25.46,24.39,28.22,80.66,19.54,98.48,2.3,204.6,16.64,38.19,0.79,0.77,99.16
2018-07-22,DA NANG,16.044,108.199,10.43,27.73,31.32,25.53,24.26,27.61,81.86,19.41,98.28,3.84,239.5,12.94,37.54,0.81,0.77,98.97
2018-07-23,DA NANG,16.044,108.199,2.45,27.54,30.07,25.68,24.3,27.36,82.79,19.44,98.37,2.98,241.4,18.54,37.19,0.79,0.77,98.7
2018-07-24,DA NANG,16.044,108.199,4.44,27.96,30.68,25.46,24.3,27.75,80.91,19.42,98.54,2.36,234.1,22.82,37.72,0.79,0.77,94.12
2018-07-25,DA NANG,16.044,108.199,6.12,28.59,32.19,26.29,24.11,28.2,77.39,19.23,98.69,1.37,207.5,19.44,38.06,0.79,0.76,97.59
2018-07-26,DA NANG,16.044,108.199,6.06,27.9,30.98,25.49,24.32,27.92,81.67,19.41,98.75,2.04,150.7,10.97,37.8,0.79,0.76,99.66
2018-07-27,DA NANG,16.044,108.199,11.58,27.91,30.99,25.8,23.95,27.88,79.79,18.98,98.76,1.54,173.6,7.51,37.73,0.82,0.78,99.66
2018-07-28,DA NANG,16.044,108.199,6.63,27.87,30.83,25.54,24.64,28.06,83.37,19.82,98.68,1.94,145.6,10.07,37.76,0.8,0.78,99.71
2018-07-29,DA NANG,16.044,108.199,3.94,28.08,31.05,25.76,24.22,27.98,80.17,19.29,98.7,1.71,196.4,19.05,37.66,0.79,0.77,84.32
2018-07-30,DA NANG,16.044,108.199,1.19,28.16,31.51,25.18,23.57,27.99,76.94,18.55,98.72,2.11,223.4,23.72,37.83,0.78,0.77,78.74
2018-07-31,DA NANG,16.044,108.199,0.51,28.45,32.0,25.8,23.65,28.24,75.9,18.62,98.82,1.53,225.3,21.56,37.32,0.77,0.76,45.22
2018-08-01,DA NANG,16.044,108.199,1.15,29.19,33.2,26.45,24.23,29.1,75.85,19.33,98.74,1.51,155.3,25.77,37.42,0.77,0.75,36.46
2018-08-02,DA NANG,16.044,108.199,3.79,28.84,32.13,26.79,24.83,28.73,79.78,20.08,98.62,1.25,169.5,25.95,37.5,0.78,0.75,40.94
2018-08-03,DA NANG,16.044,108.199,2.18,28.42,31.47,25.99,24.01,28.38,77.55,19.07,98.59,1.72,240.1,25.49,37.48,0.78,0.76,45.66
2018-08-04,DA NANG,16.044,108.199,2.26,28.44,31.93,26.2,24.48,28.65,80.07,19.62,98.63,1.76,110.8,24.98,37.63,0.77,0.75,67.49
2018-08-05,DA NANG,16.044,108.199,2.56,27.87,30.53,26.44,24.5,28.14,82.24,19.6,98.72,1.68,357.6,23.9,37.28,0.77,0.75,87.42
2018-08-06,DA NANG,16.044,108.199,3.1,27.97,30.81,25.72,23.88,28.07,78.88,18.89,98.67,1.8,347.3,24.41,37.12,0.78,0.75,73.12
2018-08-07,DA NANG,16.044,108.199,2.23,27.87,30.38,25.5,24.02,27.98,80.04,19.08,98.57,1.83,342.7,22.78,37.19,0.77,0.75,84.25
2018-08-08,DA NANG,16.044,108.199,7.49,27.3,30.45,25.18,24.09,27.78,83.35,19.17,98.52,2.55,299.9,14.72,37.68,0.79,0.75,98.73
2018-08-09,DA NANG,16.044,108.199,8.86,27.17,29.69,24.44,24.25,27.44,84.47,19.38,98.52,3.18,280.1,3.89,37.53,0.81,0.77,99.27
2018-08-10,DA NANG,16.044,108.199,1.91,27.86,30.69,25.18,23.98,27.75,79.94,19.06,98.45,2.77,256.9,18.01,37.4,0.77,0.76,99.33
2018-08-11,DA NANG,16.044,108.199,0.82,28.28,31.86,26.12,23.83,28.15,77.23,18.93,98.31,3.58,253.9,17.67,37.47,0.76,0.75,99.0
2018-08-12,DA NANG,16.044,108.199,5.44,27.58,29.95,25.75,23.85,27.57,80.53,18.93,98.27,3.35,259.1,20.92,38.15,0.78,0.75,98.72
2018-08-13,DA NANG,16.044,108.199,5.87,26.65,29.17,24.82,23.49,26.9,82.98,18.5,98.4,3.23,254.9,13.72,37.74,0.78,0.75,99.87
2018-08-14,DA NANG,16.044,108.199,10.9,27.63,31.11,25.49,24.24,27.73,82.19,19.39,98.35,3.61,258.1,12.01,37.3,0.81,0.76,99.66
2018-08-15,DA NANG,16.044,108.199,4.49,28.03,31.85,25.7,23.92,27.87,78.95,19.02,98.3,4.7,258.8,13.03,37.96,0.78,0.76,99.57
2018-08-16,DA NANG,16.044,108.199,0.43,28.66,32.32,25.64,24.39,28.3,78.35,19.61,98.13,2.8,244.0,17.39,37.84,0.76,0.75,99.13
2018-08-17,DA NANG,16.044,108.199,3.38,29.49,33.54,26.82,24.68,29.04,76.26,19.95,98.21,1.4,210.8,23.41,38.49,0.77,0.74,79.62
2018-08-18,DA NANG,16.044,108.199,8.11,28.28,31.99,25.7,24.4,28.23,80.19,19.56,98.47,1.56,190.5,21.08,38.16,0.79,0.75,98.04
2018-08-19,DA NANG,16.044,108.199,8.87,28.28,31.99,26.0,24.34,28.28,79.86,19.46,98.65,1.46,205.2,20.77,38.26,0.8,0.76,60.13
2018-08-20,DA NANG,16.044,108.199,0.85,28.56,32.75,25.69,24.38,28.63,78.86,19.49,98.63,1.84,237.5,24.74,37.76,0.77,0.75,51.72
2018-08-21,DA NANG,16.044,108.199,3.87,28.35,31.46,25.03,24.41,28.31,79.73,19.57,98.46,2.37,251.7,24.57,37.7,0.77,0.75,63.78
2018-08-22,DA NANG,16.044,108.199,7.32,28.48,32.53,26.04,24.35,28.55,78.97,19.5,98.46,1.46,221.8,23.34,38.02,0.79,0.75,76.13
2018-08-23,DA NANG,16.044,108.199,6.22,28.74,32.84,26.03,24.9,28.81,80.61,20.12,98.63,1.72,262.5,16.48,38.79,0.79,0.75,98.46
2018-08-24,DA NANG,16.044,108.199,2.92,27.75,29.89,25.82,23.61,27.66,78.45,18.57,98.72,2.02,228.4,15.74,38.16,0.78,0.75,99.31
2018-08-25,DA NANG,16.044,108.199,4.18,28.08,30.79,25.61,24.14,28.07,79.56,19.21,98.58,2.23,263.2,13.59,38.43,0.77,0.75,99.93
2018-08-26,DA NANG,16.044,108.199,7.45,27.32,30.92,24.68,23.29,27.56,79.42,18.26,98.51,2.51,243.9,9.65,37.56,0.79,0.75,99.81
2018-08-27,DA NANG,16.044,108.199,5.51,27.38,31.08,24.44,22.9,27.5,77.31,17.8,98.68,2.82,241.4,13.6,37.32,0.78,0.75,95.49
2018-08-28,DA NANG,16.044,108.199,1.58,27.76,31.16,25.3,23.46,27.74,78.08,18.42,98.68,2.74,240.0,20.91,37.62,0.77,0.75,96.98
2018-08-29,DA NANG,16.044,108.199,1.08,27.88,31.79,25.3,23.46,27.76,77.56,18.45,98.51,3.03,232.1,18.79,37.76,0.76,0.74,96.28
2018-08-30,DA NANG,16.044,108.199,1.02,28.04,31.31,25.69,23.35,27.86,76.41,18.32,98.64,2.64,204.7,19.81,37.83,0.75,0.74,84.99
2018-08-31,DA NANG,16.044,108.199,0.5,28.78,32.8,26.23,24.26,28.75,77.79,19.32,98.92,1.95,160.4,24.57,37.32,0.75,0.73,66.61
2018-09-01,DA NANG,16.044,108.199,1.28,28.57,31.49,26.21,24.67,28.68,80.18,19.77,98.97,1.65,125.6,23.73,37.72,0.75,0.73,76.82
2018-09-02,DA NANG,16.044,108.199,6.75,27.86,31.17,26.01,24.42,28.02,82.22,19.49,98.82,2.13,113.2,22.78,37.69,0.78,0.73,58.45
2018-09-03,DA NANG,16.044,108.199,7.41,28.86,33.12,26.55,24.51,29.12,78.88,19.64,98.82,1.97,43.3,25.22,37.06,0.79,0.74,18.98
2018-09-04,DA NANG,16.044,108.199,5.7,28.0,31.31,24.99,24.11,28.29,80.17,19.12,98.93,2.1,246.6,25.48,37.03,0.78,0.75,20.76
2018-09-05,DA NANG,16.044,108.199,1.32,28.68,32.72,26.23,24.19,28.84,77.69,19.24,98.8,2.14,258.8,25.56,37.08,0.76,0.74,29.56
2018-09-06,DA NANG,16.044,108.199,0.91,28.56,32.0,26.16,24.23,28.7,78.51,19.3,98.73,2.11,122.6,24.52,37.0,0.75,0.74,69.04
2018-09-07,DA NANG,16.044,108.199,6.77,28.54,32.79,25.95,23.94,28.56,77.79,18.98,98.79,2.25,127.9,24.87,36.9,0.77,0.73,64.99
2018-09-08,DA NANG,16.044,108.199,14.32,27.61,30.65,25.49,23.87,27.78,80.82,18.84,99.02,1.61,99.1,21.18,37.18,0.82,0.75,95.96
2018-09-09,DA NANG,16.044,108.199,3.91,27.56,30.6,25.69,23.82,28.05,80.92,18.73,99.21,2.07,93.7,18.63,37.4,0.78,0.75,83.7
2018-09-10,DA NANG,16.044,108.199,5.39,26.42,27.39,25.76,23.65,26.79,84.76,18.51,99.29,1.55,359.2,13.42,37.31,0.78,0.75,96.55
2018-09-11,DA NANG,16.044,108.199,2.11,27.38,29.81,25.87,23.68,27.65,80.53,18.59,99.07,1.44,46.7,20.44,37.27,0.77,0.75,76.05
2018-09-12,DA NANG,16.044,108.199,17.35,27.64,30.82,25.82,23.83,27.84,80.55,18.85,98.88,1.73,74.6,21.9,36.98,0.81,0.75,86.68
2018-09-13,DA NANG,16.044,108.199,17.94,27.29,29.6,25.8,23.75,27.58,81.36,18.7,98.92,2.07,85.3,21.33,36.88,0.84,0.78,72.67
2018-09-14,DA NANG,16.044,108.199,22.38,27.67,30.41,25.83,24.25,28.2,82.41,19.28,98.95,2.49,38.2,20.45,37.63,0.85,0.78,76.83
2018-09-15,DA NANG,16.044,108.199,9.04,26.9,28.88,25.01,24.49,27.36,86.93,19.62,98.69,2.88,314.8,19.9,36.84,0.83,0.79,98.83
2018-09-16,DA NANG,16.044,108.199,10.8,27.54,30.05,26.16,25.01,27.54,86.35,20.3,98.38,2.68,272.6,18.82,37.61,0.82,0.79,99.27
2018-09-17,DA NANG,16.044,108.199,24.34,27.94,32.21,26.21,25.08,28.29,85.44,20.34,98.67,2.44,122.7,19.55,37.69,0.86,0.8,98.92
2018-09-18,DA NANG,16.044,108.199,6.55,27.09,29.02,25.68,25.29,27.36,89.97,20.49,99.03,3.66,121.8,19.72,37.44,0.82,0.8,72.98
2018-09-19,DA NANG,16.044,108.199,4.81,26.99,29.73,25.39,24.48,27.44,86.39,19.48,99.21,3.06,101.0,23.0,36.61,0.82,0.79,33.54
2018-09-20,DA NANG,16.044,108.199,4.36,27.21,29.89,25.54,23.63,27.68,81.33,18.51,99.22,2.21,56.8,21.02,37.0,0.8,0.78,49.52
2018-09-21,DA NANG,16.044,108.199,2.8,27.21,29.56,25.7,23.4,27.53,79.88,18.22,99.32,2.12,54.1,22.56,36.67,0.8,0.78,58.25
2018-09-22,DA NANG,16.044,108.199,3.94,27.0,29.14,25.45,23.53,27.43,81.71,18.34,99.46,1.72,84.6,21.39,37.04,0.8,0.78,85.58
2018-09-23,DA NANG,16.044,108.199,3.0,27.31,29.98,25.36,23.39,27.55,79.74,18.23,99.4,1.2,72.2,20.11,36.63,0.8,0.78,36.68
2018-09-24,DA NANG,16.044,108.199,1.13,27.47,30.86,24.3,22.75,27.72,76.23,17.56,99.18,1.77,45.4,24.51,36.02,0.78,0.77,14.09
2018-09-25,DA NANG,16.044,108.199,0.11,27.88,32.61,24.63,22.67,28.24,74.87,17.51,99.03,2.1,131.3,24.73,36.27,0.77,0.76,10.18
2018-09-26,DA NANG,16.044,108.199,0.5,28.12,32.38,24.96,23.64,28.45,78.15,18.57,99.02,2.16,124.3,23.73,36.55,0.77,0.76,12.18
2018-09-27,DA NANG,16.044,108.199,0.97,28.02,31.9,25.42,24.18,28.48,80.69,19.19,99.03,2.66,119.7,23.83,36.73,0.77,0.75,21.61
2018-09-28,DA NANG,16.044,108.199,5.54,27.71,30.8,25.67,23.95,28.09,80.54,18.89,99.13,2.47,93.1,21.32,37.15,0.79,0.75,56.48
2018-09-29,DA NANG,16.044,108.199,7.59,27.53,30.56,25.21,23.7,28.09,80.3,18.6,99.11,1.89,18.5,16.26,37.63,0.79,0.76,83.56
2018-09-30,DA NANG,16.044,108.199,10.65,26.49,28.9,25.11,23.63,26.96,84.42,18.51,99.19,3.05,16.9,11.46,38.12,0.82,0.77,99.21
2018-10-01,DA NANG,16.044,108.199,20.04,26.21,28.76,24.61,23.53,26.83,85.51,18.35,99.36,3.16,33.9,10.22,37.95,0.85,0.78,97.88
2018-10-02,DA NANG,16.044,108.199,18.39,25.92,28.27,24.46,22.94,26.34,83.93,17.7,99.42,3.81,36.6,13.97,37.47,0.85,0.8,81.13
2018-10-03,DA NANG,16.044,108.199,47.83,26.11,28.18,24.98,23.59,26.47,86.23,18.39,99.5,4.91,56.1,9.26,37.5,0.91,0.82,94.8
2018-10-04,DA NANG,16.044,108.199,4.83,25.48,28.44,23.32,21.87,25.76,80.66,16.57,99.56,3.61,60.6,20.7,35.72,0.85,0.84,46.31
2018-10-05,DA NANG,16.044,108.199,0.06,25.73,28.7,23.48,20.6,25.53,73.58,15.31,99.5,1.8,46.2,21.97,34.9,0.81,0.81,22.74
2018-10-06,DA NANG,16.044,108.199,0.09,25.94,29.18,23.9,21.05,26.09,74.98,15.74,99.51,1.58,69.3,20.88,35.43,0.8,0.79,28.13
2018-10-07,DA NANG,16.044,108.199,0.01,25.79,29.11,23.46,21.07,25.88,75.53,15.77,99.5,1.96,64.8,20.69,35.32,0.79,0.78,26.13
2018-10-08,DA NANG,16.044,108.199,0.02,25.38,28.93,22.44,20.51,25.44,74.78,15.25,99.43,1.79,62.1,21.94,34.98,0.79,0.78,29.72
2018-10-09,DA NANG,16.044,108.199,1.73,26.12,29.14,24.7,22.4,26.47,80.43,17.12,99.43,1.86,59.7,21.24,35.94,0.79,0.77,55.93
2018-10-10,DA NANG,16.044,108.199,14.44,26.2,29.15,23.93,22.97,26.79,82.96,17.72,99.54,2.78,42.8,19.83,36.69,0.83,0.78,80.91
2018-10-11,DA NANG,16.044,108.199,27.08,25.61,28.16,24.05,22.93,26.16,85.45,17.64,99.68,3.82,53.1,12.25,36.82,0.88,0.81,99.64
2018-10-12,DA NANG,16.044,108.199,41.27,25.85,28.24,24.3,23.55,26.23,87.36,18.32,99.63,4.35,57.1,13.96,37.29,0.92,0.84,94.58
2018-10-13,DA NANG,16.044,108.199,26.66,26.09,28.35,24.87,23.98,26.37,88.35,18.83,99.56,3.04,75.3,15.29,37.0,0.91,0.86,96.39
2018-10-14,DA NANG,16.044,108.199,0.84,26.52,29.61,24.41,23.73,26.93,85.32,18.57,99.48,2.63,114.9,19.43,36.17,0.84,0.84,54.58
2018-10-15,DA NANG,16.044,108.199,1.09,26.66,30.13,24.33,23.72,27.05,84.5,18.56,99.44,2.54,118.7,22.34,35.92,0.83,0.82,26.93
2018-10-16,DA NANG,16.044,108.199,1.27,26.89,30.68,24.77,23.54,27.24,82.86,18.4,99.33,2.34,114.7,21.3,35.85,0.82,0.81,41.41
2018-10-17,DA NANG,16.044,108.199,3.24,26.68,29.86,24.49,23.76,26.93,84.63,18.66,99.22,2.61,122.0,22.3,35.9,0.83,0.81,38.62
2018-10-18,DA NANG,16.044,108.199,3.9,26.86,29.62,25.28,23.8,26.97,83.83,18.69,99.33,2.31,101.7,20.15,36.54,0.83,0.81,76.59
2018-10-19,DA NANG,16.044,108.199,11.02,26.2,27.95,24.84,23.96,26.48,87.63,18.83,99.47,2.63,84.9,19.21,36.68,0.85,0.82,89.32
2018-10-20,DA NANG,16.044,108.199,5.13,26.07,28.04,24.74,23.97,26.13,88.36,18.82,99.55,2.8,109.8,14.46,36.5,0.84,0.82,97.4
2018-10-21,DA NANG,16.044,108.199,6.34,26.59,29.52,24.93,23.85,26.77,85.48,18.69,99.54,2.4,100.6,19.29,36.15,0.83,0.82,94.19
2018-10-22,DA NANG,16.044,108.199,7.97,26.11,28.53,24.17,23.52,26.1,85.78,18.33,99.53,3.14,101.1,19.25,36.32,0.85,0.83,72.39
2018-10-23,DA NANG,16.044,108.199,0.65,26.59,29.62,24.39,22.75,26.66,80.02,17.47,99.58,3.28,98.6,20.89,36.36,0.82,0.82,55.04
2018-10-24,DA NANG,16.044,108.199,2.4,26.36,29.53,24.22,22.79,26.51,81.3,17.51,99.6,3.01,101.8,19.25,35.74,0.82,0.81,64.38
2018-10-25,DA NANG,16.044,108.199,0.8,26.41,29.56,24.51,22.53,26.52,79.68,17.22,99.69,2.55,94.5,21.65,35.47,0.82,0.81,30.44
2018-10-26,DA NANG,16.044,108.199,0.9,26.22,29.36,24.12,22.62,26.6,81.17,17.3,99.76,3.01,59.9,21.52,35.26,0.81,0.8,33.9
2018-10-27,DA NANG,16.044,108.199,5.24,26.07,28.78,24.52,23.22,26.59,84.82,17.94,99.75,3.74,50.3,19.4,36.47,0.82,0.8,58.81
2018-10-28,DA NANG,16.044,108.199,3.81,25.53,28.56,23.46,22.45,25.85,83.26,17.14,99.66,4.13,56.0,17.36,36.11,0.82,0.8,74.26
2018-10-29,DA NANG,16.044,108.199,0.06,24.45,27.77,22.08,19.42,24.5,73.8,14.26,99.6,3.19,25.9,17.34,34.3,0.81,0.8,50.07
2018-10-30,DA NANG,16.044,108.199,0.0,23.69,27.12,21.11,17.34,23.82,68.42,12.47,99.6,4.14,18.4,20.77,33.11,0.8,0.79,68.4
2018-10-31,DA NANG,16.044,108.199,0.0,23.49,27.08,20.9,17.79,23.67,71.06,12.84,99.57,4.43,353.4,20.31,33.35,0.8,0.78,78.56
2018-11-01,DA NANG,16.044,108.199,0.0,23.56,27.21,20.87,17.42,23.56,68.89,12.55,99.56,3.39,343.4,19.78,32.91,0.79,0.78,41.75
2018-11-02,DA NANG,16.044,108.199,0.01,24.32,27.41,22.58,18.47,24.38,70.53,13.39,99.67,1.97,38.4,19.08,34.45,0.79,0.78,36.43
2018-11-03,DA NANG,16.044,108.199,0.16,24.49,27.39,22.7,21.32,25.15,83.02,15.99,99.67,2.59,59.8,16.48,36.31,0.79,0.77,64.2
2018-11-04,DA NANG,16.044,108.199,0.25,24.88,28.12,22.93,21.89,25.38,83.77,16.57,99.58,2.8,62.8,16.5,35.79,0.79,0.77,45.99
2018-11-05,DA NANG,16.044,108.199,1.33,25.16,28.18,23.33,22.55,25.56,85.95,17.26,99.55,2.97,55.7,11.65,36.65,0.79,0.77,62.9
2018-11-06,DA NANG,16.044,108.199,5.31,25.52,28.53,23.74,23.08,25.85,86.76,17.82,99.6,3.72,67.1,18.23,36.25,0.8,0.77,52.1
2018-11-07,DA NANG,16.044,108.199,26.58,25.56,28.24,23.87,23.2,25.73,87.11,17.96,99.57,3.86,73.0,14.21,36.82,0.88,0.8,97.78
2018-11-08,DA NANG,16.044,108.199,28.38,25.86,28.45,24.34,23.47,26.02,86.99,18.26,99.51,3.86,71.5,16.98,36.45,0.89,0.82,79.26
2018-11-09,DA NANG,16.044,108.199,22.12,25.07,27.4,23.53,22.94,25.16,88.11,17.7,99.49,3.77,83.2,14.17,36.15,0.9,0.84,80.99
2018-11-10,DA NANG,16.044,108.199,2.12,25.38,28.22,23.67,21.96,25.23,81.61,16.63,99.58,2.59,76.9,19.37,35.27,0.83,0.83,29.01
2018-11-11,DA NANG,16.044,108.199,1.48,25.34,28.31,23.55,22.38,25.66,84.08,17.09,99.52,2.67,71.2,15.01,36.78,0.82,0.81,77.77
2018-11-12,DA NANG,16.044,108.199,0.13,25.22,28.17,23.42,22.01,25.61,82.82,16.72,99.39,2.25,77.5,18.58,35.68,0.81,0.8,61.1
2018-11-13,DA NANG,16.044,108.199,0.11,25.07,28.15,23.45,22.11,25.51,84.12,16.84,99.31,2.55,87.0,12.61,36.64,0.81,0.79,80.03
2018-11-14,DA NANG,16.044,108.199,0.1,25.14,28.27,23.02,22.17,25.65,84.26,16.89,99.41,2.74,106.4,16.29,35.63,0.8,0.79,79.93
2018-11-15,DA NANG,16.044,108.199,0.02,25.21,28.63,23.28,22.03,25.57,83.16,16.73,99.47,2.73,116.4,18.7,34.86,0.8,0.79,80.26
2018-11-16,DA NANG,16.044,108.199,0.04,25.58,28.94,23.74,22.77,25.95,84.93,17.5,99.46,2.62,107.8,17.85,35.52,0.8,0.78,78.09
2018-11-17,DA NANG,16.044,108.199,1.32,25.57,28.49,23.85,22.88,25.82,85.52,17.61,99.52,2.78,106.8,17.91,35.87,0.8,0.78,84.95
2018-11-18,DA NANG,16.044,108.199,4.66,25.67,28.59,24.06,23.29,25.82,87.07,18.05,99.6,2.78,101.7,12.07,36.31,0.81,0.78,99.24
2018-11-19,DA NANG,16.044,108.199,1.7,25.46,28.23,23.65,23.0,25.7,86.63,17.72,99.68,2.9,93.6,17.25,35.51,0.8,0.78,96.52
2018-11-20,DA NANG,16.044,108.199,0.03,25.03,28.55,22.13,21.63,25.04,81.91,16.33,99.59,2.18,117.5,17.94,34.26,0.79,0.78,36.18
2018-11-21,DA NANG,16.044,108.199,1.5,25.28,28.49,23.51,22.06,25.65,82.97,16.74,99.65,2.26,62.4,19.31,35.45,0.79,0.77,38.2
2018-11-22,DA NANG,16.044,108.199,22.36,24.47,27.23,22.42,22.11,25.02,86.86,16.76,99.81,5.2,42.0,15.15,36.16,0.86,0.79,84.62
2018-11-23,DA NANG,16.044,108.199,14.92,23.66,25.52,22.75,21.49,24.31,87.75,16.13,99.78,4.52,25.4,11.33,36.26,0.86,0.81,96.5
2018-11-24,DA NANG,16.044,108.199,16.87,24.51,26.35,23.65,22.69,24.96,89.7,17.38,99.67,4.65,42.5,11.65,36.61,0.86,0.81,99.02
2018-11-25,DA NANG,16.044,108.199,39.67,23.12,25.26,21.8,21.44,23.86,90.32,16.11,99.66,5.39,25.0,5.35,36.14,0.93,0.84,99.14
2018-11-26,DA NANG,16.044,108.199,12.55,22.26,23.45,21.75,20.32,23.04,88.75,15.0,99.77,4.21,18.8,5.67,36.08,0.88,0.85,99.34
2018-11-27,DA NANG,16.044,108.199,23.25,23.25,24.84,22.44,21.59,23.95,90.57,16.24,99.74,4.17,356.5,4.62,36.63,0.89,0.85,98.92
2018-11-28,DA NANG,16.044,108.199,35.51,23.91,25.69,23.01,22.39,24.42,91.32,17.05,99.78,4.16,12.3,4.52,36.95,0.92,0.87,99.35
2018-11-29,DA NANG,16.044,108.199,35.37,24.61,27.21,22.97,22.72,24.81,89.4,17.39,99.82,3.34,72.5,10.5,36.62,0.94,0.9,97.3
2018-11-30,DA NANG,16.044,108.199,27.5,24.53,27.16,22.91,22.72,24.61,89.86,17.41,99.75,3.5,81.6,9.78,36.75,0.93,0.91,92.69
2018-12-01,DA NANG,16.044,108.199,3.93,24.68,27.36,23.01,22.42,24.69,87.46,17.11,99.58,2.64,85.7,13.99,35.56,0.89,0.9,49.09
2018-12-02,DA NANG,16.044,108.199,0.07,24.98,28.28,22.91,22.46,25.02,86.29,17.17,99.51,2.74,96.5,16.05,35.23,0.87,0.89,34.96
2018-12-03,DA NANG,16.044,108.199,0.53,24.59,27.21,22.84,21.17,24.3,81.63,15.85,99.59,1.84,102.3,17.53,35.42,0.87,0.88,83.66
2018-12-04,DA NANG,16.044,108.199,2.61,24.88,28.11,22.92,22.52,25.02,86.94,17.23,99.59,2.62,76.0,13.85,35.66,0.87,0.88,84.93
2018-12-05,DA NANG,16.044,108.199,0.06,24.57,27.28,23.08,21.19,24.62,81.77,15.89,99.47,1.93,65.1,17.87,35.29,0.86,0.87,61.86
2018-12-06,DA NANG,16.044,108.199,2.08,25.18,27.94,23.56,22.36,25.13,84.63,17.08,99.46,2.66,79.3,12.35,36.59,0.86,0.87,70.96
2018-12-07,DA NANG,16.044,108.199,28.72,25.3,27.25,24.11,23.69,25.39,90.88,18.5,99.52,3.4,81.4,11.53,36.63,0.91,0.88,97.76
2018-12-08,DA NANG,16.044,108.199,123.47,25.23,27.16,24.23,23.73,25.23,91.5,18.54,99.61,4.56,82.3,12.07,36.54,0.95,0.91,96.18
2018-12-09,DA NANG,16.044,108.199,271.91,24.2,25.84,23.41,22.58,24.42,90.69,17.26,99.66,4.82,71.9,3.33,36.68,1.0,0.96,99.12
2018-12-10,DA NANG,16.044,108.199,111.48,24.43,26.39,23.12,22.9,24.6,91.23,17.61,99.63,4.68,76.1,7.66,36.97,0.99,0.99,98.1
2018-12-11,DA NANG,16.044,108.199,55.43,24.03,26.57,22.07,22.27,24.43,89.99,16.93,99.83,5.01,49.0,12.78,36.72,0.98,0.99,97.2
2018-12-12,DA NANG,16.044,108.199,27.66,21.96,23.68,20.84,20.14,22.67,89.42,14.79,100.1,5.53,35.0,7.17,36.27,0.97,1.0,96.65
2018-12-13,DA NANG,16.044,108.199,21.58,22.11,23.39,21.2,20.55,22.8,90.86,15.17,100.1,5.38,32.3,5.4,36.33,0.97,0.99,98.41
2018-12-14,DA NANG,16.044,108.199,34.18,22.72,23.95,22.11,21.24,23.2,91.38,15.83,100.06,5.56,37.5,8.7,36.53,0.97,1.0,99.14
2018-12-15,DA NANG,16.044,108.199,23.1,23.19,24.41,22.31,21.78,23.48,91.7,16.37,100.01,5.08,34.0,6.33,36.82,0.98,1.0,99.68
2018-12-16,DA NANG,16.044,108.199,12.83,22.69,24.75,21.44,20.93,23.18,89.85,15.53,100.07,4.58,28.9,8.01,36.9,0.97,0.99,97.5
2018-12-17,DA NANG,16.044,108.199,9.51,21.27,23.3,20.01,19.23,21.99,88.16,13.97,100.07,3.71,33.4,5.33,36.15,0.96,0.99,91.62
2018-12-18,DA NANG,16.044,108.199,1.98,21.74,24.15,20.56,19.26,22.12,86.09,14.02,99.94,2.6,36.8,13.11,36.33,0.95,0.99,89.46
2018-12-19,DA NANG,16.044,108.199,0.33,23.1,25.83,21.69,21.12,22.96,88.87,15.76,99.78,2.23,95.9,12.15,35.12,0.95,0.98,51.05
2018-12-20,DA NANG,16.044,108.199,0.03,23.41,26.8,21.04,21.32,23.42,88.47,16.0,99.56,2.17,119.2,16.35,34.48,0.94,0.98,65.47
2018-12-21,DA NANG,16.044,108.199,0.07,23.82,27.29,21.79,21.38,23.83,86.52,16.07,99.52,2.13,93.5,16.87,33.79,0.93,0.97,44.09
2018-12-22,DA NANG,16.044,108.199,0.1,23.48,26.54,21.28,20.81,23.45,85.4,15.48,99.65,2.22,42.5,14.78,35.06,0.93,0.96,89.95
2018-12-23,DA NANG,16.044,108.199,1.81,23.25,25.7,21.72,21.4,23.57,89.49,16.06,99.64,3.51,17.8,16.01,35.25,0.93,0.96,85.11
2018-12-24,DA NANG,16.044,108.199,4.88,22.55,24.7,21.4,20.94,22.96,90.67,15.63,99.52,3.48,16.7,6.08,36.59,0.93,0.96,99.47
2018-12-25,DA NANG,16.044,108.199,2.74,23.52,25.98,22.15,22.08,23.63,91.83,16.8,99.38,2.72,27.5,9.16,36.98,0.92,0.96,97.45
2018-12-26,DA NANG,16.044,108.199,3.86,23.9,26.6,22.31,22.36,23.95,91.27,17.09,99.36,2.96,56.7,11.72,36.52,0.92,0.95,93.41
2018-12-27,DA NANG,16.044,108.199,5.0,23.3,25.58,21.91,21.17,23.25,87.9,15.87,99.49,3.83,76.3,11.24,35.88,0.92,0.95,99.57
2018-12-28,DA NANG,16.044,108.199,7.13,22.47,24.39,21.2,20.34,22.62,87.85,15.02,99.74,5.14,57.5,10.44,35.88,0.92,0.95,99.69
2018-12-29,DA NANG,16.044,108.199,19.85,21.7,22.94,20.94,20.05,22.0,90.3,14.73,99.94,6.21,51.5,5.76,35.73,0.94,0.96,99.31
2018-12-30,DA NANG,16.044,108.199,11.24,20.6,23.48,18.13,18.61,21.3,88.39,13.45,100.2,5.74,26.1,8.73,35.12,0.93,0.96,99.57
2018-12-31,DA NANG,16.044,108.199,11.32,19.05,20.35,18.46,17.04,20.12,88.17,12.13,100.33,4.83,17.7,3.97,34.32,0.93,0.96,98.99
2019-01-01,DA NANG,16.044,108.199,8.21,19.21,20.4,18.55,17.44,20.2,89.52,12.45,100.28,4.72,10.9,4.21,34.82,0.93,0.96,99.23
2019-01-02,DA NANG,16.044,108.199,8.49,19.54,20.67,18.88,17.85,20.41,90.04,12.79,100.2,4.7,7.8,3.83,35.2,0.93,0.96,99.45
2019-01-03,DA NANG,16.044,108.199,7.18,21.31,22.58,20.37,20.3,21.66,94.09,14.96,100.05,3.86,6.0,4.79,36.0,0.93,0.96,99.17
2019-01-04,DA NANG,16.044,108.199,1.91,22.94,25.31,21.47,21.81,23.01,93.43,16.42,99.96,2.9,57.8,6.11,36.7,0.92,0.96,97.49
2019-01-05,DA NANG,16.044,108.199,0.89,22.93,25.53,21.17,21.61,22.92,92.46,16.23,99.94,3.04,70.5,8.09,37.08,0.92,0.95,97.14
2019-01-06,DA NANG,16.044,108.199,0.53,22.5,25.09,20.59,21.13,22.48,92.17,15.76,99.93,2.9,89.7,9.88,36.17,0.91,0.95,85.89
2019-01-07,DA NANG,16.044,108.199,0.22,22.41,25.5,20.27,20.42,22.35,88.86,15.08,99.91,2.9,84.1,17.79,33.73,0.91,0.94,33.23
2019-01-08,DA NANG,16.044,108.199,0.38,22.58,25.38,20.95,20.87,22.61,90.47,15.51,99.86,3.33,83.5,15.4,34.96,0.91,0.94,59.84
2019-01-09,DA NANG,16.044,108.199,1.46,22.74,25.46,21.12,21.06,22.69,90.66,15.7,99.85,3.33,95.8,15.76,34.61,0.9,0.93,87.1
2019-01-10,DA NANG,16.044,108.199,1.61,22.67,25.32,21.07,21.17,22.47,91.47,15.82,99.81,2.9,97.7,15.14,34.27,0.9,0.93,74.32
2019-01-11,DA NANG,16.044,108.199,0.55,22.74,25.7,20.91,20.79,22.72,89.12,15.44,99.82,2.51,82.8,17.24,34.29,0.9,0.93,71.88
2019-01-12,DA NANG,16.044,108.199,0.22,22.64,25.54,20.85,20.78,22.65,89.59,15.44,99.8,2.62,93.1,14.86,34.12,0.89,0.92,84.53
2019-01-13,DA NANG,16.044,108.199,0.1,22.21,25.27,20.04,19.79,22.17,86.48,14.51,99.75,2.71,79.5,17.53,33.15,0.89,0.92,29.92
2019-01-14,DA NANG,16.044,108.199,0.42,22.14,25.27,20.32,19.6,21.93,86.01,14.36,99.65,2.69,80.9,15.29,33.96,0.89,0.91,53.04
2019-01-15,DA NANG,16.044,108.199,7.71,22.22,25.12,20.67,20.16,22.33,88.46,14.86,99.73,3.36,61.8,11.7,35.67,0.89,0.91,96.67
2019-01-16,DA NANG,16.044,108.199,30.35,22.37,24.55,20.62,20.82,22.6,91.11,15.47,99.8,4.05,40.2,5.95,36.08,0.94,0.92,99.52
2019-01-17,DA NANG,16.044,108.199,47.45,20.91,22.24,20.04,19.4,21.36,91.07,14.13,99.95,4.89,35.5,3.93,35.61,0.97,0.96,99.28
2019-01-18,DA NANG,16.044,108.199,9.64,21.37,23.66,19.98,19.44,21.59,88.95,14.18,99.87,3.55,63.7,11.55,34.95,0.93,0.96,86.5
2019-01-19,DA NANG,16.044,108.199,2.53,22.39,25.08,20.83,20.53,22.43,89.51,15.2,99.74,2.86,64.1,13.28,35.46,0.92,0.95,92.35
2019-01-20,DA NANG,16.044,108.199,4.85,22.39,25.11,20.83,20.61,22.47,89.89,15.27,99.77,2.87,35.9,11.35,35.54,0.92,0.95,97.22
2019-01-21,DA NANG,16.044,108.199,37.89,21.65,24.85,19.57,19.86,21.95,89.61,14.56,100.0,4.96,29.9,9.48,35.78,0.95,0.96,98.71
2019-01-22,DA NANG,16.044,108.199,18.8,19.62,21.72,18.17,17.3,20.12,86.46,12.36,100.13,3.53,28.6,9.04,35.25,0.95,0.98,97.15
2019-01-23,DA NANG,16.044,108.199,1.11,20.2,22.82,18.49,17.05,20.35,82.18,12.18,99.98,2.43,60.6,11.39,33.97,0.93,0.97,90.1
2019-01-24,DA NANG,16.044,108.199,0.21,20.09,23.02,18.29,16.43,19.94,79.66,11.72,99.93,2.27,90.0,16.95,31.71,0.92,0.96,37.17
2019-01-25,DA NANG,16.044,108.199,1.0,20.59,23.48,18.91,17.19,20.71,81.72,12.29,100.09,2.64,45.0,20.18,31.98,0.92,0.95,52.45
2019-01-26,DA NANG,16.044,108.199,1.43,20.47,23.35,18.27,17.36,20.57,82.61,12.41,100.13,3.85,42.7,16.48,34.39,0.91,0.95,86.76
2019-01-27,DA NANG,16.044,108.199,1.74,20.53,23.25,18.68,17.58,20.54,83.82,12.62,100.0,2.69,33.9,17.64,34.18,0.91,0.94,79.09
2019-01-28,DA NANG,16.044,108.199,2.61,21.34,24.43,19.56,19.34,21.33,88.72,14.1,99.9,2.84,69.0,7.21,35.86,0.91,0.94,99.08
2019-01-29,DA NANG,16.044,108.199,1.83,21.5,24.33,19.63,19.34,21.43,87.72,14.09,99.91,3.67,87.2,10.02,35.42,0.91,0.94,84.26
2019-01-30,DA NANG,16.044,108.199,0.46,21.17,24.42,19.06,18.97,20.75,87.76,13.78,99.9,2.81,111.4,19.48,32.37,0.9,0.93,38.01
2019-01-31,DA NANG,16.044,108.199,0.02,21.48,25.05,19.03,17.82,21.04,80.02,12.79,100.02,2.22,56.0,20.88,32.64,0.9,0.92,53.32
2019-02-01,DA NANG,16.044,108.199,0.32,21.37,24.25,19.72,18.8,21.29,85.77,13.62,99.91,2.49,54.2,18.27,33.42,0.89,0.92,56.77
2019-02-02,DA NANG,16.044,108.199,0.1,21.72,25.4,18.89,19.08,21.74,85.52,13.89,99.72,2.34,114.3,18.32,33.33,0.89,0.91,23.64
2019-02-03,DA NANG,16.044,108.199,0.02,22.83,26.68,20.63,20.73,22.83,88.64,15.41,99.75,2.23,121.4,20.64,33.42,0.89,0.91,12.64
2019-02-04,DA NANG,16.044,108.199,0.02,23.11,26.47,20.91,21.33,23.18,90.26,15.97,99.76,2.66,113.6,19.3,34.47,0.88,0.9,33.56
2019-02-05,DA NANG,16.044,108.199,0.0,23.13,27.23,20.04,21.3,23.22,90.14,15.98,99.6,3.0,128.1,19.54,33.49,0.88,0.9,18.69
2019-02-06,DA NANG,16.044,108.199,0.0,23.38,27.26,21.08,21.36,23.35,89.08,16.06,99.46,3.38,131.8,20.32,33.81,0.88,0.89,12.67
2019-02-07,DA NANG,16.044,108.199,0.0,24.76,29.73,22.09,22.17,24.48,86.6,16.9,99.44,2.36,139.1,19.59,34.8,0.87,0.89,26.81
2019-02-08,DA NANG,16.044,108.199,0.0,24.73,29.72,21.89,22.18,24.5,86.88,16.91,99.4,2.7,130.8,18.36,35.64,0.87,0.88,39.17
2019-02-09,DA NANG,16.044,108.199,0.0,23.96,28.32,20.84,21.88,24.01,88.85,16.58,99.58,3.69,124.0,18.84,34.46,0.86,0.87,22.28
2019-02-10,DA NANG,16.044,108.199,0.01,23.04,26.71,20.42,21.06,23.06,89.41,15.69,99.96,3.68,128.0,20.29,33.37,0.86,0.87,19.26
2019-02-11,DA NANG,16.044,108.199,0.11,22.68,25.74,20.56,19.88,22.61,84.78,14.55,100.16,3.15,97.1,19.18,33.68,0.86,0.86,35.26
2019-02-12,DA NANG,16.044,108.199,0.08,22.62,26.14,20.05,19.75,22.46,84.25,14.42,100.2,3.1,100.5,20.91,32.64,0.85,0.86,17.59
2019-02-13,DA NANG,16.044,108.199,0.0,21.77,25.53,19.2,18.47,21.88,82.92,13.35,100.0,2.72,115.2,22.71,31.36,0.85,0.85,11.62
2019-02-14,DA NANG,16.044,108.199,0.0,22.71,26.22,19.96,20.33,22.97,87.08,15.0,99.87,3.48,120.8,22.23,32.39,0.85,0.85,12.7
2019-02-15,DA NANG,16.044,108.199,0.0,22.88,26.91,19.38,20.53,22.94,87.72,15.23,99.84,3.34,131.4,22.69,32.36,0.84,0.84,10.17
2019-02-16,DA NANG,16.044,108.199,0.04,23.21,27.53,19.93,20.67,23.43,87.08,15.41,99.64,3.3,134.6,22.25,33.06,0.84,0.84,10.67
2019-02-17,DA NANG,16.044,108.199,0.32,23.92,28.33,20.83,21.44,23.95,87.21,16.19,99.42,3.44,133.2,20.54,35.12,0.84,0.83,49.76
2019-02-18,DA NANG,16.044,108.199,0.43,25.05,30.11,21.81,21.85,24.81,83.93,16.61,99.39,2.23,145.9,19.22,34.56,0.84,0.83,5.75
2019-02-19,DA NANG,16.044,108.199,0.01,25.2,29.76,22.2,22.51,24.95,86.43,17.24,99.62,2.63,131.5,20.02,34.47,0.83,0.82,10.32
2019-02-20,DA NANG,16.044,108.199,0.0,24.52,28.51,21.52,22.39,24.48,88.63,17.06,99.75,3.44,131.0,21.3,34.46,0.83,0.82,14.3
2019-02-21,DA NANG,16.044,108.199,0.0,24.52,28.94,21.88,22.27,24.45,88.22,16.96,99.6,3.14,131.6,21.16,34.23,0.82,0.82,16.44
2019-02-22,DA NANG,16.044,108.199,0.0,23.61,27.43,20.9,21.42,23.73,88.22,16.11,99.55,3.72,127.8,19.01,34.6,0.82,0.81,30.62
2019-02-23,DA NANG,16.044,108.199,0.01,24.0,27.88,21.75,21.13,23.93,84.8,15.84,99.4,3.24,126.1,20.41,34.85,0.82,0.81,38.15
2019-02-24,DA NANG,16.044,108.199,0.42,23.51,26.83,20.84,21.29,23.61,87.68,15.97,99.56,2.49,104.6,11.63,37.64,0.82,0.81,86.81
2019-02-25,DA NANG,16.044,108.199,0.53,23.54,27.24,20.59,20.93,23.54,86.12,15.62,99.62,2.66,123.4,18.76,35.27,0.81,0.8,49.98
2019-02-26,DA NANG,16.044,108.199,0.03,23.39,27.56,20.23,21.03,23.45,87.57,15.72,99.56,3.4,134.1,20.29,34.12,0.81,0.8,22.66
2019-02-27,DA NANG,16.044,108.199,0.02,23.15,27.6,19.24,20.38,23.02,85.5,15.14,99.43,3.11,130.9,22.63,33.0,0.81,0.79,9.61
2019-02-28,DA NANG,16.044,108.199,0.01,22.92,27.49,19.36,20.07,22.94,85.46,14.85,99.46,3.14,134.3,23.0,33.0,0.8,0.79,8.48
2019-03-01,DA NANG,16.044,108.199,0.01,23.04,27.68,19.58,20.58,23.11,87.23,15.33,99.43,3.89,136.1,23.22,33.52,0.8,0.79,7.34
2019-03-02,DA NANG,16.044,108.199,0.0,23.98,28.6,21.16,21.0,23.87,84.37,15.75,99.17,3.5,135.4,22.76,34.39,0.8,0.78,16.94
2019-03-03,DA NANG,16.044,108.199,0.0,25.04,29.8,22.05,22.31,24.97,85.92,17.08,99.11,2.68,121.2,20.88,35.15,0.79,0.78,23.52
2019-03-04,DA NANG,16.044,108.199,0.0,24.92,29.43,22.1,22.38,24.83,86.69,17.16,99.1,4.1,128.6,21.49,34.84,0.79,0.78,16.31
2019-03-05,DA NANG,16.044,108.199,0.0,25.36,29.27,23.04,22.35,25.21,84.42,17.12,99.22,2.32,127.9,21.01,34.91,0.79,0.77,12.78
2019-03-06,DA NANG,16.044,108.199,0.0,26.35,31.5,23.38,23.09,25.84,83.61,17.93,99.28,1.76,125.6,21.43,35.57,0.78,0.77,25.31
2019-03-07,DA NANG,16.044,108.199,0.0,25.3,29.79,22.64,22.51,25.14,85.79,17.26,99.4,1.94,98.9,17.34,37.27,0.78,0.77,65.79
2019-03-08,DA NANG,16.044,108.199,0.0,24.98,29.14,22.69,22.52,24.75,87.01,17.28,99.34,2.81,120.1,15.96,36.79,0.78,0.76,61.15
2019-03-09,DA NANG,16.044,108.199,0.0,26.42,32.31,22.39,21.86,25.99,78.34,16.71,99.16,1.8,143.9,19.26,36.37,0.78,0.76,35.18
2019-03-10,DA NANG,16.044,108.199,0.04,25.24,30.48,22.15,22.44,25.36,85.72,17.19,99.39,2.47,346.0,16.03,38.4,0.78,0.76,90.35
2019-03-11,DA NANG,16.044,108.199,0.19,23.76,27.8,21.46,21.36,24.17,86.9,16.04,99.54,2.9,359.9,9.91,37.74,0.77,0.76,98.26
2019-03-12,DA NANG,16.044,108.199,0.93,24.33,27.57,22.99,22.3,24.55,88.96,17.0,99.52,2.24,69.9,13.54,38.24,0.77,0.75,95.93
2019-03-13,DA NANG,16.044,108.199,0.42,24.91,28.42,22.82,22.91,24.93,89.22,17.64,99.56,3.42,120.6,15.06,36.72,0.77,0.75,70.25
2019-03-14,DA NANG,16.044,108.199,0.2,24.79,28.42,22.77,22.36,24.49,87.27,17.04,99.68,2.77,110.4,16.24,36.28,0.77,0.75,44.5
2019-03-15,DA NANG,16.044,108.199,0.36,24.49,27.84,22.21,22.24,24.64,87.83,16.88,99.82,2.51,55.0,16.59,36.66,0.77,0.75,67.83
2019-03-16,DA NANG,16.044,108.199,0.13,24.23,27.43,22.0,22.05,24.34,88.18,16.69,99.81,2.89,87.8,19.71,35.48,0.77,0.75,39.7
2019-03-17,DA NANG,16.044,108.199,0.0,24.25,27.96,21.55,21.8,24.3,87.03,16.46,99.72,2.65,114.6,20.58,34.96,0.76,0.74,34.42
2019-03-18,DA NANG,16.044,108.199,0.0,24.15,28.28,21.04,21.66,24.25,87.03,16.35,99.57,2.82,124.6,22.49,34.11,0.76,0.74,26.26
2019-03-19,DA NANG,16.044,108.199,0.0,23.99,28.54,20.54,21.35,23.97,86.58,16.09,99.39,3.29,133.9,23.86,33.89,0.75,0.74,35.91
2019-03-20,DA NANG,16.044,108.199,0.0,24.87,29.7,21.85,21.92,24.82,85.0,16.68,99.26,3.36,136.7,24.94,34.32,0.75,0.73,22.35
2019-03-21,DA NANG,16.044,108.199,0.01,26.05,30.96,23.3,22.85,25.93,83.9,17.69,99.15,2.7,134.9,20.53,35.97,0.75,0.73,43.89
2019-03-22,DA NANG,16.044,108.199,2.26,26.59,32.36,24.19,23.61,26.36,85.26,18.5,99.16,2.38,133.9,17.02,37.65,0.75,0.73,81.84
2019-03-23,DA NANG,16.044,108.199,10.99,25.25,27.93,23.47,23.6,25.08,91.03,18.45,99.4,2.58,110.1,9.25,36.88,0.8,0.74,99.26
2019-03-24,DA NANG,16.044,108.199,5.0,24.52,26.91,22.85,22.89,24.36,90.85,17.63,99.53,2.33,96.6,12.37,36.89,0.79,0.75,94.64
2019-03-25,DA NANG,16.044,108.199,0.98,24.26,27.74,21.82,21.99,24.12,87.71,16.65,99.65,1.91,103.9,19.18,35.77,0.77,0.75,65.73
2019-03-26,DA NANG,16.044,108.199,0.1,24.03,27.97,20.87,21.53,24.11,86.93,16.2,99.73,2.49,119.2,21.78,34.4,0.76,0.74,19.32
2019-03-27,DA NANG,16.044,108.199,0.01,24.4,28.49,21.6,21.85,24.55,86.76,16.54,99.56,3.18,124.9,24.8,33.84,0.75,0.73,7.14
2019-03-28,DA NANG,16.044,108.199,4.79,25.88,30.17,23.69,23.11,25.99,85.73,17.93,99.18,2.61,128.2,24.11,35.72,0.76,0.73,58.12
2019-03-29,DA NANG,16.044,108.199,5.38,26.41,30.26,24.59,24.05,26.14,87.71,19.02,99.1,1.68,146.9,17.06,37.14,0.78,0.74,87.95
2019-03-30,DA NANG,16.044,108.199,2.57,23.95,26.22,22.17,22.45,23.96,91.36,17.25,99.29,2.11,145.9,15.49,37.49,0.77,0.74,97.46
2019-03-31,DA NANG,16.044,108.199,0.68,24.85,27.56,22.96,22.09,24.55,85.27,16.82,99.47,1.94,155.4,14.12,37.17,0.76,0.74,99.51
2019-04-01,DA NANG,16.044,108.199,2.18,25.45,28.96,23.13,23.15,25.58,87.87,17.9,99.59,3.0,107.1,19.19,35.76,0.76,0.74,82.15
2019-04-02,DA NANG,16.044,108.199,0.22,25.24,28.59,23.06,22.17,25.16,83.85,16.88,99.54,1.79,84.0,22.6,35.12,0.75,0.73,35.39
2019-04-03,DA NANG,16.044,108.199,0.19,25.64,29.08,23.08,22.58,25.72,84.05,17.31,99.55,1.84,89.7,23.65,35.76,0.74,0.73,67.9
2019-04-04,DA NANG,16.044,108.199,0.16,25.58,29.48,22.76,22.25,25.75,82.74,16.97,99.49,1.79,120.1,21.12,35.91,0.74,0.72,87.66
2019-04-05,DA NANG,16.044,108.199,0.25,25.91,29.61,23.4,22.91,25.97,84.51,17.66,99.51,2.07,101.6,23.43,35.27,0.73,0.72,75.24
2019-04-06,DA NANG,16.044,108.199,0.0,25.64,29.76,22.53,22.96,25.8,86.07,17.74,99.37,2.73,128.2,22.86,35.3,0.73,0.71,40.52
2019-04-07,DA NANG,16.044,108.199,0.0,26.07,30.31,23.54,23.24,26.11,85.55,18.05,99.3,2.82,126.6,23.91,35.36,0.73,0.71,54.83
2019-04-08,DA NANG,16.044,108.199,0.01,26.42,30.48,23.97,23.88,26.5,86.75,18.79,99.15,3.12,132.9,22.84,36.14,0.72,0.71,46.08
2019-04-09,DA NANG,16.044,108.199,0.02,27.37,32.35,24.78,23.88,27.22,82.46,18.79,99.16,2.43,136.9,23.77,36.16,0.72,0.7,46.6
2019-04-10,DA NANG,16.044,108.199,0.0,27.69,33.17,24.58,23.7,27.57,80.91,18.64,99.07,2.52,134.0,23.8,36.24,0.72,0.7,69.08
2019-04-11,DA NANG,16.044,108.199,0.02,27.65,33.89,24.19,23.77,27.36,81.7,18.75,98.98,2.4,139.3,22.1,36.68,0.71,0.7,74.81
2019-04-12,DA NANG,16.044,108.199,0.5,27.55,31.68,25.19,24.8,27.5,86.17,19.92,99.08,2.42,115.9,22.7,36.83,0.71,0.7,74.89
2019-04-13,DA NANG,16.044,108.199,0.31,26.33,29.11,24.68,24.35,26.1,89.3,19.33,99.18,2.65,143.4,22.94,37.22,0.72,0.7,83.33
2019-04-14,DA NANG,16.044,108.199,0.53,26.92,29.77,25.13,24.77,26.67,88.62,19.83,99.24,2.01,115.0,21.37,37.11,0.72,0.7,84.78
2019-04-15,DA NANG,16.044,108.199,0.7,27.04,30.42,24.88,24.88,26.89,88.68,19.98,99.22,2.3,116.6,21.31,36.69,0.72,0.7,85.83
2019-04-16,DA NANG,16.044,108.199,1.05,26.93,29.78,25.13,25.0,26.64,89.6,20.12,99.2,1.72,121.1,20.61,36.99,0.72,0.7,85.29
2019-04-17,DA NANG,16.044,108.199,1.01,27.24,30.34,24.91,24.82,27.05,87.35,19.91,99.12,1.99,125.7,21.75,36.85,0.72,0.7,72.5
2019-04-18,DA NANG,16.044,108.199,0.73,28.69,33.32,25.71,25.04,28.25,82.01,20.25,98.88,2.05,155.3,22.89,37.05,0.72,0.7,17.09
2019-04-19,DA NANG,16.044,108.199,0.15,29.59,34.78,25.71,24.81,28.91,77.48,20.02,98.72,1.43,178.4,24.37,36.84,0.71,0.69,7.04
2019-04-20,DA NANG,16.044,108.199,0.32,28.73,33.02,25.93,25.21,28.32,82.52,20.5,98.68,2.2,138.8,24.17,36.75,0.7,0.69,28.33
2019-04-21,DA NANG,16.044,108.199,0.11,28.44,33.63,25.5,24.91,28.14,82.88,20.11,98.76,2.21,124.4,24.33,36.8,0.7,0.68,40.46
2019-04-22,DA NANG,16.044,108.199,0.1,27.67,32.21,24.83,24.48,27.56,84.13,19.57,98.94,2.6,117.0,24.35,36.59,0.7,0.68,57.96
2019-04-23,DA NANG,16.044,108.199,0.06,27.65,32.12,25.02,24.31,27.53,83.39,19.33,99.13,2.5,129.1,26.24,36.6,0.69,0.68,49.71
2019-04-24,DA NANG,16.044,108.199,0.02,27.56,32.66,24.06,23.86,27.44,82.01,18.82,99.02,2.9,125.8,26.79,35.14,0.69,0.67,5.54
2019-04-25,DA NANG,16.044,108.199,0.25,27.53,32.54,24.55,24.17,27.53,83.41,19.17,99.0,2.94,123.6,26.38,35.62,0.68,0.67,45.38
2019-04-26,DA NANG,16.044,108.199,0.37,27.1,31.43,24.18,24.18,27.18,85.16,19.16,99.05,3.17,119.5,24.23,36.36,0.68,0.67,79.46
2019-04-27,DA NANG,16.044,108.199,1.06,26.23,29.49,23.96,23.82,26.18,87.07,18.72,99.16,3.11,136.1,21.12,37.24,0.69,0.67,90.62
2019-04-28,DA NANG,16.044,108.199,1.61,27.16,32.17,24.19,23.53,26.98,82.51,18.44,99.18,2.25,140.7,21.25,36.85,0.69,0.67,50.94
2019-04-29,DA NANG,16.044,108.199,0.21,27.67,32.18,24.95,24.07,27.61,82.14,19.06,99.08,2.46,126.9,25.44,36.22,0.68,0.66,10.08
2019-04-30,DA NANG,16.044,108.199,2.1,28.41,33.91,25.15,24.11,28.1,79.56,19.12,98.97,1.97,140.4,25.77,36.94,0.68,0.66,51.7
2019-05-01,DA NANG,16.044,108.199,1.05,27.48,32.34,24.94,24.49,27.22,84.83,19.51,99.08,1.57,359.2,19.97,37.05,0.68,0.66,59.3
2019-05-02,DA NANG,16.044,108.199,0.86,27.42,31.61,24.73,24.15,27.25,83.53,19.11,99.16,1.33,68.7,22.38,36.98,0.68,0.66,44.53
2019-05-03,DA NANG,16.044,108.199,1.52,27.49,31.01,25.36,24.92,27.42,86.71,20.02,99.23,1.55,77.7,14.23,37.38,0.68,0.66,66.49
2019-05-04,DA NANG,16.044,108.199,0.73,28.27,31.69,26.06,25.03,28.14,83.46,20.19,99.06,1.82,147.4,20.41,37.67,0.68,0.65,79.08
2019-05-05,DA NANG,16.044,108.199,0.94,28.77,33.66,25.78,24.74,28.28,80.18,19.91,98.82,1.84,198.7,19.36,38.16,0.68,0.65,89.11
2019-05-06,DA NANG,16.044,108.199,0.65,29.53,33.16,26.79,24.54,28.78,75.65,19.67,98.73,0.97,239.5,22.11,38.32,0.68,0.65,87.68
2019-05-07,DA NANG,16.044,108.199,4.03,27.96,30.58,26.2,25.07,27.86,84.79,20.28,98.77,1.62,145.9,20.13,37.52,0.7,0.65,95.96
2019-05-08,DA NANG,16.044,108.199,19.95,28.03,31.86,25.34,24.9,27.9,83.94,20.14,98.79,1.53,155.4,21.39,37.27,0.78,0.68,96.22
2019-05-09,DA NANG,16.044,108.199,2.39,27.76,30.79,25.67,24.91,27.8,85.21,20.07,98.85,1.89,106.3,15.85,37.6,0.71,0.69,98.04
2019-05-10,DA NANG,16.044,108.199,6.74,27.54,30.53,25.66,24.47,27.62,84.34,19.53,99.04,1.86,81.3,17.92,37.59,0.73,0.69,95.54
2019-05-11,DA NANG,16.044,108.199,2.62,26.66,28.79,25.3,24.51,26.79,88.19,19.54,99.11,2.43,98.3,19.52,37.24,0.72,0.69,88.35
2019-05-12,DA NANG,16.044,108.199,3.32,27.23,29.36,25.62,24.73,27.39,86.59,19.82,99.04,2.77,114.6,19.18,37.18,0.71,0.68,57.91
2019-05-13,DA NANG,16.044,108.199,4.52,27.6,30.76,25.45,24.99,27.75,86.47,20.17,98.95,2.58,126.3,24.63,37.13,0.73,0.68,47.75
2019-05-14,DA NANG,16.044,108.199,0.95,28.48,32.98,25.51,24.9,28.43,82.15,20.07,98.94,2.0,148.7,26.11,36.94,0.7,0.68,13.0
2019-05-15,DA NANG,16.044,108.199,1.89,28.96,33.32,25.93,25.29,28.86,81.77,20.54,98.98,1.91,153.5,26.69,37.17,0.7,0.67,7.95
2019-05-16,DA NANG,16.044,108.199,2.55,29.76,34.6,26.62,25.34,29.62,78.55,20.63,98.88,1.61,169.5,25.96,37.49,0.7,0.67,39.95
2019-05-17,DA NANG,16.044,108.199,0.41,29.27,33.05,26.44,25.16,28.93,79.26,20.4,98.76,2.03,204.3,24.83,37.67,0.69,0.67,47.42
2019-05-18,DA NANG,16.044,108.199,0.12,30.11,35.22,26.39,24.95,29.81,75.52,20.2,98.73,2.16,194.5,26.45,37.75,0.68,0.66,10.81
2019-05-19,DA NANG,16.044,108.199,0.16,30.52,36.28,27.51,25.42,30.26,76.12,20.76,98.85,1.94,181.0,26.35,38.02,0.67,0.65,11.98
2019-05-20,DA NANG,16.044,108.199,0.95,30.29,34.18,27.58,25.82,29.91,78.18,21.22,98.89,1.97,151.4,25.28,38.0,0.67,0.65,21.38
2019-05-21,DA NANG,16.044,108.199,9.13,29.4,33.4,27.21,25.94,29.05,82.58,21.36,98.99,1.53,106.8,17.87,38.66,0.73,0.66,93.51
2019-05-22,DA NANG,16.044,108.199,3.21,28.21,30.85,26.32,24.67,28.09,81.22,19.74,99.11,1.16,330.7,22.91,37.35,0.71,0.66,92.68
2019-05-23,DA NANG,16.044,108.199,3.3,28.66,32.14,26.2,24.44,28.79,79.11,19.49,99.12,1.71,126.3,23.52,37.34,0.7,0.66,65.7
2019-05-24,DA NANG,16.044,108.199,4.07,27.89,31.03,25.83,24.46,28.19,82.34,19.52,98.97,2.03,148.0,23.26,37.54,0.71,0.66,80.64
2019-05-25,DA NANG,16.044,108.199,5.43,29.14,32.97,25.93,24.58,29.13,77.83,19.72,98.79,1.62,169.9,24.75,37.61,0.72,0.67,75.75
2019-05-26,DA NANG,16.044,108.199,0.53,28.8,32.68,25.6,24.9,28.77,80.18,20.09,98.75,1.85,198.9,24.28,37.83,0.69,0.67,72.06
2019-05-27,DA NANG,16.044,108.199,3.55,28.64,32.69,26.14,24.92,28.81,81.25,20.1,98.82,1.41,103.2,24.0,38.09,0.7,0.66,98.44
2019-05-28,DA NANG,16.044,108.199,6.37,28.62,32.0,26.7,25.15,28.74,82.49,20.38,98.88,1.44,108.7,23.34,38.05,0.72,0.67,96.26
2019-05-29,DA NANG,16.044,108.199,5.81,27.34,29.29,26.04,24.85,27.65,86.43,19.96,99.0,2.14,358.3,16.7,38.01,0.73,0.68,99.73
2019-05-30,DA NANG,16.044,108.199,1.46,27.72,30.97,25.72,24.51,28.01,83.47,19.56,99.03,2.24,110.1,16.67,38.35,0.7,0.67,99.55
2019-05-31,DA NANG,16.044,108.199,1.54,28.26,31.89,26.56,24.64,28.35,81.7,19.73,98.97,1.98,137.8,21.17,37.99,0.7,0.67,89.78
2019-06-01,DA NANG,16.044,108.199,1.37,27.71,30.49,25.82,24.9,27.64,85.1,20.1,98.99,1.64,219.0,21.42,37.98,0.7,0.67,95.76
2019-06-02,DA NANG,16.044,108.199,2.21,28.46,32.16,25.86,24.71,28.6,80.98,19.82,98.98,1.9,119.4,24.33,37.76,0.7,0.66,94.78
2019-06-03,DA NANG,16.044,108.199,0.14,29.45,32.43,27.01,25.05,29.5,78.44,20.26,98.94,1.7,137.2,24.45,37.57,0.68,0.66,79.4
2019-06-04,DA NANG,16.044,108.199,0.58,28.34,30.76,26.58,25.34,28.5,84.36,20.59,98.94,2.19,131.2,24.18,37.8,0.68,0.65,75.43
2019-06-05,DA NANG,16.044,108.199,1.68,28.54,31.87,25.95,25.36,28.54,83.73,20.61,98.96,2.6,144.0,25.06,37.35,0.68,0.65,59.09
2019-06-06,DA NANG,16.044,108.199,1.13,28.22,31.87,25.75,24.9,28.31,83.24,20.04,99.1,2.95,139.8,25.27,37.05,0.68,0.65,48.1
2019-06-07,DA NANG,16.044,108.199,0.17,28.57,32.64,26.14,24.47,28.58,80.14,19.56,99.1,2.59,128.5,25.94,37.2,0.66,0.64,41.54
2019-06-08,DA NANG,16.044,108.199,0.42,28.51,31.46,25.82,25.33,28.53,83.62,20.58,98.92,1.66,140.8,26.28,37.59,0.66,0.64,36.6
2019-06-09,DA NANG,16.044,108.199,0.12,29.34,34.31,26.65,24.92,29.2,78.53,20.14,98.71,1.75,164.4,25.67,37.94,0.66,0.63,39.94
2019-06-10,DA NANG,16.044,108.199,0.11,30.18,34.77,26.87,25.21,29.83,76.18,20.53,98.59,1.57,186.6,25.12,38.17,0.65,0.63,78.33
2019-06-11,DA NANG,16.044,108.199,1.9,29.85,34.5,26.61,25.86,29.84,80.71,21.32,98.67,2.24,141.1,24.46,38.39,0.65,0.63,87.52
2019-06-12,DA NANG,16.044,108.199,1.7,30.04,34.13,26.6,25.66,29.78,78.62,21.1,98.69,1.49,217.6,24.85,38.25,0.66,0.63,86.93
2019-06-13,DA NANG,16.044,108.199,1.87,29.65,33.33,26.85,25.23,29.28,78.24,20.57,98.72,1.6,220.8,22.44,38.99,0.67,0.63,99.11
2019-06-14,DA NANG,16.044,108.199,1.94,29.39,32.46,26.91,25.4,29.17,79.92,20.71,98.72,1.59,193.5,18.51,39.25,0.66,0.63,99.74
2019-06-15,DA NANG,16.044,108.199,2.37,29.04,32.4,26.48,25.54,29.13,82.25,20.89,98.74,1.64,166.5,13.77,39.18,0.67,0.63,99.62
2019-06-16,DA NANG,16.044,108.199,1.09,29.26,32.86,26.92,25.17,29.17,79.68,20.44,98.72,1.54,173.6,14.48,38.69,0.66,0.63,98.33
2019-06-17,DA NANG,16.044,108.199,6.06,28.32,31.23,26.43,25.32,28.51,84.54,20.6,98.79,2.15,120.8,22.46,38.43,0.69,0.63,94.29
2019-06-18,DA NANG,16.044,108.199,2.64,28.77,31.84,26.31,25.03,28.81,80.97,20.25,98.85,1.61,63.7,22.33,38.26,0.68,0.64,66.79
2019-06-19,DA NANG,16.044,108.199,0.75,29.25,32.83,26.98,24.89,29.29,78.61,20.08,98.84,1.8,130.2,25.72,38.46,0.66,0.63,52.4
2019-06-20,DA NANG,16.044,108.199,0.52,29.84,32.91,26.77,25.22,29.78,77.58,20.51,98.8,1.57,146.7,25.09,38.38,0.65,0.63,18.94
2019-06-21,DA NANG,16.044,108.199,0.52,29.62,33.45,26.78,25.9,29.6,81.64,21.36,98.72,1.92,144.2,26.16,37.89,0.65,0.62,7.86
2019-06-22,DA NANG,16.044,108.199,0.82,29.89,34.04,27.37,25.95,29.8,80.71,21.44,98.63,2.12,148.0,27.06,37.84,0.65,0.62,32.91
2019-06-23,DA NANG,16.044,108.199,2.51,29.47,33.47,26.18,25.74,29.33,81.23,21.17,98.7,1.97,208.6,25.05,38.36,0.66,0.62,92.43
2019-06-24,DA NANG,16.044,108.199,1.39,29.57,34.14,26.9,25.09,29.43,78.09,20.33,98.84,1.82,171.3,23.15,38.26,0.65,0.62,96.47
2019-06-25,DA NANG,16.044,108.199,1.53,29.07,32.45,26.62,24.76,28.89,78.21,19.89,98.87,1.47,198.2,22.31,37.91,0.65,0.62,83.18
2019-06-26,DA NANG,16.044,108.199,0.53,28.65,31.19,26.38,24.94,28.57,80.77,20.15,98.65,1.84,195.5,25.39,37.98,0.65,0.62,62.47
2019-06-27,DA NANG,16.044,108.199,0.79,29.28,32.54,26.65,24.83,29.07,77.5,20.06,98.46,1.93,232.2,26.29,37.9,0.65,0.61,40.0
2019-06-28,DA NANG,16.044,108.199,0.45,30.15,34.57,26.83,24.59,29.84,73.37,19.8,98.42,1.82,235.6,25.79,38.11,0.64,0.61,50.05
2019-06-29,DA NANG,16.044,108.199,1.86,29.42,32.72,26.44,24.67,29.22,76.29,19.86,98.5,2.23,240.8,23.54,38.15,0.65,0.61,82.9
2019-06-30,DA NANG,16.044,108.199,1.32,29.74,33.31,26.81,24.95,29.53,76.51,20.22,98.5,2.05,263.0,18.73,38.87,0.64,0.6,99.26
2019-07-01,DA NANG,16.044,108.199,6.41,27.16,30.11,24.16,24.11,27.52,83.75,19.21,98.46,3.39,269.4,3.67,38.15,0.67,0.61,98.99
2019-07-02,DA NANG,16.044,108.199,18.65,26.28,29.68,24.45,23.2,26.84,83.64,18.22,98.25,4.67,255.2,2.94,37.74,0.72,0.62,99.21
2019-07-03,DA NANG,16.044,108.199,6.06,26.47,29.58,24.56,22.57,26.76,79.38,17.51,98.42,3.68,222.6,20.16,37.12,0.73,0.65,64.6
2019-07-04,DA NANG,16.044,108.199,0.47,28.64,32.17,25.29,23.42,28.52,74.11,18.38,98.72,2.48,217.6,26.38,36.86,0.66,0.64,37.79
2019-07-05,DA NANG,16.044,108.199,0.4,29.42,33.45,25.91,24.22,29.38,74.96,19.31,98.69,1.85,195.8,26.09,37.36,0.65,0.62,60.7
2019-07-06,DA NANG,16.044,108.199,0.66,29.43,34.08,26.1,25.1,29.48,79.17,20.41,98.64,2.4,178.9,25.09,37.58,0.65,0.62,77.4
2019-07-07,DA NANG,16.044,108.199,0.4,29.1,33.39,26.11,24.67,29.22,78.04,19.83,98.74,1.69,216.4,23.01,37.8,0.65,0.61,99.27
2019-07-08,DA NANG,16.044,108.199,0.38,29.83,34.13,26.66,24.43,29.68,73.84,19.56,98.75,1.97,215.2,24.95,37.61,0.64,0.6,79.13
2019-07-09,DA NANG,16.044,108.199,0.3,29.24,33.57,25.51,23.95,29.17,74.09,19.0,98.71,1.81,227.9,23.54,37.91,0.63,0.6,98.14
2019-07-10,DA NANG,16.044,108.199,0.56,29.6,33.51,26.73,24.1,29.44,73.46,19.16,98.83,1.63,200.2,20.19,37.99,0.63,0.6,99.21
2019-07-11,DA NANG,16.044,108.199,0.18,28.73,32.34,25.41,24.21,28.86,77.45,19.23,99.04,2.2,211.3,22.61,37.77,0.63,0.59,95.93
2019-07-12,DA NANG,16.044,108.199,0.17,29.75,34.34,27.12,24.64,29.9,75.62,19.77,98.92,2.14,170.1,24.98,37.65,0.62,0.59,54.43
2019-07-13,DA NANG,16.044,108.199,0.27,29.78,33.43,26.66,24.7,29.65,75.05,19.86,98.74,1.95,229.3,23.14,38.06,0.62,0.59,94.87
2019-07-14,DA NANG,16.044,108.199,1.71,28.91,32.42,26.45,24.89,29.19,79.94,20.11,98.63,2.08,199.8,22.88,38.27,0.63,0.59,97.91
2019-07-15,DA NANG,16.044,108.199,1.21,29.34,33.61,26.75,24.69,29.41,77.34,19.88,98.62,1.99,206.8,23.79,38.14,0.63,0.58,68.09
2019-07-16,DA NANG,16.044,108.199,0.48,29.37,33.44,26.36,25.15,29.72,79.44,20.45,98.58,2.68,84.1,26.15,37.56,0.62,0.58,58.37
2019-07-17,DA NANG,16.044,108.199,0.12,29.81,34.19,27.38,24.14,29.91,73.33,19.29,98.5,1.99,116.7,21.0,38.28,0.6,0.58,99.2
2019-07-18,DA NANG,16.044,108.199,0.21,29.94,33.29,27.28,25.0,30.08,75.8,20.29,98.47,1.8,122.1,19.23,38.42,0.6,0.57,98.52
2019-07-19,DA NANG,16.044,108.199,0.18,29.83,33.56,26.15,24.42,29.84,74.05,19.56,98.59,1.75,185.2,20.13,38.5,0.6,0.57,97.84
2019-07-20,DA NANG,16.044,108.199,0.63,30.16,34.71,27.1,25.02,30.38,75.73,20.29,98.74,2.12,121.0,24.76,38.15,0.6,0.57,77.46
2019-07-21,DA NANG,16.044,108.199,9.69,29.65,34.42,26.6,24.98,30.03,77.92,20.23,98.77,1.86,142.6,25.2,38.28,0.66,0.58,64.81
2019-07-22,DA NANG,16.044,108.199,1.98,29.24,32.69,26.03,24.51,29.27,76.88,19.66,98.75,2.02,257.2,22.66,38.03,0.65,0.58,95.41
2019-07-23,DA NANG,16.044,108.199,0.94,29.34,33.51,25.68,23.89,29.38,73.64,18.92,98.71,2.2,247.6,21.9,38.47,0.62,0.58,81.09
2019-07-24,DA NANG,16.044,108.199,6.04,29.18,33.17,26.12,23.88,29.14,74.43,18.88,98.85,1.94,224.0,20.16,38.29,0.65,0.58,94.16
2019-07-25,DA NANG,16.044,108.199,4.13,28.5,32.12,25.26,24.08,28.84,78.3,19.12,98.96,1.56,229.7,21.98,37.93,0.66,0.59,87.11
2019-07-26,DA NANG,16.044,108.199,6.46,28.6,32.51,26.11,24.14,28.77,77.82,19.19,98.87,2.13,227.7,22.04,37.95,0.68,0.59,69.18
2019-07-27,DA NANG,16.044,108.199,8.78,28.85,32.46,26.3,24.24,29.04,77.29,19.32,98.76,1.88,164.3,25.7,37.79,0.69,0.6,70.43
2019-07-28,DA NANG,16.044,108.199,11.35,28.17,30.83,25.87,24.5,28.44,81.15,19.63,98.8,2.27,278.1,24.53,37.87,0.71,0.61,71.48
2019-07-29,DA NANG,16.044,108.199,5.78,28.02,31.55,25.77,24.22,28.33,80.56,19.27,98.77,2.05,208.4,24.07,38.1,0.7,0.62,81.31
2019-07-30,DA NANG,16.044,108.199,5.85,27.74,31.37,25.46,24.21,28.16,81.73,19.33,98.47,2.55,277.5,6.37,38.28,0.69,0.62,99.42
2019-07-31,DA NANG,16.044,108.199,2.67,26.78,29.38,24.69,23.73,27.14,83.56,18.81,98.37,3.68,262.8,5.82,37.69,0.66,0.62,99.17
2019-08-01,DA NANG,16.044,108.199,3.43,27.53,30.79,25.18,22.79,27.62,75.9,17.75,98.35,4.87,250.6,14.29,37.77,0.66,0.61,99.62
2019-08-02,DA NANG,16.044,108.199,1.19,28.31,31.99,25.83,23.1,28.25,74.46,18.09,98.34,3.94,242.9,20.86,38.02,0.63,0.6,99.63
2019-08-03,DA NANG,16.044,108.199,1.61,28.21,32.52,25.36,23.46,28.22,76.42,18.51,98.27,2.95,242.0,19.4,38.25,0.63,0.59,99.37
2019-08-04,DA NANG,16.044,108.199,1.27,28.32,33.05,25.46,23.41,28.55,75.92,18.46,98.4,2.13,263.7,17.66,38.76,0.63,0.59,99.37
2019-08-05,DA NANG,16.044,108.199,4.66,28.05,30.67,25.96,24.48,28.23,81.46,19.64,98.55,1.7,319.3,20.59,38.19,0.64,0.59,88.54
2019-08-06,DA NANG,16.044,108.199,2.03,28.78,31.91,26.16,24.61,28.82,78.99,19.79,98.54,2.5,306.3,23.4,37.71,0.64,0.59,71.78
2019-08-07,DA NANG,16.044,108.199,1.82,28.86,32.41,26.39,25.0,28.79,80.46,20.31,98.28,2.62,289.5,20.81,38.16,0.63,0.59,88.88
2019-08-08,DA NANG,16.044,108.199,6.96,29.1,31.9,26.67,25.19,28.91,79.96,20.54,98.25,2.09,281.5,23.78,37.94,0.66,0.59,77.36
2019-08-09,DA NANG,16.044,108.199,8.56,29.1,32.65,26.66,25.37,29.3,81.29,20.76,98.29,2.03,161.6,25.84,37.72,0.7,0.6,51.58
2019-08-10,DA NANG,16.044,108.199,0.28,29.72,34.13,26.0,24.29,29.67,74.07,19.45,98.44,1.69,197.0,25.86,38.08,0.64,0.6,39.98
2019-08-11,DA NANG,16.044,108.199,0.73,29.9,34.35,26.92,24.32,29.78,73.12,19.45,98.53,1.61,211.1,22.63,38.18,0.63,0.59,55.62
2019-08-12,DA NANG,16.044,108.199,0.72,30.79,34.93,27.45,24.78,30.5,71.58,20.01,98.61,1.67,231.3,23.61,38.16,0.62,0.58,96.07
2019-08-13,DA NANG,16.044,108.199,1.37,28.54,30.38,26.3,24.3,28.61,78.24,19.37,98.77,2.53,255.4,22.79,38.52,0.62,0.58,94.91
2019-08-14,DA NANG,16.044,108.199,0.99,30.17,35.12,26.22,24.57,30.09,73.62,19.74,98.69,2.66,250.9,17.08,38.71,0.6,0.57,84.66
2019-08-15,DA NANG,16.044,108.199,2.02,30.18,34.82,26.99,24.6,29.95,73.38,19.77,98.6,2.02,235.4,23.65,38.31,0.6,0.57,71.97
2019-08-16,DA NANG,16.044,108.199,4.13,29.76,33.21,26.26,24.67,29.49,75.1,19.82,98.72,1.78,215.6,20.34,38.4,0.62,0.57,97.98
2019-08-17,DA NANG,16.044,108.199,0.62,29.67,34.05,26.49,24.19,29.56,73.39,19.22,98.85,1.98,222.9,24.42,37.85,0.61,0.57,89.95
2019-08-18,DA NANG,16.044,108.199,0.37,28.62,32.08,26.26,23.76,28.73,75.85,18.73,98.88,2.5,228.2,19.48,38.14,0.59,0.57,96.21
2019-08-19,DA NANG,16.044,108.199,3.35,29.44,33.24,26.18,24.55,29.3,76.06,19.69,98.69,1.7,244.4,22.59,38.36,0.61,0.57,97.99
2019-08-20,DA NANG,16.044,108.199,1.41,28.18,30.51,26.48,24.69,28.24,81.61,19.84,98.69,1.22,208.9,16.37,38.31,0.62,0.57,97.71
2019-08-21,DA NANG,16.044,108.199,2.85,28.8,32.67,25.55,23.76,28.94,75.57,18.77,98.81,2.18,206.6,20.32,38.21,0.62,0.57,97.24
2019-08-22,DA NANG,16.044,108.199,1.82,29.26,33.54,26.41,23.56,29.28,72.73,18.52,98.9,1.82,238.5,17.43,37.97,0.61,0.57,98.8
2019-08-23,DA NANG,16.044,108.199,4.37,28.34,32.17,26.5,24.41,28.75,80.28,19.5,98.83,1.55,48.7,5.68,37.82,0.62,0.57,99.48
2019-08-24,DA NANG,16.044,108.199,12.44,28.78,32.39,25.88,24.12,28.94,77.16,19.23,98.7,1.24,259.2,16.48,37.64,0.69,0.58,98.17
2019-08-25,DA NANG,16.044,108.199,8.49,28.27,30.72,26.06,23.94,28.25,77.87,18.97,98.71,1.67,212.1,19.49,37.82,0.7,0.6,94.31
2019-08-26,DA NANG,16.044,108.199,1.87,28.27,31.43,25.44,23.69,28.27,76.93,18.68,98.75,1.92,201.0,20.26,37.81,0.65,0.6,98.1
2019-08-27,DA NANG,16.044,108.199,7.14,28.99,33.53,26.85,24.44,29.24,77.71,19.55,98.75,1.81,90.8,23.72,38.21,0.67,0.59,68.54
2019-08-28,DA NANG,16.044,108.199,31.23,27.14,29.75,25.1,24.52,27.65,85.74,19.63,98.76,1.98,344.4,15.5,37.48,0.8,0.62,99.58
2019-08-29,DA NANG,16.044,108.199,80.46,25.17,26.14,24.37,23.15,26.01,88.68,18.19,98.09,5.46,203.2,1.44,37.68,0.92,0.7,99.55
2019-08-30,DA NANG,16.044,108.199,2.07,28.37,32.28,25.58,23.71,28.4,76.83,18.78,98.48,2.59,165.6,15.66,37.8,0.74,0.72,99.47
2019-08-31,DA NANG,16.044,108.199,20.92,28.33,32.16,26.18,24.04,28.6,78.73,19.11,98.72,1.75,86.3,20.53,37.82,0.79,0.7,97.89
2019-09-01,DA NANG,16.044,108.199,37.55,27.74,30.72,25.45,24.69,28.07,83.79,19.86,98.62,1.76,294.9,14.54,37.55,0.86,0.72,99.54
2019-09-02,DA NANG,16.044,108.199,71.85,26.64,28.42,25.51,25.1,27.24,91.37,20.48,98.05,4.22,284.6,9.68,37.7,0.92,0.77,99.35
2019-09-03,DA NANG,16.044,108.199,63.41,26.29,28.51,24.82,24.51,26.91,89.95,19.79,97.84,2.35,117.0,11.08,37.48,0.92,0.83,99.58
2019-09-04,DA NANG,16.044,108.199,34.02,26.86,28.99,25.12,24.88,27.34,89.04,20.22,98.01,2.45,255.4,12.85,38.1,0.9,0.84,99.64
2019-09-05,DA NANG,16.044,108.199,5.28,27.7,30.42,25.61,25.18,27.86,86.51,20.5,98.44,3.72,295.3,15.79,37.61,0.82,0.81,99.56
2019-09-06,DA NANG,16.044,108.199,6.41,28.18,31.31,25.91,24.78,28.1,82.41,19.99,98.61,2.8,277.8,15.64,37.41,0.79,0.78,97.03
2019-09-07,DA NANG,16.044,108.199,6.04,28.58,31.9,25.59,24.97,28.35,81.43,20.19,98.75,1.89,261.1,24.23,37.34,0.78,0.75,64.08
2019-09-08,DA NANG,16.044,108.199,3.7,28.8,32.95,25.5,25.19,28.63,81.92,20.5,98.75,1.71,199.3,23.73,37.4,0.76,0.73,75.8
2019-09-09,DA NANG,16.044,108.199,2.15,28.65,33.14,26.3,24.82,28.72,80.99,20.01,98.75,1.85,125.6,23.33,37.77,0.74,0.72,82.16
2019-09-10,DA NANG,16.044,108.199,0.88,28.18,31.18,24.62,23.92,28.07,78.25,18.88,99.06,1.51,223.4,21.39,37.64,0.74,0.71,90.4
2019-09-11,DA NANG,16.044,108.199,0.28,28.25,31.62,26.05,23.14,28.19,74.59,17.97,99.25,1.45,350.6,11.81,37.44,0.72,0.7,82.69
2019-09-12,DA NANG,16.044,108.199,1.85,27.79,30.64,25.9,23.99,27.79,80.43,18.95,99.08,1.92,12.7,22.97,37.06,0.72,0.7,60.46
2019-09-13,DA NANG,16.044,108.199,5.82,27.04,29.07,25.26,24.23,27.2,84.7,19.23,99.04,2.01,49.9,16.31,37.15,0.75,0.7,95.22
2019-09-14,DA NANG,16.044,108.199,0.85,27.44,30.59,24.86,23.04,27.49,77.55,17.89,99.05,1.45,39.2,21.14,36.05,0.72,0.7,48.26
2019-09-15,DA NANG,16.044,108.199,1.08,27.46,30.54,24.83,23.23,27.59,78.23,18.1,99.0,1.51,30.7,22.98,36.05,0.71,0.69,43.06
2019-09-16,DA NANG,16.044,108.199,0.55,27.67,31.44,24.84,22.38,27.68,73.91,17.21,98.97,1.52,51.3,24.69,35.86,0.7,0.68,20.79
2019-09-17,DA NANG,16.044,108.199,3.0,27.8,31.08,25.63,23.54,28.08,78.47,18.45,99.08,1.93,18.9,22.78,37.14,0.7,0.68,71.3
2019-09-18,DA NANG,16.044,108.199,43.64,26.73,29.11,25.21,24.0,27.15,85.25,18.93,99.21,2.22,63.5,17.39,37.2,0.85,0.71,98.31
2019-09-19,DA NANG,16.044,108.199,29.4,26.75,29.7,24.97,23.56,27.28,83.11,18.42,99.26,2.09,116.5,15.89,37.33,0.87,0.76,89.8
2019-09-20,DA NANG,16.044,108.199,23.03,27.15,29.69,25.44,23.33,27.43,80.07,18.19,99.18,1.99,82.8,18.59,37.28,0.85,0.78,79.53
2019-09-21,DA NANG,16.044,108.199,10.3,27.08,29.6,25.27,23.17,27.34,79.54,17.99,99.25,2.0,30.0,10.09,37.99,0.81,0.77,87.01
2019-09-22,DA NANG,16.044,108.199,8.26,26.66,29.34,24.89,22.51,27.1,78.43,17.22,99.54,2.36,44.9,19.18,36.89,0.79,0.76,83.86
2019-09-23,DA NANG,16.044,108.199,13.88,26.23,28.84,24.15,22.11,26.48,78.54,16.78,99.71,3.26,44.3,15.38,38.1,0.82,0.76,90.39
2019-09-24,DA NANG,16.044,108.199,10.59,26.2,29.18,24.41,22.69,26.78,81.72,17.38,99.71,2.96,28.8,20.02,37.5,0.79,0.75,73.78
2019-09-25,DA NANG,16.044,108.199,35.87,26.53,29.02,24.78,23.63,26.86,84.32,18.39,99.76,3.85,54.1,16.46,37.67,0.89,0.78,94.49
2019-09-26,DA NANG,16.044,108.199,3.0,26.21,29.15,24.23,22.79,26.68,81.85,17.47,99.78,3.32,43.5,14.64,37.15,0.79,0.78,84.57
2019-09-27,DA NANG,16.044,108.199,5.79,26.19,29.33,24.26,22.5,26.69,80.74,17.18,99.73,3.06,31.9,19.27,36.43,0.78,0.76,78.55
2019-09-28,DA NANG,16.044,108.199,0.98,26.41,29.42,24.49,22.37,26.71,78.87,17.07,99.65,2.43,31.1,17.59,36.9,0.76,0.75,65.68
2019-09-29,DA NANG,16.044,108.199,0.05,26.54,29.69,24.15,22.14,26.62,77.31,16.85,99.48,2.24,354.6,18.72,36.34,0.75,0.74,52.34
2019-09-30,DA NANG,16.044,108.199,0.02,26.68,29.8,24.29,21.74,26.89,74.84,16.46,99.3,1.71,65.1,22.66,35.27,0.74,0.73,34.93
2019-10-01,DA NANG,16.044,108.199,0.31,26.88,30.79,24.31,22.82,27.21,79.17,17.6,99.28,2.32,123.3,21.54,36.74,0.74,0.72,42.09
2019-10-02,DA NANG,16.044,108.199,0.44,27.28,30.85,25.48,23.99,27.59,83.2,18.91,99.29,2.7,120.5,21.74,36.36,0.73,0.72,44.99
2019-10-03,DA NANG,16.044,108.199,2.18,27.11,30.75,24.79,24.02,27.32,84.02,18.95,99.28,2.86,117.9,21.63,36.35,0.74,0.72,43.69
2019-10-04,DA NANG,16.044,108.199,7.73,27.14,30.93,24.82,23.72,27.43,82.71,18.62,99.26,2.75,113.6,22.32,35.81,0.77,0.72,48.2
2019-10-05,DA NANG,16.044,108.199,1.22,26.51,29.36,24.98,22.94,26.82,81.29,17.72,99.39,2.03,92.3,22.02,35.44,0.75,0.72,55.86
2019-10-06,DA NANG,16.044,108.199,4.41,26.02,28.5,24.0,22.53,26.43,81.52,17.29,99.43,1.72,27.6,15.06,36.67,0.76,0.72,80.12
2019-10-07,DA NANG,16.044,108.199,7.52,26.92,29.53,25.39,23.35,27.16,81.2,18.16,99.37,2.39,17.1,20.69,36.46,0.77,0.73,57.22
2019-10-08,DA NANG,16.044,108.199,7.63,26.98,29.89,25.2,23.59,27.29,82.32,18.42,99.45,2.51,85.3,21.44,36.43,0.77,0.73,67.31
2019-10-09,DA NANG,16.044,108.199,8.81,26.53,28.76,25.11,23.76,26.65,85.02,18.62,99.39,2.26,81.9,13.38,37.3,0.79,0.74,92.54
2019-10-10,DA NANG,16.044,108.199,5.35,26.79,29.44,25.09,23.05,26.81,80.18,17.84,99.38,2.46,80.5,17.67,36.78,0.78,0.74,55.74
2019-10-11,DA NANG,16.044,108.199,0.16,26.81,30.2,24.66,22.71,27.17,79.09,17.48,99.33,2.43,88.9,20.87,36.0,0.74,0.73,48.26
2019-10-12,DA NANG,16.044,108.199,0.09,26.29,29.8,24.06,22.43,26.8,79.81,17.17,99.37,2.36,85.6,22.72,34.89,0.74,0.72,15.52
2019-10-13,DA NANG,16.044,108.199,9.73,26.34,29.34,24.53,22.52,27.06,80.54,17.27,99.53,2.68,56.6,21.57,35.69,0.76,0.72,77.14
2019-10-14,DA NANG,16.044,108.199,76.27,26.54,29.2,24.98,23.79,26.91,85.18,18.6,99.63,4.18,62.6,14.9,37.09,0.95,0.78,95.16
2019-10-15,DA NANG,16.044,108.199,68.0,26.27,28.71,24.73,23.88,26.6,86.95,18.71,99.62,4.44,72.1,16.24,36.96,0.96,0.86,89.8
2019-10-16,DA NANG,16.044,108.199,45.51,26.36,28.45,25.12,24.08,26.58,87.45,18.93,99.6,5.43,66.5,14.35,36.65,0.94,0.89,71.95
2019-10-17,DA NANG,16.044,108.199,8.55,26.01,28.79,24.24,23.15,26.38,84.54,17.89,99.61,4.6,56.3,19.32,36.07,0.86,0.86,40.48
2019-10-18,DA NANG,16.044,108.199,5.31,25.98,28.46,24.37,23.02,26.37,84.16,17.75,99.65,4.45,46.4,20.22,36.15,0.84,0.83,39.12
2019-10-19,DA NANG,16.044,108.199,3.26,25.46,28.4,23.53,22.25,25.79,82.74,16.92,99.7,4.03,59.9,19.99,35.57,0.82,0.81,32.09
2019-10-20,DA NANG,16.044,108.199,1.9,25.62,28.48,23.66,22.34,26.08,82.39,17.03,99.58,3.15,74.4,20.4,35.53,0.81,0.8,30.23
2019-10-21,DA NANG,16.044,108.199,0.32,25.82,28.79,23.94,22.13,26.22,80.5,16.86,99.38,2.54,92.6,20.43,35.5,0.8,0.79,28.05
2019-10-22,DA NANG,16.044,108.199,0.09,25.46,29.36,22.33,21.94,26.05,81.74,16.69,99.22,2.7,126.7,22.07,34.72,0.79,0.78,9.32
2019-10-23,DA NANG,16.044,108.199,0.04,26.4,30.76,24.02,22.8,26.94,81.74,17.6,99.25,2.77,127.8,21.3,35.32,0.79,0.78,32.59
2019-10-24,DA NANG,16.044,108.199,1.45,26.67,30.26,24.41,23.24,27.12,82.16,18.03,99.46,2.76,87.3,19.76,35.56,0.79,0.77,36.72
2019-10-25,DA NANG,16.044,108.199,14.69,26.2,28.97,24.34,23.72,26.87,86.63,18.55,99.5,3.34,50.3,16.33,37.23,0.84,0.78,79.59
2019-10-26,DA NANG,16.044,108.199,5.19,26.28,29.05,24.69,23.69,26.65,85.98,18.5,99.51,3.69,80.9,19.78,36.38,0.82,0.79,60.34
2019-10-27,DA NANG,16.044,108.199,16.46,26.2,28.99,24.39,23.59,26.53,85.92,18.41,99.45,3.91,72.7,18.03,36.71,0.84,0.79,55.86
2019-10-28,DA NANG,16.044,108.199,11.17,25.82,28.85,23.86,22.8,26.25,83.96,17.53,99.51,3.2,47.0,20.34,36.33,0.84,0.8,49.77
2019-10-29,DA NANG,16.044,108.199,17.65,24.63,27.07,23.12,22.41,25.31,87.58,17.13,99.49,4.61,12.5,11.1,36.81,0.87,0.82,98.85
2019-10-30,DA NANG,16.044,108.199,86.19,25.19,26.32,24.45,23.33,25.72,89.58,18.19,99.19,7.66,26.4,5.81,37.13,0.94,0.84,99.64
2019-10-31,DA NANG,16.044,108.199,78.34,25.57,26.17,24.86,24.59,25.78,94.2,19.61,99.17,6.6,77.9,3.41,37.24,0.94,0.9,99.85
2019-11-01,DA NANG,16.044,108.199,40.76,24.93,26.55,23.96,23.19,25.19,90.09,17.99,99.35,2.64,78.6,6.1,37.19,0.93,0.89,98.9
2019-11-02,DA NANG,16.044,108.199,60.19,25.42,27.25,24.03,23.64,25.63,89.87,18.48,99.36,3.84,51.8,16.5,36.67,0.97,0.92,94.09
2019-11-03,DA NANG,16.044,108.199,13.83,24.83,26.76,23.69,22.5,25.09,86.97,17.22,99.43,3.56,1.9,14.55,36.41,0.91,0.92,95.39
2019-11-04,DA NANG,16.044,108.199,17.17,24.59,26.8,23.07,21.7,24.73,84.28,16.39,99.47,3.68,10.4,15.54,36.45,0.91,0.91,77.55
2019-11-05,DA NANG,16.044,108.199,3.6,24.14,26.77,21.97,19.49,23.91,75.34,14.32,99.35,2.58,15.7,14.16,35.9,0.9,0.91,82.6
2019-11-06,DA NANG,16.044,108.199,0.56,24.27,27.51,21.98,20.51,24.67,80.03,15.27,99.25,2.74,355.1,14.4,35.62,0.88,0.9,97.49
2019-11-07,DA NANG,16.044,108.199,8.34,24.09,26.95,22.19,20.17,24.3,79.04,14.9,99.52,3.36,7.1,11.59,36.13,0.89,0.89,98.25
2019-11-08,DA NANG,16.044,108.199,1.81,23.01,25.73,21.12,19.21,23.43,79.59,14.0,99.73,3.76,17.8,14.44,34.71,0.88,0.89,98.12
2019-11-09,DA NANG,16.044,108.199,7.11,22.77,25.4,21.35,18.88,23.33,79.17,13.75,99.63,4.17,358.5,12.79,35.78,0.88,0.89,99.43
2019-11-10,DA NANG,16.044,108.199,67.63,23.22,24.18,22.37,21.07,23.65,87.9,15.83,99.29,6.28,10.1,5.33,36.66,0.96,0.91,98.68
2019-11-11,DA NANG,16.044,108.199,23.38,24.8,26.61,23.38,23.41,24.97,92.03,18.26,99.16,4.8,79.0,8.14,37.42,0.94,0.95,87.5
2019-11-12,DA NANG,16.044,108.199,13.29,24.97,27.71,23.21,23.08,25.12,89.46,17.86,99.36,4.28,108.9,11.17,37.59,0.93,0.94,87.78
2019-11-13,DA NANG,16.044,108.199,7.69,24.37,26.84,22.47,22.17,24.59,87.6,16.84,99.76,4.15,64.5,9.35,36.21,0.91,0.94,64.47
2019-11-14,DA NANG,16.044,108.199,12.36,23.75,26.26,21.96,21.08,24.0,85.23,15.73,99.74,4.03,54.3,13.96,36.15,0.92,0.93,68.31
2019-11-15,DA NANG,16.044,108.199,8.21,23.71,26.16,22.13,21.34,23.93,86.76,16.01,99.57,3.4,63.5,14.76,35.89,0.91,0.94,69.67
2019-11-16,DA NANG,16.044,108.199,1.57,24.21,27.21,22.44,21.8,24.43,86.86,16.48,99.49,2.96,103.7,17.53,35.06,0.9,0.93,49.54
2019-11-17,DA NANG,16.044,108.199,0.1,24.79,28.14,22.89,22.26,24.97,86.21,16.96,99.47,2.87,110.1,18.66,35.41,0.9,0.92,48.43
2019-11-18,DA NANG,16.044,108.199,0.52,24.37,27.76,22.16,21.39,24.75,83.87,16.06,99.65,2.75,61.1,19.37,34.19,0.89,0.92,27.12
2019-11-19,DA NANG,16.044,108.199,1.54,24.06,26.77,22.02,21.14,24.43,84.12,15.79,99.74,4.06,57.4,16.24,35.18,0.89,0.91,53.55
2019-11-20,DA NANG,16.044,108.199,1.51,23.32,26.0,21.58,20.21,23.64,83.02,14.89,99.78,4.23,58.8,15.8,34.99,0.89,0.9,55.77
2019-11-21,DA NANG,16.044,108.199,0.83,23.05,25.73,21.24,20.05,23.5,83.5,14.74,99.8,3.7,49.2,17.74,34.23,0.88,0.9,58.61
2019-11-22,DA NANG,16.044,108.199,0.17,22.68,25.44,20.3,18.79,22.59,78.79,13.66,99.74,2.25,62.6,16.94,33.1,0.88,0.89,39.9
2019-11-23,DA NANG,16.044,108.199,0.24,23.0,25.89,21.59,19.46,23.44,80.89,14.23,99.69,2.11,75.0,18.58,33.95,0.87,0.89,40.12
2019-11-24,DA NANG,16.044,108.199,0.74,23.42,26.54,21.4,20.56,24.02,84.33,15.23,99.8,3.03,57.6,17.81,34.22,0.87,0.88,39.14
2019-11-25,DA NANG,16.044,108.199,25.61,23.69,26.17,22.11,21.17,24.21,86.43,15.86,99.79,3.73,13.2,13.82,36.8,0.91,0.89,88.2
2019-11-26,DA NANG,16.044,108.199,29.33,24.55,26.52,23.29,23.07,24.75,91.54,17.79,99.69,4.77,66.0,12.22,36.51,0.94,0.93,71.78
2019-11-27,DA NANG,16.044,108.199,5.0,24.66,26.87,23.48,22.91,24.93,90.14,17.6,99.78,4.97,55.7,15.43,36.25,0.9,0.92,64.8
2019-11-28,DA NANG,16.044,108.199,8.19,23.65,25.65,22.54,21.77,24.0,89.24,16.41,99.84,6.44,52.9,8.62,37.13,0.9,0.92,98.11
2019-11-29,DA NANG,16.044,108.199,14.66,23.88,25.83,22.86,21.91,24.23,88.9,16.54,99.82,5.53,66.8,10.53,36.68,0.91,0.91,97.57
2019-11-30,DA NANG,16.044,108.199,10.63,23.51,25.71,21.93,21.34,23.78,87.7,15.98,99.75,4.67,80.9,11.35,36.78,0.91,0.92,95.05
2019-12-01,DA NANG,16.044,108.199,2.34,23.21,25.93,21.75,20.5,23.58,84.87,15.16,99.81,3.93,50.4,10.2,36.79,0.89,0.92,98.37
2019-12-02,DA NANG,16.044,108.199,23.91,21.08,23.5,19.14,18.34,21.85,84.4,13.23,100.04,5.27,27.3,10.71,35.23,0.93,0.92,98.12
2019-12-03,DA NANG,16.044,108.199,4.33,19.7,21.64,18.64,16.42,20.69,81.57,11.7,100.08,4.41,19.7,11.18,34.09,0.9,0.93,96.11
2019-12-04,DA NANG,16.044,108.199,1.32,19.36,21.78,17.68,15.45,20.25,78.17,11.01,100.08,4.97,8.7,11.2,34.03,0.89,0.92,94.33
2019-12-05,DA NANG,16.044,108.199,8.0,18.67,20.75,16.85,14.61,19.73,77.65,10.42,100.28,5.54,7.5,3.67,35.18,0.9,0.92,99.6
2019-12-06,DA NANG,16.044,108.199,0.46,17.86,20.68,15.64,12.85,18.78,72.93,9.27,100.35,5.27,9.4,9.3,33.12,0.89,0.91,87.06
2019-12-07,DA NANG,16.044,108.199,0.04,18.3,21.16,16.6,13.16,19.15,72.78,9.49,100.29,4.26,19.9,14.48,32.67,0.88,0.9,68.12
2019-12-08,DA NANG,16.044,108.199,0.03,19.29,21.43,18.15,15.62,20.07,79.56,11.1,100.2,3.86,25.6,12.73,34.84,0.88,0.9,88.23
2019-12-09,DA NANG,16.044,108.199,0.0,19.29,21.91,17.35,15.85,20.02,80.62,11.29,99.99,3.13,8.4,7.14,34.28,0.88,0.89,82.83
2019-12-10,DA NANG,16.044,108.199,0.0,19.67,22.53,17.9,15.6,20.07,77.67,11.12,99.82,2.49,358.7,14.39,33.13,0.87,0.89,54.92
2019-12-11,DA NANG,16.044,108.199,0.26,21.12,23.77,19.75,18.54,21.81,85.72,13.43,99.81,2.98,46.9,11.76,35.76,0.87,0.89,89.77
2019-12-12,DA NANG,16.044,108.199,0.33,21.39,24.32,19.48,18.73,21.68,85.05,13.56,99.92,3.77,77.1,6.65,35.97,0.87,0.88,98.02
2019-12-13,DA NANG,16.044,108.199,1.27,21.97,24.57,20.68,19.46,22.28,86.24,14.19,100.03,2.86,56.9,16.92,35.38,0.87,0.88,73.61
2019-12-14,DA NANG,16.044,108.199,1.6,22.44,25.28,20.56,20.41,22.6,88.56,15.06,99.95,3.5,72.1,10.96,36.45,0.87,0.87,85.3
2019-12-15,DA NANG,16.044,108.199,0.5,22.74,25.69,21.31,20.83,22.68,89.37,15.48,99.79,2.51,72.5,14.93,35.82,0.86,0.87,72.4
2019-12-16,DA NANG,16.044,108.199,0.56,23.45,26.76,21.5,21.74,23.5,90.51,16.4,99.71,2.68,87.1,11.75,35.74,0.86,0.87,93.9
2019-12-17,DA NANG,16.044,108.199,0.79,23.36,26.29,21.36,21.55,23.49,89.97,16.19,99.76,2.69,93.7,14.23,34.33,0.86,0.86,78.86
2019-12-18,DA NANG,16.044,108.199,4.0,23.21,26.32,21.18,21.17,23.36,88.61,15.82,99.75,2.83,88.5,13.66,35.09,0.86,0.86,72.33
2019-12-19,DA NANG,16.044,108.199,4.74,22.93,25.83,20.86,20.84,23.04,88.29,15.51,99.74,3.06,85.9,11.92,35.25,0.87,0.86,91.89
2019-12-20,DA NANG,16.044,108.199,2.15,22.81,25.79,21.15,20.34,22.84,86.39,15.03,99.69,2.89,88.4,15.11,34.14,0.86,0.86,83.94
2019-12-21,DA NANG,16.044,108.199,1.93,22.84,25.88,21.09,20.9,22.79,89.13,15.57,99.65,2.37,75.6,15.32,34.55,0.86,0.86,54.48
2019-12-22,DA NANG,16.044,108.199,0.0,22.87,26.43,20.54,20.53,23.11,87.28,15.23,99.58,2.13,97.9,17.92,32.92,0.85,0.85,14.99
2019-12-23,DA NANG,16.044,108.199,0.0,22.6,26.57,19.85,20.0,22.8,85.92,14.73,99.66,2.64,124.4,18.84,32.58,0.85,0.85,14.43
2019-12-24,DA NANG,16.044,108.199,0.0,22.5,25.93,20.37,19.62,22.69,84.03,14.38,99.7,2.9,107.3,17.6,32.33,0.85,0.84,29.92
2019-12-25,DA NANG,16.044,108.199,0.0,21.95,25.62,19.19,18.71,22.05,82.24,13.6,99.56,2.29,121.3,18.6,31.74,0.84,0.84,12.04
2019-12-26,DA NANG,16.044,108.199,0.57,22.3,25.74,20.08,19.11,22.6,82.52,13.91,99.73,2.44,35.1,16.69,33.83,0.84,0.84,51.67
2019-12-27,DA NANG,16.044,108.199,0.8,21.34,24.09,19.51,18.55,22.0,84.38,13.42,99.83,3.69,44.6,14.73,34.31,0.84,0.83,58.37
2019-12-28,DA NANG,16.044,108.199,0.29,21.68,24.1,20.08,19.38,22.15,86.99,14.15,99.74,3.36,38.9,14.71,35.22,0.84,0.83,82.21
2019-12-29,DA NANG,16.044,108.199,1.03,22.1,24.84,20.58,20.03,22.64,88.33,14.74,99.74,3.22,12.3,7.65,36.53,0.84,0.83,98.17
2019-12-30,DA NANG,16.044,108.199,3.64,23.24,25.47,22.26,21.76,23.61,91.59,16.37,99.91,3.43,24.5,5.67,36.63,0.84,0.83,99.4
2019-12-31,DA NANG,16.044,108.199,6.41,23.24,25.84,21.53,21.42,23.5,89.83,16.0,100.14,3.71,82.2,10.98,35.91,0.85,0.83,89.47
2020-01-01,DA NANG,16.044,108.199,8.72,22.98,25.26,21.43,21.17,23.25,89.74,15.73,100.25,4.86,75.3,11.42,35.71,0.86,0.84,95.25
2020-01-02,DA NANG,16.044,108.199,6.51,22.75,24.9,21.55,20.89,22.99,89.31,15.46,100.2,4.08,71.2,11.07,35.54,0.86,0.84,88.16
2020-01-03,DA NANG,16.044,108.199,1.36,22.33,24.91,20.64,19.84,22.63,86.01,14.52,100.04,3.41,77.6,15.35,33.97,0.84,0.83,75.3
2020-01-04,DA NANG,16.044,108.199,1.42,22.01,24.51,20.47,19.37,22.25,85.19,14.12,99.9,3.25,81.6,14.84,33.77,0.84,0.83,91.75
2020-01-05,DA NANG,16.044,108.199,0.77,22.19,25.18,20.55,19.17,22.17,83.34,13.95,99.83,2.7,85.8,17.91,34.12,0.83,0.83,52.05
2020-01-06,DA NANG,16.044,108.199,0.31,22.88,26.14,20.91,20.36,23.07,86.29,15.04,99.75,2.44,101.1,16.98,34.74,0.83,0.82,49.16
2020-01-07,DA NANG,16.044,108.199,2.92,23.24,26.51,21.27,20.94,23.56,87.39,15.59,99.75,2.83,76.3,16.21,34.98,0.83,0.82,84.61
2020-01-08,DA NANG,16.044,108.199,2.95,22.67,25.65,20.98,20.32,22.95,86.69,15.01,99.75,3.01,80.6,12.29,35.84,0.84,0.82,98.83
2020-01-09,DA NANG,16.044,108.199,0.33,22.58,25.57,20.78,19.47,22.67,82.84,14.24,99.66,2.36,76.7,17.66,33.14,0.83,0.82,28.01
2020-01-10,DA NANG,16.044,108.199,0.22,22.41,25.63,20.61,19.27,22.57,83.07,14.09,99.53,2.16,80.3,17.42,33.47,0.82,0.81,52.19
2020-01-11,DA NANG,16.044,108.199,0.15,22.75,26.0,21.0,19.91,22.99,84.43,14.66,99.55,2.14,57.1,16.44,33.26,0.82,0.81,88.99
2020-01-12,DA NANG,16.044,108.199,2.08,22.44,25.41,20.43,20.02,23.06,86.61,14.75,99.6,3.01,73.2,15.26,33.81,0.82,0.81,72.89
2020-01-13,DA NANG,16.044,108.199,0.8,21.51,24.61,19.28,18.87,22.05,85.19,13.73,99.69,3.67,103.6,17.22,32.43,0.82,0.81,42.38
2020-01-14,DA NANG,16.044,108.199,0.01,21.14,24.49,18.48,17.74,21.67,81.33,12.77,99.73,3.77,121.7,19.33,31.89,0.82,0.8,21.75
2020-01-15,DA NANG,16.044,108.199,0.02,21.2,25.19,18.31,17.51,21.53,80.82,12.61,99.65,3.16,133.3,19.43,31.97,0.81,0.8,18.75
2020-01-16,DA NANG,16.044,108.199,0.21,22.46,26.06,20.39,19.49,22.57,83.77,14.27,99.74,2.55,93.8,17.88,32.74,0.81,0.79,23.41
2020-01-17,DA NANG,16.044,108.199,0.02,22.11,25.47,19.85,18.56,22.32,80.82,13.43,99.88,2.55,85.0,18.71,32.29,0.81,0.79,16.67
2020-01-18,DA NANG,16.044,108.199,0.08,21.69,25.1,19.67,18.82,22.38,84.49,13.65,99.82,3.03,110.6,19.27,32.54,0.81,0.79,22.25
2020-01-19,DA NANG,16.044,108.199,0.07,21.74,25.14,19.61,18.87,22.34,84.18,13.68,99.94,3.34,104.5,17.47,32.65,0.8,0.79,34.66
2020-01-20,DA NANG,16.044,108.199,0.02,21.28,24.21,19.3,18.3,22.01,83.46,13.19,100.03,3.42,101.5,16.23,32.79,0.8,0.78,35.92
2020-01-21,DA NANG,16.044,108.199,0.0,21.48,25.04,18.64,17.9,21.86,80.63,12.87,99.98,3.08,115.4,18.44,32.42,0.8,0.78,25.38
2020-01-22,DA NANG,16.044,108.199,0.0,21.6,25.74,18.48,18.46,21.92,83.27,13.37,99.76,3.16,131.7,19.42,32.46,0.79,0.78,26.44
2020-01-23,DA NANG,16.044,108.199,0.0,22.6,26.73,20.12,20.14,22.78,86.87,14.88,99.64,3.57,129.3,20.08,33.1,0.79,0.77,37.81
2020-01-24,DA NANG,16.044,108.199,0.0,22.34,26.73,18.16,19.96,22.71,87.42,14.74,99.57,4.37,134.1,17.67,33.31,0.79,0.77,99.14
2020-01-25,DA NANG,16.044,108.199,0.22,23.01,27.23,20.02,20.39,23.25,86.41,15.2,99.35,4.0,121.3,16.54,34.26,0.79,0.77,99.25
2020-01-26,DA NANG,16.044,108.199,2.54,20.14,22.17,19.14,17.97,21.08,87.5,12.98,99.54,4.58,355.0,7.69,35.11,0.8,0.77,98.92
2020-01-27,DA NANG,16.044,108.199,1.47,20.28,22.25,18.96,18.46,21.28,89.37,13.38,99.55,3.18,21.1,5.42,36.08,0.79,0.77,99.46
2020-01-28,DA NANG,16.044,108.199,4.14,20.12,22.29,18.64,18.22,21.06,88.9,13.16,99.76,3.68,20.2,3.65,35.6,0.8,0.77,98.74
2020-01-29,DA NANG,16.044,108.199,3.13,19.07,21.36,17.91,16.94,20.12,87.47,12.09,100.0,4.21,6.2,5.35,34.98,0.8,0.78,98.26
2020-01-30,DA NANG,16.044,108.199,0.35,18.61,20.92,17.25,15.3,19.46,81.18,10.9,100.04,3.4,19.6,6.05,35.03,0.79,0.77,97.47
2020-01-31,DA NANG,16.044,108.199,0.02,19.69,22.42,18.01,16.5,20.48,82.33,11.76,100.01,3.21,92.8,12.34,34.22,0.79,0.77,92.68
2020-02-01,DA NANG,16.044,108.199,0.0,20.16,23.72,17.86,16.69,20.5,81.02,11.92,99.98,3.43,116.7,15.94,33.28,0.79,0.77,46.2
2020-02-02,DA NANG,16.044,108.199,0.0,20.88,24.78,18.12,17.59,20.98,82.25,12.62,99.99,2.79,122.2,17.75,32.66,0.78,0.76,33.19
2020-02-03,DA NANG,16.044,108.199,0.0,21.57,25.26,19.44,18.67,21.75,84.5,13.52,99.83,3.19,118.4,19.87,32.18,0.78,0.76,37.16
2020-02-04,DA NANG,16.044,108.199,0.0,21.66,25.27,19.29,17.93,21.59,79.79,12.91,99.83,2.96,100.9,20.12,31.9,0.78,0.76,44.95
2020-02-05,DA NANG,16.044,108.199,0.0,21.05,24.98,18.14,17.51,21.1,81.07,12.58,99.83,3.11,114.5,20.17,31.6,0.77,0.75,34.41
2020-02-06,DA NANG,16.044,108.199,0.0,21.15,25.41,17.67,17.81,21.19,82.4,12.83,99.8,3.06,130.8,20.42,31.56,0.77,0.75,39.1
2020-02-07,DA NANG,16.044,108.199,0.03,21.77,25.32,20.06,18.42,22.1,81.83,13.29,99.97,2.5,80.0,19.99,32.21,0.77,0.75,51.79
2020-02-08,DA NANG,16.044,108.199,0.04,22.09,25.33,20.08,19.16,22.51,83.84,13.89,100.17,3.6,64.5,17.0,34.12,0.77,0.75,71.54
2020-02-09,DA NANG,16.044,108.199,0.41,21.5,24.25,19.76,18.49,22.06,83.34,13.31,100.19,4.41,61.3,13.66,34.95,0.77,0.74,93.23
2020-02-10,DA NANG,16.044,108.199,0.38,21.66,24.25,20.31,19.03,22.15,85.4,13.8,100.02,3.42,76.7,14.96,34.88,0.77,0.74,95.84
2020-02-11,DA NANG,16.044,108.199,0.05,22.75,26.33,20.88,20.37,23.1,87.08,15.04,99.86,2.9,111.3,10.76,35.89,0.76,0.74,88.56
2020-02-12,DA NANG,16.044,108.199,0.0,23.81,27.64,21.42,21.72,24.05,88.96,16.39,99.67,3.26,124.7,19.32,34.95,0.76,0.74,41.04
2020-02-13,DA NANG,16.044,108.199,0.04,25.47,30.52,22.94,22.49,25.41,84.96,17.26,99.29,3.03,126.3,21.38,34.47,0.75,0.74,31.9
2020-02-14,DA NANG,16.044,108.199,0.06,25.48,31.09,21.7,22.57,25.47,85.4,17.38,99.17,3.03,132.7,20.08,34.74,0.75,0.73,24.82
2020-02-15,DA NANG,16.044,108.199,0.12,25.87,31.98,21.91,22.07,25.64,81.73,16.85,99.31,2.38,138.3,21.22,35.03,0.75,0.73,16.21
2020-02-16,DA NANG,16.044,108.199,2.93,20.8,25.52,18.68,18.2,21.72,85.3,13.2,100.07,5.11,342.3,11.24,35.75,0.76,0.73,92.74
2020-02-17,DA NANG,16.044,108.199,4.08,19.65,22.22,18.25,17.27,20.94,86.32,12.31,100.38,4.15,24.9,6.49,35.14,0.77,0.74,99.56
2020-02-18,DA NANG,16.044,108.199,3.26,19.97,21.87,18.93,17.47,20.93,85.78,12.48,100.27,3.38,44.1,6.93,35.41,0.77,0.74,97.81
2020-02-19,DA NANG,16.044,108.199,0.67,21.15,24.19,19.06,18.36,21.68,84.54,13.21,100.16,3.39,77.2,16.97,34.07,0.76,0.74,56.64
2020-02-20,DA NANG,16.044,108.199,0.23,21.34,24.58,19.35,18.3,21.66,83.32,13.15,100.24,3.97,78.5,20.9,32.67,0.75,0.73,30.4
2020-02-21,DA NANG,16.044,108.199,0.58,21.33,24.34,19.41,18.61,21.74,84.97,13.38,100.44,3.96,60.3,19.03,33.64,0.75,0.73,50.72
2020-02-22,DA NANG,16.044,108.199,0.54,21.12,24.19,18.76,18.36,21.46,84.64,13.18,100.4,4.11,59.4,19.35,33.15,0.74,0.73,42.61
2020-02-23,DA NANG,16.044,108.199,0.04,20.94,24.16,18.62,17.05,20.93,79.23,12.16,100.19,2.87,61.8,22.4,32.08,0.74,0.72,31.02
2020-02-24,DA NANG,16.044,108.199,0.02,21.32,24.82,19.27,17.78,21.27,80.97,12.77,99.9,2.05,85.9,21.54,32.12,0.74,0.72,49.18
2020-02-25,DA NANG,16.044,108.199,0.01,22.26,25.64,20.59,19.53,22.3,85.26,14.28,99.78,2.17,78.2,22.08,33.73,0.73,0.72,43.56
2020-02-26,DA NANG,16.044,108.199,0.0,22.77,26.41,20.47,20.34,22.87,86.74,15.02,99.82,2.46,92.5,21.64,34.15,0.73,0.71,46.23
2020-02-27,DA NANG,16.044,108.199,0.0,22.77,26.23,20.36,19.61,23.07,82.74,14.36,99.77,2.99,80.3,20.86,33.56,0.73,0.71,79.56
2020-02-28,DA NANG,16.044,108.199,0.0,22.97,26.58,20.81,20.7,23.17,87.96,15.4,99.59,2.58,89.0,13.15,35.44,0.73,0.71,69.12
2020-02-29,DA NANG,16.044,108.199,0.0,23.54,27.29,21.21,21.21,23.76,87.52,15.9,99.48,2.67,110.6,22.24,34.08,0.72,0.71,23.14
2020-03-01,DA NANG,16.044,108.199,0.0,23.8,28.2,21.11,21.44,23.94,87.68,16.14,99.49,2.75,121.1,21.36,33.76,0.72,0.7,31.5
2020-03-02,DA NANG,16.044,108.199,0.45,23.92,27.78,21.55,21.41,24.2,86.72,16.09,99.55,3.7,119.6,22.8,33.33,0.72,0.7,41.44
2020-03-03,DA NANG,16.044,108.199,0.81,23.56,27.27,21.22,21.23,23.79,87.39,15.91,99.52,3.83,115.6,21.18,34.73,0.72,0.7,51.4
2020-03-04,DA NANG,16.044,108.199,14.34,23.52,26.86,21.25,20.99,23.79,86.2,15.67,99.57,3.48,88.2,20.15,36.21,0.77,0.71,73.36
2020-03-05,DA NANG,16.044,108.199,10.67,23.42,26.44,21.51,21.3,23.79,88.31,15.96,99.63,2.76,86.7,16.96,36.4,0.79,0.73,76.19
2020-03-06,DA NANG,16.044,108.199,1.12,23.09,25.36,21.32,21.31,23.44,89.93,15.98,99.6,2.28,126.0,14.63,36.31,0.75,0.73,69.22
2020-03-07,DA NANG,16.044,108.199,0.01,25.62,30.36,22.88,22.27,25.5,83.18,17.03,99.31,1.91,135.0,23.04,34.53,0.73,0.72,39.38
2020-03-08,DA NANG,16.044,108.199,0.0,26.98,32.35,23.44,22.4,26.55,77.92,17.26,98.98,1.8,151.7,23.21,34.97,0.72,0.71,9.78
2020-03-09,DA NANG,16.044,108.199,0.0,27.46,33.15,24.51,22.63,26.86,77.31,17.54,98.93,1.91,130.5,22.95,35.34,0.72,0.7,5.42
2020-03-10,DA NANG,16.044,108.199,0.2,25.41,30.94,21.54,22.14,25.75,83.42,16.98,99.36,3.03,335.7,16.91,37.7,0.71,0.7,84.4
2020-03-11,DA NANG,16.044,108.199,0.01,24.67,28.49,22.25,22.4,25.01,87.79,17.11,99.51,2.95,120.5,17.86,35.78,0.71,0.69,46.87
2020-03-12,DA NANG,16.044,108.199,0.01,25.76,29.79,23.71,22.79,25.81,84.62,17.53,99.46,2.99,135.4,21.47,35.1,0.71,0.69,23.51
2020-03-13,DA NANG,16.044,108.199,0.04,26.03,30.4,23.11,23.43,25.88,86.76,18.24,99.47,2.58,113.5,21.77,35.12,0.71,0.69,38.42
2020-03-14,DA NANG,16.044,108.199,0.53,24.8,28.22,22.43,22.54,24.97,87.78,17.23,99.66,2.28,75.7,16.11,35.68,0.71,0.69,90.56
2020-03-15,DA NANG,16.044,108.199,0.85,24.43,27.66,22.2,22.02,24.65,87.24,16.69,99.67,2.53,96.1,19.45,35.21,0.71,0.69,84.31
2020-03-16,DA NANG,16.044,108.199,0.8,24.52,27.89,22.57,22.52,24.7,89.12,17.19,99.71,3.87,119.7,13.15,36.33,0.71,0.69,79.17
2020-03-17,DA NANG,16.044,108.199,0.19,24.26,27.78,22.26,22.09,24.38,88.31,16.77,99.6,3.44,120.1,16.56,36.04,0.71,0.68,78.16
2020-03-18,DA NANG,16.044,108.199,0.12,24.2,27.08,21.9,22.08,24.39,88.47,16.79,99.41,3.36,129.1,18.31,35.95,0.7,0.68,71.41
2020-03-19,DA NANG,16.044,108.199,0.03,25.38,29.59,22.98,22.83,25.33,86.76,17.58,99.37,2.82,114.6,20.17,36.57,0.7,0.68,71.12
2020-03-20,DA NANG,16.044,108.199,0.08,24.79,28.58,21.5,22.35,24.87,87.24,17.07,99.45,3.38,127.9,18.35,35.59,0.7,0.68,73.4
2020-03-21,DA NANG,16.044,108.199,0.07,24.76,29.6,21.4,21.53,24.87,84.2,16.29,99.46,3.71,132.2,23.94,34.28,0.69,0.67,34.14
2020-03-22,DA NANG,16.044,108.199,0.0,24.82,29.18,21.78,22.33,25.12,87.0,17.05,99.41,3.48,123.4,23.1,34.67,0.69,0.67,37.19
2020-03-23,DA NANG,16.044,108.199,0.15,24.7,28.58,22.73,21.85,25.05,85.04,16.55,99.41,3.38,118.6,24.23,33.86,0.69,0.67,23.05
2020-03-24,DA NANG,16.044,108.199,0.13,24.3,27.25,22.21,22.11,24.48,88.18,16.83,99.32,3.85,126.6,24.31,34.63,0.69,0.67,14.85
2020-03-25,DA NANG,16.044,108.199,0.05,25.24,28.9,22.79,22.63,25.41,86.27,17.4,99.25,4.16,125.9,23.41,35.38,0.68,0.66,24.14
2020-03-26,DA NANG,16.044,108.199,0.03,25.98,30.03,23.52,23.05,26.15,84.83,17.84,99.29,3.47,128.6,21.61,36.27,0.68,0.66,47.99
2020-03-27,DA NANG,16.044,108.199,0.11,26.73,31.59,23.71,23.42,26.7,83.56,18.27,99.23,2.91,131.3,22.2,36.33,0.67,0.66,37.33
2020-03-28,DA NANG,16.044,108.199,0.12,26.78,31.73,23.68,23.55,26.77,84.02,18.44,99.16,3.5,122.1,21.49,36.42,0.67,0.65,48.02
2020-03-29,DA NANG,16.044,108.199,0.02,26.03,30.24,23.54,22.95,26.01,84.26,17.79,99.08,4.02,137.8,20.49,36.72,0.67,0.65,46.92
2020-03-30,DA NANG,16.044,108.199,0.02,27.41,33.34,23.86,23.35,27.01,80.38,18.26,99.07,2.66,139.1,21.41,36.68,0.67,0.65,45.17
2020-03-31,DA NANG,16.044,108.199,0.18,27.16,32.11,24.07,23.82,26.93,83.65,18.74,99.19,1.8,107.6,21.24,36.71,0.66,0.64,36.47
2020-04-01,DA NANG,16.044,108.199,0.21,25.63,30.2,21.82,23.12,25.83,86.8,17.93,99.35,3.42,122.2,16.35,36.8,0.66,0.64,74.82
2020-04-02,DA NANG,16.044,108.199,0.04,25.3,28.87,22.79,22.7,25.49,86.43,17.46,99.4,3.84,124.8,23.67,35.49,0.66,0.64,41.62
2020-04-03,DA NANG,16.044,108.199,0.16,25.49,28.87,23.0,23.21,25.68,87.89,17.98,99.46,3.64,117.8,23.87,35.77,0.66,0.64,39.66
2020-04-04,DA NANG,16.044,108.199,0.26,25.17,28.9,22.73,22.78,25.28,87.29,17.49,99.58,3.3,118.3,23.6,35.52,0.66,0.64,31.43
2020-04-05,DA NANG,16.044,108.199,0.12,25.18,28.67,23.06,22.43,25.41,85.47,17.12,99.62,2.13,74.2,18.51,37.11,0.66,0.64,78.07
2020-04-06,DA NANG,16.044,108.199,0.12,24.71,28.67,21.97,21.98,25.25,85.33,16.68,99.46,2.86,356.8,8.68,37.48,0.66,0.63,93.44
2020-04-07,DA NANG,16.044,108.199,0.17,24.38,28.39,22.27,21.64,24.82,85.3,16.33,99.44,3.12,349.2,8.52,36.9,0.65,0.63,98.97
2020-04-08,DA NANG,16.044,108.199,0.06,24.52,28.06,22.44,22.05,24.91,86.78,16.73,99.55,2.67,346.1,12.54,37.5,0.65,0.63,95.8
2020-04-09,DA NANG,16.044,108.199,0.17,24.82,28.22,22.81,22.43,25.04,87.2,17.12,99.61,2.46,333.1,10.8,37.21,0.65,0.63,98.07
2020-04-10,DA NANG,16.044,108.199,0.23,25.42,28.64,23.31,23.22,25.45,88.3,17.98,99.61,2.27,111.0,14.0,36.9,0.66,0.63,92.04
2020-04-11,DA NANG,16.044,108.199,1.02,26.21,30.35,23.74,23.26,26.25,85.05,18.06,99.47,2.26,116.7,22.09,36.46,0.65,0.63,73.13
2020-04-12,DA NANG,16.044,108.199,28.88,24.91,28.7,21.46,22.45,25.12,86.59,17.21,99.6,4.2,44.8,15.89,36.9,0.78,0.65,94.04
2020-04-13,DA NANG,16.044,108.199,9.74,22.29,23.9,21.45,19.64,22.8,85.13,14.37,99.8,2.89,24.6,5.71,36.42,0.76,0.68,99.77
2020-04-14,DA NANG,16.044,108.199,2.0,23.48,26.33,22.13,20.63,23.94,84.32,15.3,99.7,2.59,53.5,7.34,37.11,0.71,0.68,99.84
2020-04-15,DA NANG,16.044,108.199,0.38,24.06,26.87,22.41,21.53,24.33,86.26,16.2,99.53,2.96,113.2,15.96,35.64,0.69,0.67,80.79
2020-04-16,DA NANG,16.044,108.199,0.2,24.91,28.11,22.72,22.62,24.9,87.74,17.36,99.38,3.09,129.7,20.2,35.82,0.68,0.66,85.92
2020-04-17,DA NANG,16.044,108.199,2.11,24.89,27.84,22.99,22.08,24.5,84.78,16.81,99.42,2.75,159.4,20.4,36.56,0.69,0.66,95.84
2020-04-18,DA NANG,16.044,108.199,0.49,26.33,31.42,23.11,22.73,26.34,82.66,17.55,99.35,2.39,133.9,14.45,36.09,0.68,0.65,51.58
2020-04-19,DA NANG,16.044,108.199,0.07,27.2,32.21,24.12,23.65,27.23,82.74,18.53,99.26,2.63,127.1,24.38,36.49,0.66,0.64,60.56
2020-04-20,DA NANG,16.044,108.199,0.2,27.17,31.73,24.64,24.32,27.08,85.55,19.28,99.24,2.64,130.0,23.37,36.79,0.66,0.64,77.13
2020-04-21,DA NANG,16.044,108.199,0.73,27.38,31.74,24.63,23.94,27.28,82.96,18.89,99.15,2.85,129.4,23.78,36.15,0.66,0.63,79.0
2020-04-22,DA NANG,16.044,108.199,6.55,26.96,30.34,24.7,24.45,26.92,86.99,19.43,99.31,3.01,110.4,22.53,36.71,0.7,0.64,77.03
2020-04-23,DA NANG,16.044,108.199,19.4,26.43,30.89,23.84,23.4,26.37,84.69,18.23,99.45,2.89,101.1,15.98,37.26,0.73,0.65,98.93
2020-04-24,DA NANG,16.044,108.199,43.62,24.99,26.78,23.52,23.42,25.12,91.16,18.2,99.58,2.85,46.7,4.99,37.16,0.89,0.72,99.38
2020-04-25,DA NANG,16.044,108.199,13.68,25.01,27.78,23.3,22.92,25.35,88.49,17.63,99.66,3.69,54.7,6.03,37.37,0.8,0.73,99.85
2020-04-26,DA NANG,16.044,108.199,3.44,24.5,27.56,22.46,21.85,24.92,85.63,16.49,99.74,3.58,40.5,8.48,36.99,0.75,0.72,98.96
2020-04-27,DA NANG,16.044,108.199,1.92,24.17,27.51,21.97,21.52,24.68,85.6,16.16,99.8,2.88,27.1,12.16,36.43,0.72,0.7,99.16
2020-04-28,DA NANG,16.044,108.199,0.44,24.25,27.33,22.57,21.06,24.5,82.69,15.72,99.64,2.4,55.7,17.72,36.3,0.71,0.69,75.0
2020-04-29,DA NANG,16.044,108.199,1.28,25.2,28.43,23.13,22.15,25.34,84.14,16.84,99.6,2.31,76.0,22.64,36.57,0.7,0.68,70.9
2020-04-30,DA NANG,16.044,108.199,0.16,25.77,29.64,23.17,22.81,25.92,84.7,17.56,99.47,2.46,107.9,24.79,35.42,0.69,0.67,22.42
2020-05-01,DA NANG,16.044,108.199,0.05,26.21,30.36,23.44,23.27,26.47,84.87,18.09,99.26,2.88,118.9,26.21,35.52,0.68,0.66,18.45
2020-05-02,DA NANG,16.044,108.199,0.03,26.5,31.24,23.66,23.34,26.74,84.0,18.19,99.08,2.74,127.9,25.71,35.92,0.67,0.65,38.37
2020-05-03,DA NANG,16.044,108.199,0.0,26.84,32.11,23.52,23.64,26.76,84.34,18.56,99.08,2.53,134.5,26.11,36.19,0.67,0.65,20.02
2020-05-04,DA NANG,16.044,108.199,0.0,27.76,33.09,24.43,23.85,27.64,81.2,18.81,99.09,2.39,130.2,25.37,36.37,0.66,0.64,55.43
2020-05-05,DA NANG,16.044,108.199,0.0,27.76,32.54,24.3,24.02,27.8,81.81,19.02,98.99,2.7,134.4,26.54,36.34,0.65,0.63,37.12
2020-05-06,DA NANG,16.044,108.199,0.0,28.92,34.91,25.19,24.59,28.58,79.51,19.68,98.89,2.43,136.9,25.83,37.16,0.65,0.63,46.56
2020-05-07,DA NANG,16.044,108.199,0.0,29.02,34.3,26.02,25.24,28.75,81.71,20.49,98.81,2.26,133.4,25.5,36.98,0.65,0.63,29.03
2020-05-08,DA NANG,16.044,108.199,0.05,28.76,31.72,26.45,25.94,28.27,85.26,21.35,98.88,1.34,139.2,24.7,37.69,0.66,0.63,41.48
2020-05-09,DA NANG,16.044,108.199,0.06,28.81,32.46,26.47,25.86,28.31,84.76,21.21,99.02,1.16,129.5,24.45,37.63,0.66,0.63,34.2
2020-05-10,DA NANG,16.044,108.199,0.01,28.38,33.31,24.99,25.04,28.05,83.46,20.19,99.08,2.22,141.9,25.28,36.62,0.65,0.62,22.27
2020-05-11,DA NANG,16.044,108.199,0.02,28.11,33.15,24.91,23.5,28.02,78.41,18.46,99.11,2.23,124.6,25.5,36.33,0.64,0.62,82.78
2020-05-12,DA NANG,16.044,108.199,0.26,27.34,31.4,24.32,24.08,27.51,83.78,19.04,99.2,2.09,120.2,23.94,36.57,0.64,0.62,86.49
2020-05-13,DA NANG,16.044,108.199,0.44,27.35,31.48,24.37,24.42,27.45,85.24,19.43,99.19,2.81,123.2,26.27,36.37,0.64,0.61,33.08
2020-05-14,DA NANG,16.044,108.199,0.05,27.59,32.57,24.03,23.28,27.67,79.35,18.19,99.06,2.58,136.5,25.97,36.09,0.63,0.61,46.19
2020-05-15,DA NANG,16.044,108.199,0.12,28.06,33.12,24.8,24.08,28.0,80.81,19.11,98.86,2.47,129.8,25.32,36.43,0.63,0.6,62.52
2020-05-16,DA NANG,16.044,108.199,0.73,28.4,34.07,25.29,24.27,28.35,80.48,19.38,98.78,2.31,129.4,26.59,36.55,0.63,0.6,40.14
2020-05-17,DA NANG,16.044,108.199,0.35,28.96,34.15,25.9,24.51,28.88,78.98,19.7,98.64,2.03,138.0,25.37,37.8,0.63,0.6,68.15
2020-05-18,DA NANG,16.044,108.199,3.95,27.88,31.2,26.32,24.89,27.73,84.35,20.09,98.69,2.03,204.1,21.86,37.92,0.66,0.6,70.88
2020-05-19,DA NANG,16.044,108.199,0.72,29.39,35.98,25.93,24.58,29.15,77.58,19.74,98.72,2.3,201.0,24.44,38.28,0.64,0.6,67.17
2020-05-20,DA NANG,16.044,108.199,0.82,28.25,31.33,26.14,25.09,28.04,83.41,20.31,98.8,1.61,232.3,22.5,38.54,0.64,0.6,99.11
2020-05-21,DA NANG,16.044,108.199,0.32,29.5,33.66,27.16,24.98,29.04,77.69,20.23,98.7,1.83,184.7,21.75,38.85,0.64,0.6,95.96
2020-05-22,DA NANG,16.044,108.199,1.96,29.75,33.28,26.86,25.22,29.2,77.6,20.48,98.76,1.8,209.5,18.92,39.02,0.64,0.6,99.44
2020-05-23,DA NANG,16.044,108.199,6.43,28.41,31.93,25.31,25.53,28.38,85.02,20.89,98.91,2.03,173.3,19.61,38.76,0.69,0.61,98.93
2020-05-24,DA NANG,16.044,108.199,0.72,28.27,31.87,26.17,25.0,28.28,83.3,20.14,99.08,1.79,141.4,21.16,38.17,0.65,0.61,93.87
2020-05-25,DA NANG,16.044,108.199,4.61,29.03,33.24,26.4,25.33,28.99,81.69,20.55,99.1,1.26,179.4,24.95,38.31,0.67,0.61,59.14
2020-05-26,DA NANG,16.044,108.199,4.76,29.38,33.23,26.22,24.98,29.25,78.72,20.16,99.07,1.49,195.0,25.19,38.85,0.66,0.61,66.35
2020-05-27,DA NANG,16.044,108.199,24.06,27.81,30.42,25.95,24.79,27.86,84.16,19.89,99.1,1.37,177.5,18.86,38.14,0.75,0.63,75.41
2020-05-28,DA NANG,16.044,108.199,4.5,27.98,30.91,25.91,23.92,27.86,79.5,18.88,99.13,1.23,151.0,18.86,37.75,0.72,0.66,95.0
2020-05-29,DA NANG,16.044,108.199,4.43,28.59,32.51,26.18,24.69,28.41,80.58,19.78,99.15,1.69,145.7,23.66,37.65,0.71,0.65,93.81
2020-05-30,DA NANG,16.044,108.199,1.69,28.5,32.19,25.61,24.82,28.46,81.45,19.9,99.24,1.77,159.8,24.85,37.93,0.69,0.65,58.62
2020-05-31,DA NANG,16.044,108.199,0.91,28.31,32.09,25.31,24.4,28.29,80.33,19.41,99.21,1.76,147.7,25.59,37.76,0.67,0.64,43.59
2020-06-01,DA NANG,16.044,108.199,0.83,28.8,33.09,26.43,24.61,28.75,79.36,19.69,99.14,1.61,137.6,26.56,37.19,0.66,0.63,52.62
2020-06-02,DA NANG,16.044,108.199,1.1,28.6,33.01,25.31,24.35,28.56,79.2,19.41,99.04,1.82,160.1,25.97,37.35,0.66,0.63,43.58
2020-06-03,DA NANG,16.044,108.199,0.49,28.36,32.23,25.49,23.84,28.49,78.3,18.87,98.95,2.22,142.1,25.29,37.49,0.65,0.62,46.02
2020-06-04,DA NANG,16.044,108.199,1.41,28.43,31.9,25.96,24.81,28.52,81.75,19.95,98.93,1.76,155.6,25.88,37.58,0.66,0.62,55.82
2020-06-05,DA NANG,16.044,108.199,0.11,28.96,33.51,26.22,24.6,28.93,78.57,19.73,98.87,1.77,171.3,25.09,37.66,0.64,0.61,85.38
2020-06-06,DA NANG,16.044,108.199,0.04,28.54,31.61,25.86,24.47,28.36,79.26,19.55,98.87,1.77,198.0,24.77,37.77,0.64,0.61,77.35
2020-06-07,DA NANG,16.044,108.199,0.04,28.93,34.07,25.07,23.6,28.85,74.99,18.66,98.78,2.18,213.8,24.33,37.69,0.64,0.6,91.35
2020-06-08,DA NANG,16.044,108.199,0.01,29.08,33.6,26.36,24.85,29.04,79.41,20.07,98.82,2.29,156.7,24.44,37.81,0.63,0.6,83.82
2020-06-09,DA NANG,16.044,108.199,1.87,28.96,33.46,26.0,25.25,28.97,82.06,20.53,98.88,2.36,130.2,24.1,37.78,0.64,0.6,77.08
2020-06-10,DA NANG,16.044,108.199,0.95,28.64,32.7,25.94,25.32,28.58,83.57,20.6,98.91,2.25,132.1,24.7,37.71,0.64,0.6,86.69
2020-06-11,DA NANG,16.044,108.199,0.37,28.52,32.1,25.61,24.61,28.58,80.86,19.8,98.78,2.03,130.4,25.61,37.19,0.62,0.59,54.48
2020-06-12,DA NANG,16.044,108.199,0.16,29.19,33.33,26.54,24.6,29.27,78.09,19.83,98.55,1.98,123.5,24.54,37.68,0.62,0.58,69.83
2020-06-13,DA NANG,16.044,108.199,0.98,28.95,32.37,26.6,25.54,28.93,82.66,20.91,98.57,1.88,125.9,20.13,38.58,0.62,0.58,92.44
2020-06-14,DA NANG,16.044,108.199,3.58,27.65,30.35,25.83,25.15,27.78,86.75,20.37,98.88,2.07,163.9,13.54,37.84,0.65,0.59,99.53
2020-06-15,DA NANG,16.044,108.199,4.47,27.6,30.5,25.32,24.78,27.81,85.32,19.89,99.07,2.56,148.2,14.2,38.14,0.66,0.59,99.81
2020-06-16,DA NANG,16.044,108.199,3.29,27.43,30.69,24.86,23.98,27.61,82.33,18.97,99.02,2.35,155.8,10.54,37.93,0.66,0.6,99.82
2020-06-17,DA NANG,16.044,108.199,1.94,27.6,30.84,24.93,23.76,27.61,80.29,18.71,98.97,1.75,177.0,17.92,37.63,0.65,0.6,64.45
2020-06-18,DA NANG,16.044,108.199,0.36,28.53,33.6,25.65,24.22,28.64,79.27,19.3,98.9,2.37,136.0,26.16,37.74,0.63,0.59,19.28
2020-06-19,DA NANG,16.044,108.199,0.45,29.0,33.42,26.21,24.88,29.14,80.42,20.1,98.92,2.44,123.4,25.56,37.97,0.62,0.59,41.35
2020-06-20,DA NANG,16.044,108.199,0.42,28.68,32.45,26.17,25.22,28.82,82.73,20.47,98.85,2.39,133.0,26.52,37.25,0.62,0.58,14.15
2020-06-21,DA NANG,16.044,108.199,0.52,28.8,31.82,26.44,25.09,28.68,81.02,20.33,98.72,1.96,173.8,26.79,37.29,0.62,0.58,20.75
2020-06-22,DA NANG,16.044,108.199,0.22,29.35,33.7,26.45,24.92,29.34,78.71,20.14,98.77,2.0,136.0,26.9,37.42,0.6,0.57,25.28
2020-06-23,DA NANG,16.044,108.199,0.44,29.25,33.92,26.33,24.74,29.17,78.3,19.91,98.87,1.67,140.6,26.14,37.65,0.6,0.57,50.67
2020-06-24,DA NANG,16.044,108.199,2.68,29.82,34.52,26.91,24.88,29.67,76.78,20.12,98.78,1.86,153.0,25.95,37.8,0.61,0.57,70.08
2020-06-25,DA NANG,16.044,108.199,0.91,28.85,33.17,25.75,25.23,28.76,81.97,20.51,98.75,2.06,152.6,23.97,38.01,0.62,0.57,99.44
2020-06-26,DA NANG,16.044,108.199,0.55,28.73,33.22,25.71,24.53,28.75,79.91,19.68,98.84,2.29,143.1,25.3,37.49,0.6,0.57,67.54
2020-06-27,DA NANG,16.044,108.199,0.18,28.45,32.69,25.68,24.71,28.64,81.39,19.85,98.85,2.42,125.6,25.82,37.47,0.59,0.56,64.61
2020-06-28,DA NANG,16.044,108.199,0.19,29.02,33.72,25.81,24.15,29.26,76.93,19.26,98.76,2.17,137.0,24.73,37.63,0.58,0.56,84.04
2020-06-29,DA NANG,16.044,108.199,0.41,28.76,33.08,26.23,23.9,28.86,76.5,18.96,98.68,2.01,119.3,22.16,37.93,0.58,0.56,93.4
2020-06-30,DA NANG,16.044,108.199,11.06,28.15,31.58,25.45,24.03,28.36,79.47,19.09,98.68,2.02,167.2,14.63,38.39,0.64,0.56,98.72
2020-07-01,DA NANG,16.044,108.199,2.98,27.76,30.52,25.14,24.33,27.86,82.59,19.5,98.63,1.83,195.7,18.5,38.38,0.65,0.58,97.52
2020-07-02,DA NANG,16.044,108.199,6.31,28.31,32.32,25.86,24.31,28.56,80.19,19.42,98.65,1.99,147.9,23.69,38.14,0.65,0.58,93.96
2020-07-03,DA NANG,16.044,108.199,8.77,28.48,31.83,25.99,24.55,28.51,80.25,19.68,98.81,1.71,118.5,23.77,37.89,0.67,0.58,87.94
2020-07-04,DA NANG,16.044,108.199,4.02,27.96,31.13,26.03,24.45,28.03,82.06,19.52,98.93,1.9,148.0,24.62,37.51,0.67,0.59,70.09
2020-07-05,DA NANG,16.044,108.199,0.67,27.96,31.3,25.71,24.62,28.14,83.12,19.76,98.76,2.17,135.3,26.42,37.32,0.64,0.59,14.56
2020-07-06,DA NANG,16.044,108.199,1.47,28.44,32.05,25.83,24.95,28.54,82.54,20.15,98.82,2.61,136.7,26.52,37.19,0.63,0.58,37.99
2020-07-07,DA NANG,16.044,108.199,1.4,28.51,32.17,24.84,24.25,28.44,78.89,19.3,98.99,2.2,167.2,26.82,37.15,0.63,0.58,26.44
2020-07-08,DA NANG,16.044,108.199,0.29,29.24,34.41,26.35,24.51,29.24,77.57,19.65,98.86,1.98,137.8,25.75,37.48,0.61,0.57,79.43
2020-07-09,DA NANG,16.044,108.199,0.47,29.39,34.05,26.28,24.27,29.3,75.9,19.42,98.67,2.08,159.2,25.26,37.62,0.6,0.57,84.96
2020-07-10,DA NANG,16.044,108.199,3.15,29.67,34.12,26.48,25.01,29.42,77.47,20.25,98.74,1.79,188.2,24.42,37.89,0.61,0.56,90.95
2020-07-11,DA NANG,16.044,108.199,1.72,28.3,31.81,25.88,24.95,28.34,82.94,20.13,98.84,1.79,142.3,23.86,37.54,0.63,0.57,56.87
2020-07-12,DA NANG,16.044,108.199,1.59,28.47,31.98,26.03,24.68,28.46,81.05,19.83,98.81,1.67,133.7,26.51,36.99,0.62,0.57,4.9
2020-07-13,DA NANG,16.044,108.199,0.82,28.68,32.44,26.3,24.81,28.63,80.71,19.97,98.89,1.8,81.1,25.88,37.1,0.6,0.56,21.86
2020-07-14,DA NANG,16.044,108.199,0.47,28.44,32.56,25.62,24.44,28.62,80.23,19.53,98.89,1.78,124.9,26.08,36.45,0.6,0.56,17.49
2020-07-15,DA NANG,16.044,108.199,0.31,28.52,31.42,26.5,24.62,28.73,80.28,19.74,98.83,1.8,105.8,26.87,36.97,0.59,0.56,28.1
2020-07-16,DA NANG,16.044,108.199,0.2,29.11,33.3,26.13,24.03,29.25,75.85,19.11,98.82,2.0,138.2,26.77,37.17,0.58,0.55,14.65
2020-07-17,DA NANG,16.044,108.199,0.3,29.27,33.51,26.18,24.35,29.5,76.5,19.44,98.93,2.16,132.9,26.35,37.14,0.58,0.55,37.54
2020-07-18,DA NANG,16.044,108.199,0.39,28.86,33.18,25.75,24.2,29.14,77.73,19.26,98.93,2.39,132.3,26.07,37.47,0.57,0.54,29.81
2020-07-19,DA NANG,16.044,108.199,0.08,29.18,33.86,26.05,24.35,29.34,77.0,19.44,98.85,2.33,125.4,25.95,37.5,0.57,0.54,44.11
2020-07-20,DA NANG,16.044,108.199,0.04,28.63,32.91,25.4,24.1,28.87,77.96,19.11,98.95,2.74,127.3,22.59,37.26,0.56,0.54,95.25
2020-07-21,DA NANG,16.044,108.199,0.05,27.89,31.38,25.16,23.87,28.19,80.16,18.84,99.06,2.91,126.1,24.74,36.82,0.56,0.54,33.86
2020-07-22,DA NANG,16.044,108.199,0.05,28.35,32.45,25.88,23.61,28.78,77.1,18.56,98.98,2.3,119.2,25.14,36.93,0.55,0.53,46.75
2020-07-23,DA NANG,16.044,108.199,0.11,27.69,30.49,25.23,24.33,27.98,82.73,19.36,99.02,1.96,123.5,26.57,36.65,0.56,0.53,19.02
2020-07-24,DA NANG,16.044,108.199,0.04,28.11,32.64,25.03,23.32,28.47,77.27,18.26,99.0,2.74,127.8,25.35,36.88,0.55,0.53,56.76
2020-07-25,DA NANG,16.044,108.199,0.07,28.35,32.68,25.29,23.34,28.78,76.21,18.31,98.94,2.52,132.5,25.67,36.79,0.55,0.53,33.24
2020-07-26,DA NANG,16.044,108.199,0.34,29.05,33.38,25.93,23.97,29.25,75.84,19.03,98.85,1.78,116.4,26.51,37.25,0.55,0.53,16.34
2020-07-27,DA NANG,16.044,108.199,3.44,28.96,33.26,25.94,24.42,29.19,78.48,19.57,98.79,1.9,134.5,26.74,37.41,0.58,0.53,28.34
2020-07-28,DA NANG,16.044,108.199,2.44,29.15,34.02,26.54,24.43,29.35,77.39,19.54,98.85,1.41,11.6,26.36,37.18,0.59,0.53,41.32
2020-07-29,DA NANG,16.044,108.199,0.51,29.06,33.14,26.27,24.29,29.35,77.0,19.39,98.82,2.23,6.4,26.78,37.04,0.57,0.53,40.97
2020-07-30,DA NANG,16.044,108.199,4.37,28.57,32.08,25.68,24.37,28.76,79.05,19.49,98.63,2.46,355.5,21.25,37.68,0.59,0.53,99.3
2020-07-31,DA NANG,16.044,108.199,21.49,26.44,29.04,24.77,24.23,26.87,88.0,19.43,98.25,4.98,284.4,4.31,38.17,0.71,0.55,99.46
2020-08-01,DA NANG,16.044,108.199,22.37,26.88,28.5,25.4,24.71,27.19,87.91,20.02,97.96,3.33,216.7,7.85,37.97,0.78,0.59,99.56
2020-08-02,DA NANG,16.044,108.199,5.02,28.57,32.21,25.41,24.62,28.55,80.22,19.86,98.25,2.79,180.3,16.59,38.53,0.68,0.6,98.02
2020-08-03,DA NANG,16.044,108.199,2.78,28.58,31.78,25.99,24.13,28.42,77.58,19.24,98.42,1.77,193.0,21.2,37.95,0.66,0.59,97.68
2020-08-04,DA NANG,16.044,108.199,3.57,28.69,31.83,26.82,24.8,28.77,80.49,20.03,98.59,1.58,137.6,17.76,37.83,0.65,0.58,99.61
2020-08-05,DA NANG,16.044,108.199,1.25,27.56,29.91,25.89,24.91,27.91,86.01,20.08,98.85,1.94,148.3,17.55,38.04,0.65,0.58,98.82
2020-08-06,DA NANG,16.044,108.199,1.82,27.95,30.7,25.91,24.82,28.2,84.04,19.99,98.88,2.36,122.8,22.39,37.09,0.65,0.58,77.83
2020-08-07,DA NANG,16.044,108.199,0.41,27.83,31.7,25.24,24.0,28.15,80.89,19.03,98.8,2.64,131.1,24.81,36.82,0.62,0.57,65.82
2020-08-08,DA NANG,16.044,108.199,0.64,28.48,32.4,26.04,24.06,28.83,78.09,19.11,98.69,2.08,135.4,25.61,36.99,0.61,0.56,28.86
2020-08-09,DA NANG,16.044,108.199,3.07,28.93,32.95,26.38,24.27,29.26,77.36,19.37,98.68,2.21,100.8,26.04,37.28,0.61,0.56,41.48
2020-08-10,DA NANG,16.044,108.199,8.51,29.33,33.56,26.36,25.1,29.61,79.31,20.34,98.69,2.3,163.0,26.41,37.74,0.64,0.56,42.57
2020-08-11,DA NANG,16.044,108.199,33.99,28.68,32.7,26.18,25.04,29.01,81.93,20.26,98.79,2.04,158.7,23.52,38.33,0.77,0.58,98.32
2020-08-12,DA NANG,16.044,108.199,20.18,28.16,32.11,25.7,24.58,28.46,81.93,19.69,98.9,2.3,151.6,19.23,38.01,0.77,0.62,99.03
2020-08-13,DA NANG,16.044,108.199,3.33,27.27,30.77,24.72,23.75,27.66,82.05,18.75,98.96,2.62,155.3,10.47,37.74,0.69,0.63,98.86
2020-08-14,DA NANG,16.044,108.199,2.27,27.2,29.84,25.16,23.45,27.59,80.7,18.35,98.98,2.06,152.3,10.26,37.71,0.67,0.61,98.11
2020-08-15,DA NANG,16.044,108.199,1.54,27.45,30.6,25.73,23.82,27.96,81.33,18.77,98.98,1.62,41.6,19.06,37.65,0.66,0.6,96.95
2020-08-16,DA NANG,16.044,108.199,10.05,27.89,31.57,26.02,24.14,28.26,81.3,19.19,98.88,1.5,65.6,24.51,37.38,0.7,0.6,76.48
2020-08-17,DA NANG,16.044,108.199,6.65,28.08,32.4,25.48,23.89,28.42,79.35,18.89,98.86,1.36,69.0,23.27,37.62,0.69,0.61,89.16
2020-08-18,DA NANG,16.044,108.199,7.02,27.93,31.5,25.7,23.79,28.33,79.53,18.8,98.77,1.94,120.4,22.42,37.63,0.69,0.61,87.91
2020-08-19,DA NANG,16.044,108.199,2.63,27.56,31.37,25.32,24.16,27.98,82.66,19.22,98.77,2.46,129.6,21.49,37.54,0.68,0.6,94.96
2020-08-20,DA NANG,16.044,108.199,1.92,27.13,30.67,24.93,23.13,27.6,79.55,18.0,98.96,1.91,128.1,11.88,37.31,0.66,0.6,99.25
2020-08-21,DA NANG,16.044,108.199,2.48,27.29,29.98,25.79,23.62,27.62,80.95,18.53,99.03,1.73,94.1,18.55,37.11,0.66,0.59,90.78
2020-08-22,DA NANG,16.044,108.199,7.08,27.87,31.17,25.58,24.36,28.41,82.29,19.41,98.99,2.05,107.3,23.28,37.53,0.69,0.6,81.18
2020-08-23,DA NANG,16.044,108.199,7.64,27.69,31.06,25.65,24.76,28.14,84.89,19.88,98.99,2.01,141.3,20.71,37.83,0.69,0.6,92.1
2020-08-24,DA NANG,16.044,108.199,0.49,28.21,31.37,24.95,24.12,28.25,79.2,19.13,98.93,1.8,194.4,21.38,37.53,0.66,0.6,83.91
2020-08-25,DA NANG,16.044,108.199,0.19,29.5,34.8,26.43,23.96,29.58,73.84,19.02,98.8,1.97,186.9,25.24,37.66,0.63,0.59,28.79
2020-08-26,DA NANG,16.044,108.199,5.57,29.74,33.11,26.61,24.84,29.58,76.19,20.06,98.64,1.9,247.4,22.65,38.23,0.65,0.58,83.17
2020-08-27,DA NANG,16.044,108.199,3.1,27.73,30.34,25.9,24.59,28.03,83.32,19.75,98.54,2.3,241.9,13.68,37.5,0.67,0.59,81.69
2020-08-28,DA NANG,16.044,108.199,2.38,28.71,32.91,25.06,24.2,28.59,77.86,19.38,98.57,1.94,218.8,25.32,37.33,0.66,0.59,54.76
2020-08-29,DA NANG,16.044,108.199,4.21,29.21,33.71,26.27,24.35,29.33,76.59,19.47,98.66,1.98,34.8,25.18,37.15,0.65,0.58,47.89
2020-08-30,DA NANG,16.044,108.199,0.8,28.84,32.7,25.74,24.1,29.03,76.91,19.16,98.76,1.73,82.8,24.41,37.03,0.64,0.58,35.52
2020-08-31,DA NANG,16.044,108.199,0.7,28.69,32.51,25.47,23.43,28.9,74.36,18.36,98.89,1.76,352.4,23.87,37.23,0.62,0.57,58.55
2020-09-01,DA NANG,16.044,108.199,5.26,29.01,32.68,27.22,24.35,29.4,77.1,19.43,98.9,2.21,3.7,22.11,37.63,0.64,0.57,72.61
2020-09-02,DA NANG,16.044,108.199,3.27,28.79,32.49,25.64,24.14,29.13,77.12,19.17,98.97,1.82,46.6,23.81,37.41,0.64,0.57,54.99
2020-09-03,DA NANG,16.044,108.199,0.18,29.04,33.91,25.95,23.94,29.53,75.95,18.94,99.03,2.25,109.0,23.78,36.92,0.6,0.56,84.01
2020-09-04,DA NANG,16.044,108.199,0.3,29.27,33.83,27.17,24.54,29.67,77.3,19.69,98.91,1.96,109.4,23.08,37.85,0.6,0.56,92.56
2020-09-05,DA NANG,16.044,108.199,0.36,28.75,31.59,26.62,24.68,29.2,79.38,19.81,98.83,2.14,207.3,24.12,37.67,0.6,0.56,34.34
2020-09-06,DA NANG,16.044,108.199,0.16,29.22,32.64,27.03,24.51,29.36,76.69,19.62,98.8,2.15,177.9,23.39,37.81,0.6,0.56,79.13
2020-09-07,DA NANG,16.044,108.199,1.09,29.78,33.27,26.94,24.16,29.6,72.93,19.19,98.93,1.25,218.0,21.3,38.0,0.6,0.55,94.08
2020-09-08,DA NANG,16.044,108.199,3.22,28.52,30.95,27.14,24.66,28.62,80.26,19.74,99.13,1.61,126.5,22.51,37.51,0.63,0.56,92.91
2020-09-09,DA NANG,16.044,108.199,0.49,27.74,29.9,25.43,24.68,28.1,83.77,19.78,99.01,2.04,139.1,22.64,37.31,0.62,0.56,89.83
2020-09-10,DA NANG,16.044,108.199,0.26,28.53,32.4,26.17,24.18,29.1,78.6,19.24,98.83,2.33,131.4,23.42,37.3,0.6,0.56,52.96
2020-09-11,DA NANG,16.044,108.199,0.19,28.88,32.63,26.33,24.57,29.36,78.58,19.65,98.99,2.24,121.9,24.86,37.23,0.59,0.55,16.52
2020-09-12,DA NANG,16.044,108.199,0.19,28.75,32.55,25.86,24.52,29.34,79.02,19.57,99.15,2.75,123.3,24.06,37.0,0.58,0.55,63.02
2020-09-13,DA NANG,16.044,108.199,0.52,28.51,31.82,25.96,24.27,29.16,78.97,19.29,99.16,3.12,121.4,24.55,36.74,0.58,0.54,60.57
2020-09-14,DA NANG,16.044,108.199,0.58,28.12,31.51,25.88,24.05,28.75,79.56,19.03,99.05,2.2,124.2,24.69,36.6,0.58,0.54,34.13
2020-09-15,DA NANG,16.044,108.199,0.51,28.87,33.27,26.03,23.51,29.33,74.64,18.52,98.94,1.76,112.2,24.91,36.81,0.56,0.54,62.01
2020-09-16,DA NANG,16.044,108.199,1.32,29.12,32.8,26.26,23.36,29.41,72.33,18.31,98.81,1.62,38.7,22.05,37.57,0.57,0.54,96.8
2020-09-17,DA NANG,16.044,108.199,81.24,26.71,28.61,24.91,24.54,27.2,88.23,19.79,98.32,5.91,306.5,3.61,38.37,0.84,0.58,99.0
2020-09-18,DA NANG,16.044,108.199,145.36,26.82,28.44,24.85,24.91,27.09,89.38,20.25,98.14,5.0,165.6,12.21,37.96,0.87,0.68,99.21
2020-09-19,DA NANG,16.044,108.199,11.02,27.86,31.3,25.67,24.38,28.16,82.39,19.47,98.91,2.95,144.9,13.38,37.95,0.77,0.68,99.65
2020-09-20,DA NANG,16.044,108.199,5.86,26.94,29.72,25.74,23.74,27.34,83.0,18.63,99.2,1.58,118.8,8.12,37.74,0.75,0.67,99.04
2020-09-21,DA NANG,16.044,108.199,3.81,27.73,30.41,25.97,24.3,28.02,82.18,19.29,99.14,1.85,99.8,12.51,37.32,0.72,0.66,62.19
2020-09-22,DA NANG,16.044,108.199,1.02,28.04,31.59,25.34,24.54,28.45,82.22,19.6,99.08,2.89,123.2,24.31,36.65,0.69,0.64,38.35
2020-09-23,DA NANG,16.044,108.199,0.01,28.13,32.06,25.71,24.14,28.48,80.07,19.12,99.11,3.06,120.3,23.45,36.37,0.66,0.62,81.02
2020-09-24,DA NANG,16.044,108.199,0.28,28.35,32.34,26.13,24.31,28.74,79.61,19.31,99.13,2.23,99.7,23.45,36.41,0.65,0.61,59.85
2020-09-25,DA NANG,16.044,108.199,2.14,28.24,32.61,25.28,23.47,28.63,76.68,18.38,99.02,2.11,59.4,23.52,36.71,0.66,0.6,67.93
2020-09-26,DA NANG,16.044,108.199,0.68,28.01,31.32,25.6,23.49,28.24,77.72,18.45,99.0,1.86,136.6,23.23,37.01,0.65,0.6,85.9
2020-09-27,DA NANG,16.044,108.199,1.08,27.22,29.36,25.94,24.44,27.65,85.21,19.49,99.0,2.36,119.2,19.36,37.32,0.65,0.59,98.91
2020-09-28,DA NANG,16.044,108.199,2.71,27.28,29.38,25.9,24.87,27.65,87.01,20.0,98.99,2.56,131.1,20.6,37.19,0.66,0.59,96.96
2020-09-29,DA NANG,16.044,108.199,6.8,26.87,28.76,25.65,24.48,27.15,86.88,19.55,98.91,1.55,333.8,19.66,37.5,0.71,0.6,97.36
2020-09-30,DA NANG,16.044,108.199,2.21,27.33,29.32,25.97,24.04,27.47,82.41,19.03,98.84,2.04,12.7,22.56,37.23,0.67,0.6,57.22
2020-10-01,DA NANG,16.044,108.199,4.64,27.36,29.19,26.1,25.06,27.65,87.44,20.24,98.88,2.43,84.7,15.24,37.36,0.69,0.6,96.67
2020-10-02,DA NANG,16.044,108.199,10.28,27.72,29.9,26.32,25.29,27.97,86.98,20.51,98.99,2.57,115.2,20.08,37.53,0.73,0.61,95.54
2020-10-03,DA NANG,16.044,108.199,8.27,27.23,29.42,25.91,24.64,27.43,86.01,19.7,99.12,1.95,127.1,7.81,37.55,0.73,0.62,99.42
2020-10-04,DA NANG,16.044,108.199,8.11,27.06,29.47,25.9,24.39,27.46,85.55,19.41,99.08,1.66,69.0,18.59,37.11,0.73,0.63,70.97
2020-10-05,DA NANG,16.044,108.199,16.62,27.22,29.28,25.83,24.15,27.52,83.6,19.14,99.11,2.83,32.7,18.93,37.59,0.74,0.63,85.81
2020-10-06,DA NANG,16.044,108.199,90.97,27.39,28.58,26.63,25.79,27.58,90.98,21.11,99.03,4.72,48.9,13.45,38.14,0.96,0.71,99.16
2020-10-07,DA NANG,16.044,108.199,228.71,27.29,27.89,26.81,26.04,27.5,92.81,21.46,98.89,6.9,73.2,3.19,38.37,1.0,0.82,99.4
2020-10-08,DA NANG,16.044,108.199,173.0,27.12,28.82,25.99,25.73,27.42,92.13,21.04,99.01,5.0,81.2,1.72,38.1,0.97,0.9,99.08
2020-10-09,DA NANG,16.044,108.199,250.88,26.92,27.96,26.06,25.36,27.11,91.08,20.57,99.04,6.75,61.0,4.75,38.23,0.99,0.93,99.36
2020-10-10,DA NANG,16.044,108.199,170.07,26.18,27.59,25.26,24.59,26.64,90.91,19.64,98.97,5.95,28.7,7.5,37.72,0.99,0.95,99.39
2020-10-11,DA NANG,16.044,108.199,121.24,26.14,26.94,25.52,25.05,26.45,93.73,20.3,98.59,5.14,56.9,3.24,37.68,0.96,0.95,99.4
2020-10-12,DA NANG,16.044,108.199,99.15,26.56,27.44,25.42,25.51,26.83,93.85,20.86,98.59,5.0,55.8,3.67,37.76,0.97,0.94,99.34
2020-10-13,DA NANG,16.044,108.199,16.29,25.63,27.26,24.49,23.65,26.06,88.89,18.63,98.68,3.39,330.5,7.8,37.51,0.9,0.91,99.53
2020-10-14,DA NANG,16.044,108.199,15.81,26.53,28.84,25.01,24.23,27.07,87.63,19.27,98.8,2.56,101.9,10.01,37.88,0.87,0.87,99.37
2020-10-15,DA NANG,16.044,108.199,62.18,26.39,27.91,25.71,24.75,26.76,90.8,19.86,98.91,3.12,92.4,6.57,37.63,0.96,0.88,99.36
2020-10-16,DA NANG,16.044,108.199,148.89,26.77,27.7,26.01,25.72,26.91,93.87,21.07,98.78,4.32,65.2,4.23,37.98,0.99,0.92,99.32
2020-10-17,DA NANG,16.044,108.199,103.79,26.51,27.65,25.46,25.27,26.61,92.86,20.53,98.76,5.86,70.0,2.73,37.84,0.98,0.95,99.28
2020-10-18,DA NANG,16.044,108.199,24.83,25.8,27.04,24.8,24.33,26.15,91.74,19.37,99.0,3.2,114.4,6.13,37.36,0.94,0.94,99.66
2020-10-19,DA NANG,16.044,108.199,36.65,26.72,30.05,25.46,24.55,27.1,88.48,19.6,99.13,3.37,65.4,5.21,37.46,0.95,0.94,99.44
2020-10-20,DA NANG,16.044,108.199,46.8,25.95,27.58,24.49,24.51,26.2,91.67,19.5,99.28,5.79,49.8,4.07,37.27,0.96,0.96,99.64
2020-10-21,DA NANG,16.044,108.199,5.27,24.1,26.48,22.34,21.37,24.73,84.8,16.09,99.35,5.53,356.6,14.17,35.43,0.92,0.95,99.29
2020-10-22,DA NANG,16.044,108.199,0.26,23.38,26.19,21.55,19.94,24.03,81.35,14.74,99.3,4.97,333.0,11.42,35.68,0.9,0.93,99.35
2020-10-23,DA NANG,16.044,108.199,0.04,23.49,26.27,21.4,19.75,23.9,79.84,14.56,99.33,4.03,336.6,11.21,35.81,0.9,0.92,99.63
2020-10-24,DA NANG,16.044,108.199,4.8,23.87,26.84,21.67,20.16,24.48,80.37,14.94,99.27,5.02,318.6,13.26,35.99,0.9,0.92,98.96
2020-10-25,DA NANG,16.044,108.199,18.45,24.1,26.13,22.31,21.68,24.61,86.54,16.44,99.13,3.84,287.2,5.52,36.68,0.92,0.93,97.69
2020-10-26,DA NANG,16.044,108.199,4.72,25.41,27.87,24.23,23.1,25.85,87.44,17.92,99.2,2.73,35.9,16.51,36.13,0.9,0.92,99.54
2020-10-27,DA NANG,16.044,108.199,66.17,24.84,26.4,23.94,22.62,25.16,87.77,17.46,98.89,7.11,346.7,11.98,36.53,0.94,0.93,99.64
2020-10-28,DA NANG,16.044,108.199,102.16,25.19,26.53,24.15,24.0,25.2,92.98,19.13,98.13,9.75,71.1,7.31,37.29,0.98,0.98,98.88
2020-10-29,DA NANG,16.044,108.199,15.95,25.62,28.8,24.16,23.89,25.81,90.51,18.79,99.28,4.03,116.3,17.99,37.02,0.94,0.97,79.8
2020-10-30,DA NANG,16.044,108.199,24.09,25.26,27.28,24.17,23.72,25.54,91.26,18.53,99.52,3.31,73.2,13.75,37.34,0.95,0.98,90.2
2020-10-31,DA NANG,16.044,108.199,14.8,25.29,27.74,23.66,23.49,25.53,89.89,18.27,99.57,4.52,60.4,13.54,37.04,0.95,0.98,93.09
2020-11-01,DA NANG,16.044,108.199,3.85,24.38,27.21,22.38,21.88,24.71,86.04,16.58,99.55,3.84,38.9,17.63,35.49,0.93,0.97,90.48
2020-11-02,DA NANG,16.044,108.199,2.47,24.04,26.21,22.75,21.06,24.42,83.7,15.72,99.65,3.54,25.6,16.99,35.28,0.93,0.96,91.96
2020-11-03,DA NANG,16.044,108.199,8.29,23.8,26.22,22.31,21.29,24.22,86.03,15.95,99.65,3.9,12.9,14.08,36.07,0.93,0.96,96.36
2020-11-04,DA NANG,16.044,108.199,20.31,23.64,25.94,22.6,21.48,24.16,87.83,16.15,99.58,4.2,10.7,10.39,35.92,0.94,0.96,99.27
2020-11-05,DA NANG,16.044,108.199,48.58,23.55,24.51,23.0,22.42,24.0,93.34,17.13,99.49,4.96,2.1,2.27,36.41,0.97,0.98,98.27
2020-11-06,DA NANG,16.044,108.199,47.62,24.77,26.75,23.21,23.24,24.9,91.18,17.99,99.61,5.31,55.8,10.36,37.28,0.98,1.0,96.39
2020-11-07,DA NANG,16.044,108.199,1.34,23.98,26.26,22.54,21.31,24.13,85.31,15.96,99.75,3.53,4.8,16.77,35.91,0.95,0.99,71.67
2020-11-08,DA NANG,16.044,108.199,7.21,24.21,26.1,22.97,21.69,24.29,86.08,16.35,99.68,4.72,9.8,9.35,37.38,0.95,0.98,99.36
2020-11-09,DA NANG,16.044,108.199,46.33,23.01,25.1,21.51,20.89,23.45,88.09,15.59,99.53,6.37,11.9,9.39,36.44,0.97,0.98,99.21
2020-11-10,DA NANG,16.044,108.199,92.15,23.52,24.65,21.63,22.57,23.83,94.39,17.33,99.45,6.96,33.1,3.28,36.69,1.0,1.0,98.86
2020-11-11,DA NANG,16.044,108.199,78.58,24.46,25.59,23.54,23.34,24.55,93.38,18.09,99.65,6.5,62.9,5.12,36.85,1.0,1.0,99.12
2020-11-12,DA NANG,16.044,108.199,7.85,23.13,25.56,21.27,20.9,23.4,87.25,15.59,99.74,4.52,18.9,12.96,35.82,0.98,1.0,80.58
2020-11-13,DA NANG,16.044,108.199,3.72,22.82,24.87,21.39,19.12,22.95,80.16,13.96,99.51,5.01,341.2,11.63,36.29,0.96,0.99,96.36
2020-11-14,DA NANG,16.044,108.199,67.86,22.72,23.53,22.01,21.13,23.07,90.84,15.95,98.88,9.8,307.4,4.15,36.87,0.99,1.0,99.18
2020-11-15,DA NANG,16.044,108.199,16.4,24.8,26.97,22.47,23.54,24.86,92.84,18.38,99.41,4.55,122.3,6.87,36.7,0.97,1.0,93.04
2020-11-16,DA NANG,16.044,108.199,4.64,24.39,26.8,22.59,22.99,24.4,91.88,17.74,99.55,3.28,87.5,11.5,37.21,0.96,0.99,82.92
2020-11-17,DA NANG,16.044,108.199,1.17,24.61,27.29,23.18,22.67,24.52,89.24,17.4,99.42,1.99,75.4,18.07,36.16,0.96,0.99,58.91
2020-11-18,DA NANG,16.044,108.199,0.32,24.94,27.83,23.47,22.96,24.85,89.02,17.74,99.32,1.71,50.4,14.42,36.4,0.95,0.98,53.82
2020-11-19,DA NANG,16.044,108.199,0.08,24.94,28.1,22.98,22.78,25.11,88.34,17.55,99.27,1.97,77.9,17.32,35.41,0.94,0.98,35.78
2020-11-20,DA NANG,16.044,108.199,0.03,24.63,27.94,22.3,22.43,24.83,87.94,17.17,99.36,2.28,101.2,18.65,34.54,0.93,0.97,16.71
2020-11-21,DA NANG,16.044,108.199,0.07,24.79,28.0,22.87,22.4,24.94,87.05,17.11,99.47,2.25,92.8,19.18,34.55,0.93,0.96,18.9
2020-11-22,DA NANG,16.044,108.199,2.95,24.7,27.66,22.89,22.23,24.8,86.53,16.9,99.65,2.55,51.6,18.4,34.92,0.93,0.96,31.38
2020-11-23,DA NANG,16.044,108.199,4.59,24.51,26.94,22.98,22.32,24.69,87.88,16.99,99.7,3.45,59.1,17.27,35.61,0.92,0.96,45.12
2020-11-24,DA NANG,16.044,108.199,4.91,24.5,26.95,23.08,22.48,24.65,88.73,17.16,99.7,3.95,67.1,16.63,35.74,0.92,0.95,64.24
2020-11-25,DA NANG,16.044,108.199,5.73,24.21,26.75,22.46,22.04,24.38,87.95,16.71,99.68,3.61,61.3,14.24,36.11,0.92,0.95,83.83
2020-11-26,DA NANG,16.044,108.199,9.93,24.39,26.88,22.98,22.28,24.51,88.17,16.93,99.79,4.4,63.3,9.72,36.16,0.92,0.95,75.7
2020-11-27,DA NANG,16.044,108.199,14.76,24.08,26.18,22.76,21.96,24.35,88.21,16.59,99.85,5.4,44.1,15.68,36.3,0.93,0.95,81.93
2020-11-28,DA NANG,16.044,108.199,41.98,22.91,24.67,21.55,21.36,23.4,90.96,16.0,99.82,6.43,31.9,3.6,36.62,0.96,0.97,99.74
2020-11-29,DA NANG,16.044,108.199,50.3,21.74,22.65,21.07,20.32,22.45,91.59,14.98,99.91,6.26,16.9,2.8,36.18,0.98,0.99,99.15
2020-11-30,DA NANG,16.044,108.199,60.58,22.24,23.03,21.46,20.88,22.77,91.98,15.53,99.89,6.02,29.8,2.75,36.33,0.99,1.0,99.42
2020-12-01,DA NANG,16.044,108.199,33.34,23.1,24.7,21.75,21.5,23.37,90.61,16.13,99.85,5.75,56.9,4.43,36.51,0.98,1.0,98.89
2020-12-02,DA NANG,16.044,108.199,5.57,22.24,24.35,20.73,19.77,22.62,85.98,14.48,99.88,4.58,50.7,11.16,36.27,0.96,0.99,95.7
2020-12-03,DA NANG,16.044,108.199,5.64,21.23,23.93,18.78,18.15,21.78,82.69,13.08,99.92,4.64,35.6,12.43,35.76,0.96,0.98,92.45
2020-12-04,DA NANG,16.044,108.199,6.63,19.84,22.3,18.64,17.04,20.77,84.07,12.18,99.93,4.25,15.1,12.44,34.92,0.95,0.98,92.26
2020-12-05,DA NANG,16.044,108.199,3.98,19.6,21.39,18.69,17.16,20.55,86.0,12.28,99.98,3.89,7.5,7.0,35.45,0.95,0.98,99.27
2020-12-06,DA NANG,16.044,108.199,3.48,20.81,22.94,19.64,18.64,21.61,87.63,13.49,99.91,3.48,14.6,4.7,35.82,0.94,0.98,99.68
2020-12-07,DA NANG,16.044,108.199,7.21,21.65,23.47,20.46,19.77,22.11,89.06,14.48,99.94,4.5,24.6,8.12,36.02,0.94,0.97,99.62
2020-12-08,DA NANG,16.044,108.199,2.4,20.81,22.84,19.28,18.22,21.43,85.29,13.13,99.85,3.6,0.4,8.31,35.59,0.94,0.97,99.28
2020-12-09,DA NANG,16.044,108.199,0.65,20.96,23.17,19.69,18.47,21.61,85.75,13.37,99.65,3.26,358.3,4.82,36.05,0.93,0.97,99.62
2020-12-10,DA NANG,16.044,108.199,2.23,21.73,23.36,20.91,20.31,22.23,91.78,15.03,99.59,3.16,350.9,3.76,36.51,0.93,0.96,99.66
2020-12-11,DA NANG,16.044,108.199,2.27,22.94,24.85,22.04,21.72,23.19,92.92,16.4,99.51,3.12,14.5,5.26,36.67,0.93,0.96,99.67
2020-12-12,DA NANG,16.044,108.199,3.18,23.79,26.42,22.52,22.32,23.59,91.64,17.05,99.35,2.38,55.0,7.25,36.77,0.93,0.96,98.32
2020-12-13,DA NANG,16.044,108.199,3.46,24.24,26.97,22.88,22.77,24.02,91.74,17.54,99.32,2.31,84.2,8.59,36.59,0.92,0.96,90.83
2020-12-14,DA NANG,16.044,108.199,9.78,24.07,26.73,22.14,22.63,24.01,91.84,17.36,99.57,2.94,62.3,7.55,37.08,0.93,0.96,98.78
2020-12-15,DA NANG,16.044,108.199,13.26,23.25,25.56,21.79,21.58,23.34,90.42,16.21,99.85,4.65,58.1,8.48,36.76,0.93,0.96,94.02
2020-12-16,DA NANG,16.044,108.199,13.79,21.57,23.35,20.32,19.94,22.03,90.41,14.63,99.93,5.38,32.4,6.11,35.92,0.94,0.96,99.04
2020-12-17,DA NANG,16.044,108.199,9.17,21.12,22.86,20.16,19.42,21.73,90.05,14.17,99.86,4.94,32.9,12.02,35.12,0.93,0.96,91.79
2020-12-18,DA NANG,16.044,108.199,16.92,20.42,22.44,19.29,18.66,21.24,89.62,13.49,99.98,5.09,16.9,5.49,35.42,0.94,0.96,99.35
2020-12-19,DA NANG,16.044,108.199,12.94,19.04,20.64,17.75,17.09,20.19,88.48,12.19,100.13,5.42,8.1,4.23,34.52,0.94,0.97,99.15
2020-12-20,DA NANG,16.044,108.199,10.69,18.27,18.81,17.78,16.3,19.49,88.3,11.59,100.13,5.36,5.9,5.26,34.03,0.94,0.97,98.83
2020-12-21,DA NANG,16.044,108.199,6.11,18.12,19.09,17.53,16.09,19.29,87.95,11.46,99.97,4.85,358.3,4.35,34.16,0.93,0.97,98.81
2020-12-22,DA NANG,16.044,108.199,2.34,19.33,20.72,18.58,17.75,20.23,90.74,12.79,99.71,4.02,357.9,5.04,34.56,0.93,0.96,98.07
2020-12-23,DA NANG,16.044,108.199,2.49,21.69,23.31,20.44,20.57,22.08,93.47,15.29,99.51,3.83,1.5,6.98,35.74,0.93,0.96,98.77
2020-12-24,DA NANG,16.044,108.199,4.3,21.55,23.64,20.13,20.22,22.02,92.21,14.94,99.62,3.91,16.1,4.29,36.12,0.93,0.96,99.82
2020-12-25,DA NANG,16.044,108.199,2.48,21.84,23.75,20.63,20.41,22.12,91.66,15.1,99.67,3.25,48.3,6.17,36.08,0.92,0.96,99.43
2020-12-26,DA NANG,16.044,108.199,0.42,22.53,25.47,20.78,20.79,22.61,90.22,15.48,99.57,2.72,85.5,8.35,36.14,0.92,0.95,95.65
2020-12-27,DA NANG,16.044,108.199,0.27,22.76,25.78,21.06,20.41,22.54,86.72,15.13,99.52,2.13,91.5,8.76,36.29,0.91,0.95,94.13
2020-12-28,DA NANG,16.044,108.199,0.01,22.13,25.61,19.39,19.28,21.82,84.33,14.11,99.44,1.69,88.1,18.14,32.36,0.91,0.94,21.35
2020-12-29,DA NANG,16.044,108.199,1.86,22.51,25.05,20.76,20.13,22.34,87.06,14.88,99.6,1.95,33.4,18.49,33.47,0.91,0.94,50.19
2020-12-30,DA NANG,16.044,108.199,9.22,20.0,23.35,17.6,17.71,20.44,86.6,12.76,100.07,5.67,33.0,13.03,34.05,0.92,0.94,84.83
2020-12-31,DA NANG,16.044,108.199,12.0,17.94,19.43,16.55,15.58,18.87,86.06,11.06,100.22,5.61,31.0,10.3,33.52,0.92,0.94,95.1
2021-01-01,DA NANG,16.044,108.199,0.57,17.35,18.39,16.78,14.48,18.36,83.4,10.32,100.17,4.29,19.1,12.49,33.67,0.91,0.94,82.63
2021-01-02,DA NANG,16.044,108.199,0.27,18.18,19.65,17.29,15.32,18.87,83.57,10.91,100.0,2.88,11.1,4.83,36.07,0.9,0.94,99.39
2021-01-03,DA NANG,16.044,108.199,2.07,20.07,22.1,19.11,18.31,20.64,89.83,13.21,99.92,3.68,17.3,4.0,35.8,0.9,0.93,99.55
2021-01-04,DA NANG,16.044,108.199,3.11,20.84,22.5,19.94,19.6,21.23,92.62,14.33,99.87,4.07,22.5,5.06,35.83,0.9,0.93,98.97
2021-01-05,DA NANG,16.044,108.199,3.29,21.58,23.93,20.13,20.1,21.9,91.35,14.78,99.83,3.7,41.5,4.48,36.23,0.9,0.93,99.76
2021-01-06,DA NANG,16.044,108.199,4.05,21.38,23.64,19.96,19.66,21.56,90.04,14.41,99.7,3.63,55.1,5.13,36.16,0.9,0.93,99.62
2021-01-07,DA NANG,16.044,108.199,10.93,21.28,23.88,19.61,19.43,21.61,89.29,14.19,99.76,4.26,39.5,4.82,35.87,0.91,0.93,99.53
2021-01-08,DA NANG,16.044,108.199,14.0,18.05,20.47,16.36,16.1,19.15,88.38,11.48,100.08,5.48,19.2,3.98,34.76,0.92,0.94,99.67
2021-01-09,DA NANG,16.044,108.199,3.48,17.22,18.29,16.68,15.09,18.43,87.36,10.74,100.06,3.92,16.5,4.21,34.83,0.91,0.94,99.47
2021-01-10,DA NANG,16.044,108.199,4.05,17.68,19.32,16.68,15.82,18.79,88.98,11.26,100.04,3.96,12.9,3.91,35.09,0.91,0.93,99.36
2021-01-11,DA NANG,16.044,108.199,3.1,16.29,18.74,14.4,14.28,17.76,87.98,10.19,100.4,6.4,1.1,2.48,34.67,0.9,0.93,99.47
2021-01-12,DA NANG,16.044,108.199,0.1,14.41,16.17,13.13,10.19,15.57,76.03,7.79,100.22,3.73,350.8,5.31,33.92,0.9,0.93,97.13
2021-01-13,DA NANG,16.044,108.199,0.02,17.13,20.06,15.62,12.74,17.76,75.86,9.24,99.86,1.65,60.5,10.68,34.05,0.9,0.92,80.11
2021-01-14,DA NANG,16.044,108.199,0.01,19.06,22.37,17.38,15.13,19.11,78.32,10.8,99.7,1.47,81.2,6.27,35.44,0.89,0.92,87.85
2021-01-15,DA NANG,16.044,108.199,0.03,20.08,23.07,18.64,16.79,19.86,81.58,12.03,99.57,1.58,74.7,12.33,33.82,0.89,0.91,58.48
2021-01-16,DA NANG,16.044,108.199,2.01,20.47,23.58,18.76,17.85,20.76,85.37,12.85,99.68,2.47,46.7,18.82,32.99,0.89,0.91,57.75
2021-01-17,DA NANG,16.044,108.199,11.53,19.76,23.0,16.97,16.93,20.1,83.9,12.09,100.16,5.39,34.1,15.06,33.69,0.9,0.91,80.4
2021-01-18,DA NANG,16.044,108.199,1.54,16.88,18.83,15.9,13.69,17.84,81.54,9.8,100.1,3.58,13.7,8.49,34.31,0.89,0.91,96.02
2021-01-19,DA NANG,16.044,108.199,0.4,18.3,19.9,17.33,15.2,18.38,82.24,10.84,99.83,1.91,36.2,9.44,34.49,0.89,0.91,90.95
2021-01-20,DA NANG,16.044,108.199,0.63,20.48,23.63,18.4,18.18,20.52,87.15,13.14,99.64,1.91,28.2,13.86,35.19,0.88,0.9,86.09
2021-01-21,DA NANG,16.044,108.199,0.09,21.05,24.59,18.68,19.2,21.12,89.6,14.02,99.54,2.63,12.2,13.8,34.37,0.88,0.9,80.58
2021-01-22,DA NANG,16.044,108.199,0.14,20.63,24.35,18.24,18.56,20.92,88.29,13.48,99.54,3.12,347.8,10.8,34.43,0.88,0.89,83.72
2021-01-23,DA NANG,16.044,108.199,0.01,20.58,23.55,18.87,18.07,20.73,85.76,13.05,99.61,2.06,14.6,17.25,33.26,0.87,0.89,49.81
2021-01-24,DA NANG,16.044,108.199,0.0,20.85,24.89,18.28,18.53,21.12,87.18,13.44,99.6,2.37,118.5,19.76,32.28,0.87,0.88,18.42
2021-01-25,DA NANG,16.044,108.199,0.01,21.15,24.8,19.25,18.4,21.06,84.69,13.31,99.66,1.92,84.2,20.02,32.02,0.87,0.88,25.83
2021-01-26,DA NANG,16.044,108.199,0.66,21.01,24.17,18.96,18.79,21.1,87.66,13.64,99.68,2.58,47.6,14.19,34.65,0.86,0.87,71.09
2021-01-27,DA NANG,16.044,108.199,0.97,21.0,24.08,19.16,18.67,20.93,86.75,13.53,99.73,2.64,68.4,10.77,35.3,0.86,0.87,89.03
2021-01-28,DA NANG,16.044,108.199,1.03,20.43,23.03,18.15,18.09,20.42,86.65,13.01,100.03,3.66,46.4,12.08,33.75,0.86,0.87,69.32
2021-01-29,DA NANG,16.044,108.199,1.24,19.81,22.58,18.16,17.24,19.91,85.39,12.32,100.0,3.59,58.2,16.18,32.94,0.86,0.86,95.06
2021-01-30,DA NANG,16.044,108.199,2.69,20.73,23.59,18.92,18.71,20.88,88.52,13.54,99.9,3.41,68.3,13.35,34.17,0.86,0.86,95.41
2021-01-31,DA NANG,16.044,108.199,0.5,20.89,24.03,18.85,18.61,20.63,87.14,13.46,99.91,3.07,76.2,14.11,34.11,0.86,0.86,87.75
2021-02-01,DA NANG,16.044,108.199,0.08,21.16,24.17,19.31,18.29,20.9,84.09,13.18,99.9,1.88,49.5,18.36,32.86,0.85,0.85,48.82
2021-02-02,DA NANG,16.044,108.199,0.85,21.15,24.34,19.01,18.85,21.3,87.2,13.66,99.94,2.94,55.8,18.28,33.31,0.85,0.85,53.5
2021-02-03,DA NANG,16.044,108.199,0.96,20.78,23.92,18.81,18.27,20.78,85.97,13.16,99.98,3.15,57.9,20.4,32.08,0.85,0.85,38.85
2021-02-04,DA NANG,16.044,108.199,3.07,20.98,23.99,18.79,18.58,21.07,86.43,13.43,99.95,3.57,61.4,13.52,34.78,0.85,0.85,76.92
2021-02-05,DA NANG,16.044,108.199,1.79,20.74,23.86,18.63,18.13,20.74,85.38,13.06,99.86,2.79,58.1,17.12,32.97,0.85,0.84,50.56
2021-02-06,DA NANG,16.044,108.199,0.6,21.17,24.23,19.64,18.75,21.37,86.48,13.6,99.71,2.65,66.8,10.64,35.08,0.84,0.84,87.65
2021-02-07,DA NANG,16.044,108.199,0.88,21.93,24.99,20.22,19.76,22.06,87.92,14.5,99.68,2.43,65.8,18.12,34.18,0.84,0.83,83.04
2021-02-08,DA NANG,16.044,108.199,12.47,22.2,24.63,20.84,20.6,22.29,91.0,15.3,99.59,2.62,62.4,10.13,35.91,0.87,0.84,98.65
2021-02-09,DA NANG,16.044,108.199,11.37,21.36,25.68,17.59,19.71,21.74,90.66,14.64,99.44,4.38,2.1,11.94,36.06,0.88,0.85,98.88
2021-02-10,DA NANG,16.044,108.199,2.39,19.25,22.52,16.32,17.01,19.85,87.06,12.22,99.61,4.56,332.7,5.06,32.89,0.85,0.85,69.44
2021-02-11,DA NANG,16.044,108.199,0.05,18.61,22.58,15.68,15.49,19.25,82.66,11.06,99.74,3.68,340.1,21.48,30.46,0.84,0.84,39.58
2021-02-12,DA NANG,16.044,108.199,0.07,19.42,22.84,17.54,15.35,19.41,77.76,10.95,99.81,2.19,346.2,20.43,30.83,0.84,0.83,35.61
2021-02-13,DA NANG,16.044,108.199,0.03,19.92,23.49,17.52,15.43,19.49,75.69,10.99,99.81,1.45,64.7,19.59,31.53,0.84,0.83,37.07
2021-02-14,DA NANG,16.044,108.199,0.02,20.23,23.89,17.56,16.63,20.21,80.33,11.89,99.73,1.67,86.7,18.62,31.65,0.83,0.82,27.48
2021-02-15,DA NANG,16.044,108.199,0.0,19.93,24.57,16.27,17.12,20.15,84.98,12.29,99.57,2.52,130.2,21.43,30.85,0.83,0.82,15.56
2021-02-16,DA NANG,16.044,108.199,0.02,20.96,24.88,19.03,17.55,20.63,81.55,12.62,99.69,1.86,104.9,21.51,31.49,0.83,0.82,20.49
2021-02-17,DA NANG,16.044,108.199,1.33,20.99,24.32,19.14,18.18,21.35,84.52,13.08,100.02,3.06,44.9,19.32,33.68,0.82,0.81,53.08
2021-02-18,DA NANG,16.044,108.199,1.65,20.33,23.32,18.01,17.68,20.58,85.02,12.65,100.24,4.31,55.4,19.64,32.57,0.82,0.81,39.53
2021-02-19,DA NANG,16.044,108.199,0.63,19.95,23.27,17.74,16.58,20.26,81.24,11.81,100.19,3.43,51.7,21.22,31.65,0.82,0.81,34.51
2021-02-20,DA NANG,16.044,108.199,0.08,19.78,23.28,16.89,15.65,19.64,77.52,11.14,99.96,2.14,82.6,21.2,30.88,0.82,0.8,25.67
2021-02-21,DA NANG,16.044,108.199,0.0,19.55,23.82,15.97,16.26,19.76,82.13,11.62,99.74,2.54,121.6,21.95,31.15,0.81,0.8,30.43
2021-02-22,DA NANG,16.044,108.199,0.01,20.12,24.73,16.69,16.89,20.33,82.82,12.12,99.64,2.51,122.3,23.27,30.25,0.81,0.8,16.83
2021-02-23,DA NANG,16.044,108.199,0.02,20.51,24.48,17.07,17.07,20.76,81.27,12.27,99.54,2.13,95.0,21.51,31.27,0.81,0.79,24.55
2021-02-24,DA NANG,16.044,108.199,0.0,20.91,25.16,18.47,17.87,21.15,83.83,12.93,99.3,2.95,128.5,22.03,31.43,0.8,0.79,11.63
2021-02-25,DA NANG,16.044,108.199,0.0,23.31,27.78,20.68,20.47,23.28,85.21,15.29,98.99,2.85,133.2,21.53,33.1,0.8,0.79,7.17
2021-02-26,DA NANG,16.044,108.199,0.0,24.22,29.08,21.3,21.35,23.97,85.56,16.18,98.96,2.54,121.7,19.42,34.48,0.8,0.78,26.48
2021-02-27,DA NANG,16.044,108.199,0.08,23.89,27.78,21.29,21.95,23.9,89.67,16.69,99.22,3.2,109.7,16.54,35.17,0.8,0.78,54.29
2021-02-28,DA NANG,16.044,108.199,0.02,24.1,27.56,22.05,22.18,24.01,89.67,16.9,99.37,3.84,123.1,19.99,35.25,0.8,0.78,48.76
2021-03-01,DA NANG,16.044,108.199,0.2,24.87,28.75,22.87,22.82,24.66,88.99,17.54,99.58,2.53,108.9,20.89,36.2,0.79,0.77,70.35
2021-03-02,DA NANG,16.044,108.199,2.15,23.73,27.39,21.21,21.95,23.92,90.2,16.62,99.72,2.59,55.4,16.24,36.28,0.8,0.77,73.65
2021-03-03,DA NANG,16.044,108.199,0.44,23.33,26.5,21.32,21.39,23.5,89.39,16.03,99.75,2.89,91.4,11.49,35.97,0.79,0.77,67.97
2021-03-04,DA NANG,16.044,108.199,0.03,23.79,27.6,21.33,21.56,24.0,88.18,16.23,99.63,3.1,122.9,20.96,34.51,0.79,0.77,40.32
2021-03-05,DA NANG,16.044,108.199,0.12,24.38,28.66,21.57,21.87,24.33,86.75,16.58,99.49,3.33,135.9,24.1,34.06,0.78,0.77,27.45
2021-03-06,DA NANG,16.044,108.199,0.65,25.06,30.06,22.02,22.26,24.94,85.84,16.97,99.56,1.99,113.2,22.11,34.55,0.78,0.76,27.71
2021-03-07,DA NANG,16.044,108.199,0.21,24.25,27.91,21.72,21.71,24.32,86.18,16.36,99.72,2.64,104.8,18.07,34.83,0.78,0.76,43.92
2021-03-08,DA NANG,16.044,108.199,0.47,23.6,27.17,21.25,21.13,23.75,86.85,15.78,99.78,2.8,109.4,22.52,33.88,0.78,0.76,29.33
2021-03-09,DA NANG,16.044,108.199,0.58,23.51,27.14,21.3,20.84,23.53,85.8,15.49,99.79,2.94,107.7,22.35,33.74,0.77,0.75,23.59
2021-03-10,DA NANG,16.044,108.199,0.2,23.64,27.41,21.38,21.13,23.78,86.64,15.78,99.76,2.85,104.7,24.0,33.35,0.77,0.75,25.41
2021-03-11,DA NANG,16.044,108.199,0.06,23.86,27.27,21.95,20.69,23.6,83.06,15.34,99.82,1.96,75.8,23.7,33.59,0.77,0.75,23.0
2021-03-12,DA NANG,16.044,108.199,0.0,23.62,27.07,21.54,20.49,23.63,83.16,15.15,99.84,2.3,70.0,22.62,33.7,0.76,0.75,31.11
2021-03-13,DA NANG,16.044,108.199,0.0,23.32,26.96,21.02,20.12,23.49,83.05,14.82,99.73,2.36,63.6,21.69,34.27,0.76,0.74,41.38
2021-03-14,DA NANG,16.044,108.199,0.0,23.28,26.72,20.6,20.37,23.49,84.28,15.08,99.53,2.72,105.0,20.99,33.75,0.76,0.74,26.5
2021-03-15,DA NANG,16.044,108.199,0.0,23.56,27.82,20.89,20.82,23.76,85.67,15.54,99.36,3.13,126.1,21.5,34.07,0.76,0.74,28.58
2021-03-16,DA NANG,16.044,108.199,0.0,23.5,27.87,20.22,20.77,23.69,85.45,15.51,99.32,2.85,124.8,20.38,34.44,0.76,0.74,40.02
2021-03-17,DA NANG,16.044,108.199,0.0,23.4,27.91,20.24,20.86,23.64,86.7,15.6,99.31,2.72,126.1,23.73,33.31,0.75,0.73,44.08
2021-03-18,DA NANG,16.044,108.199,0.0,24.19,28.39,21.48,21.16,24.38,84.83,15.93,99.25,2.71,123.6,24.13,33.52,0.75,0.73,82.32
2021-03-19,DA NANG,16.044,108.199,0.0,24.61,28.99,21.75,22.12,24.79,87.0,16.89,99.13,2.8,123.7,24.08,34.08,0.75,0.73,19.85
2021-03-20,DA NANG,16.044,108.199,0.01,25.21,29.1,22.96,23.02,25.32,88.49,17.86,99.07,2.87,117.0,22.2,34.85,0.75,0.73,68.76
2021-03-21,DA NANG,16.044,108.199,10.45,24.83,28.03,22.6,22.41,25.0,86.92,17.11,99.53,3.67,49.0,20.43,35.08,0.78,0.73,68.82
2021-03-22,DA NANG,16.044,108.199,28.09,21.81,24.35,20.4,19.91,22.48,89.08,14.62,99.96,5.12,23.9,7.54,36.34,0.87,0.77,99.76
2021-03-23,DA NANG,16.044,108.199,5.0,22.41,25.4,20.76,19.95,22.97,86.27,14.65,99.8,3.41,44.7,7.18,36.64,0.8,0.77,99.29
2021-03-24,DA NANG,16.044,108.199,1.47,23.29,26.38,21.5,20.88,23.74,86.73,15.57,99.52,3.14,74.1,17.1,37.02,0.78,0.76,89.46
2021-03-25,DA NANG,16.044,108.199,0.65,24.16,27.49,21.88,21.96,24.28,88.28,16.66,99.43,3.13,102.7,21.94,35.45,0.77,0.75,47.61
2021-03-26,DA NANG,16.044,108.199,0.48,24.41,28.19,21.58,22.35,24.38,89.04,17.09,99.32,3.27,121.4,23.33,34.83,0.76,0.75,27.04
2021-03-27,DA NANG,16.044,108.199,0.0,25.07,29.44,22.42,22.71,24.95,87.62,17.5,99.11,2.92,129.6,22.22,35.03,0.76,0.74,84.58
2021-03-28,DA NANG,16.044,108.199,0.0,25.3,29.99,22.74,22.89,25.05,87.53,17.73,99.0,2.42,125.2,22.23,35.4,0.75,0.74,77.82
2021-03-29,DA NANG,16.044,108.199,0.0,26.51,32.14,23.2,23.21,26.23,83.74,18.13,98.79,2.34,134.5,22.45,35.68,0.75,0.73,50.98
2021-03-30,DA NANG,16.044,108.199,0.0,27.19,33.4,23.42,23.01,26.73,79.91,17.97,98.66,2.28,142.9,23.29,35.89,0.74,0.73,43.28
2021-03-31,DA NANG,16.044,108.199,0.12,27.28,33.84,24.58,23.54,26.93,82.2,18.54,98.65,2.31,141.5,21.79,36.63,0.74,0.72,58.05
2021-04-01,DA NANG,16.044,108.199,0.93,26.61,31.2,23.93,23.64,25.99,84.57,18.61,98.76,2.39,163.8,20.76,36.07,0.75,0.72,29.04
2021-04-02,DA NANG,16.044,108.199,2.96,26.64,31.33,23.65,23.96,26.49,86.48,18.92,98.98,2.36,116.8,15.12,36.8,0.75,0.72,79.33
2021-04-03,DA NANG,16.044,108.199,0.1,25.63,29.64,22.85,23.48,25.72,88.53,18.33,99.16,3.13,114.2,24.52,35.08,0.74,0.72,29.19
2021-04-04,DA NANG,16.044,108.199,0.19,25.09,28.94,22.31,22.48,24.96,86.33,17.22,99.4,2.72,100.8,24.43,34.19,0.73,0.72,19.69
2021-04-05,DA NANG,16.044,108.199,0.11,24.75,28.11,22.42,22.06,24.7,85.69,16.74,99.55,2.45,79.3,24.16,34.04,0.73,0.71,24.11
2021-04-06,DA NANG,16.044,108.199,2.82,24.93,28.26,22.9,22.35,25.05,86.45,17.05,99.6,2.55,78.5,22.78,34.93,0.74,0.71,27.0
2021-04-07,DA NANG,16.044,108.199,1.19,25.18,28.58,22.93,22.69,25.35,86.7,17.43,99.43,2.79,99.9,22.09,34.97,0.73,0.71,24.18
2021-04-08,DA NANG,16.044,108.199,0.31,25.1,28.95,22.49,22.26,25.18,85.03,17.0,99.33,2.3,106.2,24.33,34.37,0.72,0.71,8.07
2021-04-09,DA NANG,16.044,108.199,1.95,25.18,28.46,23.13,22.11,25.36,83.7,16.8,99.48,2.34,76.7,24.65,35.01,0.73,0.71,25.09
2021-04-10,DA NANG,16.044,108.199,5.33,25.07,28.16,22.83,22.49,25.32,86.13,17.18,99.63,3.03,86.7,17.69,36.37,0.75,0.71,76.36
2021-04-11,DA NANG,16.044,108.199,0.66,25.22,28.77,22.86,22.61,25.43,86.17,17.3,99.68,3.29,102.8,19.71,35.35,0.73,0.71,46.29
2021-04-12,DA NANG,16.044,108.199,0.04,25.1,29.15,21.69,22.26,25.28,85.13,16.96,99.54,3.03,119.2,25.11,34.58,0.72,0.7,23.78
2021-04-13,DA NANG,16.044,108.199,0.01,25.05,29.42,21.67,22.15,25.38,84.93,16.86,99.41,2.85,122.2,25.32,34.62,0.71,0.7,45.91
2021-04-14,DA NANG,16.044,108.199,0.01,25.48,29.89,22.67,22.48,25.83,84.65,17.25,99.25,3.01,124.0,23.06,35.54,0.71,0.69,84.08
2021-04-15,DA NANG,16.044,108.199,0.05,25.82,29.61,23.13,23.23,26.03,86.41,18.05,99.17,2.87,124.3,21.56,35.86,0.71,0.69,65.29
2021-04-16,DA NANG,16.044,108.199,0.04,25.32,28.74,22.7,22.86,25.37,86.85,17.63,99.31,3.09,116.3,22.86,35.65,0.71,0.69,86.05
2021-04-17,DA NANG,16.044,108.199,0.04,25.11,29.01,22.61,21.85,25.18,83.03,16.55,99.51,2.03,108.6,22.62,34.96,0.71,0.69,94.71
2021-04-18,DA NANG,16.044,108.199,0.03,25.49,29.4,23.01,22.21,25.77,83.22,16.96,99.33,2.1,112.3,24.23,35.14,0.7,0.68,72.03
2021-04-19,DA NANG,16.044,108.199,1.11,25.69,29.22,23.48,23.19,25.86,86.67,18.01,99.15,2.7,132.9,23.84,36.45,0.71,0.68,67.65
2021-04-20,DA NANG,16.044,108.199,1.26,26.33,30.8,23.63,23.59,26.31,86.19,18.53,99.12,2.41,129.1,23.31,36.35,0.7,0.68,50.55
2021-04-21,DA NANG,16.044,108.199,0.38,26.46,30.13,24.05,23.77,26.63,86.01,18.68,99.18,3.01,122.0,24.0,36.16,0.7,0.68,50.75
2021-04-22,DA NANG,16.044,108.199,0.13,26.4,30.06,23.82,23.87,26.51,86.88,18.84,99.04,2.77,121.4,23.94,36.17,0.69,0.68,38.71
2021-04-23,DA NANG,16.044,108.199,0.15,26.71,30.5,24.4,23.83,26.65,85.37,18.8,98.95,2.46,132.5,23.15,36.58,0.69,0.67,41.38
2021-04-24,DA NANG,16.044,108.199,0.2,27.54,31.96,24.72,24.75,27.25,85.92,19.87,98.96,2.46,137.2,22.97,36.81,0.69,0.67,28.62
2021-04-25,DA NANG,16.044,108.199,0.49,27.64,32.07,25.13,24.79,27.41,85.84,19.9,99.04,2.33,118.9,20.9,37.33,0.69,0.67,76.32
2021-04-26,DA NANG,16.044,108.199,5.42,26.59,29.51,24.45,24.66,26.43,89.53,19.71,99.14,3.6,129.5,19.53,36.84,0.72,0.67,97.9
2021-04-27,DA NANG,16.044,108.199,2.0,25.36,28.34,22.95,23.15,25.25,88.16,17.95,99.43,2.49,128.2,13.54,36.53,0.71,0.68,93.85
2021-04-28,DA NANG,16.044,108.199,2.52,26.21,29.72,23.94,22.7,26.18,81.8,17.43,99.51,2.05,104.3,24.82,35.15,0.7,0.68,41.75
2021-04-29,DA NANG,16.044,108.199,13.76,26.03,29.27,23.73,22.89,26.04,83.45,17.64,99.45,1.8,33.4,23.34,35.93,0.77,0.69,65.17
2021-04-30,DA NANG,16.044,108.199,0.12,25.92,29.7,22.69,22.46,26.11,82.23,17.21,99.36,1.96,106.2,23.33,36.1,0.71,0.69,60.23
2021-05-01,DA NANG,16.044,108.199,0.02,26.87,30.43,24.96,23.75,27.07,84.02,18.62,99.34,2.65,109.5,24.25,36.47,0.7,0.68,68.69
2021-05-02,DA NANG,16.044,108.199,0.01,26.35,29.09,24.57,24.31,26.39,88.88,19.26,99.27,3.23,130.2,25.25,36.1,0.7,0.68,56.88
2021-05-03,DA NANG,16.044,108.199,0.0,26.77,30.7,24.18,23.73,26.78,84.6,18.65,99.12,3.12,132.4,25.5,35.73,0.69,0.67,74.59
2021-05-04,DA NANG,16.044,108.199,0.0,27.37,32.82,23.18,23.84,27.31,83.08,18.82,99.1,2.54,130.6,25.8,35.68,0.68,0.67,72.44
2021-05-05,DA NANG,16.044,108.199,0.01,27.21,31.73,24.73,23.88,27.28,83.55,18.83,99.23,2.97,114.0,24.18,36.26,0.67,0.66,88.28
2021-05-06,DA NANG,16.044,108.199,0.13,26.72,29.76,24.36,23.94,26.58,85.39,18.83,99.49,2.18,110.0,23.29,35.8,0.68,0.66,85.26
2021-05-07,DA NANG,16.044,108.199,0.0,26.15,30.21,22.8,22.89,26.22,83.61,17.7,99.39,2.07,133.1,23.6,35.21,0.67,0.65,61.83
2021-05-08,DA NANG,16.044,108.199,0.0,27.19,31.82,23.9,22.82,27.28,79.32,17.73,99.12,2.5,130.2,26.53,35.28,0.66,0.65,43.54
2021-05-09,DA NANG,16.044,108.199,0.01,27.97,32.96,24.62,23.65,27.82,79.33,18.6,99.0,2.35,140.6,26.35,35.94,0.66,0.64,47.1
2021-05-10,DA NANG,16.044,108.199,0.21,27.87,32.35,25.16,23.89,27.64,80.59,18.89,98.96,2.34,136.2,26.17,36.91,0.66,0.64,59.06
2021-05-11,DA NANG,16.044,108.199,0.05,28.56,33.27,25.51,24.77,28.45,81.6,19.9,98.91,2.16,130.9,23.55,37.51,0.66,0.64,79.3
2021-05-12,DA NANG,16.044,108.199,0.01,28.16,32.45,25.51,25.16,28.12,84.91,20.38,98.86,2.32,124.4,24.74,37.36,0.66,0.64,72.17
2021-05-13,DA NANG,16.044,108.199,0.0,28.0,31.98,25.43,24.85,27.93,84.24,20.01,98.85,2.89,124.2,25.93,36.86,0.66,0.63,34.18
2021-05-14,DA NANG,16.044,108.199,0.03,27.83,31.52,25.4,25.04,27.74,85.78,20.23,98.88,3.29,128.4,26.13,37.1,0.65,0.63,50.84
2021-05-15,DA NANG,16.044,108.199,0.01,27.47,30.88,24.92,24.92,27.22,86.68,20.07,98.93,2.61,141.0,26.51,36.68,0.66,0.63,26.88
2021-05-16,DA NANG,16.044,108.199,0.13,28.04,32.47,25.25,24.45,27.95,82.9,19.57,98.99,2.82,130.7,26.95,36.39,0.65,0.63,15.15
2021-05-17,DA NANG,16.044,108.199,0.19,27.85,30.62,25.61,25.35,27.74,86.92,20.58,99.02,3.16,132.1,26.97,36.59,0.65,0.63,42.99
2021-05-18,DA NANG,16.044,108.199,0.51,28.05,32.38,24.72,25.07,27.92,85.07,20.26,98.95,3.11,132.2,25.93,36.96,0.65,0.62,73.57
2021-05-19,DA NANG,16.044,108.199,0.34,28.5,33.77,25.23,24.68,28.3,81.44,19.82,98.85,2.8,133.3,25.88,37.03,0.64,0.62,45.87
2021-05-20,DA NANG,16.044,108.199,0.21,28.84,34.09,26.07,24.92,28.61,80.96,20.09,98.89,2.24,132.4,23.0,37.22,0.64,0.61,92.04
2021-05-21,DA NANG,16.044,108.199,0.51,28.93,33.27,26.43,25.28,28.63,81.98,20.55,98.83,1.97,143.2,24.5,37.19,0.64,0.61,11.42
2021-05-22,DA NANG,16.044,108.199,0.98,28.9,33.63,25.89,24.61,28.61,79.32,19.76,98.69,1.83,130.8,25.97,37.25,0.64,0.61,25.51
2021-05-23,DA NANG,16.044,108.199,1.98,28.12,31.9,25.66,25.1,27.89,84.78,20.35,98.79,1.65,120.6,25.89,37.35,0.66,0.61,35.49
2021-05-24,DA NANG,16.044,108.199,3.4,27.59,30.46,24.97,24.49,27.71,84.13,19.58,98.93,2.52,105.3,19.8,37.59,0.66,0.61,75.55
2021-05-25,DA NANG,16.044,108.199,1.7,27.3,30.01,25.69,24.51,27.26,85.56,19.62,98.9,2.57,138.7,22.39,37.18,0.66,0.62,57.9
2021-05-26,DA NANG,16.044,108.199,1.13,27.56,30.75,25.26,24.43,27.61,84.0,19.52,98.88,2.52,122.2,26.35,37.1,0.65,0.61,32.05
2021-05-27,DA NANG,16.044,108.199,1.0,27.97,30.94,26.03,25.22,27.97,85.74,20.44,98.94,2.87,130.5,19.73,37.81,0.65,0.61,71.62
2021-05-28,DA NANG,16.044,108.199,0.59,28.93,33.22,26.2,25.22,28.86,81.83,20.44,99.01,1.95,123.9,24.5,37.73,0.64,0.61,69.66
2021-05-29,DA NANG,16.044,108.199,0.32,29.56,33.87,27.2,25.4,29.3,79.84,20.69,98.91,1.6,131.6,26.19,37.72,0.64,0.6,59.35
2021-05-30,DA NANG,16.044,108.199,0.27,29.56,34.01,26.37,24.94,29.2,77.88,20.18,98.74,1.61,163.4,25.97,37.81,0.64,0.6,55.17
2021-05-31,DA NANG,16.044,108.199,0.03,29.79,34.3,27.31,25.13,29.49,77.44,20.4,98.7,1.75,214.5,25.79,37.73,0.63,0.6,63.36
2021-06-01,DA NANG,16.044,108.199,0.12,29.27,32.78,27.02,25.84,28.97,82.56,21.27,98.74,1.88,252.3,24.58,37.82,0.63,0.6,85.29
2021-06-02,DA NANG,16.044,108.199,0.02,29.81,33.23,27.34,26.17,29.49,81.85,21.7,98.72,1.69,137.9,23.84,37.66,0.63,0.6,89.19
2021-06-03,DA NANG,16.044,108.199,0.32,29.83,33.07,26.94,25.79,29.5,80.07,21.21,98.85,1.38,240.8,19.4,38.12,0.63,0.6,97.7
2021-06-04,DA NANG,16.044,108.199,5.62,29.21,33.77,26.72,25.81,29.01,83.33,21.24,98.82,1.97,317.7,23.01,38.19,0.66,0.6,94.91
2021-06-05,DA NANG,16.044,108.199,4.82,27.81,31.0,25.7,25.37,27.96,87.04,20.66,98.84,1.55,147.5,12.85,38.17,0.69,0.61,98.94
2021-06-06,DA NANG,16.044,108.199,2.81,28.99,32.82,26.4,24.7,28.8,78.74,19.87,98.71,1.69,179.6,22.34,37.94,0.66,0.61,95.9
2021-06-07,DA NANG,16.044,108.199,3.8,27.86,30.73,25.3,24.15,27.9,81.11,19.18,98.83,2.07,164.3,16.98,37.91,0.67,0.61,99.56
2021-06-08,DA NANG,16.044,108.199,11.68,27.51,30.48,25.47,23.66,27.63,80.21,18.62,98.87,1.74,159.6,15.94,38.02,0.7,0.62,99.89
2021-06-09,DA NANG,16.044,108.199,3.34,27.56,30.33,25.28,24.08,27.76,82.04,19.13,98.79,1.62,186.9,16.44,37.99,0.69,0.63,98.0
2021-06-10,DA NANG,16.044,108.199,2.49,28.13,31.44,25.92,23.98,27.98,78.92,19.05,98.6,1.32,244.3,22.88,37.86,0.68,0.63,94.77
2021-06-11,DA NANG,16.044,108.199,20.43,27.34,29.86,25.53,24.41,27.72,84.55,19.53,98.53,1.81,260.7,5.58,38.17,0.75,0.64,99.63
2021-06-12,DA NANG,16.044,108.199,10.61,26.62,28.68,24.76,24.06,26.86,85.86,19.17,98.52,2.63,215.4,4.07,37.6,0.75,0.67,99.11
2021-06-13,DA NANG,16.044,108.199,1.78,28.16,31.47,25.84,23.59,28.01,76.96,18.56,98.74,1.94,185.9,20.85,37.76,0.69,0.66,88.35
2021-06-14,DA NANG,16.044,108.199,1.39,28.02,32.23,25.37,23.69,28.2,78.6,18.72,98.75,2.17,170.7,22.42,37.41,0.68,0.65,68.49
2021-06-15,DA NANG,16.044,108.199,0.17,29.02,33.88,25.57,24.43,28.94,77.66,19.62,98.67,1.91,210.6,25.51,37.55,0.66,0.63,21.08
2021-06-16,DA NANG,16.044,108.199,0.28,28.49,31.77,25.61,24.44,28.46,79.34,19.52,98.89,2.01,209.0,23.52,37.68,0.66,0.63,43.51
2021-06-17,DA NANG,16.044,108.199,0.05,28.62,32.57,26.07,24.21,28.73,78.16,19.23,99.02,2.32,154.7,26.32,37.11,0.65,0.62,13.39
2021-06-18,DA NANG,16.044,108.199,0.05,29.59,33.76,26.04,24.67,29.52,76.23,19.8,98.95,1.77,185.2,26.53,36.94,0.65,0.61,8.67
2021-06-19,DA NANG,16.044,108.199,0.03,29.57,34.02,26.01,24.69,29.44,76.41,19.85,98.8,2.14,215.9,26.86,36.82,0.64,0.61,13.32
2021-06-20,DA NANG,16.044,108.199,0.01,30.11,35.09,26.44,24.61,29.92,74.12,19.8,98.65,2.09,224.7,26.63,37.06,0.63,0.6,41.95
2021-06-21,DA NANG,16.044,108.199,0.05,30.2,34.47,27.27,25.04,29.92,75.19,20.31,98.63,2.17,214.8,26.28,37.52,0.63,0.6,66.11
2021-06-22,DA NANG,16.044,108.199,0.47,29.04,32.89,26.22,25.05,29.2,80.24,20.26,98.81,1.91,188.5,22.45,37.77,0.64,0.6,96.91
2021-06-23,DA NANG,16.044,108.199,0.09,28.79,32.19,26.14,24.75,28.84,79.64,19.9,98.85,1.76,201.3,23.98,37.7,0.64,0.59,89.64
2021-06-24,DA NANG,16.044,108.199,1.19,28.84,32.18,26.76,24.42,28.96,78.02,19.52,98.79,1.55,129.3,24.48,37.52,0.64,0.59,85.45
2021-06-25,DA NANG,16.044,108.199,1.86,28.87,32.28,26.38,24.58,28.93,78.68,19.72,98.78,1.84,169.1,23.09,37.94,0.65,0.59,86.51
2021-06-26,DA NANG,16.044,108.199,0.22,29.01,32.35,26.26,23.97,28.64,74.9,18.96,98.96,1.67,204.1,22.98,37.41,0.64,0.59,48.41
2021-06-27,DA NANG,16.044,108.199,0.21,29.88,34.38,27.05,24.57,29.86,74.83,19.71,98.91,2.02,171.5,26.29,37.31,0.62,0.59,57.95
2021-06-28,DA NANG,16.044,108.199,0.18,29.69,33.45,26.19,24.52,29.44,74.84,19.64,98.79,2.0,213.9,25.28,37.56,0.62,0.59,81.87
2021-06-29,DA NANG,16.044,108.199,0.07,29.56,33.5,26.41,24.19,29.47,74.11,19.29,98.73,2.07,197.4,25.95,37.56,0.62,0.58,70.71
2021-06-30,DA NANG,16.044,108.199,0.01,28.93,32.92,25.53,24.05,28.92,75.86,19.09,98.82,1.92,190.5,25.28,37.55,0.62,0.58,90.28
2021-07-01,DA NANG,16.044,108.199,0.01,30.3,35.52,26.4,24.08,30.28,71.38,19.18,98.79,2.39,181.9,24.4,37.74,0.61,0.57,85.08
2021-07-02,DA NANG,16.044,108.199,0.03,30.25,35.08,27.24,24.84,30.24,74.39,20.03,98.84,1.97,164.8,25.65,37.8,0.6,0.57,65.36
2021-07-03,DA NANG,16.044,108.199,0.03,29.85,34.3,27.26,24.62,29.86,75.24,19.8,98.77,1.95,147.2,26.42,37.52,0.6,0.57,19.0
2021-07-04,DA NANG,16.044,108.199,0.07,30.17,34.18,27.46,24.8,30.1,74.42,20.0,98.74,1.52,108.6,25.76,37.6,0.6,0.57,59.82
2021-07-05,DA NANG,16.044,108.199,2.27,28.84,31.5,26.79,24.16,28.94,76.31,19.26,98.7,1.53,121.9,19.76,37.5,0.62,0.57,86.86
2021-07-06,DA NANG,16.044,108.199,11.6,28.27,32.19,25.94,24.2,28.77,79.89,19.31,98.62,2.81,326.7,9.21,37.82,0.69,0.58,98.77
2021-07-07,DA NANG,16.044,108.199,3.79,27.35,29.33,25.28,24.23,27.85,83.54,19.31,98.75,2.06,171.1,6.0,37.74,0.67,0.59,99.04
2021-07-08,DA NANG,16.044,108.199,1.7,27.38,30.52,25.08,24.26,27.9,83.78,19.29,98.91,3.82,127.0,19.04,37.57,0.64,0.59,49.37
2021-07-09,DA NANG,16.044,108.199,1.01,27.08,29.43,25.15,24.54,27.62,86.39,19.6,99.01,4.55,127.7,24.75,36.96,0.63,0.58,46.02
2021-07-10,DA NANG,16.044,108.199,1.03,27.3,30.1,25.39,24.29,27.75,84.26,19.29,99.08,3.88,125.4,24.72,36.93,0.62,0.58,30.45
2021-07-11,DA NANG,16.044,108.199,1.57,27.33,30.15,25.36,24.28,27.69,84.16,19.27,99.18,3.02,131.3,25.91,36.71,0.63,0.58,50.79
2021-07-12,DA NANG,16.044,108.199,1.51,27.47,30.52,25.11,24.49,27.81,84.64,19.55,99.09,3.03,128.9,25.2,36.85,0.63,0.58,48.95
2021-07-13,DA NANG,16.044,108.199,2.68,27.42,30.97,25.23,23.89,27.74,82.42,18.9,98.97,2.92,138.2,25.16,37.07,0.63,0.58,47.52
2021-07-14,DA NANG,16.044,108.199,1.07,27.65,31.25,24.56,24.41,28.05,83.71,19.49,98.93,3.7,129.7,26.48,36.57,0.62,0.57,17.25
2021-07-15,DA NANG,16.044,108.199,1.71,27.99,31.56,26.0,23.81,28.26,79.45,18.8,99.02,2.52,117.4,26.42,36.76,0.62,0.57,51.66
2021-07-16,DA NANG,16.044,108.199,2.32,27.58,30.19,25.35,24.04,27.78,81.69,19.03,99.0,1.65,55.7,23.6,36.93,0.63,0.57,53.74
2021-07-17,DA NANG,16.044,108.199,2.58,28.93,33.3,25.93,24.06,29.21,76.66,19.13,98.71,2.11,108.6,24.85,37.26,0.61,0.57,75.32
2021-07-18,DA NANG,16.044,108.199,6.67,28.49,31.49,25.9,24.62,28.41,80.3,19.8,98.55,1.57,235.2,24.16,37.54,0.65,0.57,84.28
2021-07-19,DA NANG,16.044,108.199,3.15,28.19,31.36,25.73,24.39,28.37,80.55,19.53,98.58,2.09,268.5,23.51,37.91,0.64,0.58,98.26
2021-07-20,DA NANG,16.044,108.199,1.4,28.24,31.15,25.96,23.79,28.08,77.41,18.8,98.65,1.9,247.6,21.13,38.13,0.63,0.58,97.5
2021-07-21,DA NANG,16.044,108.199,4.15,27.86,30.32,25.94,23.93,27.8,79.61,18.97,98.59,1.78,239.0,17.59,38.5,0.65,0.58,99.11
2021-07-22,DA NANG,16.044,108.199,4.58,27.69,30.78,25.23,23.88,27.71,80.31,18.93,98.51,2.82,249.5,17.96,38.25,0.65,0.58,99.02
2021-07-23,DA NANG,16.044,108.199,7.42,27.68,31.5,25.56,23.59,27.68,78.93,18.63,98.35,3.39,249.0,16.45,38.4,0.68,0.58,98.21
2021-07-24,DA NANG,16.044,108.199,1.27,27.68,30.86,25.33,22.63,27.62,74.56,17.57,98.33,3.42,241.2,18.61,38.6,0.63,0.58,95.1
2021-07-25,DA NANG,16.044,108.199,3.88,28.6,32.57,25.46,23.2,28.67,73.4,18.22,98.39,2.75,246.6,18.15,38.34,0.64,0.58,94.8
2021-07-26,DA NANG,16.044,108.199,0.19,29.14,33.74,25.63,23.96,29.1,74.86,19.08,98.39,2.55,247.6,24.13,37.98,0.61,0.57,55.09
2021-07-27,DA NANG,16.044,108.199,0.54,29.85,34.39,26.68,24.11,29.7,72.76,19.27,98.32,2.61,248.2,25.55,37.8,0.59,0.56,75.9
2021-07-28,DA NANG,16.044,108.199,1.98,29.77,33.29,27.19,25.05,29.56,76.93,20.39,98.32,2.08,242.4,22.91,38.54,0.6,0.56,88.76
2021-07-29,DA NANG,16.044,108.199,2.26,29.41,32.87,26.98,24.75,29.32,77.07,19.99,98.46,2.18,243.3,23.54,38.45,0.61,0.56,80.59
2021-07-30,DA NANG,16.044,108.199,4.07,29.63,33.22,26.79,25.22,29.4,77.99,20.54,98.55,2.16,241.3,19.66,38.75,0.63,0.56,93.46
2021-07-31,DA NANG,16.044,108.199,1.66,28.87,32.68,25.7,24.58,28.9,78.35,19.78,98.46,2.94,238.2,23.72,38.33,0.61,0.56,78.31
2021-08-01,DA NANG,16.044,108.199,1.08,28.98,32.94,26.24,24.32,29.02,76.81,19.47,98.38,3.01,247.6,21.05,38.31,0.6,0.56,99.44
2021-08-02,DA NANG,16.044,108.199,1.99,28.9,32.78,26.01,24.18,28.93,76.67,19.31,98.41,3.11,248.8,20.76,38.57,0.6,0.56,99.33
2021-08-03,DA NANG,16.044,108.199,0.91,29.05,32.76,26.46,24.42,29.01,77.02,19.56,98.5,3.1,255.5,20.0,38.44,0.59,0.55,97.48
2021-08-04,DA NANG,16.044,108.199,1.56,28.3,32.06,25.76,24.37,28.46,79.83,19.5,98.53,2.79,245.0,21.15,38.37,0.6,0.55,98.92
2021-08-05,DA NANG,16.044,108.199,3.38,28.54,32.82,25.84,24.2,28.7,78.48,19.3,98.52,3.48,241.4,20.23,38.22,0.6,0.55,95.26
2021-08-06,DA NANG,16.044,108.199,0.66,29.22,33.07,26.11,24.34,29.16,75.9,19.47,98.59,3.25,246.3,23.0,38.4,0.59,0.55,97.85
2021-08-07,DA NANG,16.044,108.199,0.59,30.21,34.88,26.32,24.86,30.04,74.42,20.08,98.68,2.05,233.0,23.3,38.27,0.58,0.55,98.64
2021-08-08,DA NANG,16.044,108.199,1.68,30.91,36.13,27.16,24.98,30.81,72.91,20.28,98.74,1.62,213.0,23.03,38.68,0.58,0.54,92.38
2021-08-09,DA NANG,16.044,108.199,0.86,30.56,35.31,27.43,25.4,30.7,75.54,20.76,98.64,1.66,195.2,22.32,39.06,0.58,0.54,97.72
2021-08-10,DA NANG,16.044,108.199,1.11,29.2,32.38,27.08,24.96,29.51,79.12,20.22,98.72,1.62,109.1,23.8,38.36,0.58,0.54,85.75
2021-08-11,DA NANG,16.044,108.199,1.57,28.54,30.72,26.36,24.57,28.57,79.51,19.63,99.03,1.92,186.6,23.31,38.15,0.59,0.54,92.47
2021-08-12,DA NANG,16.044,108.199,4.1,29.28,32.82,26.49,24.78,29.37,77.97,19.9,99.06,1.58,162.7,20.29,38.39,0.61,0.55,99.54
2021-08-13,DA NANG,16.044,108.199,0.89,28.04,30.72,26.1,23.9,28.4,78.66,18.88,98.81,2.01,206.7,23.97,37.81,0.6,0.55,82.39
2021-08-14,DA NANG,16.044,108.199,13.73,27.48,29.85,26.08,24.4,27.86,83.57,19.47,98.83,2.16,181.2,22.39,37.98,0.66,0.56,89.65
2021-08-15,DA NANG,16.044,108.199,3.25,27.46,30.41,24.87,23.31,27.72,78.85,18.19,99.17,2.14,192.4,21.55,37.76,0.68,0.57,85.24
2021-08-16,DA NANG,16.044,108.199,1.32,28.1,32.03,25.97,23.01,28.45,75.26,17.85,99.34,1.97,123.2,24.79,37.6,0.62,0.57,66.0
2021-08-17,DA NANG,16.044,108.199,1.17,28.71,32.26,25.59,23.78,29.09,75.99,18.7,99.18,2.02,134.4,26.43,36.64,0.61,0.56,9.87
2021-08-18,DA NANG,16.044,108.199,0.95,29.32,34.11,25.99,23.65,29.72,73.52,18.61,98.94,2.18,131.7,26.51,36.93,0.59,0.56,45.57
2021-08-19,DA NANG,16.044,108.199,1.36,29.41,35.01,26.24,23.58,29.74,73.41,18.59,98.97,2.23,125.4,23.98,37.23,0.59,0.55,92.42
2021-08-20,DA NANG,16.044,108.199,0.58,28.23,31.64,25.67,24.16,28.78,80.05,19.2,99.11,2.52,129.8,24.93,36.92,0.59,0.55,33.47
2021-08-21,DA NANG,16.044,108.199,1.05,28.94,34.33,25.77,23.7,29.44,75.5,18.67,99.0,2.39,135.3,26.14,36.73,0.57,0.54,48.82
2021-08-22,DA NANG,16.044,108.199,0.8,29.4,34.63,26.21,24.21,29.83,75.79,19.3,98.81,2.12,110.8,22.58,37.25,0.57,0.54,51.56
2021-08-23,DA NANG,16.044,108.199,1.64,28.98,33.04,26.11,24.79,29.24,79.3,19.96,98.77,2.19,273.9,25.83,37.29,0.58,0.54,26.37
2021-08-24,DA NANG,16.044,108.199,1.19,28.39,31.94,25.47,24.21,28.81,79.33,19.28,98.78,2.3,122.6,26.02,37.28,0.58,0.54,18.2
2021-08-25,DA NANG,16.044,108.199,2.05,28.42,31.94,25.7,23.74,28.87,77.47,18.78,98.81,2.57,121.4,24.27,37.5,0.58,0.54,35.11
2021-08-26,DA NANG,16.044,108.199,4.22,27.55,31.22,24.49,23.45,28.32,79.76,18.4,99.01,3.35,132.6,21.17,37.3,0.6,0.54,64.79
2021-08-27,DA NANG,16.044,108.199,4.31,26.77,29.43,24.9,23.6,27.45,83.41,18.52,99.07,3.09,126.0,23.53,36.7,0.62,0.54,79.22
2021-08-28,DA NANG,16.044,108.199,5.08,27.22,30.28,25.2,23.42,27.97,80.6,18.33,99.05,1.97,90.4,24.71,36.64,0.61,0.54,61.39
2021-08-29,DA NANG,16.044,108.199,24.39,27.08,29.57,25.65,24.77,27.77,87.62,19.88,99.05,3.12,84.0,15.83,37.71,0.77,0.57,97.61
2021-08-30,DA NANG,16.044,108.199,5.34,26.79,29.28,24.78,23.63,27.27,83.24,18.52,99.15,2.05,123.0,14.21,37.5,0.69,0.59,97.88
2021-08-31,DA NANG,16.044,108.199,3.51,26.79,29.32,25.17,23.55,27.45,82.87,18.43,99.14,1.57,124.3,11.52,37.2,0.67,0.59,90.66
2021-09-01,DA NANG,16.044,108.199,2.68,27.96,31.61,25.59,23.88,28.47,79.88,18.87,99.04,2.06,101.3,23.87,37.18,0.64,0.58,72.0
2021-09-02,DA NANG,16.044,108.199,10.03,26.83,29.41,25.57,24.08,27.26,85.24,19.09,98.97,1.77,134.7,15.95,37.44,0.69,0.58,98.74
2021-09-03,DA NANG,16.044,108.199,4.4,26.88,29.35,24.83,23.62,27.32,83.01,18.59,98.87,2.21,145.7,15.29,37.52,0.69,0.59,95.92
2021-09-04,DA NANG,16.044,108.199,3.51,27.36,30.58,25.39,24.1,27.75,83.15,19.12,98.93,1.82,152.2,14.08,37.53,0.66,0.59,98.96
2021-09-05,DA NANG,16.044,108.199,4.12,28.0,31.46,25.82,24.05,28.5,80.41,19.06,99.05,3.12,111.2,23.59,37.0,0.65,0.58,80.47
2021-09-06,DA NANG,16.044,108.199,6.68,27.15,29.14,25.82,24.65,27.62,86.45,19.7,99.12,2.17,78.4,22.67,37.33,0.68,0.58,84.1
2021-09-07,DA NANG,16.044,108.199,12.13,26.68,29.13,24.92,23.73,27.23,84.22,18.67,98.95,2.26,85.1,9.26,37.31,0.73,0.6,99.26
2021-09-08,DA NANG,16.044,108.199,20.43,26.76,28.38,25.62,24.79,27.26,89.13,19.92,98.91,4.21,120.9,19.06,37.23,0.75,0.61,75.54
2021-09-09,DA NANG,16.044,108.199,13.67,27.08,29.41,25.55,24.25,27.25,84.7,19.25,99.04,2.16,95.3,21.22,36.98,0.76,0.64,86.8
2021-09-10,DA NANG,16.044,108.199,162.74,26.54,28.86,24.57,24.12,27.01,87.1,19.2,98.77,5.29,304.9,2.8,37.52,0.89,0.68,99.31
2021-09-11,DA NANG,16.044,108.199,304.87,26.93,28.39,26.1,25.4,27.23,91.33,20.79,98.3,7.71,353.3,8.2,37.94,1.0,0.81,99.46
2021-09-12,DA NANG,16.044,108.199,118.71,26.88,27.9,26.24,25.49,27.23,92.04,20.88,98.35,4.7,5.4,10.84,38.43,0.95,0.89,97.61
2021-09-13,DA NANG,16.044,108.199,24.09,27.06,28.16,25.8,25.85,27.38,93.06,21.29,98.6,4.25,89.4,16.09,38.1,0.9,0.88,91.39
2021-09-14,DA NANG,16.044,108.199,8.04,27.46,30.04,25.54,25.29,27.76,88.41,20.5,99.08,3.11,125.3,21.65,37.54,0.84,0.83,83.99
2021-09-15,DA NANG,16.044,108.199,4.82,27.12,30.0,25.12,24.55,27.45,86.54,19.6,99.23,4.03,134.8,23.1,36.43,0.8,0.79,89.46
2021-09-16,DA NANG,16.044,108.199,2.09,27.18,30.09,25.14,24.39,27.56,85.5,19.42,99.14,2.77,128.3,22.62,36.24,0.77,0.76,68.46
2021-09-17,DA NANG,16.044,108.199,1.64,27.85,31.04,25.67,24.28,28.05,81.78,19.28,99.12,2.21,112.1,24.69,36.12,0.74,0.73,38.25
2021-09-18,DA NANG,16.044,108.199,1.3,27.48,30.4,25.5,23.31,27.61,78.78,18.19,99.19,1.69,133.1,20.83,36.43,0.73,0.71,89.12
2021-09-19,DA NANG,16.044,108.199,10.74,26.65,28.4,25.67,24.27,27.1,87.19,19.29,99.09,2.35,65.8,18.35,37.13,0.77,0.71,89.63
2021-09-20,DA NANG,16.044,108.199,9.92,26.74,28.81,25.4,24.73,27.11,88.82,19.8,99.06,3.27,106.6,17.73,37.22,0.77,0.71,88.49
2021-09-21,DA NANG,16.044,108.199,9.36,26.6,28.93,25.12,24.17,27.19,86.85,19.16,99.02,2.51,94.8,22.56,36.43,0.78,0.72,69.17
2021-09-22,DA NANG,16.044,108.199,10.49,26.23,27.9,25.27,24.42,26.66,89.78,19.44,99.05,2.86,101.0,20.31,36.77,0.78,0.72,86.28
2021-09-23,DA NANG,16.044,108.199,127.76,26.73,27.19,26.12,25.27,27.11,91.73,20.52,98.84,5.97,51.5,4.09,37.43,0.95,0.78,98.53
2021-09-24,DA NANG,16.044,108.199,18.29,26.59,28.68,25.36,24.87,26.85,90.36,20.0,98.95,5.84,121.5,16.77,37.43,0.86,0.82,96.66
2021-09-25,DA NANG,16.044,108.199,4.18,26.16,28.28,25.0,24.1,26.37,88.53,19.05,99.16,2.81,130.1,18.19,36.74,0.81,0.79,70.41
2021-09-26,DA NANG,16.044,108.199,4.03,26.19,28.75,24.37,23.47,26.66,85.39,18.33,99.18,1.93,95.8,22.94,36.02,0.79,0.77,33.69
2021-09-27,DA NANG,16.044,108.199,1.48,26.97,30.62,24.18,22.81,27.28,78.99,17.63,99.19,1.97,16.3,23.77,36.37,0.76,0.75,30.31
2021-09-28,DA NANG,16.044,108.199,2.87,27.19,29.85,25.9,23.92,27.29,82.51,18.84,99.14,2.09,22.2,21.03,36.84,0.76,0.74,66.12
2021-09-29,DA NANG,16.044,108.199,0.58,26.92,30.22,23.98,23.55,27.17,82.41,18.45,99.1,1.86,98.7,23.44,35.65,0.75,0.73,12.93
2021-09-30,DA NANG,16.044,108.199,0.56,27.28,31.48,24.57,23.32,27.66,80.29,18.2,99.14,2.09,113.8,24.26,34.93,0.74,0.72,7.19
2021-10-01,DA NANG,16.044,108.199,5.17,27.54,31.72,24.73,23.01,27.81,77.93,17.89,99.15,2.13,110.4,24.62,35.25,0.75,0.72,11.13
2021-10-02,DA NANG,16.044,108.199,13.94,27.31,31.09,24.4,23.6,27.83,81.25,18.52,99.17,2.63,114.2,23.56,35.97,0.8,0.73,67.15
2021-10-03,DA NANG,16.044,108.199,3.15,27.25,30.35,25.77,23.47,27.61,80.68,18.36,99.17,2.32,92.1,22.8,36.24,0.76,0.73,47.45
2021-10-04,DA NANG,16.044,108.199,19.39,27.03,28.97,25.59,24.86,27.24,88.16,19.98,99.08,2.8,35.0,11.79,37.66,0.83,0.75,96.98
2021-10-05,DA NANG,16.044,108.199,25.45,26.73,29.16,25.07,24.59,26.92,88.17,19.66,98.99,2.89,51.7,18.43,37.24,0.84,0.76,99.09
2021-10-06,DA NANG,16.044,108.199,122.14,26.69,27.76,26.02,25.58,26.97,93.57,20.94,98.6,3.99,6.8,2.66,37.74,0.98,0.83,99.25
2021-10-07,DA NANG,16.044,108.199,62.85,26.92,28.03,26.07,25.47,26.98,91.77,20.87,98.33,5.35,312.2,3.01,37.93,0.96,0.89,99.17
2021-10-08,DA NANG,16.044,108.199,45.49,25.79,27.41,23.99,24.23,26.07,91.07,19.38,98.36,5.74,287.3,8.66,37.74,0.94,0.9,99.65
2021-10-09,DA NANG,16.044,108.199,7.28,27.45,31.09,25.41,24.12,27.37,82.78,19.2,98.55,4.27,303.6,16.09,37.48,0.86,0.86,95.48
2021-10-10,DA NANG,16.044,108.199,10.55,27.93,31.36,26.11,25.19,28.15,85.95,20.48,98.63,2.96,108.0,18.37,37.75,0.86,0.84,94.29
2021-10-11,DA NANG,16.044,108.199,9.14,27.39,30.01,25.73,24.86,27.47,86.3,20.04,98.71,2.83,72.2,19.62,37.11,0.85,0.83,90.0
2021-10-12,DA NANG,16.044,108.199,19.59,24.91,28.03,23.26,22.59,25.54,87.09,17.5,98.67,6.0,326.6,13.14,36.54,0.88,0.84,99.17
2021-10-13,DA NANG,16.044,108.199,20.86,23.55,24.79,22.8,21.6,24.49,88.77,16.47,98.43,4.74,283.2,3.56,36.11,0.9,0.86,98.9
2021-10-14,DA NANG,16.044,108.199,4.75,26.7,30.75,24.67,22.77,27.14,80.52,17.69,98.73,2.23,65.6,14.24,37.73,0.85,0.84,97.01
2021-10-15,DA NANG,16.044,108.199,31.94,25.88,26.49,25.37,24.66,26.3,92.98,19.76,98.91,3.57,40.5,12.44,37.82,0.91,0.85,99.15
2021-10-16,DA NANG,16.044,108.199,178.64,26.28,27.26,25.7,25.21,26.59,93.77,20.41,98.95,6.58,27.6,6.95,37.97,0.99,0.91,99.43
2021-10-17,DA NANG,16.044,108.199,51.94,25.91,26.89,25.3,24.97,26.2,94.49,20.07,99.19,5.96,86.2,2.19,37.83,0.96,0.94,99.24
2021-10-18,DA NANG,16.044,108.199,12.74,25.96,27.29,25.32,24.4,26.1,91.1,19.32,99.54,2.84,92.5,5.74,37.54,0.92,0.93,99.6
2021-10-19,DA NANG,16.044,108.199,6.51,26.19,27.88,25.22,24.63,26.25,91.19,19.58,99.64,2.13,79.9,5.56,37.86,0.91,0.93,96.32
2021-10-20,DA NANG,16.044,108.199,1.25,26.24,28.91,24.76,24.04,26.42,88.05,18.91,99.54,1.96,95.1,16.77,37.33,0.9,0.92,87.18
2021-10-21,DA NANG,16.044,108.199,13.62,26.55,29.58,24.47,24.2,26.84,87.41,19.1,99.49,2.38,59.2,21.7,36.32,0.91,0.92,37.24
2021-10-22,DA NANG,16.044,108.199,94.35,25.58,28.22,23.68,23.7,26.02,89.5,18.49,99.68,4.7,39.6,10.12,37.38,0.98,0.95,97.75
2021-10-23,DA NANG,16.044,108.199,170.38,24.22,25.49,23.59,22.72,24.9,91.39,17.41,99.76,5.42,16.3,5.85,37.05,1.0,0.99,99.46
2021-10-24,DA NANG,16.044,108.199,48.38,23.82,24.94,23.04,22.05,24.32,89.84,16.71,99.7,5.4,13.1,7.71,37.05,0.98,1.0,97.78
2021-10-25,DA NANG,16.044,108.199,10.23,23.63,25.87,22.09,21.33,24.28,87.09,16.02,99.57,3.94,8.7,13.19,36.26,0.96,0.99,98.68
2021-10-26,DA NANG,16.044,108.199,44.34,24.85,26.64,23.62,23.02,25.31,89.75,17.79,99.43,4.59,7.1,11.72,36.71,0.97,0.99,99.34
2021-10-27,DA NANG,16.044,108.199,83.99,25.82,27.18,24.99,24.74,25.94,93.76,19.75,99.39,4.29,74.6,13.0,37.29,0.99,1.0,99.12
2021-10-28,DA NANG,16.044,108.199,9.37,25.18,26.54,24.44,23.96,25.34,92.93,18.81,99.56,3.11,99.8,5.8,37.13,0.97,1.0,99.33
2021-10-29,DA NANG,16.044,108.199,14.7,25.55,27.39,24.24,24.0,25.73,91.2,18.83,99.65,2.63,61.9,14.9,37.31,0.97,1.0,92.21
2021-10-30,DA NANG,16.044,108.199,17.36,25.68,28.02,24.2,23.95,25.73,90.41,18.79,99.63,2.93,90.2,13.21,37.38,0.97,0.99,97.89
2021-10-31,DA NANG,16.044,108.199,19.2,25.65,28.04,23.9,23.83,25.84,89.88,18.64,99.62,2.88,86.1,9.59,37.22,0.97,0.99,89.4
2021-11-01,DA NANG,16.044,108.199,6.63,25.34,27.87,23.63,23.28,25.36,88.57,18.04,99.63,3.0,90.8,14.61,36.36,0.96,0.99,48.36
2021-11-02,DA NANG,16.044,108.199,4.07,25.57,28.17,23.93,23.32,25.54,87.61,18.09,99.61,2.85,61.3,18.96,35.66,0.95,0.99,36.66
2021-11-03,DA NANG,16.044,108.199,5.6,25.63,28.17,23.87,23.16,25.72,86.5,17.92,99.52,2.3,53.6,18.76,36.11,0.95,0.98,51.76
2021-11-04,DA NANG,16.044,108.199,1.56,25.69,28.49,24.09,23.19,25.74,86.39,17.97,99.43,2.05,87.4,18.08,35.6,0.94,0.98,76.0
2021-11-05,DA NANG,16.044,108.199,0.06,25.82,28.89,23.72,22.69,25.84,83.22,17.47,99.21,2.11,100.6,19.79,35.16,0.93,0.97,29.88
2021-11-06,DA NANG,16.044,108.199,0.05,25.88,29.8,23.57,22.67,26.04,82.97,17.46,99.11,2.35,99.1,20.84,34.83,0.93,0.96,11.97
2021-11-07,DA NANG,16.044,108.199,14.01,25.76,28.47,24.3,22.54,25.9,82.83,17.28,99.31,2.55,42.5,20.04,36.04,0.93,0.96,53.49
2021-11-08,DA NANG,16.044,108.199,78.97,23.96,26.71,22.02,22.17,24.43,89.71,16.88,99.63,5.65,25.1,9.28,37.09,0.98,0.99,97.92
2021-11-09,DA NANG,16.044,108.199,16.96,22.39,24.13,21.46,20.04,23.19,86.76,14.75,99.79,4.25,4.2,6.43,36.78,0.95,0.99,98.64
2021-11-10,DA NANG,16.044,108.199,10.51,22.21,23.71,21.28,19.76,22.97,86.07,14.5,99.75,4.21,10.9,5.75,36.15,0.95,0.99,98.97
2021-11-11,DA NANG,16.044,108.199,2.54,23.19,24.9,22.23,20.76,23.66,86.3,15.44,99.64,3.54,34.9,5.45,36.46,0.94,0.98,99.2
2021-11-12,DA NANG,16.044,108.199,18.51,23.89,25.43,22.67,22.1,24.3,89.79,16.77,99.66,4.79,25.3,11.22,36.28,0.95,0.98,99.34
2021-11-13,DA NANG,16.044,108.199,27.41,22.64,23.58,22.03,20.61,23.12,88.33,15.29,99.69,4.73,18.0,6.15,36.43,0.96,0.99,99.49
2021-11-14,DA NANG,16.044,108.199,22.53,23.53,24.48,22.74,21.98,23.95,91.04,16.66,99.58,3.93,36.8,4.81,36.65,0.96,0.99,99.05
2021-11-15,DA NANG,16.044,108.199,16.57,24.24,25.75,23.3,22.81,24.37,91.68,17.55,99.44,3.96,58.6,7.84,36.78,0.96,0.99,97.51
2021-11-16,DA NANG,16.044,108.199,16.27,25.14,26.75,24.41,23.8,25.28,92.34,18.64,99.47,4.04,55.1,10.97,36.95,0.96,0.99,99.67
2021-11-17,DA NANG,16.044,108.199,23.25,25.2,26.74,24.28,24.09,25.26,93.56,18.96,99.51,4.39,51.1,11.34,37.13,0.97,0.99,98.5
2021-11-18,DA NANG,16.044,108.199,5.31,24.26,26.38,22.61,22.48,24.41,89.81,17.23,99.33,3.89,43.4,12.69,36.93,0.96,0.99,75.79
2021-11-19,DA NANG,16.044,108.199,0.31,24.37,27.29,22.55,21.89,24.44,86.36,16.63,99.18,2.26,90.8,16.3,36.19,0.95,0.98,54.59
2021-11-20,DA NANG,16.044,108.199,0.11,24.58,27.88,22.64,22.04,24.57,86.35,16.77,99.26,2.31,113.7,18.65,34.8,0.94,0.98,17.16
2021-11-21,DA NANG,16.044,108.199,2.47,25.06,28.02,23.08,22.91,25.04,88.25,17.68,99.4,2.44,88.7,18.29,35.3,0.94,0.97,27.66
2021-11-22,DA NANG,16.044,108.199,25.97,24.68,27.43,22.57,22.39,24.82,87.45,17.08,99.61,4.13,40.1,17.38,36.42,0.96,0.97,78.52
2021-11-23,DA NANG,16.044,108.199,22.49,22.85,24.92,21.33,20.89,23.33,88.72,15.54,99.8,5.48,36.3,6.41,36.31,0.96,0.99,94.63
2021-11-24,DA NANG,16.044,108.199,21.69,22.25,23.76,21.61,20.39,22.88,89.26,15.07,99.79,5.04,18.7,6.18,36.61,0.96,0.99,98.78
2021-11-25,DA NANG,16.044,108.199,5.16,21.97,24.1,20.82,19.45,22.57,85.75,14.21,99.76,3.69,15.6,8.29,36.22,0.95,0.98,95.99
2021-11-26,DA NANG,16.044,108.199,4.17,22.22,24.58,20.98,19.36,22.65,84.11,14.14,99.75,4.01,4.1,10.95,35.99,0.94,0.98,99.49
2021-11-27,DA NANG,16.044,108.199,18.16,23.22,24.6,22.46,21.54,23.55,90.25,16.18,99.73,5.68,27.2,8.75,36.56,0.95,0.98,99.14
2021-11-28,DA NANG,16.044,108.199,38.28,23.5,24.14,23.05,22.23,23.76,92.48,16.91,99.58,6.51,35.0,6.58,36.89,0.97,0.99,99.37
2021-11-29,DA NANG,16.044,108.199,49.5,23.34,24.37,22.38,21.8,23.48,91.03,16.48,99.61,6.21,30.6,6.06,36.59,0.98,1.0,99.23
2021-11-30,DA NANG,16.044,108.199,5.77,22.23,23.8,20.73,19.64,22.31,85.23,14.37,99.88,4.59,22.5,12.62,35.33,0.96,0.99,92.03
2021-12-01,DA NANG,16.044,108.199,4.82,20.93,23.36,19.55,17.89,21.51,82.92,12.87,99.96,4.13,18.6,9.72,35.59,0.96,0.99,90.88
2021-12-02,DA NANG,16.044,108.199,1.28,20.5,22.62,19.13,17.6,21.13,83.54,12.63,100.04,4.42,23.6,13.93,34.16,0.95,0.98,88.4
2021-12-03,DA NANG,16.044,108.199,0.54,19.65,22.49,16.91,15.16,19.78,75.5,10.83,100.08,3.92,20.6,15.63,32.74,0.94,0.97,63.41
2021-12-04,DA NANG,16.044,108.199,0.36,19.73,22.27,17.85,15.91,20.37,79.56,11.41,99.98,4.09,8.7,16.58,33.8,0.93,0.97,72.39
2021-12-05,DA NANG,16.044,108.199,1.08,20.75,22.49,19.62,18.63,21.25,87.76,13.5,99.88,4.88,15.2,3.76,36.32,0.93,0.96,98.9
2021-12-06,DA NANG,16.044,108.199,0.21,19.93,22.41,18.3,16.8,20.44,82.47,12.04,99.93,3.89,359.8,3.59,35.95,0.92,0.96,97.37
2021-12-07,DA NANG,16.044,108.199,1.67,20.36,22.57,18.88,17.52,20.97,84.47,12.61,99.91,3.57,6.8,12.1,35.35,0.92,0.95,88.59
2021-12-08,DA NANG,16.044,108.199,7.61,22.81,25.09,21.75,21.13,22.83,90.33,15.76,99.89,4.51,54.7,5.11,36.37,0.92,0.95,95.98
2021-12-09,DA NANG,16.044,108.199,3.73,22.23,24.99,20.21,19.73,22.23,85.95,14.44,100.03,4.28,63.6,16.37,34.31,0.92,0.95,61.09
2021-12-10,DA NANG,16.044,108.199,0.54,21.74,24.19,20.09,18.75,21.8,83.46,13.58,99.91,3.3,50.1,16.83,33.77,0.91,0.95,47.53
2021-12-11,DA NANG,16.044,108.199,8.25,22.48,24.81,21.2,20.45,22.72,88.47,15.1,99.9,3.85,38.3,13.21,35.74,0.92,0.94,87.63
2021-12-12,DA NANG,16.044,108.199,7.69,22.21,24.72,20.07,19.77,22.31,86.16,14.48,99.96,4.79,43.9,10.71,35.89,0.92,0.95,88.16
2021-12-13,DA NANG,16.044,108.199,7.24,21.74,23.55,20.95,19.74,22.1,88.49,14.45,99.86,4.54,38.6,11.66,35.31,0.91,0.94,92.09
2021-12-14,DA NANG,16.044,108.199,5.98,22.19,24.25,21.09,20.5,22.43,90.3,15.19,99.62,3.69,44.1,8.93,36.16,0.92,0.94,98.7
2021-12-15,DA NANG,16.044,108.199,1.35,22.92,25.37,21.45,21.29,22.92,90.68,15.97,99.51,2.81,52.9,6.0,36.65,0.91,0.94,99.11
2021-12-16,DA NANG,16.044,108.199,1.05,23.21,26.13,21.34,21.4,23.3,89.79,16.08,99.59,2.91,34.5,10.06,36.33,0.9,0.93,89.79
2021-12-17,DA NANG,16.044,108.199,11.02,22.9,25.2,21.43,20.94,23.02,88.85,15.59,99.77,4.66,30.0,7.5,36.23,0.91,0.93,98.78
2021-12-18,DA NANG,16.044,108.199,23.62,21.39,23.81,19.45,19.12,21.75,86.97,13.91,99.86,6.38,28.3,8.34,34.99,0.93,0.94,99.0
2021-12-19,DA NANG,16.044,108.199,30.68,19.28,20.26,18.76,17.79,20.29,91.2,12.83,99.64,7.25,331.4,3.09,34.67,0.96,0.96,99.14
2021-12-20,DA NANG,16.044,108.199,1.56,20.34,23.03,18.81,18.45,21.09,89.06,13.38,99.62,4.64,320.0,6.78,35.87,0.92,0.96,98.17
2021-12-21,DA NANG,16.044,108.199,0.44,20.68,23.08,19.18,18.46,21.22,87.24,13.37,99.72,3.48,341.0,8.09,36.04,0.92,0.95,98.79
2021-12-22,DA NANG,16.044,108.199,1.97,21.54,23.75,20.48,19.34,21.98,87.41,14.12,99.66,2.5,18.1,8.81,35.84,0.91,0.95,97.5
2021-12-23,DA NANG,16.044,108.199,1.46,21.81,23.68,20.66,19.99,22.0,89.47,14.71,99.6,2.18,74.7,6.21,35.93,0.91,0.94,99.39
2021-12-24,DA NANG,16.044,108.199,11.91,22.72,24.99,21.56,20.99,22.73,90.21,15.66,99.63,2.21,66.1,8.14,36.26,0.92,0.94,99.13
2021-12-25,DA NANG,16.044,108.199,64.79,22.89,24.78,21.71,21.61,22.86,92.49,16.25,99.78,4.45,73.1,5.38,36.37,0.97,0.97,99.52
2021-12-26,DA NANG,16.044,108.199,85.41,22.71,24.54,21.6,21.35,22.73,92.06,15.97,99.93,5.77,51.0,4.69,36.28,0.99,0.99,99.4
2021-12-27,DA NANG,16.044,108.199,66.06,20.89,22.3,19.72,19.79,21.27,93.46,14.48,100.12,5.83,19.7,4.21,35.75,0.99,1.0,99.16
2021-12-28,DA NANG,16.044,108.199,28.34,22.03,23.68,20.94,20.86,22.07,93.05,15.47,100.0,3.92,50.7,5.33,36.29,0.98,1.0,98.08
2021-12-29,DA NANG,16.044,108.199,9.51,22.46,24.54,21.21,20.87,22.53,90.81,15.47,100.11,4.39,49.0,7.65,36.47,0.97,0.99,95.38
2021-12-30,DA NANG,16.044,108.199,4.8,21.59,23.75,20.15,19.75,21.72,89.27,14.41,100.25,4.83,43.7,13.2,34.38,0.96,0.99,75.74
2021-12-31,DA NANG,16.044,108.199,3.12,21.5,23.67,20.43,19.36,21.64,87.77,14.06,100.17,3.98,53.3,10.43,35.58,0.96,0.99,91.93
2022-01-01,DA NANG,16.044,108.199,3.87,22.05,24.21,20.89,20.12,22.1,88.93,14.76,100.1,4.57,54.9,14.55,35.02,0.95,0.98,79.95
2022-01-02,DA NANG,16.044,108.199,4.18,21.65,23.61,20.43,19.67,21.73,88.55,14.36,100.0,4.65,58.0,9.86,35.05,0.95,0.98,90.31
2022-01-03,DA NANG,16.044,108.199,2.69,21.38,23.64,20.05,19.47,21.57,89.04,14.21,99.88,3.58,60.3,13.76,34.51,0.94,0.98,78.61
2022-01-04,DA NANG,16.044,108.199,1.03,22.06,24.66,20.65,20.3,21.99,90.01,14.99,99.75,2.7,51.1,10.02,35.95,0.94,0.97,98.21
2022-01-05,DA NANG,16.044,108.199,0.85,21.94,24.34,20.28,20.38,21.91,91.09,15.07,99.71,2.62,43.3,8.57,35.99,0.93,0.97,94.29
2022-01-06,DA NANG,16.044,108.199,1.55,22.02,24.89,20.1,19.94,22.01,88.18,14.65,99.85,3.35,66.4,16.32,33.92,0.93,0.96,86.42
2022-01-07,DA NANG,16.044,108.199,5.96,21.8,24.37,20.23,19.41,21.66,86.61,14.15,99.93,2.92,46.5,18.46,34.27,0.93,0.96,67.97
2022-01-08,DA NANG,16.044,108.199,16.88,22.18,24.8,20.63,20.47,22.15,90.26,15.15,99.76,3.14,62.6,9.37,35.99,0.94,0.97,94.96
2022-01-09,DA NANG,16.044,108.199,5.47,22.28,25.11,20.44,20.41,22.28,89.37,15.11,99.65,2.96,82.6,16.88,34.55,0.93,0.96,61.69
2022-01-10,DA NANG,16.044,108.199,1.57,22.38,25.61,20.63,20.26,22.12,88.19,14.95,99.74,2.49,107.3,17.79,33.66,0.92,0.96,33.17
2022-01-11,DA NANG,16.044,108.199,3.29,21.49,24.54,19.67,19.54,21.83,88.87,14.28,99.88,3.21,31.1,11.75,35.73,0.92,0.96,91.17
2022-01-12,DA NANG,16.044,108.199,0.96,21.34,24.13,19.59,19.29,21.51,88.23,14.04,99.93,3.13,74.0,8.0,35.82,0.92,0.95,89.48
2022-01-13,DA NANG,16.044,108.199,0.31,21.4,24.35,19.39,18.86,21.51,85.79,13.67,99.97,2.88,74.3,14.73,34.32,0.91,0.95,68.04
2022-01-14,DA NANG,16.044,108.199,0.08,21.16,24.46,18.98,18.79,21.16,86.77,13.63,99.85,3.01,116.1,12.79,34.84,0.91,0.94,73.51
2022-01-15,DA NANG,16.044,108.199,0.21,21.4,24.79,19.3,18.47,21.23,83.8,13.35,99.85,2.19,115.7,18.55,32.83,0.9,0.93,39.39
2022-01-16,DA NANG,16.044,108.199,0.76,22.07,25.21,20.1,19.62,21.9,86.49,14.37,99.81,2.75,91.7,14.61,34.57,0.9,0.93,55.0
2022-01-17,DA NANG,16.044,108.199,2.1,22.2,25.36,20.25,19.86,22.39,87.06,14.55,99.88,2.91,32.2,15.1,34.76,0.9,0.92,83.93
2022-01-18,DA NANG,16.044,108.199,8.28,21.05,24.11,19.04,19.16,21.42,89.04,13.95,99.86,4.04,34.7,4.64,35.75,0.91,0.93,99.08
2022-01-19,DA NANG,16.044,108.199,5.44,20.81,23.47,19.28,18.53,21.21,86.94,13.41,99.72,3.4,48.2,7.0,35.18,0.9,0.93,88.5
2022-01-20,DA NANG,16.044,108.199,1.54,21.28,24.26,19.79,18.81,21.35,86.19,13.67,99.63,3.03,76.8,16.56,34.63,0.9,0.92,73.1
2022-01-21,DA NANG,16.044,108.199,0.35,21.84,25.01,19.85,19.63,21.74,87.73,14.4,99.54,2.56,107.1,13.69,34.95,0.89,0.92,84.51
2022-01-22,DA NANG,16.044,108.199,0.27,22.58,26.34,20.24,20.45,22.62,88.41,15.2,99.27,2.58,124.0,19.54,33.7,0.89,0.91,22.06
2022-01-23,DA NANG,16.044,108.199,1.2,23.57,27.89,21.55,21.33,23.47,88.07,16.07,99.26,2.14,121.2,18.32,35.24,0.88,0.9,52.56
2022-01-24,DA NANG,16.044,108.199,1.1,23.88,27.01,21.8,21.98,23.88,89.72,16.71,99.35,1.92,83.7,17.08,35.72,0.88,0.9,63.57
2022-01-25,DA NANG,16.044,108.199,0.38,23.22,26.33,21.25,21.55,23.2,90.76,16.25,99.47,2.35,82.1,15.52,35.06,0.88,0.9,47.68
2022-01-26,DA NANG,16.044,108.199,0.01,23.16,26.42,21.16,20.47,22.99,85.15,15.18,99.55,1.95,91.3,18.66,33.18,0.88,0.89,21.91
2022-01-27,DA NANG,16.044,108.199,0.02,22.77,26.11,20.68,19.93,22.7,84.6,14.67,99.57,2.09,58.1,20.06,33.34,0.87,0.89,40.21
2022-01-28,DA NANG,16.044,108.199,0.02,22.94,26.11,21.26,20.55,22.89,86.85,15.27,99.46,2.26,65.7,19.47,33.01,0.87,0.88,18.75
2022-01-29,DA NANG,16.044,108.199,0.29,23.17,26.52,21.2,20.4,23.11,85.02,15.13,99.34,2.24,101.5,19.98,34.66,0.86,0.88,40.06
2022-01-30,DA NANG,16.044,108.199,8.08,22.75,25.06,21.44,21.43,22.91,92.26,16.13,99.38,2.92,77.5,6.6,36.95,0.88,0.88,98.05
2022-01-31,DA NANG,16.044,108.199,3.39,22.32,25.63,19.34,20.59,22.63,90.17,15.33,99.49,3.65,58.6,4.33,37.21,0.87,0.88,99.57
2022-02-01,DA NANG,16.044,108.199,0.55,21.25,24.38,19.62,19.46,21.77,89.93,14.26,99.62,2.76,334.1,7.06,36.88,0.87,0.88,99.59
2022-02-02,DA NANG,16.044,108.199,0.92,22.5,25.96,20.5,20.45,22.73,88.69,15.14,99.66,2.63,40.5,8.84,36.75,0.86,0.87,97.61
2022-02-03,DA NANG,16.044,108.199,1.47,20.67,23.38,18.95,18.95,21.29,90.03,13.79,99.78,3.96,358.7,7.15,35.93,0.86,0.87,99.45
2022-02-04,DA NANG,16.044,108.199,4.05,20.38,22.87,19.13,18.45,21.11,88.83,13.31,99.95,4.22,32.2,7.07,35.65,0.86,0.87,99.65
2022-02-05,DA NANG,16.044,108.199,4.14,20.79,23.0,19.68,18.85,21.25,88.79,13.65,99.95,4.32,57.5,5.74,35.58,0.87,0.87,99.37
2022-02-06,DA NANG,16.044,108.199,1.4,21.53,23.84,20.04,19.57,21.66,88.93,14.32,99.74,3.16,89.2,9.24,36.03,0.86,0.86,98.27
2022-02-07,DA NANG,16.044,108.199,0.11,23.22,26.94,21.2,21.25,23.08,89.34,15.93,99.53,2.08,108.1,19.56,34.92,0.85,0.86,50.39
2022-02-08,DA NANG,16.044,108.199,2.33,23.42,26.92,21.15,21.62,23.42,90.07,16.3,99.59,2.64,101.2,14.71,37.03,0.85,0.85,87.82
2022-02-09,DA NANG,16.044,108.199,5.16,23.39,26.53,21.36,21.84,23.46,91.35,16.51,99.62,2.66,70.6,16.92,36.23,0.86,0.86,78.48
2022-02-10,DA NANG,16.044,108.199,0.27,22.99,26.13,21.06,21.46,22.95,91.47,16.14,99.52,2.79,88.5,12.07,35.67,0.85,0.85,66.98
2022-02-11,DA NANG,16.044,108.199,0.17,22.88,26.16,20.75,21.04,22.98,89.75,15.72,99.47,3.11,82.9,13.22,35.34,0.85,0.85,83.33
2022-02-12,DA NANG,16.044,108.199,0.56,22.47,25.26,21.0,20.37,22.57,88.38,15.1,99.36,3.2,85.3,17.56,34.69,0.84,0.84,93.42
2022-02-13,DA NANG,16.044,108.199,2.7,23.16,26.29,21.48,21.45,23.26,90.44,16.17,99.27,3.14,74.3,16.23,36.53,0.85,0.84,84.02
2022-02-14,DA NANG,16.044,108.199,1.3,21.92,24.37,20.52,20.33,22.24,90.82,15.03,99.56,3.41,38.0,4.21,36.17,0.84,0.84,99.28
2022-02-15,DA NANG,16.044,108.199,0.35,22.38,25.09,20.79,20.43,22.61,89.03,15.14,99.47,3.52,64.8,6.19,36.61,0.84,0.83,99.53
2022-02-16,DA NANG,16.044,108.199,0.96,22.95,25.32,21.86,21.39,23.0,91.2,16.12,99.24,2.86,91.5,6.76,36.8,0.84,0.83,99.06
2022-02-17,DA NANG,16.044,108.199,0.58,23.95,26.76,22.12,22.32,23.87,90.96,17.08,99.16,2.67,117.6,18.34,36.73,0.84,0.83,83.06
2022-02-18,DA NANG,16.044,108.199,0.25,24.63,28.34,22.2,22.61,24.43,89.23,17.37,99.26,2.95,125.3,19.31,35.88,0.83,0.82,49.07
2022-02-19,DA NANG,16.044,108.199,2.98,22.99,29.14,18.56,20.36,23.31,85.91,15.33,99.43,4.17,342.2,17.77,36.05,0.83,0.82,80.02
2022-02-20,DA NANG,16.044,108.199,2.92,18.83,21.14,17.53,16.52,19.94,86.55,11.8,99.76,4.6,354.0,5.43,35.26,0.83,0.82,99.38
2022-02-21,DA NANG,16.044,108.199,0.55,18.84,21.25,17.6,16.49,19.96,86.4,11.76,99.95,4.28,358.1,5.57,35.4,0.83,0.82,99.03
2022-02-22,DA NANG,16.044,108.199,0.16,19.21,21.73,17.88,16.49,20.31,84.53,11.73,100.18,5.1,350.5,8.78,34.85,0.83,0.81,99.48
2022-02-23,DA NANG,16.044,108.199,0.5,18.24,19.99,17.24,15.86,19.35,86.19,11.25,100.32,4.55,5.4,6.17,34.52,0.82,0.81,99.59
2022-02-24,DA NANG,16.044,108.199,0.61,18.68,20.56,17.74,16.36,19.68,86.54,11.61,100.31,4.43,24.8,5.92,34.31,0.82,0.81,99.53
2022-02-25,DA NANG,16.044,108.199,0.51,20.2,22.02,19.27,18.16,20.8,88.32,13.06,100.14,4.12,43.5,7.97,35.1,0.82,0.81,99.47
2022-02-26,DA NANG,16.044,108.199,0.79,20.96,23.81,18.97,18.76,21.49,87.41,13.56,100.05,4.07,40.2,7.72,35.53,0.82,0.8,99.42
2022-02-27,DA NANG,16.044,108.199,0.36,20.76,23.75,18.86,18.1,21.19,85.07,13.03,99.86,2.94,74.6,9.19,34.54,0.82,0.8,87.04
2022-02-28,DA NANG,16.044,108.199,0.03,21.85,25.41,20.06,19.66,21.95,88.02,14.4,99.7,2.51,102.1,22.37,33.82,0.81,0.8,50.69
2022-03-01,DA NANG,16.044,108.199,0.09,22.53,26.2,20.27,20.73,22.75,90.24,15.4,99.7,2.68,69.6,19.77,35.24,0.81,0.79,66.09
2022-03-02,DA NANG,16.044,108.199,0.05,22.53,25.9,20.54,20.54,22.6,89.01,15.22,99.71,2.57,58.8,21.41,33.8,0.81,0.79,35.84
2022-03-03,DA NANG,16.044,108.199,0.03,22.45,26.12,19.73,20.33,22.66,88.52,15.05,99.57,2.3,102.7,22.21,33.63,0.8,0.79,32.23
2022-03-04,DA NANG,16.044,108.199,0.01,23.14,27.08,20.99,20.82,23.14,87.52,15.53,99.39,2.32,106.1,22.91,35.02,0.8,0.78,51.41
2022-03-05,DA NANG,16.044,108.199,0.0,23.72,27.08,21.9,22.0,23.65,90.69,16.72,99.32,2.54,109.0,19.46,35.76,0.8,0.78,65.83
2022-03-06,DA NANG,16.044,108.199,0.04,24.33,28.25,21.84,22.5,24.19,90.06,17.23,99.37,2.69,114.2,17.68,35.53,0.8,0.78,69.75
2022-03-07,DA NANG,16.044,108.199,2.04,23.07,27.07,20.11,20.97,23.3,88.33,15.66,99.67,3.04,51.1,11.75,35.96,0.8,0.78,92.86
2022-03-08,DA NANG,16.044,108.199,0.09,20.95,24.39,18.39,17.27,21.19,79.98,12.4,99.62,2.87,79.8,21.49,32.67,0.79,0.78,66.76
2022-03-09,DA NANG,16.044,108.199,0.02,20.91,24.75,18.34,17.25,21.08,80.08,12.39,99.52,2.25,96.5,19.9,32.76,0.79,0.77,48.05
2022-03-10,DA NANG,16.044,108.199,0.04,21.88,25.41,19.78,18.69,21.62,82.98,13.6,99.46,1.95,81.3,20.8,33.56,0.79,0.77,83.3
2022-03-11,DA NANG,16.044,108.199,0.07,22.58,26.1,20.59,20.17,22.6,86.95,14.93,99.34,1.92,84.9,19.0,34.08,0.78,0.77,66.34
2022-03-12,DA NANG,16.044,108.199,0.0,22.18,26.15,18.92,19.41,22.13,84.97,14.25,99.3,2.19,103.2,22.81,32.75,0.78,0.76,36.41
2022-03-13,DA NANG,16.044,108.199,0.0,22.54,26.87,19.1,19.63,22.76,84.52,14.45,99.29,2.24,109.9,23.16,32.56,0.78,0.76,34.1
2022-03-14,DA NANG,16.044,108.199,0.02,23.5,27.3,21.4,20.83,23.7,85.76,15.58,99.22,2.06,100.2,22.66,34.87,0.77,0.76,62.78
2022-03-15,DA NANG,16.044,108.199,0.05,23.75,27.27,21.54,21.35,23.89,86.98,16.09,99.13,1.94,98.1,18.14,35.04,0.77,0.75,86.32
2022-03-16,DA NANG,16.044,108.199,0.32,23.64,27.62,20.89,21.07,23.9,86.36,15.83,99.11,2.28,123.5,16.86,34.83,0.77,0.75,72.49
2022-03-17,DA NANG,16.044,108.199,1.52,24.67,27.96,23.01,22.52,24.43,88.3,17.32,99.03,1.4,122.1,18.43,35.65,0.78,0.75,76.84
2022-03-18,DA NANG,16.044,108.199,3.81,25.64,31.11,22.8,22.86,25.23,85.69,17.78,99.04,1.28,143.7,10.87,36.58,0.78,0.75,99.64
2022-03-19,DA NANG,16.044,108.199,0.49,25.6,31.9,23.05,22.54,25.51,84.75,17.39,99.02,2.1,123.0,17.41,36.43,0.76,0.75,89.81
2022-03-20,DA NANG,16.044,108.199,1.08,25.45,28.84,23.52,22.78,25.16,86.11,17.6,99.09,2.45,147.3,18.05,36.65,0.77,0.75,84.45
2022-03-21,DA NANG,16.044,108.199,0.85,26.47,31.27,23.66,23.37,26.23,84.7,18.25,99.21,2.16,126.2,21.39,36.63,0.76,0.75,79.55
2022-03-22,DA NANG,16.044,108.199,0.7,26.44,30.63,23.82,23.67,26.19,85.87,18.54,99.25,2.44,126.7,21.8,36.09,0.76,0.74,53.27
2022-03-23,DA NANG,16.044,108.199,3.16,26.29,30.08,24.0,23.98,26.19,88.06,18.9,99.22,2.23,92.7,24.52,36.26,0.77,0.74,62.59
2022-03-24,DA NANG,16.044,108.199,3.05,25.57,28.56,23.65,23.86,25.44,90.65,18.76,99.18,2.59,124.8,15.85,36.85,0.78,0.75,63.59
2022-03-25,DA NANG,16.044,108.199,4.46,27.34,31.47,24.64,24.31,26.89,84.61,19.32,99.15,1.69,144.0,24.19,36.34,0.78,0.75,36.48
2022-03-26,DA NANG,16.044,108.199,0.3,27.59,31.63,25.82,24.14,26.82,82.18,19.08,99.23,1.27,149.9,23.46,36.17,0.77,0.75,40.38
2022-03-27,DA NANG,16.044,108.199,6.3,26.66,32.17,22.62,23.17,26.54,82.74,18.04,99.34,3.08,322.2,23.39,36.57,0.78,0.74,73.74
2022-03-28,DA NANG,16.044,108.199,11.54,23.94,26.96,22.34,22.11,24.33,89.79,16.82,99.53,3.82,349.2,7.13,37.05,0.81,0.76,99.3
2022-03-29,DA NANG,16.044,108.199,4.42,24.92,27.83,23.24,22.99,24.96,89.43,17.76,99.41,2.65,52.2,13.13,37.47,0.79,0.76,97.53
2022-03-30,DA NANG,16.044,108.199,14.06,25.03,27.97,22.8,22.99,24.96,88.89,17.77,99.4,2.26,67.5,11.66,37.12,0.82,0.76,98.49
2022-03-31,DA NANG,16.044,108.199,122.71,24.09,25.98,22.83,22.78,24.07,92.42,17.52,99.5,4.0,70.9,10.84,36.84,0.97,0.83,99.07
2022-04-01,DA NANG,16.044,108.199,180.94,24.08,25.61,22.74,23.0,24.16,93.71,17.73,99.64,4.53,39.7,4.48,36.53,0.99,0.9,99.83
2022-04-02,DA NANG,16.044,108.199,80.28,20.35,22.33,19.16,18.64,21.3,89.93,13.49,100.0,6.59,0.9,5.81,35.15,0.97,0.93,99.62
2022-04-03,DA NANG,16.044,108.199,15.67,20.53,22.38,19.44,18.16,21.61,86.5,13.09,99.96,4.18,14.1,7.29,35.27,0.91,0.9,99.73
2022-04-04,DA NANG,16.044,108.199,10.4,22.35,24.79,20.7,20.0,22.93,86.76,14.67,100.0,4.11,35.8,6.97,36.02,0.89,0.88,99.67
2022-04-05,DA NANG,16.044,108.199,27.73,22.75,25.7,20.95,20.7,23.36,88.49,15.35,99.87,3.79,16.0,11.55,36.25,0.92,0.89,99.32
2022-04-06,DA NANG,16.044,108.199,0.49,22.93,26.2,20.82,20.21,23.36,84.99,14.9,99.78,3.03,14.2,14.36,35.85,0.87,0.88,91.58
2022-04-07,DA NANG,16.044,108.199,0.0,22.77,25.99,20.75,19.26,22.89,81.14,14.05,99.7,2.57,9.9,19.88,34.25,0.86,0.87,92.31
2022-04-08,DA NANG,16.044,108.199,0.0,22.8,26.29,20.51,18.92,22.69,79.31,13.78,99.56,2.23,27.7,23.24,32.96,0.85,0.86,28.45
2022-04-09,DA NANG,16.044,108.199,0.01,22.5,26.33,19.47,18.24,22.52,77.95,13.24,99.37,1.76,36.9,24.2,32.85,0.85,0.85,38.29
2022-04-10,DA NANG,16.044,108.199,0.0,23.42,27.71,20.38,20.2,23.57,82.95,14.98,99.26,1.68,102.9,23.53,33.69,0.84,0.85,26.83
2022-04-11,DA NANG,16.044,108.199,0.0,24.03,28.0,21.19,21.34,24.25,85.78,16.08,99.16,2.1,109.9,23.57,33.64,0.84,0.84,22.34
2022-04-12,DA NANG,16.044,108.199,0.01,25.18,29.71,22.67,22.43,25.34,85.74,17.24,98.92,2.55,124.8,21.63,34.97,0.84,0.84,47.05
2022-04-13,DA NANG,16.044,108.199,0.03,26.47,30.86,23.82,23.54,26.19,85.17,18.48,98.86,1.54,96.8,18.8,36.37,0.83,0.83,83.66
2022-04-14,DA NANG,16.044,108.199,0.03,26.18,29.83,23.62,23.98,26.18,88.56,18.97,98.96,1.93,96.9,20.86,35.88,0.83,0.83,51.8
2022-04-15,DA NANG,16.044,108.199,0.12,26.2,29.84,23.94,24.08,26.19,88.83,19.03,99.04,3.01,117.6,21.9,35.98,0.83,0.82,52.94
2022-04-16,DA NANG,16.044,108.199,0.58,25.76,29.2,23.25,23.82,25.82,89.5,18.72,99.13,3.69,119.5,23.39,35.29,0.83,0.82,60.99
2022-04-17,DA NANG,16.044,108.199,0.22,25.16,28.76,22.86,22.53,25.18,85.92,17.27,99.37,2.45,104.6,24.45,34.62,0.82,0.81,54.37
2022-04-18,DA NANG,16.044,108.199,0.52,24.81,28.31,22.14,22.19,25.23,86.13,16.88,99.56,2.72,35.0,19.96,36.14,0.82,0.81,85.23
2022-04-19,DA NANG,16.044,108.199,0.81,24.2,27.36,22.12,21.76,24.78,86.86,16.44,99.58,2.85,4.8,9.44,36.78,0.82,0.8,99.27
2022-04-20,DA NANG,16.044,108.199,1.11,24.54,27.14,23.01,22.49,24.72,88.64,17.22,99.41,2.62,34.4,7.83,36.74,0.82,0.8,97.94
2022-04-21,DA NANG,16.044,108.199,0.29,25.44,28.82,23.38,22.99,25.67,87.05,17.77,99.31,2.2,102.5,22.15,36.14,0.81,0.8,67.14
2022-04-22,DA NANG,16.044,108.199,0.12,26.24,29.58,24.36,23.73,26.19,86.71,18.61,99.19,2.35,124.2,25.31,36.12,0.81,0.79,61.3
2022-04-23,DA NANG,16.044,108.199,0.38,26.69,30.25,24.69,24.3,26.58,87.61,19.3,99.06,2.22,134.2,24.62,35.8,0.8,0.79,46.92
2022-04-24,DA NANG,16.044,108.199,0.19,27.17,31.1,25.01,24.69,26.96,87.16,19.79,98.91,2.17,143.0,25.79,35.98,0.8,0.79,37.84
2022-04-25,DA NANG,16.044,108.199,0.06,27.6,31.66,25.49,24.7,27.35,85.21,19.8,98.89,2.15,143.6,26.09,36.14,0.8,0.78,46.21
2022-04-26,DA NANG,16.044,108.199,0.1,28.3,33.12,25.59,24.78,27.81,82.51,19.93,98.85,1.73,140.2,24.6,36.56,0.79,0.78,34.57
2022-04-27,DA NANG,16.044,108.199,0.06,27.48,31.9,23.7,24.76,27.32,86.35,19.89,98.93,2.84,128.9,24.03,35.97,0.79,0.78,34.07
2022-04-28,DA NANG,16.044,108.199,0.12,27.23,31.36,24.55,24.06,26.92,84.45,19.07,99.04,3.26,126.7,25.57,35.48,0.78,0.77,71.44
2022-04-29,DA NANG,16.044,108.199,2.6,26.52,30.09,24.26,24.23,26.53,88.0,19.21,99.15,2.65,119.7,20.46,36.8,0.79,0.77,96.45
2022-04-30,DA NANG,16.044,108.199,14.73,25.74,27.85,24.48,24.3,25.75,91.96,19.3,99.04,3.14,94.2,13.77,37.09,0.83,0.78,97.77
2022-05-01,DA NANG,16.044,108.199,56.93,24.12,26.61,22.4,22.86,24.42,92.68,17.72,99.08,3.76,36.0,18.97,36.46,0.93,0.82,95.97
2022-05-02,DA NANG,16.044,108.199,22.74,22.97,24.59,22.17,21.58,23.58,91.89,16.31,99.33,5.16,353.7,8.58,36.55,0.9,0.86,99.77
2022-05-03,DA NANG,16.044,108.199,5.22,22.72,24.21,21.78,20.98,23.41,90.01,15.69,99.47,4.65,350.7,5.96,36.52,0.85,0.84,99.83
2022-05-04,DA NANG,16.044,108.199,4.95,23.48,25.98,21.86,21.21,24.18,87.33,15.92,99.42,3.44,346.7,6.87,37.09,0.84,0.83,99.57
2022-05-05,DA NANG,16.044,108.199,2.68,25.18,28.08,23.74,23.16,25.57,88.96,17.99,99.19,2.77,20.6,13.56,37.3,0.83,0.82,98.15
2022-05-06,DA NANG,16.044,108.199,1.97,25.92,29.06,24.21,23.77,26.08,88.48,18.67,99.18,2.13,73.6,19.62,37.02,0.83,0.82,93.1
2022-05-07,DA NANG,16.044,108.199,2.61,26.21,29.51,24.47,24.06,26.28,88.55,18.99,99.22,2.32,100.3,23.41,36.68,0.82,0.81,79.31
2022-05-08,DA NANG,16.044,108.199,9.71,25.72,28.51,24.03,23.72,25.89,88.99,18.59,99.25,2.62,112.0,19.11,37.17,0.85,0.82,96.17
2022-05-09,DA NANG,16.044,108.199,3.19,26.2,28.54,24.59,24.36,26.3,89.9,19.35,99.15,2.55,121.8,21.97,37.02,0.83,0.82,77.63
2022-05-10,DA NANG,16.044,108.199,8.67,27.2,30.96,24.83,24.41,27.13,85.83,19.48,99.0,1.92,146.0,21.93,36.9,0.84,0.82,92.2
2022-05-11,DA NANG,16.044,108.199,1.1,27.8,31.56,25.4,24.86,27.51,84.81,19.99,98.92,1.5,145.5,20.65,37.22,0.83,0.82,42.53
2022-05-12,DA NANG,16.044,108.199,1.54,27.75,30.75,25.13,24.4,27.27,82.71,19.46,98.85,1.52,207.5,24.26,37.22,0.82,0.81,70.48
2022-05-13,DA NANG,16.044,108.199,1.48,28.5,32.96,25.92,24.81,28.17,81.91,19.99,98.79,1.68,168.9,20.64,37.78,0.82,0.81,87.81
2022-05-14,DA NANG,16.044,108.199,7.25,28.18,31.96,25.47,24.94,27.99,83.55,20.09,99.01,1.18,78.1,19.97,37.85,0.84,0.81,87.81
2022-05-15,DA NANG,16.044,108.199,14.96,28.57,32.6,25.18,24.84,28.23,81.64,19.98,99.04,1.64,321.5,23.17,37.61,0.86,0.82,81.69
2022-05-16,DA NANG,16.044,108.199,9.74,25.15,28.43,23.47,23.23,25.65,89.38,18.07,99.2,4.5,333.6,10.09,37.62,0.85,0.83,99.69
2022-05-17,DA NANG,16.044,108.199,2.74,24.51,26.09,23.43,22.84,25.19,90.51,17.62,99.27,3.04,9.5,6.29,37.14,0.83,0.82,99.67
2022-05-18,DA NANG,16.044,108.199,1.26,26.23,28.83,24.65,24.13,26.59,88.52,19.05,99.24,3.14,60.2,7.19,37.86,0.83,0.82,99.77
2022-05-19,DA NANG,16.044,108.199,1.09,26.31,29.26,24.42,23.58,26.46,85.46,18.47,99.18,1.92,95.4,13.09,37.48,0.82,0.81,97.36
2022-05-20,DA NANG,16.044,108.199,3.63,26.93,30.19,24.76,23.89,27.21,84.27,18.86,98.93,2.15,86.4,20.54,36.85,0.82,0.81,85.96
2022-05-21,DA NANG,16.044,108.199,11.6,27.05,29.85,24.91,24.54,27.09,86.68,19.67,98.68,1.7,78.6,22.25,37.33,0.85,0.81,88.78
2022-05-22,DA NANG,16.044,108.199,4.26,27.56,31.21,25.23,24.9,27.56,86.31,20.17,98.38,2.57,136.2,19.9,37.34,0.84,0.82,99.53
2022-05-23,DA NANG,16.044,108.199,5.36,27.72,31.98,25.72,24.92,27.54,85.5,20.15,98.6,1.43,108.7,20.43,37.68,0.83,0.81,99.4
2022-05-24,DA NANG,16.044,108.199,7.16,27.26,30.5,25.45,24.65,27.48,86.37,19.77,98.94,1.22,114.0,20.53,37.41,0.84,0.82,96.54
2022-05-25,DA NANG,16.044,108.199,1.38,27.19,30.05,24.89,23.87,27.29,82.74,18.85,98.87,1.77,147.2,18.42,37.16,0.83,0.81,89.44
2022-05-26,DA NANG,16.044,108.199,4.7,27.3,30.74,25.2,24.31,27.37,84.27,19.4,98.62,1.44,113.8,21.77,37.35,0.83,0.81,87.33
2022-05-27,DA NANG,16.044,108.199,4.9,28.02,31.71,25.8,24.64,28.01,82.86,19.85,98.41,1.58,122.9,23.56,37.26,0.83,0.82,79.16
2022-05-28,DA NANG,16.044,108.199,0.93,27.46,31.69,24.77,24.09,27.69,82.71,19.18,98.54,2.03,257.7,24.65,37.16,0.82,0.81,29.96
2022-05-29,DA NANG,16.044,108.199,0.78,28.09,32.7,25.66,24.3,28.16,81.01,19.39,98.65,2.01,138.1,25.7,37.25,0.81,0.8,27.13
2022-05-30,DA NANG,16.044,108.199,1.16,27.98,31.57,25.56,24.01,28.13,80.41,19.1,98.66,1.95,131.5,25.4,36.93,0.81,0.8,28.62
2022-05-31,DA NANG,16.044,108.199,0.95,28.4,31.77,26.43,24.72,28.3,81.22,19.86,98.74,1.55,121.6,23.81,37.5,0.81,0.8,73.87
2022-06-01,DA NANG,16.044,108.199,0.96,28.73,32.23,25.94,25.05,28.68,81.66,20.3,98.76,1.72,137.0,24.96,37.39,0.81,0.79,40.89
2022-06-02,DA NANG,16.044,108.199,3.15,28.58,32.32,25.57,24.44,28.49,79.46,19.56,98.78,1.54,180.6,24.02,37.78,0.81,0.79,94.66
2022-06-03,DA NANG,16.044,108.199,0.74,28.36,31.95,25.69,24.2,28.33,78.99,19.24,98.81,1.86,194.1,24.19,37.52,0.81,0.79,56.02
2022-06-04,DA NANG,16.044,108.199,0.05,28.56,32.73,25.18,23.33,28.31,74.68,18.27,98.83,1.87,207.2,26.36,36.81,0.8,0.79,60.09
2022-06-05,DA NANG,16.044,108.199,0.03,28.83,32.77,25.53,24.15,28.59,76.94,19.22,98.68,1.64,204.7,24.83,37.4,0.8,0.78,67.53
2022-06-06,DA NANG,16.044,108.199,0.36,28.83,32.23,26.42,25.18,28.71,81.44,20.47,98.64,1.55,139.6,23.97,37.8,0.8,0.78,78.82
2022-06-07,DA NANG,16.044,108.199,2.78,28.13,31.85,25.53,24.42,28.11,81.26,19.57,98.76,1.63,182.8,23.7,37.55,0.8,0.78,80.8
2022-06-08,DA NANG,16.044,108.199,0.28,28.04,31.26,25.71,24.21,28.0,80.36,19.26,98.8,1.56,205.9,20.73,37.74,0.8,0.78,99.31
2022-06-09,DA NANG,16.044,108.199,0.23,27.31,29.68,24.92,23.94,27.56,82.48,18.95,98.81,2.21,208.2,21.92,37.82,0.8,0.78,95.45
2022-06-10,DA NANG,16.044,108.199,2.57,27.52,29.46,25.89,24.61,27.71,84.3,19.71,98.82,1.73,212.5,17.34,37.74,0.8,0.78,99.17
2022-06-11,DA NANG,16.044,108.199,2.02,28.29,31.31,25.03,24.48,28.2,80.52,19.58,98.86,1.86,207.7,22.59,37.82,0.8,0.78,97.79
2022-06-12,DA NANG,16.044,108.199,2.26,28.6,33.11,26.22,24.7,28.55,80.57,19.83,98.89,1.66,172.9,24.45,37.09,0.8,0.78,77.3
2022-06-13,DA NANG,16.044,108.199,1.45,29.24,33.23,26.47,24.87,29.06,78.54,20.06,98.85,1.49,138.9,24.46,37.54,0.79,0.78,97.95
2022-06-14,DA NANG,16.044,108.199,2.61,28.83,32.23,26.76,24.96,28.74,80.47,20.13,98.92,1.55,113.5,21.97,37.78,0.8,0.78,98.3
2022-06-15,DA NANG,16.044,108.199,1.52,27.56,29.41,26.17,24.76,27.57,84.81,19.84,99.06,1.52,347.9,21.56,37.6,0.8,0.78,98.15
2022-06-16,DA NANG,16.044,108.199,0.24,29.47,32.98,26.63,23.69,28.93,72.13,18.69,99.02,1.22,179.8,24.37,37.25,0.78,0.77,61.29
2022-06-17,DA NANG,16.044,108.199,0.31,29.15,32.41,26.23,24.32,28.98,76.6,19.44,98.91,1.71,170.6,24.51,37.38,0.79,0.77,46.35
2022-06-18,DA NANG,16.044,108.199,0.32,28.7,32.47,25.57,24.43,28.6,78.47,19.51,98.82,2.43,207.3,25.35,37.29,0.78,0.76,77.45
2022-06-19,DA NANG,16.044,108.199,0.05,29.13,33.48,25.82,24.63,29.03,77.9,19.8,98.67,2.13,193.1,25.61,37.2,0.77,0.76,58.66
2022-06-20,DA NANG,16.044,108.199,0.21,28.89,32.58,26.17,24.73,28.75,79.11,19.93,98.58,2.03,169.4,24.54,37.49,0.77,0.76,81.39
2022-06-21,DA NANG,16.044,108.199,0.19,28.64,32.46,25.27,24.39,28.6,78.9,19.55,98.66,2.59,181.2,25.26,37.31,0.77,0.76,73.9
2022-06-22,DA NANG,16.044,108.199,0.56,27.81,32.59,25.62,24.25,28.06,82.37,19.3,98.98,2.8,137.2,20.48,37.0,0.77,0.75,70.97
2022-06-23,DA NANG,16.044,108.199,1.09,27.42,30.34,25.43,24.42,27.63,84.33,19.48,99.02,2.19,129.7,24.0,36.71,0.77,0.75,60.11
2022-06-24,DA NANG,16.044,108.199,0.73,27.68,31.28,25.23,24.29,28.16,82.86,19.35,98.87,2.59,120.3,24.23,36.86,0.76,0.75,74.79
2022-06-25,DA NANG,16.044,108.199,0.23,27.62,30.82,25.74,24.53,27.76,84.13,19.63,98.88,2.05,142.0,23.63,37.13,0.77,0.75,66.4
2022-06-26,DA NANG,16.044,108.199,0.29,27.71,31.01,25.65,24.64,27.78,83.98,19.71,99.04,1.85,121.2,26.06,36.65,0.76,0.74,9.99
2022-06-27,DA NANG,16.044,108.199,0.12,28.74,33.01,26.2,24.55,28.69,79.5,19.68,98.9,1.88,176.8,26.06,37.04,0.76,0.74,36.2
2022-06-28,DA NANG,16.044,108.199,0.23,29.16,33.78,26.24,24.64,28.8,77.75,19.83,98.59,1.54,189.9,22.46,37.68,0.75,0.74,98.78
2022-06-29,DA NANG,16.044,108.199,0.81,28.54,31.69,26.29,24.59,28.38,79.89,19.79,98.38,1.56,251.5,23.45,37.8,0.76,0.74,97.34
2022-06-30,DA NANG,16.044,108.199,4.93,27.73,30.77,26.03,25.42,27.67,87.63,20.8,98.3,2.21,298.4,19.62,37.97,0.77,0.74,98.83
2022-07-01,DA NANG,16.044,108.199,3.5,27.21,29.12,25.45,25.05,27.11,88.06,20.37,98.28,2.08,278.7,2.23,37.96,0.78,0.75,98.54
2022-07-02,DA NANG,16.044,108.199,1.56,26.81,29.0,24.96,23.94,26.71,84.36,19.05,98.33,2.56,236.1,7.44,37.66,0.77,0.75,99.29
2022-07-03,DA NANG,16.044,108.199,0.87,28.78,32.81,25.78,24.52,28.26,78.49,19.7,98.44,1.55,223.1,19.44,37.83,0.76,0.74,99.23
2022-07-04,DA NANG,16.044,108.199,0.18,29.67,33.78,26.6,25.04,29.15,77.13,20.33,98.44,1.23,187.0,21.83,37.97,0.75,0.74,99.35
2022-07-05,DA NANG,16.044,108.199,5.74,29.0,32.54,26.85,25.3,28.83,81.17,20.62,98.65,1.47,191.9,24.74,38.01,0.77,0.74,75.38
2022-07-06,DA NANG,16.044,108.199,1.59,29.35,32.87,26.72,24.83,29.07,78.01,20.07,98.73,1.1,181.6,21.47,38.11,0.76,0.74,99.17
2022-07-07,DA NANG,16.044,108.199,1.77,28.91,32.13,26.33,24.96,28.75,80.02,20.16,98.76,1.38,158.5,19.6,38.07,0.76,0.74,99.24
2022-07-08,DA NANG,16.044,108.199,2.72,28.38,32.11,25.72,24.37,28.62,80.07,19.46,98.74,1.63,136.0,13.76,37.87,0.76,0.73,98.93
2022-07-09,DA NANG,16.044,108.199,4.45,27.46,30.67,25.55,23.7,27.8,80.6,18.71,98.65,1.52,107.2,17.46,37.6,0.77,0.74,98.1
2022-07-10,DA NANG,16.044,108.199,17.21,26.7,28.4,25.52,24.48,27.44,87.93,19.61,98.59,2.37,9.0,3.43,37.86,0.82,0.75,99.29
2022-07-11,DA NANG,16.044,108.199,6.68,26.84,27.94,26.27,25.25,27.23,91.05,20.54,98.56,2.95,64.0,19.35,37.89,0.8,0.76,72.94
2022-07-12,DA NANG,16.044,108.199,4.1,27.53,30.62,25.73,24.86,27.95,85.96,20.09,98.52,4.09,113.9,24.92,37.28,0.78,0.76,61.84
2022-07-13,DA NANG,16.044,108.199,5.47,27.33,29.46,26.07,24.98,27.53,87.23,20.23,98.47,2.76,106.2,21.64,37.58,0.78,0.75,93.38
2022-07-14,DA NANG,16.044,108.199,12.77,27.91,30.22,26.37,25.26,28.16,86.07,20.58,98.55,2.55,104.5,24.45,37.47,0.82,0.76,55.16
2022-07-15,DA NANG,16.044,108.199,0.38,28.76,33.19,26.17,25.09,28.93,81.91,20.35,98.71,2.41,128.7,25.19,37.48,0.77,0.76,49.2
2022-07-16,DA NANG,16.044,108.199,1.34,28.83,31.95,26.84,25.66,28.9,83.8,21.02,98.79,1.65,116.3,24.22,37.76,0.77,0.75,97.48
2022-07-17,DA NANG,16.044,108.199,0.74,28.78,32.14,26.34,25.21,28.7,81.66,20.48,98.74,1.71,215.5,25.55,37.68,0.77,0.74,68.76
2022-07-18,DA NANG,16.044,108.199,0.62,28.8,32.83,26.23,25.22,28.79,81.9,20.52,98.63,1.95,151.0,25.07,37.54,0.76,0.74,76.03
2022-07-19,DA NANG,16.044,108.199,0.66,28.64,31.99,26.41,25.64,28.69,84.52,21.01,98.65,2.24,115.2,22.28,37.91,0.76,0.74,96.73
2022-07-20,DA NANG,16.044,108.199,2.11,27.83,30.42,25.38,25.08,28.15,85.42,20.32,98.81,3.44,127.4,20.06,38.02,0.76,0.73,67.3
2022-07-21,DA NANG,16.044,108.199,4.94,27.12,30.25,24.93,23.91,27.41,83.32,18.86,99.14,3.02,139.3,21.71,37.43,0.77,0.73,90.04
2022-07-22,DA NANG,16.044,108.199,1.14,27.19,29.98,25.28,24.14,27.39,84.05,19.1,99.21,2.44,133.7,25.61,36.6,0.76,0.73,35.53
2022-07-23,DA NANG,16.044,108.199,0.11,26.8,29.64,24.23,23.58,27.13,83.21,18.49,99.12,2.05,141.2,27.0,35.84,0.75,0.73,6.27
2022-07-24,DA NANG,16.044,108.199,0.18,27.59,31.61,24.83,23.68,27.8,80.6,18.63,99.01,2.39,135.5,27.59,36.05,0.74,0.72,4.55
2022-07-25,DA NANG,16.044,108.199,0.15,27.88,31.76,25.03,23.46,27.97,78.13,18.37,99.02,2.0,133.6,27.01,35.73,0.73,0.72,8.22
2022-07-26,DA NANG,16.044,108.199,0.15,28.15,32.92,25.01,23.42,28.28,77.38,18.36,98.96,1.99,137.5,27.08,35.85,0.73,0.71,16.54
2022-07-27,DA NANG,16.044,108.199,0.92,27.65,30.77,25.7,24.21,27.75,82.22,19.24,98.94,1.93,139.6,26.0,36.48,0.73,0.71,46.59
2022-07-28,DA NANG,16.044,108.199,3.55,28.43,31.96,25.51,23.42,28.34,75.64,18.39,98.9,1.69,141.1,23.16,36.64,0.74,0.71,50.51
2022-07-29,DA NANG,16.044,108.199,15.3,28.61,32.7,25.48,24.19,28.57,78.11,19.25,98.76,1.83,120.0,26.47,36.5,0.79,0.72,38.75
2022-07-30,DA NANG,16.044,108.199,3.06,28.31,31.01,25.49,24.87,28.16,82.05,20.05,98.69,1.74,280.5,25.09,37.04,0.76,0.73,35.89
2022-07-31,DA NANG,16.044,108.199,3.49,28.44,32.31,26.16,24.43,28.53,80.22,19.57,98.68,1.91,105.4,25.09,36.86,0.76,0.73,62.51
2022-08-01,DA NANG,16.044,108.199,1.8,27.81,29.93,26.28,24.91,27.85,84.68,20.11,98.76,1.56,99.8,24.58,37.12,0.75,0.72,89.69
2022-08-02,DA NANG,16.044,108.199,6.1,27.88,30.99,25.75,24.05,27.96,80.2,19.04,98.92,2.03,331.4,24.71,36.98,0.76,0.72,66.33
2022-08-03,DA NANG,16.044,108.199,7.52,28.06,30.6,25.86,24.12,28.07,79.76,19.14,98.92,1.31,254.6,24.67,37.25,0.78,0.73,67.88
2022-08-04,DA NANG,16.044,108.199,8.46,28.62,32.22,25.32,23.97,28.71,77.36,19.01,98.78,1.94,186.2,23.69,37.6,0.78,0.74,87.53
2022-08-05,DA NANG,16.044,108.199,24.35,27.39,30.89,25.36,24.04,27.61,82.34,19.09,98.71,1.58,189.9,22.39,37.66,0.84,0.76,89.33
2022-08-06,DA NANG,16.044,108.199,2.49,27.81,30.7,26.16,24.45,28.08,82.66,19.56,98.67,1.96,107.3,15.4,37.69,0.78,0.76,99.45
2022-08-07,DA NANG,16.044,108.199,15.92,27.37,30.36,25.49,24.65,27.75,85.77,19.82,98.62,2.5,324.7,20.66,37.58,0.81,0.75,99.04
2022-08-08,DA NANG,16.044,108.199,45.03,26.65,28.78,25.21,25.11,27.05,91.41,20.41,98.49,4.61,306.4,2.65,37.9,0.9,0.8,99.72
2022-08-09,DA NANG,16.044,108.199,10.34,25.89,27.24,24.27,23.85,26.36,88.57,18.91,98.44,4.17,295.9,1.42,37.45,0.84,0.8,99.31
2022-08-10,DA NANG,16.044,108.199,2.14,27.86,31.87,25.3,23.79,27.89,79.52,18.84,98.45,1.94,189.8,14.74,37.58,0.8,0.78,99.41
2022-08-11,DA NANG,16.044,108.199,2.42,28.1,31.45,25.84,23.97,28.01,78.95,19.01,98.72,2.02,180.1,13.46,38.03,0.79,0.77,93.86
2022-08-12,DA NANG,16.044,108.199,2.9,27.98,31.93,25.68,23.82,28.01,79.13,18.8,98.92,1.54,136.5,18.18,37.45,0.79,0.76,92.8
2022-08-13,DA NANG,16.044,108.199,3.39,28.09,31.52,26.14,24.22,28.21,80.25,19.23,98.95,1.56,98.0,24.46,37.27,0.78,0.76,61.76
2022-08-14,DA NANG,16.044,108.199,2.11,28.54,31.52,26.42,24.49,28.54,79.47,19.58,98.9,1.54,116.0,25.62,37.28,0.78,0.76,45.6
2022-08-15,DA NANG,16.044,108.199,1.89,28.29,31.18,25.97,24.72,28.36,81.73,19.87,98.83,1.9,173.1,24.75,37.45,0.78,0.75,74.2
2022-08-16,DA NANG,16.044,108.199,0.7,28.19,31.47,25.78,24.52,28.32,81.28,19.63,98.79,1.96,83.7,22.88,37.43,0.77,0.75,87.0
2022-08-17,DA NANG,16.044,108.199,1.72,28.82,32.38,25.59,23.92,28.64,75.77,18.93,98.78,1.64,211.4,20.88,37.67,0.77,0.75,77.99
2022-08-18,DA NANG,16.044,108.199,11.43,28.5,32.54,26.17,24.74,28.84,81.21,19.92,98.7,1.7,129.7,24.97,37.68,0.8,0.75,48.23
2022-08-19,DA NANG,16.044,108.199,43.32,28.57,32.29,25.83,24.68,28.81,80.44,19.87,98.61,1.67,208.6,20.48,38.04,0.89,0.78,96.35
2022-08-20,DA NANG,16.044,108.199,12.24,27.44,31.22,25.4,24.63,28.11,85.47,19.83,98.53,2.14,148.1,7.9,37.83,0.85,0.81,98.08
2022-08-21,DA NANG,16.044,108.199,3.35,28.37,32.53,26.0,24.67,28.59,81.39,19.86,98.68,2.22,153.0,24.12,37.69,0.81,0.79,43.85
2022-08-22,DA NANG,16.044,108.199,1.74,28.45,32.72,26.27,24.62,28.56,80.64,19.73,98.84,1.82,66.2,24.23,37.45,0.8,0.78,90.78
2022-08-23,DA NANG,16.044,108.199,2.69,28.36,31.13,26.11,25.04,28.37,82.63,20.23,98.84,2.13,306.5,24.08,37.58,0.79,0.78,92.21
2022-08-24,DA NANG,16.044,108.199,1.17,28.52,31.68,25.39,23.27,28.47,74.12,18.25,98.63,1.77,168.1,20.85,37.69,0.79,0.77,96.44
2022-08-25,DA NANG,16.044,108.199,3.06,28.06,31.72,25.28,23.71,28.21,78.25,18.73,98.61,2.14,176.3,10.88,37.83,0.79,0.77,99.5
2022-08-26,DA NANG,16.044,108.199,0.75,28.53,32.74,24.91,23.53,28.64,75.41,18.47,99.01,2.26,193.6,19.29,37.5,0.78,0.76,57.07
2022-08-27,DA NANG,16.044,108.199,0.94,28.18,30.77,26.16,23.27,28.2,75.44,18.17,99.07,1.49,120.8,25.35,37.07,0.78,0.76,28.57
2022-08-28,DA NANG,16.044,108.199,0.14,28.03,31.56,25.36,23.53,28.3,77.41,18.46,99.04,2.16,144.2,24.94,37.2,0.77,0.76,42.34
2022-08-29,DA NANG,16.044,108.199,0.73,27.83,30.76,26.03,24.23,28.33,81.67,19.23,99.18,2.53,120.6,23.1,37.23,0.77,0.75,81.32
2022-08-30,DA NANG,16.044,108.199,0.89,28.06,31.03,25.74,24.39,28.42,81.1,19.43,99.04,1.68,106.4,25.64,36.64,0.77,0.75,36.51
2022-08-31,DA NANG,16.044,108.199,0.25,28.3,31.86,25.75,23.9,28.57,78.18,18.92,98.9,1.79,104.8,24.73,37.1,0.76,0.75,31.38
2022-09-01,DA NANG,16.044,108.199,0.93,28.83,32.34,26.16,24.13,29.03,76.78,19.14,98.99,1.6,62.3,23.53,37.32,0.76,0.74,59.44
2022-09-02,DA NANG,16.044,108.199,0.55,28.75,32.45,25.88,23.74,28.9,75.53,18.72,98.92,1.7,12.2,22.77,37.48,0.75,0.74,78.83
2022-09-03,DA NANG,16.044,108.199,5.69,28.69,31.69,26.82,24.72,28.85,79.87,19.86,98.82,1.49,338.0,21.41,37.74,0.77,0.74,85.25
2022-09-04,DA NANG,16.044,108.199,3.31,28.9,32.43,26.29,24.62,28.93,78.49,19.74,98.87,2.57,320.6,24.44,37.43,0.77,0.74,36.12
2022-09-05,DA NANG,16.044,108.199,3.85,28.62,31.29,27.02,24.65,28.8,79.66,19.76,98.93,2.64,344.4,20.78,38.03,0.77,0.74,92.88
2022-09-06,DA NANG,16.044,108.199,17.22,28.07,30.7,26.11,24.56,28.35,81.78,19.62,99.03,2.45,34.2,18.08,38.28,0.82,0.75,94.2
2022-09-07,DA NANG,16.044,108.199,71.29,26.55,27.52,25.28,24.84,27.17,90.37,19.94,99.11,3.87,78.4,3.88,37.91,0.92,0.81,99.64
2022-09-08,DA NANG,16.044,108.199,9.19,27.21,29.49,26.15,24.76,27.65,86.73,19.81,99.25,3.96,125.8,12.89,38.2,0.83,0.81,98.9
2022-09-09,DA NANG,16.044,108.199,8.78,27.59,29.48,26.19,25.09,27.77,86.32,20.19,99.3,2.83,118.5,20.39,37.81,0.84,0.81,79.72
2022-09-10,DA NANG,16.044,108.199,3.6,27.28,29.35,25.59,24.33,27.62,84.07,19.31,99.25,2.37,86.2,17.77,37.35,0.81,0.8,73.06
2022-09-11,DA NANG,16.044,108.199,2.56,27.42,30.47,25.05,23.58,28.11,80.32,18.48,99.15,2.34,63.7,20.74,36.97,0.8,0.78,76.92
2022-09-12,DA NANG,16.044,108.199,0.59,27.8,30.98,25.62,22.54,27.95,73.65,17.35,99.1,1.54,48.8,23.21,35.94,0.79,0.78,63.48
2022-09-13,DA NANG,16.044,108.199,1.23,27.82,31.39,24.63,22.4,28.02,73.77,17.24,99.15,1.82,100.1,24.2,35.64,0.78,0.77,55.51
2022-09-14,DA NANG,16.044,108.199,3.0,27.68,31.33,25.53,23.73,28.2,79.91,18.68,99.11,1.35,103.0,23.67,36.15,0.79,0.77,55.56
2022-09-15,DA NANG,16.044,108.199,0.84,27.24,29.91,24.92,23.05,27.48,78.31,17.93,98.9,1.89,222.5,24.15,36.34,0.78,0.76,48.66
2022-09-16,DA NANG,16.044,108.199,7.15,28.3,32.96,25.23,23.53,28.65,76.81,18.5,98.77,2.3,109.0,24.92,36.95,0.79,0.76,34.55
2022-09-17,DA NANG,16.044,108.199,2.27,28.59,32.99,26.14,23.73,28.73,76.22,18.71,98.87,1.82,63.9,24.73,36.75,0.78,0.76,38.36
2022-09-18,DA NANG,16.044,108.199,1.24,27.98,30.76,25.8,23.74,28.45,78.43,18.69,98.94,1.74,60.3,24.07,36.75,0.78,0.76,52.53
2022-09-19,DA NANG,16.044,108.199,0.33,27.84,30.65,25.62,24.16,28.06,80.71,19.17,98.88,2.03,57.0,21.73,36.89,0.77,0.75,89.1
2022-09-20,DA NANG,16.044,108.199,4.74,27.65,30.36,25.78,24.16,28.11,81.78,19.16,98.93,1.98,107.2,22.66,36.84,0.78,0.75,79.52
2022-09-21,DA NANG,16.044,108.199,6.39,27.23,29.65,25.77,24.19,27.81,83.9,19.2,98.97,2.51,107.4,13.99,37.52,0.8,0.76,96.41
2022-09-22,DA NANG,16.044,108.199,36.4,26.17,27.41,25.34,24.59,26.91,90.96,19.66,98.99,2.82,91.3,5.68,37.79,0.89,0.79,99.66
2022-09-23,DA NANG,16.044,108.199,19.91,26.57,28.9,25.24,24.0,27.44,85.97,18.97,99.02,1.7,66.5,7.21,37.51,0.86,0.82,99.86
2022-09-24,DA NANG,16.044,108.199,22.3,26.37,27.97,24.99,23.9,27.13,86.5,18.86,98.96,1.72,66.1,4.97,37.8,0.88,0.82,98.16
2022-09-25,DA NANG,16.044,108.199,15.99,26.46,28.03,25.46,24.26,27.03,87.78,19.25,99.07,2.13,54.1,11.47,37.71,0.88,0.84,90.55
2022-09-26,DA NANG,16.044,108.199,13.29,25.99,27.61,24.55,23.86,26.46,88.08,18.82,98.98,3.03,335.0,5.65,37.48,0.87,0.84,99.89
2022-09-27,DA NANG,16.044,108.199,73.91,26.46,27.53,25.24,24.55,26.94,89.37,19.86,97.88,9.75,335.6,1.86,37.68,0.92,0.85,99.17
2022-09-28,DA NANG,16.044,108.199,14.42,26.67,28.59,25.08,24.7,26.92,89.0,19.98,98.05,6.21,117.3,16.68,37.44,0.89,0.87,99.24
2022-09-29,DA NANG,16.044,108.199,9.16,27.29,30.53,25.74,23.95,27.51,82.82,18.97,98.76,2.82,115.8,18.54,37.46,0.86,0.85,98.43
2022-09-30,DA NANG,16.044,108.199,15.53,27.26,29.76,26.01,24.82,27.56,87.07,19.95,98.96,3.08,115.5,21.26,37.31,0.88,0.85,90.09
2022-10-01,DA NANG,16.044,108.199,17.97,27.22,30.13,25.52,24.85,27.5,87.54,19.96,99.11,2.94,124.2,12.19,37.61,0.89,0.86,97.88
2022-10-02,DA NANG,16.044,108.199,9.66,26.21,28.23,24.93,24.34,26.6,89.52,19.33,99.16,3.37,108.3,19.7,36.86,0.88,0.87,87.58
2022-10-03,DA NANG,16.044,108.199,5.26,26.3,28.07,25.16,23.9,26.67,86.77,18.79,99.29,2.17,81.5,19.96,36.91,0.86,0.86,71.23
2022-10-04,DA NANG,16.044,108.199,7.68,26.39,28.33,24.81,23.34,26.57,83.44,18.16,99.41,1.33,70.2,6.17,37.07,0.87,0.86,93.93
2022-10-05,DA NANG,16.044,108.199,13.42,26.4,28.04,25.42,23.5,26.41,84.29,18.34,99.41,1.01,51.9,16.6,37.3,0.88,0.86,95.25
2022-10-06,DA NANG,16.044,108.199,10.08,26.49,29.05,24.36,23.54,26.68,84.3,18.39,99.4,1.55,33.9,11.16,36.73,0.89,0.88,68.81
2022-10-07,DA NANG,16.044,108.199,11.16,26.56,29.36,25.07,23.36,26.78,82.87,18.18,99.4,2.0,41.0,19.91,36.63,0.88,0.87,95.4
2022-10-08,DA NANG,16.044,108.199,34.41,26.91,29.62,25.42,24.02,27.29,84.85,18.92,99.43,2.1,44.2,16.98,37.35,0.92,0.89,98.22
2022-10-09,DA NANG,16.044,108.199,108.2,26.44,27.27,25.84,25.07,26.59,92.13,20.1,99.58,3.75,46.3,13.7,37.69,0.99,0.93,98.98
2022-10-10,DA NANG,16.044,108.199,99.36,24.86,26.22,23.6,23.27,25.29,90.8,18.02,99.67,5.31,28.6,10.2,37.2,1.0,0.97,99.54
2022-10-11,DA NANG,16.044,108.199,23.34,24.61,26.63,23.08,21.86,25.05,84.78,16.53,99.59,4.14,13.2,14.09,37.31,0.95,0.98,83.05
2022-10-12,DA NANG,16.044,108.199,3.85,24.4,27.14,22.72,21.04,24.85,81.77,15.75,99.49,3.68,7.1,11.71,37.13,0.93,0.96,97.22
2022-10-13,DA NANG,16.044,108.199,98.33,24.2,26.81,22.44,20.81,24.65,81.62,15.55,99.26,5.01,347.3,12.71,36.24,0.94,0.96,98.46
2022-10-14,DA NANG,16.044,108.199,389.24,25.2,26.26,22.79,24.35,25.56,94.97,19.48,98.75,6.56,22.2,1.84,37.29,1.0,0.99,99.24
2022-10-15,DA NANG,16.044,108.199,52.52,25.79,26.75,25.1,24.47,25.95,92.34,19.5,99.0,5.14,78.4,9.69,37.93,0.98,1.0,99.27
2022-10-16,DA NANG,16.044,108.199,5.58,24.42,27.2,21.95,21.11,24.51,82.01,15.87,99.35,4.33,350.1,15.16,35.77,0.96,0.99,92.82
2022-10-17,DA NANG,16.044,108.199,0.1,24.61,27.88,22.55,20.5,24.64,78.32,15.26,99.3,5.05,331.8,17.03,36.03,0.94,0.98,98.22
2022-10-18,DA NANG,16.044,108.199,13.05,24.21,27.28,22.11,20.62,24.66,81.07,15.37,99.28,6.1,340.5,13.9,36.46,0.94,0.97,99.84
2022-10-19,DA NANG,16.044,108.199,14.57,22.37,23.74,21.37,20.59,23.39,89.79,15.35,99.29,6.27,313.6,4.0,36.5,0.95,0.98,98.25
2022-10-20,DA NANG,16.044,108.199,3.0,23.63,27.47,20.83,21.24,24.54,86.92,15.97,99.5,3.85,306.8,11.73,36.67,0.93,0.97,97.95
2022-10-21,DA NANG,16.044,108.199,17.41,25.64,28.28,22.86,23.63,26.12,89.08,18.46,99.53,3.43,359.0,15.16,37.34,0.94,0.97,94.82
2022-10-22,DA NANG,16.044,108.199,17.11,25.09,27.31,23.41,23.24,25.25,89.46,18.02,99.58,4.01,38.6,6.43,37.07,0.95,0.98,98.89
2022-10-23,DA NANG,16.044,108.199,0.67,25.05,27.87,22.98,21.69,25.08,81.95,16.38,99.53,2.93,1.6,18.01,36.15,0.93,0.97,83.19
2022-10-24,DA NANG,16.044,108.199,41.87,24.96,26.56,24.06,22.96,25.28,88.97,17.74,99.39,2.99,358.6,8.5,37.54,0.96,0.97,97.76
2022-10-25,DA NANG,16.044,108.199,64.21,25.4,26.24,24.79,24.53,25.51,94.8,19.48,99.43,4.75,72.9,5.82,37.2,0.98,1.0,99.73
2022-10-26,DA NANG,16.044,108.199,11.03,24.83,26.66,23.39,23.26,25.01,90.94,18.04,99.46,4.11,67.9,17.36,36.86,0.96,0.99,97.16
2022-10-27,DA NANG,16.044,108.199,3.9,24.68,27.22,22.72,22.19,24.96,86.27,16.89,99.48,3.62,54.4,15.42,35.68,0.95,0.98,99.43
2022-10-28,DA NANG,16.044,108.199,1.81,24.2,26.66,22.4,21.65,24.48,85.95,16.34,99.45,4.19,40.8,18.11,35.08,0.94,0.98,99.54
2022-10-29,DA NANG,16.044,108.199,2.73,24.31,26.31,22.63,22.11,24.49,87.54,16.83,99.36,4.82,27.6,13.57,35.71,0.94,0.97,99.41
2022-10-30,DA NANG,16.044,108.199,0.37,24.03,26.7,22.34,21.32,24.28,85.11,16.04,99.29,4.77,346.9,12.72,35.06,0.93,0.97,98.54
2022-10-31,DA NANG,16.044,108.199,0.12,23.57,26.17,21.75,20.08,23.74,80.89,14.86,99.35,6.59,337.6,15.84,34.55,0.92,0.96,93.92
2022-11-01,DA NANG,16.044,108.199,0.09,22.48,25.26,20.23,18.94,22.7,80.66,13.83,99.36,4.84,330.6,14.66,34.83,0.91,0.95,97.23
2022-11-02,DA NANG,16.044,108.199,0.0,22.53,26.33,19.33,17.39,22.37,73.28,12.57,99.34,3.25,319.7,18.64,33.29,0.91,0.94,87.01
2022-11-03,DA NANG,16.044,108.199,0.0,22.92,26.26,21.07,18.48,23.0,76.65,13.42,99.51,2.66,333.8,19.8,33.26,0.9,0.93,37.44
2022-11-04,DA NANG,16.044,108.199,0.08,23.6,26.38,21.99,20.65,24.04,83.88,15.32,99.71,2.57,23.8,19.26,34.38,0.9,0.93,30.99
2022-11-05,DA NANG,16.044,108.199,0.23,23.87,26.18,22.22,21.38,24.31,86.18,16.01,99.79,2.8,26.1,16.13,36.05,0.9,0.92,71.03
2022-11-06,DA NANG,16.044,108.199,0.16,23.68,26.38,21.64,20.97,24.1,85.1,15.64,99.72,3.32,4.1,15.13,35.68,0.89,0.92,71.41
2022-11-07,DA NANG,16.044,108.199,0.19,23.29,26.2,21.24,20.55,23.87,84.95,15.24,99.65,3.33,347.8,16.5,35.1,0.89,0.91,59.52
2022-11-08,DA NANG,16.044,108.199,0.49,24.0,26.97,22.37,21.84,24.45,88.12,16.52,99.59,3.36,1.9,11.48,36.99,0.89,0.91,98.27
2022-11-09,DA NANG,16.044,108.199,2.32,25.07,27.86,23.4,23.11,25.25,89.23,17.85,99.57,2.93,38.6,11.82,37.34,0.89,0.9,93.15
2022-11-10,DA NANG,16.044,108.199,3.82,25.01,27.77,23.43,23.06,25.13,89.21,17.81,99.54,2.95,48.3,14.39,36.29,0.89,0.9,56.07
2022-11-11,DA NANG,16.044,108.199,3.39,24.84,27.74,22.92,22.4,24.96,86.5,17.11,99.55,3.07,51.9,18.95,35.32,0.88,0.9,52.89
2022-11-12,DA NANG,16.044,108.199,5.93,24.99,27.4,23.76,23.3,25.25,90.57,18.09,99.43,3.2,50.3,13.55,36.61,0.89,0.9,92.39
2022-11-13,DA NANG,16.044,108.199,6.49,25.4,27.75,24.08,23.97,25.54,91.99,18.84,99.46,3.37,72.6,16.64,36.8,0.89,0.9,74.32
2022-11-14,DA NANG,16.044,108.199,2.33,25.58,28.19,23.9,23.89,25.71,90.64,18.74,99.45,3.1,63.4,17.65,36.22,0.88,0.9,57.15
2022-11-15,DA NANG,16.044,108.199,2.84,25.47,28.23,23.86,23.5,25.56,89.11,18.32,99.38,2.81,63.9,17.49,35.98,0.88,0.89,44.27
2022-11-16,DA NANG,16.044,108.199,2.53,25.58,28.4,23.95,23.28,25.7,87.51,18.09,99.29,2.33,74.1,17.72,36.0,0.88,0.89,36.33
2022-11-17,DA NANG,16.044,108.199,3.15,25.75,28.47,23.95,23.66,25.85,88.59,18.51,99.31,2.6,72.8,16.45,36.28,0.88,0.89,46.98
2022-11-18,DA NANG,16.044,108.199,2.98,25.56,28.36,23.53,23.37,25.64,88.14,18.18,99.4,2.74,53.9,18.2,36.03,0.87,0.88,77.75
2022-11-19,DA NANG,16.044,108.199,23.95,25.11,26.79,24.15,23.85,25.21,92.75,18.73,99.29,3.52,56.2,11.58,36.68,0.92,0.9,99.33
2022-11-20,DA NANG,16.044,108.199,31.71,25.41,27.37,24.29,23.93,25.5,91.65,18.85,99.12,4.14,56.5,12.57,36.76,0.94,0.92,98.01
2022-11-21,DA NANG,16.044,108.199,49.71,24.72,26.21,23.56,23.63,24.81,93.61,18.55,98.98,3.15,11.4,5.04,37.12,0.96,0.95,99.47
2022-11-22,DA NANG,16.044,108.199,10.1,25.47,27.76,24.11,23.77,25.53,90.59,18.69,99.09,2.73,109.3,9.21,37.15,0.93,0.95,99.25
2022-11-23,DA NANG,16.044,108.199,7.58,25.64,27.64,24.25,24.26,25.7,92.22,19.22,99.22,2.78,111.8,13.04,36.94,0.92,0.95,95.11
2022-11-24,DA NANG,16.044,108.199,3.85,25.53,28.34,23.91,23.7,25.54,89.88,18.55,99.38,3.23,122.6,13.43,36.45,0.91,0.94,87.43
2022-11-25,DA NANG,16.044,108.199,4.49,25.61,27.7,24.1,23.95,25.58,90.74,18.82,99.44,2.25,98.4,14.68,36.36,0.91,0.94,84.48
2022-11-26,DA NANG,16.044,108.199,5.45,25.31,28.03,23.08,23.56,25.61,90.24,18.42,99.32,2.86,123.2,11.53,36.96,0.91,0.94,97.39
2022-11-27,DA NANG,16.044,108.199,0.1,25.56,28.54,23.85,23.34,25.76,87.97,18.19,99.18,3.15,139.2,16.16,36.09,0.9,0.93,63.93
2022-11-28,DA NANG,16.044,108.199,0.02,26.29,29.35,24.58,24.04,26.39,88.01,18.96,99.25,2.58,128.0,18.95,35.77,0.9,0.93,15.32
2022-11-29,DA NANG,16.044,108.199,0.0,26.02,29.51,23.91,23.65,26.04,87.21,18.51,99.34,2.53,123.4,19.06,34.94,0.9,0.92,10.44
2022-11-30,DA NANG,16.044,108.199,0.36,25.98,28.91,24.27,23.75,26.16,87.88,18.58,99.48,2.89,79.1,17.56,36.01,0.89,0.92,38.45
2022-12-01,DA NANG,16.044,108.199,22.04,25.04,27.77,23.22,23.51,25.41,91.31,18.34,99.51,5.85,37.8,16.06,36.6,0.92,0.92,84.85
2022-12-02,DA NANG,16.044,108.199,63.46,23.25,24.74,22.27,21.85,23.91,91.88,16.55,99.53,6.02,27.8,8.13,36.22,0.98,0.96,99.41
2022-12-03,DA NANG,16.044,108.199,33.6,24.18,25.71,23.31,22.86,24.62,92.35,17.59,99.52,4.22,39.2,6.41,36.63,0.96,0.98,96.39
2022-12-04,DA NANG,16.044,108.199,28.95,24.46,26.31,23.2,22.87,24.81,90.88,17.58,99.64,4.7,40.2,11.48,36.47,0.96,0.98,97.64
2022-12-05,DA NANG,16.044,108.199,47.22,22.9,25.03,21.61,21.21,23.48,90.18,15.88,99.73,5.59,28.2,5.19,36.64,0.98,0.99,99.18
2022-12-06,DA NANG,16.044,108.199,21.27,22.49,23.82,21.74,20.73,23.11,89.78,15.4,99.65,4.71,33.7,7.4,36.29,0.97,0.99,93.05
2022-12-07,DA NANG,16.044,108.199,14.67,23.69,25.13,22.93,22.15,24.03,91.08,16.83,99.56,4.72,40.1,8.45,36.82,0.96,0.99,97.59
2022-12-08,DA NANG,16.044,108.199,17.26,23.72,25.98,21.97,21.86,23.87,89.36,16.55,99.55,4.46,57.7,10.21,36.69,0.96,0.99,96.39
2022-12-09,DA NANG,16.044,108.199,14.58,22.96,25.54,21.18,20.65,23.23,86.94,15.35,99.5,3.69,55.7,5.94,36.58,0.96,0.99,99.47
2022-12-10,DA NANG,16.044,108.199,8.9,22.45,24.95,20.9,20.25,22.96,87.46,14.97,99.53,3.37,51.1,10.23,35.87,0.95,0.98,93.18
2022-12-11,DA NANG,16.044,108.199,6.92,21.54,23.5,20.27,19.48,22.18,88.07,14.26,99.63,3.78,31.7,9.98,35.44,0.95,0.98,95.67
2022-12-12,DA NANG,16.044,108.199,1.87,20.25,22.42,18.06,16.9,20.9,81.18,12.1,99.82,4.79,3.6,10.38,34.54,0.94,0.98,91.73
2022-12-13,DA NANG,16.044,108.199,0.07,19.3,22.01,17.65,15.46,20.08,78.86,11.03,99.87,4.1,356.6,12.27,33.55,0.93,0.97,83.49
2022-12-14,DA NANG,16.044,108.199,0.19,19.56,21.88,18.22,16.01,20.36,80.24,11.41,99.88,3.74,353.2,4.95,35.42,0.93,0.96,99.45
2022-12-15,DA NANG,16.044,108.199,0.09,20.63,22.9,19.32,17.64,21.14,83.12,12.71,99.56,2.72,0.9,8.09,35.64,0.92,0.96,93.62
2022-12-16,DA NANG,16.044,108.199,19.58,22.5,24.63,20.99,20.7,22.98,89.76,15.4,99.61,3.9,14.9,4.19,36.28,0.94,0.96,99.64
2022-12-17,DA NANG,16.044,108.199,54.48,18.91,22.06,16.63,16.88,20.08,88.02,12.1,100.23,7.42,14.9,3.94,34.4,0.98,0.98,99.29
2022-12-18,DA NANG,16.044,108.199,5.71,17.23,17.81,16.5,14.94,18.7,86.48,10.63,100.13,4.96,23.4,2.47,34.37,0.95,0.98,99.17
2022-12-19,DA NANG,16.044,108.199,3.08,19.0,20.3,17.49,16.94,19.94,88.01,12.15,99.72,3.58,28.7,7.73,35.22,0.94,0.98,96.94
2022-12-20,DA NANG,16.044,108.199,8.89,21.92,23.64,20.81,20.13,22.33,89.71,14.86,99.54,3.47,36.3,5.75,36.22,0.94,0.97,99.39
2022-12-21,DA NANG,16.044,108.199,10.83,20.28,22.77,18.59,18.1,20.8,87.33,13.12,99.62,4.11,7.5,5.9,35.62,0.95,0.98,98.54
2022-12-22,DA NANG,16.044,108.199,0.11,20.0,22.1,18.61,16.14,20.19,78.51,11.57,99.62,3.33,8.7,8.78,34.67,0.94,0.97,97.83
2022-12-23,DA NANG,16.044,108.199,0.33,20.12,22.54,18.55,16.66,20.66,80.69,11.91,99.77,3.45,44.1,13.23,33.67,0.93,0.97,84.23
2022-12-24,DA NANG,16.044,108.199,0.57,20.15,22.59,18.5,16.7,20.53,80.67,11.92,99.92,4.14,54.7,16.94,31.85,0.93,0.96,58.49
2022-12-25,DA NANG,16.044,108.199,0.43,20.22,22.65,18.46,16.64,20.58,80.19,11.86,100.01,3.31,57.4,16.78,32.14,0.92,0.95,53.43
2022-12-26,DA NANG,16.044,108.199,1.58,20.59,23.34,18.6,17.68,21.03,83.7,12.67,100.05,3.65,60.5,9.85,33.98,0.92,0.95,95.83
2022-12-27,DA NANG,16.044,108.199,2.25,20.64,23.13,19.15,17.86,20.93,84.33,12.83,99.98,3.41,56.1,15.34,34.03,0.91,0.95,90.61
2022-12-28,DA NANG,16.044,108.199,8.48,21.7,23.54,20.85,19.83,21.96,89.22,14.52,99.97,4.18,50.5,10.92,35.37,0.92,0.95,93.38
2022-12-29,DA NANG,16.044,108.199,18.46,20.86,22.98,19.19,19.23,21.34,90.38,13.96,100.17,5.77,32.8,7.41,35.57,0.94,0.96,98.73
2022-12-30,DA NANG,16.044,108.199,6.57,19.46,21.37,18.17,17.25,20.22,87.06,12.3,100.27,4.67,29.7,7.9,34.87,0.92,0.96,93.68
2022-12-31,DA NANG,16.044,108.199,2.57,19.24,21.07,18.32,16.81,20.08,86.02,11.97,100.22,4.02,14.9,12.11,34.13,0.92,0.95,90.65
2023-01-01,DA NANG,16.044,108.199,3.66,19.45,21.29,18.53,17.63,20.31,89.36,12.62,100.13,4.06,5.1,5.29,34.51,0.92,0.95,99.68
2023-01-02,DA NANG,16.044,108.199,6.43,20.13,21.9,19.26,18.6,20.84,91.01,13.42,100.13,4.28,359.8,4.2,35.16,0.92,0.95,99.67
2023-01-03,DA NANG,16.044,108.199,6.51,20.11,21.85,19.34,18.42,20.8,90.05,13.27,100.11,4.34,17.6,3.04,34.9,0.92,0.95,99.88
2023-01-04,DA NANG,16.044,108.199,8.76,20.91,22.26,20.3,19.52,21.33,91.77,14.23,100.02,4.57,33.1,6.35,34.86,0.92,0.95,99.74
2023-01-05,DA NANG,16.044,108.199,5.86,21.38,23.47,19.98,19.65,21.63,89.86,14.35,100.09,4.92,38.6,8.11,34.69,0.92,0.95,99.57
2023-01-06,DA NANG,16.044,108.199,7.34,19.86,21.26,18.6,17.82,20.3,87.97,12.77,100.11,4.78,13.6,5.9,34.9,0.92,0.95,99.72
2023-01-07,DA NANG,16.044,108.199,6.31,19.75,21.45,18.87,17.64,20.36,87.95,12.68,99.86,3.42,13.0,5.69,34.85,0.92,0.95,99.73
2023-01-08,DA NANG,16.044,108.199,7.28,21.3,22.47,20.36,20.33,21.63,94.28,15.02,99.75,3.4,357.0,4.68,35.64,0.92,0.95,99.02
2023-01-09,DA NANG,16.044,108.199,3.17,22.38,24.91,20.89,21.27,22.56,93.55,15.92,99.74,2.55,19.9,4.74,35.94,0.92,0.95,99.36
2023-01-10,DA NANG,16.044,108.199,2.61,22.47,25.34,20.63,21.06,22.59,91.93,15.74,99.62,2.31,28.6,5.41,36.04,0.91,0.94,99.2
2023-01-11,DA NANG,16.044,108.199,1.64,22.5,25.48,20.86,20.83,22.55,90.51,15.53,99.47,1.86,58.2,9.99,35.67,0.91,0.94,92.72
2023-01-12,DA NANG,16.044,108.199,1.77,23.0,26.57,21.12,20.99,23.1,88.98,15.71,99.35,1.8,102.4,15.01,35.51,0.91,0.94,85.87
2023-01-13,DA NANG,16.044,108.199,0.06,23.9,28.29,20.86,21.78,23.54,88.74,16.53,99.22,1.93,159.4,17.19,34.29,0.9,0.93,28.42
2023-01-14,DA NANG,16.044,108.199,0.0,23.85,28.54,20.13,19.45,22.85,77.59,14.34,99.11,1.71,210.0,19.35,32.96,0.9,0.92,34.18
2023-01-15,DA NANG,16.044,108.199,2.05,23.0,27.79,19.84,19.88,22.98,83.97,14.68,99.42,2.84,350.2,18.75,33.58,0.89,0.92,42.85
2023-01-16,DA NANG,16.044,108.199,4.75,19.73,21.65,18.4,18.04,20.31,90.02,12.99,99.9,4.55,18.7,4.48,34.84,0.9,0.92,99.2
2023-01-17,DA NANG,16.044,108.199,5.32,19.56,21.53,18.05,17.57,20.19,88.34,12.58,100.1,4.61,28.8,6.56,34.53,0.9,0.92,98.93
2023-01-18,DA NANG,16.044,108.199,3.46,18.6,20.11,17.8,16.36,19.35,86.91,11.63,100.16,3.82,22.7,8.35,33.83,0.9,0.92,94.92
2023-01-19,DA NANG,16.044,108.199,0.99,19.02,21.33,17.37,16.47,19.7,85.35,11.73,100.04,3.27,29.0,10.5,34.54,0.89,0.91,91.58
2023-01-20,DA NANG,16.044,108.199,0.74,19.41,22.19,17.92,16.64,19.8,84.21,11.87,99.99,3.21,18.3,9.98,34.54,0.89,0.91,98.74
2023-01-21,DA NANG,16.044,108.199,1.76,21.0,23.29,19.76,19.22,20.93,89.76,14.02,99.68,2.13,31.6,8.15,35.09,0.89,0.91,97.65
2023-01-22,DA NANG,16.044,108.199,0.6,22.19,25.38,20.53,20.57,22.1,90.94,15.28,99.51,2.31,67.2,13.81,35.7,0.88,0.9,96.19
2023-01-23,DA NANG,16.044,108.199,16.72,22.76,25.39,21.41,21.3,22.8,91.7,15.96,99.59,3.63,56.9,10.67,36.13,0.9,0.9,99.02
2023-01-24,DA NANG,16.044,108.199,39.91,18.84,21.66,16.88,16.93,19.55,88.69,12.12,100.1,6.39,22.4,4.93,34.59,0.96,0.94,99.36
2023-01-25,DA NANG,16.044,108.199,7.78,18.39,20.07,17.51,15.94,18.9,85.68,11.36,99.83,3.37,27.8,11.35,34.37,0.92,0.94,97.76
2023-01-26,DA NANG,16.044,108.199,5.53,20.54,23.05,19.13,18.39,20.88,87.86,13.3,99.68,2.83,57.8,8.48,35.59,0.91,0.93,99.22
2023-01-27,DA NANG,16.044,108.199,43.64,19.71,22.87,17.19,17.91,20.24,89.36,12.91,99.96,6.15,23.7,9.92,34.68,0.96,0.95,99.47
2023-01-28,DA NANG,16.044,108.199,13.21,16.98,18.38,16.02,14.59,17.92,85.76,10.39,100.08,4.84,19.2,8.31,33.92,0.94,0.97,96.96
2023-01-29,DA NANG,16.044,108.199,0.99,16.43,18.36,15.06,12.83,16.9,79.41,9.29,100.18,3.95,11.2,13.69,32.9,0.92,0.96,82.8
2023-01-30,DA NANG,16.044,108.199,0.14,17.29,19.85,15.51,12.75,17.72,75.1,9.24,99.95,2.23,5.9,12.98,32.77,0.91,0.95,80.94
2023-01-31,DA NANG,16.044,108.199,0.07,19.48,22.49,17.36,17.18,19.67,87.09,12.37,99.54,1.8,122.7,16.03,33.49,0.91,0.94,64.51
2023-02-01,DA NANG,16.044,108.199,0.52,21.49,24.33,19.96,19.72,21.49,90.08,14.5,99.46,1.95,118.9,19.75,34.12,0.91,0.94,56.02
2023-02-02,DA NANG,16.044,108.199,2.41,22.85,25.91,20.86,21.75,22.71,93.63,16.44,99.57,2.97,94.5,6.98,36.48,0.91,0.94,99.28
2023-02-03,DA NANG,16.044,108.199,0.27,22.63,25.73,20.51,21.08,22.48,91.34,15.76,99.58,2.78,108.1,17.36,34.86,0.9,0.93,62.41
2023-02-04,DA NANG,16.044,108.199,0.43,22.8,26.03,20.71,21.2,22.63,91.15,15.9,99.43,2.75,112.2,16.34,34.79,0.9,0.92,61.59
2023-02-05,DA NANG,16.044,108.199,0.0,22.72,26.49,20.31,21.04,22.52,90.83,15.76,99.39,2.85,124.2,20.21,33.74,0.89,0.92,39.34
2023-02-06,DA NANG,16.044,108.199,0.0,22.85,26.54,20.98,20.93,22.58,89.55,15.65,99.31,2.48,125.7,18.26,33.78,0.89,0.91,73.95
2023-02-07,DA NANG,16.044,108.199,0.0,23.67,27.22,21.83,22.03,23.53,91.01,16.74,99.39,2.72,116.9,18.89,34.67,0.89,0.91,67.08
2023-02-08,DA NANG,16.044,108.199,0.0,23.28,26.72,20.76,21.58,23.08,90.63,16.28,99.39,3.25,125.4,20.08,34.0,0.88,0.9,39.7
2023-02-09,DA NANG,16.044,108.199,0.0,23.54,27.16,21.3,21.67,23.4,89.79,16.37,99.38,3.07,121.9,20.7,34.1,0.88,0.89,39.06
2023-02-10,DA NANG,16.044,108.199,0.02,23.23,27.12,20.47,21.43,23.11,90.24,16.15,99.4,3.38,132.8,20.83,33.26,0.87,0.89,21.64
2023-02-11,DA NANG,16.044,108.199,0.01,23.72,27.83,21.19,21.69,23.57,89.05,16.42,99.28,3.17,134.7,21.06,33.55,0.87,0.88,18.39
2023-02-12,DA NANG,16.044,108.199,0.01,24.82,29.2,22.17,22.36,24.49,87.09,17.12,99.25,2.46,139.3,20.48,34.23,0.87,0.88,28.65
2023-02-13,DA NANG,16.044,108.199,0.4,25.22,30.16,22.45,22.67,24.75,86.94,17.43,99.31,1.66,101.7,20.11,34.52,0.86,0.87,62.3
2023-02-14,DA NANG,16.044,108.199,29.42,23.18,26.44,21.1,21.74,23.24,91.81,16.43,99.61,4.2,34.1,11.07,36.52,0.91,0.88,96.42
2023-02-15,DA NANG,16.044,108.199,33.74,21.99,23.8,20.64,20.53,22.05,91.4,15.18,99.93,5.27,59.8,4.66,35.91,0.94,0.92,97.35
2023-02-16,DA NANG,16.044,108.199,6.76,21.28,23.5,19.55,19.01,21.46,87.09,13.78,100.04,4.41,57.3,17.29,33.8,0.9,0.92,64.42
2023-02-17,DA NANG,16.044,108.199,3.57,21.42,24.17,19.95,19.07,21.51,86.74,13.86,99.84,2.99,40.0,15.39,35.07,0.89,0.91,85.33
2023-02-18,DA NANG,16.044,108.199,2.24,22.21,25.29,20.16,19.86,22.33,86.97,14.59,99.69,2.55,55.6,16.11,34.94,0.88,0.9,82.17
2023-02-19,DA NANG,16.044,108.199,5.48,21.84,24.68,19.99,19.49,22.0,86.88,14.24,99.79,3.5,18.1,17.57,35.35,0.89,0.9,90.93
2023-02-20,DA NANG,16.044,108.199,2.17,21.58,24.56,19.33,18.93,21.7,85.33,13.74,99.84,3.37,43.6,11.05,35.04,0.88,0.9,86.91
2023-02-21,DA NANG,16.044,108.199,1.54,21.3,24.31,19.32,18.38,21.41,83.74,13.26,99.96,3.65,56.9,16.05,34.5,0.88,0.89,78.28
2023-02-22,DA NANG,16.044,108.199,3.69,21.23,23.92,19.16,18.81,21.29,86.3,13.64,99.85,3.77,61.4,13.83,34.23,0.88,0.89,83.42
2023-02-23,DA NANG,16.044,108.199,1.06,20.91,24.34,18.35,17.68,20.36,81.97,12.73,99.73,2.19,71.2,21.79,31.72,0.87,0.88,28.7
2023-02-24,DA NANG,16.044,108.199,3.87,20.98,23.95,19.1,18.02,21.25,83.55,12.94,100.01,3.33,37.4,18.55,34.59,0.87,0.88,80.48
2023-02-25,DA NANG,16.044,108.199,7.64,20.51,22.89,18.87,17.9,20.83,85.2,12.8,100.4,5.37,35.8,10.95,35.37,0.88,0.88,97.33
2023-02-26,DA NANG,16.044,108.199,3.34,19.45,21.04,18.25,16.92,19.9,85.39,12.01,100.47,5.24,39.1,16.12,34.63,0.87,0.88,91.92
2023-02-27,DA NANG,16.044,108.199,6.78,20.37,22.42,19.31,18.41,20.81,88.74,13.24,100.25,4.11,40.6,12.07,35.07,0.88,0.88,99.2
2023-02-28,DA NANG,16.044,108.199,2.7,20.85,23.51,19.05,18.84,20.95,88.44,13.63,100.1,3.33,51.9,9.4,35.08,0.87,0.88,88.97
2023-03-01,DA NANG,16.044,108.199,1.11,20.86,24.12,18.62,18.6,20.92,87.25,13.42,100.16,3.17,46.5,19.25,33.53,0.86,0.87,57.23
2023-03-02,DA NANG,16.044,108.199,0.14,20.82,23.93,18.76,17.49,20.77,81.7,12.5,100.22,3.19,50.5,20.27,32.5,0.86,0.87,41.68
2023-03-03,DA NANG,16.044,108.199,0.12,21.48,24.43,19.55,18.67,21.57,84.66,13.46,100.29,3.27,55.2,21.52,32.77,0.86,0.86,40.51
2023-03-04,DA NANG,16.044,108.199,0.11,21.12,24.25,18.68,18.05,21.24,83.09,12.93,100.3,3.46,60.5,21.82,32.2,0.85,0.86,30.42
2023-03-05,DA NANG,16.044,108.199,0.17,20.72,23.49,18.65,17.72,20.75,83.27,12.68,100.17,3.29,57.8,19.45,32.9,0.85,0.85,51.31
2023-03-06,DA NANG,16.044,108.199,0.31,21.17,24.24,19.46,17.68,21.11,81.0,12.67,100.0,2.66,76.6,23.23,31.74,0.85,0.85,25.14
2023-03-07,DA NANG,16.044,108.199,0.05,20.59,24.59,16.61,16.62,20.26,78.87,11.88,99.96,2.41,106.8,23.2,31.44,0.84,0.84,19.47
2023-03-08,DA NANG,16.044,108.199,0.07,21.68,25.24,19.59,18.14,21.24,80.85,13.07,99.9,2.02,79.1,20.99,33.57,0.84,0.84,50.68
2023-03-09,DA NANG,16.044,108.199,0.11,21.46,24.7,19.16,18.41,21.01,83.06,13.29,99.87,2.12,46.1,15.32,33.48,0.84,0.83,47.49
2023-03-10,DA NANG,16.044,108.199,0.01,21.47,25.22,18.73,18.34,21.58,82.97,13.26,99.7,2.27,108.7,23.54,32.03,0.83,0.83,17.08
2023-03-11,DA NANG,16.044,108.199,0.09,22.03,25.51,19.98,18.57,21.83,81.15,13.44,99.78,2.14,91.4,22.87,32.57,0.83,0.82,38.42
2023-03-12,DA NANG,16.044,108.199,1.86,22.19,25.43,20.19,19.6,22.4,85.68,14.33,99.9,3.06,49.7,13.29,35.44,0.83,0.82,89.66
2023-03-13,DA NANG,16.044,108.199,4.3,21.78,24.67,19.94,19.52,22.05,87.31,14.26,99.81,3.7,53.9,15.07,34.65,0.84,0.82,95.84
2023-03-14,DA NANG,16.044,108.199,0.93,21.82,25.06,19.63,19.45,22.14,86.85,14.24,99.56,3.2,102.1,13.57,34.05,0.83,0.82,64.47
2023-03-15,DA NANG,16.044,108.199,0.21,22.58,26.06,20.55,19.95,22.72,85.76,14.67,99.64,3.2,113.6,21.88,33.57,0.82,0.81,62.74
2023-03-16,DA NANG,16.044,108.199,0.17,22.62,26.36,19.49,20.09,22.57,86.25,14.8,99.71,2.96,108.5,21.37,33.42,0.82,0.81,76.3
2023-03-17,DA NANG,16.044,108.199,0.0,22.91,26.97,20.21,19.89,23.13,83.69,14.63,99.58,2.76,109.4,23.41,32.6,0.82,0.81,54.27
2023-03-18,DA NANG,16.044,108.199,0.0,22.73,26.83,19.99,19.87,23.04,84.7,14.63,99.49,2.81,116.2,23.98,32.85,0.81,0.8,28.38
2023-03-19,DA NANG,16.044,108.199,0.0,23.01,27.06,20.41,20.55,23.03,87.08,15.31,99.3,3.09,133.3,22.37,33.94,0.81,0.8,82.04
2023-03-20,DA NANG,16.044,108.199,0.0,24.49,28.58,21.93,21.78,24.46,86.04,16.58,99.12,2.85,139.6,20.82,34.37,0.81,0.79,47.73
2023-03-21,DA NANG,16.044,108.199,0.0,26.51,32.42,23.16,22.6,26.05,80.94,17.45,98.94,2.07,154.6,21.62,34.71,0.8,0.79,27.11
2023-03-22,DA NANG,16.044,108.199,0.0,26.96,33.89,23.49,22.8,26.45,80.42,17.72,98.85,2.24,155.7,21.94,34.77,0.8,0.79,16.37
2023-03-23,DA NANG,16.044,108.199,0.05,27.7,33.75,24.18,23.64,27.13,80.55,18.61,98.87,2.02,147.8,20.32,36.26,0.8,0.78,87.4
2023-03-24,DA NANG,16.044,108.199,0.22,26.42,30.93,23.25,23.95,26.13,87.23,18.92,99.02,2.75,132.0,21.14,35.78,0.8,0.78,74.33
2023-03-25,DA NANG,16.044,108.199,0.22,26.4,31.77,23.85,23.5,26.31,85.4,18.4,99.06,2.75,121.6,21.94,35.31,0.79,0.78,78.51
2023-03-26,DA NANG,16.044,108.199,0.15,25.33,29.04,22.96,23.48,25.41,89.93,18.33,99.18,2.86,102.7,14.16,36.84,0.79,0.77,81.89
2023-03-27,DA NANG,16.044,108.199,0.57,25.26,29.26,23.09,23.25,25.27,89.18,18.03,99.35,2.59,71.8,18.22,36.97,0.79,0.77,87.67
2023-03-28,DA NANG,16.044,108.199,0.35,24.81,28.46,22.69,22.85,24.95,89.45,17.58,99.51,1.95,70.9,11.7,36.63,0.79,0.77,93.31
2023-03-29,DA NANG,16.044,108.199,0.31,24.71,28.6,22.47,22.47,24.92,88.0,17.19,99.41,1.86,79.7,13.71,36.22,0.78,0.77,80.65
2023-03-30,DA NANG,16.044,108.199,0.08,24.86,28.57,22.58,22.3,25.07,86.48,17.05,99.25,2.02,99.0,17.28,35.97,0.78,0.76,65.31
2023-03-31,DA NANG,16.044,108.199,0.1,25.24,29.21,22.66,22.96,25.25,87.94,17.75,99.22,2.56,119.6,20.98,35.77,0.78,0.76,60.49
2023-04-01,DA NANG,16.044,108.199,0.02,25.71,29.84,22.92,23.33,25.73,87.57,18.18,99.12,2.93,125.0,18.62,35.94,0.78,0.76,66.41
2023-04-02,DA NANG,16.044,108.199,0.39,26.56,30.78,24.31,23.71,26.44,85.47,18.63,99.01,2.28,136.6,20.1,36.29,0.77,0.76,88.41
2023-04-03,DA NANG,16.044,108.199,0.55,26.83,31.45,23.75,23.95,26.62,85.5,18.93,98.96,2.62,137.0,22.26,36.0,0.77,0.75,58.3
2023-04-04,DA NANG,16.044,108.199,0.26,27.61,32.72,24.78,24.07,27.25,82.41,19.1,98.87,2.18,145.9,23.19,35.91,0.77,0.75,30.99
2023-04-05,DA NANG,16.044,108.199,0.04,28.47,33.86,25.38,23.91,27.79,77.77,18.91,98.93,1.73,168.8,23.14,36.0,0.76,0.75,22.49
2023-04-06,DA NANG,16.044,108.199,0.71,27.61,31.8,24.61,24.11,27.06,82.5,19.09,99.11,1.51,126.4,20.18,36.39,0.76,0.74,44.37
2023-04-07,DA NANG,16.044,108.199,3.67,26.2,29.75,23.78,23.94,26.32,88.09,18.81,99.48,2.84,98.6,18.47,36.29,0.77,0.75,53.08
2023-04-08,DA NANG,16.044,108.199,0.55,24.96,28.66,22.73,22.47,24.97,86.96,17.15,99.72,2.36,65.0,21.52,35.63,0.77,0.74,49.41
2023-04-09,DA NANG,16.044,108.199,0.9,25.05,28.36,23.04,22.93,25.29,88.68,17.67,99.54,2.16,79.5,14.62,36.82,0.77,0.74,96.86
2023-04-10,DA NANG,16.044,108.199,0.08,25.58,29.35,23.23,23.38,25.61,88.27,18.2,99.25,2.93,129.2,18.56,36.19,0.76,0.74,79.23
2023-04-11,DA NANG,16.044,108.199,0.01,25.8,27.98,24.14,24.01,25.55,90.2,18.94,99.12,2.17,131.6,19.11,36.23,0.76,0.74,38.78
2023-04-12,DA NANG,16.044,108.199,0.04,26.59,29.7,24.56,24.63,26.54,89.55,19.69,99.14,2.98,109.3,13.21,37.44,0.76,0.74,66.39
2023-04-13,DA NANG,16.044,108.199,0.03,26.07,29.24,24.14,24.36,26.04,90.64,19.36,99.1,3.0,119.3,15.67,36.94,0.76,0.74,82.86
2023-04-14,DA NANG,16.044,108.199,0.09,26.55,29.33,24.96,24.77,26.34,90.3,19.85,99.02,2.13,114.0,17.97,37.13,0.76,0.73,67.81
2023-04-15,DA NANG,16.044,108.199,1.83,25.93,28.13,24.27,24.73,25.67,93.21,19.8,99.07,1.8,74.5,10.61,37.42,0.76,0.74,99.38
2023-04-16,DA NANG,16.044,108.199,0.57,26.02,28.99,24.22,24.32,25.96,90.79,19.31,99.1,1.7,90.4,11.6,36.88,0.76,0.74,99.06
2023-04-17,DA NANG,16.044,108.199,0.13,26.83,30.2,24.69,24.73,26.55,88.74,19.82,99.07,2.12,143.7,14.48,36.74,0.76,0.74,52.47
2023-04-18,DA NANG,16.044,108.199,0.03,28.28,33.44,24.66,24.33,27.83,80.8,19.4,98.9,1.87,161.6,21.92,35.82,0.75,0.73,2.55
2023-04-19,DA NANG,16.044,108.199,0.02,29.18,35.35,25.15,24.0,28.4,76.1,19.14,98.54,2.02,189.4,23.65,35.68,0.74,0.73,1.75
2023-04-20,DA NANG,16.044,108.199,0.99,29.55,35.33,26.48,24.59,28.87,76.96,19.82,98.49,1.81,172.3,22.91,36.51,0.74,0.72,12.83
2023-04-21,DA NANG,16.044,108.199,7.08,28.76,33.57,25.78,24.73,27.89,79.93,19.9,98.68,1.74,177.1,23.24,37.24,0.78,0.73,56.34
2023-04-22,DA NANG,16.044,108.199,5.59,28.78,33.85,25.94,24.69,28.27,80.11,19.85,98.84,2.01,137.9,23.04,36.93,0.77,0.73,64.04
2023-04-23,DA NANG,16.044,108.199,3.2,27.31,30.33,24.97,24.79,26.96,86.53,19.9,99.13,1.7,122.5,21.76,36.71,0.77,0.74,80.46
2023-04-24,DA NANG,16.044,108.199,1.31,26.76,30.66,23.76,23.91,26.84,85.64,18.84,99.29,2.06,117.0,24.34,35.44,0.75,0.73,31.7
2023-04-25,DA NANG,16.044,108.199,3.06,26.18,29.3,24.08,23.48,26.36,85.73,18.32,99.34,2.13,56.7,20.3,36.82,0.75,0.73,72.05
2023-04-26,DA NANG,16.044,108.199,4.07,26.03,29.15,24.08,23.75,26.22,87.85,18.62,99.31,2.71,48.5,17.06,37.23,0.76,0.73,96.0
2023-04-27,DA NANG,16.044,108.199,0.51,26.21,29.21,24.32,23.92,26.4,87.84,18.8,99.32,2.89,101.8,19.59,36.09,0.74,0.72,42.32
2023-04-28,DA NANG,16.044,108.199,0.12,26.3,29.7,23.9,24.07,26.49,88.14,19.0,99.22,2.76,120.8,23.61,35.76,0.74,0.72,67.23
2023-04-29,DA NANG,16.044,108.199,1.57,26.3,29.64,23.99,23.46,26.42,85.04,18.31,99.22,2.34,110.6,25.03,35.71,0.74,0.72,59.33
2023-04-30,DA NANG,16.044,108.199,3.98,25.6,28.66,23.73,22.91,25.84,85.61,17.69,99.32,1.93,14.3,19.46,36.29,0.76,0.72,85.85
2023-05-01,DA NANG,16.044,108.199,0.06,26.05,29.41,23.75,23.22,26.37,85.26,18.02,99.35,2.4,92.2,19.1,36.04,0.73,0.72,44.52
2023-05-02,DA NANG,16.044,108.199,0.0,26.11,29.94,23.44,23.08,26.28,84.62,17.87,99.37,3.15,123.3,25.36,35.24,0.72,0.71,14.08
2023-05-03,DA NANG,16.044,108.199,0.0,27.1,31.46,24.14,24.07,27.32,84.65,19.0,99.2,3.03,131.0,26.24,35.67,0.72,0.7,20.69
2023-05-04,DA NANG,16.044,108.199,0.0,28.68,33.76,25.8,24.48,28.5,79.61,19.59,98.79,2.41,148.3,25.85,36.23,0.71,0.7,27.0
2023-05-05,DA NANG,16.044,108.199,0.0,29.72,36.08,26.3,25.05,29.33,78.39,20.39,98.5,2.42,155.0,24.99,37.07,0.71,0.69,24.02
2023-05-06,DA NANG,16.044,108.199,0.27,30.07,36.35,26.73,25.44,29.49,78.31,20.85,98.42,2.32,164.4,24.62,37.3,0.7,0.69,12.41
2023-05-07,DA NANG,16.044,108.199,0.35,30.3,35.77,26.79,25.81,29.61,78.77,21.3,98.53,1.81,152.6,24.34,37.68,0.71,0.69,42.13
2023-05-08,DA NANG,16.044,108.199,1.1,27.32,29.59,25.55,25.83,27.21,91.69,21.17,99.0,1.9,19.0,15.06,37.33,0.72,0.69,99.39
2023-05-09,DA NANG,16.044,108.199,2.31,26.88,29.25,25.17,24.72,26.92,88.3,19.81,99.09,1.28,37.4,16.45,37.32,0.72,0.69,96.93
2023-05-10,DA NANG,16.044,108.199,1.84,27.31,30.44,25.25,24.65,27.45,85.95,19.7,99.16,1.84,98.2,20.69,37.34,0.72,0.69,97.14
2023-05-11,DA NANG,16.044,108.199,35.54,26.8,29.07,25.47,24.98,26.99,90.14,20.09,99.25,2.51,57.9,19.89,37.57,0.83,0.72,95.5
2023-05-12,DA NANG,16.044,108.199,26.06,27.22,31.38,25.37,25.3,27.18,90.03,20.55,99.25,2.11,114.8,18.05,37.82,0.86,0.77,96.84
2023-05-13,DA NANG,16.044,108.199,9.81,25.97,27.87,24.36,24.29,26.28,90.62,19.25,99.29,2.1,16.5,15.53,37.85,0.82,0.77,96.8
2023-05-14,DA NANG,16.044,108.199,8.81,26.45,30.32,24.48,24.01,26.81,87.24,18.99,99.22,2.29,357.0,18.66,37.54,0.79,0.76,93.03
2023-05-15,DA NANG,16.044,108.199,1.63,26.83,29.8,24.87,24.5,26.96,87.61,19.53,99.17,2.02,134.5,21.66,37.07,0.77,0.75,78.18
2023-05-16,DA NANG,16.044,108.199,1.15,29.28,34.9,25.29,24.47,28.77,77.25,19.55,99.01,1.97,194.9,23.83,37.21,0.75,0.74,79.13
2023-05-17,DA NANG,16.044,108.199,1.55,29.88,35.6,25.86,24.59,29.35,75.18,19.71,98.95,2.24,208.1,24.55,36.91,0.74,0.73,17.62
2023-05-18,DA NANG,16.044,108.199,0.01,30.06,36.06,26.1,24.55,29.61,74.65,19.71,98.85,2.2,188.6,25.41,36.82,0.73,0.72,11.26
2023-05-19,DA NANG,16.044,108.199,0.49,29.85,35.24,27.36,24.89,29.55,76.47,20.1,98.81,1.94,156.5,24.34,37.78,0.72,0.71,48.3
2023-05-20,DA NANG,16.044,108.199,2.06,29.26,31.94,27.05,25.2,29.15,79.55,20.47,98.86,1.82,171.7,22.77,37.91,0.74,0.71,42.64
2023-05-21,DA NANG,16.044,108.199,0.06,29.69,33.92,26.78,25.3,29.26,78.3,20.58,98.96,1.86,201.0,24.71,37.75,0.72,0.71,50.06
2023-05-22,DA NANG,16.044,108.199,0.01,29.56,33.34,26.8,24.8,28.97,76.54,19.93,98.95,1.99,221.4,25.57,37.44,0.72,0.7,28.04
2023-05-23,DA NANG,16.044,108.199,0.8,29.28,33.07,26.65,25.62,29.1,81.65,20.95,98.97,2.11,199.5,25.16,37.28,0.72,0.7,16.31
2023-05-24,DA NANG,16.044,108.199,1.36,28.75,32.49,26.33,24.65,28.65,79.48,19.74,99.02,1.08,328.4,25.21,37.45,0.73,0.7,59.85
2023-05-25,DA NANG,16.044,108.199,0.32,28.2,32.32,25.93,24.55,28.33,81.55,19.59,99.09,1.32,120.4,23.85,37.24,0.72,0.7,51.15
2023-05-26,DA NANG,16.044,108.199,1.7,27.76,30.9,25.54,24.51,27.95,83.22,19.57,99.03,2.15,123.2,25.68,36.9,0.72,0.7,14.84
2023-05-27,DA NANG,16.044,108.199,2.26,27.66,31.13,25.57,24.37,27.93,82.98,19.4,98.96,2.45,116.6,25.79,37.05,0.72,0.7,30.48
2023-05-28,DA NANG,16.044,108.199,8.66,27.73,30.37,26.07,25.1,27.82,85.97,20.28,98.93,2.27,93.4,22.4,37.87,0.76,0.7,64.62
2023-05-29,DA NANG,16.044,108.199,3.63,28.2,31.24,26.1,24.83,28.38,82.56,19.96,98.94,2.25,90.3,23.2,37.57,0.74,0.71,41.76
2023-05-30,DA NANG,16.044,108.199,0.19,28.29,31.37,25.42,24.51,28.39,80.66,19.6,98.8,1.9,87.7,24.66,36.87,0.72,0.7,68.51
2023-05-31,DA NANG,16.044,108.199,0.73,29.53,33.39,27.05,25.25,29.47,78.77,20.56,98.62,2.09,161.7,25.75,37.23,0.71,0.7,42.77
2023-06-01,DA NANG,16.044,108.199,0.39,29.63,33.93,27.32,25.4,29.48,79.16,20.74,98.61,2.32,207.8,26.39,37.41,0.71,0.69,40.1
2023-06-02,DA NANG,16.044,108.199,2.9,29.89,33.65,26.88,25.7,29.64,79.21,21.09,98.74,1.9,201.4,25.04,38.07,0.72,0.69,55.38
2023-06-03,DA NANG,16.044,108.199,2.27,29.45,32.98,26.57,24.88,29.26,77.24,20.04,98.88,1.4,301.7,24.73,37.72,0.72,0.69,49.77
2023-06-04,DA NANG,16.044,108.199,2.46,28.81,32.1,26.57,24.82,28.84,79.82,19.97,98.81,1.78,91.0,23.57,37.64,0.72,0.69,57.94
2023-06-05,DA NANG,16.044,108.199,3.97,28.55,31.6,26.04,24.83,28.69,80.97,20.01,98.71,1.96,38.3,22.3,37.76,0.72,0.69,96.6
2023-06-06,DA NANG,16.044,108.199,16.0,28.25,31.4,26.25,24.91,28.48,82.89,20.12,98.7,1.86,100.2,15.06,37.98,0.78,0.7,97.72
2023-06-07,DA NANG,16.044,108.199,4.33,28.38,31.87,26.24,24.67,28.38,81.17,19.86,98.86,1.4,205.9,14.62,38.1,0.75,0.72,99.28
2023-06-08,DA NANG,16.044,108.199,7.47,28.64,31.92,26.14,24.71,28.73,80.23,19.88,98.75,1.79,201.7,20.17,37.95,0.76,0.72,89.89
2023-06-09,DA NANG,16.044,108.199,2.11,28.66,31.57,25.99,24.62,28.51,79.32,19.78,98.59,1.43,229.3,21.7,38.24,0.74,0.71,91.7
2023-06-10,DA NANG,16.044,108.199,2.26,28.72,32.1,26.24,25.18,28.55,81.8,20.51,98.49,1.8,277.8,23.09,37.98,0.73,0.71,86.96
2023-06-11,DA NANG,16.044,108.199,2.19,28.09,30.92,25.65,24.62,28.01,81.78,19.79,98.54,1.98,233.4,23.78,37.87,0.73,0.71,92.31
2023-06-12,DA NANG,16.044,108.199,0.31,28.71,32.07,26.34,24.84,28.76,80.42,20.07,98.63,1.45,176.9,23.44,38.05,0.72,0.7,86.47
2023-06-13,DA NANG,16.044,108.199,0.42,28.84,32.12,25.95,24.44,28.69,77.76,19.54,98.73,1.7,220.1,23.23,37.94,0.71,0.7,81.99
2023-06-14,DA NANG,16.044,108.199,1.37,29.2,32.34,27.11,24.71,28.89,77.41,19.84,98.88,1.38,217.1,19.35,38.36,0.72,0.69,98.61
2023-06-15,DA NANG,16.044,108.199,22.09,29.05,32.47,26.3,24.63,28.86,77.86,19.76,98.84,1.48,205.5,23.11,38.0,0.8,0.7,86.47
2023-06-16,DA NANG,16.044,108.199,5.56,28.95,32.17,26.48,24.74,29.01,78.83,19.89,98.84,1.4,176.6,24.55,37.78,0.77,0.73,72.38
2023-06-17,DA NANG,16.044,108.199,14.31,28.41,31.77,26.41,24.84,28.76,81.69,19.97,98.92,1.93,157.6,24.97,37.95,0.79,0.73,58.23
2023-06-18,DA NANG,16.044,108.199,11.1,28.81,32.53,26.48,24.18,28.92,77.09,19.22,98.91,1.82,209.8,24.47,37.84,0.78,0.73,67.19
2023-06-19,DA NANG,16.044,108.199,3.36,29.46,33.09,26.84,24.42,29.46,75.8,19.55,98.84,1.77,162.4,25.42,37.77,0.77,0.73,27.0
2023-06-20,DA NANG,16.044,108.199,0.06,29.63,33.63,26.83,24.82,29.62,76.58,19.98,98.86,1.86,161.0,26.55,37.85,0.74,0.72,33.38
2023-06-21,DA NANG,16.044,108.199,0.05,29.7,33.63,26.73,24.73,29.72,75.94,19.88,98.93,1.69,150.6,25.92,37.85,0.73,0.71,28.63
2023-06-22,DA NANG,16.044,108.199,0.04,29.81,33.8,26.97,24.76,29.74,75.66,19.92,98.86,2.04,186.2,26.56,37.74,0.72,0.7,43.5
2023-06-23,DA NANG,16.044,108.199,0.39,29.57,33.07,27.17,25.75,29.51,80.98,21.16,98.78,2.02,148.0,25.43,38.09,0.72,0.7,79.99
2023-06-24,DA NANG,16.044,108.199,0.19,29.41,32.67,27.08,25.55,29.54,80.64,20.91,98.75,1.41,162.5,20.99,38.24,0.72,0.7,98.98
2023-06-25,DA NANG,16.044,108.199,0.36,28.17,30.49,26.51,25.56,28.28,86.03,20.89,98.82,2.13,41.0,21.89,37.71,0.72,0.7,98.1
2023-06-26,DA NANG,16.044,108.199,0.11,27.59,29.6,26.25,25.38,27.96,87.99,20.63,98.87,2.03,123.0,23.0,37.64,0.72,0.69,90.75
2023-06-27,DA NANG,16.044,108.199,0.07,28.29,32.19,25.74,25.11,28.65,83.83,20.3,98.99,3.12,125.5,24.02,37.23,0.71,0.69,46.93
2023-06-28,DA NANG,16.044,108.199,0.16,28.52,32.68,25.99,24.79,28.81,81.53,19.92,99.0,2.77,128.7,26.32,37.18,0.7,0.68,18.91
2023-06-29,DA NANG,16.044,108.199,1.61,28.67,31.74,26.43,25.47,28.79,83.52,20.77,98.82,1.79,166.1,24.09,37.52,0.71,0.68,71.7
2023-06-30,DA NANG,16.044,108.199,1.35,29.22,33.15,26.26,25.14,29.32,79.76,20.4,98.75,2.17,182.4,24.52,37.9,0.71,0.68,43.0
2023-07-01,DA NANG,16.044,108.199,2.09,28.99,33.75,26.74,25.48,29.21,82.42,20.77,98.86,2.01,140.9,23.33,38.12,0.71,0.68,78.64
2023-07-02,DA NANG,16.044,108.199,2.48,28.48,32.14,25.74,24.67,28.94,80.88,19.78,98.96,2.07,148.4,21.01,37.89,0.71,0.68,96.8
2023-07-03,DA NANG,16.044,108.199,0.61,28.41,31.68,25.9,24.64,28.67,80.94,19.73,99.0,1.66,150.8,19.3,38.15,0.71,0.68,97.48
2023-07-04,DA NANG,16.044,108.199,0.33,28.67,32.0,26.23,24.25,28.79,77.92,19.29,98.99,1.75,171.5,22.72,37.52,0.7,0.68,40.32
2023-07-05,DA NANG,16.044,108.199,0.66,28.35,31.15,26.18,24.36,28.32,79.96,19.43,98.99,1.88,151.5,26.46,37.16,0.7,0.68,14.32
2023-07-06,DA NANG,16.044,108.199,0.16,28.74,32.43,25.89,24.66,28.81,79.77,19.75,99.03,2.04,135.4,27.07,36.92,0.69,0.67,40.48
2023-07-07,DA NANG,16.044,108.199,0.14,28.78,32.7,26.07,25.02,28.93,81.48,20.18,99.05,2.25,130.2,27.16,36.91,0.69,0.67,16.28
2023-07-08,DA NANG,16.044,108.199,1.12,28.54,31.94,26.49,25.44,28.57,84.0,20.68,99.05,1.79,128.7,26.76,37.15,0.69,0.66,31.84
2023-07-09,DA NANG,16.044,108.199,1.31,28.4,32.08,26.62,25.12,28.44,83.31,20.3,99.05,1.82,154.5,26.76,36.92,0.69,0.66,16.52
2023-07-10,DA NANG,16.044,108.199,0.13,28.1,31.04,26.45,24.65,28.03,82.11,19.74,99.01,1.55,84.4,25.99,36.78,0.69,0.66,21.98
2023-07-11,DA NANG,16.044,108.199,0.31,28.94,32.34,26.59,24.85,28.92,79.52,19.97,98.98,1.53,152.8,26.73,37.2,0.68,0.66,49.13
2023-07-12,DA NANG,16.044,108.199,0.12,28.89,32.4,26.05,24.16,28.43,76.37,19.18,98.93,1.88,229.8,26.21,37.11,0.68,0.66,24.43
2023-07-13,DA NANG,16.044,108.199,0.15,29.5,33.81,26.96,24.86,29.29,77.39,20.04,98.81,2.03,166.7,25.42,37.66,0.67,0.65,76.21
2023-07-14,DA NANG,16.044,108.199,2.79,29.86,34.62,26.92,25.3,29.63,78.21,20.63,98.66,2.16,240.3,24.57,37.93,0.68,0.65,90.53
2023-07-15,DA NANG,16.044,108.199,11.78,28.95,33.43,25.48,25.05,28.74,80.27,20.35,98.49,2.07,259.2,24.27,38.09,0.72,0.65,83.29
2023-07-16,DA NANG,16.044,108.199,5.28,27.21,28.69,25.54,24.75,27.36,86.66,20.01,98.29,2.44,292.3,14.12,37.91,0.74,0.67,99.27
2023-07-17,DA NANG,16.044,108.199,2.45,27.55,30.25,25.55,24.89,27.49,85.6,20.2,98.22,3.16,254.6,10.56,38.1,0.71,0.67,99.64
2023-07-18,DA NANG,16.044,108.199,2.85,28.2,30.89,26.0,24.95,28.08,82.93,20.22,98.4,1.56,186.1,20.44,37.95,0.71,0.67,88.97
2023-07-19,DA NANG,16.044,108.199,5.35,28.26,32.51,26.09,25.2,28.42,84.4,20.49,98.58,1.96,98.1,24.25,37.72,0.72,0.67,68.54
2023-07-20,DA NANG,16.044,108.199,2.34,27.93,30.22,26.3,25.31,28.16,85.98,20.58,98.75,2.55,107.2,25.81,37.55,0.71,0.67,54.21
2023-07-21,DA NANG,16.044,108.199,1.59,27.88,30.06,26.62,25.36,28.09,86.67,20.6,98.99,2.79,118.6,25.38,37.39,0.7,0.67,27.51
2023-07-22,DA NANG,16.044,108.199,0.98,27.44,29.88,25.44,24.98,27.76,86.75,20.1,99.14,2.76,133.5,22.86,37.5,0.7,0.67,45.21
2023-07-23,DA NANG,16.044,108.199,1.34,27.81,30.96,25.47,24.06,28.18,80.93,19.06,98.97,2.46,127.6,25.7,37.05,0.69,0.66,45.52
2023-07-24,DA NANG,16.044,108.199,0.94,28.25,31.29,26.09,24.71,28.5,81.98,19.84,98.83,2.51,100.9,24.99,37.31,0.68,0.66,40.2
2023-07-25,DA NANG,16.044,108.199,3.61,27.69,30.07,26.0,24.96,27.92,85.45,20.14,98.82,2.47,112.0,22.68,37.32,0.7,0.66,69.19
2023-07-26,DA NANG,16.044,108.199,1.04,28.35,31.76,25.61,24.73,28.56,81.47,19.89,98.67,2.1,42.3,24.39,36.91,0.68,0.66,76.38
2023-07-27,DA NANG,16.044,108.199,1.62,30.02,34.67,26.91,25.51,29.88,78.13,20.99,98.37,2.34,245.7,22.61,38.11,0.68,0.65,96.09
2023-07-28,DA NANG,16.044,108.199,2.71,29.76,33.44,27.53,25.65,29.45,79.27,21.14,98.25,1.44,229.8,23.81,38.3,0.69,0.65,70.88
2023-07-29,DA NANG,16.044,108.199,9.24,29.27,33.05,26.35,25.8,29.42,82.75,21.3,98.46,1.61,142.3,24.32,38.6,0.72,0.65,68.5
2023-07-30,DA NANG,16.044,108.199,13.42,28.59,30.96,26.42,25.17,28.55,82.04,20.44,98.64,1.59,221.8,22.31,38.2,0.77,0.68,82.12
2023-07-31,DA NANG,16.044,108.199,4.32,28.76,32.29,25.48,24.24,28.66,77.25,19.32,98.72,1.7,255.8,18.7,38.22,0.72,0.68,99.31
2023-08-01,DA NANG,16.044,108.199,2.14,28.37,31.7,25.77,23.84,28.27,76.98,18.83,98.72,2.01,258.4,4.96,38.43,0.7,0.67,99.58
2023-08-02,DA NANG,16.044,108.199,8.73,28.05,31.68,25.29,23.76,28.11,78.02,18.75,98.69,1.98,244.9,11.26,38.25,0.73,0.67,99.49
2023-08-03,DA NANG,16.044,108.199,4.67,28.03,31.16,25.99,24.2,28.06,80.13,19.26,98.7,2.18,221.3,15.55,38.33,0.73,0.68,99.62
2023-08-04,DA NANG,16.044,108.199,0.69,28.09,31.41,26.01,24.13,28.06,79.53,19.14,98.92,2.88,226.0,18.46,38.38,0.7,0.67,97.75
2023-08-05,DA NANG,16.044,108.199,0.16,28.94,33.74,25.3,23.75,28.63,74.67,18.73,98.84,3.04,236.0,23.98,37.63,0.68,0.66,81.62
2023-08-06,DA NANG,16.044,108.199,0.16,29.58,34.34,26.27,24.13,29.26,73.59,19.22,98.6,3.04,239.8,22.87,37.92,0.67,0.65,74.24
2023-08-07,DA NANG,16.044,108.199,0.04,29.24,33.68,25.95,23.66,28.95,72.88,18.67,98.62,3.05,240.7,23.78,37.55,0.66,0.64,43.22
2023-08-08,DA NANG,16.044,108.199,0.04,29.35,33.83,26.33,23.37,29.12,71.57,18.33,98.78,2.57,235.9,25.72,37.3,0.65,0.64,27.61
2023-08-09,DA NANG,16.044,108.199,0.61,30.06,35.0,25.6,23.92,29.79,71.33,18.95,98.88,1.84,232.8,26.15,37.58,0.65,0.63,47.73
2023-08-10,DA NANG,16.044,108.199,1.01,30.26,35.59,26.42,24.84,30.18,74.71,20.08,98.76,2.07,198.5,25.89,37.72,0.65,0.63,27.08
2023-08-11,DA NANG,16.044,108.199,1.76,30.12,33.83,26.72,25.12,29.91,75.79,20.4,98.66,1.59,214.5,23.57,38.53,0.66,0.62,75.71
2023-08-12,DA NANG,16.044,108.199,0.33,29.46,32.48,27.24,24.89,29.14,76.94,20.11,98.64,1.35,211.6,18.33,38.59,0.66,0.63,82.94
2023-08-13,DA NANG,16.044,108.199,1.26,29.91,32.97,26.75,25.1,29.63,76.26,20.37,98.64,1.41,215.7,23.51,38.36,0.66,0.63,42.77
2023-08-14,DA NANG,16.044,108.199,3.19,29.53,33.85,26.82,25.26,29.44,79.0,20.57,98.74,1.82,190.1,23.6,38.05,0.67,0.63,56.8
2023-08-15,DA NANG,16.044,108.199,0.7,29.77,33.82,27.29,25.58,29.75,79.45,20.93,98.84,1.74,179.3,26.05,38.02,0.65,0.63,54.44
2023-08-16,DA NANG,16.044,108.199,2.78,28.78,32.24,26.43,25.1,29.02,81.4,20.31,98.92,2.1,53.6,24.66,37.73,0.66,0.63,65.5
2023-08-17,DA NANG,16.044,108.199,0.39,29.34,33.38,26.92,24.51,29.46,76.55,19.62,98.82,2.25,167.6,25.95,37.56,0.65,0.62,31.49
2023-08-18,DA NANG,16.044,108.199,0.26,29.42,32.9,27.69,25.6,29.47,80.69,20.96,98.69,1.91,64.9,25.93,37.66,0.65,0.62,54.39
2023-08-19,DA NANG,16.044,108.199,2.28,28.9,31.7,26.72,25.93,29.04,84.49,21.37,98.76,1.84,91.5,24.1,37.8,0.66,0.62,86.54
2023-08-20,DA NANG,16.044,108.199,2.06,28.56,31.34,26.53,25.42,28.81,83.76,20.75,98.79,2.13,73.3,23.98,37.8,0.66,0.62,90.2
2023-08-21,DA NANG,16.044,108.199,1.01,28.57,32.04,25.73,23.82,28.89,76.75,18.83,98.88,1.81,262.0,14.53,38.29,0.65,0.62,97.77
2023-08-22,DA NANG,16.044,108.199,1.92,28.61,33.09,26.19,24.34,28.97,79.0,19.42,98.82,2.09,167.3,21.04,38.04,0.65,0.62,90.05
2023-08-23,DA NANG,16.044,108.199,1.27,29.39,33.92,26.59,25.35,29.6,80.38,20.67,98.7,2.23,124.5,23.93,38.2,0.65,0.62,82.84
2023-08-24,DA NANG,16.044,108.199,1.34,27.6,29.43,26.03,24.77,28.09,85.08,19.93,98.84,2.03,175.6,22.15,37.72,0.65,0.62,92.09
2023-08-25,DA NANG,16.044,108.199,0.18,28.58,31.44,26.63,24.38,28.62,78.64,19.47,98.85,1.63,226.6,24.79,37.9,0.65,0.62,73.13
2023-08-26,DA NANG,16.044,108.199,0.62,29.45,33.46,26.64,24.97,29.6,77.97,20.2,98.71,1.09,209.3,23.68,38.4,0.64,0.61,74.67
2023-08-27,DA NANG,16.044,108.199,0.57,29.11,32.42,26.2,24.55,29.08,77.14,19.71,98.53,2.18,242.8,24.39,38.11,0.64,0.61,59.28
2023-08-28,DA NANG,16.044,108.199,13.35,28.98,32.81,25.82,24.53,28.96,77.66,19.72,98.47,1.6,246.7,22.19,38.64,0.71,0.62,90.6
2023-08-29,DA NANG,16.044,108.199,7.3,28.5,31.84,25.98,24.63,28.55,80.31,19.81,98.54,2.92,257.8,11.31,38.6,0.7,0.64,99.18
2023-08-30,DA NANG,16.044,108.199,30.26,27.47,29.63,26.28,25.64,27.93,89.81,21.0,98.7,3.32,324.0,7.91,38.51,0.77,0.66,99.37
2023-08-31,DA NANG,16.044,108.199,11.87,27.11,28.86,25.41,25.0,27.66,88.39,20.21,98.72,2.78,332.9,10.36,38.4,0.77,0.69,99.57
2023-09-01,DA NANG,16.044,108.199,1.13,27.83,31.28,25.24,24.29,28.15,81.84,19.4,98.68,3.35,309.9,14.4,38.14,0.7,0.68,88.98
2023-09-02,DA NANG,16.044,108.199,0.98,28.97,33.01,26.06,24.4,28.82,77.51,19.56,98.53,2.5,299.7,20.62,37.91,0.68,0.66,74.71
2023-09-03,DA NANG,16.044,108.199,21.49,28.95,33.43,25.94,24.22,29.09,77.32,19.36,98.51,2.18,26.0,24.9,37.43,0.74,0.66,61.26
2023-09-04,DA NANG,16.044,108.199,18.9,27.3,29.53,26.09,24.36,27.55,84.21,19.45,98.68,1.68,351.9,22.14,37.8,0.8,0.69,83.61
2023-09-05,DA NANG,16.044,108.199,21.09,28.47,32.45,26.71,25.7,28.85,85.95,21.09,98.76,2.61,73.1,18.71,38.25,0.8,0.7,98.18
2023-09-06,DA NANG,16.044,108.199,8.28,27.2,28.67,26.15,24.78,27.54,86.78,19.91,98.96,1.59,127.6,14.14,37.89,0.77,0.72,94.65
2023-09-07,DA NANG,16.044,108.199,7.75,28.2,30.9,26.17,24.99,28.41,83.62,20.19,98.94,1.79,88.5,22.48,37.98,0.76,0.71,80.7
2023-09-08,DA NANG,16.044,108.199,5.96,28.69,32.4,26.17,25.16,28.95,82.37,20.4,98.87,1.92,131.9,16.83,38.15,0.75,0.7,93.22
2023-09-09,DA NANG,16.044,108.199,15.53,28.71,32.77,26.7,25.27,28.85,82.83,20.56,98.74,1.8,101.8,17.78,38.01,0.78,0.7,99.25
2023-09-10,DA NANG,16.044,108.199,22.04,27.93,31.11,25.65,24.92,28.28,84.53,20.13,98.78,2.05,158.9,16.58,37.96,0.81,0.72,99.67
2023-09-11,DA NANG,16.044,108.199,1.5,28.25,31.48,26.14,24.47,28.22,80.66,19.61,98.8,1.75,184.4,16.69,37.94,0.74,0.72,94.03
2023-09-12,DA NANG,16.044,108.199,2.69,28.44,31.51,25.69,23.97,28.37,77.44,18.98,98.84,1.78,220.7,20.47,38.11,0.73,0.7,93.59
2023-09-13,DA NANG,16.044,108.199,3.66,28.9,32.18,26.17,24.2,28.72,76.54,19.26,98.8,1.65,251.3,20.54,38.19,0.72,0.69,96.01
2023-09-14,DA NANG,16.044,108.199,42.89,28.13,31.6,26.25,25.12,28.42,84.58,20.35,98.78,2.09,69.6,13.32,38.04,0.84,0.71,99.31
2023-09-15,DA NANG,16.044,108.199,16.88,26.74,28.63,25.27,25.21,27.18,91.38,20.45,98.85,2.31,70.5,15.41,37.75,0.83,0.75,99.06
2023-09-16,DA NANG,16.044,108.199,5.02,27.87,31.14,26.07,24.37,28.09,82.13,19.4,99.03,1.9,104.2,14.28,37.68,0.77,0.75,99.51
2023-09-17,DA NANG,16.044,108.199,2.46,27.55,29.69,26.07,24.65,27.72,84.57,19.73,99.04,1.82,130.3,3.97,37.76,0.76,0.73,93.61
2023-09-18,DA NANG,16.044,108.199,0.43,27.85,30.63,26.03,24.25,28.11,81.54,19.23,99.21,1.7,105.7,21.94,37.22,0.74,0.72,57.24
2023-09-19,DA NANG,16.044,108.199,1.0,27.45,29.55,25.84,24.3,27.78,83.24,19.26,99.25,1.61,119.8,24.06,36.9,0.73,0.71,20.07
2023-09-20,DA NANG,16.044,108.199,0.98,28.04,31.09,25.98,24.66,28.34,82.54,19.72,99.17,2.12,105.4,24.49,36.97,0.73,0.7,46.53
2023-09-21,DA NANG,16.044,108.199,0.81,28.29,31.8,25.71,24.61,28.75,81.31,19.66,99.17,2.13,113.8,24.41,37.26,0.72,0.69,30.72
2023-09-22,DA NANG,16.044,108.199,1.64,28.37,31.12,26.41,24.53,28.61,80.37,19.57,99.12,1.92,79.7,23.53,37.25,0.71,0.69,33.9
2023-09-23,DA NANG,16.044,108.199,17.42,27.9,30.4,25.6,24.55,28.2,82.65,19.63,99.06,1.91,0.8,19.67,37.89,0.75,0.69,94.73
2023-09-24,DA NANG,16.044,108.199,122.53,26.7,28.37,25.34,24.99,27.25,90.45,20.18,98.82,2.99,328.2,7.66,38.22,0.96,0.77,99.59
2023-09-25,DA NANG,16.044,108.199,130.58,26.77,27.86,25.71,25.54,27.24,92.9,20.97,98.27,5.9,63.5,5.96,38.23,0.95,0.86,99.39
2023-09-26,DA NANG,16.044,108.199,16.78,28.06,31.46,26.13,24.9,28.21,83.81,20.14,98.68,2.98,134.2,20.2,37.78,0.87,0.85,88.34
2023-09-27,DA NANG,16.044,108.199,25.86,27.95,30.65,26.03,23.69,27.93,78.33,18.62,99.02,1.22,105.8,16.92,37.82,0.86,0.83,99.5
2023-09-28,DA NANG,16.044,108.199,16.72,26.98,29.69,25.34,24.14,27.29,84.7,19.1,99.2,1.41,352.9,13.88,37.51,0.87,0.84,99.3
2023-09-29,DA NANG,16.044,108.199,3.86,27.64,30.72,25.43,24.57,28.01,84.04,19.58,99.28,2.34,347.2,17.0,37.59,0.82,0.81,98.74
2023-09-30,DA NANG,16.044,108.199,5.82,27.04,29.33,25.53,24.47,27.39,86.03,19.47,99.19,2.52,334.3,20.08,37.26,0.82,0.8,68.07
2023-10-01,DA NANG,16.044,108.199,2.28,27.65,30.0,26.0,23.99,27.81,80.79,18.93,99.13,1.62,15.5,21.9,37.08,0.79,0.78,66.71
2023-10-02,DA NANG,16.044,108.199,6.24,27.65,29.93,26.02,24.53,27.77,83.41,19.56,99.16,1.87,12.4,15.47,38.09,0.81,0.78,91.38
2023-10-03,DA NANG,16.044,108.199,14.03,27.61,29.48,26.04,25.0,27.64,85.88,20.13,99.16,1.37,5.2,5.36,38.54,0.84,0.79,99.62
2023-10-04,DA NANG,16.044,108.199,4.24,27.84,30.88,25.72,24.51,27.98,82.57,19.54,99.15,1.41,54.5,16.32,37.53,0.81,0.79,91.31
2023-10-05,DA NANG,16.044,108.199,3.73,27.91,30.29,26.18,24.6,28.09,82.6,19.65,99.08,1.54,75.4,22.38,36.66,0.8,0.78,71.73
2023-10-06,DA NANG,16.044,108.199,11.36,28.73,32.19,26.25,25.04,28.81,81.3,20.2,99.04,1.63,80.3,20.2,37.3,0.83,0.79,88.73
2023-10-07,DA NANG,16.044,108.199,16.96,27.61,29.92,26.22,24.76,27.86,84.88,19.85,99.2,1.34,16.9,18.58,37.4,0.84,0.8,98.1
2023-10-08,DA NANG,16.044,108.199,33.65,27.55,30.08,25.59,24.45,27.95,83.88,19.44,99.33,2.03,30.1,15.77,37.84,0.89,0.82,93.53
2023-10-09,DA NANG,16.044,108.199,27.09,26.54,28.89,25.08,24.24,27.08,87.33,19.16,99.43,2.91,0.0,4.6,38.08,0.91,0.85,99.5
2023-10-10,DA NANG,16.044,108.199,20.75,26.53,28.91,25.24,24.27,27.05,87.6,19.18,99.45,3.51,5.9,6.15,37.7,0.89,0.85,95.96
2023-10-11,DA NANG,16.044,108.199,43.97,26.44,28.08,25.27,24.59,26.7,89.63,19.56,99.5,3.31,6.7,11.54,37.84,0.93,0.87,98.86
2023-10-12,DA NANG,16.044,108.199,173.72,26.49,27.89,25.74,25.36,26.84,93.47,20.49,99.46,4.16,37.6,2.71,38.0,0.99,0.91,99.48
2023-10-13,DA NANG,16.044,108.199,158.37,25.82,27.44,24.71,23.69,26.26,88.17,18.53,99.44,2.52,40.8,1.93,37.5,0.98,0.94,99.5
2023-10-14,DA NANG,16.044,108.199,260.44,25.62,26.72,24.7,24.31,26.11,92.46,19.28,99.23,4.36,18.1,3.59,37.53,1.0,0.96,99.48
2023-10-15,DA NANG,16.044,108.199,88.72,25.57,26.56,24.99,24.1,25.92,91.57,19.04,99.2,4.72,7.3,6.87,37.63,0.99,0.98,99.66
2023-10-16,DA NANG,16.044,108.199,64.36,26.16,27.6,25.4,24.59,26.48,91.08,19.61,99.17,4.36,350.6,5.02,37.8,0.99,0.99,99.6
2023-10-17,DA NANG,16.044,108.199,111.98,26.22,27.39,25.64,24.99,26.48,92.99,20.13,99.04,5.58,331.8,4.38,37.82,1.0,1.0,99.39
2023-10-18,DA NANG,16.044,108.199,34.72,26.64,29.38,25.06,24.55,26.88,88.47,19.58,99.14,2.96,264.1,5.22,37.51,0.98,1.0,99.44
2023-10-19,DA NANG,16.044,108.199,3.86,26.91,29.95,24.87,24.12,26.96,85.21,19.05,99.33,1.79,230.6,15.07,37.25,0.96,0.99,98.75
2023-10-20,DA NANG,16.044,108.199,6.7,26.23,29.51,23.79,23.53,26.43,85.57,18.36,99.5,3.0,343.2,17.58,37.02,0.96,0.99,74.92
2023-10-21,DA NANG,16.044,108.199,3.4,24.95,27.77,23.39,23.08,25.47,89.66,17.83,99.68,4.14,321.8,15.68,37.16,0.95,0.98,91.41
2023-10-22,DA NANG,16.044,108.199,18.72,25.89,28.39,24.31,23.92,26.26,89.14,18.75,99.6,3.02,342.4,14.5,37.53,0.96,0.98,95.64
2023-10-23,DA NANG,16.044,108.199,118.29,25.97,27.13,25.21,24.75,26.21,92.98,19.76,99.39,4.37,5.3,4.83,37.61,1.0,1.0,99.33
2023-10-24,DA NANG,16.044,108.199,26.23,26.1,27.47,25.23,24.94,26.12,93.24,19.98,99.4,3.02,61.0,12.53,37.44,0.98,1.0,97.44
2023-10-25,DA NANG,16.044,108.199,8.76,26.28,28.14,25.13,24.23,26.28,88.56,19.15,99.43,1.95,50.1,15.53,37.18,0.97,1.0,96.47
2023-10-26,DA NANG,16.044,108.199,3.56,26.25,28.27,24.93,23.97,26.32,87.39,18.84,99.42,1.56,68.5,12.96,37.01,0.96,0.99,96.28
2023-10-27,DA NANG,16.044,108.199,4.38,26.77,29.92,25.08,23.81,26.72,84.25,18.69,99.38,1.4,28.6,19.29,36.55,0.96,0.99,68.34
2023-10-28,DA NANG,16.044,108.199,2.99,26.91,29.68,25.27,24.01,26.97,84.58,18.9,99.39,1.75,58.7,18.5,36.81,0.95,0.98,66.47
2023-10-29,DA NANG,16.044,108.199,20.25,26.67,29.11,25.13,24.5,26.75,88.21,19.46,99.44,2.33,72.8,13.03,37.44,0.96,0.98,98.75
2023-10-30,DA NANG,16.044,108.199,44.45,26.02,27.45,25.13,24.54,26.04,91.5,19.47,99.59,3.48,51.0,3.28,37.4,0.98,0.99,98.54
2023-10-31,DA NANG,16.044,108.199,29.28,25.32,26.54,24.33,23.63,25.38,90.27,18.41,99.68,4.14,37.1,15.69,36.84,0.98,1.0,88.7
2023-11-01,DA NANG,16.044,108.199,28.94,25.24,26.19,24.41,23.91,25.42,92.32,18.74,99.6,3.34,27.8,14.74,37.15,0.98,1.0,88.08
2023-11-02,DA NANG,16.044,108.199,16.26,25.57,27.42,24.34,23.92,25.66,90.65,18.78,99.43,2.45,43.3,10.43,37.57,0.97,1.0,98.93
2023-11-03,DA NANG,16.044,108.199,4.86,26.0,28.44,24.72,23.96,26.12,88.72,18.86,99.31,2.38,82.3,16.06,36.98,0.97,0.99,72.8
2023-11-04,DA NANG,16.044,108.199,5.32,26.52,29.09,24.87,24.14,26.51,87.12,19.06,99.34,2.0,48.6,19.54,36.47,0.96,0.99,24.42
2023-11-05,DA NANG,16.044,108.199,4.15,26.46,28.43,25.01,24.11,26.35,87.03,19.01,99.44,1.83,28.7,15.8,37.01,0.96,0.99,79.96
2023-11-06,DA NANG,16.044,108.199,17.54,26.39,28.8,24.93,23.99,26.31,86.92,18.85,99.52,2.19,68.0,17.6,36.64,0.96,0.98,80.53
2023-11-07,DA NANG,16.044,108.199,77.08,26.03,28.34,24.28,23.59,25.94,86.61,18.42,99.49,1.55,103.8,6.78,37.34,0.99,1.0,98.96
2023-11-08,DA NANG,16.044,108.199,41.43,26.28,28.59,24.79,24.07,26.47,87.87,18.96,99.41,2.47,102.6,15.13,36.94,0.98,1.0,81.16
2023-11-09,DA NANG,16.044,108.199,7.01,26.47,28.82,25.2,24.11,26.65,87.05,19.0,99.46,2.07,79.0,16.73,36.49,0.97,0.99,45.4
2023-11-10,DA NANG,16.044,108.199,5.15,26.84,29.39,25.65,24.55,26.89,87.56,19.5,99.57,1.68,79.0,17.23,36.68,0.96,0.99,85.68
2023-11-11,DA NANG,16.044,108.199,3.36,26.53,28.94,24.85,23.85,26.61,85.42,18.67,99.66,1.91,59.0,18.54,36.17,0.96,0.99,41.87
2023-11-12,DA NANG,16.044,108.199,32.7,26.79,28.73,25.7,24.69,27.04,88.46,19.63,99.71,3.68,71.8,16.42,37.42,0.97,0.99,78.47
2023-11-13,DA NANG,16.044,108.199,59.23,25.93,26.94,25.22,24.46,26.04,91.55,19.32,99.83,5.77,59.9,8.07,37.4,0.99,1.0,97.63
2023-11-14,DA NANG,16.044,108.199,106.14,25.5,26.35,24.98,24.19,25.68,92.35,19.01,99.82,5.18,51.9,9.05,37.82,1.0,1.0,97.25
2023-11-15,DA NANG,16.044,108.199,85.31,25.83,27.39,24.93,24.24,25.95,90.89,19.05,99.9,4.87,57.6,13.24,37.6,0.99,1.0,85.91
2023-11-16,DA NANG,16.044,108.199,51.45,24.17,27.14,20.85,22.16,24.64,88.49,16.85,100.19,6.81,23.5,14.47,36.6,0.99,1.0,94.6
2023-11-17,DA NANG,16.044,108.199,5.28,20.52,22.82,18.96,16.95,21.47,80.24,12.11,100.26,4.35,8.5,5.26,34.69,0.97,1.0,89.21
2023-11-18,DA NANG,16.044,108.199,1.56,21.71,23.81,20.75,18.63,22.46,82.88,13.47,100.06,4.01,18.0,16.42,34.33,0.96,0.99,60.2
2023-11-19,DA NANG,16.044,108.199,2.99,22.53,24.32,21.48,19.84,23.0,84.9,14.55,99.85,3.9,25.9,9.93,35.37,0.96,0.99,81.86
2023-11-20,DA NANG,16.044,108.199,2.78,22.85,25.49,21.13,19.91,23.07,83.58,14.64,99.8,3.67,44.3,14.33,35.05,0.95,0.98,75.27
2023-11-21,DA NANG,16.044,108.199,1.64,23.63,25.7,22.58,20.32,23.49,81.85,15.03,99.57,2.22,60.2,15.95,36.28,0.94,0.98,78.82
2023-11-22,DA NANG,16.044,108.199,4.37,24.28,27.11,22.45,21.78,24.43,86.19,16.47,99.5,3.13,71.2,10.42,36.37,0.94,0.97,98.48
2023-11-23,DA NANG,16.044,108.199,2.95,23.78,26.48,21.95,20.86,23.88,83.85,15.55,99.65,3.75,65.4,17.9,34.51,0.93,0.97,79.0
2023-11-24,DA NANG,16.044,108.199,2.23,23.39,25.68,21.96,19.96,23.62,81.27,14.67,99.78,3.41,40.6,16.44,35.01,0.93,0.96,87.82
2023-11-25,DA NANG,16.044,108.199,53.04,24.51,26.18,23.58,22.93,24.71,90.95,17.64,99.69,4.15,55.0,6.64,37.26,0.97,0.98,98.45
2023-11-26,DA NANG,16.044,108.199,29.23,23.7,25.95,22.01,21.56,23.85,87.75,16.22,99.81,4.79,57.4,8.47,36.25,0.97,0.99,87.73
2023-11-27,DA NANG,16.044,108.199,0.46,22.67,25.1,20.96,19.44,23.04,82.16,14.2,99.79,3.73,25.2,15.72,33.83,0.94,0.98,60.28
2023-11-28,DA NANG,16.044,108.199,2.05,23.18,24.94,22.34,20.66,23.44,85.98,15.35,99.67,3.26,34.4,15.28,36.46,0.94,0.97,83.64
2023-11-29,DA NANG,16.044,108.199,6.37,24.57,26.73,23.24,23.09,24.56,91.57,17.83,99.63,2.88,35.3,6.92,37.34,0.94,0.97,92.98
2023-11-30,DA NANG,16.044,108.199,12.33,25.58,27.61,24.66,24.2,25.62,92.18,19.05,99.68,3.54,58.5,11.28,37.38,0.94,0.97,88.26
2023-12-01,DA NANG,16.044,108.199,20.36,24.83,26.28,24.0,23.49,24.83,92.18,18.24,99.7,5.65,59.6,12.53,37.16,0.95,0.98,94.28
2023-12-02,DA NANG,16.044,108.199,16.66,24.62,26.06,23.9,23.19,24.7,91.74,17.9,99.76,5.36,61.2,10.41,36.83,0.95,0.98,98.89
2023-12-03,DA NANG,16.044,108.199,14.71,24.59,26.6,23.43,23.08,24.75,91.36,17.79,99.69,4.28,57.1,13.34,36.17,0.95,0.98,98.78
2023-12-04,DA NANG,16.044,108.199,12.54,24.68,27.13,23.06,23.01,24.8,90.51,17.74,99.59,3.73,52.3,11.39,36.75,0.95,0.98,87.31
2023-12-05,DA NANG,16.044,108.199,2.15,24.37,26.81,22.79,22.33,24.34,88.43,17.02,99.57,2.98,69.6,13.9,35.52,0.94,0.97,80.7
2023-12-06,DA NANG,16.044,108.199,12.98,24.36,27.11,22.9,22.19,24.6,88.12,16.84,99.73,3.06,42.9,13.58,36.26,0.94,0.97,96.61
2023-12-07,DA NANG,16.044,108.199,12.6,22.9,25.12,21.4,20.85,23.29,88.23,15.53,99.71,3.19,20.6,4.36,36.79,0.95,0.98,99.39
2023-12-08,DA NANG,16.044,108.199,0.17,23.44,26.61,21.22,20.59,23.66,84.39,15.3,99.57,1.85,95.8,10.94,35.13,0.93,0.97,97.73
2023-12-09,DA NANG,16.044,108.199,0.08,23.59,27.03,21.63,21.16,23.91,86.7,15.87,99.35,2.44,126.8,13.67,34.1,0.93,0.96,60.19
2023-12-10,DA NANG,16.044,108.199,0.18,24.27,27.97,22.37,22.01,24.37,87.69,16.73,99.34,2.41,125.0,18.63,33.88,0.92,0.96,17.7
2023-12-11,DA NANG,16.044,108.199,4.37,24.85,28.15,23.2,22.46,24.79,86.87,17.17,99.5,2.15,98.7,17.98,34.49,0.92,0.96,25.56
2023-12-12,DA NANG,16.044,108.199,0.24,24.27,27.1,22.55,21.95,24.27,87.05,16.63,99.62,2.98,57.5,15.25,34.86,0.92,0.95,62.98
2023-12-13,DA NANG,16.044,108.199,0.19,24.41,27.08,22.89,22.05,24.42,86.97,16.7,99.74,2.66,75.0,15.09,35.4,0.91,0.95,55.22
2023-12-14,DA NANG,16.044,108.199,0.08,25.09,27.84,23.5,22.92,24.99,88.25,17.64,99.67,2.08,82.8,15.38,36.32,0.91,0.94,81.76
2023-12-15,DA NANG,16.044,108.199,0.15,25.39,28.78,23.59,22.92,25.35,86.59,17.65,99.58,1.73,83.8,17.36,35.15,0.9,0.93,71.18
2023-12-16,DA NANG,16.044,108.199,12.62,24.36,27.29,22.54,22.22,24.78,88.17,16.89,99.81,4.59,19.4,14.8,36.21,0.92,0.93,79.64
2023-12-17,DA NANG,16.044,108.199,37.23,23.66,24.62,23.08,22.2,24.0,91.48,16.83,99.88,5.74,51.1,8.43,36.4,0.96,0.96,87.6
2023-12-18,DA NANG,16.044,108.199,10.33,24.06,26.6,22.58,22.14,24.24,89.23,16.78,99.85,3.72,62.2,13.88,36.03,0.93,0.96,72.38
2023-12-19,DA NANG,16.044,108.199,27.59,23.88,26.61,21.74,21.84,24.28,88.55,16.47,99.9,4.52,38.9,10.84,36.7,0.94,0.96,98.11
2023-12-20,DA NANG,16.044,108.199,44.01,20.93,23.06,19.14,18.73,21.83,87.25,13.54,100.1,5.42,22.4,5.44,35.41,0.97,0.98,99.35
2023-12-21,DA NANG,16.044,108.199,59.82,19.2,20.63,18.3,17.11,20.45,87.69,12.18,100.31,5.92,18.1,6.78,34.49,0.98,0.99,98.89
2023-12-22,DA NANG,16.044,108.199,25.63,18.18,18.8,17.54,16.36,19.65,89.19,11.61,100.51,5.86,15.8,3.91,33.72,0.97,0.99,98.68
2023-12-23,DA NANG,16.044,108.199,15.78,18.98,19.9,18.31,17.29,20.26,90.0,12.32,100.48,5.82,17.6,4.37,34.42,0.97,0.99,99.14
2023-12-24,DA NANG,16.044,108.199,9.41,18.88,20.66,17.43,16.75,20.03,87.41,11.91,100.53,5.37,13.2,5.27,34.21,0.96,0.99,98.74
2023-12-25,DA NANG,16.044,108.199,2.3,19.49,20.88,18.54,17.07,20.39,86.23,12.19,100.3,3.58,21.4,9.26,34.59,0.95,0.98,93.34
2023-12-26,DA NANG,16.044,108.199,3.14,21.71,23.82,20.74,19.62,22.12,88.12,14.3,100.21,3.47,36.3,6.77,35.79,0.95,0.98,99.16
2023-12-27,DA NANG,16.044,108.199,9.94,22.4,24.27,21.35,20.95,22.66,91.59,15.54,100.11,4.07,39.7,4.61,36.27,0.95,0.98,99.48
2023-12-28,DA NANG,16.044,108.199,11.91,22.94,24.82,21.72,21.68,23.06,92.7,16.3,99.93,3.83,50.0,3.66,36.54,0.95,0.98,99.38
2023-12-29,DA NANG,16.044,108.199,11.85,23.36,25.55,22.0,22.16,23.46,93.02,16.81,99.77,3.43,60.8,6.7,36.69,0.95,0.98,98.88
2023-12-30,DA NANG,16.044,108.199,4.22,23.21,25.9,21.54,21.72,23.29,91.51,16.38,99.71,3.11,57.1,9.59,36.26,0.94,0.98,91.55
2023-12-31,DA NANG,16.044,108.199,2.55,22.99,25.74,21.17,21.34,23.01,90.58,16.0,99.74,2.96,49.0,12.42,35.42,0.94,0.97,84.09
2024-01-01,DA NANG,16.044,108.199,4.39,23.01,25.47,21.77,21.28,22.87,90.19,15.93,99.72,2.87,56.7,14.61,35.29,0.94,0.97,77.93
2024-01-02,DA NANG,16.044,108.199,5.42,23.11,25.59,21.44,21.45,22.99,90.46,16.11,99.69,3.3,79.7,9.35,36.08,0.94,0.97,92.02
2024-01-03,DA NANG,16.044,108.199,2.14,22.16,25.06,19.98,19.92,22.25,87.32,14.63,99.85,3.69,67.4,12.83,34.94,0.93,0.96,81.51
2024-01-04,DA NANG,16.044,108.199,0.92,21.34,24.08,19.5,18.81,21.43,85.74,13.63,99.87,3.21,84.5,16.0,33.15,0.92,0.96,50.33
2024-01-05,DA NANG,16.044,108.199,0.21,21.79,24.49,20.26,19.12,21.79,85.21,13.9,99.86,2.91,88.5,16.31,33.89,0.92,0.95,81.0
2024-01-06,DA NANG,16.044,108.199,0.57,22.06,24.83,20.27,19.37,22.07,85.06,14.12,99.88,3.25,64.4,15.82,34.8,0.91,0.95,71.43
2024-01-07,DA NANG,16.044,108.199,0.52,21.8,24.51,20.16,19.48,21.78,86.91,14.22,99.83,3.1,81.6,10.47,35.73,0.91,0.94,89.18
2024-01-08,DA NANG,16.044,108.199,0.13,22.22,25.37,20.19,19.77,22.11,86.29,14.5,99.72,2.36,97.0,17.84,33.18,0.91,0.94,24.13
2024-01-09,DA NANG,16.044,108.199,0.21,22.63,25.94,21.04,19.85,22.6,84.66,14.58,99.63,2.16,81.5,18.14,33.63,0.9,0.93,38.46
2024-01-10,DA NANG,16.044,108.199,0.82,22.64,25.55,20.63,20.4,22.71,87.48,15.1,99.66,3.43,93.2,16.87,35.03,0.9,0.93,61.65
2024-01-11,DA NANG,16.044,108.199,0.16,22.09,25.06,20.2,19.45,22.16,85.16,14.21,99.75,3.42,102.9,14.55,34.59,0.9,0.92,68.41
2024-01-12,DA NANG,16.044,108.199,0.29,22.03,25.04,20.15,19.35,22.15,85.19,14.12,99.71,3.05,97.4,17.58,33.53,0.89,0.92,35.75
2024-01-13,DA NANG,16.044,108.199,1.36,21.73,24.48,20.03,18.88,21.72,84.06,13.7,99.83,3.32,85.6,17.2,33.3,0.89,0.91,50.95
2024-01-14,DA NANG,16.044,108.199,1.81,21.8,24.51,19.99,19.15,21.93,85.23,13.92,99.92,3.22,67.2,13.51,34.51,0.89,0.91,94.01
2024-01-15,DA NANG,16.044,108.199,1.14,21.83,24.71,20.1,19.43,21.96,86.51,14.18,99.88,3.74,71.7,14.82,33.89,0.88,0.9,46.16
2024-01-16,DA NANG,16.044,108.199,0.58,21.96,24.72,20.16,19.28,21.93,85.1,14.05,99.85,3.35,81.3,16.14,33.78,0.88,0.9,71.41
2024-01-17,DA NANG,16.044,108.199,0.48,22.13,25.24,20.13,19.43,22.22,85.03,14.19,99.74,3.12,76.5,17.62,33.53,0.88,0.89,55.87
2024-01-18,DA NANG,16.044,108.199,0.38,22.06,25.29,19.89,18.67,21.88,81.27,13.56,99.67,2.33,83.5,18.52,32.57,0.87,0.89,37.96
2024-01-19,DA NANG,16.044,108.199,0.01,21.93,25.44,19.46,17.76,21.67,77.68,12.8,99.61,1.89,94.0,19.34,31.6,0.87,0.88,22.53
2024-01-20,DA NANG,16.044,108.199,0.04,21.77,25.11,20.06,18.07,21.63,79.86,13.03,99.74,2.25,93.1,19.73,31.79,0.87,0.88,60.91
2024-01-21,DA NANG,16.044,108.199,0.29,22.0,25.27,20.16,18.93,22.16,83.39,13.74,99.85,2.96,99.9,19.46,32.78,0.86,0.87,38.82
2024-01-22,DA NANG,16.044,108.199,9.98,22.02,26.04,18.34,19.15,22.63,84.43,13.93,100.06,4.45,19.9,17.9,33.97,0.88,0.87,54.52
2024-01-23,DA NANG,16.044,108.199,11.56,18.88,20.24,17.91,16.74,20.12,87.51,11.9,100.39,5.28,26.9,4.2,34.56,0.89,0.88,99.43
2024-01-24,DA NANG,16.044,108.199,11.95,19.82,21.06,18.92,17.94,20.7,88.99,12.85,100.38,5.31,35.5,6.11,34.91,0.9,0.89,99.38
2024-01-25,DA NANG,16.044,108.199,7.54,20.62,22.47,19.61,18.84,21.28,89.6,13.58,100.4,4.71,51.3,5.77,35.34,0.89,0.89,99.64
2024-01-26,DA NANG,16.044,108.199,0.44,21.11,23.3,19.85,18.96,21.53,87.69,13.69,100.35,3.67,71.3,6.91,35.78,0.87,0.89,98.95
2024-01-27,DA NANG,16.044,108.199,0.32,21.41,24.06,20.02,19.23,21.81,87.59,13.94,100.25,3.52,61.0,6.47,35.74,0.87,0.88,98.13
2024-01-28,DA NANG,16.044,108.199,0.38,21.49,24.32,19.8,19.43,21.9,88.45,14.12,100.2,3.38,65.1,9.81,35.68,0.87,0.88,99.14
2024-01-29,DA NANG,16.044,108.199,0.05,21.66,24.88,19.7,19.37,21.74,87.25,14.09,100.02,2.62,95.7,8.94,35.14,0.86,0.87,94.32
2024-01-30,DA NANG,16.044,108.199,0.01,21.71,25.35,19.2,19.28,21.86,86.7,14.04,99.91,2.13,111.9,18.73,33.72,0.86,0.87,79.52
2024-01-31,DA NANG,16.044,108.199,0.0,22.61,25.99,20.57,20.7,22.69,89.68,15.36,99.8,2.86,124.4,19.74,33.17,0.86,0.86,28.87
2024-02-01,DA NANG,16.044,108.199,0.0,22.91,26.86,20.4,21.08,22.96,90.05,15.74,99.73,2.88,126.5,19.82,33.49,0.85,0.86,30.56
2024-02-02,DA NANG,16.044,108.199,0.0,22.63,26.84,19.76,20.79,22.66,90.07,15.47,99.68,3.07,129.9,19.12,33.37,0.85,0.85,20.94
2024-02-03,DA NANG,16.044,108.199,0.0,22.68,26.83,20.14,20.55,22.68,88.77,15.25,99.66,3.37,134.9,20.1,33.29,0.85,0.85,22.38
2024-02-04,DA NANG,16.044,108.199,0.14,24.11,28.58,21.43,21.75,24.01,87.66,16.42,99.66,2.46,127.4,17.65,34.69,0.84,0.84,27.85
2024-02-05,DA NANG,16.044,108.199,0.01,24.37,28.5,21.89,22.59,24.33,90.47,17.27,99.72,2.85,120.3,18.86,34.4,0.84,0.84,27.36
2024-02-06,DA NANG,16.044,108.199,0.02,24.07,27.69,21.97,22.33,24.03,90.5,17.0,99.69,3.19,121.3,18.33,34.83,0.84,0.83,40.47
2024-02-07,DA NANG,16.044,108.199,0.06,24.61,28.41,22.37,22.73,24.49,89.78,17.45,99.5,2.63,109.4,14.9,36.35,0.84,0.83,67.39
2024-02-08,DA NANG,16.044,108.199,0.71,22.94,27.06,20.09,21.19,23.27,90.26,15.92,99.69,3.0,15.6,13.86,36.43,0.84,0.83,87.43
2024-02-09,DA NANG,16.044,108.199,0.68,20.73,23.92,18.69,18.85,21.45,89.11,13.67,100.21,4.5,8.4,6.72,35.44,0.83,0.83,99.39
2024-02-10,DA NANG,16.044,108.199,0.26,19.63,22.15,18.17,17.2,20.63,86.04,12.23,100.5,3.84,12.4,6.89,34.81,0.83,0.82,99.17
2024-02-11,DA NANG,16.044,108.199,0.25,19.79,22.22,18.11,17.19,20.56,85.05,12.23,100.46,3.5,31.2,7.19,35.13,0.83,0.82,98.35
2024-02-12,DA NANG,16.044,108.199,0.08,20.58,23.55,18.44,17.92,20.93,85.26,12.83,100.28,2.67,71.9,11.45,34.2,0.83,0.82,79.93
2024-02-13,DA NANG,16.044,108.199,0.02,21.18,24.51,19.08,18.48,21.22,85.17,13.32,100.05,2.58,93.1,18.05,33.58,0.82,0.81,53.31
2024-02-14,DA NANG,16.044,108.199,0.02,22.02,25.57,19.88,19.93,22.09,88.52,14.62,99.85,2.62,105.6,16.09,35.61,0.82,0.81,78.82
2024-02-15,DA NANG,16.044,108.199,0.02,22.16,25.82,19.66,20.27,22.38,89.53,14.92,99.98,2.63,62.1,12.3,36.31,0.82,0.81,94.43
2024-02-16,DA NANG,16.044,108.199,0.0,21.79,25.5,19.42,19.07,21.74,85.06,13.86,99.86,2.36,67.5,19.61,33.06,0.82,0.8,39.0
2024-02-17,DA NANG,16.044,108.199,0.0,22.14,26.29,19.66,19.73,22.23,87.16,14.5,99.54,2.79,127.9,21.88,32.6,0.81,0.8,19.54
2024-02-18,DA NANG,16.044,108.199,0.0,23.99,29.08,20.87,21.23,23.76,86.15,15.96,99.46,2.82,140.0,21.09,33.81,0.81,0.79,48.87
2024-02-19,DA NANG,16.044,108.199,0.0,24.15,28.96,21.27,21.51,23.87,86.42,16.24,99.41,2.78,134.9,17.2,34.33,0.8,0.79,77.48
2024-02-20,DA NANG,16.044,108.199,0.0,25.05,29.92,21.88,22.27,24.72,85.76,17.02,99.32,2.95,134.7,20.5,34.43,0.8,0.79,28.83
2024-02-21,DA NANG,16.044,108.199,0.0,25.43,30.65,22.47,22.67,25.08,86.06,17.44,99.38,2.76,127.4,20.26,34.11,0.8,0.78,11.13
2024-02-22,DA NANG,16.044,108.199,0.0,25.08,29.18,22.81,22.95,24.93,88.79,17.69,99.53,3.01,118.6,20.71,34.45,0.8,0.78,35.74
2024-02-23,DA NANG,16.044,108.199,0.0,23.96,27.9,21.08,22.11,23.97,89.93,16.78,99.76,3.7,108.7,14.66,35.12,0.8,0.78,47.74
2024-02-24,DA NANG,16.044,108.199,0.0,23.17,26.64,20.58,20.1,22.83,83.56,14.78,99.89,2.29,75.6,23.02,32.85,0.79,0.78,19.35
2024-02-25,DA NANG,16.044,108.199,0.52,22.93,26.5,20.49,20.49,23.27,86.77,15.15,99.85,2.79,56.4,21.57,34.19,0.79,0.77,45.09
2024-02-26,DA NANG,16.044,108.199,3.36,23.38,26.37,21.89,21.31,23.73,88.65,15.94,99.84,3.45,55.0,19.69,36.02,0.8,0.77,82.6
2024-02-27,DA NANG,16.044,108.199,3.37,22.9,25.75,20.77,21.34,23.08,91.16,15.99,99.78,3.65,65.0,12.19,36.27,0.81,0.78,95.16
2024-02-28,DA NANG,16.044,108.199,0.06,22.9,26.63,20.59,20.3,23.02,86.07,15.0,99.6,2.52,105.8,21.78,33.4,0.79,0.77,29.3
2024-02-29,DA NANG,16.044,108.199,0.32,23.51,27.21,21.27,21.21,23.72,87.61,15.86,99.68,2.58,74.2,21.58,35.14,0.78,0.77,63.26
2024-03-01,DA NANG,16.044,108.199,1.91,22.23,26.3,19.79,20.01,22.82,87.7,14.73,99.86,3.9,15.7,9.18,36.08,0.79,0.77,98.06
2024-03-02,DA NANG,16.044,108.199,0.4,21.1,23.61,19.66,18.93,21.89,87.67,13.73,99.9,3.74,42.1,8.28,35.6,0.79,0.76,99.63
2024-03-03,DA NANG,16.044,108.199,0.02,22.54,26.28,20.13,20.34,22.85,88.12,15.08,99.47,3.15,123.4,13.41,34.94,0.78,0.76,56.78
2024-03-04,DA NANG,16.044,108.199,0.0,25.47,31.39,22.18,21.67,25.16,81.22,16.44,99.12,2.42,158.1,21.44,34.13,0.77,0.76,10.15
2024-03-05,DA NANG,16.044,108.199,0.0,27.34,33.63,23.2,22.55,26.46,77.14,17.4,98.93,2.1,180.4,21.08,34.83,0.77,0.75,14.97
2024-03-06,DA NANG,16.044,108.199,0.0,26.35,32.77,21.85,22.33,26.02,81.04,17.15,99.1,1.84,334.6,21.28,35.14,0.76,0.75,38.3
2024-03-07,DA NANG,16.044,108.199,0.36,24.31,27.57,22.71,22.24,24.55,88.73,16.94,99.43,2.33,5.1,12.99,37.28,0.77,0.75,96.27
2024-03-08,DA NANG,16.044,108.199,0.21,23.69,26.66,21.91,21.91,23.69,90.19,16.58,99.59,2.8,86.9,9.87,36.68,0.77,0.75,94.77
2024-03-09,DA NANG,16.044,108.199,0.22,24.14,27.75,21.89,22.11,24.29,89.04,16.79,99.58,2.49,103.5,13.62,36.88,0.76,0.74,99.03
2024-03-10,DA NANG,16.044,108.199,0.24,23.93,27.25,22.06,21.99,23.93,89.44,16.63,99.78,1.99,78.3,13.38,36.39,0.76,0.74,93.74
2024-03-11,DA NANG,16.044,108.199,0.75,22.86,26.86,19.78,20.96,23.25,89.41,15.63,99.85,3.03,354.4,11.33,36.14,0.76,0.74,89.16
2024-03-12,DA NANG,16.044,108.199,0.08,23.21,26.49,21.4,21.18,23.5,88.92,15.83,99.74,2.44,76.8,17.07,36.1,0.76,0.74,80.65
2024-03-13,DA NANG,16.044,108.199,0.02,24.37,28.12,22.36,22.28,24.4,88.9,16.97,99.55,2.95,120.0,20.21,35.42,0.76,0.74,60.22
2024-03-14,DA NANG,16.044,108.199,1.08,24.68,28.5,22.74,22.63,24.66,88.94,17.35,99.46,3.3,123.4,18.99,36.48,0.76,0.74,83.43
2024-03-15,DA NANG,16.044,108.199,0.15,24.46,27.8,22.45,22.21,24.53,87.83,16.9,99.52,3.12,129.6,8.61,35.9,0.76,0.74,86.54
2024-03-16,DA NANG,16.044,108.199,0.01,23.66,26.68,21.53,21.61,23.56,89.07,16.31,99.61,2.92,138.0,17.1,35.04,0.76,0.73,68.91
2024-03-17,DA NANG,16.044,108.199,0.05,24.39,28.67,21.32,21.95,24.41,87.56,16.67,99.5,3.13,126.7,23.4,34.01,0.75,0.73,29.37
2024-03-18,DA NANG,16.044,108.199,0.04,24.92,29.36,22.09,22.46,24.96,87.47,17.2,99.47,3.3,122.4,22.41,34.63,0.74,0.73,43.95
2024-03-19,DA NANG,16.044,108.199,2.64,24.7,27.8,22.91,22.57,24.77,88.44,17.23,99.78,3.29,61.0,15.65,36.23,0.75,0.73,74.63
2024-03-20,DA NANG,16.044,108.199,4.79,23.28,26.29,21.25,21.23,23.51,88.62,15.85,99.94,3.98,40.4,7.84,36.76,0.77,0.73,98.51
2024-03-21,DA NANG,16.044,108.199,0.48,23.36,26.59,21.07,21.19,23.63,88.31,15.88,99.52,2.8,104.4,16.84,35.09,0.75,0.73,45.81
2024-03-22,DA NANG,16.044,108.199,0.0,25.03,29.23,23.01,22.41,25.09,86.32,17.17,99.17,3.37,131.8,23.47,35.09,0.74,0.72,37.51
2024-03-23,DA NANG,16.044,108.199,0.0,25.63,29.77,23.17,23.22,25.41,87.4,18.05,99.19,3.23,134.1,22.36,35.14,0.74,0.72,33.48
2024-03-24,DA NANG,16.044,108.199,0.0,26.03,31.0,22.97,23.33,25.87,86.31,18.14,99.35,2.52,122.4,21.91,35.36,0.73,0.72,49.04
2024-03-25,DA NANG,16.044,108.199,0.0,25.48,29.83,22.5,23.15,25.37,87.79,17.92,99.45,2.79,123.7,21.91,35.27,0.73,0.71,54.47
2024-03-26,DA NANG,16.044,108.199,0.0,25.27,28.88,22.82,22.86,25.32,87.41,17.57,99.7,3.3,116.0,21.86,34.61,0.72,0.71,65.81
2024-03-27,DA NANG,16.044,108.199,0.03,25.3,29.49,22.72,22.79,25.36,87.02,17.52,99.58,2.91,127.9,22.61,35.19,0.72,0.71,73.85
2024-03-28,DA NANG,16.044,108.199,2.03,26.33,29.91,24.27,23.73,26.04,86.27,18.59,99.39,1.6,121.9,18.99,36.52,0.73,0.71,89.82
2024-03-29,DA NANG,16.044,108.199,1.42,25.59,28.4,24.02,24.11,25.46,91.84,19.01,99.45,2.62,119.0,16.76,36.25,0.74,0.71,97.53
2024-03-30,DA NANG,16.044,108.199,0.08,26.53,30.6,24.37,23.71,26.17,85.46,18.57,99.4,2.29,144.5,19.71,36.16,0.73,0.71,72.71
2024-03-31,DA NANG,16.044,108.199,0.02,28.08,34.19,24.61,23.89,27.62,80.12,18.86,99.15,2.08,154.8,22.79,35.9,0.72,0.7,16.65
2024-04-01,DA NANG,16.044,108.199,0.0,28.3,34.96,24.31,24.04,27.82,80.08,19.07,98.94,2.48,156.5,23.68,35.83,0.71,0.7,26.74
2024-04-02,DA NANG,16.044,108.199,0.0,28.28,34.56,24.73,24.3,27.97,81.11,19.38,98.86,2.72,146.0,23.35,35.92,0.71,0.69,15.04
2024-04-03,DA NANG,16.044,108.199,0.0,28.7,34.48,25.2,24.69,28.26,80.63,19.8,98.97,2.28,140.9,23.4,35.88,0.7,0.69,16.51
2024-04-04,DA NANG,16.044,108.199,0.0,28.25,33.39,24.79,24.73,27.97,82.83,19.83,98.97,2.81,127.0,22.87,35.75,0.7,0.69,9.17
2024-04-05,DA NANG,16.044,108.199,0.0,27.18,32.42,24.15,23.92,27.23,83.77,18.88,99.01,3.74,122.6,23.27,35.65,0.7,0.68,38.49
2024-04-06,DA NANG,16.044,108.199,0.0,26.47,30.37,23.9,23.89,26.52,86.53,18.82,99.04,3.2,124.1,22.75,35.63,0.7,0.68,60.09
2024-04-07,DA NANG,16.044,108.199,0.01,27.16,31.63,24.56,24.31,27.1,85.46,19.32,99.02,2.73,121.2,21.38,36.16,0.7,0.68,52.96
2024-04-08,DA NANG,16.044,108.199,0.07,26.8,30.41,24.54,24.49,26.8,87.78,19.48,99.25,1.91,81.9,19.99,36.5,0.7,0.68,77.35
2024-04-09,DA NANG,16.044,108.199,0.03,26.27,29.71,23.91,24.15,26.29,88.75,19.03,99.49,2.03,82.1,18.23,36.4,0.69,0.68,88.21
2024-04-10,DA NANG,16.044,108.199,0.01,25.58,29.27,22.87,23.03,25.63,86.69,17.79,99.54,1.9,107.0,19.36,36.02,0.69,0.67,75.1
2024-04-11,DA NANG,16.044,108.199,0.07,25.98,29.87,23.55,23.43,26.17,86.79,18.23,99.5,2.2,115.6,23.84,35.52,0.69,0.67,34.63
2024-04-12,DA NANG,16.044,108.199,0.02,26.11,30.44,22.87,23.61,26.19,87.06,18.45,99.33,2.87,127.0,24.74,35.18,0.68,0.67,20.47
2024-04-13,DA NANG,16.044,108.199,0.02,26.55,31.27,23.47,23.33,26.45,83.96,18.21,99.17,2.61,136.6,25.59,34.19,0.68,0.66,30.89
2024-04-14,DA NANG,16.044,108.199,0.01,27.1,32.85,22.88,23.53,26.84,83.05,18.46,99.18,2.71,134.3,25.29,34.67,0.68,0.66,51.88
2024-04-15,DA NANG,16.044,108.199,0.02,26.82,32.24,23.01,23.44,26.71,83.93,18.33,99.26,3.24,128.2,26.46,34.01,0.67,0.66,36.41
2024-04-16,DA NANG,16.044,108.199,0.01,26.6,31.42,23.19,23.25,26.59,83.65,18.15,99.1,3.27,132.4,26.1,33.84,0.67,0.65,36.72
2024-04-17,DA NANG,16.044,108.199,0.3,27.72,33.11,24.94,24.27,27.6,83.01,19.28,99.0,2.62,132.6,22.48,36.38,0.67,0.65,60.36
2024-04-18,DA NANG,16.044,108.199,1.48,28.08,33.21,25.0,24.56,27.95,82.86,19.66,98.85,2.73,132.6,17.12,37.01,0.67,0.65,62.11
2024-04-19,DA NANG,16.044,108.199,0.21,28.38,34.59,24.62,24.42,28.18,81.25,19.53,98.76,2.83,133.2,22.45,36.43,0.66,0.65,33.51
2024-04-20,DA NANG,16.044,108.199,0.1,29.05,35.39,25.98,24.61,28.78,79.34,19.79,98.74,2.7,141.2,23.74,36.65,0.66,0.64,35.47
2024-04-21,DA NANG,16.044,108.199,0.0,27.53,30.7,25.35,24.5,27.39,84.47,19.57,98.88,2.53,150.5,23.44,36.81,0.66,0.64,54.68
2024-04-22,DA NANG,16.044,108.199,0.0,29.02,34.48,26.19,24.9,28.7,80.02,20.08,98.83,2.66,142.6,23.04,36.54,0.66,0.64,24.85
2024-04-23,DA NANG,16.044,108.199,0.0,29.22,35.19,25.91,25.04,28.85,80.43,20.28,98.81,2.0,141.1,22.63,36.68,0.65,0.64,54.09
2024-04-24,DA NANG,16.044,108.199,0.0,28.98,33.89,25.68,24.16,28.45,77.32,19.23,98.86,1.94,147.6,20.91,37.02,0.65,0.63,78.72
2024-04-25,DA NANG,16.044,108.199,0.43,29.7,35.97,26.2,24.48,29.13,75.76,19.65,98.69,2.26,153.2,21.57,37.05,0.64,0.63,21.93
2024-04-26,DA NANG,16.044,108.199,0.96,30.95,38.0,26.69,24.39,29.96,70.74,19.56,98.63,2.19,188.8,24.27,37.44,0.64,0.63,49.74
2024-04-27,DA NANG,16.044,108.199,0.02,31.05,38.68,26.62,24.29,30.03,70.52,19.45,98.63,2.39,176.8,24.3,37.11,0.63,0.62,6.31
2024-04-28,DA NANG,16.044,108.199,0.06,31.09,37.04,27.63,24.76,30.35,71.38,19.98,98.86,2.58,171.2,23.65,37.14,0.63,0.62,26.39
2024-04-29,DA NANG,16.044,108.199,0.03,30.66,37.14,26.85,24.9,30.11,74.06,20.17,98.75,2.59,156.9,22.61,36.86,0.62,0.61,12.52
2024-04-30,DA NANG,16.044,108.199,0.09,31.27,38.62,27.2,24.32,30.53,69.79,19.54,98.53,2.62,170.4,24.02,37.33,0.62,0.61,30.84
2024-05-01,DA NANG,16.044,108.199,5.87,30.33,38.33,26.29,24.99,29.88,76.34,20.26,98.7,2.2,141.9,22.47,37.66,0.65,0.61,55.47
2024-05-02,DA NANG,16.044,108.199,10.39,28.08,32.25,25.21,25.21,28.04,85.49,20.4,98.98,2.88,125.1,21.19,37.44,0.71,0.62,91.06
2024-05-03,DA NANG,16.044,108.199,9.12,28.06,33.58,25.11,24.27,28.11,82.08,19.35,99.03,2.79,131.2,13.13,37.35,0.71,0.63,99.52
2024-05-04,DA NANG,16.044,108.199,4.74,28.48,33.45,25.65,24.8,28.3,82.04,19.96,98.83,2.09,144.2,8.4,37.15,0.69,0.64,71.96
2024-05-05,DA NANG,16.044,108.199,1.89,28.49,33.01,25.67,25.08,28.17,83.26,20.26,99.0,1.66,116.5,17.87,37.02,0.68,0.64,92.06
2024-05-06,DA NANG,16.044,108.199,0.72,27.67,31.45,25.12,24.92,27.69,85.98,20.0,99.27,2.8,118.9,23.34,36.55,0.66,0.63,73.91
2024-05-07,DA NANG,16.044,108.199,0.59,27.13,31.08,24.44,24.11,27.32,84.6,19.02,99.39,1.97,101.8,24.76,35.61,0.65,0.63,71.1
2024-05-08,DA NANG,16.044,108.199,0.06,26.76,30.88,23.82,23.29,26.92,82.67,18.13,99.33,1.96,101.4,22.46,35.51,0.64,0.62,72.35
2024-05-09,DA NANG,16.044,108.199,0.17,27.38,31.28,24.76,23.99,27.56,82.78,18.89,99.36,2.08,102.5,24.49,36.33,0.64,0.61,54.7
2024-05-10,DA NANG,16.044,108.199,0.06,27.28,31.07,24.51,23.76,27.56,82.34,18.64,99.36,2.12,114.4,24.82,36.05,0.64,0.61,52.05
2024-05-11,DA NANG,16.044,108.199,0.04,27.91,32.2,24.98,24.18,28.12,81.46,19.12,99.33,2.28,122.9,24.57,36.43,0.63,0.6,67.01
2024-05-12,DA NANG,16.044,108.199,0.2,28.0,31.97,25.6,24.63,28.11,83.26,19.71,99.23,2.16,117.4,24.84,36.78,0.63,0.6,64.24
2024-05-13,DA NANG,16.044,108.199,1.57,27.84,30.7,25.9,24.59,27.96,82.99,19.61,99.24,1.67,76.8,22.79,37.27,0.64,0.6,83.63
2024-05-14,DA NANG,16.044,108.199,0.97,27.89,30.62,26.26,24.78,28.02,83.78,19.84,99.28,1.73,69.3,20.61,37.42,0.64,0.6,74.7
2024-05-15,DA NANG,16.044,108.199,1.41,28.28,31.72,26.13,24.77,28.58,82.06,19.8,99.36,1.91,76.5,22.97,37.55,0.63,0.6,65.59
2024-05-16,DA NANG,16.044,108.199,64.48,27.9,30.88,25.93,24.86,28.26,84.24,19.93,99.23,2.17,60.2,22.75,37.67,0.78,0.62,58.11
2024-05-17,DA NANG,16.044,108.199,5.92,28.12,31.25,26.07,24.53,28.13,81.48,19.59,99.09,1.16,87.4,22.03,37.54,0.75,0.68,71.15
2024-05-18,DA NANG,16.044,108.199,3.2,28.04,30.64,26.28,25.35,28.27,85.83,20.62,98.8,2.01,122.9,21.08,37.63,0.7,0.67,88.67
2024-05-19,DA NANG,16.044,108.199,6.59,29.42,34.04,26.83,25.54,29.17,80.97,20.92,98.63,1.7,162.2,21.06,37.92,0.71,0.66,99.64
2024-05-20,DA NANG,16.044,108.199,20.58,28.96,33.04,26.18,25.5,28.82,82.82,20.82,98.79,1.86,346.6,15.7,38.22,0.79,0.68,98.52
2024-05-21,DA NANG,16.044,108.199,18.89,27.02,29.39,25.7,25.05,27.34,89.09,20.2,98.98,2.56,348.6,19.53,37.69,0.77,0.69,92.58
2024-05-22,DA NANG,16.044,108.199,14.07,26.96,29.89,24.88,24.29,27.49,85.78,19.3,99.01,1.93,41.3,16.06,37.75,0.78,0.71,99.32
2024-05-23,DA NANG,16.044,108.199,13.24,25.84,27.45,25.0,23.81,26.42,88.64,18.76,99.03,1.87,353.5,20.08,37.32,0.79,0.71,89.79
2024-05-24,DA NANG,16.044,108.199,1.14,27.45,29.66,26.11,24.61,27.67,84.97,19.68,99.09,1.94,108.9,21.57,37.72,0.72,0.7,82.13
2024-05-25,DA NANG,16.044,108.199,0.15,28.56,32.2,26.2,25.17,28.68,82.83,20.36,99.04,2.83,125.7,24.64,37.43,0.7,0.68,81.65
2024-05-26,DA NANG,16.044,108.199,0.03,29.49,33.71,27.32,25.19,29.47,78.91,20.44,98.91,1.63,151.9,23.37,38.03,0.69,0.67,76.16
2024-05-27,DA NANG,16.044,108.199,0.01,30.87,35.4,26.91,24.94,30.45,71.99,20.19,98.68,1.52,229.7,24.86,38.65,0.68,0.66,60.03
2024-05-28,DA NANG,16.044,108.199,3.37,29.34,32.46,26.3,25.66,29.11,81.14,21.04,98.68,1.73,233.6,14.59,39.17,0.69,0.66,99.13
2024-05-29,DA NANG,16.044,108.199,2.96,29.4,32.42,27.17,25.82,29.15,81.45,21.28,98.58,1.82,221.9,19.3,38.86,0.71,0.66,98.98
2024-05-30,DA NANG,16.044,108.199,1.78,29.75,32.75,27.2,25.91,29.55,80.66,21.41,98.53,1.68,245.8,7.36,38.94,0.68,0.66,99.1
2024-05-31,DA NANG,16.044,108.199,2.52,28.72,31.21,26.47,25.62,28.68,83.85,20.97,98.84,1.73,179.4,2.12,38.67,0.7,0.66,99.51
2024-06-01,DA NANG,16.044,108.199,1.91,28.71,32.07,26.91,25.37,28.81,82.79,20.58,99.13,1.16,110.6,19.23,38.43,0.7,0.66,97.54
2024-06-02,DA NANG,16.044,108.199,1.49,29.49,33.14,26.82,24.94,29.55,77.7,20.11,99.04,1.7,168.3,23.66,38.14,0.69,0.65,60.51
2024-06-03,DA NANG,16.044,108.199,4.85,29.34,32.18,26.34,25.18,29.24,79.02,20.4,98.92,1.59,225.4,23.76,38.51,0.7,0.65,72.33
2024-06-04,DA NANG,16.044,108.199,3.47,29.86,33.66,27.3,25.84,29.76,80.04,21.25,98.86,1.35,163.8,24.32,38.53,0.7,0.66,82.75
2024-06-05,DA NANG,16.044,108.199,11.78,29.7,32.72,27.44,26.33,29.64,82.92,21.87,98.99,1.29,114.9,21.98,38.73,0.73,0.66,94.85
2024-06-06,DA NANG,16.044,108.199,1.78,28.99,32.21,26.62,25.32,29.21,81.51,20.56,99.03,1.78,126.5,22.31,38.09,0.71,0.67,95.9
2024-06-07,DA NANG,16.044,108.199,15.15,29.12,32.82,26.93,25.08,29.2,79.67,20.31,98.83,1.48,156.5,22.02,38.46,0.76,0.67,87.07
2024-06-08,DA NANG,16.044,108.199,1.9,29.2,32.61,26.66,25.06,29.39,79.28,20.31,98.73,1.75,164.1,19.51,38.71,0.72,0.68,98.8
2024-06-09,DA NANG,16.044,108.199,9.02,28.71,32.4,27.11,25.51,29.02,83.56,20.85,98.79,1.79,147.4,22.57,38.38,0.74,0.68,93.21
2024-06-10,DA NANG,16.044,108.199,11.54,29.09,32.92,26.8,25.06,29.25,79.66,20.25,98.96,1.75,169.4,23.31,38.33,0.76,0.69,83.77
2024-06-11,DA NANG,16.044,108.199,0.99,29.79,33.74,26.95,24.81,29.85,75.82,19.96,98.97,1.96,187.9,23.76,38.23,0.71,0.68,61.67
2024-06-12,DA NANG,16.044,108.199,0.86,30.09,33.89,26.94,25.11,29.86,75.45,20.32,98.94,1.65,213.5,25.09,38.32,0.7,0.67,54.41
2024-06-13,DA NANG,16.044,108.199,0.59,30.43,34.27,26.88,24.9,30.21,73.5,20.12,98.76,1.86,222.9,24.35,38.32,0.69,0.67,42.57
2024-06-14,DA NANG,16.044,108.199,3.19,28.71,32.86,24.95,23.82,28.95,75.73,18.86,98.74,2.65,253.3,25.19,37.98,0.69,0.66,72.94
2024-06-15,DA NANG,16.044,108.199,0.93,29.99,34.75,26.9,25.12,30.07,76.99,20.42,98.72,2.14,157.7,23.64,38.28,0.68,0.65,88.03
2024-06-16,DA NANG,16.044,108.199,1.77,29.94,32.86,27.15,24.82,29.97,75.0,20.0,98.78,1.48,181.1,21.68,38.37,0.69,0.65,89.98
2024-06-17,DA NANG,16.044,108.199,1.33,29.8,33.82,26.7,25.47,29.82,78.92,20.8,98.78,2.43,182.0,24.7,38.33,0.68,0.65,77.24
2024-06-18,DA NANG,16.044,108.199,0.54,29.57,33.26,26.89,25.36,29.64,79.07,20.69,98.7,2.1,193.3,21.98,38.44,0.67,0.64,92.38
2024-06-19,DA NANG,16.044,108.199,1.94,29.7,33.18,27.19,24.93,29.73,76.46,20.16,98.61,1.6,198.6,23.1,38.5,0.67,0.64,75.94
2024-06-20,DA NANG,16.044,108.199,1.85,30.02,33.42,27.42,24.7,29.94,74.17,19.89,98.58,1.64,198.8,25.06,38.28,0.68,0.64,47.13
2024-06-21,DA NANG,16.044,108.199,0.91,29.3,32.52,26.92,25.43,29.52,80.64,20.79,98.54,2.03,94.2,24.01,38.2,0.67,0.64,40.6
2024-06-22,DA NANG,16.044,108.199,2.34,28.62,31.62,26.62,25.17,29.04,82.32,20.48,98.56,1.8,129.9,23.22,38.28,0.68,0.64,93.9
2024-06-23,DA NANG,16.044,108.199,5.73,28.97,32.46,27.06,24.44,29.09,77.21,19.58,98.59,1.4,189.4,10.67,38.58,0.7,0.65,99.09
2024-06-24,DA NANG,16.044,108.199,6.32,28.87,32.06,26.79,24.75,29.02,79.26,19.95,98.69,1.9,147.8,16.83,38.54,0.7,0.65,99.54
2024-06-25,DA NANG,16.044,108.199,1.61,28.57,31.47,26.37,25.07,28.97,82.33,20.3,98.82,2.65,131.7,21.83,38.3,0.69,0.65,98.24
2024-06-26,DA NANG,16.044,108.199,0.6,27.74,30.1,25.97,24.9,28.25,85.07,20.03,99.04,2.85,132.1,9.67,38.14,0.68,0.64,99.08
2024-06-27,DA NANG,16.044,108.199,0.37,28.17,31.28,26.02,24.87,28.68,83.19,20.01,99.07,3.95,129.0,20.92,37.43,0.66,0.64,80.51
2024-06-28,DA NANG,16.044,108.199,0.74,28.9,32.65,26.38,25.05,29.11,80.8,20.25,98.97,2.17,144.7,23.19,37.7,0.66,0.63,76.07
2024-06-29,DA NANG,16.044,108.199,0.78,29.54,33.52,26.73,25.07,29.52,78.04,20.28,98.94,2.12,166.9,25.76,37.98,0.66,0.63,50.24
2024-06-30,DA NANG,16.044,108.199,0.15,28.4,31.15,25.87,24.6,28.47,80.55,19.68,98.96,2.05,197.9,24.05,37.93,0.66,0.63,84.93
2024-07-01,DA NANG,16.044,108.199,0.2,29.22,32.85,26.0,24.29,28.94,75.52,19.37,98.76,1.6,226.8,25.79,37.66,0.65,0.62,31.6
2024-07-02,DA NANG,16.044,108.199,0.37,29.0,33.25,26.85,24.86,29.04,79.81,20.06,98.79,2.06,131.6,24.51,37.38,0.65,0.62,93.12
2024-07-03,DA NANG,16.044,108.199,1.11,28.06,30.83,25.96,25.11,28.28,84.9,20.34,99.05,2.06,122.1,21.11,37.81,0.65,0.62,98.83
2024-07-04,DA NANG,16.044,108.199,1.32,27.44,30.68,25.5,24.36,27.67,83.87,19.41,99.06,1.97,163.4,22.92,37.38,0.65,0.62,77.24
2024-07-05,DA NANG,16.044,108.199,0.28,28.06,31.2,25.91,24.29,28.36,81.19,19.36,98.88,2.27,117.3,25.33,37.15,0.64,0.61,41.57
2024-07-06,DA NANG,16.044,108.199,0.53,27.5,30.2,25.39,24.83,27.74,86.05,19.97,98.91,2.28,130.1,26.56,36.9,0.65,0.61,17.95
2024-07-07,DA NANG,16.044,108.199,0.5,27.78,31.2,25.53,24.81,28.02,84.75,19.95,98.95,2.66,135.7,25.89,36.74,0.64,0.61,47.77
2024-07-08,DA NANG,16.044,108.199,1.45,28.28,32.12,25.85,24.43,28.49,80.63,19.5,98.88,1.86,118.6,25.94,36.82,0.64,0.61,45.23
2024-07-09,DA NANG,16.044,108.199,0.49,28.68,32.1,25.85,23.97,28.76,76.99,18.97,98.97,1.73,184.1,25.46,37.33,0.64,0.61,62.88
2024-07-10,DA NANG,16.044,108.199,1.78,28.98,33.75,26.06,24.25,29.13,77.62,19.33,98.95,2.13,156.6,25.44,37.31,0.64,0.6,72.85
2024-07-11,DA NANG,16.044,108.199,3.77,28.47,32.48,25.99,24.98,28.58,82.36,20.2,98.73,2.15,159.6,25.52,37.62,0.66,0.6,28.92
2024-07-12,DA NANG,16.044,108.199,5.18,27.9,30.4,25.96,24.87,27.92,83.96,20.1,98.55,1.54,215.5,24.76,37.85,0.67,0.61,68.17
2024-07-13,DA NANG,16.044,108.199,6.21,28.7,33.11,26.27,25.05,28.82,81.85,20.39,98.48,1.98,107.2,25.29,37.71,0.67,0.61,58.56
2024-07-14,DA NANG,16.044,108.199,44.62,27.64,30.09,26.3,25.08,27.98,86.64,20.39,98.46,2.87,341.8,3.57,38.56,0.83,0.65,98.88
2024-07-15,DA NANG,16.044,108.199,15.19,27.11,29.07,25.63,25.53,27.26,91.2,20.97,98.38,2.69,129.6,22.19,38.21,0.79,0.7,79.56
2024-07-16,DA NANG,16.044,108.199,14.01,27.11,29.23,25.54,24.88,27.47,87.84,20.1,98.63,2.58,122.5,19.16,37.82,0.77,0.7,98.89
2024-07-17,DA NANG,16.044,108.199,17.82,27.55,30.44,25.81,25.01,27.86,86.63,20.28,98.61,2.16,137.7,11.34,38.08,0.78,0.7,99.47
2024-07-18,DA NANG,16.044,108.199,49.92,27.64,30.97,26.21,25.19,27.9,87.0,20.51,98.68,1.64,63.8,17.98,37.84,0.85,0.73,99.16
2024-07-19,DA NANG,16.044,108.199,3.64,28.45,31.53,26.53,24.66,28.59,80.67,19.83,98.67,1.14,150.9,22.66,37.74,0.76,0.74,91.79
2024-07-20,DA NANG,16.044,108.199,2.65,28.31,30.81,26.26,25.07,28.26,83.05,20.29,98.71,1.8,347.2,20.63,37.84,0.74,0.72,98.24
2024-07-21,DA NANG,16.044,108.199,5.91,27.81,30.25,25.5,25.64,27.91,88.18,21.04,98.59,3.2,297.7,3.05,38.17,0.74,0.7,99.23
2024-07-22,DA NANG,16.044,108.199,0.63,29.15,32.96,26.38,25.47,28.9,81.37,20.86,98.54,2.23,241.1,16.59,38.36,0.71,0.69,99.63
2024-07-23,DA NANG,16.044,108.199,1.98,28.71,32.36,26.55,24.31,28.48,77.75,19.46,98.39,3.08,240.2,18.22,38.5,0.7,0.68,97.85
2024-07-24,DA NANG,16.044,108.199,1.31,28.4,31.19,26.48,23.99,28.1,77.43,19.12,98.18,3.2,239.9,19.19,38.28,0.69,0.67,98.82
2024-07-25,DA NANG,16.044,108.199,0.16,29.22,33.39,26.77,23.78,28.85,73.2,18.92,98.13,3.92,253.6,22.14,38.25,0.67,0.66,84.45
2024-07-26,DA NANG,16.044,108.199,0.69,29.3,33.32,26.24,24.55,28.96,76.28,19.8,98.33,2.73,251.1,16.63,38.54,0.67,0.65,91.0
2024-07-27,DA NANG,16.044,108.199,1.01,29.51,33.66,26.93,25.3,29.3,79.02,20.64,98.58,1.49,206.7,19.91,38.69,0.67,0.65,99.54
2024-07-28,DA NANG,16.044,108.199,1.67,27.78,29.54,26.01,25.2,28.04,86.08,20.48,98.61,1.96,193.0,16.19,38.31,0.68,0.65,98.93
2024-07-29,DA NANG,16.044,108.199,1.22,28.41,31.52,26.4,24.74,28.42,81.2,19.92,98.71,1.67,160.8,12.45,38.19,0.68,0.65,99.37
2024-07-30,DA NANG,16.044,108.199,3.81,27.95,29.96,25.93,24.49,27.98,81.8,19.57,98.82,1.89,185.5,12.47,38.16,0.7,0.65,99.81
2024-07-31,DA NANG,16.044,108.199,0.97,28.62,32.14,25.95,24.73,28.64,80.12,19.84,98.99,1.94,189.3,17.12,38.69,0.68,0.65,99.05
2024-08-01,DA NANG,16.044,108.199,0.48,29.14,32.86,25.51,23.72,28.82,73.73,18.67,99.01,1.32,203.9,23.79,37.49,0.67,0.65,63.68
2024-08-02,DA NANG,16.044,108.199,0.37,29.21,33.57,26.88,24.47,29.21,76.75,19.53,98.99,1.9,136.7,25.53,37.18,0.66,0.64,21.48
2024-08-03,DA NANG,16.044,108.199,1.13,28.98,31.93,26.36,24.36,29.06,76.96,19.4,99.07,1.18,307.9,26.0,37.21,0.67,0.64,26.27
2024-08-04,DA NANG,16.044,108.199,0.36,29.2,33.43,26.75,23.85,29.23,74.47,18.84,99.02,1.9,139.6,26.33,36.85,0.66,0.64,18.51
2024-08-05,DA NANG,16.044,108.199,0.69,28.84,32.09,26.63,24.44,28.98,78.16,19.51,98.92,1.88,133.3,26.46,36.99,0.66,0.63,30.36
2024-08-06,DA NANG,16.044,108.199,0.51,28.89,32.56,26.22,24.47,29.03,78.34,19.57,98.86,2.03,137.8,26.77,36.62,0.66,0.63,8.5
2024-08-07,DA NANG,16.044,108.199,4.1,29.26,32.57,26.72,24.99,29.47,78.86,20.15,98.96,1.84,126.1,26.54,37.03,0.67,0.63,38.67
2024-08-08,DA NANG,16.044,108.199,1.99,29.84,34.26,27.07,24.88,29.96,76.06,20.06,98.92,1.94,151.3,25.91,37.81,0.67,0.63,18.07
2024-08-09,DA NANG,16.044,108.199,0.43,30.44,34.4,27.44,24.96,30.31,73.82,20.19,98.76,1.56,189.8,25.65,38.21,0.65,0.62,30.34
2024-08-10,DA NANG,16.044,108.199,2.38,30.54,34.88,27.73,25.44,30.47,75.65,20.82,98.6,1.77,176.1,25.4,38.26,0.66,0.62,34.25
2024-08-11,DA NANG,16.044,108.199,2.68,29.5,33.23,27.01,25.64,29.57,80.48,21.06,98.52,1.74,212.9,25.03,38.47,0.67,0.63,65.91
2024-08-12,DA NANG,16.044,108.199,2.08,30.0,34.12,26.81,25.19,29.84,76.48,20.48,98.63,1.64,224.6,24.57,38.51,0.67,0.63,80.84
2024-08-13,DA NANG,16.044,108.199,0.45,29.98,34.35,27.67,25.18,30.13,76.89,20.45,98.82,1.86,135.3,24.46,38.29,0.65,0.62,86.85
2024-08-14,DA NANG,16.044,108.199,2.86,29.38,32.32,27.65,25.37,29.75,79.94,20.66,98.85,1.73,104.1,24.42,38.42,0.66,0.62,75.33
2024-08-15,DA NANG,16.044,108.199,21.9,28.13,30.11,26.7,25.14,28.39,84.11,20.38,98.76,2.46,241.1,24.42,37.79,0.76,0.64,70.43
2024-08-16,DA NANG,16.044,108.199,4.94,29.23,33.19,26.79,25.46,29.78,81.37,20.78,98.81,1.71,80.4,23.68,38.24,0.72,0.66,82.46
2024-08-17,DA NANG,16.044,108.199,0.33,28.91,31.99,26.22,25.22,29.09,81.39,20.5,99.01,1.65,153.5,20.97,38.07,0.68,0.65,95.14
2024-08-18,DA NANG,16.044,108.199,0.43,29.76,34.27,27.06,25.27,29.8,78.28,20.53,98.93,1.94,142.9,20.52,38.32,0.67,0.64,91.23
2024-08-19,DA NANG,16.044,108.199,1.44,29.53,33.77,26.54,25.43,29.64,79.57,20.72,98.91,1.67,219.4,23.46,38.34,0.67,0.64,81.99
2024-08-20,DA NANG,16.044,108.199,2.86,28.34,31.06,25.84,24.31,28.46,79.46,19.33,99.03,2.29,202.6,18.52,38.29,0.69,0.64,93.87
2024-08-21,DA NANG,16.044,108.199,2.85,29.05,33.04,26.15,24.68,29.15,78.34,19.78,99.1,1.38,231.1,23.69,37.65,0.69,0.64,71.36
2024-08-22,DA NANG,16.044,108.199,0.2,28.75,32.55,26.37,24.36,28.92,78.61,19.42,99.15,2.33,138.5,24.82,37.48,0.66,0.63,57.07
2024-08-23,DA NANG,16.044,108.199,0.36,28.88,32.91,26.54,24.44,29.04,78.06,19.46,99.21,1.91,284.9,23.32,37.78,0.66,0.63,91.64
2024-08-24,DA NANG,16.044,108.199,0.58,28.81,32.6,26.69,23.78,28.9,75.64,18.75,99.11,1.95,132.0,24.43,37.35,0.65,0.62,50.71
2024-08-25,DA NANG,16.044,108.199,0.74,28.56,30.98,26.24,24.21,28.6,77.83,19.22,98.96,1.55,333.1,24.55,36.95,0.66,0.62,52.03
2024-08-26,DA NANG,16.044,108.199,0.12,28.6,32.19,25.55,24.19,28.87,77.9,19.22,98.94,2.31,137.1,25.28,37.03,0.65,0.62,38.68
2024-08-27,DA NANG,16.044,108.199,0.4,29.01,33.09,26.54,24.27,29.4,77.1,19.34,98.94,2.43,37.6,25.8,37.11,0.64,0.61,48.64
2024-08-28,DA NANG,16.044,108.199,1.06,29.59,34.18,26.84,24.41,29.81,75.6,19.55,98.81,2.41,290.5,23.65,37.55,0.63,0.6,41.15
2024-08-29,DA NANG,16.044,108.199,1.09,29.47,33.6,26.61,24.96,29.67,78.11,20.19,98.79,2.48,334.8,25.56,37.58,0.63,0.6,46.08
2024-08-30,DA NANG,16.044,108.199,0.62,29.3,33.39,26.39,25.0,29.55,79.0,20.22,98.83,2.46,41.3,21.25,38.01,0.63,0.6,92.42
2024-08-31,DA NANG,16.044,108.199,0.36,29.01,32.72,26.82,24.35,29.47,77.07,19.43,98.84,1.89,72.0,21.82,37.47,0.63,0.59,56.81
2024-09-01,DA NANG,16.044,108.199,0.95,28.59,31.57,26.49,24.78,29.17,80.52,19.91,98.9,2.58,111.6,22.29,37.84,0.63,0.59,80.94
2024-09-02,DA NANG,16.044,108.199,3.86,28.47,31.27,26.41,24.86,29.05,81.52,20.0,98.95,2.02,100.5,22.08,38.01,0.65,0.59,90.64
2024-09-03,DA NANG,16.044,108.199,32.96,28.41,31.66,26.0,24.62,28.83,80.76,19.75,98.84,2.07,342.0,20.42,37.46,0.73,0.61,88.58
2024-09-04,DA NANG,16.044,108.199,27.38,29.17,32.1,26.96,25.1,29.31,79.58,20.4,98.51,2.17,314.2,22.38,37.6,0.82,0.67,92.7
2024-09-05,DA NANG,16.044,108.199,1.32,28.39,31.04,26.09,25.07,28.34,82.66,20.39,98.34,3.33,281.5,17.67,38.13,0.7,0.67,99.07
2024-09-06,DA NANG,16.044,108.199,3.18,28.41,31.08,26.46,25.57,28.37,84.79,21.02,98.26,3.53,258.0,9.23,38.61,0.71,0.66,99.07
2024-09-07,DA NANG,16.044,108.199,0.1,29.18,33.45,26.4,24.73,28.94,77.68,19.94,98.54,2.75,207.2,13.37,38.37,0.68,0.65,99.34
2024-09-08,DA NANG,16.044,108.199,0.32,29.95,35.03,26.59,25.15,29.74,77.03,20.47,98.73,1.86,183.2,21.63,38.44,0.66,0.63,87.03
2024-09-09,DA NANG,16.044,108.199,3.75,28.8,32.42,26.46,25.72,29.02,84.29,21.1,98.77,1.92,114.1,19.16,38.41,0.68,0.63,99.01
2024-09-10,DA NANG,16.044,108.199,5.71,28.39,30.86,26.77,25.0,28.48,82.28,20.17,98.85,1.43,75.7,4.17,38.17,0.7,0.64,99.26
2024-09-11,DA NANG,16.044,108.199,4.57,28.09,30.23,26.74,24.39,28.18,80.57,19.42,98.99,1.25,330.3,5.34,37.68,0.7,0.64,99.09
2024-09-12,DA NANG,16.044,108.199,17.36,28.55,32.0,26.21,24.83,28.94,81.33,20.0,98.83,1.87,48.9,20.92,37.72,0.75,0.65,65.11
2024-09-13,DA NANG,16.044,108.199,8.99,27.72,29.91,25.97,25.43,28.23,87.63,20.76,98.64,2.11,330.7,20.97,37.91,0.75,0.67,83.23
2024-09-14,DA NANG,16.044,108.199,33.26,27.74,30.32,26.34,25.04,28.22,85.75,20.31,98.48,2.16,19.2,17.45,38.0,0.79,0.68,96.35
2024-09-15,DA NANG,16.044,108.199,6.82,27.25,28.86,25.82,24.79,27.61,86.54,20.01,98.49,2.26,3.4,19.78,37.4,0.75,0.7,89.13
2024-09-16,DA NANG,16.044,108.199,6.13,27.85,30.76,25.4,24.78,28.33,83.95,19.99,98.55,2.63,357.3,21.06,37.57,0.74,0.69,86.93
2024-09-17,DA NANG,16.044,108.199,42.14,27.13,29.92,25.54,24.55,27.75,86.15,19.71,98.51,2.75,356.7,15.7,37.66,0.81,0.7,99.2
2024-09-18,DA NANG,16.044,108.199,146.31,26.73,28.15,25.73,25.24,27.14,91.64,20.61,98.22,4.7,317.9,2.35,38.12,0.98,0.79,99.24
2024-09-19,DA NANG,16.044,108.199,61.81,27.41,31.35,25.27,24.96,27.58,87.02,20.35,98.06,3.2,179.3,12.06,38.44,0.93,0.86,97.03
2024-09-20,DA NANG,16.044,108.199,26.01,28.07,32.02,25.91,25.19,28.47,85.26,20.5,98.47,1.95,36.3,19.48,37.99,0.86,0.83,94.68
2024-09-21,DA NANG,16.044,108.199,66.75,27.59,31.51,25.4,24.78,28.03,85.49,19.99,98.67,2.01,143.7,15.88,37.75,0.91,0.84,99.59
2024-09-22,DA NANG,16.044,108.199,18.55,26.7,29.63,24.48,24.23,27.29,86.7,19.28,98.83,2.36,164.0,6.41,37.86,0.87,0.84,99.54
2024-09-23,DA NANG,16.044,108.199,2.21,27.29,30.1,25.34,24.04,27.36,82.92,19.05,99.12,1.78,163.0,8.28,37.74,0.81,0.81,99.35
2024-09-24,DA NANG,16.044,108.199,3.15,27.12,30.23,25.5,23.65,27.54,82.14,18.53,99.27,1.73,82.7,8.04,37.42,0.8,0.79,97.37
2024-09-25,DA NANG,16.044,108.199,0.39,27.36,30.07,26.0,24.02,27.67,82.32,18.93,99.31,1.86,58.7,21.98,36.76,0.77,0.76,43.91
2024-09-26,DA NANG,16.044,108.199,0.1,27.56,30.56,25.69,24.37,27.96,83.35,19.33,99.32,2.35,112.7,21.66,36.68,0.76,0.75,45.49
2024-09-27,DA NANG,16.044,108.199,0.07,27.18,29.81,25.35,24.11,27.47,83.82,19.06,99.24,2.16,140.7,22.1,36.82,0.76,0.74,57.31
2024-09-28,DA NANG,16.044,108.199,0.05,28.0,31.23,26.2,24.49,28.23,82.0,19.52,99.09,1.87,134.2,23.64,36.94,0.75,0.74,18.9
2024-09-29,DA NANG,16.044,108.199,0.24,28.69,31.6,27.08,25.39,28.79,82.94,20.64,98.98,1.47,126.0,23.07,37.58,0.75,0.73,37.4
2024-09-30,DA NANG,16.044,108.199,0.45,28.75,31.74,27.02,25.63,28.89,83.93,20.97,98.87,1.68,90.0,22.77,37.53,0.75,0.73,51.53
2024-10-01,DA NANG,16.044,108.199,2.09,28.57,31.22,26.71,25.0,28.54,81.76,20.16,99.05,1.91,8.3,22.99,37.62,0.75,0.73,54.6
2024-10-02,DA NANG,16.044,108.199,3.92,26.48,28.64,25.0,24.33,26.83,87.97,19.3,99.39,3.89,1.7,9.31,38.25,0.77,0.73,97.77
2024-10-03,DA NANG,16.044,108.199,1.02,25.68,28.31,24.01,21.7,26.03,78.92,16.39,99.51,3.54,357.6,10.32,38.1,0.75,0.73,98.62
2024-10-04,DA NANG,16.044,108.199,1.85,25.63,28.62,23.41,21.76,26.01,79.41,16.46,99.48,3.26,10.5,5.81,37.54,0.74,0.73,83.35
2024-10-05,DA NANG,16.044,108.199,4.33,25.9,28.29,24.24,23.09,26.43,84.77,17.86,99.42,3.16,18.7,8.74,37.88,0.76,0.73,98.22
2024-10-06,DA NANG,16.044,108.199,5.1,26.52,29.33,25.04,23.5,27.0,84.11,18.33,99.42,3.47,355.6,16.08,37.9,0.75,0.72,94.84
2024-10-07,DA NANG,16.044,108.199,54.3,27.12,29.46,25.71,24.75,27.21,87.1,19.73,99.5,3.7,45.4,13.21,37.74,0.92,0.77,97.89
2024-10-08,DA NANG,16.044,108.199,46.57,26.66,29.04,25.1,24.07,26.84,85.88,18.95,99.44,3.76,37.1,18.98,37.17,0.93,0.83,72.55
2024-10-09,DA NANG,16.044,108.199,14.08,26.18,28.62,24.51,23.14,26.44,83.57,17.93,99.38,3.13,19.4,15.38,37.68,0.86,0.84,90.18
2024-10-10,DA NANG,16.044,108.199,28.51,26.18,29.21,24.48,23.18,26.58,84.11,17.99,99.33,3.22,2.4,16.49,37.95,0.86,0.82,91.11
2024-10-11,DA NANG,16.044,108.199,22.29,26.49,29.01,24.8,24.19,26.64,87.4,19.13,99.33,3.67,60.7,8.63,37.69,0.89,0.84,95.49
2024-10-12,DA NANG,16.044,108.199,7.75,26.76,29.64,24.95,23.79,26.97,84.26,18.65,99.42,2.73,58.1,16.75,37.0,0.83,0.82,65.0
2024-10-13,DA NANG,16.044,108.199,5.71,26.65,29.66,24.35,23.84,26.97,85.04,18.72,99.34,2.89,12.4,20.05,37.12,0.83,0.81,73.28
2024-10-14,DA NANG,16.044,108.199,10.03,26.69,28.91,25.39,24.72,27.05,89.11,19.76,99.22,3.21,3.4,10.6,38.4,0.83,0.8,98.7
2024-10-15,DA NANG,16.044,108.199,5.17,27.16,29.63,25.52,24.38,27.22,85.08,19.36,99.25,2.09,30.7,18.7,37.05,0.82,0.8,80.07
2024-10-16,DA NANG,16.044,108.199,8.62,26.77,29.34,25.19,24.54,27.19,88.06,19.55,99.28,3.43,50.4,14.29,37.24,0.83,0.8,97.9
2024-10-17,DA NANG,16.044,108.199,3.16,26.66,29.16,25.0,23.68,26.91,84.02,18.54,99.31,1.49,77.2,17.56,36.84,0.81,0.8,93.35
2024-10-18,DA NANG,16.044,108.199,3.27,27.05,30.14,25.19,23.94,27.41,83.63,18.84,99.31,2.24,101.9,19.25,36.52,0.81,0.8,73.15
2024-10-19,DA NANG,16.044,108.199,8.2,27.11,29.74,25.42,24.27,27.44,85.01,19.2,99.44,2.47,47.2,18.07,37.2,0.82,0.8,63.47
2024-10-20,DA NANG,16.044,108.199,66.07,26.63,27.38,26.02,25.46,26.88,93.28,20.62,99.43,3.67,29.1,2.48,37.93,0.92,0.82,98.51
2024-10-21,DA NANG,16.044,108.199,84.31,26.39,27.51,25.8,25.33,26.58,93.85,20.48,99.33,4.05,30.5,7.98,37.69,0.96,0.89,99.04
2024-10-22,DA NANG,16.044,108.199,14.03,26.26,28.39,24.51,24.19,26.42,88.47,19.1,99.42,4.29,44.3,17.21,36.64,0.9,0.89,96.75
2024-10-23,DA NANG,16.044,108.199,1.86,25.63,28.79,23.25,22.8,26.02,84.66,17.56,99.4,3.93,7.2,16.82,36.27,0.86,0.86,97.94
2024-10-24,DA NANG,16.044,108.199,0.7,24.42,28.13,21.9,20.54,24.77,79.36,15.34,99.2,4.74,324.9,17.13,35.43,0.84,0.85,95.08
2024-10-25,DA NANG,16.044,108.199,0.24,24.05,28.2,21.2,19.75,24.5,77.89,14.64,98.98,4.56,311.4,16.27,35.03,0.84,0.83,99.02
2024-10-26,DA NANG,16.044,108.199,64.83,24.17,26.76,22.45,21.5,24.64,85.61,16.43,98.42,8.39,302.3,3.0,37.06,0.95,0.86,99.37
2024-10-27,DA NANG,16.044,108.199,98.93,24.52,26.09,23.17,22.3,24.55,87.61,17.31,98.09,3.58,199.0,5.35,37.49,0.96,0.92,97.78
2024-10-28,DA NANG,16.044,108.199,21.22,24.71,26.92,23.43,22.44,25.38,87.74,17.37,98.51,2.51,321.6,14.49,37.25,0.93,0.92,95.01
2024-10-29,DA NANG,16.044,108.199,37.29,25.34,27.17,24.25,23.75,25.63,91.09,18.75,98.69,4.87,317.2,12.08,37.79,0.95,0.93,93.98
2024-10-30,DA NANG,16.044,108.199,87.1,25.33,27.78,24.24,23.9,25.67,91.92,18.86,99.02,5.38,335.6,10.5,37.86,0.98,0.95,97.43
2024-10-31,DA NANG,16.044,108.199,8.0,24.34,27.32,21.41,22.08,24.55,87.44,16.89,99.14,3.9,328.7,9.66,35.79,0.93,0.96,64.63
2024-11-01,DA NANG,16.044,108.199,0.2,24.77,28.1,22.71,20.97,24.73,80.02,15.69,99.39,3.56,343.0,17.24,35.69,0.91,0.94,94.42
2024-11-02,DA NANG,16.044,108.199,28.99,24.74,26.72,23.75,22.75,25.12,88.89,17.46,99.59,4.05,19.6,10.98,37.15,0.94,0.94,96.07
2024-11-03,DA NANG,16.044,108.199,49.3,24.56,26.37,23.42,22.92,24.77,90.77,17.67,99.57,2.81,18.4,2.91,36.82,0.97,0.97,99.04
2024-11-04,DA NANG,16.044,108.199,69.31,25.5,27.0,24.73,24.12,25.62,92.05,18.99,99.48,4.1,44.7,3.45,37.51,0.97,0.98,99.2
2024-11-05,DA NANG,16.044,108.199,81.25,25.0,25.58,24.5,23.84,25.07,93.21,18.66,99.61,5.18,47.6,3.29,37.24,0.98,1.0,98.73
2024-11-06,DA NANG,16.044,108.199,13.56,24.66,25.94,23.72,22.84,24.74,89.63,17.53,99.72,5.25,46.8,12.67,36.43,0.96,0.99,79.06
2024-11-07,DA NANG,16.044,108.199,5.94,23.91,26.2,22.09,21.36,24.09,85.66,16.0,99.8,4.65,52.3,16.94,35.59,0.95,0.99,63.91
2024-11-08,DA NANG,16.044,108.199,1.46,22.96,25.96,20.15,19.6,23.28,81.57,14.38,99.68,3.24,3.6,17.02,34.33,0.95,0.98,51.91
2024-11-09,DA NANG,16.044,108.199,0.0,22.96,26.05,20.67,19.45,23.36,81.01,14.25,99.57,3.18,322.5,16.37,35.15,0.94,0.97,79.72
2024-11-10,DA NANG,16.044,108.199,0.06,24.11,27.28,22.32,21.46,24.38,85.79,16.18,99.5,3.93,316.1,15.18,36.64,0.93,0.97,86.93
2024-11-11,DA NANG,16.044,108.199,32.56,25.3,27.41,23.83,23.47,25.4,89.89,18.33,99.25,6.02,344.0,8.58,37.25,0.95,0.97,98.35
2024-11-12,DA NANG,16.044,108.199,34.97,24.96,26.55,23.59,23.78,25.03,93.17,18.66,99.25,4.02,44.4,10.23,37.01,0.97,0.99,98.68
2024-11-13,DA NANG,16.044,108.199,3.54,24.98,27.53,23.52,22.67,24.92,87.04,17.44,99.27,2.46,71.2,14.5,35.95,0.94,0.98,71.51
2024-11-14,DA NANG,16.044,108.199,0.04,25.47,28.96,22.88,22.4,25.49,83.56,17.16,99.27,1.56,94.6,19.07,34.72,0.94,0.97,13.87
2024-11-15,DA NANG,16.044,108.199,0.08,25.42,28.94,23.07,22.5,25.43,84.24,17.26,99.22,1.85,123.9,19.48,34.46,0.93,0.97,12.63
2024-11-16,DA NANG,16.044,108.199,0.52,25.23,28.49,22.87,22.42,25.27,84.74,17.17,99.34,1.69,93.1,19.38,34.51,0.92,0.96,17.5
2024-11-17,DA NANG,16.044,108.199,5.2,25.08,27.69,23.6,22.59,25.4,86.51,17.32,99.46,2.98,21.0,17.83,35.87,0.92,0.96,57.08
2024-11-18,DA NANG,16.044,108.199,14.73,25.36,27.55,24.07,23.46,25.56,89.37,18.25,99.53,4.61,55.6,15.79,36.92,0.94,0.96,85.48
2024-11-19,DA NANG,16.044,108.199,17.07,24.24,26.73,22.54,22.1,24.56,87.93,16.78,99.62,4.15,41.2,12.37,36.89,0.94,0.96,92.54
2024-11-20,DA NANG,16.044,108.199,23.72,23.95,25.78,22.89,22.04,24.45,89.24,16.71,99.6,4.55,8.6,8.93,36.77,0.95,0.97,94.79
2024-11-21,DA NANG,16.044,108.199,25.8,23.9,25.48,23.16,22.31,24.3,90.83,17.0,99.58,4.98,27.4,7.53,37.01,0.95,0.97,99.3
2024-11-22,DA NANG,16.044,108.199,32.69,24.41,26.2,23.5,22.77,24.63,90.59,17.47,99.62,5.46,51.5,9.0,37.07,0.97,0.99,98.9
2024-11-23,DA NANG,16.044,108.199,18.06,24.13,25.73,23.4,22.52,24.36,90.75,17.19,99.71,5.23,54.5,9.17,36.87,0.96,0.99,99.58
2024-11-24,DA NANG,16.044,108.199,30.06,24.76,26.52,23.73,23.3,24.89,91.69,18.05,99.6,4.56,49.7,9.74,37.12,0.96,0.99,99.62
2024-11-25,DA NANG,16.044,108.199,32.14,25.16,27.23,23.83,23.82,25.22,92.39,18.64,99.57,3.87,58.7,12.57,36.85,0.97,0.99,98.53
2024-11-26,DA NANG,16.044,108.199,12.45,24.33,26.24,22.77,22.76,24.43,90.92,17.47,99.67,5.64,58.3,13.0,36.33,0.96,0.99,97.83
2024-11-27,DA NANG,16.044,108.199,1.91,23.19,25.55,21.5,20.97,23.61,87.42,15.63,99.83,5.56,42.7,12.82,35.18,0.95,0.98,98.12
2024-11-28,DA NANG,16.044,108.199,0.26,21.26,23.32,19.1,18.01,21.79,81.75,12.96,100.11,4.91,31.1,14.9,33.38,0.94,0.98,91.34
2024-11-29,DA NANG,16.044,108.199,0.12,21.05,23.5,19.51,17.16,21.68,78.77,12.28,99.92,3.54,40.0,13.1,33.63,0.93,0.97,89.57
2024-11-30,DA NANG,16.044,108.199,0.02,21.77,24.23,20.3,18.78,22.36,83.34,13.65,99.57,2.87,49.1,7.05,36.09,0.93,0.96,94.37
2024-12-01,DA NANG,16.044,108.199,0.05,22.73,25.17,21.53,20.27,23.06,86.27,15.02,99.38,2.37,56.5,15.49,34.86,0.92,0.96,82.81
2024-12-02,DA NANG,16.044,108.199,1.8,23.35,26.14,21.56,21.13,23.62,87.59,15.83,99.44,3.01,57.2,12.81,36.12,0.92,0.96,89.94
2024-12-03,DA NANG,16.044,108.199,1.46,23.34,26.35,21.45,20.99,23.53,86.89,15.69,99.5,3.17,51.4,16.93,34.66,0.92,0.95,81.58
2024-12-04,DA NANG,16.044,108.199,1.88,23.33,25.92,21.84,21.08,23.59,87.48,15.77,99.48,3.14,32.8,15.37,34.81,0.91,0.95,92.02
2024-12-05,DA NANG,16.044,108.199,9.62,23.17,24.47,22.51,21.66,23.32,91.17,16.35,99.44,3.3,40.8,11.55,36.35,0.92,0.95,92.65
2024-12-06,DA NANG,16.044,108.199,13.31,23.69,25.85,22.15,21.52,23.73,87.68,16.21,99.48,3.76,64.9,13.79,36.44,0.93,0.96,90.14
2024-12-07,DA NANG,16.044,108.199,2.93,23.43,25.78,21.79,21.13,23.68,87.08,15.78,99.68,3.72,44.1,12.25,35.49,0.92,0.95,84.73
2024-12-08,DA NANG,16.044,108.199,3.48,22.23,24.35,20.94,20.17,22.76,88.16,14.85,99.82,5.0,40.2,13.49,34.71,0.91,0.95,83.56
2024-12-09,DA NANG,16.044,108.199,4.09,22.86,24.66,21.94,21.01,23.26,89.39,15.69,99.58,4.02,52.9,11.16,35.49,0.91,0.94,93.22
2024-12-10,DA NANG,16.044,108.199,15.41,23.91,25.94,23.03,22.16,24.17,90.09,16.87,99.4,3.31,56.1,14.21,35.83,0.92,0.94,96.08
2024-12-11,DA NANG,16.044,108.199,86.78,23.91,24.64,23.49,22.99,24.01,94.53,17.75,99.4,5.21,48.3,4.11,36.56,0.99,0.98,99.47
2024-12-12,DA NANG,16.044,108.199,38.73,23.69,25.07,23.08,22.51,23.83,93.04,17.21,99.49,5.54,47.5,4.5,36.77,0.97,0.99,99.6
2024-12-13,DA NANG,16.044,108.199,41.96,22.41,24.0,21.46,21.2,22.78,92.82,15.86,99.77,6.16,30.7,3.82,36.09,0.98,0.99,99.68
2024-12-14,DA NANG,16.044,108.199,44.14,20.87,23.01,19.56,19.21,21.58,90.21,13.97,100.12,6.83,31.5,2.64,34.96,0.98,0.99,99.59
2024-12-15,DA NANG,16.044,108.199,24.03,19.22,20.64,18.49,17.27,20.26,88.52,12.33,100.22,5.34,20.8,2.5,34.69,0.97,1.0,99.58
2024-12-16,DA NANG,16.044,108.199,8.04,19.3,20.63,18.68,17.22,20.32,87.81,12.31,100.07,4.03,18.6,2.55,35.29,0.97,0.99,99.46
2024-12-17,DA NANG,16.044,108.199,2.68,20.98,22.57,20.21,18.94,21.62,88.23,13.74,99.89,3.53,30.0,7.08,35.94,0.96,0.99,96.37
2024-12-18,DA NANG,16.044,108.199,8.75,20.94,22.95,19.74,18.69,21.38,86.97,13.53,99.89,4.71,30.3,11.13,35.12,0.96,0.99,90.01
2024-12-19,DA NANG,16.044,108.199,10.13,20.54,22.59,18.91,18.3,21.0,86.98,13.2,99.9,4.86,45.4,8.85,35.41,0.96,0.99,97.05
2024-12-20,DA NANG,16.044,108.199,3.0,19.77,21.93,18.24,17.11,20.35,84.73,12.26,99.82,4.0,47.2,9.3,35.11,0.95,0.98,98.44
2024-12-21,DA NANG,16.044,108.199,0.83,19.58,21.97,17.77,16.45,20.29,82.19,11.74,99.92,3.93,35.5,11.82,33.04,0.94,0.98,98.61
2024-12-22,DA NANG,16.044,108.199,3.97,19.78,21.22,18.98,17.19,20.62,85.47,12.35,99.78,3.82,16.0,10.35,34.25,0.94,0.97,99.02
2024-12-23,DA NANG,16.044,108.199,11.17,20.3,21.79,19.53,18.64,21.06,90.2,13.5,99.77,5.0,12.6,4.06,35.23,0.95,0.97,99.6
2024-12-24,DA NANG,16.044,108.199,7.02,19.75,21.01,18.99,18.01,20.46,89.8,12.97,99.88,4.42,5.2,5.5,34.74,0.94,0.97,99.27
2024-12-25,DA NANG,16.044,108.199,6.67,21.25,22.41,20.58,20.1,21.73,93.19,14.79,99.85,4.55,5.3,5.18,35.56,0.94,0.97,99.41
2024-12-26,DA NANG,16.044,108.199,12.89,22.09,23.27,21.57,21.11,22.35,94.14,15.72,99.95,4.39,18.6,4.64,36.06,0.95,0.97,99.6
2024-12-27,DA NANG,16.044,108.199,51.57,21.82,23.57,20.45,20.61,22.17,92.83,15.23,100.12,5.33,24.0,3.57,35.85,0.98,0.98,99.9
2024-12-28,DA NANG,16.044,108.199,23.61,19.18,20.55,18.06,17.41,19.94,89.44,12.44,100.26,4.98,22.9,2.81,34.76,0.97,0.99,99.62
2024-12-29,DA NANG,16.044,108.199,2.88,19.93,21.8,18.94,18.03,20.52,88.81,12.96,100.0,3.4,48.6,7.56,34.91,0.95,0.99,86.87
2024-12-30,DA NANG,16.044,108.199,7.0,20.76,22.94,19.69,18.89,21.32,89.27,13.7,99.92,3.63,30.4,11.65,35.22,0.95,0.98,93.97
2024-12-31,DA NANG,16.044,108.199,4.23,19.79,21.58,18.74,17.99,20.51,89.39,12.95,99.84,3.53,10.5,5.24,35.03,0.95,0.98,99.61
2025-01-01,DA NANG,16.044,108.199,0.4,20.28,22.48,18.98,17.97,20.8,86.64,12.96,99.71,2.9,26.7,3.33,35.28,0.94,0.98,99.82
2025-01-02,DA NANG,16.044,108.199,3.79,20.14,22.11,18.99,18.38,20.79,89.68,13.28,99.8,3.55,16.2,3.72,35.25,0.94,0.97,99.75
2025-01-03,DA NANG,16.044,108.199,1.6,19.92,21.97,18.21,16.91,20.07,82.9,12.09,99.9,3.91,29.3,6.74,35.21,0.94,0.97,97.32
2025-01-04,DA NANG,16.044,108.199,0.12,19.77,22.2,18.22,16.59,20.28,82.25,11.84,99.89,3.18,21.9,15.18,32.99,0.93,0.97,82.71
2025-01-05,DA NANG,16.044,108.199,0.05,19.44,22.71,17.62,15.49,19.19,78.06,11.08,99.91,3.17,354.4,15.36,33.09,0.92,0.96,95.68
2025-01-06,DA NANG,16.044,108.199,0.35,19.93,22.6,18.11,17.52,20.37,86.38,12.58,99.78,2.77,53.9,13.56,34.1,0.92,0.96,79.27
2025-01-07,DA NANG,16.044,108.199,0.29,20.74,24.07,18.65,18.16,20.88,85.5,13.1,99.74,2.9,64.4,13.87,33.4,0.92,0.95,55.1
2025-01-08,DA NANG,16.044,108.199,4.48,21.27,23.5,19.84,19.16,21.56,88.16,13.95,99.81,3.17,56.7,10.41,35.55,0.92,0.95,95.04
2025-01-09,DA NANG,16.044,108.199,8.86,21.23,23.61,19.63,19.22,21.27,88.38,13.96,100.04,4.6,54.9,10.12,35.33,0.92,0.95,99.2
2025-01-10,DA NANG,16.044,108.199,4.19,19.39,21.89,17.5,16.69,19.83,84.51,11.86,100.44,5.72,48.0,12.12,32.89,0.91,0.95,72.88
2025-01-11,DA NANG,16.044,108.199,3.83,17.78,19.75,15.79,14.94,18.48,83.45,10.58,100.6,5.35,25.3,14.6,32.54,0.91,0.94,79.26
2025-01-12,DA NANG,16.044,108.199,0.7,17.08,18.85,16.31,13.72,18.22,80.84,9.79,100.33,3.51,25.0,12.71,32.65,0.91,0.94,87.35
2025-01-13,DA NANG,16.044,108.199,1.02,18.76,20.49,17.42,16.18,19.16,85.37,11.55,99.97,2.62,35.1,11.81,34.45,0.9,0.93,97.77
2025-01-14,DA NANG,16.044,108.199,9.06,20.8,22.94,19.66,19.48,21.17,92.39,14.23,99.92,3.56,351.3,6.11,35.69,0.91,0.93,99.86
2025-01-15,DA NANG,16.044,108.199,30.79,20.33,21.97,19.23,19.25,20.69,93.47,14.0,100.12,5.7,23.8,3.89,35.21,0.95,0.95,99.89
2025-01-16,DA NANG,16.044,108.199,15.27,18.66,20.56,16.7,16.4,19.2,86.71,11.68,100.25,4.59,27.6,7.61,34.82,0.94,0.96,99.54
2025-01-17,DA NANG,16.044,108.199,3.79,18.57,21.06,17.0,15.73,19.08,83.66,11.2,99.94,3.06,50.5,10.63,33.99,0.92,0.96,80.0
2025-01-18,DA NANG,16.044,108.199,2.13,18.99,21.85,16.99,16.16,19.38,83.82,11.52,99.84,2.82,39.7,10.64,34.24,0.92,0.95,83.14
2025-01-19,DA NANG,16.044,108.199,1.1,19.1,22.24,16.94,15.95,19.51,82.18,11.39,99.67,2.37,17.3,10.58,34.86,0.91,0.95,95.07
2025-01-20,DA NANG,16.044,108.199,0.27,19.14,21.82,17.67,14.64,18.91,75.25,10.46,99.66,2.25,7.3,13.97,33.75,0.91,0.94,91.43
2025-01-21,DA NANG,16.044,108.199,0.0,19.09,22.42,17.12,15.35,19.07,79.39,10.95,99.62,1.87,73.3,11.53,32.32,0.9,0.94,61.04
2025-01-22,DA NANG,16.044,108.199,0.0,19.33,23.27,16.74,15.71,19.02,79.97,11.22,99.65,1.34,82.5,19.92,30.22,0.9,0.93,28.53
2025-01-23,DA NANG,16.044,108.199,0.0,19.87,23.64,17.51,16.78,19.43,82.83,12.03,99.53,1.25,104.5,18.84,31.06,0.9,0.93,60.13
2025-01-24,DA NANG,16.044,108.199,0.0,20.62,24.95,18.07,18.45,20.51,88.12,13.41,99.38,2.37,125.1,19.81,31.34,0.89,0.92,31.87
2025-01-25,DA NANG,16.044,108.199,0.09,21.16,25.04,19.17,18.98,20.95,87.84,13.84,99.53,2.34,99.5,19.61,32.23,0.89,0.91,38.02
2025-01-26,DA NANG,16.044,108.199,10.8,18.99,23.69,15.94,16.87,19.69,87.76,12.13,99.99,5.56,4.9,15.55,33.73,0.9,0.91,86.94
2025-01-27,DA NANG,16.044,108.199,3.43,16.57,17.89,15.88,14.38,17.7,86.93,10.25,100.09,3.55,12.5,5.13,33.77,0.9,0.92,99.43
2025-01-28,DA NANG,16.044,108.199,4.07,17.74,19.59,16.92,15.42,18.61,86.45,10.94,100.26,3.85,23.5,7.12,34.15,0.89,0.92,98.32
2025-01-29,DA NANG,16.044,108.199,2.72,18.61,20.95,17.11,16.39,19.08,87.08,11.66,100.09,2.97,46.3,15.88,33.64,0.89,0.91,84.5
2025-01-30,DA NANG,16.044,108.199,0.07,19.5,23.11,16.69,16.56,19.2,83.7,11.85,99.65,1.99,94.1,18.21,31.24,0.89,0.91,30.73
2025-01-31,DA NANG,16.044,108.199,0.02,19.87,24.32,16.24,16.57,19.49,82.21,11.91,99.43,1.16,102.2,21.0,30.27,0.88,0.9,58.75
2025-02-01,DA NANG,16.044,108.199,0.03,20.61,24.99,17.87,16.23,19.6,77.1,11.74,99.3,1.14,120.7,21.35,30.1,0.88,0.9,26.67
2025-02-02,DA NANG,16.044,108.199,0.65,21.03,25.15,18.3,17.99,20.71,84.22,13.06,99.41,1.56,114.9,21.05,31.71,0.88,0.89,20.53
2025-02-03,DA NANG,16.044,108.199,34.25,20.98,24.39,18.38,18.85,21.29,87.99,13.68,99.85,4.03,24.7,17.43,34.41,0.92,0.9,72.49
2025-02-04,DA NANG,16.044,108.199,21.47,18.58,20.47,17.36,16.51,19.11,87.77,11.77,99.95,3.87,37.4,5.89,34.89,0.93,0.93,97.77
2025-02-05,DA NANG,16.044,108.199,0.15,19.73,23.11,17.35,16.38,19.54,81.46,11.71,99.69,2.32,105.9,17.06,33.71,0.9,0.92,62.4
2025-02-06,DA NANG,16.044,108.199,0.32,20.8,24.2,19.09,17.7,20.35,83.12,12.74,99.63,1.78,86.0,19.8,32.04,0.89,0.91,29.54
2025-02-07,DA NANG,16.044,108.199,12.85,20.96,24.18,18.79,19.07,21.24,89.18,13.86,99.9,4.17,27.8,13.01,35.03,0.9,0.91,96.81
2025-02-08,DA NANG,16.044,108.199,10.76,18.85,21.02,17.23,16.78,19.41,87.8,11.96,100.1,5.27,37.3,10.95,34.6,0.91,0.92,98.84
2025-02-09,DA NANG,16.044,108.199,1.46,18.43,20.01,17.53,15.98,18.95,85.79,11.37,100.0,3.96,31.7,16.12,33.12,0.89,0.92,78.92
2025-02-10,DA NANG,16.044,108.199,0.98,19.39,21.67,18.11,17.22,19.84,87.63,12.34,99.86,3.16,17.1,9.73,34.6,0.89,0.91,98.6
2025-02-11,DA NANG,16.044,108.199,0.51,20.96,23.46,19.66,19.58,21.14,92.12,14.34,99.69,2.97,20.3,6.75,35.36,0.89,0.91,98.92
2025-02-12,DA NANG,16.044,108.199,2.59,21.89,24.48,20.38,20.6,22.06,92.54,15.28,99.69,3.2,5.9,7.29,35.85,0.89,0.91,99.74
2025-02-13,DA NANG,16.044,108.199,2.79,21.27,23.95,19.5,19.99,21.46,92.54,14.72,99.73,3.36,17.4,10.62,35.6,0.89,0.91,98.54
2025-02-14,DA NANG,16.044,108.199,0.74,22.06,24.6,20.36,20.64,21.92,91.89,15.33,99.57,2.42,58.7,8.58,35.75,0.88,0.9,97.86
2025-02-15,DA NANG,16.044,108.199,0.13,22.63,26.3,20.33,21.11,22.57,91.65,15.81,99.47,2.5,93.7,15.98,35.92,0.88,0.9,80.6
2025-02-16,DA NANG,16.044,108.199,0.07,22.22,25.84,19.74,20.43,22.18,89.94,15.11,99.77,2.82,84.4,21.56,33.1,0.87,0.89,28.47
2025-02-17,DA NANG,16.044,108.199,0.24,21.56,24.77,19.32,19.41,21.72,88.04,14.15,99.9,2.82,74.6,21.13,33.09,0.87,0.88,35.81
2025-02-18,DA NANG,16.044,108.199,1.22,21.69,24.71,19.66,19.97,21.89,90.23,14.66,99.89,3.4,59.4,13.99,35.83,0.87,0.88,91.63
2025-02-19,DA NANG,16.044,108.199,0.48,21.43,24.64,19.48,19.42,21.5,88.74,14.16,99.86,3.32,75.6,18.43,34.06,0.87,0.88,59.03
2025-02-20,DA NANG,16.044,108.199,1.2,21.98,24.92,20.36,20.31,22.14,90.68,14.98,99.86,3.28,67.6,18.37,34.66,0.86,0.87,71.07
2025-02-21,DA NANG,16.044,108.199,1.78,21.99,24.45,20.49,20.48,22.14,91.32,15.12,99.93,3.74,67.9,16.13,34.99,0.86,0.87,92.38
2025-02-22,DA NANG,16.044,108.199,1.94,22.35,25.02,20.8,20.9,22.46,91.75,15.51,99.98,3.59,67.9,15.95,35.18,0.86,0.87,90.57
2025-02-23,DA NANG,16.044,108.199,6.97,22.34,24.91,20.77,20.83,22.44,91.24,15.42,100.19,5.31,56.2,9.04,35.87,0.87,0.87,99.07
2025-02-24,DA NANG,16.044,108.199,9.51,20.87,22.94,19.76,19.23,21.19,90.37,13.92,100.35,5.08,54.3,6.14,35.16,0.88,0.87,99.28
2025-02-25,DA NANG,16.044,108.199,3.84,21.39,23.87,19.9,19.72,21.72,90.46,14.37,100.29,3.83,49.9,8.09,35.5,0.87,0.87,99.5
2025-02-26,DA NANG,16.044,108.199,0.78,21.71,24.79,19.99,19.7,21.93,88.58,14.39,100.05,2.9,66.5,12.75,35.55,0.86,0.87,97.66
2025-02-27,DA NANG,16.044,108.199,0.18,21.48,24.63,19.31,19.43,21.66,88.47,14.18,99.76,2.28,98.6,11.37,34.59,0.86,0.86,73.82
2025-02-28,DA NANG,16.044,108.199,0.05,22.0,26.07,18.88,19.92,22.12,88.59,14.65,99.63,2.74,123.7,18.9,33.94,0.85,0.86,64.87
2025-03-01,DA NANG,16.044,108.199,0.03,22.6,27.12,19.36,20.44,22.71,88.62,15.2,99.35,2.97,130.1,21.75,32.83,0.85,0.85,31.48
2025-03-02,DA NANG,16.044,108.199,0.01,23.81,28.69,21.08,21.03,23.24,85.73,15.83,99.15,2.56,134.1,24.05,32.82,0.84,0.84,24.18
2025-03-03,DA NANG,16.044,108.199,0.01,25.4,31.04,22.71,22.0,25.02,83.25,16.8,99.08,1.92,133.6,23.1,34.56,0.84,0.84,57.63
2025-03-04,DA NANG,16.044,108.199,0.01,26.38,31.53,23.67,23.19,25.74,83.84,18.07,98.99,1.68,144.7,20.46,35.51,0.84,0.83,46.05
2025-03-05,DA NANG,16.044,108.199,0.67,26.43,30.86,23.94,23.91,26.05,87.13,18.84,99.12,2.09,103.4,20.08,36.26,0.83,0.83,64.69
2025-03-06,DA NANG,16.044,108.199,4.39,23.03,27.14,20.12,21.42,23.43,90.97,16.23,99.63,4.52,20.1,12.75,36.34,0.84,0.83,97.55
2025-03-07,DA NANG,16.044,108.199,3.52,20.69,21.94,19.88,19.16,21.52,90.99,13.95,99.79,4.26,4.0,6.37,35.52,0.84,0.83,99.8
2025-03-08,DA NANG,16.044,108.199,1.32,21.72,24.23,20.08,19.85,22.31,89.25,14.55,99.86,3.49,44.4,8.18,36.07,0.84,0.83,99.1
2025-03-09,DA NANG,16.044,108.199,0.98,22.5,25.7,20.7,20.24,23.04,87.65,14.9,99.94,3.03,49.2,9.46,36.3,0.83,0.82,98.48
2025-03-10,DA NANG,16.044,108.199,1.76,22.87,25.59,21.33,21.4,23.18,91.63,16.03,99.83,2.99,54.9,7.24,36.28,0.84,0.82,99.2
2025-03-11,DA NANG,16.044,108.199,1.1,23.7,27.07,21.66,22.02,23.87,90.79,16.7,99.54,2.73,94.5,10.22,36.36,0.83,0.82,97.79
2025-03-12,DA NANG,16.044,108.199,0.61,24.6,28.45,22.42,22.72,24.64,89.84,17.47,99.33,3.08,118.2,19.49,36.0,0.83,0.82,88.78
2025-03-13,DA NANG,16.044,108.199,0.21,24.64,28.41,21.91,22.66,24.51,89.56,17.42,99.33,2.6,128.3,18.7,35.49,0.82,0.81,91.97
2025-03-14,DA NANG,16.044,108.199,0.01,25.39,30.25,22.24,22.92,25.19,87.41,17.7,99.36,2.33,128.5,20.52,35.04,0.82,0.81,71.39
2025-03-15,DA NANG,16.044,108.199,0.29,26.06,31.48,22.77,22.97,25.63,84.79,17.74,99.4,1.48,40.8,23.0,35.41,0.81,0.8,53.04
2025-03-16,DA NANG,16.044,108.199,5.21,20.83,24.98,19.07,18.9,21.49,88.91,13.8,99.79,4.6,349.2,5.11,35.07,0.83,0.8,99.46
2025-03-17,DA NANG,16.044,108.199,5.41,20.71,23.16,19.19,18.49,21.45,87.36,13.35,99.91,3.53,15.5,6.88,35.61,0.83,0.81,99.94
2025-03-18,DA NANG,16.044,108.199,4.34,19.8,22.79,18.05,17.56,20.76,87.05,12.57,100.19,4.7,4.5,6.11,35.13,0.83,0.81,99.96
2025-03-19,DA NANG,16.044,108.199,1.8,18.93,21.45,17.53,15.91,19.92,82.9,11.27,100.41,3.85,1.5,6.42,34.98,0.82,0.81,99.98
2025-03-20,DA NANG,16.044,108.199,0.66,19.92,22.61,18.33,15.74,20.46,77.36,11.16,100.35,3.29,26.5,12.13,34.43,0.82,0.8,98.17
2025-03-21,DA NANG,16.044,108.199,0.05,20.29,23.43,18.43,16.01,20.4,76.78,11.37,100.2,2.35,44.1,18.57,32.98,0.81,0.8,76.81
2025-03-22,DA NANG,16.044,108.199,0.0,20.93,24.26,19.06,17.3,21.05,80.26,12.37,99.98,1.79,54.6,18.52,32.95,0.81,0.79,39.44
2025-03-23,DA NANG,16.044,108.199,0.16,21.37,24.96,18.74,18.16,21.25,82.48,13.1,99.75,1.56,88.2,21.78,32.36,0.8,0.79,23.81
2025-03-24,DA NANG,16.044,108.199,0.0,21.29,25.77,17.53,18.38,21.52,84.39,13.33,99.43,1.94,111.7,23.06,31.86,0.8,0.78,14.35
2025-03-25,DA NANG,16.044,108.199,0.0,21.96,27.08,19.02,19.19,21.93,85.69,14.11,99.03,2.9,132.8,24.48,31.39,0.8,0.78,17.09
2025-03-26,DA NANG,16.044,108.199,0.0,24.12,29.14,21.5,21.13,24.07,84.8,15.97,98.78,2.58,135.0,24.42,33.05,0.79,0.78,29.52
2025-03-27,DA NANG,16.044,108.199,0.02,26.31,32.73,23.25,22.67,25.67,82.17,17.56,98.67,1.93,144.6,21.1,35.43,0.79,0.77,31.01
2025-03-28,DA NANG,16.044,108.199,0.09,25.89,31.0,22.9,23.11,25.48,86.1,17.97,98.98,2.26,117.2,21.51,35.79,0.79,0.77,71.78
2025-03-29,DA NANG,16.044,108.199,1.38,24.82,28.29,22.76,23.06,24.82,90.38,17.82,99.42,3.07,72.0,19.02,36.27,0.79,0.77,91.57
2025-03-30,DA NANG,16.044,108.199,3.37,21.73,25.02,19.59,19.87,22.36,89.38,14.63,99.76,4.5,2.5,7.97,35.66,0.8,0.77,99.35
2025-03-31,DA NANG,16.044,108.199,1.28,21.05,23.65,19.44,18.85,21.94,87.46,13.68,99.75,3.74,5.3,10.7,35.27,0.79,0.77,99.87
2025-04-01,DA NANG,16.044,108.199,0.55,20.45,23.62,18.21,17.86,21.5,85.38,12.86,99.8,4.01,353.9,10.88,34.91,0.79,0.77,99.41
2025-04-02,DA NANG,16.044,108.199,0.06,21.15,24.17,19.31,18.46,22.04,84.92,13.33,99.88,2.74,36.9,8.57,35.82,0.79,0.77,99.74
2025-04-03,DA NANG,16.044,108.199,0.02,21.5,24.87,19.35,18.4,22.0,82.86,13.3,99.77,2.27,69.1,9.01,35.66,0.78,0.76,85.47
2025-04-04,DA NANG,16.044,108.199,0.0,22.68,26.58,20.43,20.04,22.8,85.75,14.79,99.45,2.5,116.3,16.19,34.6,0.78,0.76,44.89
2025-04-05,DA NANG,16.044,108.199,0.3,23.84,28.17,21.56,21.6,24.08,87.95,16.29,99.43,1.93,66.6,20.61,35.85,0.77,0.76,75.3
2025-04-06,DA NANG,16.044,108.199,0.54,23.18,25.04,22.21,21.84,22.99,92.24,16.51,99.55,1.66,64.7,14.31,36.26,0.78,0.76,98.31
2025-04-07,DA NANG,16.044,108.199,0.09,24.25,28.04,21.85,22.33,24.17,89.6,17.0,99.65,2.38,101.3,16.85,36.64,0.77,0.75,92.61
2025-04-08,DA NANG,16.044,108.199,0.04,23.98,28.19,20.97,21.42,23.97,86.36,16.09,99.57,2.63,123.7,21.81,34.54,0.77,0.75,62.0
2025-04-09,DA NANG,16.044,108.199,0.15,24.6,28.95,22.19,21.96,24.72,86.07,16.69,99.22,2.53,133.1,23.34,34.72,0.76,0.75,71.67
2025-04-10,DA NANG,16.044,108.199,0.05,26.21,30.74,23.14,23.02,25.6,83.85,17.92,98.94,1.64,154.6,13.19,36.27,0.77,0.74,79.09
2025-04-11,DA NANG,16.044,108.199,0.01,27.02,32.53,24.07,23.54,26.61,82.91,18.48,98.91,2.0,133.9,23.54,35.96,0.76,0.74,48.23
2025-04-12,DA NANG,16.044,108.199,20.51,27.22,33.72,21.79,23.47,26.63,81.89,18.38,99.16,3.06,313.8,22.64,36.51,0.81,0.75,89.56
2025-04-13,DA NANG,16.044,108.199,3.0,21.47,23.25,20.15,18.87,21.94,85.25,13.73,99.63,3.48,330.6,6.86,35.89,0.8,0.77,99.47
2025-04-14,DA NANG,16.044,108.199,0.19,22.7,26.41,20.63,19.73,23.38,83.71,14.49,99.57,2.21,351.3,17.06,34.93,0.78,0.76,92.85
2025-04-15,DA NANG,16.044,108.199,0.02,23.48,27.04,21.1,20.14,23.97,82.06,14.88,99.42,1.84,77.5,21.07,34.36,0.77,0.75,84.63
2025-04-16,DA NANG,16.044,108.199,0.79,25.2,29.53,22.79,22.34,25.5,85.19,17.11,99.14,2.59,121.5,21.12,35.02,0.76,0.75,93.12
2025-04-17,DA NANG,16.044,108.199,0.18,27.09,31.35,24.42,23.73,26.49,82.83,18.67,98.97,1.77,167.3,22.88,36.24,0.76,0.74,72.9
2025-04-18,DA NANG,16.044,108.199,2.19,27.85,33.59,24.9,24.48,27.39,83.67,19.53,98.99,1.69,114.9,22.38,36.72,0.76,0.74,83.88
2025-04-19,DA NANG,16.044,108.199,1.05,27.12,31.96,24.62,24.35,26.86,86.03,19.38,99.03,2.37,125.5,24.35,36.0,0.76,0.74,60.52
2025-04-20,DA NANG,16.044,108.199,0.01,26.85,32.06,23.52,23.56,26.6,83.86,18.46,99.13,1.91,128.5,25.55,34.76,0.75,0.74,54.73
2025-04-21,DA NANG,16.044,108.199,0.0,27.59,32.36,24.7,23.75,27.25,81.12,18.65,99.24,2.0,139.2,26.03,35.24,0.75,0.73,49.61
2025-04-22,DA NANG,16.044,108.199,0.16,28.06,33.48,24.59,24.03,27.55,80.53,19.0,99.12,1.86,171.1,26.37,35.46,0.74,0.73,42.61
2025-04-23,DA NANG,16.044,108.199,0.06,27.28,32.2,24.17,23.71,26.97,82.46,18.67,99.01,1.87,144.6,24.94,35.23,0.74,0.72,37.13
2025-04-24,DA NANG,16.044,108.199,0.17,27.74,32.55,25.06,24.01,27.32,81.53,18.98,99.0,2.07,150.6,24.56,36.0,0.74,0.72,44.47
2025-04-25,DA NANG,16.044,108.199,1.89,27.13,31.06,24.62,24.25,26.43,84.98,19.22,99.16,1.16,308.5,17.86,37.02,0.75,0.72,97.3
2025-04-26,DA NANG,16.044,108.199,0.01,26.18,29.13,23.7,24.16,26.05,89.27,19.08,99.33,2.19,120.0,22.54,35.99,0.74,0.72,66.31
2025-04-27,DA NANG,16.044,108.199,0.0,26.51,30.64,23.47,23.68,26.35,85.69,18.55,99.26,2.44,130.8,20.34,35.53,0.73,0.72,70.68
2025-04-28,DA NANG,16.044,108.199,0.0,26.44,30.43,24.2,23.61,26.37,85.67,18.49,99.24,2.03,102.1,23.94,35.4,0.73,0.71,90.08
2025-04-29,DA NANG,16.044,108.199,0.0,25.81,29.97,22.6,22.29,25.84,81.86,17.04,99.35,1.4,66.1,24.21,34.81,0.73,0.71,52.73
2025-04-30,DA NANG,16.044,108.199,0.0,26.21,29.56,24.33,23.37,26.28,85.27,18.21,99.35,1.95,100.9,23.2,35.65,0.72,0.71,63.32
2025-05-01,DA NANG,16.044,108.199,0.02,26.63,30.03,24.06,23.71,26.63,84.63,18.55,99.42,1.55,56.7,25.34,35.66,0.72,0.7,35.56
2025-05-02,DA NANG,16.044,108.199,0.01,26.16,30.24,22.72,23.2,26.39,84.69,18.03,99.22,1.94,111.0,22.57,35.28,0.72,0.7,49.51
2025-05-03,DA NANG,16.044,108.199,0.06,27.32,32.06,24.57,23.47,27.51,81.1,18.37,99.05,1.98,139.6,22.95,35.6,0.71,0.7,83.21
2025-05-04,DA NANG,16.044,108.199,0.02,27.47,31.99,24.41,23.8,27.39,81.77,18.76,98.97,1.94,151.4,24.95,36.6,0.71,0.69,70.88
2025-05-05,DA NANG,16.044,108.199,0.08,28.39,33.4,25.69,24.52,28.27,81.4,19.62,98.92,2.15,131.3,23.89,36.95,0.71,0.69,82.4
2025-05-06,DA NANG,16.044,108.199,0.12,28.06,32.27,25.8,24.96,27.87,84.43,20.14,98.88,1.86,138.7,23.16,37.16,0.71,0.69,79.36
2025-05-07,DA NANG,16.044,108.199,0.2,27.89,30.81,25.58,24.87,27.49,84.07,20.04,98.76,1.99,171.7,23.06,37.44,0.71,0.69,79.94
2025-05-08,DA NANG,16.044,108.199,0.4,29.04,33.99,26.47,25.05,28.71,80.62,20.29,98.74,1.84,153.5,23.27,37.3,0.7,0.69,87.87
2025-05-09,DA NANG,16.044,108.199,0.49,28.86,33.67,26.23,24.99,28.49,81.08,20.2,98.86,1.78,150.2,23.61,37.48,0.7,0.68,84.47
2025-05-10,DA NANG,16.044,108.199,5.85,27.74,30.96,25.8,25.3,27.77,87.41,20.52,98.98,2.38,82.2,21.87,37.34,0.73,0.69,97.46
2025-05-11,DA NANG,16.044,108.199,6.39,25.49,27.16,23.95,24.12,25.87,92.1,19.09,99.05,2.66,16.3,14.63,37.21,0.75,0.7,99.27
2025-05-12,DA NANG,16.044,108.199,2.96,26.13,28.88,24.53,23.48,26.59,85.87,18.36,99.09,2.58,60.5,8.69,37.65,0.73,0.7,98.4
2025-05-13,DA NANG,16.044,108.199,0.39,26.49,29.03,24.97,24.16,26.7,87.45,19.12,99.17,2.2,104.3,14.78,37.56,0.72,0.7,98.49
2025-05-14,DA NANG,16.044,108.199,1.14,26.68,29.16,24.96,24.55,26.79,88.5,19.55,99.26,2.04,113.7,20.24,37.35,0.72,0.7,90.0
2025-05-15,DA NANG,16.044,108.199,1.27,26.8,29.63,24.82,24.34,26.83,86.97,19.34,99.24,1.61,132.4,19.82,37.16,0.72,0.7,96.16
2025-05-16,DA NANG,16.044,108.199,0.21,27.36,30.77,24.82,24.36,27.51,84.72,19.37,99.17,2.05,125.5,25.09,36.52,0.71,0.69,51.69
2025-05-17,DA NANG,16.044,108.199,0.06,27.63,31.34,25.22,24.67,27.47,84.84,19.72,99.17,1.38,117.1,26.27,36.4,0.7,0.69,39.01
2025-05-18,DA NANG,16.044,108.199,0.09,27.6,31.5,25.11,24.81,27.46,85.78,19.91,99.1,2.0,124.6,24.5,36.37,0.7,0.68,45.01
2025-05-19,DA NANG,16.044,108.199,0.16,27.97,31.33,25.76,25.04,27.85,85.02,20.22,98.96,2.11,127.4,25.5,36.8,0.7,0.68,63.91
2025-05-20,DA NANG,16.044,108.199,0.52,27.52,30.53,25.57,25.12,27.41,87.4,20.3,98.99,1.79,132.9,25.42,36.99,0.7,0.68,58.48
2025-05-21,DA NANG,16.044,108.199,0.18,27.66,31.26,25.28,24.87,27.6,85.87,20.03,98.96,2.0,139.9,24.45,36.78,0.7,0.68,57.94
2025-05-22,DA NANG,16.044,108.199,0.61,27.47,30.59,25.39,25.0,27.48,87.27,20.22,98.77,1.99,130.5,25.61,37.05,0.7,0.67,81.14
2025-05-23,DA NANG,16.044,108.199,0.15,27.3,30.89,24.2,24.52,27.28,86.06,19.68,98.81,2.47,131.6,24.32,36.21,0.69,0.67,95.21
2025-05-24,DA NANG,16.044,108.199,0.31,27.54,30.83,25.4,24.8,27.66,86.03,19.94,99.08,3.22,117.3,25.95,36.76,0.69,0.67,73.57
2025-05-25,DA NANG,16.044,108.199,4.16,27.55,30.41,25.44,24.83,27.64,85.76,19.9,99.26,3.17,100.6,24.08,37.64,0.7,0.67,76.75
2025-05-26,DA NANG,16.044,108.199,5.17,26.97,29.55,24.86,24.24,27.15,85.48,19.21,99.25,2.54,101.3,13.74,37.9,0.72,0.67,99.29
2025-05-27,DA NANG,16.044,108.199,8.33,27.17,30.49,24.53,24.06,27.34,83.72,19.03,99.08,2.06,78.4,16.33,37.53,0.73,0.68,99.31
2025-05-28,DA NANG,16.044,108.199,4.77,27.75,30.89,25.46,24.73,27.89,84.34,19.86,98.88,2.21,42.5,22.94,37.04,0.73,0.68,90.32
2025-05-29,DA NANG,16.044,108.199,5.62,27.75,31.41,25.05,24.38,28.03,82.83,19.47,98.83,2.55,353.7,23.21,37.36,0.72,0.68,94.43
2025-05-30,DA NANG,16.044,108.199,4.82,27.5,29.83,25.61,25.05,27.58,86.8,20.22,98.96,1.67,242.9,16.86,37.97,0.73,0.69,97.21
2025-05-31,DA NANG,16.044,108.199,0.52,28.58,32.86,25.7,24.54,28.17,79.5,19.64,98.87,1.66,227.1,21.82,37.73,0.7,0.68,90.09
2025-06-01,DA NANG,16.044,108.199,0.12,29.34,33.94,25.8,24.15,28.78,74.74,19.23,98.72,1.82,240.7,25.13,37.36,0.69,0.67,37.05
2025-06-02,DA NANG,16.044,108.199,0.31,29.74,34.68,25.52,24.28,29.31,73.89,19.44,98.65,2.13,239.3,25.06,37.74,0.68,0.67,33.62
2025-06-03,DA NANG,16.044,108.199,11.05,29.13,32.85,25.96,24.79,28.9,78.63,19.99,98.78,0.74,225.3,24.74,37.82,0.72,0.67,76.07
2025-06-04,DA NANG,16.044,108.199,1.61,28.47,31.59,25.95,24.99,28.54,82.42,20.16,98.93,1.78,76.5,20.8,37.68,0.71,0.68,99.43
2025-06-05,DA NANG,16.044,108.199,0.99,27.9,30.87,25.85,25.18,27.94,85.73,20.38,98.97,1.79,149.0,20.08,37.69,0.7,0.67,73.21
2025-06-06,DA NANG,16.044,108.199,0.4,28.52,32.02,26.55,25.25,28.5,83.34,20.5,98.88,1.75,136.9,24.64,37.67,0.69,0.67,66.67
2025-06-07,DA NANG,16.044,108.199,0.39,28.85,32.71,26.71,25.31,28.88,82.19,20.59,98.82,1.83,105.9,25.4,37.49,0.69,0.67,39.89
2025-06-08,DA NANG,16.044,108.199,0.22,29.24,32.64,26.49,24.14,29.35,75.32,19.22,98.72,1.52,150.7,25.66,37.25,0.68,0.66,21.94
2025-06-09,DA NANG,16.044,108.199,1.03,29.05,32.0,26.94,24.88,28.87,78.92,20.09,98.64,1.7,300.6,21.63,38.06,0.68,0.66,85.03
2025-06-10,DA NANG,16.044,108.199,115.88,28.06,31.4,25.87,25.52,28.17,86.73,20.91,98.56,2.75,313.3,6.39,38.57,0.88,0.7,99.49
2025-06-11,DA NANG,16.044,108.199,175.79,26.72,28.22,25.54,24.95,26.96,90.2,20.27,98.23,6.67,293.7,2.75,38.44,0.94,0.79,99.44
2025-06-12,DA NANG,16.044,108.199,296.79,26.02,27.25,25.22,23.64,26.44,86.86,18.78,98.08,7.26,257.0,1.78,38.18,0.99,0.88,99.24
2025-06-13,DA NANG,16.044,108.199,13.82,26.98,29.22,25.42,24.17,27.01,84.63,19.28,98.47,3.71,233.3,2.14,38.18,0.88,0.88,98.91
2025-06-14,DA NANG,16.044,108.199,0.93,29.43,33.25,26.45,24.87,28.98,77.19,20.07,98.72,1.7,213.3,16.1,38.55,0.81,0.83,99.65
2025-06-15,DA NANG,16.044,108.199,0.14,28.91,31.81,26.17,25.04,28.59,80.42,20.26,98.83,1.47,190.8,20.29,38.02,0.79,0.79,98.12
2025-06-16,DA NANG,16.044,108.199,0.93,28.63,31.83,26.51,25.32,28.58,83.11,20.58,98.91,1.58,149.6,25.17,37.97,0.78,0.77,66.71
2025-06-17,DA NANG,16.044,108.199,0.24,28.68,32.34,26.13,25.5,28.85,83.89,20.77,98.97,2.1,137.2,22.73,37.96,0.77,0.76,98.68
2025-06-18,DA NANG,16.044,108.199,0.29,28.28,31.34,25.75,25.29,28.41,84.53,20.56,98.91,2.03,143.9,22.84,37.29,0.76,0.75,94.05
2025-06-19,DA NANG,16.044,108.199,0.2,27.99,32.29,25.26,24.59,28.07,82.96,19.69,98.9,2.05,126.2,23.26,37.21,0.76,0.74,95.09
2025-06-20,DA NANG,16.044,108.199,0.42,28.13,30.83,26.06,25.01,28.2,83.85,20.22,98.84,1.7,147.8,23.62,37.49,0.76,0.74,74.11
2025-06-21,DA NANG,16.044,108.199,0.2,28.2,31.9,25.84,25.04,28.39,83.92,20.23,98.86,2.64,123.9,24.09,37.1,0.75,0.73,27.33
2025-06-22,DA NANG,16.044,108.199,0.75,27.98,31.5,25.87,25.0,28.19,84.64,20.19,98.85,2.33,121.6,25.12,37.09,0.74,0.73,77.98
2025-06-23,DA NANG,16.044,108.199,0.14,28.04,31.09,25.99,24.38,28.26,81.59,19.48,98.78,1.91,109.1,24.46,37.06,0.74,0.72,55.16
2025-06-24,DA NANG,16.044,108.199,0.22,28.07,31.8,25.85,24.42,28.2,81.58,19.51,98.86,1.81,98.3,25.97,36.81,0.74,0.72,28.65
2025-06-25,DA NANG,16.044,108.199,0.53,28.26,32.47,25.29,23.75,28.42,78.12,18.76,98.86,1.8,93.7,25.19,36.52,0.73,0.71,66.26
2025-06-26,DA NANG,16.044,108.199,7.36,27.98,31.59,25.62,24.39,28.17,81.81,19.47,98.83,2.13,124.8,23.4,37.09,0.76,0.72,84.14
2025-06-27,DA NANG,16.044,108.199,2.79,27.69,29.85,26.04,24.07,27.73,81.02,19.08,98.82,1.22,133.4,23.86,37.58,0.76,0.73,82.57
2025-06-28,DA NANG,16.044,108.199,2.78,28.41,32.55,25.87,24.3,28.63,79.67,19.42,98.65,1.54,120.1,21.33,37.67,0.75,0.72,98.14
2025-06-29,DA NANG,16.044,108.199,13.0,28.14,32.2,25.51,24.57,28.39,82.08,19.72,98.6,1.76,123.2,21.08,37.67,0.78,0.73,98.69
2025-06-30,DA NANG,16.044,108.199,4.73,27.94,31.88,25.57,24.49,28.18,82.48,19.61,98.68,2.09,134.5,20.22,37.69,0.77,0.73,99.0
2025-07-01,DA NANG,16.044,108.199,13.06,27.64,31.28,25.69,24.42,27.99,83.53,19.53,98.8,1.55,123.5,19.72,37.64,0.8,0.74,97.31
2025-07-02,DA NANG,16.044,108.199,15.86,27.48,30.76,25.57,24.13,27.77,82.67,19.17,98.88,1.3,168.4,21.47,37.58,0.82,0.76,96.35
2025-07-03,DA NANG,16.044,108.199,17.64,28.14,32.11,25.41,23.62,28.14,77.66,18.64,98.83,1.34,218.4,9.95,37.75,0.84,0.78,98.87
2025-07-04,DA NANG,16.044,108.199,27.58,26.86,28.44,25.6,24.32,27.16,86.0,19.38,98.72,1.49,304.1,23.08,37.33,0.86,0.78,91.48
2025-07-05,DA NANG,16.044,108.199,40.7,27.97,30.88,25.94,24.95,28.06,84.3,20.16,98.66,1.73,34.0,22.08,37.81,0.88,0.81,88.15
2025-07-06,DA NANG,16.044,108.199,2.86,28.16,31.4,26.34,24.88,28.06,82.93,20.09,98.72,1.27,97.9,19.89,37.83,0.82,0.81,95.41
2025-07-07,DA NANG,16.044,108.199,1.37,29.25,32.69,26.68,24.88,29.21,78.45,20.09,98.74,1.58,181.6,23.38,38.09,0.8,0.79,73.05
2025-07-08,DA NANG,16.044,108.199,2.57,29.05,32.35,26.08,24.87,28.92,78.74,20.07,98.64,2.04,249.7,22.98,38.19,0.79,0.78,87.55
2025-07-09,DA NANG,16.044,108.199,0.77,29.11,32.95,25.84,24.63,28.94,77.55,19.85,98.43,2.87,256.0,19.07,38.56,0.78,0.77,97.08
2025-07-10,DA NANG,16.044,108.199,4.52,28.56,32.14,25.35,24.74,28.34,80.32,20.0,98.27,2.33,254.8,20.94,38.2,0.78,0.76,97.58
2025-07-11,DA NANG,16.044,108.199,0.86,29.18,33.24,26.35,24.84,29.1,78.22,20.1,98.4,1.56,259.2,12.07,38.51,0.78,0.76,99.33
2025-07-12,DA NANG,16.044,108.199,9.16,28.53,32.18,26.23,24.77,28.72,80.92,19.95,98.74,1.9,140.1,19.87,38.5,0.81,0.77,84.19
2025-07-13,DA NANG,16.044,108.199,1.71,28.85,31.85,27.09,24.65,28.99,78.66,19.77,98.79,1.47,89.0,23.78,37.95,0.78,0.76,61.05
2025-07-14,DA NANG,16.044,108.199,2.87,28.4,30.02,26.39,24.31,28.3,78.66,19.38,98.73,1.24,216.3,25.44,37.6,0.79,0.76,67.45
2025-07-15,DA NANG,16.044,108.199,8.36,29.56,34.13,26.85,25.15,29.69,78.64,20.45,98.6,1.7,86.7,24.42,37.99,0.79,0.76,86.89
2025-07-16,DA NANG,16.044,108.199,1.25,29.25,32.93,26.32,24.98,29.27,78.62,20.21,98.69,1.84,231.0,25.7,38.0,0.79,0.76,52.49
2025-07-17,DA NANG,16.044,108.199,0.82,29.43,33.48,26.36,24.9,29.42,77.55,20.13,98.63,2.29,276.0,26.36,37.74,0.77,0.76,43.33
2025-07-18,DA NANG,16.044,108.199,0.29,28.87,32.15,26.22,24.86,28.87,79.42,20.15,98.35,2.86,264.0,24.69,37.76,0.77,0.75,85.86
2025-07-19,DA NANG,16.044,108.199,2.82,28.85,32.4,26.08,24.8,28.82,79.57,20.12,98.06,3.0,263.6,21.1,38.25,0.77,0.75,95.32
2025-07-20,DA NANG,16.044,108.199,1.13,27.76,30.63,25.4,24.45,27.89,82.61,19.68,98.06,3.86,257.8,12.19,38.25,0.76,0.75,99.72
2025-07-21,DA NANG,16.044,108.199,0.38,28.43,32.25,25.9,23.51,28.22,75.25,18.62,98.07,4.79,243.0,13.35,38.1,0.75,0.74,99.56
2025-07-22,DA NANG,16.044,108.199,1.23,28.72,32.39,25.94,23.86,28.47,75.89,19.0,98.15,3.63,229.5,14.85,38.92,0.75,0.73,99.06
2025-07-23,DA NANG,16.044,108.199,2.58,29.76,33.39,26.69,24.79,29.49,75.77,20.07,98.35,1.76,242.3,20.09,38.7,0.75,0.73,99.17
2025-07-24,DA NANG,16.044,108.199,9.26,27.88,30.38,25.74,24.48,28.07,82.18,19.63,98.49,2.11,269.6,9.55,38.46,0.79,0.74,99.46
2025-07-25,DA NANG,16.044,108.199,15.11,27.15,29.99,25.18,24.04,27.55,83.52,19.11,98.52,3.26,272.2,7.66,38.46,0.82,0.75,99.1
2025-07-26,DA NANG,16.044,108.199,15.09,28.28,31.13,26.28,25.01,28.29,82.77,20.28,98.48,2.33,264.3,18.0,38.65,0.84,0.78,88.36
2025-07-27,DA NANG,16.044,108.199,4.78,28.49,31.64,25.65,24.31,28.44,78.69,19.44,98.46,2.09,237.1,16.96,38.7,0.79,0.77,99.24
2025-07-28,DA NANG,16.044,108.199,5.74,29.29,32.77,26.25,24.69,28.99,76.96,19.93,98.36,2.57,247.4,15.75,38.81,0.79,0.76,96.48
2025-07-29,DA NANG,16.044,108.199,3.3,29.21,32.69,26.59,25.33,28.97,80.24,20.71,98.38,2.17,245.7,17.98,38.88,0.78,0.76,97.87
2025-07-30,DA NANG,16.044,108.199,2.31,28.46,31.3,26.38,24.52,28.34,79.69,19.71,98.44,3.3,252.6,16.37,38.41,0.77,0.75,94.67
2025-07-31,DA NANG,16.044,108.199,0.5,28.77,32.4,26.0,24.6,28.58,78.86,19.8,98.43,2.95,241.7,22.3,38.34,0.76,0.75,80.5
2025-08-01,DA NANG,16.044,108.199,0.39,30.05,33.97,26.35,25.26,29.7,76.47,20.6,98.5,2.03,235.0,23.8,38.3,0.75,0.74,56.58
2025-08-02,DA NANG,16.044,108.199,0.01,30.41,34.65,27.01,25.31,29.86,75.2,20.65,98.64,1.7,224.2,23.36,38.48,0.75,0.73,81.33
2025-08-03,DA NANG,16.044,108.199,0.5,29.96,33.83,26.69,25.16,29.56,76.27,20.43,98.72,2.04,241.1,22.51,38.2,0.75,0.73,98.4
2025-08-04,DA NANG,16.044,108.199,0.35,29.6,33.94,25.9,24.83,29.37,76.69,20.04,98.72,2.15,220.1,24.13,37.58,0.74,0.73,95.34
2025-08-05,DA NANG,16.044,108.199,0.23,29.57,33.69,25.88,25.34,29.44,79.04,20.67,98.75,1.93,186.0,22.44,37.87,0.74,0.72,97.83
2025-08-06,DA NANG,16.044,108.199,2.62,29.19,32.5,26.52,24.96,29.04,78.57,20.15,98.87,1.42,151.4,20.07,37.8,0.75,0.72,99.16
2025-08-07,DA NANG,16.044,108.199,0.97,29.2,32.79,26.7,24.62,29.21,77.21,19.69,99.03,1.4,133.0,23.72,37.54,0.75,0.72,70.41
2025-08-08,DA NANG,16.044,108.199,0.47,29.26,32.34,26.43,24.18,29.23,75.01,19.18,99.1,1.79,196.8,25.17,37.91,0.74,0.72,63.65
2025-08-09,DA NANG,16.044,108.199,0.39,28.51,31.47,26.2,24.43,28.63,79.24,19.48,98.96,2.04,202.7,22.29,38.03,0.74,0.72,71.11
2025-08-10,DA NANG,16.044,108.199,0.65,28.78,32.29,26.23,23.97,29.04,76.25,18.98,98.83,1.84,148.0,25.43,37.64,0.73,0.72,34.73
2025-08-11,DA NANG,16.044,108.199,0.54,28.86,31.99,27.04,24.69,29.14,79.05,19.84,98.76,1.45,115.6,26.05,37.48,0.73,0.71,25.71
2025-08-12,DA NANG,16.044,108.199,0.35,28.34,30.94,26.52,24.88,28.63,82.2,20.04,98.86,2.16,65.0,25.8,37.4,0.73,0.71,60.12
2025-08-13,DA NANG,16.044,108.199,6.35,28.07,30.24,26.11,24.77,28.08,82.45,19.9,98.85,1.85,281.9,24.42,37.46,0.76,0.71,72.22
2025-08-14,DA NANG,16.044,108.199,12.99,28.03,31.61,25.94,24.6,28.3,82.53,19.75,98.74,2.01,120.2,24.87,37.39,0.8,0.73,87.61
2025-08-15,DA NANG,16.044,108.199,6.06,28.32,32.68,25.84,23.8,28.58,77.9,18.89,98.71,1.59,81.6,20.27,37.43,0.77,0.74,92.02
2025-08-16,DA NANG,16.044,108.199,18.8,27.46,30.68,24.96,23.75,28.06,81.34,18.77,98.67,2.66,321.1,11.71,37.78,0.81,0.74,99.37
2025-08-17,DA NANG,16.044,108.199,42.97,26.46,28.19,25.19,24.62,26.98,89.63,19.77,98.69,3.11,279.9,10.5,37.78,0.91,0.8,99.46
2025-08-18,DA NANG,16.044,108.199,19.01,27.83,31.36,25.51,24.05,28.04,80.72,19.05,98.94,1.95,194.3,15.22,37.83,0.86,0.81,99.3
2025-08-19,DA NANG,16.044,108.199,0.04,28.24,31.78,26.05,24.66,28.41,81.97,19.75,99.03,2.08,133.3,22.67,37.52,0.79,0.79,80.2
2025-08-20,DA NANG,16.044,108.199,0.24,27.65,30.67,25.46,24.77,27.81,85.02,19.86,99.11,2.34,137.9,23.24,37.26,0.78,0.77,89.64
2025-08-21,DA NANG,16.044,108.199,0.09,26.92,29.95,24.25,23.91,27.3,84.21,18.87,99.15,2.95,145.3,23.99,36.77,0.77,0.76,87.22
2025-08-22,DA NANG,16.044,108.199,0.07,27.34,30.55,25.6,23.66,27.82,81.18,18.59,99.02,2.24,125.7,24.43,36.8,0.77,0.75,81.09
2025-08-23,DA NANG,16.044,108.199,0.87,27.57,30.83,25.56,24.26,27.85,83.06,19.32,98.83,2.97,319.4,21.03,37.32,0.76,0.75,99.12
2025-08-24,DA NANG,16.044,108.199,20.37,25.97,27.64,24.8,23.87,26.37,88.24,18.94,98.44,5.76,268.9,3.95,37.61,0.84,0.76,99.55
