date,location,latitude,longitude,precipitationCorrected,temperature2m,temperature2mMax,temperature2mMin,dewPoint2m,earthSkinTemperature,relativeHumidity2m,specificHumidity2m,surfacePressure,windSpeed10m,windDirection10m,shortwaveDownwardIrradiance,longwaveDownwardIrradiance,surfaceSoilWetness,rootZoneSoilWetness,cloudFraction
2015-01-01,PHU CAT,13.767,109.217,0.41,23.17,23.63,22.32,18.1,23.53,73.34,12.87,101.31,9.2,7.8,16.54,34.07,0.89,0.91,81.09
2015-01-02,PHU CAT,13.767,109.217,1.99,23.36,23.88,23.01,20.08,23.68,81.85,14.56,101.28,7.99,22.3,5.81,35.13,0.89,0.91,99.65
2015-01-03,PHU CAT,13.767,109.217,1.42,23.44,24.22,23.07,20.56,23.56,83.77,15.01,101.09,6.61,27.9,7.72,35.9,0.88,0.91,97.27
2015-01-04,PHU CAT,13.767,109.217,0.48,23.75,24.46,23.3,21.19,23.69,85.51,15.65,100.88,3.28,40.6,8.94,35.73,0.87,0.9,98.47
2015-01-05,PHU CAT,13.767,109.217,0.08,24.21,24.99,23.67,22.13,24.12,88.12,16.6,100.79,1.81,85.5,16.67,34.64,0.87,0.9,70.66
2015-01-06,PHU CAT,13.767,109.217,0.15,24.43,25.42,23.81,22.92,24.3,91.22,17.42,100.81,2.84,54.3,13.15,35.45,0.86,0.89,57.32
2015-01-07,PHU CAT,13.767,109.217,0.89,24.36,25.35,23.71,21.9,24.16,86.11,16.33,101.05,6.09,30.8,15.4,34.98,0.86,0.89,77.95
2015-01-08,PHU CAT,13.767,109.217,1.61,23.87,24.83,23.13,21.32,23.91,85.55,15.72,101.23,8.59,40.9,12.38,35.37,0.86,0.88,80.25
2015-01-09,PHU CAT,13.767,109.217,1.05,23.52,24.05,23.28,20.89,23.63,85.1,15.31,101.2,7.25,32.4,15.14,34.54,0.86,0.88,76.73
2015-01-10,PHU CAT,13.767,109.217,1.04,23.66,24.35,23.17,20.61,23.75,82.94,15.05,101.18,7.26,40.4,12.12,35.16,0.85,0.87,77.24
2015-01-11,PHU CAT,13.767,109.217,0.81,23.47,24.37,22.67,20.12,23.7,81.49,14.6,101.16,6.61,24.6,10.5,35.0,0.85,0.87,94.93
2015-01-12,PHU CAT,13.767,109.217,0.93,22.44,24.05,21.25,19.71,23.5,84.55,14.25,101.2,9.05,354.0,12.64,35.16,0.84,0.86,94.22
2015-01-13,PHU CAT,13.767,109.217,0.41,21.5,22.53,20.79,17.76,22.93,79.24,12.58,101.36,9.69,1.3,14.65,33.97,0.84,0.85,75.84
2015-01-14,PHU CAT,13.767,109.217,0.25,21.27,22.36,20.25,16.04,22.67,72.06,11.25,101.45,8.3,3.7,16.4,32.83,0.83,0.85,60.65
2015-01-15,PHU CAT,13.767,109.217,0.09,20.89,21.65,20.39,15.93,22.37,73.3,11.18,101.42,7.88,358.9,16.97,31.64,0.83,0.84,48.97
2015-01-16,PHU CAT,13.767,109.217,0.92,22.17,22.95,21.05,18.66,23.04,80.86,13.37,101.31,8.25,4.0,13.26,35.2,0.83,0.83,88.33
2015-01-17,PHU CAT,13.767,109.217,0.2,22.91,24.01,22.17,18.02,23.17,73.92,12.8,101.34,8.44,24.0,12.82,33.76,0.82,0.83,73.65
2015-01-18,PHU CAT,13.767,109.217,0.76,22.66,23.35,21.55,18.85,23.09,79.05,13.48,101.3,8.12,23.8,13.94,34.54,0.82,0.82,84.79
2015-01-19,PHU CAT,13.767,109.217,0.05,21.65,22.75,20.81,17.09,22.64,75.29,12.03,101.4,7.33,15.4,15.44,32.19,0.81,0.82,68.58
2015-01-20,PHU CAT,13.767,109.217,0.1,21.7,22.87,20.94,18.07,22.42,80.08,12.82,101.42,6.37,357.2,16.65,32.02,0.81,0.81,75.83
2015-01-21,PHU CAT,13.767,109.217,0.05,22.18,22.95,21.5,19.22,22.66,83.28,13.76,101.53,7.12,5.2,16.81,32.81,0.81,0.8,54.51
2015-01-22,PHU CAT,13.767,109.217,0.0,21.89,23.1,20.71,17.37,22.49,75.49,12.27,101.45,6.09,24.7,18.57,31.94,0.8,0.8,27.55
2015-01-23,PHU CAT,13.767,109.217,0.0,21.68,22.83,20.73,16.43,22.59,72.03,11.56,101.2,3.8,42.0,19.63,30.73,0.8,0.79,20.91
2015-01-24,PHU CAT,13.767,109.217,0.0,21.92,22.97,21.2,16.93,23.03,73.31,11.94,101.21,2.83,49.5,20.16,30.33,0.79,0.79,10.77
2015-01-25,PHU CAT,13.767,109.217,0.0,22.25,23.58,20.77,17.0,23.01,72.28,11.99,101.22,1.99,42.8,21.1,30.13,0.78,0.78,9.45
2015-01-26,PHU CAT,13.767,109.217,0.0,22.55,23.78,21.47,18.71,23.15,78.97,13.38,101.15,2.21,48.4,21.66,30.53,0.78,0.77,6.92
2015-01-27,PHU CAT,13.767,109.217,0.0,22.54,23.79,21.66,18.62,23.1,78.49,13.31,101.04,3.45,45.1,20.07,31.49,0.78,0.77,14.5
2015-01-28,PHU CAT,13.767,109.217,0.0,22.53,23.82,21.42,18.67,23.13,78.82,13.35,101.06,3.92,35.4,19.47,31.87,0.77,0.76,22.0
2015-01-29,PHU CAT,13.767,109.217,0.0,22.54,23.63,21.67,18.79,23.32,79.31,13.43,101.19,5.17,28.0,18.1,32.34,0.76,0.76,28.74
2015-01-30,PHU CAT,13.767,109.217,0.02,22.88,23.95,22.24,19.04,23.45,79.03,13.63,101.36,6.34,16.3,19.36,33.16,0.76,0.75,48.65
2015-01-31,PHU CAT,13.767,109.217,0.51,23.17,24.06,22.55,19.31,23.54,78.97,13.86,101.41,7.27,24.6,18.74,33.42,0.75,0.74,61.18
2015-02-01,PHU CAT,13.767,109.217,0.45,23.32,24.22,22.84,20.0,23.48,81.67,14.47,101.4,6.89,36.7,17.63,34.01,0.75,0.74,51.42
2015-02-02,PHU CAT,13.767,109.217,0.22,23.46,24.41,22.84,20.41,23.39,82.98,14.82,101.48,6.28,32.7,13.11,34.91,0.74,0.73,74.4
2015-02-03,PHU CAT,13.767,109.217,0.24,22.89,24.09,21.87,19.24,23.18,79.85,13.77,101.52,7.11,26.2,15.57,34.02,0.73,0.73,58.29
2015-02-04,PHU CAT,13.767,109.217,0.14,22.62,23.77,21.66,18.26,23.05,76.34,12.96,101.46,7.31,21.5,15.05,33.01,0.73,0.72,44.68
2015-02-05,PHU CAT,13.767,109.217,0.1,22.54,23.34,21.94,18.0,22.97,75.49,12.74,101.47,7.56,28.0,20.0,32.39,0.72,0.71,34.24
2015-02-06,PHU CAT,13.767,109.217,0.13,22.44,23.5,21.46,17.75,22.82,74.83,12.54,101.43,6.78,34.3,16.09,32.84,0.71,0.71,49.02
2015-02-07,PHU CAT,13.767,109.217,0.1,22.32,23.35,21.73,17.78,22.71,75.48,12.58,101.38,5.91,31.7,18.9,32.13,0.7,0.7,32.28
2015-02-08,PHU CAT,13.767,109.217,0.3,22.26,23.2,21.5,18.11,22.76,77.32,12.83,101.46,7.04,33.7,16.32,32.89,0.7,0.7,46.63
2015-02-09,PHU CAT,13.767,109.217,0.21,21.96,22.86,21.23,17.63,22.64,76.39,12.45,101.46,7.18,27.4,13.84,32.59,0.69,0.69,44.38
2015-02-10,PHU CAT,13.767,109.217,0.08,21.75,23.18,20.59,17.23,22.47,75.5,12.16,101.23,5.41,26.1,19.29,32.19,0.68,0.69,35.23
2015-02-11,PHU CAT,13.767,109.217,0.01,21.88,23.06,21.08,17.81,22.67,77.76,12.63,101.18,5.09,20.1,21.11,31.41,0.67,0.68,18.81
2015-02-12,PHU CAT,13.767,109.217,0.07,22.18,23.26,21.27,18.35,22.84,78.89,13.07,101.11,5.13,28.6,18.09,32.72,0.67,0.68,36.18
2015-02-13,PHU CAT,13.767,109.217,0.13,22.06,23.11,21.06,18.4,22.93,79.72,13.12,101.07,3.97,57.1,18.12,32.8,0.66,0.67,32.61
2015-02-14,PHU CAT,13.767,109.217,0.03,22.09,23.06,21.52,18.38,23.12,79.45,13.12,100.93,2.7,107.9,18.75,32.36,0.65,0.67,21.09
2015-02-15,PHU CAT,13.767,109.217,0.0,22.67,24.05,21.87,18.83,23.51,78.98,13.49,101.02,2.9,69.7,18.96,32.6,0.64,0.66,21.48
2015-02-16,PHU CAT,13.767,109.217,0.01,22.82,24.05,22.02,18.78,23.58,78.01,13.45,101.04,4.5,18.0,20.46,31.69,0.64,0.66,12.83
2015-02-17,PHU CAT,13.767,109.217,0.18,23.79,24.75,23.09,20.81,24.15,83.68,15.31,100.98,3.78,37.0,21.82,33.58,0.63,0.65,31.92
2015-02-18,PHU CAT,13.767,109.217,0.11,24.0,25.34,22.96,21.81,24.46,87.56,16.24,101.03,4.38,62.2,16.36,35.07,0.62,0.65,54.43
2015-02-19,PHU CAT,13.767,109.217,0.03,23.89,24.79,23.3,21.11,24.44,84.36,15.54,101.1,3.72,40.6,19.93,33.74,0.62,0.65,39.14
2015-02-20,PHU CAT,13.767,109.217,0.03,24.49,25.71,23.64,21.24,24.76,82.34,15.7,101.0,2.62,90.1,19.55,34.5,0.61,0.64,55.16
2015-02-21,PHU CAT,13.767,109.217,0.01,24.55,25.96,23.58,22.16,24.86,86.71,16.62,100.94,3.33,138.6,20.35,34.01,0.6,0.63,23.31
2015-02-22,PHU CAT,13.767,109.217,0.03,24.78,26.41,23.6,22.39,24.8,86.88,16.86,100.98,3.36,137.1,22.21,33.46,0.59,0.63,8.49
2015-02-23,PHU CAT,13.767,109.217,0.01,24.84,26.28,23.77,22.23,24.93,85.59,16.69,100.92,3.71,148.1,22.03,33.86,0.59,0.63,7.44
2015-02-24,PHU CAT,13.767,109.217,0.01,25.09,26.5,24.25,21.99,25.27,82.99,16.47,100.81,4.02,141.1,21.14,33.77,0.58,0.62,10.59
2015-02-25,PHU CAT,13.767,109.217,0.0,24.87,26.45,23.84,21.35,25.09,80.95,15.84,100.79,4.32,149.9,22.41,32.77,0.57,0.62,8.64
2015-02-26,PHU CAT,13.767,109.217,0.0,25.1,26.71,24.06,21.8,25.16,82.12,16.28,100.78,4.05,148.6,23.5,33.39,0.57,0.61,13.8
2015-02-27,PHU CAT,13.767,109.217,0.04,25.77,27.05,25.02,22.54,25.66,82.52,17.03,100.85,3.3,127.9,22.31,34.89,0.56,0.61,18.17
2015-02-28,PHU CAT,13.767,109.217,0.1,25.69,26.78,24.81,22.42,25.83,82.18,16.88,100.95,3.44,104.5,21.78,34.42,0.56,0.6,25.11
2015-03-01,PHU CAT,13.767,109.217,0.21,25.35,26.9,23.73,22.04,25.82,81.96,16.47,101.08,4.65,48.2,21.62,34.33,0.55,0.6,27.46
2015-03-02,PHU CAT,13.767,109.217,0.02,24.55,25.83,23.6,21.2,25.71,81.61,15.67,100.86,3.67,94.7,21.51,33.26,0.55,0.59,15.7
2015-03-03,PHU CAT,13.767,109.217,0.0,25.33,27.54,24.13,21.57,25.73,80.02,16.09,100.63,5.55,159.2,20.33,34.29,0.54,0.59,4.91
2015-03-04,PHU CAT,13.767,109.217,0.02,25.19,26.77,24.31,21.94,25.58,82.33,16.41,100.83,4.71,151.7,20.44,33.56,0.54,0.59,4.92
2015-03-05,PHU CAT,13.767,109.217,0.0,25.36,26.82,24.44,22.16,25.7,82.69,16.63,100.93,4.36,146.0,24.01,33.48,0.53,0.58,9.81
2015-03-06,PHU CAT,13.767,109.217,0.01,25.34,26.88,24.39,22.14,25.64,82.5,16.59,100.91,4.21,136.7,24.24,33.57,0.53,0.58,41.24
2015-03-07,PHU CAT,13.767,109.217,0.01,25.38,26.96,24.31,21.51,25.71,79.33,15.95,100.98,3.66,104.5,22.56,33.38,0.52,0.57,26.99
2015-03-08,PHU CAT,13.767,109.217,0.0,25.44,26.89,24.59,21.81,25.71,80.56,16.25,101.07,2.79,108.1,20.72,34.57,0.52,0.57,35.45
2015-03-09,PHU CAT,13.767,109.217,0.0,25.46,27.11,23.93,22.34,25.96,82.88,16.76,101.2,3.91,99.8,22.38,33.59,0.52,0.57,17.59
2015-03-10,PHU CAT,13.767,109.217,0.01,24.75,26.22,23.65,21.03,25.73,80.02,15.45,101.23,3.79,56.9,24.67,32.74,0.51,0.56,15.81
2015-03-11,PHU CAT,13.767,109.217,0.01,25.33,26.6,24.29,21.54,25.83,79.64,15.94,101.24,3.54,41.1,22.54,33.94,0.5,0.56,16.41
2015-03-12,PHU CAT,13.767,109.217,0.38,25.41,26.62,24.53,22.14,25.88,82.14,16.56,101.13,3.56,61.3,18.16,34.89,0.5,0.56,49.84
2015-03-13,PHU CAT,13.767,109.217,0.08,25.74,26.61,25.15,22.53,26.11,82.54,16.97,101.12,3.8,121.9,19.9,34.56,0.5,0.55,27.18
2015-03-14,PHU CAT,13.767,109.217,0.03,25.92,27.4,24.83,22.36,26.06,80.84,16.79,101.14,3.86,139.9,21.1,34.19,0.49,0.55,6.04
2015-03-15,PHU CAT,13.767,109.217,0.02,25.72,27.46,24.43,22.19,26.04,81.05,16.63,101.05,4.81,154.7,22.85,33.12,0.48,0.55,3.05
2015-03-16,PHU CAT,13.767,109.217,0.01,25.49,27.46,23.86,22.17,25.82,82.35,16.66,100.92,5.6,165.6,23.69,32.86,0.48,0.54,1.68
2015-03-17,PHU CAT,13.767,109.217,0.0,25.35,27.68,23.62,22.07,25.61,82.71,16.61,100.68,5.9,166.0,22.19,33.04,0.48,0.54,4.49
2015-03-18,PHU CAT,13.767,109.217,0.0,25.39,27.51,23.94,22.16,25.5,82.59,16.67,100.65,5.74,161.1,21.25,34.65,0.47,0.54,4.62
2015-03-19,PHU CAT,13.767,109.217,0.0,25.22,27.02,24.03,21.5,25.38,79.94,15.97,100.79,5.12,150.6,22.02,33.57,0.47,0.53,6.65
2015-03-20,PHU CAT,13.767,109.217,0.01,24.91,26.3,24.14,20.81,25.44,78.17,15.29,100.98,3.52,130.7,25.73,33.35,0.46,0.53,8.58
2015-03-21,PHU CAT,13.767,109.217,0.01,25.36,27.0,24.16,21.65,25.7,80.03,16.08,101.06,3.79,37.8,23.27,34.45,0.46,0.53,21.8
2015-03-22,PHU CAT,13.767,109.217,0.59,25.16,26.32,24.55,20.87,25.54,77.27,15.34,101.04,5.2,26.8,23.19,33.92,0.46,0.52,45.88
2015-03-23,PHU CAT,13.767,109.217,1.41,25.73,26.83,25.17,22.23,25.93,81.17,16.69,101.0,4.76,28.2,22.24,35.01,0.47,0.52,39.9
2015-03-24,PHU CAT,13.767,109.217,6.56,25.8,26.98,25.12,23.06,25.99,85.0,17.53,101.12,5.43,32.8,16.71,36.08,0.52,0.52,55.57
2015-03-25,PHU CAT,13.767,109.217,11.88,25.65,26.84,24.8,23.54,25.69,88.11,18.01,101.21,5.65,43.4,21.26,35.77,0.62,0.54,36.43
2015-03-26,PHU CAT,13.767,109.217,5.95,25.71,26.94,24.92,23.46,25.72,87.43,17.92,101.29,5.01,38.2,18.61,35.97,0.58,0.55,63.93
2015-03-27,PHU CAT,13.767,109.217,3.64,25.51,26.76,24.56,23.21,25.54,87.17,17.67,101.19,4.36,46.5,21.94,35.48,0.56,0.56,66.5
2015-03-28,PHU CAT,13.767,109.217,1.82,25.6,26.65,25.02,23.12,25.7,86.15,17.6,101.02,4.14,46.4,15.35,36.04,0.54,0.56,77.01
2015-03-29,PHU CAT,13.767,109.217,0.3,25.99,27.14,25.19,22.9,26.12,83.09,17.38,100.92,3.01,77.1,21.97,35.34,0.51,0.55,38.2
2015-03-30,PHU CAT,13.767,109.217,0.39,26.36,27.72,25.45,23.08,26.7,82.19,17.59,100.88,3.57,122.2,24.29,34.59,0.5,0.55,10.37
2015-03-31,PHU CAT,13.767,109.217,0.21,26.65,28.04,25.64,23.06,26.72,80.93,17.6,100.81,4.03,149.4,25.88,34.2,0.49,0.54,15.48
2015-04-01,PHU CAT,13.767,109.217,0.02,26.82,28.79,25.5,23.43,26.81,82.14,18.04,100.62,4.77,159.1,25.27,34.85,0.49,0.54,11.53
2015-04-02,PHU CAT,13.767,109.217,0.0,26.88,28.78,25.64,23.84,26.97,83.71,18.52,100.39,5.33,158.9,23.75,35.79,0.48,0.53,13.88
2015-04-03,PHU CAT,13.767,109.217,0.02,27.12,28.89,25.99,24.34,27.03,84.96,19.09,100.32,5.89,158.0,21.77,36.36,0.48,0.53,30.07
2015-04-04,PHU CAT,13.767,109.217,0.03,27.0,28.78,25.5,24.11,26.89,84.39,18.8,100.43,5.28,157.7,21.83,35.92,0.47,0.53,35.71
2015-04-05,PHU CAT,13.767,109.217,0.01,26.08,27.87,24.75,22.55,26.49,81.09,17.1,100.55,4.67,150.8,22.81,35.19,0.47,0.52,35.91
2015-04-06,PHU CAT,13.767,109.217,0.0,26.37,27.96,25.56,22.63,26.67,80.09,17.16,100.65,3.91,142.1,24.76,34.31,0.46,0.52,8.04
2015-04-07,PHU CAT,13.767,109.217,0.01,26.38,28.13,25.07,22.08,27.11,77.44,16.57,100.76,3.9,80.0,25.78,33.71,0.45,0.52,8.62
2015-04-08,PHU CAT,13.767,109.217,0.07,26.24,27.79,25.02,22.41,26.93,79.92,16.92,100.89,5.71,12.7,25.16,33.95,0.45,0.51,11.74
2015-04-09,PHU CAT,13.767,109.217,0.08,26.44,27.91,25.38,23.48,26.86,83.91,18.03,100.87,4.85,22.2,23.25,35.3,0.45,0.51,24.7
2015-04-10,PHU CAT,13.767,109.217,0.18,26.26,27.73,25.17,23.41,26.74,84.47,17.94,100.9,5.04,19.5,21.99,35.12,0.45,0.51,30.11
2015-04-11,PHU CAT,13.767,109.217,1.63,26.11,27.32,25.26,23.55,26.64,85.98,18.09,100.99,4.98,18.8,23.2,35.34,0.46,0.51,20.11
2015-04-12,PHU CAT,13.767,109.217,7.2,26.01,27.33,25.0,23.47,26.34,85.93,17.97,101.13,7.69,17.9,16.99,36.9,0.53,0.51,80.66
2015-04-13,PHU CAT,13.767,109.217,2.14,25.06,26.04,24.41,20.79,25.53,77.18,15.25,101.16,8.9,9.7,10.66,35.94,0.53,0.52,71.09
2015-04-14,PHU CAT,13.767,109.217,0.12,25.16,26.41,23.83,18.89,25.62,68.27,13.54,101.12,6.49,36.5,21.42,34.17,0.47,0.51,27.94
2015-04-15,PHU CAT,13.767,109.217,0.0,25.19,26.4,24.17,18.06,25.73,64.75,12.85,101.06,2.94,62.0,23.73,33.74,0.46,0.51,15.37
2015-04-16,PHU CAT,13.767,109.217,0.0,26.02,27.57,25.04,21.75,26.49,77.71,16.24,100.91,3.1,123.2,23.16,34.17,0.45,0.5,11.6
2015-04-17,PHU CAT,13.767,109.217,0.01,26.69,28.5,25.7,23.28,26.8,81.97,17.87,100.64,4.94,157.5,23.02,34.72,0.44,0.5,3.01
2015-04-18,PHU CAT,13.767,109.217,0.0,27.05,29.03,25.63,24.2,27.11,84.82,18.91,100.52,5.3,159.9,23.93,35.3,0.44,0.5,3.11
2015-04-19,PHU CAT,13.767,109.217,0.01,27.38,29.63,25.67,24.31,27.27,83.91,19.05,100.51,4.7,159.9,23.69,36.3,0.43,0.5,4.6
2015-04-20,PHU CAT,13.767,109.217,0.03,27.86,30.34,26.31,24.43,27.5,82.14,19.2,100.4,4.1,159.8,23.07,36.44,0.42,0.49,5.32
2015-04-21,PHU CAT,13.767,109.217,0.32,27.52,29.81,26.02,24.98,27.43,86.45,19.82,100.56,2.87,130.6,22.3,36.85,0.42,0.49,44.49
2015-04-22,PHU CAT,13.767,109.217,0.18,27.01,28.42,26.03,24.55,27.32,86.56,19.25,100.82,3.47,77.2,23.34,35.9,0.41,0.49,38.66
2015-04-23,PHU CAT,13.767,109.217,0.44,26.85,28.04,26.01,24.31,27.17,86.02,18.95,100.93,4.41,37.4,19.82,36.3,0.4,0.49,76.86
2015-04-24,PHU CAT,13.767,109.217,0.22,26.87,28.19,26.01,23.73,27.19,83.1,18.3,100.92,5.12,27.7,23.18,35.65,0.39,0.49,25.46
2015-04-25,PHU CAT,13.767,109.217,0.96,26.84,28.05,25.97,23.58,27.21,82.43,18.13,100.88,5.71,31.5,21.71,36.37,0.39,0.49,56.97
2015-04-26,PHU CAT,13.767,109.217,1.83,26.83,28.13,25.94,23.41,27.23,81.65,17.94,100.9,5.43,29.9,22.0,35.87,0.41,0.49,41.58
2015-04-27,PHU CAT,13.767,109.217,0.81,27.05,28.24,26.25,23.55,27.5,81.3,18.12,100.8,3.36,44.5,22.5,35.89,0.4,0.49,39.15
2015-04-28,PHU CAT,13.767,109.217,0.27,27.56,28.96,26.6,23.89,27.82,80.48,18.51,100.69,3.31,131.3,24.77,35.81,0.39,0.48,11.13
2015-04-29,PHU CAT,13.767,109.217,0.2,27.61,29.03,26.51,23.8,27.94,79.94,18.42,100.7,4.25,150.5,25.03,35.65,0.36,0.48,15.05
2015-04-30,PHU CAT,13.767,109.217,0.08,27.69,29.31,26.45,23.58,28.05,78.54,18.19,100.65,4.7,151.5,25.78,35.79,0.34,0.48,17.37
2015-05-01,PHU CAT,13.767,109.217,0.0,27.85,29.51,26.54,24.05,28.06,80.26,18.74,100.55,5.35,159.4,23.54,36.55,0.31,0.48,58.51
2015-05-02,PHU CAT,13.767,109.217,0.06,28.17,29.95,26.78,24.87,28.39,82.63,19.69,100.54,5.42,165.1,23.73,36.69,0.3,0.48,15.01
2015-05-03,PHU CAT,13.767,109.217,0.13,28.56,31.2,26.88,24.83,28.5,80.86,19.65,100.54,5.47,161.8,24.92,36.91,0.29,0.48,18.21
2015-05-04,PHU CAT,13.767,109.217,0.05,28.36,30.8,26.65,24.91,28.37,82.18,19.76,100.51,5.03,155.5,24.73,36.58,0.28,0.48,7.32
2015-05-05,PHU CAT,13.767,109.217,0.1,28.23,30.23,26.94,24.92,28.2,82.65,19.79,100.36,4.71,158.9,24.41,36.89,0.27,0.48,26.79
2015-05-06,PHU CAT,13.767,109.217,0.05,28.28,30.36,27.21,25.33,28.05,84.54,20.31,100.35,4.63,155.5,22.42,37.09,0.27,0.48,50.91
2015-05-07,PHU CAT,13.767,109.217,0.07,28.42,30.22,27.2,25.58,28.2,84.96,20.59,100.4,4.84,156.7,24.45,36.69,0.27,0.48,32.94
2015-05-08,PHU CAT,13.767,109.217,0.06,28.63,30.42,27.4,25.27,28.31,82.44,20.23,100.32,5.07,157.4,22.53,37.11,0.27,0.48,54.43
2015-05-09,PHU CAT,13.767,109.217,0.1,28.78,31.05,27.43,25.08,28.56,81.1,20.02,100.35,3.81,154.2,24.06,37.2,0.27,0.48,22.34
2015-05-10,PHU CAT,13.767,109.217,0.09,28.71,30.51,27.22,24.79,28.37,79.87,19.63,100.44,3.64,156.8,23.7,37.16,0.26,0.48,36.48
2015-05-11,PHU CAT,13.767,109.217,0.2,28.4,29.52,27.41,25.38,28.19,83.84,20.3,100.57,3.7,154.8,22.27,37.62,0.27,0.48,49.97
2015-05-12,PHU CAT,13.767,109.217,0.03,28.14,29.61,26.99,24.98,28.07,83.36,19.84,100.64,3.25,166.4,24.17,36.43,0.27,0.48,40.24
2015-05-13,PHU CAT,13.767,109.217,0.0,28.74,30.34,27.59,24.61,28.88,78.74,19.39,100.64,4.35,139.5,25.03,35.95,0.26,0.48,22.25
2015-05-14,PHU CAT,13.767,109.217,0.0,28.91,30.63,27.42,24.41,29.01,76.99,19.12,100.69,4.81,155.0,24.22,36.44,0.25,0.48,18.69
2015-05-15,PHU CAT,13.767,109.217,0.01,29.17,31.24,27.93,24.81,29.11,77.75,19.61,100.64,4.88,156.4,24.6,36.93,0.25,0.48,17.67
2015-05-16,PHU CAT,13.767,109.217,1.42,29.19,31.15,28.25,25.04,29.14,78.6,19.91,100.45,5.4,153.9,23.5,37.43,0.26,0.48,27.47
2015-05-17,PHU CAT,13.767,109.217,2.03,28.2,28.77,27.67,24.79,28.26,81.81,19.61,100.45,3.75,174.2,16.69,37.55,0.35,0.48,45.91
2015-05-18,PHU CAT,13.767,109.217,1.63,29.36,30.99,28.27,25.61,29.15,80.64,20.63,100.36,5.49,163.3,24.12,37.07,0.39,0.48,14.87
2015-05-19,PHU CAT,13.767,109.217,1.58,29.42,31.37,28.29,25.62,28.97,80.39,20.65,100.32,5.36,172.0,24.13,37.51,0.42,0.48,30.52
2015-05-20,PHU CAT,13.767,109.217,1.45,29.4,30.99,28.18,25.9,28.96,81.63,20.98,100.41,3.39,180.3,21.99,37.81,0.45,0.49,68.42
2015-05-21,PHU CAT,13.767,109.217,0.36,29.39,31.15,28.39,26.05,29.22,82.63,21.17,100.46,2.95,142.1,21.77,37.88,0.44,0.48,86.13
2015-05-22,PHU CAT,13.767,109.217,0.37,29.14,30.46,28.04,26.2,29.08,84.37,21.37,100.36,4.8,176.4,23.36,37.4,0.43,0.48,62.1
2015-05-23,PHU CAT,13.767,109.217,0.22,29.32,30.94,28.05,25.61,28.92,80.72,20.64,100.38,4.44,185.1,24.48,37.38,0.41,0.48,58.59
2015-05-24,PHU CAT,13.767,109.217,0.21,29.37,31.33,28.1,25.77,28.99,81.52,20.86,100.34,4.76,167.1,24.01,37.55,0.39,0.48,56.8
2015-05-25,PHU CAT,13.767,109.217,0.27,29.47,31.46,28.21,25.56,29.17,79.94,20.59,100.35,4.84,175.9,23.85,37.59,0.38,0.48,53.42
2015-05-26,PHU CAT,13.767,109.217,0.39,29.54,30.85,28.66,25.26,29.27,78.01,20.2,100.41,4.8,178.6,24.57,37.15,0.38,0.48,21.23
2015-05-27,PHU CAT,13.767,109.217,0.07,30.11,32.46,28.45,24.4,29.54,72.01,19.25,100.25,4.36,191.4,23.76,37.37,0.36,0.48,25.25
2015-05-28,PHU CAT,13.767,109.217,0.08,30.21,32.34,29.12,25.24,30.15,75.39,20.27,100.18,5.77,171.2,24.49,37.41,0.34,0.48,6.26
2015-05-29,PHU CAT,13.767,109.217,0.08,30.4,32.69,29.04,25.61,30.35,76.19,20.67,100.31,5.14,167.5,24.16,37.39,0.32,0.48,13.89
2015-05-30,PHU CAT,13.767,109.217,0.18,30.57,32.65,29.07,25.48,30.52,74.77,20.5,100.32,5.12,166.9,24.49,37.3,0.31,0.48,8.33
2015-05-31,PHU CAT,13.767,109.217,0.48,30.42,32.7,29.24,25.69,30.39,76.37,20.77,100.23,5.14,166.5,24.88,37.35,0.31,0.48,18.34
2015-06-01,PHU CAT,13.767,109.217,0.6,29.92,31.96,28.58,25.88,29.85,79.46,21.0,100.28,5.46,164.3,24.53,37.17,0.32,0.48,33.54
2015-06-02,PHU CAT,13.767,109.217,0.65,29.42,30.98,28.15,25.58,29.37,80.14,20.57,100.43,6.31,164.0,24.27,37.2,0.34,0.48,16.97
2015-06-03,PHU CAT,13.767,109.217,0.19,29.02,30.64,27.52,24.88,29.2,78.7,19.71,100.5,4.86,161.6,25.45,36.6,0.34,0.48,15.76
2015-06-04,PHU CAT,13.767,109.217,0.06,28.82,30.33,27.59,25.03,29.17,80.19,19.9,100.45,5.13,160.1,24.51,36.43,0.33,0.48,4.25
2015-06-05,PHU CAT,13.767,109.217,0.0,29.17,30.76,27.72,25.27,29.42,79.92,20.24,100.32,4.78,157.7,25.14,37.22,0.31,0.48,50.7
2015-06-06,PHU CAT,13.767,109.217,0.01,29.4,31.32,27.89,25.17,29.58,78.53,20.12,100.34,5.28,156.3,22.95,36.87,0.3,0.48,58.72
2015-06-07,PHU CAT,13.767,109.217,0.02,29.41,30.86,28.16,24.39,29.51,74.87,19.19,100.41,5.58,170.6,24.51,36.96,0.29,0.48,12.28
2015-06-08,PHU CAT,13.767,109.217,0.02,29.62,31.37,28.12,24.94,29.86,76.34,19.83,100.36,5.43,165.3,24.71,37.39,0.28,0.48,11.46
2015-06-09,PHU CAT,13.767,109.217,0.02,29.93,32.25,28.49,25.44,29.99,77.49,20.46,100.34,4.91,169.2,24.44,37.78,0.27,0.47,16.91
2015-06-10,PHU CAT,13.767,109.217,0.08,30.05,32.02,28.64,25.81,30.21,78.52,20.9,100.34,5.41,160.5,25.21,37.32,0.27,0.47,6.76
2015-06-11,PHU CAT,13.767,109.217,0.12,29.52,31.46,27.94,25.67,29.56,80.16,20.7,100.37,4.5,162.0,24.2,36.76,0.27,0.47,8.17
2015-06-12,PHU CAT,13.767,109.217,0.07,29.12,30.7,27.81,25.0,29.34,78.88,19.9,100.4,4.46,156.1,24.52,37.41,0.27,0.47,29.33
2015-06-13,PHU CAT,13.767,109.217,0.12,28.73,29.9,27.73,25.17,28.94,81.23,20.09,100.32,4.29,154.1,23.89,37.41,0.27,0.47,55.67
2015-06-14,PHU CAT,13.767,109.217,0.12,28.93,30.12,27.91,25.26,29.24,80.81,20.21,100.33,5.56,162.9,23.76,36.97,0.27,0.47,22.3
2015-06-15,PHU CAT,13.767,109.217,0.96,28.96,30.54,27.61,24.15,29.4,75.6,18.9,100.41,5.29,156.7,24.62,36.72,0.29,0.48,57.4
2015-06-16,PHU CAT,13.767,109.217,0.61,28.33,29.53,27.13,24.38,28.87,79.33,19.15,100.35,3.91,164.2,17.13,37.08,0.32,0.48,77.06
2015-06-17,PHU CAT,13.767,109.217,0.93,28.38,29.95,27.11,24.16,28.69,78.11,18.94,100.18,3.94,156.5,18.93,37.62,0.33,0.48,95.11
2015-06-18,PHU CAT,13.767,109.217,2.32,28.31,29.94,27.07,24.07,28.86,77.97,18.83,100.14,2.9,112.0,19.86,37.72,0.39,0.48,94.2
2015-06-19,PHU CAT,13.767,109.217,1.76,29.38,31.54,27.71,23.91,29.26,72.9,18.68,100.11,2.44,233.0,14.38,37.74,0.42,0.48,98.99
2015-06-20,PHU CAT,13.767,109.217,7.24,28.36,31.08,27.03,24.51,28.99,80.03,19.36,100.04,4.51,295.4,12.11,37.16,0.51,0.49,97.96
2015-06-21,PHU CAT,13.767,109.217,1.57,28.58,30.48,27.58,24.71,28.48,79.65,19.61,99.93,6.28,246.8,6.34,36.91,0.52,0.5,99.43
2015-06-22,PHU CAT,13.767,109.217,3.56,28.88,30.82,27.85,24.21,28.37,75.95,19.04,99.91,5.97,229.3,10.04,37.11,0.52,0.5,99.49
2015-06-23,PHU CAT,13.767,109.217,0.38,29.78,32.41,27.51,23.39,28.7,68.89,18.12,99.98,5.91,221.2,15.48,37.8,0.46,0.49,98.68
2015-06-24,PHU CAT,13.767,109.217,0.05,29.77,32.38,27.99,23.57,28.9,69.59,18.28,100.13,5.44,224.6,20.5,37.8,0.44,0.49,67.99
2015-06-25,PHU CAT,13.767,109.217,0.02,29.87,32.17,27.91,23.74,29.02,70.02,18.48,100.14,4.78,216.0,23.48,37.27,0.41,0.49,55.34
2015-06-26,PHU CAT,13.767,109.217,0.07,29.82,33.05,27.56,23.47,28.74,69.35,18.15,100.26,3.74,218.9,23.59,37.31,0.39,0.48,36.9
2015-06-27,PHU CAT,13.767,109.217,0.04,29.42,33.72,27.54,24.14,28.92,74.44,18.93,100.44,3.44,173.7,24.85,37.32,0.36,0.48,20.24
2015-06-28,PHU CAT,13.767,109.217,0.06,29.58,32.6,28.17,24.07,29.26,73.24,18.83,100.57,4.6,172.2,24.38,37.28,0.33,0.48,16.67
2015-06-29,PHU CAT,13.767,109.217,0.05,30.06,33.29,28.25,24.2,29.18,71.77,18.99,100.41,3.77,183.7,24.77,37.01,0.31,0.48,16.6
2015-06-30,PHU CAT,13.767,109.217,0.22,30.0,34.08,28.44,24.39,29.3,72.92,19.24,100.27,2.99,189.3,24.45,36.87,0.3,0.48,52.06
2015-07-01,PHU CAT,13.767,109.217,0.11,30.5,34.49,28.68,24.22,29.7,70.58,19.12,100.12,3.32,181.9,24.02,37.15,0.28,0.47,33.94
2015-07-02,PHU CAT,13.767,109.217,0.15,30.15,34.67,27.42,24.41,29.44,72.69,19.3,100.05,3.98,204.9,24.42,37.19,0.27,0.47,40.1
2015-07-03,PHU CAT,13.767,109.217,0.09,30.58,34.29,28.53,24.27,29.74,69.86,19.14,99.88,3.92,229.1,22.16,37.27,0.26,0.47,65.68
2015-07-04,PHU CAT,13.767,109.217,0.26,30.1,33.97,28.07,24.82,29.62,73.98,19.79,99.81,4.58,201.8,24.1,37.26,0.26,0.47,44.44
2015-07-05,PHU CAT,13.767,109.217,0.66,30.12,33.22,28.14,24.43,29.52,72.07,19.37,99.89,2.83,249.1,24.27,37.23,0.27,0.47,68.15
2015-07-06,PHU CAT,13.767,109.217,0.85,29.2,31.9,27.65,24.49,28.91,76.25,19.39,99.93,3.29,191.4,21.84,37.15,0.29,0.47,93.6
2015-07-07,PHU CAT,13.767,109.217,8.82,27.7,29.6,26.33,24.87,27.98,84.67,19.79,99.91,3.74,197.3,16.04,38.31,0.49,0.49,97.73
2015-07-08,PHU CAT,13.767,109.217,5.33,27.24,28.71,25.68,24.22,27.82,83.57,19.04,100.01,2.38,239.5,17.12,37.52,0.53,0.49,97.34
2015-07-09,PHU CAT,13.767,109.217,5.42,27.18,28.33,26.46,23.94,28.2,82.51,18.72,99.89,3.05,174.7,8.69,37.2,0.56,0.51,91.9
2015-07-10,PHU CAT,13.767,109.217,10.25,28.44,31.26,26.31,23.16,28.72,73.55,17.87,99.9,3.13,298.3,19.0,37.79,0.54,0.51,84.66
2015-07-11,PHU CAT,13.767,109.217,1.08,28.86,32.1,26.75,24.71,28.82,78.93,19.66,99.9,2.66,159.4,19.29,37.78,0.51,0.52,93.97
2015-07-12,PHU CAT,13.767,109.217,2.15,29.06,31.07,27.49,24.96,28.51,78.78,19.92,99.89,2.75,198.5,22.75,37.58,0.51,0.52,76.73
2015-07-13,PHU CAT,13.767,109.217,2.5,29.17,31.25,27.79,25.38,29.07,80.33,20.46,99.89,4.44,178.4,20.0,38.1,0.5,0.52,81.7
2015-07-14,PHU CAT,13.767,109.217,0.99,29.48,31.08,28.34,25.41,29.46,79.05,20.47,99.94,5.32,180.4,22.62,37.83,0.5,0.51,88.22
2015-07-15,PHU CAT,13.767,109.217,0.91,29.56,31.17,28.06,25.14,29.24,77.3,20.12,100.03,4.65,192.7,19.7,37.92,0.49,0.51,99.14
2015-07-16,PHU CAT,13.767,109.217,1.03,29.54,31.43,28.33,24.87,29.24,76.22,19.8,100.05,4.69,187.0,11.52,37.73,0.49,0.51,99.37
2015-07-17,PHU CAT,13.767,109.217,1.0,29.52,31.92,27.81,24.79,29.22,76.09,19.69,100.13,4.36,197.8,18.74,37.72,0.48,0.51,93.87
2015-07-18,PHU CAT,13.767,109.217,2.68,28.77,30.36,27.45,24.28,28.73,76.89,19.08,100.16,5.46,214.2,12.23,36.98,0.51,0.51,99.78
2015-07-19,PHU CAT,13.767,109.217,0.71,28.91,31.02,27.12,23.05,28.69,70.86,17.7,100.28,5.51,214.8,14.85,36.42,0.49,0.51,98.34
2015-07-20,PHU CAT,13.767,109.217,0.15,29.36,32.49,27.19,23.42,29.19,71.1,18.13,100.36,4.65,186.8,16.27,36.83,0.46,0.51,99.14
2015-07-21,PHU CAT,13.767,109.217,0.41,28.87,31.21,27.72,24.64,28.75,78.55,19.46,100.59,5.77,169.7,21.94,36.98,0.46,0.5,95.28
2015-07-22,PHU CAT,13.767,109.217,0.65,28.73,31.17,27.4,24.78,28.7,79.98,19.64,100.56,5.52,163.4,23.44,36.73,0.46,0.5,96.05
2015-07-23,PHU CAT,13.767,109.217,0.78,28.82,30.91,27.57,24.81,28.7,79.36,19.67,100.52,5.44,179.5,22.45,36.62,0.48,0.5,43.48
2015-07-24,PHU CAT,13.767,109.217,0.51,29.37,31.91,27.73,25.05,29.35,78.43,20.0,100.41,4.44,150.7,24.46,36.76,0.46,0.5,72.72
2015-07-25,PHU CAT,13.767,109.217,0.54,29.04,31.94,27.61,24.53,28.67,77.4,19.38,100.38,4.85,177.3,23.5,37.07,0.46,0.5,59.94
2015-07-26,PHU CAT,13.767,109.217,0.59,28.82,31.0,26.98,24.03,28.48,75.84,18.73,100.61,4.5,185.3,22.64,37.12,0.46,0.49,93.37
2015-07-27,PHU CAT,13.767,109.217,0.86,27.57,28.95,26.25,23.44,28.17,78.57,18.02,100.81,4.37,135.2,20.22,37.08,0.46,0.49,97.61
2015-07-28,PHU CAT,13.767,109.217,0.76,27.54,28.65,26.51,23.8,28.21,80.28,18.43,100.76,3.26,157.0,16.0,37.04,0.46,0.49,99.82
2015-07-29,PHU CAT,13.767,109.217,0.41,26.9,27.18,26.52,23.03,28.04,79.4,17.57,100.76,2.5,154.5,15.44,36.82,0.47,0.49,97.06
2015-07-30,PHU CAT,13.767,109.217,0.76,27.84,29.14,26.74,23.66,28.65,78.34,18.3,100.66,3.97,154.1,20.78,37.06,0.46,0.49,90.4
2015-07-31,PHU CAT,13.767,109.217,0.32,27.88,28.61,27.12,23.99,28.55,79.55,18.66,100.6,3.24,127.6,21.97,37.05,0.46,0.49,90.26
2015-08-01,PHU CAT,13.767,109.217,0.38,28.37,29.54,27.52,24.28,28.92,78.67,19.0,100.56,4.56,148.8,23.53,36.8,0.45,0.49,74.9
2015-08-02,PHU CAT,13.767,109.217,0.38,28.22,29.28,27.13,24.13,28.91,78.6,18.82,100.57,3.57,146.4,23.52,36.89,0.45,0.49,47.47
2015-08-03,PHU CAT,13.767,109.217,0.25,28.66,30.02,27.62,24.46,29.51,78.21,19.22,100.49,4.67,141.6,24.69,37.05,0.42,0.49,58.11
2015-08-04,PHU CAT,13.767,109.217,1.05,28.87,30.41,27.92,24.56,29.63,77.81,19.37,100.32,3.71,146.9,24.08,37.41,0.42,0.48,70.52
2015-08-05,PHU CAT,13.767,109.217,0.42,29.41,31.4,28.08,24.16,30.06,73.78,18.96,100.1,4.18,145.0,24.63,37.81,0.4,0.48,58.36
2015-08-06,PHU CAT,13.767,109.217,0.88,29.71,32.19,28.32,24.53,30.4,74.05,19.4,100.04,3.61,113.1,23.7,37.79,0.39,0.48,63.72
2015-08-07,PHU CAT,13.767,109.217,0.88,29.35,30.66,28.34,24.04,30.18,73.18,18.8,100.08,3.13,93.6,23.93,37.83,0.38,0.48,61.83
2015-08-08,PHU CAT,13.767,109.217,1.07,29.32,30.7,28.07,24.82,29.95,76.86,19.75,99.93,3.24,150.2,24.24,37.44,0.38,0.48,85.59
2015-08-09,PHU CAT,13.767,109.217,1.17,29.62,31.99,28.12,24.72,29.93,75.4,19.69,99.85,5.71,184.4,22.52,37.79,0.4,0.48,92.39
2015-08-10,PHU CAT,13.767,109.217,2.83,29.58,31.44,28.42,24.96,30.15,76.7,19.91,100.12,5.0,164.4,23.05,37.61,0.42,0.48,82.02
2015-08-11,PHU CAT,13.767,109.217,4.36,28.84,30.09,27.75,25.26,29.48,81.17,20.2,100.31,4.6,186.1,21.31,37.8,0.5,0.49,89.48
2015-08-12,PHU CAT,13.767,109.217,3.61,29.02,30.37,27.97,25.55,29.36,81.75,20.54,100.43,4.73,174.3,22.37,37.63,0.53,0.49,86.57
2015-08-13,PHU CAT,13.767,109.217,3.31,29.37,30.9,28.23,25.86,29.6,81.66,20.93,100.43,5.93,182.7,24.5,37.39,0.52,0.5,68.19
2015-08-14,PHU CAT,13.767,109.217,0.19,29.72,31.66,28.57,24.9,29.89,76.06,19.84,100.41,5.81,176.7,24.75,37.56,0.48,0.5,54.41
2015-08-15,PHU CAT,13.767,109.217,0.21,29.78,31.7,28.61,25.14,29.96,76.57,20.04,100.51,5.74,174.9,24.53,37.56,0.46,0.49,61.67
2015-08-16,PHU CAT,13.767,109.217,0.28,29.95,32.19,28.7,25.51,30.07,77.64,20.51,100.45,5.54,170.6,24.31,37.57,0.45,0.49,55.88
2015-08-17,PHU CAT,13.767,109.217,0.19,30.27,32.59,28.65,25.41,30.49,75.69,20.42,100.38,4.78,183.8,24.33,37.32,0.44,0.49,27.93
2015-08-18,PHU CAT,13.767,109.217,0.08,30.52,33.01,28.82,25.11,30.92,73.37,20.05,100.29,4.67,174.2,25.02,37.77,0.41,0.48,29.19
2015-08-19,PHU CAT,13.767,109.217,0.19,30.51,33.01,29.15,25.27,31.01,73.94,20.25,100.24,3.99,156.4,25.01,37.72,0.39,0.48,25.71
2015-08-20,PHU CAT,13.767,109.217,0.64,30.6,32.41,29.03,25.18,30.84,73.24,20.15,100.19,4.52,195.7,25.01,37.9,0.39,0.48,57.12
2015-08-21,PHU CAT,13.767,109.217,0.36,30.77,32.78,29.64,24.75,31.31,71.09,19.73,100.14,4.43,167.2,23.24,37.28,0.38,0.48,72.94
2015-08-22,PHU CAT,13.767,109.217,0.39,31.12,33.09,29.14,24.15,30.88,66.78,18.98,100.05,3.18,238.5,23.1,37.28,0.37,0.48,73.71
2015-08-23,PHU CAT,13.767,109.217,0.53,30.66,33.31,28.71,24.94,30.78,72.04,19.91,100.04,4.13,219.5,22.85,37.04,0.35,0.48,82.58
2015-08-24,PHU CAT,13.767,109.217,2.72,30.15,32.67,28.05,25.1,30.38,74.78,20.07,100.11,4.24,200.5,23.96,37.28,0.38,0.48,68.94
2015-08-25,PHU CAT,13.767,109.217,1.84,29.37,31.34,27.96,25.04,29.8,77.71,19.96,100.25,5.16,201.0,21.86,37.42,0.46,0.48,92.67
2015-08-26,PHU CAT,13.767,109.217,1.29,29.45,31.5,27.58,24.57,29.72,75.31,19.37,100.43,5.15,201.6,15.86,37.18,0.46,0.48,98.81
2015-08-27,PHU CAT,13.767,109.217,1.07,29.31,31.76,27.79,24.52,29.82,75.86,19.32,100.44,5.38,182.7,21.29,37.15,0.45,0.48,90.42
2015-08-28,PHU CAT,13.767,109.217,0.8,29.88,32.23,28.17,24.58,29.88,73.75,19.44,100.3,5.41,188.1,23.46,37.04,0.43,0.48,76.57
2015-08-29,PHU CAT,13.767,109.217,0.42,30.17,32.49,28.86,25.0,30.04,74.26,19.94,100.24,4.81,177.8,23.96,37.24,0.4,0.48,61.87
2015-08-30,PHU CAT,13.767,109.217,2.16,30.2,32.68,28.32,25.14,29.89,74.74,20.08,100.31,3.92,205.1,23.51,37.28,0.41,0.48,77.97
2015-08-31,PHU CAT,13.767,109.217,0.19,30.02,32.16,28.02,24.48,29.64,72.54,19.29,100.36,4.03,216.1,17.79,37.42,0.42,0.48,97.31
2015-09-01,PHU CAT,13.767,109.217,0.17,30.31,33.15,28.23,24.36,30.11,70.95,19.19,100.28,3.99,204.9,21.64,37.36,0.37,0.48,95.01
2015-09-02,PHU CAT,13.767,109.217,0.27,29.68,32.17,28.29,24.61,29.92,74.92,19.46,100.43,4.64,153.4,22.19,37.43,0.35,0.48,87.15
2015-09-03,PHU CAT,13.767,109.217,1.79,29.46,31.34,28.2,25.32,29.85,78.89,20.25,100.62,5.1,155.0,22.61,37.8,0.36,0.48,60.47
2015-09-04,PHU CAT,13.767,109.217,2.12,29.14,30.36,27.99,25.41,29.73,80.47,20.3,100.73,5.02,153.4,22.24,37.11,0.43,0.48,29.64
2015-09-05,PHU CAT,13.767,109.217,1.49,29.51,31.22,28.4,24.7,30.33,75.78,19.49,100.68,4.49,152.0,24.47,37.34,0.43,0.48,27.32
2015-09-06,PHU CAT,13.767,109.217,3.0,29.74,31.22,28.5,25.26,30.24,77.19,20.19,100.48,3.08,150.6,24.18,37.47,0.47,0.48,35.42
2015-09-07,PHU CAT,13.767,109.217,2.15,30.01,32.53,28.89,25.31,30.2,76.42,20.29,100.28,2.94,132.9,24.79,37.76,0.48,0.49,41.7
2015-09-08,PHU CAT,13.767,109.217,1.38,29.05,30.31,28.03,25.45,29.64,81.14,20.45,100.3,3.2,138.5,24.1,37.61,0.49,0.49,55.82
2015-09-09,PHU CAT,13.767,109.217,1.77,27.91,29.0,27.21,23.98,29.29,79.23,18.65,100.57,3.39,144.6,14.33,37.59,0.5,0.49,98.99
2015-09-10,PHU CAT,13.767,109.217,0.87,27.82,28.58,27.1,24.03,29.55,79.9,18.68,100.63,2.0,134.9,19.13,37.77,0.48,0.49,91.92
2015-09-11,PHU CAT,13.767,109.217,0.83,28.62,30.01,27.26,23.99,29.5,76.26,18.67,100.5,1.82,59.5,19.71,37.61,0.47,0.49,94.78
2015-09-12,PHU CAT,13.767,109.217,2.2,28.97,30.06,28.07,25.46,29.41,81.64,20.45,100.43,4.96,359.0,13.17,37.43,0.49,0.49,99.46
2015-09-13,PHU CAT,13.767,109.217,26.09,28.03,30.21,26.13,24.26,29.08,80.37,19.04,100.29,7.32,315.0,10.92,37.36,0.64,0.51,99.58
2015-09-14,PHU CAT,13.767,109.217,12.87,27.62,28.02,26.79,24.13,28.53,81.27,18.95,99.83,7.54,193.1,12.04,37.25,0.64,0.56,98.93
2015-09-15,PHU CAT,13.767,109.217,1.28,27.96,28.52,27.53,24.46,28.73,81.3,19.3,100.04,4.03,144.9,17.02,37.28,0.53,0.55,97.2
2015-09-16,PHU CAT,13.767,109.217,4.96,27.96,28.55,27.34,24.99,28.62,83.94,19.88,100.23,7.42,151.4,16.27,36.95,0.56,0.56,99.36
2015-09-17,PHU CAT,13.767,109.217,1.04,28.49,29.44,27.82,25.23,28.77,82.55,20.07,100.68,6.33,151.6,17.83,37.42,0.53,0.56,87.59
2015-09-18,PHU CAT,13.767,109.217,0.85,28.66,30.11,27.71,24.56,29.46,78.69,19.27,100.85,2.9,90.5,23.59,36.88,0.52,0.55,18.9
2015-09-19,PHU CAT,13.767,109.217,0.21,28.51,30.05,27.33,24.64,29.75,79.84,19.4,100.67,4.07,29.9,23.79,36.23,0.5,0.55,7.95
2015-09-20,PHU CAT,13.767,109.217,0.07,28.59,29.94,27.6,24.27,29.93,77.61,19.01,100.47,2.93,72.1,24.2,36.35,0.49,0.54,7.83
2015-09-21,PHU CAT,13.767,109.217,0.37,28.93,30.2,28.05,24.16,30.1,75.69,18.91,100.32,4.05,134.2,24.64,37.06,0.48,0.54,17.33
2015-09-22,PHU CAT,13.767,109.217,1.13,29.11,30.4,28.06,25.01,30.13,78.86,19.9,100.41,4.58,146.2,23.92,37.36,0.49,0.54,42.22
2015-09-23,PHU CAT,13.767,109.217,0.5,29.68,31.36,28.57,25.27,30.52,77.61,20.24,100.33,3.54,136.8,23.63,37.59,0.49,0.53,60.79
2015-09-24,PHU CAT,13.767,109.217,0.31,30.51,32.96,28.61,25.04,30.36,73.12,20.0,100.22,3.06,222.8,23.12,37.07,0.49,0.53,54.31
2015-09-25,PHU CAT,13.767,109.217,0.18,30.34,32.52,29.09,24.74,30.65,72.49,19.64,100.13,3.44,158.0,24.04,37.84,0.48,0.53,45.15
2015-09-26,PHU CAT,13.767,109.217,0.26,29.96,31.84,28.56,24.87,30.61,74.44,19.75,100.25,3.13,107.1,23.45,37.44,0.47,0.52,24.97
2015-09-27,PHU CAT,13.767,109.217,0.1,29.36,30.46,28.58,24.8,30.31,76.58,19.66,100.33,2.4,56.9,23.94,36.5,0.48,0.52,32.12
2015-09-28,PHU CAT,13.767,109.217,0.47,29.43,30.69,28.36,24.29,30.4,74.13,19.06,100.38,2.63,102.4,23.26,36.62,0.48,0.52,66.61
2015-09-29,PHU CAT,13.767,109.217,3.28,29.36,30.5,28.31,24.44,29.94,75.13,19.2,100.47,2.45,149.1,20.83,37.38,0.51,0.52,93.12
2015-09-30,PHU CAT,13.767,109.217,2.55,29.15,30.14,28.26,24.91,29.84,78.07,19.71,100.68,3.16,143.9,22.46,37.12,0.53,0.52,50.82
2015-10-01,PHU CAT,13.767,109.217,3.32,28.92,29.88,28.02,24.75,29.65,78.33,19.52,100.72,2.73,108.1,22.63,36.98,0.53,0.53,75.26
2015-10-02,PHU CAT,13.767,109.217,5.39,28.1,29.34,26.98,24.32,29.27,80.06,19.01,100.67,1.8,25.8,20.66,37.62,0.54,0.53,94.9
2015-10-03,PHU CAT,13.767,109.217,16.89,28.24,29.14,27.57,24.7,29.15,81.22,19.48,100.61,4.58,167.7,15.28,36.98,0.64,0.55,98.8
2015-10-04,PHU CAT,13.767,109.217,4.74,28.32,29.83,27.38,24.92,28.98,82.07,19.72,100.69,6.21,181.7,17.85,37.06,0.59,0.57,89.23
2015-10-05,PHU CAT,13.767,109.217,0.63,28.33,29.59,27.49,24.3,29.13,79.01,18.97,100.81,3.58,167.8,18.43,37.09,0.54,0.57,93.57
2015-10-06,PHU CAT,13.767,109.217,0.85,28.38,29.74,27.35,24.21,29.39,78.25,18.88,100.75,2.76,129.9,22.44,36.63,0.53,0.56,20.01
2015-10-07,PHU CAT,13.767,109.217,0.77,28.58,29.97,27.48,24.6,29.92,79.33,19.34,100.75,3.27,118.4,22.67,37.1,0.52,0.56,34.63
2015-10-08,PHU CAT,13.767,109.217,0.66,28.56,29.54,27.64,24.39,29.66,78.23,19.1,100.65,3.09,147.8,21.78,37.5,0.52,0.56,48.6
2015-10-09,PHU CAT,13.767,109.217,0.54,29.0,30.27,28.14,24.56,29.98,77.17,19.32,100.58,4.61,150.2,22.69,37.48,0.51,0.55,52.03
2015-10-10,PHU CAT,13.767,109.217,1.19,29.32,30.71,28.2,24.99,29.8,77.71,19.83,100.61,4.48,145.1,21.95,37.56,0.51,0.55,46.29
2015-10-11,PHU CAT,13.767,109.217,1.29,28.48,30.18,27.12,24.88,29.29,81.1,19.64,100.82,4.93,47.7,18.99,37.1,0.52,0.55,86.63
2015-10-12,PHU CAT,13.767,109.217,1.93,27.86,28.79,27.25,24.87,28.67,83.8,19.59,100.94,4.96,22.6,12.45,36.86,0.53,0.55,87.44
2015-10-13,PHU CAT,13.767,109.217,0.64,27.83,28.86,27.05,24.48,28.87,82.03,19.14,100.93,3.61,26.6,17.06,36.51,0.51,0.55,63.99
2015-10-14,PHU CAT,13.767,109.217,11.46,27.99,28.65,27.63,25.28,28.45,85.22,20.12,100.82,6.25,16.7,18.95,37.2,0.59,0.56,82.79
2015-10-15,PHU CAT,13.767,109.217,3.46,27.74,28.73,26.8,23.55,27.96,77.9,18.13,100.82,7.11,12.4,5.23,37.14,0.59,0.57,94.97
2015-10-16,PHU CAT,13.767,109.217,0.23,27.55,28.97,26.58,22.99,28.04,76.35,17.51,100.77,6.77,9.1,15.11,36.64,0.52,0.57,77.22
2015-10-17,PHU CAT,13.767,109.217,0.31,27.23,28.22,26.36,23.05,28.02,77.95,17.58,100.75,7.1,7.9,17.56,36.24,0.51,0.56,63.54
2015-10-18,PHU CAT,13.767,109.217,0.15,27.1,28.65,25.72,21.53,27.76,71.79,16.02,100.79,6.15,5.2,18.53,35.25,0.51,0.56,98.45
2015-10-19,PHU CAT,13.767,109.217,0.01,27.19,28.56,26.15,21.37,27.99,70.76,15.9,100.66,5.16,7.0,18.61,35.73,0.5,0.55,97.56
2015-10-20,PHU CAT,13.767,109.217,0.01,27.23,28.79,26.16,22.06,28.16,73.47,16.58,100.54,3.48,17.7,16.45,36.76,0.49,0.55,74.17
2015-10-21,PHU CAT,13.767,109.217,0.11,27.6,28.94,26.73,22.54,28.36,74.18,17.08,100.63,3.7,32.0,21.24,36.24,0.49,0.54,35.26
2015-10-22,PHU CAT,13.767,109.217,0.49,27.9,29.22,26.78,22.55,28.48,72.72,17.05,100.72,4.51,36.5,17.05,36.86,0.49,0.54,68.42
2015-10-23,PHU CAT,13.767,109.217,0.69,27.21,28.35,26.35,22.87,28.3,77.37,17.4,100.79,5.26,23.4,18.17,35.98,0.49,0.54,64.63
2015-10-24,PHU CAT,13.767,109.217,0.52,27.21,28.42,26.29,23.32,28.3,79.46,17.86,100.89,5.06,30.4,15.25,36.87,0.49,0.54,74.79
2015-10-25,PHU CAT,13.767,109.217,1.05,27.37,28.45,26.59,23.78,28.25,80.91,18.35,100.96,3.95,35.0,17.84,36.63,0.49,0.53,86.17
2015-10-26,PHU CAT,13.767,109.217,2.27,27.57,28.34,26.74,24.2,27.86,81.87,18.82,100.93,4.59,35.6,9.53,36.97,0.52,0.53,90.4
2015-10-27,PHU CAT,13.767,109.217,1.01,27.74,28.71,27.13,23.94,28.09,79.87,18.53,100.93,4.65,34.5,18.27,36.32,0.5,0.53,48.97
2015-10-28,PHU CAT,13.767,109.217,0.62,28.19,29.31,27.34,23.11,28.21,73.92,17.61,100.96,4.51,52.0,19.1,35.9,0.49,0.53,25.07
2015-10-29,PHU CAT,13.767,109.217,2.23,27.97,29.7,26.8,23.64,28.39,77.83,18.21,101.01,4.93,38.0,21.1,35.64,0.5,0.53,15.7
2015-10-30,PHU CAT,13.767,109.217,3.32,27.79,28.77,27.25,23.95,28.22,79.67,18.53,101.01,5.72,32.7,20.13,36.19,0.52,0.53,49.56
2015-10-31,PHU CAT,13.767,109.217,4.32,27.99,28.86,27.45,23.91,28.14,78.58,18.47,101.04,5.92,39.6,19.06,36.4,0.53,0.53,53.7
2015-11-01,PHU CAT,13.767,109.217,14.71,28.15,29.08,27.51,24.45,28.16,80.36,19.09,101.01,7.67,45.1,13.67,36.79,0.61,0.54,92.13
2015-11-02,PHU CAT,13.767,109.217,25.26,27.67,28.56,26.95,24.35,27.84,82.14,18.98,100.97,8.17,40.6,11.97,36.99,0.71,0.58,96.69
2015-11-03,PHU CAT,13.767,109.217,19.77,27.78,28.33,27.46,24.62,27.8,82.9,19.3,100.88,7.07,30.9,12.01,36.89,0.7,0.61,92.83
2015-11-04,PHU CAT,13.767,109.217,52.54,27.49,28.18,26.74,25.45,27.48,88.55,20.33,100.72,6.47,49.1,11.21,36.82,0.83,0.66,99.43
2015-11-05,PHU CAT,13.767,109.217,25.82,26.8,27.34,26.38,24.57,27.06,87.49,19.28,100.75,4.8,83.1,5.6,36.57,0.85,0.73,98.51
2015-11-06,PHU CAT,13.767,109.217,14.62,26.8,27.19,26.49,24.36,27.17,86.46,19.03,100.78,2.39,51.7,14.16,36.74,0.83,0.75,92.28
2015-11-07,PHU CAT,13.767,109.217,8.28,27.42,28.06,27.07,24.98,27.57,86.56,19.74,100.89,3.37,49.0,14.53,36.92,0.8,0.75,93.38
2015-11-08,PHU CAT,13.767,109.217,6.47,27.47,28.19,26.82,25.09,27.52,86.81,19.85,100.92,3.59,44.9,14.41,36.49,0.81,0.76,51.12
2015-11-09,PHU CAT,13.767,109.217,2.25,27.41,28.45,26.76,24.41,27.85,83.67,19.07,100.84,4.84,33.5,17.76,36.26,0.77,0.75,44.33
2015-11-10,PHU CAT,13.767,109.217,6.03,27.43,28.2,27.07,24.66,27.73,84.83,19.38,100.76,4.73,37.0,17.25,36.67,0.78,0.75,79.75
2015-11-11,PHU CAT,13.767,109.217,10.79,27.76,28.59,27.28,24.78,27.72,83.82,19.5,100.86,4.8,71.4,13.11,36.67,0.8,0.75,98.23
2015-11-12,PHU CAT,13.767,109.217,1.32,27.93,28.8,27.24,24.05,28.21,79.42,18.64,100.93,4.28,80.7,19.36,36.51,0.77,0.75,49.53
2015-11-13,PHU CAT,13.767,109.217,0.65,28.16,29.24,27.25,24.69,28.46,81.51,19.4,100.83,3.88,87.1,18.45,36.6,0.75,0.74,49.3
2015-11-14,PHU CAT,13.767,109.217,1.43,27.9,28.91,27.27,24.05,28.4,79.61,18.68,100.76,3.39,88.4,18.95,35.74,0.75,0.74,21.86
2015-11-15,PHU CAT,13.767,109.217,0.55,28.04,29.34,26.67,23.69,28.37,77.32,18.27,100.78,3.75,87.0,16.38,36.6,0.74,0.73,43.72
2015-11-16,PHU CAT,13.767,109.217,0.51,27.48,28.47,26.82,23.74,28.28,80.08,18.33,100.77,3.05,83.3,19.27,36.44,0.73,0.72,35.74
2015-11-17,PHU CAT,13.767,109.217,0.86,27.82,28.86,27.18,23.97,28.44,79.64,18.59,100.82,3.14,78.8,19.71,35.75,0.72,0.72,16.32
2015-11-18,PHU CAT,13.767,109.217,2.87,27.75,28.47,27.0,24.51,28.29,82.51,19.18,100.94,4.85,59.8,13.64,36.51,0.73,0.72,41.65
2015-11-19,PHU CAT,13.767,109.217,3.52,27.53,28.49,26.6,24.16,28.26,81.92,18.78,100.89,5.43,32.9,18.09,36.29,0.73,0.71,28.63
2015-11-20,PHU CAT,13.767,109.217,2.73,27.15,27.81,26.73,23.84,28.07,82.11,18.43,100.83,4.07,43.7,17.38,35.98,0.73,0.71,52.48
2015-11-21,PHU CAT,13.767,109.217,3.14,27.31,28.11,26.75,23.81,28.04,81.22,18.4,100.79,5.08,43.0,11.49,36.75,0.72,0.71,88.29
2015-11-22,PHU CAT,13.767,109.217,1.63,27.57,28.18,27.08,23.84,27.98,80.1,18.43,100.8,5.89,35.6,12.69,36.68,0.72,0.71,93.38
2015-11-23,PHU CAT,13.767,109.217,2.44,27.84,28.84,27.15,24.13,27.89,80.26,18.77,100.78,6.14,35.7,15.76,36.74,0.71,0.7,62.89
2015-11-24,PHU CAT,13.767,109.217,2.74,27.64,28.52,27.12,23.89,27.77,80.03,18.49,100.78,6.64,40.0,17.32,36.33,0.71,0.7,35.2
2015-11-25,PHU CAT,13.767,109.217,2.71,27.73,28.59,27.01,23.37,27.77,77.12,17.9,100.86,7.96,37.7,15.58,36.41,0.71,0.7,60.71
2015-11-26,PHU CAT,13.767,109.217,3.32,27.17,28.14,26.26,22.26,27.46,74.66,16.71,100.98,8.57,40.7,14.07,35.86,0.7,0.69,52.62
2015-11-27,PHU CAT,13.767,109.217,5.29,26.94,27.69,26.58,23.18,27.23,79.9,17.67,101.01,7.4,45.4,12.32,36.58,0.72,0.69,87.53
2015-11-28,PHU CAT,13.767,109.217,7.84,27.15,27.98,26.72,23.93,27.2,82.53,18.46,101.18,7.01,46.9,6.29,37.17,0.73,0.7,92.56
2015-11-29,PHU CAT,13.767,109.217,6.91,27.04,27.85,26.63,24.06,27.19,83.75,18.62,101.12,7.32,36.6,10.06,37.26,0.74,0.7,65.66
2015-11-30,PHU CAT,13.767,109.217,4.05,27.13,28.0,26.47,23.8,27.25,81.97,18.36,101.0,6.64,44.8,13.21,36.99,0.73,0.71,58.71
2015-12-01,PHU CAT,13.767,109.217,0.51,27.08,28.07,26.45,22.73,27.23,77.08,17.19,100.98,4.86,45.2,14.77,36.17,0.7,0.7,30.31
2015-12-02,PHU CAT,13.767,109.217,0.19,27.07,28.08,26.28,22.41,27.26,75.7,16.86,101.03,4.7,38.4,18.53,35.34,0.69,0.69,12.87
2015-12-03,PHU CAT,13.767,109.217,0.37,26.97,27.85,26.38,22.77,27.36,77.77,17.23,101.06,5.99,40.5,17.06,35.77,0.68,0.69,47.54
2015-12-04,PHU CAT,13.767,109.217,0.43,27.07,27.98,26.48,22.83,27.28,77.66,17.29,101.01,5.01,49.7,18.26,35.39,0.67,0.68,24.91
2015-12-05,PHU CAT,13.767,109.217,1.03,26.77,28.08,25.63,23.94,27.39,84.59,18.52,100.99,5.44,33.1,14.4,36.83,0.67,0.68,77.53
2015-12-06,PHU CAT,13.767,109.217,3.59,26.22,27.26,25.41,23.29,26.92,83.87,17.78,101.1,9.23,16.4,8.97,36.92,0.68,0.68,91.72
2015-12-07,PHU CAT,13.767,109.217,15.33,25.88,26.22,25.48,23.24,26.54,85.31,17.71,101.14,9.35,16.4,5.68,36.82,0.75,0.69,99.41
2015-12-08,PHU CAT,13.767,109.217,14.24,26.37,27.01,25.9,24.39,26.53,88.81,19.02,100.96,6.08,24.7,7.16,37.28,0.78,0.71,90.05
2015-12-09,PHU CAT,13.767,109.217,2.12,26.14,27.73,24.99,24.01,26.62,88.04,18.62,100.91,5.6,1.4,16.53,36.81,0.73,0.71,54.29
2015-12-10,PHU CAT,13.767,109.217,1.16,25.9,26.7,25.47,22.82,26.36,83.08,17.3,100.91,6.31,17.7,10.81,36.69,0.71,0.7,63.92
2015-12-11,PHU CAT,13.767,109.217,0.51,26.34,27.28,25.7,22.57,26.5,79.73,17.04,100.86,4.41,57.9,13.38,35.65,0.7,0.7,35.99
2015-12-12,PHU CAT,13.767,109.217,0.03,26.23,27.42,25.45,22.41,26.6,79.54,16.88,100.85,3.0,74.0,18.32,34.51,0.69,0.69,12.63
2015-12-13,PHU CAT,13.767,109.217,0.06,26.09,27.3,25.08,22.47,26.79,80.47,16.93,100.9,4.09,38.1,18.3,34.27,0.68,0.69,14.38
2015-12-14,PHU CAT,13.767,109.217,0.64,26.01,26.65,25.53,22.39,26.58,80.45,16.86,100.9,6.0,13.5,18.49,34.24,0.67,0.68,15.63
2015-12-15,PHU CAT,13.767,109.217,1.01,26.38,27.55,25.44,22.17,26.48,77.72,16.61,100.99,7.25,30.6,17.1,35.38,0.67,0.68,56.58
2015-12-16,PHU CAT,13.767,109.217,2.69,24.67,26.35,23.13,20.83,25.79,79.2,15.28,101.17,10.9,17.8,10.93,35.64,0.67,0.67,98.74
2015-12-17,PHU CAT,13.767,109.217,3.51,23.44,24.03,22.99,19.66,24.89,79.34,14.17,101.36,10.74,8.3,11.03,35.07,0.68,0.67,90.0
2015-12-18,PHU CAT,13.767,109.217,3.97,24.46,25.25,23.95,20.48,25.16,78.56,14.92,101.33,8.92,18.3,11.08,35.39,0.68,0.67,98.03
2015-12-19,PHU CAT,13.767,109.217,24.81,24.57,25.05,24.28,21.89,25.13,84.99,16.29,101.25,9.48,19.2,6.41,35.81,0.8,0.7,98.89
2015-12-20,PHU CAT,13.767,109.217,21.39,24.91,25.21,24.48,23.19,25.17,90.15,17.68,101.04,8.51,17.7,5.24,35.86,0.84,0.73,99.36
2015-12-21,PHU CAT,13.767,109.217,9.02,25.51,25.64,25.31,23.94,25.45,90.88,18.49,101.06,5.24,37.0,5.74,36.5,0.81,0.75,96.29
2015-12-22,PHU CAT,13.767,109.217,0.42,25.38,26.63,24.51,23.7,25.42,90.52,18.22,101.17,3.83,24.2,15.0,36.05,0.76,0.75,72.93
2015-12-23,PHU CAT,13.767,109.217,0.28,25.71,26.79,25.03,23.67,25.82,88.46,18.2,101.06,3.27,38.2,14.44,35.45,0.75,0.74,54.09
2015-12-24,PHU CAT,13.767,109.217,0.13,25.26,26.48,24.22,22.57,25.77,85.01,17.01,101.13,3.4,74.4,19.24,34.42,0.75,0.73,50.43
2015-12-25,PHU CAT,13.767,109.217,0.47,25.43,26.44,24.58,22.37,25.82,83.21,16.78,101.19,5.9,28.8,13.66,35.96,0.74,0.73,78.5
2015-12-26,PHU CAT,13.767,109.217,0.49,25.55,26.53,24.9,22.24,25.5,81.92,16.64,101.25,5.04,39.4,14.84,34.99,0.73,0.72,91.1
2015-12-27,PHU CAT,13.767,109.217,0.44,25.27,26.2,24.42,21.64,25.33,80.25,15.99,101.46,5.78,32.6,17.18,34.09,0.72,0.71,30.75
2015-12-28,PHU CAT,13.767,109.217,0.59,25.22,26.05,24.66,21.27,25.24,78.76,15.63,101.57,6.07,41.9,16.87,34.29,0.72,0.71,41.09
2015-12-29,PHU CAT,13.767,109.217,0.6,25.37,26.27,24.51,21.53,25.27,79.29,15.9,101.39,5.85,44.4,14.91,34.95,0.71,0.7,50.4
2015-12-30,PHU CAT,13.767,109.217,0.81,25.28,26.34,24.68,21.83,25.27,81.17,16.2,101.39,7.35,35.8,16.49,34.95,0.7,0.7,39.86
2015-12-31,PHU CAT,13.767,109.217,1.15,24.76,25.83,23.87,20.99,25.08,79.55,15.37,101.48,8.84,27.5,12.92,35.9,0.69,0.69,78.44
2016-01-01,PHU CAT,13.767,109.217,2.25,24.56,25.3,24.05,21.73,25.06,84.29,16.1,101.45,8.57,16.5,12.72,36.35,0.7,0.69,86.13
2016-01-02,PHU CAT,13.767,109.217,2.46,24.56,25.62,23.81,22.85,25.07,90.17,17.27,101.28,6.5,356.9,7.38,36.3,0.71,0.69,65.18
2016-01-03,PHU CAT,13.767,109.217,1.38,24.82,25.79,24.14,23.39,25.09,91.75,17.87,101.21,4.79,8.0,9.35,36.37,0.7,0.69,62.6
2016-01-04,PHU CAT,13.767,109.217,0.15,24.99,26.1,24.29,23.27,25.21,90.19,17.75,101.16,2.6,78.4,16.46,35.31,0.68,0.69,26.56
2016-01-05,PHU CAT,13.767,109.217,0.02,25.43,26.68,24.63,22.49,25.41,83.85,16.93,101.1,2.08,82.7,19.0,34.25,0.67,0.68,11.95
2016-01-06,PHU CAT,13.767,109.217,1.46,25.27,26.48,24.58,23.02,25.48,87.41,17.47,101.21,4.23,46.2,18.93,34.9,0.67,0.68,27.44
2016-01-07,PHU CAT,13.767,109.217,3.05,25.27,26.24,24.67,22.44,25.32,84.28,16.84,101.27,5.32,63.6,13.63,35.39,0.68,0.68,79.64
2016-01-08,PHU CAT,13.767,109.217,2.11,25.21,26.12,24.57,21.55,25.03,80.1,15.96,101.2,4.81,67.3,12.79,34.97,0.68,0.67,44.86
2016-01-09,PHU CAT,13.767,109.217,0.75,25.19,26.15,24.63,21.33,25.04,79.17,15.75,101.13,4.61,96.6,16.57,34.61,0.66,0.67,28.73
2016-01-10,PHU CAT,13.767,109.217,0.04,25.16,26.49,23.96,21.61,25.19,80.92,16.06,100.99,3.36,144.2,17.87,33.94,0.65,0.67,53.35
2016-01-11,PHU CAT,13.767,109.217,0.1,25.33,26.86,24.38,22.33,25.39,83.57,16.78,101.0,2.31,111.6,18.6,34.85,0.64,0.66,32.21
2016-01-12,PHU CAT,13.767,109.217,0.36,25.52,26.61,24.78,22.28,25.38,82.23,16.71,101.02,3.11,56.2,15.07,35.52,0.64,0.66,55.31
2016-01-13,PHU CAT,13.767,109.217,0.82,25.35,26.39,24.6,22.36,25.3,83.53,16.81,101.0,4.29,75.6,15.39,35.53,0.63,0.65,45.2
2016-01-14,PHU CAT,13.767,109.217,1.14,25.52,26.54,24.93,22.94,25.42,85.63,17.43,100.92,3.44,86.0,17.05,35.16,0.63,0.65,21.69
2016-01-15,PHU CAT,13.767,109.217,0.02,25.67,26.99,24.61,23.06,25.61,85.56,17.59,100.7,2.51,137.8,17.55,35.57,0.62,0.65,47.25
2016-01-16,PHU CAT,13.767,109.217,0.05,25.53,27.06,24.27,23.29,25.58,87.55,17.86,100.65,3.0,156.7,16.14,36.0,0.61,0.64,75.23
2016-01-17,PHU CAT,13.767,109.217,0.73,25.91,27.4,25.02,23.96,25.8,89.18,18.61,100.6,3.57,147.1,16.85,36.04,0.61,0.64,65.28
2016-01-18,PHU CAT,13.767,109.217,2.23,25.2,26.03,24.64,23.52,25.58,90.39,18.08,100.78,3.9,34.5,10.85,37.04,0.62,0.64,68.25
2016-01-19,PHU CAT,13.767,109.217,0.76,25.31,26.34,24.57,23.44,25.72,89.37,17.96,100.96,2.98,41.1,11.86,36.93,0.61,0.64,55.24
2016-01-20,PHU CAT,13.767,109.217,0.33,25.61,26.89,24.81,23.52,25.81,88.32,18.04,101.06,2.57,84.6,17.41,35.63,0.6,0.63,33.45
2016-01-21,PHU CAT,13.767,109.217,0.29,25.75,26.88,25.06,23.42,26.01,87.01,17.94,100.99,2.54,85.0,19.7,34.62,0.59,0.63,13.01
2016-01-22,PHU CAT,13.767,109.217,0.36,26.13,27.41,25.19,23.18,26.15,83.97,17.67,101.09,2.22,83.2,20.69,34.53,0.59,0.62,8.49
2016-01-23,PHU CAT,13.767,109.217,5.13,24.18,27.28,22.1,21.26,25.42,83.76,15.77,101.46,9.37,11.7,17.17,36.04,0.62,0.62,73.81
2016-01-24,PHU CAT,13.767,109.217,5.26,21.29,23.0,20.24,17.91,24.1,81.11,12.65,101.88,12.75,7.4,6.43,34.88,0.64,0.63,99.06
2016-01-25,PHU CAT,13.767,109.217,3.13,21.74,22.48,21.08,18.13,23.83,79.94,12.83,101.75,10.33,17.8,8.81,34.82,0.63,0.63,97.15
2016-01-26,PHU CAT,13.767,109.217,0.37,23.02,23.48,22.61,20.11,24.32,83.78,14.58,101.45,8.45,5.4,7.21,35.02,0.6,0.63,84.98
2016-01-27,PHU CAT,13.767,109.217,0.75,23.24,24.08,22.79,21.13,24.47,87.97,15.55,101.25,7.55,352.9,6.84,35.96,0.6,0.63,69.88
2016-01-28,PHU CAT,13.767,109.217,0.3,24.42,25.46,23.33,22.79,25.01,90.66,17.26,101.01,3.59,13.9,9.74,36.66,0.6,0.62,63.09
2016-01-29,PHU CAT,13.767,109.217,0.2,24.79,26.06,23.99,23.25,25.11,91.16,17.73,101.04,3.58,31.6,15.55,35.76,0.59,0.62,43.1
2016-01-30,PHU CAT,13.767,109.217,0.12,25.02,26.34,24.18,23.0,25.04,88.65,17.47,101.03,3.31,60.9,16.95,35.53,0.58,0.62,40.79
2016-01-31,PHU CAT,13.767,109.217,0.12,25.18,26.43,24.26,22.64,25.07,85.79,17.09,101.01,3.13,61.6,18.58,34.71,0.57,0.61,23.54
2016-02-01,PHU CAT,13.767,109.217,0.4,24.39,26.22,22.07,21.83,24.89,85.89,16.28,101.13,6.96,0.3,18.99,35.75,0.57,0.61,62.54
2016-02-02,PHU CAT,13.767,109.217,1.18,23.13,24.32,22.3,20.57,24.25,85.61,15.04,101.25,9.99,359.0,9.89,35.61,0.58,0.61,97.01
2016-02-03,PHU CAT,13.767,109.217,0.22,23.95,24.53,23.37,20.6,24.31,81.5,15.04,101.23,7.61,21.5,12.17,35.47,0.57,0.6,87.7
2016-02-04,PHU CAT,13.767,109.217,0.24,24.07,25.08,23.47,20.61,24.21,81.08,15.06,101.17,7.33,18.5,13.26,35.49,0.56,0.6,77.35
2016-02-05,PHU CAT,13.767,109.217,0.37,23.34,24.63,22.35,19.59,24.06,79.44,14.12,101.22,9.73,13.9,10.72,35.3,0.56,0.6,98.51
2016-02-06,PHU CAT,13.767,109.217,0.29,21.62,23.02,20.38,17.25,23.44,76.25,12.18,101.5,11.71,5.6,9.28,34.06,0.55,0.59,80.98
2016-02-07,PHU CAT,13.767,109.217,0.16,21.29,22.09,20.58,16.05,22.94,72.05,11.26,101.56,10.26,9.2,11.82,33.6,0.55,0.59,75.03
2016-02-08,PHU CAT,13.767,109.217,0.39,22.01,22.49,21.6,18.49,23.13,80.51,13.18,101.28,7.97,9.0,12.34,34.03,0.55,0.59,84.4
2016-02-09,PHU CAT,13.767,109.217,0.14,22.84,23.76,22.33,19.26,23.67,80.26,13.85,101.13,5.94,10.1,16.18,33.91,0.55,0.59,78.79
2016-02-10,PHU CAT,13.767,109.217,0.03,23.87,25.03,23.19,20.63,24.18,82.2,15.11,100.99,2.93,32.8,21.26,33.71,0.54,0.58,61.7
2016-02-11,PHU CAT,13.767,109.217,0.03,24.51,25.95,23.62,22.6,24.62,89.3,17.08,100.93,2.55,115.6,18.11,33.77,0.53,0.58,86.09
2016-02-12,PHU CAT,13.767,109.217,0.0,24.74,26.32,23.61,22.72,24.78,88.78,17.21,100.87,3.79,151.1,21.39,32.95,0.53,0.57,53.02
2016-02-13,PHU CAT,13.767,109.217,0.0,25.02,27.07,23.42,22.64,24.78,87.08,17.13,100.89,3.81,165.9,19.51,33.95,0.52,0.57,78.92
2016-02-14,PHU CAT,13.767,109.217,0.02,24.9,26.58,23.7,23.11,24.87,90.1,17.62,101.03,3.13,155.8,21.59,33.45,0.52,0.57,17.15
2016-02-15,PHU CAT,13.767,109.217,1.58,24.46,25.89,23.43,22.23,24.78,87.56,16.64,101.32,5.92,16.2,18.78,35.57,0.53,0.57,59.38
2016-02-16,PHU CAT,13.767,109.217,2.17,24.12,25.35,23.25,20.92,24.37,82.25,15.31,101.44,7.08,39.8,6.41,36.32,0.55,0.57,91.74
2016-02-17,PHU CAT,13.767,109.217,0.56,24.09,25.28,23.37,20.16,24.56,78.69,14.6,101.41,5.83,37.5,15.44,35.26,0.53,0.56,63.45
2016-02-18,PHU CAT,13.767,109.217,0.28,24.21,25.29,23.45,19.86,24.74,76.61,14.35,101.3,4.61,51.1,19.69,33.24,0.52,0.56,30.35
2016-02-19,PHU CAT,13.767,109.217,0.05,24.48,25.68,23.72,19.54,24.92,74.08,14.07,101.33,4.32,50.1,21.19,32.94,0.51,0.56,29.49
2016-02-20,PHU CAT,13.767,109.217,0.6,23.97,25.69,23.02,20.7,24.98,82.17,15.12,101.39,6.74,19.0,17.18,35.4,0.51,0.55,73.44
2016-02-21,PHU CAT,13.767,109.217,0.27,24.57,25.5,23.86,20.83,24.96,79.6,15.24,101.32,4.07,66.0,6.87,35.85,0.51,0.55,71.81
2016-02-22,PHU CAT,13.767,109.217,0.03,24.99,26.49,23.79,20.73,25.21,77.31,15.15,101.29,2.97,66.1,19.75,33.84,0.5,0.55,22.89
2016-02-23,PHU CAT,13.767,109.217,0.32,24.65,25.82,23.98,21.3,25.07,81.79,15.7,101.32,5.62,31.3,20.53,34.95,0.5,0.55,41.0
2016-02-24,PHU CAT,13.767,109.217,1.34,24.21,25.5,23.33,21.42,24.74,84.41,15.78,101.48,9.25,22.6,14.23,35.96,0.51,0.54,81.62
2016-02-25,PHU CAT,13.767,109.217,2.7,23.9,24.46,23.58,21.35,24.42,85.64,15.7,101.57,9.53,23.7,8.0,35.57,0.53,0.55,93.86
2016-02-26,PHU CAT,13.767,109.217,3.11,23.22,24.48,22.13,20.75,24.2,86.06,15.15,101.55,9.95,6.3,10.8,35.76,0.54,0.55,91.79
2016-02-27,PHU CAT,13.767,109.217,1.28,22.68,23.68,22.17,19.98,23.87,84.75,14.43,101.56,9.02,5.4,7.74,36.03,0.53,0.55,97.83
2016-02-28,PHU CAT,13.767,109.217,0.29,22.91,24.04,21.87,19.26,23.96,79.89,13.78,101.6,8.32,11.7,13.61,35.41,0.51,0.55,85.71
2016-02-29,PHU CAT,13.767,109.217,0.39,22.13,23.46,21.21,18.12,23.78,78.33,12.86,101.58,8.87,1.6,13.6,34.47,0.5,0.54,91.16
2016-03-01,PHU CAT,13.767,109.217,0.88,23.21,24.43,22.26,20.18,24.08,83.26,14.65,101.35,7.31,8.5,18.04,35.09,0.51,0.54,71.26
2016-03-02,PHU CAT,13.767,109.217,0.62,23.85,24.95,23.2,20.12,24.2,79.6,14.58,101.36,6.44,30.4,10.38,35.48,0.5,0.54,95.03
2016-03-03,PHU CAT,13.767,109.217,0.09,23.66,25.17,22.52,19.76,24.03,79.01,14.27,101.28,4.51,22.6,21.93,33.37,0.49,0.54,25.63
2016-03-04,PHU CAT,13.767,109.217,0.03,23.96,25.46,22.82,20.5,24.28,81.19,14.98,101.08,2.86,43.6,22.7,33.07,0.49,0.53,16.73
2016-03-05,PHU CAT,13.767,109.217,0.02,24.29,25.82,23.01,20.79,24.36,80.98,15.26,101.01,2.61,56.9,23.83,33.02,0.48,0.53,12.33
2016-03-06,PHU CAT,13.767,109.217,0.02,23.92,25.43,22.93,20.21,24.26,79.86,14.72,101.02,2.68,56.5,22.1,33.35,0.48,0.53,24.87
2016-03-07,PHU CAT,13.767,109.217,0.03,23.92,25.61,22.5,20.63,24.31,82.23,15.15,100.85,2.79,139.6,23.47,32.81,0.47,0.52,8.79
2016-03-08,PHU CAT,13.767,109.217,0.03,24.16,25.92,22.99,21.45,24.32,85.16,15.96,100.71,4.45,158.6,24.02,32.72,0.47,0.52,6.97
2016-03-09,PHU CAT,13.767,109.217,0.04,24.66,26.52,23.4,22.28,24.54,87.01,16.8,100.7,4.7,160.8,21.94,33.9,0.47,0.52,16.62
2016-03-10,PHU CAT,13.767,109.217,0.55,24.62,26.79,22.33,21.95,24.81,85.25,16.44,100.96,5.21,79.3,20.4,36.69,0.47,0.52,63.95
2016-03-11,PHU CAT,13.767,109.217,1.71,23.35,24.82,22.36,21.38,24.05,88.78,15.81,101.14,6.39,353.1,8.46,37.52,0.49,0.52,94.08
2016-03-12,PHU CAT,13.767,109.217,0.09,23.93,25.32,23.1,22.52,24.12,91.88,16.99,100.93,2.7,71.1,19.94,35.59,0.48,0.52,47.81
2016-03-13,PHU CAT,13.767,109.217,0.01,24.28,26.17,22.83,21.87,24.33,86.76,16.34,100.91,3.46,165.2,22.41,34.68,0.46,0.51,11.49
2016-03-14,PHU CAT,13.767,109.217,0.26,23.58,25.26,22.07,21.7,24.12,89.25,16.15,101.01,4.86,2.9,11.21,37.69,0.46,0.51,86.5
2016-03-15,PHU CAT,13.767,109.217,0.06,23.65,24.84,22.77,21.9,24.0,89.93,16.36,100.86,2.27,47.6,16.7,35.68,0.46,0.51,35.39
2016-03-16,PHU CAT,13.767,109.217,0.0,24.58,26.52,23.19,21.99,24.72,86.01,16.5,100.77,3.92,160.5,22.17,34.56,0.45,0.5,5.29
2016-03-17,PHU CAT,13.767,109.217,0.0,24.75,26.7,23.32,22.45,24.73,87.51,16.97,100.75,4.32,161.8,23.53,33.79,0.44,0.5,4.27
2016-03-18,PHU CAT,13.767,109.217,0.0,24.6,26.84,22.96,22.03,24.57,86.27,16.58,100.67,5.32,166.6,24.84,33.08,0.44,0.5,2.77
2016-03-19,PHU CAT,13.767,109.217,0.0,24.83,26.84,23.5,22.39,24.73,86.94,16.94,100.71,5.07,158.3,24.4,33.68,0.44,0.5,19.64
2016-03-20,PHU CAT,13.767,109.217,0.0,24.67,26.71,23.12,22.2,24.57,86.71,16.73,100.72,5.05,159.4,25.26,33.05,0.43,0.49,8.4
2016-03-21,PHU CAT,13.767,109.217,0.0,25.1,27.11,23.61,22.22,24.95,84.55,16.75,100.61,4.92,158.5,23.83,33.07,0.43,0.49,8.72
2016-03-22,PHU CAT,13.767,109.217,0.03,25.25,27.16,23.82,22.52,25.17,85.36,17.07,100.58,5.09,160.5,23.77,33.22,0.42,0.49,4.9
2016-03-23,PHU CAT,13.767,109.217,0.01,25.44,27.5,23.85,22.32,25.39,83.3,16.83,100.73,5.33,161.5,23.15,34.14,0.41,0.49,33.72
2016-03-24,PHU CAT,13.767,109.217,0.09,25.11,27.02,22.85,22.21,25.42,84.2,16.66,101.05,4.1,81.9,16.81,36.3,0.4,0.49,75.45
2016-03-25,PHU CAT,13.767,109.217,0.64,23.57,25.15,22.72,20.63,24.62,83.59,15.05,101.45,8.85,1.2,9.32,37.03,0.41,0.49,95.28
2016-03-26,PHU CAT,13.767,109.217,0.29,23.52,24.86,22.68,20.21,24.49,81.73,14.64,101.46,7.31,16.8,11.23,36.76,0.41,0.49,97.39
2016-03-27,PHU CAT,13.767,109.217,0.71,23.26,24.28,22.71,19.19,23.97,77.83,13.73,101.53,7.68,18.3,10.29,36.23,0.41,0.48,92.67
2016-03-28,PHU CAT,13.767,109.217,0.36,23.69,24.7,22.87,18.85,24.08,74.27,13.45,101.44,5.33,27.0,16.36,35.83,0.41,0.48,85.5
2016-03-29,PHU CAT,13.767,109.217,0.01,23.73,25.22,22.5,19.05,24.19,75.33,13.65,101.33,3.96,29.4,17.21,34.09,0.38,0.48,34.72
2016-03-30,PHU CAT,13.767,109.217,0.05,24.41,25.84,23.53,21.53,24.68,84.27,15.98,101.14,1.7,90.8,24.08,33.7,0.35,0.48,18.41
2016-03-31,PHU CAT,13.767,109.217,0.01,25.01,26.61,23.61,22.05,24.93,83.86,16.5,100.96,2.0,104.9,23.77,34.24,0.33,0.48,19.59
2016-04-01,PHU CAT,13.767,109.217,0.22,25.09,26.7,23.99,22.45,25.19,85.6,16.95,100.83,2.85,126.7,24.43,33.96,0.32,0.48,23.64
2016-04-02,PHU CAT,13.767,109.217,0.03,25.36,27.07,24.18,23.04,25.38,87.47,17.57,100.9,3.22,140.2,23.84,34.25,0.31,0.48,37.22
2016-04-03,PHU CAT,13.767,109.217,0.11,25.68,27.46,24.41,23.03,25.65,85.88,17.58,100.83,3.88,155.5,22.04,34.2,0.3,0.48,55.37
2016-04-04,PHU CAT,13.767,109.217,0.1,25.71,27.29,24.71,23.11,25.48,86.01,17.69,100.72,3.96,158.7,22.42,34.64,0.29,0.48,64.66
2016-04-05,PHU CAT,13.767,109.217,0.03,25.45,26.83,24.34,23.14,25.18,87.26,17.68,100.73,3.8,156.6,18.62,35.72,0.29,0.48,92.6
2016-04-06,PHU CAT,13.767,109.217,0.02,25.41,27.28,23.95,22.89,25.33,86.32,17.42,100.76,4.23,157.4,21.21,35.29,0.29,0.48,41.63
2016-04-07,PHU CAT,13.767,109.217,0.06,25.66,27.68,24.45,23.21,25.53,86.9,17.78,100.75,4.51,154.3,22.7,35.37,0.28,0.48,23.78
2016-04-08,PHU CAT,13.767,109.217,0.02,25.58,27.53,24.2,22.87,25.65,85.64,17.44,100.76,3.47,150.0,23.77,34.81,0.27,0.48,17.86
2016-04-09,PHU CAT,13.767,109.217,0.02,25.76,27.58,24.36,22.76,25.87,83.97,17.31,100.7,4.34,153.7,25.19,34.04,0.27,0.47,9.43
2016-04-10,PHU CAT,13.767,109.217,0.0,26.57,28.98,25.21,23.7,26.44,84.78,18.36,100.48,5.43,156.9,22.17,36.19,0.26,0.47,11.6
2016-04-11,PHU CAT,13.767,109.217,0.0,26.74,28.88,25.49,24.18,26.45,86.27,18.91,100.36,5.0,150.4,21.45,37.27,0.25,0.47,51.87
2016-04-12,PHU CAT,13.767,109.217,0.0,26.29,28.17,25.24,23.99,25.98,87.8,18.77,100.32,4.98,160.5,19.8,37.24,0.25,0.47,70.53
2016-04-13,PHU CAT,13.767,109.217,0.02,27.04,29.79,25.44,24.14,26.64,84.78,18.92,100.2,6.08,159.8,21.94,36.6,0.25,0.47,12.15
2016-04-14,PHU CAT,13.767,109.217,0.0,27.37,30.87,25.51,24.03,26.85,83.38,18.81,100.35,5.44,155.8,23.78,37.05,0.24,0.47,27.42
2016-04-15,PHU CAT,13.767,109.217,0.0,27.06,29.76,25.66,24.37,26.8,86.06,19.15,100.47,5.5,150.4,23.76,37.11,0.24,0.47,25.06
2016-04-16,PHU CAT,13.767,109.217,0.41,26.77,29.18,25.24,24.46,26.55,87.68,19.22,100.51,5.31,153.2,22.33,36.93,0.24,0.47,59.65
2016-04-17,PHU CAT,13.767,109.217,0.34,26.97,29.1,25.84,24.09,26.88,85.35,18.88,100.57,3.94,149.6,22.7,35.79,0.25,0.47,77.93
2016-04-18,PHU CAT,13.767,109.217,1.1,27.01,29.54,25.79,24.67,26.42,87.79,19.46,100.75,2.35,140.2,22.17,36.61,0.27,0.47,67.66
2016-04-19,PHU CAT,13.767,109.217,0.67,26.51,27.89,25.54,23.96,26.75,86.19,18.58,100.91,2.32,102.6,23.1,35.61,0.3,0.48,22.99
2016-04-20,PHU CAT,13.767,109.217,0.63,26.87,28.48,25.61,24.42,27.07,86.81,19.12,100.81,2.7,112.4,24.53,36.03,0.31,0.48,28.5
2016-04-21,PHU CAT,13.767,109.217,0.05,26.78,28.55,25.65,24.22,26.86,86.18,18.92,100.68,4.03,151.4,25.03,35.29,0.31,0.48,16.64
2016-04-22,PHU CAT,13.767,109.217,0.06,27.38,29.62,26.12,24.45,27.13,84.71,19.23,100.53,4.55,148.7,24.36,36.07,0.29,0.48,17.58
2016-04-23,PHU CAT,13.767,109.217,0.14,27.16,29.02,25.91,24.67,26.88,86.71,19.48,100.44,5.04,152.8,21.49,36.57,0.29,0.47,43.15
2016-04-24,PHU CAT,13.767,109.217,0.08,27.36,29.84,25.83,24.31,27.12,84.24,19.08,100.4,4.83,152.7,22.99,36.7,0.28,0.47,24.26
2016-04-25,PHU CAT,13.767,109.217,0.02,27.21,29.2,25.84,24.47,27.21,85.58,19.24,100.56,4.02,154.4,22.65,36.64,0.27,0.47,27.93
2016-04-26,PHU CAT,13.767,109.217,0.3,27.37,29.38,26.12,24.76,27.34,86.26,19.6,100.49,4.81,156.1,23.11,36.71,0.27,0.47,26.22
2016-04-27,PHU CAT,13.767,109.217,1.84,27.83,30.2,26.52,25.15,27.65,85.99,20.08,100.34,4.41,144.6,21.9,38.11,0.3,0.47,62.59
2016-04-28,PHU CAT,13.767,109.217,2.1,27.58,29.22,26.44,25.5,27.49,88.77,20.46,100.52,3.51,145.2,21.1,37.42,0.37,0.48,71.54
2016-04-29,PHU CAT,13.767,109.217,0.38,27.24,28.7,26.08,24.66,27.35,85.99,19.41,100.67,2.83,138.6,20.28,36.69,0.38,0.48,75.64
2016-04-30,PHU CAT,13.767,109.217,0.17,27.6,29.09,26.43,24.0,27.79,81.3,18.72,100.58,3.56,142.8,21.81,36.67,0.35,0.48,68.28
2016-05-01,PHU CAT,13.767,109.217,2.51,28.03,29.78,26.74,25.24,27.94,85.28,20.16,100.5,5.13,156.6,23.26,37.01,0.36,0.48,55.35
2016-05-02,PHU CAT,13.767,109.217,2.25,28.15,30.05,26.89,25.41,27.93,85.62,20.35,100.53,4.84,150.9,23.0,37.23,0.43,0.48,40.83
2016-05-03,PHU CAT,13.767,109.217,3.64,27.98,29.41,26.99,25.78,27.91,88.1,20.78,100.59,3.59,146.1,23.33,36.94,0.47,0.48,59.35
2016-05-04,PHU CAT,13.767,109.217,5.49,28.38,30.12,27.15,25.62,28.39,85.66,20.65,100.55,3.66,144.3,24.29,36.85,0.49,0.49,29.96
2016-05-05,PHU CAT,13.767,109.217,3.86,28.09,29.72,26.77,25.72,28.14,87.33,20.74,100.53,3.48,158.8,24.93,36.4,0.53,0.5,49.54
2016-05-06,PHU CAT,13.767,109.217,0.17,28.19,30.1,26.64,25.48,28.35,85.81,20.49,100.48,3.75,153.2,25.51,36.31,0.47,0.49,61.26
2016-05-07,PHU CAT,13.767,109.217,0.23,28.53,30.22,27.46,26.05,28.6,87.05,21.2,100.51,3.49,143.8,25.4,36.8,0.44,0.49,15.06
2016-05-08,PHU CAT,13.767,109.217,0.26,28.55,30.3,27.18,25.75,28.54,85.3,20.79,100.56,4.12,151.1,25.37,36.63,0.43,0.49,9.78
2016-05-09,PHU CAT,13.767,109.217,0.26,28.95,30.67,27.66,25.9,28.74,84.08,20.99,100.47,4.32,155.8,24.74,37.27,0.42,0.48,30.22
2016-05-10,PHU CAT,13.767,109.217,0.43,29.03,30.83,27.79,25.7,28.56,82.6,20.76,100.34,5.28,154.2,23.56,37.87,0.42,0.48,30.57
2016-05-11,PHU CAT,13.767,109.217,1.84,28.76,30.29,27.56,25.81,28.65,84.27,20.87,100.28,3.98,150.0,23.24,37.55,0.43,0.48,60.56
2016-05-12,PHU CAT,13.767,109.217,1.35,28.64,30.29,27.33,25.76,28.39,84.76,20.82,100.32,4.27,154.3,22.72,37.37,0.45,0.48,75.44
2016-05-13,PHU CAT,13.767,109.217,0.74,28.69,30.56,27.48,25.38,28.73,82.91,20.35,100.54,3.45,131.7,18.98,37.66,0.41,0.48,87.78
2016-05-14,PHU CAT,13.767,109.217,0.29,28.86,30.37,27.78,25.15,29.12,80.58,20.01,100.67,2.78,74.5,23.16,36.9,0.39,0.48,41.18
2016-05-15,PHU CAT,13.767,109.217,1.0,28.81,30.2,27.98,24.73,29.37,78.95,19.55,100.58,4.27,28.7,24.75,36.47,0.36,0.48,70.42
2016-05-16,PHU CAT,13.767,109.217,1.36,28.57,30.37,27.14,24.71,29.47,80.11,19.52,100.55,5.44,13.6,22.4,37.03,0.38,0.48,42.41
2016-05-17,PHU CAT,13.767,109.217,2.11,28.77,29.79,27.73,24.86,29.62,79.49,19.67,100.54,3.5,60.5,23.31,37.25,0.39,0.48,53.94
2016-05-18,PHU CAT,13.767,109.217,6.78,29.09,30.29,28.02,25.12,29.7,79.33,20.0,100.49,3.41,132.8,21.33,37.78,0.49,0.49,88.47
2016-05-19,PHU CAT,13.767,109.217,15.48,29.36,30.53,28.29,25.46,29.72,79.79,20.45,100.32,4.75,154.8,22.04,37.98,0.6,0.5,81.38
2016-05-20,PHU CAT,13.767,109.217,8.83,29.3,30.75,28.07,26.21,29.28,83.67,21.42,100.18,5.07,174.6,20.3,37.67,0.61,0.52,99.17
2016-05-21,PHU CAT,13.767,109.217,55.98,29.49,31.41,28.31,26.6,29.38,84.83,21.89,100.31,2.87,146.0,20.04,38.08,0.72,0.56,99.45
2016-05-22,PHU CAT,13.767,109.217,5.51,28.68,29.23,28.11,26.43,28.88,87.66,21.66,100.35,3.42,164.5,17.16,38.16,0.68,0.63,97.81
2016-05-23,PHU CAT,13.767,109.217,5.66,29.13,30.24,28.32,25.76,29.41,82.11,20.8,100.33,4.72,155.2,22.97,37.58,0.62,0.63,84.6
2016-05-24,PHU CAT,13.767,109.217,10.89,28.9,29.84,28.19,26.15,29.22,85.15,21.34,100.13,4.61,160.9,22.36,37.89,0.69,0.64,88.62
2016-05-25,PHU CAT,13.767,109.217,9.27,28.88,30.29,28.0,25.76,29.14,83.31,20.83,100.16,4.34,187.8,18.79,37.55,0.68,0.65,98.99
2016-05-26,PHU CAT,13.767,109.217,7.16,28.82,30.13,27.88,25.93,29.07,84.46,21.03,100.22,4.61,179.5,13.81,37.88,0.69,0.66,99.73
2016-05-27,PHU CAT,13.767,109.217,7.15,28.78,30.09,27.71,26.02,29.06,85.07,21.12,100.35,5.61,187.0,16.08,38.33,0.7,0.66,97.87
2016-05-28,PHU CAT,13.767,109.217,13.39,29.09,30.47,27.56,25.64,29.39,81.94,20.66,100.36,4.43,180.1,19.04,38.26,0.72,0.67,93.08
2016-05-29,PHU CAT,13.767,109.217,6.03,28.7,29.89,28.0,25.73,29.1,84.06,20.76,100.34,4.14,169.2,23.56,38.0,0.73,0.69,47.85
2016-05-30,PHU CAT,13.767,109.217,4.89,29.15,30.59,28.02,25.97,29.35,83.12,21.05,100.42,4.92,174.6,25.58,37.57,0.71,0.69,25.65
2016-05-31,PHU CAT,13.767,109.217,4.07,29.08,30.52,28.12,25.92,29.42,83.34,20.97,100.52,5.83,170.5,25.44,37.29,0.7,0.68,48.0
2016-06-01,PHU CAT,13.767,109.217,3.32,29.17,31.22,27.34,25.91,29.43,83.01,20.99,100.44,4.87,173.6,25.37,37.9,0.7,0.68,41.01
2016-06-02,PHU CAT,13.767,109.217,1.83,29.24,30.99,27.9,25.7,29.4,81.53,20.76,100.32,4.86,187.0,25.69,37.16,0.69,0.68,15.26
2016-06-03,PHU CAT,13.767,109.217,1.97,29.56,31.53,27.74,25.74,29.55,80.28,20.8,100.37,4.3,194.4,25.21,37.42,0.69,0.68,66.49
2016-06-04,PHU CAT,13.767,109.217,1.34,29.66,31.58,28.23,25.82,29.64,80.15,20.89,100.38,3.75,188.8,25.69,37.57,0.68,0.68,29.08
2016-06-05,PHU CAT,13.767,109.217,1.19,29.59,31.04,28.37,25.75,29.61,80.1,20.79,100.4,3.13,188.1,24.6,37.98,0.68,0.67,45.32
2016-06-06,PHU CAT,13.767,109.217,1.8,29.35,30.98,27.87,25.82,29.61,81.56,20.88,100.41,4.6,184.6,24.68,37.62,0.68,0.67,55.38
2016-06-07,PHU CAT,13.767,109.217,1.22,29.67,31.59,27.94,25.65,29.61,79.14,20.65,100.4,4.19,218.2,25.21,37.15,0.67,0.67,72.73
2016-06-08,PHU CAT,13.767,109.217,2.06,29.47,31.35,27.94,25.73,29.56,80.7,20.81,100.28,4.46,194.1,20.62,37.78,0.66,0.67,96.61
2016-06-09,PHU CAT,13.767,109.217,0.41,29.87,32.55,28.17,25.36,29.68,77.25,20.37,100.24,3.6,188.6,20.96,37.51,0.65,0.66,94.21
2016-06-10,PHU CAT,13.767,109.217,2.0,30.12,32.49,28.21,26.02,29.89,79.29,21.19,100.28,2.88,193.3,24.47,37.64,0.64,0.66,75.69
2016-06-11,PHU CAT,13.767,109.217,2.32,29.93,32.43,28.03,26.14,29.7,80.62,21.32,100.31,3.21,208.8,24.67,38.04,0.65,0.66,69.08
2016-06-12,PHU CAT,13.767,109.217,1.98,29.71,31.68,27.96,25.94,29.81,80.62,21.07,100.32,4.71,187.8,24.76,37.69,0.65,0.66,70.41
2016-06-13,PHU CAT,13.767,109.217,2.54,30.03,32.66,28.14,25.8,29.81,78.58,20.92,100.2,5.0,203.9,23.68,37.68,0.64,0.65,79.68
2016-06-14,PHU CAT,13.767,109.217,0.91,29.87,32.14,27.83,25.19,29.58,76.43,20.16,100.16,5.19,220.1,25.06,38.04,0.63,0.65,54.39
2016-06-15,PHU CAT,13.767,109.217,1.93,29.92,32.23,28.18,25.85,29.89,79.26,20.97,100.18,4.67,195.0,25.37,37.84,0.63,0.65,53.31
2016-06-16,PHU CAT,13.767,109.217,5.23,29.22,31.29,27.74,25.41,29.59,80.3,20.41,100.24,5.07,186.6,24.91,37.71,0.65,0.65,31.2
2016-06-17,PHU CAT,13.767,109.217,4.48,28.86,30.77,27.85,25.27,29.33,81.33,20.21,100.43,4.53,165.1,25.08,36.82,0.66,0.65,15.03
2016-06-18,PHU CAT,13.767,109.217,1.95,28.95,30.4,27.74,25.03,29.38,79.55,19.88,100.53,4.09,141.1,25.61,36.81,0.64,0.65,41.04
2016-06-19,PHU CAT,13.767,109.217,4.44,28.44,29.1,27.56,23.74,28.81,75.93,18.43,100.48,2.5,160.3,14.19,36.96,0.67,0.66,99.11
2016-06-20,PHU CAT,13.767,109.217,2.31,28.11,29.77,26.78,23.98,29.02,78.65,18.7,100.36,4.12,168.0,20.48,36.89,0.64,0.65,96.33
2016-06-21,PHU CAT,13.767,109.217,6.54,28.09,28.74,27.44,24.52,28.9,81.1,19.33,100.35,4.73,153.2,20.5,37.45,0.67,0.65,95.3
2016-06-22,PHU CAT,13.767,109.217,27.37,27.96,28.8,27.33,25.1,28.68,84.47,19.99,100.32,3.93,141.8,19.05,37.17,0.78,0.67,98.18
2016-06-23,PHU CAT,13.767,109.217,26.09,28.03,29.24,27.18,24.8,28.61,82.73,19.65,100.27,4.37,163.8,18.7,37.58,0.85,0.72,89.1
2016-06-24,PHU CAT,13.767,109.217,15.27,28.24,30.04,27.19,24.87,28.59,82.16,19.73,100.25,4.19,216.2,21.44,37.61,0.81,0.74,94.95
2016-06-25,PHU CAT,13.767,109.217,20.35,27.87,29.35,27.02,24.71,28.54,83.0,19.52,100.34,2.11,218.5,12.44,37.57,0.84,0.76,99.5
2016-06-26,PHU CAT,13.767,109.217,42.68,27.09,27.67,26.62,24.69,28.14,86.72,19.53,100.17,2.68,71.4,13.61,37.55,0.92,0.81,98.47
2016-06-27,PHU CAT,13.767,109.217,8.33,27.72,28.94,26.86,24.59,28.08,83.07,19.43,100.07,4.22,203.5,14.97,37.0,0.85,0.83,98.0
2016-06-28,PHU CAT,13.767,109.217,15.6,27.59,28.57,27.1,25.09,28.1,86.29,20.0,100.21,5.5,168.7,16.19,36.97,0.87,0.84,99.49
2016-06-29,PHU CAT,13.767,109.217,3.82,28.17,29.76,26.99,25.19,28.36,84.18,20.11,100.43,5.78,168.8,21.32,37.29,0.83,0.84,88.47
2016-06-30,PHU CAT,13.767,109.217,0.29,28.21,29.76,27.19,25.32,28.22,84.68,20.26,100.44,4.89,180.1,24.04,37.37,0.82,0.83,78.84
2016-07-01,PHU CAT,13.767,109.217,0.41,28.77,30.1,27.69,25.85,28.81,84.39,20.93,100.34,5.31,172.9,22.68,37.67,0.82,0.82,74.94
2016-07-02,PHU CAT,13.767,109.217,0.67,28.71,30.37,27.12,25.22,28.33,81.55,20.11,100.46,3.66,215.4,24.09,37.42,0.81,0.82,70.84
2016-07-03,PHU CAT,13.767,109.217,1.07,28.22,29.86,26.67,25.19,28.06,83.74,20.09,100.42,4.09,215.3,23.02,37.08,0.81,0.81,91.7
2016-07-04,PHU CAT,13.767,109.217,3.57,28.37,31.34,26.39,25.16,28.11,83.1,20.1,100.22,3.54,211.7,23.6,37.37,0.82,0.81,75.42
2016-07-05,PHU CAT,13.767,109.217,3.45,27.85,29.84,26.28,24.34,27.91,81.28,19.12,100.2,2.89,245.1,20.45,37.07,0.82,0.81,97.21
2016-07-06,PHU CAT,13.767,109.217,0.45,28.11,30.37,26.25,23.69,28.18,77.09,18.4,100.2,4.33,240.9,15.14,37.24,0.8,0.8,92.7
2016-07-07,PHU CAT,13.767,109.217,3.58,28.45,30.96,27.24,24.29,28.66,78.82,19.11,100.23,3.56,179.3,24.0,37.57,0.81,0.8,74.08
2016-07-08,PHU CAT,13.767,109.217,2.59,28.81,31.2,27.24,25.24,28.58,81.28,20.22,100.08,3.98,231.4,20.13,37.93,0.81,0.8,85.01
2016-07-09,PHU CAT,13.767,109.217,3.35,28.94,31.35,27.29,24.87,28.68,78.93,19.78,100.0,4.96,238.9,23.05,37.37,0.81,0.8,84.28
2016-07-10,PHU CAT,13.767,109.217,10.85,28.36,30.04,27.14,25.16,28.51,82.9,20.13,100.0,4.9,225.3,24.41,37.07,0.84,0.8,79.61
2016-07-11,PHU CAT,13.767,109.217,3.79,28.74,30.78,27.22,25.28,28.69,81.73,20.26,100.08,5.21,216.9,20.98,37.63,0.81,0.81,88.26
2016-07-12,PHU CAT,13.767,109.217,2.32,28.64,30.71,27.11,24.93,28.46,80.48,19.82,100.16,4.44,220.1,21.25,37.35,0.81,0.8,91.22
2016-07-13,PHU CAT,13.767,109.217,3.65,29.15,31.42,27.26,25.35,28.77,80.32,20.36,100.1,4.07,205.3,24.95,37.66,0.8,0.8,38.78
2016-07-14,PHU CAT,13.767,109.217,3.34,28.81,30.68,27.54,25.9,28.76,84.59,21.01,100.25,4.48,172.6,24.85,37.95,0.8,0.79,32.02
2016-07-15,PHU CAT,13.767,109.217,0.57,28.81,30.41,27.67,26.06,28.68,85.29,21.19,100.32,4.41,173.3,25.81,36.67,0.8,0.79,16.85
2016-07-16,PHU CAT,13.767,109.217,0.69,28.89,30.5,27.79,26.07,28.75,84.94,21.18,100.44,4.65,167.2,24.67,37.31,0.79,0.79,18.91
2016-07-17,PHU CAT,13.767,109.217,1.08,28.75,30.02,27.71,26.18,28.46,86.12,21.32,100.36,4.75,170.9,24.67,37.67,0.79,0.78,52.68
2016-07-18,PHU CAT,13.767,109.217,0.98,28.17,29.5,27.19,26.07,28.05,88.43,21.21,100.26,5.62,176.8,24.28,37.28,0.79,0.78,63.31
2016-07-19,PHU CAT,13.767,109.217,0.31,28.27,29.85,27.34,25.79,28.17,86.61,20.85,100.32,5.71,163.0,24.91,36.88,0.78,0.77,59.19
2016-07-20,PHU CAT,13.767,109.217,1.17,28.17,29.54,27.14,25.34,28.16,84.82,20.27,100.45,5.81,157.5,24.92,36.8,0.77,0.77,39.3
2016-07-21,PHU CAT,13.767,109.217,4.07,28.26,29.62,27.31,24.97,28.34,82.68,19.81,100.6,4.63,149.6,24.98,36.94,0.78,0.76,59.27
2016-07-22,PHU CAT,13.767,109.217,2.3,27.79,28.66,26.92,24.36,28.35,81.73,19.09,100.58,3.72,162.6,21.42,37.25,0.79,0.77,80.2
2016-07-23,PHU CAT,13.767,109.217,2.72,28.64,30.01,27.53,24.73,29.11,79.65,19.56,100.45,3.76,165.3,25.29,37.34,0.78,0.76,37.7
2016-07-24,PHU CAT,13.767,109.217,6.2,29.23,30.89,28.17,24.97,29.4,78.14,19.85,100.38,2.72,154.9,25.37,37.24,0.79,0.76,66.63
2016-07-25,PHU CAT,13.767,109.217,2.92,28.82,29.67,27.97,24.99,29.21,79.8,19.85,100.34,2.21,72.6,23.07,37.39,0.79,0.77,76.64
2016-07-26,PHU CAT,13.767,109.217,4.39,28.61,29.89,27.54,24.84,29.23,80.15,19.69,100.28,4.32,162.3,23.17,36.58,0.79,0.77,79.74
2016-07-27,PHU CAT,13.767,109.217,1.48,27.93,29.14,27.06,24.53,28.97,81.81,19.32,100.33,4.35,154.7,20.2,36.52,0.78,0.77,98.71
2016-07-28,PHU CAT,13.767,109.217,1.92,28.34,29.04,27.73,25.02,29.07,82.35,19.92,100.38,4.19,162.2,19.53,37.28,0.78,0.76,89.22
2016-07-29,PHU CAT,13.767,109.217,1.43,28.92,30.46,27.92,24.6,29.31,77.81,19.42,100.4,4.06,151.5,24.46,37.79,0.77,0.76,51.24
2016-07-30,PHU CAT,13.767,109.217,3.07,29.25,31.45,27.68,24.54,29.57,76.22,19.36,100.27,3.08,143.8,25.41,37.51,0.77,0.76,60.7
2016-07-31,PHU CAT,13.767,109.217,1.93,29.02,30.75,27.6,24.53,29.57,76.97,19.37,100.1,2.85,84.7,24.76,36.97,0.76,0.75,79.82
2016-08-01,PHU CAT,13.767,109.217,1.7,29.28,31.1,27.71,24.91,29.67,77.79,19.91,99.9,4.29,182.3,22.02,37.44,0.75,0.75,97.5
2016-08-02,PHU CAT,13.767,109.217,4.91,29.34,31.79,27.69,24.97,29.44,77.98,19.99,99.8,4.16,194.9,21.08,36.86,0.77,0.75,99.04
2016-08-03,PHU CAT,13.767,109.217,2.3,28.88,29.82,27.89,25.03,29.29,79.89,20.01,99.97,4.03,180.2,22.32,37.0,0.76,0.74,96.34
2016-08-04,PHU CAT,13.767,109.217,8.56,29.42,31.44,27.59,24.77,29.62,76.42,19.64,100.17,3.66,219.6,22.83,37.64,0.78,0.74,90.48
2016-08-05,PHU CAT,13.767,109.217,6.31,29.48,31.35,28.04,25.16,29.79,77.89,20.1,100.25,3.74,192.8,23.17,38.08,0.79,0.75,49.98
2016-08-06,PHU CAT,13.767,109.217,4.94,29.56,31.29,27.75,25.07,29.99,77.11,20.0,100.16,3.88,217.8,24.27,37.25,0.78,0.75,57.46
2016-08-07,PHU CAT,13.767,109.217,7.54,29.4,31.67,27.68,25.17,29.71,78.36,20.13,100.14,5.04,230.4,22.08,37.25,0.8,0.76,77.32
2016-08-08,PHU CAT,13.767,109.217,4.44,29.92,32.48,27.89,25.49,30.05,77.53,20.53,100.13,4.44,233.8,21.56,37.73,0.78,0.76,90.51
2016-08-09,PHU CAT,13.767,109.217,17.06,29.89,32.71,28.02,25.35,29.93,77.16,20.38,99.99,3.64,241.0,24.5,37.36,0.82,0.76,71.5
2016-08-10,PHU CAT,13.767,109.217,37.16,29.16,31.15,27.71,25.52,29.53,80.82,20.58,100.0,3.86,238.9,19.85,37.58,0.91,0.81,89.41
2016-08-11,PHU CAT,13.767,109.217,13.25,29.08,31.14,27.22,25.62,29.52,81.75,20.71,100.02,5.17,231.5,21.63,37.67,0.87,0.84,89.03
2016-08-12,PHU CAT,13.767,109.217,3.75,29.26,31.0,27.68,25.4,29.56,79.89,20.44,99.98,5.15,225.7,15.39,37.79,0.84,0.83,98.68
2016-08-13,PHU CAT,13.767,109.217,3.44,29.59,31.82,28.08,25.26,29.58,77.86,20.3,99.81,6.43,229.4,18.3,37.98,0.83,0.83,98.86
2016-08-14,PHU CAT,13.767,109.217,11.23,29.51,31.81,27.8,25.53,29.45,79.45,20.64,99.76,6.15,231.6,13.04,38.5,0.84,0.82,98.64
2016-08-15,PHU CAT,13.767,109.217,2.77,29.39,31.81,27.53,25.55,29.29,80.11,20.66,99.77,5.62,230.6,19.48,37.96,0.83,0.83,92.49
2016-08-16,PHU CAT,13.767,109.217,3.07,29.55,32.26,27.68,25.35,29.38,78.57,20.41,99.82,6.28,232.7,19.55,38.15,0.82,0.82,94.08
2016-08-17,PHU CAT,13.767,109.217,1.52,29.42,31.62,27.87,25.26,29.29,78.63,20.32,99.73,6.55,227.9,12.33,38.17,0.82,0.82,99.15
2016-08-18,PHU CAT,13.767,109.217,1.66,29.57,32.33,27.79,25.29,29.22,78.14,20.38,99.55,7.35,227.7,16.52,37.93,0.81,0.81,98.72
2016-08-19,PHU CAT,13.767,109.217,0.57,29.66,31.88,27.81,25.55,29.3,78.82,20.66,99.85,4.71,211.7,16.56,37.62,0.8,0.8,78.98
2016-08-20,PHU CAT,13.767,109.217,1.48,29.79,32.6,27.83,25.73,29.55,79.2,20.85,100.03,3.12,231.7,23.82,37.84,0.79,0.8,58.53
2016-08-21,PHU CAT,13.767,109.217,35.62,28.7,31.01,26.51,25.35,29.35,82.31,20.39,100.01,2.66,64.8,22.74,37.99,0.86,0.8,79.55
2016-08-22,PHU CAT,13.767,109.217,8.4,28.04,28.66,27.42,25.56,28.92,86.38,20.62,99.99,3.77,191.6,21.46,37.92,0.86,0.84,83.33
2016-08-23,PHU CAT,13.767,109.217,9.0,28.21,29.55,27.61,25.3,28.98,84.24,20.31,99.94,2.36,199.2,13.42,38.05,0.86,0.84,98.53
2016-08-24,PHU CAT,13.767,109.217,62.93,28.96,30.81,27.79,24.98,29.34,79.4,19.93,99.95,2.58,173.5,19.34,38.03,0.92,0.86,92.87
2016-08-25,PHU CAT,13.767,109.217,7.73,29.17,31.08,27.95,25.85,29.33,82.53,20.98,100.09,3.02,191.1,23.74,37.65,0.88,0.89,67.56
2016-08-26,PHU CAT,13.767,109.217,8.02,28.44,29.76,27.26,24.94,28.94,81.35,19.82,100.28,3.93,228.8,21.56,38.25,0.88,0.89,91.73
2016-08-27,PHU CAT,13.767,109.217,14.38,29.28,31.45,27.76,25.84,29.51,82.05,20.92,100.33,3.97,198.6,23.32,38.08,0.89,0.89,79.24
2016-08-28,PHU CAT,13.767,109.217,19.11,29.13,30.35,28.04,25.86,29.47,82.58,20.93,100.3,3.83,198.2,23.32,37.68,0.92,0.91,72.14
2016-08-29,PHU CAT,13.767,109.217,10.31,29.5,30.86,28.33,25.75,29.78,80.37,20.8,100.33,3.19,184.4,23.77,37.49,0.9,0.92,69.17
2016-08-30,PHU CAT,13.767,109.217,17.1,29.07,30.5,28.03,25.37,29.64,80.65,20.3,100.47,4.16,187.8,20.03,37.57,0.92,0.92,86.65
2016-08-31,PHU CAT,13.767,109.217,3.0,29.25,30.53,28.08,25.28,29.72,79.33,20.19,100.46,4.93,222.1,24.04,37.17,0.9,0.93,75.9
2016-09-01,PHU CAT,13.767,109.217,2.64,29.24,30.93,28.23,25.32,29.72,79.61,20.28,100.26,4.7,221.8,24.64,37.28,0.89,0.92,67.53
2016-09-02,PHU CAT,13.767,109.217,2.15,29.76,31.92,28.19,25.84,29.98,79.69,20.97,100.07,4.79,230.8,23.65,37.63,0.89,0.92,73.39
2016-09-03,PHU CAT,13.767,109.217,1.41,29.5,31.67,27.65,25.74,29.63,80.54,20.81,100.18,4.53,240.6,21.59,37.69,0.88,0.91,93.28
2016-09-04,PHU CAT,13.767,109.217,38.48,29.62,31.6,28.15,25.82,29.75,80.26,20.91,100.19,2.89,209.5,19.0,37.73,0.93,0.92,98.94
2016-09-05,PHU CAT,13.767,109.217,21.59,28.44,29.16,27.82,25.79,29.29,85.52,20.85,100.26,4.48,206.7,18.49,37.58,0.94,0.95,97.15
2016-09-06,PHU CAT,13.767,109.217,8.35,29.36,31.11,28.24,25.88,29.57,81.71,20.97,100.29,4.11,189.2,22.17,37.3,0.92,0.95,75.75
2016-09-07,PHU CAT,13.767,109.217,6.53,28.9,29.96,28.04,25.42,29.48,81.55,20.37,100.39,3.8,194.2,21.72,37.54,0.92,0.95,91.75
2016-09-08,PHU CAT,13.767,109.217,4.4,28.97,30.21,27.92,24.38,29.39,76.46,19.12,100.47,4.12,234.4,22.4,37.46,0.91,0.94,88.71
2016-09-09,PHU CAT,13.767,109.217,6.46,29.05,31.02,27.65,25.5,29.24,81.42,20.48,100.38,4.46,215.9,22.55,37.46,0.91,0.94,91.92
2016-09-10,PHU CAT,13.767,109.217,19.02,28.86,30.49,27.68,25.3,29.4,81.22,20.26,100.22,3.31,215.2,22.35,37.5,0.93,0.95,85.98
2016-09-11,PHU CAT,13.767,109.217,5.81,28.61,29.77,27.86,25.15,29.35,81.68,20.1,100.12,3.09,18.3,17.92,37.68,0.92,0.95,98.63
2016-09-12,PHU CAT,13.767,109.217,59.88,27.6,28.7,26.5,25.3,28.6,87.26,20.36,99.83,7.86,241.5,3.93,37.31,0.98,0.97,97.21
2016-09-13,PHU CAT,13.767,109.217,1.86,28.75,30.81,26.97,24.25,29.1,77.0,19.03,100.21,4.8,189.0,22.06,36.87,0.93,0.97,71.57
2016-09-14,PHU CAT,13.767,109.217,1.99,29.18,31.42,27.54,24.92,29.22,78.09,19.81,100.25,2.22,245.4,22.52,37.01,0.92,0.96,79.25
2016-09-15,PHU CAT,13.767,109.217,7.99,28.72,29.81,27.91,24.74,29.02,79.17,19.58,100.23,2.14,76.7,21.81,37.89,0.92,0.95,79.05
2016-09-16,PHU CAT,13.767,109.217,9.41,28.56,29.75,27.84,25.16,29.02,81.92,20.1,100.19,1.95,79.0,19.18,37.58,0.93,0.96,94.4
2016-09-17,PHU CAT,13.767,109.217,9.97,28.41,29.85,27.43,24.97,28.97,81.84,19.86,100.29,2.43,93.4,22.35,36.76,0.93,0.96,73.83
2016-09-18,PHU CAT,13.767,109.217,7.7,28.59,30.13,27.71,24.72,29.4,79.8,19.57,100.28,2.16,50.1,21.27,37.2,0.93,0.96,77.54
2016-09-19,PHU CAT,13.767,109.217,22.8,28.41,29.09,27.89,24.47,29.13,79.23,19.25,100.32,1.65,10.0,21.1,36.96,0.95,0.96,76.28
2016-09-20,PHU CAT,13.767,109.217,11.51,28.61,29.72,27.53,24.82,29.33,80.05,19.65,100.4,3.26,15.3,17.64,37.28,0.94,0.96,93.83
2016-09-21,PHU CAT,13.767,109.217,23.6,28.15,29.09,27.31,24.89,29.17,82.62,19.71,100.51,3.45,70.5,19.05,36.81,0.96,0.97,97.8
2016-09-22,PHU CAT,13.767,109.217,48.9,27.56,28.14,26.96,24.75,28.86,84.67,19.55,100.46,3.27,71.3,14.21,37.08,0.97,0.98,98.14
2016-09-23,PHU CAT,13.767,109.217,12.53,27.7,28.0,27.29,25.31,28.45,86.73,20.24,100.33,4.21,114.8,16.8,36.89,0.96,0.98,98.66
2016-09-24,PHU CAT,13.767,109.217,12.58,28.27,29.09,27.69,25.36,28.88,84.25,20.32,100.29,3.1,94.4,19.32,36.98,0.96,0.98,97.09
2016-09-25,PHU CAT,13.767,109.217,5.83,28.13,28.77,27.55,25.27,28.77,84.41,20.18,100.36,3.49,21.5,21.17,37.11,0.95,0.98,89.08
2016-09-26,PHU CAT,13.767,109.217,9.89,28.37,28.75,28.01,25.39,28.69,83.88,20.35,100.32,4.28,7.6,19.93,37.02,0.95,0.98,74.32
2016-09-27,PHU CAT,13.767,109.217,2.27,28.5,29.94,27.37,24.62,28.86,79.72,19.43,100.27,2.9,125.2,22.6,36.55,0.94,0.97,80.39
2016-09-28,PHU CAT,13.767,109.217,5.58,28.79,30.48,27.73,25.36,28.84,81.91,20.36,100.13,3.9,173.7,21.11,37.18,0.93,0.97,94.68
2016-09-29,PHU CAT,13.767,109.217,3.53,28.65,29.94,27.66,25.27,28.76,81.98,20.23,100.15,1.8,123.0,19.02,37.33,0.93,0.96,96.55
2016-09-30,PHU CAT,13.767,109.217,8.5,27.59,28.13,27.17,24.83,28.47,84.94,19.69,100.24,2.03,10.0,15.17,37.2,0.94,0.96,98.93
2016-10-01,PHU CAT,13.767,109.217,3.65,27.65,28.29,27.07,24.5,28.32,82.95,19.27,100.39,4.84,353.2,5.71,36.83,0.93,0.96,94.72
2016-10-02,PHU CAT,13.767,109.217,4.36,27.99,28.97,27.21,24.91,28.64,83.32,19.76,100.33,2.82,9.4,19.53,37.3,0.93,0.96,66.67
2016-10-03,PHU CAT,13.767,109.217,5.99,27.91,28.86,27.1,24.64,28.45,82.47,19.46,100.29,1.39,202.5,19.92,37.36,0.93,0.96,82.88
2016-10-04,PHU CAT,13.767,109.217,5.97,28.35,29.59,27.54,24.67,28.7,80.57,19.49,100.28,1.85,114.8,19.08,37.44,0.93,0.96,94.2
2016-10-05,PHU CAT,13.767,109.217,19.21,27.95,28.94,27.35,25.22,28.57,85.13,20.15,100.28,1.98,59.3,19.88,36.99,0.95,0.97,81.72
2016-10-06,PHU CAT,13.767,109.217,11.25,27.55,28.68,26.97,24.76,28.32,84.79,19.58,100.36,3.47,338.8,13.98,36.67,0.95,0.97,96.03
2016-10-07,PHU CAT,13.767,109.217,7.37,27.56,28.53,27.07,24.5,27.97,83.35,19.27,100.43,2.67,13.9,12.04,37.32,0.94,0.97,99.29
2016-10-08,PHU CAT,13.767,109.217,21.29,27.56,28.02,27.13,24.67,28.16,84.25,19.46,100.43,3.72,19.0,16.86,36.76,0.96,0.97,88.96
2016-10-09,PHU CAT,13.767,109.217,7.51,27.6,28.19,27.15,24.48,28.24,83.07,19.24,100.39,2.92,16.0,13.82,37.11,0.94,0.98,85.01
2016-10-10,PHU CAT,13.767,109.217,3.46,27.93,28.73,27.38,24.95,28.32,83.87,19.8,100.35,4.32,9.6,17.75,36.88,0.94,0.97,88.45
2016-10-11,PHU CAT,13.767,109.217,18.08,27.94,28.34,27.51,25.59,28.14,87.0,20.59,100.32,5.49,21.5,17.45,36.83,0.95,0.97,93.59
2016-10-12,PHU CAT,13.767,109.217,14.64,27.72,28.63,26.81,24.83,28.06,84.3,19.69,100.26,5.21,356.0,9.72,37.13,0.95,0.98,99.19
2016-10-13,PHU CAT,13.767,109.217,20.94,28.02,29.55,27.21,24.84,28.1,82.98,19.72,100.17,3.29,155.6,17.37,36.91,0.96,0.98,90.16
2016-10-14,PHU CAT,13.767,109.217,5.53,27.81,28.54,27.25,25.2,28.01,85.65,20.11,100.29,4.46,130.4,20.86,36.92,0.95,0.98,77.73
2016-10-15,PHU CAT,13.767,109.217,10.64,27.18,28.36,26.48,24.78,27.87,86.66,19.59,100.37,3.34,50.3,18.07,36.89,0.95,0.98,92.39
2016-10-16,PHU CAT,13.767,109.217,15.19,27.64,28.39,26.87,25.17,27.82,86.32,20.07,100.29,6.15,10.9,12.89,36.84,0.95,0.98,98.61
2016-10-17,PHU CAT,13.767,109.217,6.05,27.45,28.35,26.55,24.58,27.52,84.38,19.42,100.09,4.6,287.4,16.05,36.98,0.95,0.98,99.47
2016-10-18,PHU CAT,13.767,109.217,2.43,27.63,29.12,26.55,24.97,27.71,85.57,19.89,100.07,4.01,170.8,16.91,36.92,0.94,0.97,98.2
2016-10-19,PHU CAT,13.767,109.217,0.9,27.44,28.13,26.94,24.6,27.9,84.47,19.42,100.18,2.58,3.8,20.98,37.23,0.93,0.97,68.85
2016-10-20,PHU CAT,13.767,109.217,4.96,26.66,28.39,25.73,23.47,27.74,82.81,18.18,100.16,2.05,104.5,20.32,36.84,0.93,0.96,91.17
2016-10-21,PHU CAT,13.767,109.217,3.57,27.67,29.12,26.11,25.15,27.69,86.17,20.08,100.22,2.87,230.6,15.05,36.89,0.93,0.97,99.24
2016-10-22,PHU CAT,13.767,109.217,1.95,27.31,28.73,26.37,24.28,27.67,83.65,19.03,100.35,1.7,161.5,16.77,37.15,0.93,0.96,98.75
2016-10-23,PHU CAT,13.767,109.217,3.98,26.83,28.14,26.03,23.26,27.89,80.87,17.87,100.41,1.96,64.9,11.2,36.81,0.93,0.96,88.72
2016-10-24,PHU CAT,13.767,109.217,2.79,27.27,27.64,26.83,24.38,27.98,84.17,19.12,100.43,3.09,105.9,19.1,36.66,0.92,0.96,84.53
2016-10-25,PHU CAT,13.767,109.217,14.18,27.72,28.33,27.31,25.33,27.84,86.75,20.21,100.6,4.45,108.0,12.81,36.6,0.94,0.96,84.98
2016-10-26,PHU CAT,13.767,109.217,8.45,27.61,28.26,27.2,25.02,28.02,85.82,19.8,100.82,3.83,47.4,18.79,36.61,0.93,0.97,34.88
2016-10-27,PHU CAT,13.767,109.217,5.36,27.4,28.19,26.72,24.82,27.9,85.8,19.54,100.87,4.6,10.5,19.5,36.53,0.93,0.96,70.38
2016-10-28,PHU CAT,13.767,109.217,11.47,27.08,27.45,26.69,25.03,27.48,88.46,19.8,100.78,4.69,16.9,9.13,36.64,0.94,0.97,93.11
2016-10-29,PHU CAT,13.767,109.217,32.79,27.23,27.76,26.63,25.13,27.44,88.25,19.93,100.8,4.51,28.3,16.43,36.96,0.96,0.98,92.25
2016-10-30,PHU CAT,13.767,109.217,39.35,26.6,27.31,25.81,23.74,26.94,84.27,18.34,100.85,4.93,56.9,6.74,36.66,0.97,0.99,99.13
2016-10-31,PHU CAT,13.767,109.217,9.35,26.9,27.39,26.43,25.1,27.18,89.9,19.91,100.82,4.71,6.3,11.83,36.54,0.95,0.98,98.59
2016-11-01,PHU CAT,13.767,109.217,17.8,27.12,27.31,26.94,25.68,26.85,91.7,20.6,100.74,7.82,29.4,8.14,36.78,0.97,0.99,96.74
2016-11-02,PHU CAT,13.767,109.217,70.91,26.76,27.26,26.27,24.76,26.61,88.68,19.49,100.81,9.52,31.2,9.82,37.07,1.0,0.99,95.8
2016-11-03,PHU CAT,13.767,109.217,56.28,26.25,26.33,26.15,24.21,26.37,88.46,18.85,100.76,9.18,33.6,5.83,36.73,0.99,1.0,99.51
2016-11-04,PHU CAT,13.767,109.217,25.07,26.39,26.88,26.06,24.13,26.58,87.29,18.79,100.59,7.51,23.7,7.86,37.08,0.98,1.0,99.19
2016-11-05,PHU CAT,13.767,109.217,15.23,26.73,27.34,26.32,24.86,26.81,89.38,19.66,100.49,4.77,58.4,10.52,37.38,0.98,1.0,82.28
2016-11-06,PHU CAT,13.767,109.217,7.9,26.79,27.41,26.4,25.19,26.79,90.88,20.02,100.66,3.34,102.2,13.32,37.18,0.97,1.0,96.37
2016-11-07,PHU CAT,13.767,109.217,3.79,27.43,28.15,27.05,25.24,27.54,87.77,20.06,100.78,3.58,102.3,16.42,37.27,0.96,0.99,58.38
2016-11-08,PHU CAT,13.767,109.217,3.61,27.39,28.02,26.92,24.83,27.41,85.88,19.56,100.89,4.67,68.3,18.92,36.48,0.96,0.99,45.38
2016-11-09,PHU CAT,13.767,109.217,2.18,27.4,28.4,26.43,23.0,27.19,76.95,17.49,100.96,5.75,40.4,17.23,35.82,0.95,0.99,54.6
2016-11-10,PHU CAT,13.767,109.217,3.73,26.77,27.75,26.12,23.86,27.09,84.12,18.43,100.96,6.26,19.1,17.75,36.21,0.94,0.98,48.28
2016-11-11,PHU CAT,13.767,109.217,6.48,27.05,27.77,26.55,24.48,27.19,85.79,19.13,100.92,5.1,54.7,16.48,36.82,0.94,0.98,61.68
2016-11-12,PHU CAT,13.767,109.217,4.98,27.13,27.88,26.6,24.1,27.01,83.48,18.7,100.94,4.84,50.4,17.03,36.07,0.94,0.98,28.38
2016-11-13,PHU CAT,13.767,109.217,2.05,27.0,27.99,26.27,24.21,27.01,84.7,18.83,100.88,4.65,25.1,18.88,35.86,0.93,0.97,18.38
2016-11-14,PHU CAT,13.767,109.217,1.48,26.93,27.54,26.31,23.94,27.11,83.64,18.55,100.83,5.43,22.8,17.14,36.05,0.92,0.97,30.18
2016-11-15,PHU CAT,13.767,109.217,1.15,26.81,27.73,26.29,23.51,26.92,82.14,18.06,100.84,6.72,11.3,18.25,35.88,0.92,0.96,34.98
2016-11-16,PHU CAT,13.767,109.217,14.95,26.67,27.24,26.32,24.36,26.87,87.21,19.05,100.77,7.22,3.7,12.28,37.1,0.94,0.96,94.34
2016-11-17,PHU CAT,13.767,109.217,16.54,26.75,27.37,26.4,24.98,26.87,89.94,19.78,100.61,4.86,37.5,12.97,36.48,0.95,0.97,54.18
2016-11-18,PHU CAT,13.767,109.217,6.4,27.02,27.81,26.4,24.6,27.19,86.59,19.35,100.53,3.79,42.6,17.18,36.66,0.93,0.97,70.79
2016-11-19,PHU CAT,13.767,109.217,11.68,26.74,27.2,26.43,24.75,26.82,88.82,19.53,100.55,3.99,32.0,12.4,36.76,0.94,0.97,97.72
2016-11-20,PHU CAT,13.767,109.217,12.13,26.5,27.33,25.87,24.62,26.77,89.36,19.38,100.51,3.86,26.7,10.02,36.51,0.95,0.98,98.5
2016-11-21,PHU CAT,13.767,109.217,4.72,26.75,27.12,26.31,24.68,26.93,88.38,19.46,100.47,3.04,68.2,15.89,37.0,0.94,0.98,69.16
2016-11-22,PHU CAT,13.767,109.217,2.62,27.24,27.73,26.93,24.79,27.39,86.4,19.57,100.56,3.45,97.5,16.16,36.96,0.93,0.97,57.91
2016-11-23,PHU CAT,13.767,109.217,0.92,27.11,28.07,26.17,23.93,27.41,82.74,18.56,100.69,3.78,58.7,18.64,35.4,0.93,0.97,17.37
2016-11-24,PHU CAT,13.767,109.217,0.48,26.9,27.68,25.85,23.68,27.22,82.51,18.29,100.63,4.65,17.0,17.93,35.66,0.92,0.96,63.69
2016-11-25,PHU CAT,13.767,109.217,0.57,26.3,27.42,25.56,23.57,27.08,85.07,18.19,100.6,4.71,2.3,14.71,36.05,0.92,0.96,44.87
2016-11-26,PHU CAT,13.767,109.217,1.75,26.2,27.85,24.72,23.53,27.03,85.28,18.13,100.68,8.12,354.3,19.13,35.41,0.92,0.95,34.87
2016-11-27,PHU CAT,13.767,109.217,3.9,25.06,25.89,24.48,22.15,26.41,83.86,16.61,100.9,8.89,358.0,10.38,35.97,0.92,0.95,72.07
2016-11-28,PHU CAT,13.767,109.217,15.84,26.07,26.37,25.29,23.64,26.62,86.37,18.18,100.95,9.01,10.8,7.43,37.02,0.94,0.95,90.71
2016-11-29,PHU CAT,13.767,109.217,18.45,26.61,27.03,26.19,24.26,26.76,86.89,18.89,100.94,8.15,24.1,3.68,36.84,0.94,0.96,98.51
2016-11-30,PHU CAT,13.767,109.217,36.25,26.76,27.38,26.24,24.69,26.73,88.33,19.36,101.01,8.26,31.3,10.38,36.91,0.97,0.98,94.59
2016-12-01,PHU CAT,13.767,109.217,25.63,26.21,26.46,25.99,24.07,26.38,87.98,18.65,101.05,8.98,25.4,6.9,36.43,0.96,0.99,82.09
2016-12-02,PHU CAT,13.767,109.217,21.45,26.76,27.22,26.52,24.72,26.6,88.5,19.4,100.99,7.44,34.7,12.93,36.15,0.96,0.99,50.7
2016-12-03,PHU CAT,13.767,109.217,15.27,26.67,27.38,26.25,24.55,26.51,88.1,19.21,100.97,6.01,42.4,15.86,36.22,0.96,0.99,68.43
2016-12-04,PHU CAT,13.767,109.217,17.26,26.17,26.59,25.84,24.36,26.12,89.65,19.0,100.89,6.38,29.5,13.97,36.14,0.96,1.0,88.88
2016-12-05,PHU CAT,13.767,109.217,40.69,26.1,26.46,25.77,24.19,26.05,89.13,18.8,100.93,6.57,29.2,10.67,36.37,0.98,1.0,96.2
2016-12-06,PHU CAT,13.767,109.217,33.08,26.04,26.39,25.78,24.07,25.99,88.85,18.68,100.9,7.76,33.5,4.2,36.27,0.98,1.0,99.95
2016-12-07,PHU CAT,13.767,109.217,21.87,26.11,26.59,25.76,23.85,26.02,87.28,18.45,100.75,7.8,32.9,6.51,36.15,0.98,1.0,94.19
2016-12-08,PHU CAT,13.767,109.217,5.24,25.36,26.18,24.46,22.38,25.59,83.47,16.88,100.7,8.33,14.1,8.38,35.98,0.97,1.0,96.0
2016-12-09,PHU CAT,13.767,109.217,3.33,24.61,25.39,24.09,21.87,25.29,84.67,16.36,100.68,8.11,355.1,7.28,35.68,0.96,0.99,94.95
2016-12-10,PHU CAT,13.767,109.217,7.67,24.8,25.68,24.11,22.93,25.39,89.43,17.49,100.61,8.13,347.2,9.62,36.28,0.96,0.99,97.29
2016-12-11,PHU CAT,13.767,109.217,17.41,25.68,26.17,25.44,24.38,25.61,92.42,19.11,100.47,6.68,32.9,3.68,36.55,0.97,0.99,99.85
2016-12-12,PHU CAT,13.767,109.217,17.85,25.74,26.03,25.53,24.71,25.64,93.92,19.48,100.48,5.09,25.9,3.86,36.13,0.97,1.0,99.67
2016-12-13,PHU CAT,13.767,109.217,21.89,26.0,26.28,25.75,25.18,25.79,95.12,20.05,100.5,4.69,51.4,2.14,36.43,0.98,1.0,99.68
2016-12-14,PHU CAT,13.767,109.217,34.05,25.89,26.25,25.51,24.9,25.75,94.17,19.68,100.67,5.96,56.5,5.95,36.52,0.98,1.0,99.82
2016-12-15,PHU CAT,13.767,109.217,79.81,25.63,25.93,25.34,23.98,25.53,90.49,18.58,100.9,8.97,54.7,5.44,36.26,1.0,1.0,99.72
2016-12-16,PHU CAT,13.767,109.217,33.73,24.75,25.46,24.29,22.11,25.03,85.18,16.54,101.12,10.63,32.7,2.83,35.58,0.99,1.0,99.67
2016-12-17,PHU CAT,13.767,109.217,8.92,24.93,25.15,24.55,22.44,25.18,86.01,16.88,101.09,8.2,24.2,7.83,35.72,0.98,1.0,99.62
2016-12-18,PHU CAT,13.767,109.217,10.02,25.42,25.82,25.23,23.55,25.45,89.3,18.07,100.98,6.66,32.1,4.47,36.29,0.97,1.0,99.29
2016-12-19,PHU CAT,13.767,109.217,6.06,25.71,26.3,25.38,23.63,25.53,88.22,18.18,100.86,5.4,33.8,8.83,36.06,0.97,1.0,99.03
2016-12-20,PHU CAT,13.767,109.217,1.38,25.73,26.43,25.18,23.39,25.58,86.87,17.93,100.82,4.85,26.2,11.8,36.09,0.96,0.99,96.72
2016-12-21,PHU CAT,13.767,109.217,0.94,25.53,26.53,24.95,23.15,25.51,86.68,17.65,100.89,5.18,23.1,12.96,35.44,0.95,0.99,50.86
2016-12-22,PHU CAT,13.767,109.217,1.6,25.48,26.34,25.04,23.34,25.51,87.92,17.87,100.85,6.59,15.0,17.01,35.48,0.94,0.98,52.66
2016-12-23,PHU CAT,13.767,109.217,2.82,25.47,26.15,25.02,23.61,25.4,89.41,18.17,100.82,6.7,17.5,11.03,35.8,0.94,0.98,86.59
2016-12-24,PHU CAT,13.767,109.217,0.83,25.29,26.34,24.56,23.25,25.32,88.41,17.78,100.83,4.98,33.2,12.91,35.39,0.93,0.98,94.55
2016-12-25,PHU CAT,13.767,109.217,0.61,24.99,25.66,24.35,22.5,25.23,86.04,16.97,100.88,5.1,21.1,11.79,35.1,0.93,0.97,85.0
2016-12-26,PHU CAT,13.767,109.217,1.33,25.21,25.95,24.77,21.95,25.11,82.12,16.41,100.9,7.36,9.5,14.6,34.74,0.93,0.97,87.54
2016-12-27,PHU CAT,13.767,109.217,0.99,24.25,25.71,23.16,20.51,24.75,79.59,15.0,100.96,10.86,12.9,12.67,34.13,0.92,0.96,99.4
2016-12-28,PHU CAT,13.767,109.217,5.02,23.32,23.96,22.65,20.61,24.51,84.78,15.09,101.06,11.29,356.7,5.22,35.15,0.92,0.96,99.74
2016-12-29,PHU CAT,13.767,109.217,10.43,23.67,24.29,22.96,21.23,24.57,86.18,15.66,101.16,10.64,11.6,5.66,35.3,0.93,0.96,99.65
2016-12-30,PHU CAT,13.767,109.217,10.37,24.6,25.08,24.26,22.79,24.87,89.6,17.25,101.04,8.32,20.8,6.43,36.07,0.93,0.97,95.53
2016-12-31,PHU CAT,13.767,109.217,4.6,25.16,25.62,24.8,23.44,25.05,90.04,17.94,101.01,6.92,37.3,11.35,35.61,0.93,0.97,78.12
2017-01-01,PHU CAT,13.767,109.217,1.7,24.97,25.63,24.53,23.1,24.93,89.31,17.58,101.02,7.19,26.2,11.64,35.94,0.92,0.96,95.97
2017-01-02,PHU CAT,13.767,109.217,1.21,24.89,25.67,24.32,22.71,24.85,87.62,17.18,101.02,7.23,29.8,15.16,35.52,0.92,0.96,71.42
2017-01-03,PHU CAT,13.767,109.217,1.35,24.55,25.28,24.13,21.8,24.59,84.69,16.24,100.95,6.87,26.6,14.86,35.27,0.91,0.95,95.11
2017-01-04,PHU CAT,13.767,109.217,0.59,24.64,25.33,24.15,22.08,24.65,85.55,16.54,100.85,5.9,26.6,9.41,35.85,0.91,0.95,98.66
2017-01-05,PHU CAT,13.767,109.217,0.48,24.86,25.63,24.42,21.77,24.67,82.89,16.23,100.82,5.73,18.1,16.67,35.3,0.91,0.94,92.84
2017-01-06,PHU CAT,13.767,109.217,1.32,24.65,25.53,24.12,22.54,24.73,88.05,17.04,100.7,5.29,16.6,8.06,35.93,0.9,0.94,74.56
2017-01-07,PHU CAT,13.767,109.217,0.46,24.96,25.73,24.56,22.79,24.94,87.63,17.32,100.6,4.19,39.8,10.81,35.91,0.9,0.93,58.79
2017-01-08,PHU CAT,13.767,109.217,0.35,25.06,25.95,24.45,22.04,24.97,83.23,16.53,100.66,4.78,26.4,15.02,35.07,0.9,0.93,35.81
2017-01-09,PHU CAT,13.767,109.217,0.81,24.93,25.71,24.29,21.98,24.95,83.65,16.46,100.74,5.27,32.3,16.09,35.04,0.89,0.92,74.51
2017-01-10,PHU CAT,13.767,109.217,0.74,25.14,25.82,24.63,22.27,25.12,84.07,16.75,100.79,5.03,49.9,17.14,34.47,0.88,0.91,81.26
2017-01-11,PHU CAT,13.767,109.217,0.88,25.25,25.98,24.82,22.92,25.25,86.88,17.44,100.72,4.32,32.1,15.24,35.37,0.88,0.91,97.85
2017-01-12,PHU CAT,13.767,109.217,3.09,25.27,26.23,24.6,23.65,25.27,90.7,18.26,100.55,5.63,4.7,14.02,35.45,0.88,0.91,92.83
2017-01-13,PHU CAT,13.767,109.217,10.79,24.43,25.12,23.87,22.97,24.82,91.51,17.51,100.62,7.78,350.4,3.05,35.76,0.9,0.91,99.79
2017-01-14,PHU CAT,13.767,109.217,16.01,24.31,24.65,24.02,22.93,24.83,91.98,17.45,100.77,6.95,355.9,2.14,35.82,0.92,0.93,99.3
2017-01-15,PHU CAT,13.767,109.217,7.41,25.07,25.71,24.66,23.43,25.09,90.54,17.97,100.83,5.65,34.4,5.64,35.81,0.91,0.93,98.46
2017-01-16,PHU CAT,13.767,109.217,3.94,24.99,25.59,24.67,22.76,24.85,87.33,17.24,100.89,6.12,47.2,11.81,35.88,0.9,0.93,87.2
2017-01-17,PHU CAT,13.767,109.217,0.78,24.88,25.74,24.21,21.4,24.7,80.92,15.82,101.11,5.77,35.8,15.47,34.78,0.89,0.93,77.6
2017-01-18,PHU CAT,13.767,109.217,0.46,24.45,25.38,23.84,21.32,24.59,82.69,15.73,101.21,6.28,11.8,15.94,35.0,0.89,0.92,89.61
2017-01-19,PHU CAT,13.767,109.217,2.99,24.44,25.24,23.88,21.37,24.64,83.03,15.79,101.16,6.89,8.5,8.81,36.09,0.89,0.92,99.68
2017-01-20,PHU CAT,13.767,109.217,2.33,24.55,25.29,24.06,21.09,24.54,81.09,15.51,101.22,7.33,27.7,8.68,35.83,0.88,0.91,91.77
2017-01-21,PHU CAT,13.767,109.217,1.73,24.41,25.32,23.89,21.22,24.52,82.34,15.59,101.42,8.72,30.7,10.53,35.72,0.88,0.9,94.37
2017-01-22,PHU CAT,13.767,109.217,1.97,23.8,24.74,23.19,20.67,24.33,82.58,15.07,101.43,9.05,28.8,10.29,35.48,0.87,0.9,88.82
2017-01-23,PHU CAT,13.767,109.217,2.28,23.91,24.46,23.6,21.14,24.33,84.46,15.54,101.31,8.63,14.1,8.61,35.76,0.87,0.89,92.55
2017-01-24,PHU CAT,13.767,109.217,5.97,24.34,24.88,24.0,22.67,24.51,90.35,17.09,101.23,6.98,18.5,8.68,36.33,0.88,0.89,98.41
2017-01-25,PHU CAT,13.767,109.217,6.63,24.56,25.2,24.05,22.35,24.49,87.43,16.75,101.3,8.49,36.7,7.48,36.33,0.88,0.9,98.88
2017-01-26,PHU CAT,13.767,109.217,0.41,23.61,24.88,22.59,19.09,23.83,75.68,13.68,101.38,8.74,26.5,17.1,33.36,0.86,0.89,38.45
2017-01-27,PHU CAT,13.767,109.217,0.09,23.58,24.56,22.72,17.34,23.5,67.98,12.25,101.24,7.12,27.2,17.65,32.72,0.86,0.88,59.89
2017-01-28,PHU CAT,13.767,109.217,0.32,23.11,24.53,22.0,19.18,23.61,78.83,13.8,101.04,5.07,3.4,16.97,33.37,0.85,0.87,76.18
2017-01-29,PHU CAT,13.767,109.217,0.11,23.59,24.49,22.75,20.29,23.91,81.69,14.78,101.03,4.09,11.5,18.77,34.04,0.85,0.87,67.75
2017-01-30,PHU CAT,13.767,109.217,0.88,23.25,24.5,22.31,20.27,23.75,83.37,14.77,101.01,6.73,6.4,16.35,33.82,0.85,0.86,94.94
2017-01-31,PHU CAT,13.767,109.217,2.81,23.34,24.05,22.54,21.29,23.73,88.34,15.75,100.95,7.27,349.9,12.15,35.49,0.85,0.86,99.09
2017-02-01,PHU CAT,13.767,109.217,9.09,24.11,24.79,23.82,22.77,24.05,92.13,17.22,101.02,7.25,26.6,5.71,35.81,0.87,0.86,99.36
2017-02-02,PHU CAT,13.767,109.217,13.44,23.84,24.1,23.73,22.39,23.83,91.45,16.83,101.0,7.88,22.7,6.86,35.87,0.89,0.87,99.67
2017-02-03,PHU CAT,13.767,109.217,10.18,23.92,24.11,23.75,22.52,24.01,91.77,16.98,100.91,5.46,24.8,6.12,35.71,0.89,0.89,97.62
2017-02-04,PHU CAT,13.767,109.217,1.12,23.98,25.02,23.05,22.42,24.22,90.93,16.9,100.78,5.14,8.6,11.02,35.83,0.86,0.88,78.45
2017-02-05,PHU CAT,13.767,109.217,0.05,22.78,24.13,21.35,20.29,23.81,85.81,14.83,100.81,7.3,4.0,20.54,32.61,0.85,0.87,21.77
2017-02-06,PHU CAT,13.767,109.217,0.09,22.55,23.74,21.38,19.04,23.68,80.84,13.73,100.81,5.9,352.5,23.14,30.45,0.85,0.86,6.57
2017-02-07,PHU CAT,13.767,109.217,0.15,23.47,24.49,22.09,20.91,24.07,85.6,15.41,100.78,5.46,352.3,20.89,32.89,0.84,0.86,35.93
2017-02-08,PHU CAT,13.767,109.217,0.11,24.05,25.21,23.36,20.78,24.18,81.97,15.26,100.89,5.89,7.6,21.01,33.52,0.84,0.85,33.33
2017-02-09,PHU CAT,13.767,109.217,0.97,23.98,25.06,22.98,20.82,24.18,82.56,15.28,101.0,7.38,23.5,19.21,34.81,0.83,0.84,66.19
2017-02-10,PHU CAT,13.767,109.217,3.92,23.38,24.1,22.78,19.94,23.95,80.94,14.43,101.24,8.39,23.4,12.61,34.48,0.84,0.84,80.09
2017-02-11,PHU CAT,13.767,109.217,1.98,23.04,24.14,22.16,19.16,23.8,78.69,13.7,101.52,9.24,29.1,13.1,33.5,0.83,0.83,59.33
2017-02-12,PHU CAT,13.767,109.217,0.68,22.89,23.91,22.08,18.39,23.6,75.73,13.04,101.59,8.95,21.9,18.65,32.91,0.82,0.83,74.09
2017-02-13,PHU CAT,13.767,109.217,2.18,22.91,23.49,22.48,19.3,23.56,80.1,13.82,101.63,8.23,19.0,9.85,35.12,0.82,0.82,93.98
2017-02-14,PHU CAT,13.767,109.217,0.88,23.51,24.53,22.74,19.49,23.64,78.09,13.97,101.65,8.03,29.4,17.64,34.03,0.82,0.82,67.22
2017-02-15,PHU CAT,13.767,109.217,0.1,23.35,24.33,22.73,18.36,23.47,73.5,13.03,101.49,7.23,23.4,19.41,32.58,0.8,0.81,36.17
2017-02-16,PHU CAT,13.767,109.217,0.1,23.28,24.24,22.62,18.99,23.38,76.83,13.59,101.29,5.72,17.8,19.08,33.28,0.8,0.8,49.2
2017-02-17,PHU CAT,13.767,109.217,0.34,23.04,24.12,22.34,19.67,23.4,81.38,14.18,101.33,5.98,8.3,17.83,34.25,0.8,0.79,64.86
2017-02-18,PHU CAT,13.767,109.217,0.37,22.93,23.74,22.37,20.03,23.39,83.64,14.5,101.31,6.75,8.9,13.38,35.21,0.79,0.79,83.94
2017-02-19,PHU CAT,13.767,109.217,0.07,22.99,24.16,21.98,19.94,23.55,83.0,14.47,100.97,3.7,1.7,14.33,35.16,0.78,0.78,96.43
2017-02-20,PHU CAT,13.767,109.217,0.93,24.12,25.19,22.91,22.08,24.27,88.6,16.58,100.81,1.95,108.4,16.06,35.63,0.78,0.78,93.46
2017-02-21,PHU CAT,13.767,109.217,1.43,24.99,26.17,24.42,23.62,24.8,92.15,18.18,100.88,1.58,96.1,20.72,35.67,0.78,0.77,51.55
2017-02-22,PHU CAT,13.767,109.217,0.75,25.29,26.47,24.55,23.81,25.11,91.65,18.39,100.86,1.79,106.1,19.14,35.23,0.77,0.77,97.54
2017-02-23,PHU CAT,13.767,109.217,1.01,25.11,26.39,24.11,23.76,25.09,92.26,18.31,100.99,1.95,87.6,21.18,35.3,0.77,0.76,80.18
2017-02-24,PHU CAT,13.767,109.217,1.64,24.79,26.04,23.84,23.26,25.08,91.19,17.74,101.1,4.44,24.7,17.1,35.17,0.76,0.76,95.79
2017-02-25,PHU CAT,13.767,109.217,0.96,24.34,25.44,23.5,22.32,24.79,88.46,16.76,101.03,6.45,14.6,9.8,36.35,0.76,0.75,96.1
2017-02-26,PHU CAT,13.767,109.217,0.84,23.49,24.39,22.91,21.03,24.1,86.04,15.47,101.13,8.11,10.4,6.24,35.83,0.76,0.75,92.12
2017-02-27,PHU CAT,13.767,109.217,0.57,23.51,24.29,22.93,21.19,23.99,86.79,15.61,101.2,7.73,13.7,6.38,35.87,0.75,0.74,92.88
2017-02-28,PHU CAT,13.767,109.217,0.24,23.4,24.43,22.8,20.92,23.84,85.95,15.35,101.11,6.91,8.7,9.45,36.16,0.74,0.73,87.2
2017-03-01,PHU CAT,13.767,109.217,0.19,23.24,24.0,22.61,20.28,23.58,83.38,14.75,101.18,7.95,11.3,11.23,34.78,0.73,0.73,63.03
2017-03-02,PHU CAT,13.767,109.217,0.11,23.02,24.08,22.26,19.37,23.38,79.83,13.94,101.1,6.66,20.2,17.55,33.56,0.72,0.72,51.78
2017-03-03,PHU CAT,13.767,109.217,0.08,23.32,24.44,22.68,18.85,23.42,75.98,13.53,100.86,3.86,28.9,21.9,32.35,0.71,0.72,30.46
2017-03-04,PHU CAT,13.767,109.217,0.0,23.38,24.88,21.8,19.07,23.42,77.08,13.74,100.77,2.06,75.3,24.23,31.82,0.7,0.71,11.39
2017-03-05,PHU CAT,13.767,109.217,0.03,23.67,25.31,22.65,21.54,23.86,88.01,16.04,100.68,2.62,137.2,23.61,33.0,0.69,0.7,55.07
2017-03-06,PHU CAT,13.767,109.217,0.04,23.94,25.34,23.19,20.77,24.2,82.45,15.28,100.76,2.89,99.6,22.3,32.97,0.68,0.7,39.28
2017-03-07,PHU CAT,13.767,109.217,0.05,24.16,25.41,23.19,21.15,24.31,83.5,15.63,100.87,2.59,38.1,24.1,33.38,0.67,0.69,30.07
2017-03-08,PHU CAT,13.767,109.217,0.01,24.23,25.68,23.12,21.5,24.54,84.8,15.95,100.88,3.12,61.6,20.54,33.97,0.66,0.69,32.06
2017-03-09,PHU CAT,13.767,109.217,0.03,23.94,25.19,22.91,21.05,24.45,83.96,15.54,100.8,2.69,118.9,23.3,32.89,0.66,0.68,19.11
2017-03-10,PHU CAT,13.767,109.217,0.0,24.13,25.93,22.68,20.99,24.54,82.98,15.5,100.71,3.59,154.0,24.27,32.43,0.65,0.67,8.6
2017-03-11,PHU CAT,13.767,109.217,0.01,24.51,26.11,23.64,21.72,24.67,84.62,16.2,100.8,2.82,136.9,24.2,33.03,0.64,0.67,12.14
2017-03-12,PHU CAT,13.767,109.217,0.33,24.53,26.11,22.73,21.97,24.77,85.88,16.46,100.75,2.51,157.6,24.29,32.86,0.63,0.66,3.44
2017-03-13,PHU CAT,13.767,109.217,0.15,24.77,26.51,23.51,22.68,24.85,88.42,17.22,100.69,3.39,163.1,24.21,33.74,0.64,0.66,37.47
2017-03-14,PHU CAT,13.767,109.217,1.65,25.11,26.45,24.31,23.57,25.07,91.35,18.16,100.74,2.84,138.5,24.18,34.66,0.63,0.66,33.91
2017-03-15,PHU CAT,13.767,109.217,1.68,25.28,26.49,24.5,23.83,25.37,91.7,18.43,100.74,3.05,54.6,17.73,36.04,0.64,0.66,42.15
2017-03-16,PHU CAT,13.767,109.217,3.03,25.42,26.59,24.7,23.34,25.43,88.37,17.9,100.7,2.67,48.8,16.25,36.38,0.63,0.65,79.16
2017-03-17,PHU CAT,13.767,109.217,1.92,25.74,26.82,25.08,24.27,25.75,91.59,18.93,100.75,3.08,90.1,19.34,36.07,0.64,0.65,73.06
2017-03-18,PHU CAT,13.767,109.217,0.93,25.8,27.05,24.92,24.13,25.73,90.59,18.74,100.9,2.84,114.7,17.18,36.51,0.62,0.65,70.41
2017-03-19,PHU CAT,13.767,109.217,0.49,25.67,26.9,24.93,23.37,25.7,87.18,17.89,100.93,2.72,96.7,21.87,35.4,0.61,0.65,55.84
2017-03-20,PHU CAT,13.767,109.217,0.12,25.79,26.96,24.89,22.63,25.92,82.75,17.13,100.82,2.91,104.3,24.31,34.41,0.6,0.64,6.87
2017-03-21,PHU CAT,13.767,109.217,0.14,25.82,27.03,24.93,22.22,26.14,80.61,16.71,100.77,3.04,87.4,24.47,34.21,0.59,0.63,14.21
2017-03-22,PHU CAT,13.767,109.217,0.02,26.05,27.5,25.05,22.61,26.32,81.54,17.13,100.68,4.22,141.3,25.58,34.51,0.58,0.63,6.26
2017-03-23,PHU CAT,13.767,109.217,0.02,26.25,27.56,25.26,23.32,26.28,84.03,17.87,100.76,2.88,109.2,24.85,35.11,0.58,0.62,42.41
2017-03-24,PHU CAT,13.767,109.217,0.33,26.41,27.56,25.48,24.15,26.4,87.51,18.78,100.84,2.2,118.7,23.5,35.64,0.58,0.62,24.04
2017-03-25,PHU CAT,13.767,109.217,0.07,26.33,27.54,25.35,23.49,26.54,84.35,18.02,100.92,3.46,105.0,24.2,34.93,0.57,0.62,21.23
2017-03-26,PHU CAT,13.767,109.217,0.94,26.04,27.3,25.12,23.46,26.52,85.77,17.96,101.09,4.23,34.1,23.24,36.07,0.56,0.61,68.37
2017-03-27,PHU CAT,13.767,109.217,2.77,25.9,27.15,24.94,23.13,25.99,84.71,17.58,101.15,5.01,41.3,15.18,36.43,0.59,0.61,77.85
2017-03-28,PHU CAT,13.767,109.217,1.68,25.65,26.75,24.91,23.21,25.96,86.47,17.7,101.0,3.76,26.1,15.21,36.56,0.57,0.61,71.28
2017-03-29,PHU CAT,13.767,109.217,1.78,25.86,27.0,24.8,23.76,25.88,88.18,18.29,101.07,2.24,66.4,17.34,36.69,0.58,0.61,95.46
2017-03-30,PHU CAT,13.767,109.217,2.69,26.03,27.15,25.19,23.79,26.06,87.53,18.34,101.03,1.74,113.2,14.85,36.73,0.59,0.61,96.97
2017-03-31,PHU CAT,13.767,109.217,4.25,26.27,27.64,25.05,23.78,26.39,86.29,18.35,100.87,2.83,92.4,21.19,36.67,0.59,0.61,85.41
2017-04-01,PHU CAT,13.767,109.217,7.73,24.74,25.57,24.04,22.64,25.4,88.05,17.1,100.99,7.01,357.5,12.46,35.9,0.62,0.61,91.23
2017-04-02,PHU CAT,13.767,109.217,23.38,25.06,25.57,24.64,22.78,25.31,87.08,17.23,101.04,7.47,31.3,6.13,36.39,0.74,0.64,98.75
2017-04-03,PHU CAT,13.767,109.217,1.35,25.13,26.22,24.17,21.87,25.21,82.13,16.29,101.07,5.94,18.6,12.87,36.36,0.64,0.65,86.97
2017-04-04,PHU CAT,13.767,109.217,2.29,24.98,25.99,24.38,22.59,25.31,86.69,17.06,100.94,4.14,9.8,13.48,36.67,0.62,0.65,91.46
2017-04-05,PHU CAT,13.767,109.217,2.58,25.38,26.29,24.78,23.84,25.53,91.19,18.44,100.75,2.01,89.6,18.7,36.36,0.64,0.65,68.91
2017-04-06,PHU CAT,13.767,109.217,0.2,26.09,27.26,25.21,24.07,26.32,88.77,18.73,100.68,2.56,126.9,23.47,35.64,0.6,0.64,47.48
2017-04-07,PHU CAT,13.767,109.217,0.15,26.37,27.63,25.36,24.24,26.42,88.09,18.9,100.71,3.59,137.0,23.41,35.71,0.59,0.64,16.74
2017-04-08,PHU CAT,13.767,109.217,0.03,26.41,27.87,25.36,23.73,26.51,85.4,18.35,100.67,3.22,150.7,25.55,35.18,0.58,0.63,6.8
2017-04-09,PHU CAT,13.767,109.217,0.02,27.01,28.82,25.86,24.46,26.87,86.2,19.2,100.49,5.34,162.9,25.83,35.58,0.57,0.62,7.92
2017-04-10,PHU CAT,13.767,109.217,0.05,27.18,29.51,25.69,24.56,26.89,85.99,19.36,100.29,6.01,162.4,24.57,36.04,0.57,0.62,3.36
2017-04-11,PHU CAT,13.767,109.217,0.15,27.39,30.73,25.63,24.48,26.91,84.96,19.27,100.31,4.86,157.3,25.1,36.53,0.56,0.61,24.55
2017-04-12,PHU CAT,13.767,109.217,0.94,26.79,28.48,25.67,24.86,26.66,89.34,19.65,100.55,4.41,143.4,24.44,36.56,0.56,0.61,49.53
2017-04-13,PHU CAT,13.767,109.217,0.28,26.25,27.73,25.02,23.91,26.48,87.08,18.5,100.9,2.59,65.4,17.84,35.31,0.56,0.61,51.88
2017-04-14,PHU CAT,13.767,109.217,0.02,26.14,27.55,25.18,23.0,26.52,82.95,17.52,100.81,1.97,85.1,24.9,34.39,0.55,0.6,72.12
2017-04-15,PHU CAT,13.767,109.217,0.02,26.32,27.57,25.57,22.88,26.92,81.48,17.4,100.74,3.06,133.5,25.61,34.04,0.54,0.6,44.84
2017-04-16,PHU CAT,13.767,109.217,0.06,26.75,27.98,25.87,23.0,27.46,80.02,17.53,100.77,3.05,111.4,26.55,33.73,0.54,0.59,6.27
2017-04-17,PHU CAT,13.767,109.217,0.0,27.18,28.8,26.2,22.69,27.82,76.69,17.22,100.65,3.15,127.7,25.74,34.67,0.53,0.59,48.3
2017-04-18,PHU CAT,13.767,109.217,0.01,27.51,29.05,26.62,24.06,27.79,81.65,18.74,100.55,4.24,153.2,23.51,35.85,0.53,0.58,25.43
2017-04-19,PHU CAT,13.767,109.217,0.23,27.96,29.85,26.88,25.37,27.94,86.12,20.3,100.46,5.29,152.2,23.02,37.15,0.52,0.58,48.26
2017-04-20,PHU CAT,13.767,109.217,0.76,27.73,29.42,26.67,25.57,27.48,88.21,20.54,100.48,4.62,154.2,23.29,36.65,0.54,0.58,22.72
2017-04-21,PHU CAT,13.767,109.217,0.81,28.15,30.8,26.72,25.54,27.82,86.26,20.53,100.39,4.0,154.4,24.38,36.76,0.53,0.57,17.71
2017-04-22,PHU CAT,13.767,109.217,17.32,27.31,29.8,25.14,25.2,27.56,88.4,20.09,100.51,4.39,17.8,20.7,37.58,0.58,0.57,75.7
2017-04-23,PHU CAT,13.767,109.217,11.08,26.58,27.49,25.48,24.78,26.86,89.82,19.54,100.66,4.13,11.7,19.33,36.83,0.67,0.62,89.32
2017-04-24,PHU CAT,13.767,109.217,2.26,26.87,28.05,25.98,24.64,27.14,87.67,19.38,100.7,2.31,136.4,20.72,36.84,0.6,0.62,83.04
2017-04-25,PHU CAT,13.767,109.217,1.59,27.76,29.53,26.59,24.61,27.94,83.31,19.37,100.59,4.59,155.9,20.63,36.92,0.57,0.61,82.38
2017-04-26,PHU CAT,13.767,109.217,0.78,28.17,30.29,26.84,24.71,28.1,82.03,19.5,100.57,4.14,155.7,23.48,36.83,0.56,0.61,66.97
2017-04-27,PHU CAT,13.767,109.217,2.19,27.8,28.92,26.86,24.93,27.91,84.51,19.73,100.65,2.92,150.2,21.29,37.11,0.58,0.6,65.3
2017-04-28,PHU CAT,13.767,109.217,2.07,27.47,28.54,26.68,24.76,27.98,85.26,19.51,100.74,3.52,35.7,21.03,36.82,0.57,0.6,44.55
2017-04-29,PHU CAT,13.767,109.217,3.31,26.94,27.97,26.17,24.72,27.6,87.64,19.45,100.79,4.66,33.9,16.18,37.02,0.59,0.6,75.94
2017-04-30,PHU CAT,13.767,109.217,0.67,27.24,27.81,26.8,24.59,27.85,85.36,19.3,100.72,2.88,93.6,19.81,37.05,0.57,0.6,43.25
2017-05-01,PHU CAT,13.767,109.217,1.86,28.11,29.44,27.22,25.05,28.34,83.67,19.88,100.65,4.52,147.7,24.92,36.78,0.55,0.6,17.38
2017-05-02,PHU CAT,13.767,109.217,2.22,28.08,29.4,27.04,25.77,27.93,87.4,20.77,100.59,4.52,158.7,22.36,37.05,0.59,0.6,60.01
2017-05-03,PHU CAT,13.767,109.217,2.01,28.5,30.3,26.95,25.5,28.16,84.17,20.45,100.55,3.6,170.6,22.56,37.06,0.57,0.6,37.39
2017-05-04,PHU CAT,13.767,109.217,1.77,28.13,29.52,27.12,25.98,28.08,88.24,21.02,100.62,4.12,152.0,25.08,36.3,0.58,0.6,26.63
2017-05-05,PHU CAT,13.767,109.217,1.17,28.07,29.2,27.24,25.62,27.95,86.63,20.53,100.81,2.8,129.1,23.7,36.57,0.57,0.6,70.68
2017-05-06,PHU CAT,13.767,109.217,2.29,27.26,28.17,26.24,22.88,27.51,77.01,17.38,100.92,1.75,122.4,24.13,36.51,0.58,0.6,68.4
2017-05-07,PHU CAT,13.767,109.217,2.19,27.75,28.93,27.06,24.72,28.16,83.73,19.46,100.78,2.46,106.3,20.88,36.91,0.57,0.6,85.33
2017-05-08,PHU CAT,13.767,109.217,2.39,27.91,28.91,27.03,24.82,28.15,83.42,19.62,100.6,3.19,145.1,22.81,36.93,0.58,0.6,79.21
2017-05-09,PHU CAT,13.767,109.217,3.2,28.06,29.19,27.23,24.97,28.41,83.38,19.77,100.69,3.36,123.4,23.74,36.73,0.58,0.6,81.3
2017-05-10,PHU CAT,13.767,109.217,2.3,28.09,29.3,27.49,24.37,28.48,80.49,19.07,100.78,2.49,97.6,20.28,37.07,0.58,0.6,89.96
2017-05-11,PHU CAT,13.767,109.217,3.49,28.29,28.93,27.8,24.94,28.43,82.03,19.71,100.75,2.35,67.7,20.96,37.15,0.59,0.6,86.17
2017-05-12,PHU CAT,13.767,109.217,2.27,28.59,29.82,27.59,25.24,28.82,82.28,20.12,100.57,2.35,87.6,23.3,36.71,0.57,0.6,83.18
2017-05-13,PHU CAT,13.767,109.217,3.56,28.5,29.57,27.68,24.54,28.91,79.22,19.3,100.52,3.2,97.6,15.7,37.24,0.59,0.6,98.03
2017-05-14,PHU CAT,13.767,109.217,4.19,28.29,29.28,27.38,25.23,28.99,83.54,20.13,100.43,4.19,136.0,15.9,37.16,0.59,0.6,95.13
2017-05-15,PHU CAT,13.767,109.217,6.62,28.64,29.8,27.89,25.41,29.16,82.76,20.37,100.32,4.52,151.9,21.83,37.1,0.6,0.6,84.11
2017-05-16,PHU CAT,13.767,109.217,6.61,28.1,28.62,27.51,25.31,28.84,84.86,20.26,100.26,3.93,144.8,21.11,37.5,0.64,0.62,92.95
2017-05-17,PHU CAT,13.767,109.217,26.8,27.8,28.11,27.33,25.68,28.39,88.16,20.69,100.36,3.81,30.7,18.34,37.49,0.71,0.63,94.96
2017-05-18,PHU CAT,13.767,109.217,5.83,28.18,28.79,27.59,25.61,28.52,85.93,20.58,100.47,3.0,5.3,22.74,37.84,0.71,0.67,78.66
2017-05-19,PHU CAT,13.767,109.217,80.23,28.64,29.49,27.93,25.83,28.85,84.92,20.9,100.34,3.08,154.2,22.46,37.88,0.79,0.69,87.87
2017-05-20,PHU CAT,13.767,109.217,13.59,29.15,30.49,27.84,26.22,29.12,84.38,21.43,100.12,3.01,182.1,20.45,37.78,0.79,0.73,93.37
2017-05-21,PHU CAT,13.767,109.217,5.88,29.11,30.47,28.04,26.51,29.06,85.96,21.8,100.1,3.88,178.7,24.11,37.89,0.79,0.74,71.71
2017-05-22,PHU CAT,13.767,109.217,6.74,28.89,30.01,27.69,26.45,28.88,86.74,21.72,100.18,3.84,199.0,24.06,37.64,0.79,0.74,72.52
2017-05-23,PHU CAT,13.767,109.217,1.67,29.33,31.24,27.86,26.61,29.25,85.49,21.93,100.19,4.63,178.4,23.84,37.85,0.76,0.74,71.7
2017-05-24,PHU CAT,13.767,109.217,2.14,29.21,30.73,27.59,26.17,29.22,83.82,21.36,100.21,2.54,214.7,24.2,37.63,0.76,0.74,73.16
2017-05-25,PHU CAT,13.767,109.217,6.42,29.18,31.22,28.02,26.05,29.31,83.46,21.19,100.25,3.34,130.1,20.96,38.05,0.77,0.74,94.67
2017-05-26,PHU CAT,13.767,109.217,19.41,28.28,29.47,27.23,25.86,28.74,86.73,20.95,100.27,4.06,233.8,14.74,37.48,0.84,0.76,99.18
2017-05-27,PHU CAT,13.767,109.217,19.98,27.95,29.14,27.33,25.14,28.74,84.74,20.05,100.28,1.95,4.8,17.53,37.52,0.86,0.78,98.72
2017-05-28,PHU CAT,13.767,109.217,34.3,28.04,28.82,27.52,25.62,28.7,86.73,20.63,100.29,3.17,137.6,18.18,37.86,0.91,0.82,97.3
2017-05-29,PHU CAT,13.767,109.217,12.79,28.45,29.69,27.64,25.76,28.48,85.49,20.8,100.38,3.32,184.9,18.39,37.51,0.87,0.84,96.52
2017-05-30,PHU CAT,13.767,109.217,3.75,28.61,29.57,27.77,26.29,28.79,87.26,21.44,100.45,4.43,169.2,24.2,37.37,0.85,0.84,61.31
2017-05-31,PHU CAT,13.767,109.217,0.23,28.95,30.17,28.01,26.29,28.95,85.68,21.47,100.35,4.43,176.4,25.13,37.35,0.83,0.83,51.01
2017-06-01,PHU CAT,13.767,109.217,0.35,29.6,31.51,28.27,26.69,29.13,84.59,22.02,100.2,4.62,192.3,24.89,37.95,0.82,0.83,53.26
2017-06-02,PHU CAT,13.767,109.217,0.42,29.74,31.85,28.2,26.2,29.03,81.46,21.39,100.17,4.23,224.8,24.81,37.6,0.82,0.82,41.53
2017-06-03,PHU CAT,13.767,109.217,0.12,29.23,31.29,27.58,25.75,28.67,81.68,20.83,100.16,4.53,227.5,24.9,37.1,0.81,0.81,55.49
2017-06-04,PHU CAT,13.767,109.217,0.24,29.18,30.59,27.98,25.72,28.62,81.63,20.8,100.12,4.79,236.5,25.14,37.28,0.81,0.81,69.19
2017-06-05,PHU CAT,13.767,109.217,1.74,28.81,30.07,27.45,25.77,28.61,83.71,20.85,100.22,3.97,209.5,22.74,37.35,0.81,0.8,90.81
2017-06-06,PHU CAT,13.767,109.217,5.2,28.83,30.64,27.4,25.24,28.96,81.1,20.18,100.31,5.12,210.9,20.7,37.71,0.82,0.8,95.03
2017-06-07,PHU CAT,13.767,109.217,4.37,28.93,30.69,27.45,25.0,29.09,79.53,19.87,100.37,3.48,196.3,21.44,37.13,0.82,0.8,86.26
2017-06-08,PHU CAT,13.767,109.217,9.51,28.79,30.31,27.85,25.48,28.79,82.52,20.47,100.32,3.82,176.6,22.85,37.88,0.84,0.81,80.68
2017-06-09,PHU CAT,13.767,109.217,2.07,28.89,30.4,27.25,25.55,28.8,82.29,20.54,100.31,2.93,200.2,20.93,37.77,0.82,0.81,92.45
2017-06-10,PHU CAT,13.767,109.217,7.86,28.71,30.56,27.25,25.4,28.85,82.44,20.39,100.31,4.08,230.8,19.82,37.96,0.84,0.81,96.5
2017-06-11,PHU CAT,13.767,109.217,10.73,29.04,31.31,27.24,24.93,28.98,78.86,19.8,100.28,3.33,237.8,15.67,37.36,0.84,0.81,99.34
2017-06-12,PHU CAT,13.767,109.217,1.95,28.23,29.06,27.46,25.24,28.66,83.8,20.18,100.23,4.5,230.0,18.25,37.16,0.83,0.82,83.92
2017-06-13,PHU CAT,13.767,109.217,0.58,29.07,31.2,27.21,25.18,29.07,79.91,20.1,100.37,5.11,193.7,24.05,37.08,0.81,0.81,79.36
2017-06-14,PHU CAT,13.767,109.217,1.95,28.92,31.22,26.88,25.29,29.02,81.38,20.23,100.46,4.43,189.7,23.05,37.55,0.81,0.8,58.99
2017-06-15,PHU CAT,13.767,109.217,2.08,29.05,31.1,27.46,25.64,28.9,82.19,20.66,100.4,4.39,187.0,24.72,37.21,0.81,0.8,21.63
2017-06-16,PHU CAT,13.767,109.217,1.54,29.24,30.93,27.94,26.25,28.96,84.18,21.45,100.27,4.24,183.6,24.59,37.08,0.81,0.8,47.55
2017-06-17,PHU CAT,13.767,109.217,2.5,29.29,31.26,27.72,26.4,28.94,84.67,21.66,100.13,4.2,196.9,23.71,37.31,0.8,0.79,79.6
2017-06-18,PHU CAT,13.767,109.217,4.59,28.9,30.2,27.72,26.41,28.87,86.5,21.67,100.15,4.4,190.3,21.6,37.49,0.82,0.79,97.6
2017-06-19,PHU CAT,13.767,109.217,3.25,28.85,30.71,27.23,25.95,28.76,84.61,21.09,100.2,3.93,186.5,23.01,37.13,0.81,0.79,82.44
2017-06-20,PHU CAT,13.767,109.217,1.01,28.62,30.47,26.88,25.5,28.65,83.39,20.53,100.16,3.86,207.8,23.95,37.03,0.8,0.79,77.22
2017-06-21,PHU CAT,13.767,109.217,1.38,28.76,30.95,27.42,25.19,28.72,81.27,20.14,100.18,3.49,203.7,23.24,37.38,0.79,0.79,72.42
2017-06-22,PHU CAT,13.767,109.217,1.0,28.72,30.36,27.5,25.83,28.69,84.78,20.97,100.25,3.36,163.9,23.99,37.49,0.78,0.78,67.78
2017-06-23,PHU CAT,13.767,109.217,2.47,28.09,29.16,26.94,25.28,28.33,84.72,20.25,100.15,4.39,187.9,24.59,37.21,0.8,0.78,62.91
2017-06-24,PHU CAT,13.767,109.217,1.83,27.69,28.49,27.1,25.0,27.89,85.32,19.9,100.2,4.58,186.3,15.88,37.37,0.8,0.78,79.6
2017-06-25,PHU CAT,13.767,109.217,2.46,28.35,30.0,27.11,25.44,28.45,84.42,20.42,100.27,5.05,171.3,24.46,36.92,0.79,0.77,31.08
2017-06-26,PHU CAT,13.767,109.217,2.21,28.24,29.64,27.26,25.57,28.36,85.58,20.56,100.35,4.7,164.8,24.96,36.91,0.79,0.77,24.26
2017-06-27,PHU CAT,13.767,109.217,6.5,28.23,29.13,27.57,25.88,28.28,87.14,20.92,100.45,5.54,156.1,24.79,36.94,0.8,0.77,46.89
2017-06-28,PHU CAT,13.767,109.217,4.39,28.11,29.19,27.29,25.68,28.04,86.71,20.67,100.46,5.26,157.8,23.98,36.96,0.8,0.78,71.09
2017-06-29,PHU CAT,13.767,109.217,6.87,27.66,28.4,26.95,25.07,27.77,85.85,19.93,100.43,4.51,168.1,22.87,37.17,0.81,0.78,82.97
2017-06-30,PHU CAT,13.767,109.217,2.66,27.96,29.23,26.65,25.37,27.83,85.91,20.32,100.32,3.56,191.3,22.85,37.46,0.8,0.78,69.74
2017-07-01,PHU CAT,13.767,109.217,1.19,28.41,30.45,27.0,25.37,28.05,83.76,20.33,100.26,4.33,206.3,24.74,37.11,0.79,0.78,65.93
2017-07-02,PHU CAT,13.767,109.217,4.58,27.93,29.63,26.74,25.46,27.83,86.52,20.44,100.25,4.89,228.1,23.15,36.84,0.8,0.78,91.89
2017-07-03,PHU CAT,13.767,109.217,0.9,28.45,29.89,27.16,25.77,28.25,85.45,20.82,100.25,3.15,211.4,17.34,37.36,0.79,0.77,98.33
2017-07-04,PHU CAT,13.767,109.217,3.99,27.61,28.14,26.93,25.32,28.07,87.29,20.26,100.31,4.9,196.0,22.84,37.2,0.8,0.78,86.94
2017-07-05,PHU CAT,13.767,109.217,11.26,27.9,29.3,26.59,24.69,28.18,82.78,19.5,100.42,2.24,204.1,12.86,37.05,0.83,0.78,99.63
2017-07-06,PHU CAT,13.767,109.217,9.84,27.75,28.92,26.94,24.92,28.01,84.62,19.76,100.41,4.55,198.3,15.46,36.89,0.83,0.79,94.98
2017-07-07,PHU CAT,13.767,109.217,2.95,28.28,30.25,26.68,25.2,28.16,83.56,20.1,100.42,3.86,211.7,24.4,36.68,0.81,0.8,68.67
2017-07-08,PHU CAT,13.767,109.217,6.82,28.19,29.91,26.65,25.24,28.05,84.13,20.13,100.46,3.41,200.4,24.28,36.99,0.82,0.8,78.77
2017-07-09,PHU CAT,13.767,109.217,7.22,28.06,29.31,26.86,25.47,28.15,85.94,20.43,100.43,3.76,178.7,24.54,37.17,0.83,0.8,65.49
2017-07-10,PHU CAT,13.767,109.217,7.96,28.4,29.99,27.23,25.6,28.36,84.91,20.61,100.31,2.83,198.2,24.26,37.22,0.84,0.81,74.03
2017-07-11,PHU CAT,13.767,109.217,8.15,27.98,29.16,27.14,25.09,28.32,84.41,19.98,100.36,3.91,156.3,20.32,37.22,0.84,0.81,97.29
2017-07-12,PHU CAT,13.767,109.217,5.86,28.12,29.46,26.85,24.79,28.37,82.26,19.62,100.33,3.59,191.3,19.59,37.67,0.84,0.82,93.28
2017-07-13,PHU CAT,13.767,109.217,14.26,27.49,28.55,26.53,25.1,28.22,86.75,20.02,100.23,3.82,289.1,14.84,37.19,0.87,0.83,99.18
2017-07-14,PHU CAT,13.767,109.217,18.02,27.25,28.18,26.71,24.26,27.94,83.77,19.04,100.14,4.46,234.0,12.83,36.72,0.88,0.84,99.72
2017-07-15,PHU CAT,13.767,109.217,33.34,27.43,29.14,26.32,24.49,27.84,84.01,19.34,99.92,5.09,229.3,9.12,37.04,0.93,0.88,99.55
2017-07-16,PHU CAT,13.767,109.217,9.48,27.03,28.64,26.15,23.97,27.52,83.41,18.74,99.94,5.93,206.2,13.61,37.04,0.9,0.9,99.83
2017-07-17,PHU CAT,13.767,109.217,7.31,27.96,29.65,26.7,24.48,28.09,81.59,19.28,100.27,5.36,212.2,17.38,37.42,0.88,0.89,99.08
2017-07-18,PHU CAT,13.767,109.217,8.85,28.34,30.6,27.11,24.71,28.6,80.97,19.51,100.44,3.23,183.1,18.5,37.66,0.88,0.9,98.1
2017-07-19,PHU CAT,13.767,109.217,6.55,28.02,29.15,26.48,24.97,28.3,83.54,19.87,100.19,4.03,201.4,22.36,37.17,0.88,0.9,93.15
2017-07-20,PHU CAT,13.767,109.217,18.05,28.07,29.63,26.96,24.87,28.5,82.86,19.75,100.18,4.94,203.7,14.41,36.9,0.9,0.9,98.06
2017-07-21,PHU CAT,13.767,109.217,10.71,27.86,28.84,27.01,25.13,28.37,85.07,20.04,100.32,4.5,229.1,21.14,36.92,0.91,0.92,87.98
2017-07-22,PHU CAT,13.767,109.217,9.74,28.49,30.35,26.88,24.9,28.58,80.96,19.75,100.33,3.32,245.6,18.1,37.21,0.9,0.92,93.86
2017-07-23,PHU CAT,13.767,109.217,8.15,28.5,30.88,27.18,24.59,28.87,79.67,19.44,100.12,2.59,235.3,19.67,37.21,0.89,0.92,94.43
2017-07-24,PHU CAT,13.767,109.217,68.29,27.73,28.84,26.98,25.16,28.47,85.87,20.16,99.85,3.26,218.8,10.87,36.84,0.98,0.95,99.61
2017-07-25,PHU CAT,13.767,109.217,53.77,27.58,28.56,26.69,25.24,28.15,87.0,20.27,99.83,5.54,192.8,12.96,36.43,0.96,0.98,99.83
2017-07-26,PHU CAT,13.767,109.217,26.45,28.16,29.38,26.98,25.14,28.5,83.73,20.12,99.99,3.97,199.9,11.17,37.25,0.96,0.98,99.67
2017-07-27,PHU CAT,13.767,109.217,10.21,28.55,30.37,27.19,25.13,28.59,81.87,20.08,100.07,5.33,224.5,15.71,37.53,0.94,0.97,98.47
2017-07-28,PHU CAT,13.767,109.217,6.35,28.93,30.63,27.51,25.26,28.88,80.74,20.23,100.15,4.38,224.4,22.1,37.37,0.93,0.97,91.46
2017-07-29,PHU CAT,13.767,109.217,16.22,28.45,29.94,27.46,25.42,28.75,83.68,20.43,100.07,4.38,229.4,18.77,37.23,0.95,0.97,97.42
2017-07-30,PHU CAT,13.767,109.217,9.14,29.09,30.77,27.86,25.82,28.95,82.64,20.95,99.98,5.33,223.0,22.34,37.47,0.94,0.97,78.49
2017-07-31,PHU CAT,13.767,109.217,1.64,29.48,31.92,27.95,25.8,29.19,80.87,20.92,100.02,5.25,229.8,23.08,37.44,0.93,0.96,78.42
2017-08-01,PHU CAT,13.767,109.217,0.81,29.26,30.96,28.06,25.82,29.01,81.92,20.92,100.13,5.12,232.0,22.12,37.92,0.92,0.96,89.75
2017-08-02,PHU CAT,13.767,109.217,0.72,29.55,31.93,27.68,25.87,29.09,80.95,21.03,99.97,5.27,244.9,23.92,37.33,0.92,0.95,72.11
2017-08-03,PHU CAT,13.767,109.217,1.41,29.39,31.26,27.92,25.9,29.04,81.61,21.07,99.86,5.18,236.2,23.14,37.79,0.91,0.95,79.88
2017-08-04,PHU CAT,13.767,109.217,6.71,28.72,29.97,27.81,25.71,28.82,83.84,20.81,100.0,4.21,212.6,18.73,38.06,0.92,0.95,95.29
2017-08-05,PHU CAT,13.767,109.217,4.1,28.68,30.26,27.6,25.37,28.88,82.33,20.34,100.24,4.81,217.9,21.6,38.05,0.92,0.95,89.57
2017-08-06,PHU CAT,13.767,109.217,4.32,28.92,30.92,27.1,25.18,29.14,80.61,20.11,100.36,3.37,231.4,20.39,37.83,0.91,0.95,87.4
2017-08-07,PHU CAT,13.767,109.217,5.65,28.81,30.57,27.14,25.22,29.22,81.09,20.13,100.41,2.57,243.6,23.97,37.45,0.92,0.95,56.14
2017-08-08,PHU CAT,13.767,109.217,4.9,29.57,31.79,27.72,26.04,29.67,81.85,21.2,100.35,3.67,198.0,25.05,37.71,0.91,0.94,36.53
2017-08-09,PHU CAT,13.767,109.217,1.29,29.39,30.88,28.08,26.4,29.39,84.12,21.62,100.33,4.3,204.5,24.95,37.41,0.91,0.94,29.12
2017-08-10,PHU CAT,13.767,109.217,0.65,29.47,31.32,27.64,26.27,29.36,83.14,21.46,100.27,3.94,206.9,25.09,37.16,0.9,0.93,20.89
2017-08-11,PHU CAT,13.767,109.217,0.89,29.17,30.79,28.1,26.27,29.16,84.58,21.46,100.32,4.77,177.6,24.17,37.6,0.9,0.93,66.26
2017-08-12,PHU CAT,13.767,109.217,0.74,28.9,30.54,27.74,26.32,29.01,86.13,21.51,100.39,5.1,166.8,25.37,37.05,0.9,0.93,19.86
2017-08-13,PHU CAT,13.767,109.217,0.91,28.72,30.1,27.92,26.11,28.95,85.87,21.22,100.44,5.49,160.2,25.7,37.13,0.89,0.92,23.81
2017-08-14,PHU CAT,13.767,109.217,3.63,28.97,30.54,27.75,26.25,28.84,85.32,21.42,100.36,4.46,168.2,24.14,37.22,0.89,0.92,55.6
2017-08-15,PHU CAT,13.767,109.217,15.71,28.52,29.78,27.24,25.8,28.58,85.25,20.86,100.31,4.1,178.8,23.82,37.02,0.92,0.92,71.67
2017-08-16,PHU CAT,13.767,109.217,11.31,28.25,29.71,27.14,24.66,28.56,81.06,19.48,100.27,3.35,177.8,13.74,37.45,0.92,0.93,99.28
2017-08-17,PHU CAT,13.767,109.217,16.43,27.56,28.36,26.45,24.62,28.49,84.03,19.44,100.27,2.69,114.7,17.11,37.2,0.93,0.94,98.89
2017-08-18,PHU CAT,13.767,109.217,18.47,27.63,28.23,27.13,25.15,28.53,86.36,20.06,100.31,4.55,104.8,17.65,37.3,0.94,0.95,88.35
2017-08-19,PHU CAT,13.767,109.217,1.83,28.39,29.28,27.74,25.06,28.67,82.16,19.93,100.34,3.47,137.5,21.58,37.3,0.91,0.95,89.1
2017-08-20,PHU CAT,13.767,109.217,1.5,28.45,29.66,27.52,25.02,28.89,81.87,19.93,100.23,2.57,128.7,24.49,37.55,0.91,0.94,57.75
2017-08-21,PHU CAT,13.767,109.217,2.32,28.84,30.63,27.96,25.42,29.03,81.91,20.44,100.07,2.8,159.3,21.39,37.24,0.91,0.94,85.11
2017-08-22,PHU CAT,13.767,109.217,2.79,29.1,31.26,27.36,25.91,29.03,83.09,21.08,99.94,4.39,222.5,23.46,36.66,0.9,0.93,92.74
2017-08-23,PHU CAT,13.767,109.217,2.62,28.6,30.25,27.38,25.54,28.8,83.63,20.6,100.04,5.77,223.6,21.24,36.92,0.9,0.93,98.16
2017-08-24,PHU CAT,13.767,109.217,9.24,29.0,30.82,27.45,25.72,29.0,82.64,20.8,100.14,4.3,217.1,22.9,37.06,0.91,0.93,81.55
2017-08-25,PHU CAT,13.767,109.217,17.17,28.5,30.12,27.22,25.35,28.79,83.1,20.34,100.1,3.05,241.5,22.1,37.43,0.93,0.94,86.72
2017-08-26,PHU CAT,13.767,109.217,11.58,27.3,27.77,26.99,24.4,28.72,84.17,19.23,100.01,3.05,140.0,10.03,37.05,0.93,0.95,96.98
2017-08-27,PHU CAT,13.767,109.217,8.09,28.2,29.23,27.48,24.66,28.8,81.2,19.5,100.2,4.27,184.7,20.95,36.9,0.93,0.95,84.43
2017-08-28,PHU CAT,13.767,109.217,12.72,28.88,30.45,27.86,25.0,29.22,79.93,19.92,100.3,4.89,172.3,21.53,36.71,0.93,0.95,98.9
2017-08-29,PHU CAT,13.767,109.217,3.27,28.16,28.48,27.55,24.51,28.72,80.54,19.28,100.39,2.2,178.6,21.14,36.95,0.92,0.95,84.4
2017-08-30,PHU CAT,13.767,109.217,3.24,28.6,29.56,27.7,25.18,29.29,81.78,20.07,100.43,2.76,158.5,23.49,37.21,0.92,0.95,60.63
2017-08-31,PHU CAT,13.767,109.217,5.52,28.87,30.12,27.64,24.68,29.29,78.23,19.49,100.41,3.03,237.6,22.36,36.96,0.92,0.95,71.19
2017-09-01,PHU CAT,13.767,109.217,12.09,29.69,31.55,28.14,25.69,29.81,79.38,20.74,100.27,3.5,222.0,24.23,37.05,0.93,0.95,63.14
2017-09-02,PHU CAT,13.767,109.217,0.8,29.37,31.43,27.59,25.84,29.54,81.53,20.95,100.19,3.79,231.1,22.46,36.95,0.91,0.95,92.92
2017-09-03,PHU CAT,13.767,109.217,2.61,29.64,31.32,28.26,26.12,29.65,81.61,21.29,100.24,4.04,189.6,22.0,37.71,0.91,0.94,99.36
2017-09-04,PHU CAT,13.767,109.217,2.08,29.35,30.51,28.36,26.15,29.42,82.97,21.29,100.34,4.16,200.3,19.61,38.22,0.91,0.94,85.1
2017-09-05,PHU CAT,13.767,109.217,4.49,29.62,31.25,28.44,26.14,29.63,81.69,21.28,100.36,4.06,198.6,24.06,37.48,0.91,0.94,60.73
2017-09-06,PHU CAT,13.767,109.217,5.88,29.34,30.56,28.14,25.86,29.53,81.74,20.93,100.38,3.46,206.8,19.93,37.21,0.91,0.94,90.8
2017-09-07,PHU CAT,13.767,109.217,4.73,29.34,30.56,28.18,25.48,29.49,79.98,20.45,100.47,2.36,196.9,23.35,37.3,0.91,0.94,54.05
2017-09-08,PHU CAT,13.767,109.217,2.1,28.91,29.88,27.86,25.82,29.62,83.4,20.85,100.48,4.46,166.2,24.59,36.52,0.91,0.94,6.04
2017-09-09,PHU CAT,13.767,109.217,0.86,28.93,30.2,27.97,25.34,29.75,81.1,20.27,100.45,5.02,166.1,24.9,36.4,0.9,0.93,28.43
2017-09-10,PHU CAT,13.767,109.217,2.56,28.97,30.28,27.94,25.29,29.65,80.62,20.2,100.49,3.71,148.7,24.96,36.58,0.9,0.93,14.23
2017-09-11,PHU CAT,13.767,109.217,3.03,28.85,30.12,27.6,24.99,29.61,79.79,19.85,100.5,3.15,156.5,24.52,36.97,0.9,0.93,49.33
2017-09-12,PHU CAT,13.767,109.217,2.82,28.95,30.13,28.12,24.93,29.33,79.1,19.78,100.49,3.73,1.1,23.85,36.61,0.9,0.92,78.98
2017-09-13,PHU CAT,13.767,109.217,5.71,28.92,30.0,27.7,25.51,29.24,81.88,20.52,100.22,5.15,313.2,16.24,37.06,0.9,0.92,99.49
2017-09-14,PHU CAT,13.767,109.217,12.95,28.34,29.78,27.41,24.77,28.96,81.1,19.71,99.79,7.89,227.0,4.04,36.95,0.92,0.93,99.02
2017-09-15,PHU CAT,13.767,109.217,5.05,29.04,30.61,28.0,26.02,29.21,83.94,21.19,100.16,5.88,176.8,18.54,37.24,0.9,0.93,98.57
2017-09-16,PHU CAT,13.767,109.217,13.68,28.87,29.99,27.49,25.76,29.22,83.42,20.77,100.55,5.11,173.9,21.12,37.26,0.92,0.93,96.68
2017-09-17,PHU CAT,13.767,109.217,8.6,29.07,31.23,27.69,25.03,29.39,79.18,19.87,100.6,2.56,312.1,23.19,37.44,0.92,0.94,61.75
2017-09-18,PHU CAT,13.767,109.217,3.02,28.67,29.57,27.94,25.32,29.27,82.1,20.23,100.5,2.04,63.9,23.96,36.98,0.91,0.93,44.3
2017-09-19,PHU CAT,13.767,109.217,1.77,28.85,30.65,27.85,25.03,29.51,80.08,19.91,100.39,2.81,121.7,23.44,37.1,0.9,0.93,65.75
2017-09-20,PHU CAT,13.767,109.217,0.81,28.65,29.55,27.96,25.13,29.4,81.29,20.03,100.34,3.11,118.1,22.92,36.95,0.89,0.92,44.86
2017-09-21,PHU CAT,13.767,109.217,10.47,28.08,28.99,27.26,24.7,29.16,81.93,19.53,100.32,3.06,120.8,20.13,37.08,0.91,0.92,89.92
2017-09-22,PHU CAT,13.767,109.217,33.79,27.75,28.44,27.38,23.4,29.14,77.2,18.02,100.42,2.42,70.5,13.25,37.22,0.92,0.93,98.61
2017-09-23,PHU CAT,13.767,109.217,4.35,28.16,29.07,27.46,23.92,29.15,77.8,18.6,100.4,1.7,83.1,21.35,37.03,0.91,0.94,93.68
2017-09-24,PHU CAT,13.767,109.217,4.87,28.53,29.82,27.46,24.62,29.35,79.91,19.51,100.28,3.4,181.2,18.55,37.25,0.91,0.94,93.21
2017-09-25,PHU CAT,13.767,109.217,1.05,29.13,30.77,27.93,24.96,29.23,78.58,19.86,100.29,3.45,182.6,22.38,36.95,0.9,0.93,61.52
2017-09-26,PHU CAT,13.767,109.217,2.72,28.7,29.73,27.93,25.13,29.17,81.06,20.0,100.47,2.43,120.4,23.11,36.73,0.9,0.93,72.84
2017-09-27,PHU CAT,13.767,109.217,1.42,28.47,29.19,27.93,24.86,29.13,80.83,19.69,100.44,2.56,61.9,19.86,37.18,0.9,0.93,86.66
2017-09-28,PHU CAT,13.767,109.217,1.6,28.54,29.56,27.84,24.51,29.35,78.86,19.27,100.41,2.65,123.7,23.38,37.2,0.89,0.92,46.09
2017-09-29,PHU CAT,13.767,109.217,3.1,28.71,29.52,27.96,25.36,29.46,82.17,20.27,100.55,4.04,144.7,22.48,37.37,0.89,0.92,49.8
2017-09-30,PHU CAT,13.767,109.217,5.63,28.06,29.32,27.31,24.89,29.03,82.96,19.68,100.63,2.24,125.1,18.45,37.14,0.9,0.92,86.44
2017-10-01,PHU CAT,13.767,109.217,17.91,28.04,28.82,27.37,24.86,28.92,82.88,19.68,100.47,2.62,59.7,20.43,37.12,0.92,0.92,88.68
2017-10-02,PHU CAT,13.767,109.217,14.04,27.3,28.0,26.95,24.04,28.45,82.35,18.74,100.41,2.14,101.5,16.29,36.8,0.93,0.94,99.5
2017-10-03,PHU CAT,13.767,109.217,24.82,27.49,28.13,26.77,24.45,28.57,83.51,19.19,100.54,3.29,161.3,7.66,37.14,0.95,0.96,97.15
2017-10-04,PHU CAT,13.767,109.217,3.53,27.95,28.61,27.25,24.18,28.95,79.96,18.85,100.64,2.5,93.9,22.34,36.99,0.92,0.96,55.67
2017-10-05,PHU CAT,13.767,109.217,2.25,28.16,29.08,27.47,24.75,29.12,81.83,19.54,100.54,3.7,13.8,23.56,36.76,0.91,0.95,54.37
2017-10-06,PHU CAT,13.767,109.217,14.18,27.85,28.22,27.41,25.08,28.55,84.85,19.93,100.49,3.64,6.8,20.9,36.69,0.93,0.96,84.58
2017-10-07,PHU CAT,13.767,109.217,4.49,28.24,28.71,27.72,24.74,29.01,81.28,19.54,100.44,3.12,50.7,21.42,36.73,0.92,0.95,45.26
2017-10-08,PHU CAT,13.767,109.217,50.88,28.65,29.13,27.96,25.68,29.03,83.92,20.71,100.26,6.05,0.8,21.58,36.78,0.95,0.95,75.39
2017-10-09,PHU CAT,13.767,109.217,11.06,28.46,29.51,27.86,25.57,28.77,84.35,20.62,100.05,4.0,36.9,12.39,37.41,0.94,0.97,97.72
2017-10-10,PHU CAT,13.767,109.217,2.53,28.66,29.74,28.02,25.59,28.67,83.55,20.61,100.23,3.98,140.2,21.41,37.04,0.92,0.96,81.05
2017-10-11,PHU CAT,13.767,109.217,3.1,28.43,29.3,27.67,24.73,28.84,80.39,19.54,100.37,2.55,39.4,14.69,37.39,0.92,0.96,86.83
2017-10-12,PHU CAT,13.767,109.217,6.17,28.54,29.42,28.0,25.76,28.8,84.9,20.81,100.27,6.03,355.1,16.42,37.19,0.93,0.96,90.02
2017-10-13,PHU CAT,13.767,109.217,2.66,28.36,28.87,27.65,25.36,28.39,83.73,20.33,100.18,5.96,10.0,10.73,37.37,0.92,0.96,99.64
2017-10-14,PHU CAT,13.767,109.217,3.34,28.13,29.42,26.8,24.65,28.51,81.4,19.51,100.13,4.58,359.5,10.57,36.85,0.92,0.95,99.35
2017-10-15,PHU CAT,13.767,109.217,2.76,28.06,29.79,26.83,23.54,28.46,76.74,18.23,100.16,3.34,343.6,15.58,36.52,0.92,0.95,99.06
2017-10-16,PHU CAT,13.767,109.217,31.0,27.29,28.58,26.22,23.87,28.16,81.59,18.57,100.33,5.98,22.8,14.65,37.26,0.95,0.96,97.46
2017-10-17,PHU CAT,13.767,109.217,4.1,27.18,27.77,26.57,23.66,27.99,81.14,18.3,100.51,5.66,351.3,14.12,36.64,0.93,0.96,92.08
2017-10-18,PHU CAT,13.767,109.217,16.03,27.81,28.24,27.2,25.68,28.13,88.13,20.68,100.44,6.27,1.7,14.1,37.06,0.94,0.96,97.17
2017-10-19,PHU CAT,13.767,109.217,33.81,27.71,28.16,27.07,25.36,27.9,86.95,20.28,100.48,7.71,6.2,9.74,37.23,0.97,0.98,99.33
2017-10-20,PHU CAT,13.767,109.217,4.52,27.14,28.17,26.14,24.19,27.89,83.86,18.86,100.64,6.71,10.0,11.42,37.4,0.94,0.98,93.96
2017-10-21,PHU CAT,13.767,109.217,1.86,26.82,27.58,26.05,23.79,27.8,83.45,18.4,100.65,5.5,12.8,19.76,36.17,0.93,0.97,71.71
2017-10-22,PHU CAT,13.767,109.217,3.46,26.7,27.39,26.1,23.87,27.8,84.45,18.49,100.67,5.43,25.2,14.82,37.14,0.93,0.97,76.35
2017-10-23,PHU CAT,13.767,109.217,2.05,26.98,27.67,26.44,23.68,27.68,82.08,18.24,100.85,6.76,26.0,11.19,37.15,0.92,0.96,70.87
2017-10-24,PHU CAT,13.767,109.217,9.42,27.27,28.14,26.42,23.7,27.63,81.03,18.27,100.96,7.21,21.0,18.71,36.42,0.93,0.96,70.66
2017-10-25,PHU CAT,13.767,109.217,8.25,27.26,28.1,26.7,23.87,27.51,81.72,18.43,100.97,7.44,25.5,11.59,36.82,0.93,0.96,96.82
2017-10-26,PHU CAT,13.767,109.217,18.0,26.95,27.67,26.11,23.82,27.29,82.93,18.41,100.83,8.37,15.4,5.29,36.91,0.95,0.97,97.76
2017-10-27,PHU CAT,13.767,109.217,1.22,26.67,27.4,26.14,22.52,27.15,77.97,17.01,100.75,7.67,19.7,17.53,36.19,0.92,0.96,75.24
2017-10-28,PHU CAT,13.767,109.217,1.17,26.87,27.51,26.29,22.74,27.07,78.05,17.22,100.88,7.43,23.3,12.47,36.63,0.91,0.95,75.9
2017-10-29,PHU CAT,13.767,109.217,0.52,26.86,27.61,26.38,22.02,27.07,74.76,16.46,100.97,8.63,23.2,15.15,35.92,0.91,0.94,86.62
2017-10-30,PHU CAT,13.767,109.217,12.59,26.87,27.64,26.16,23.42,27.18,81.53,17.98,100.86,8.72,30.0,16.11,36.22,0.92,0.94,91.38
2017-10-31,PHU CAT,13.767,109.217,63.74,26.64,27.08,26.33,24.28,26.95,86.83,18.94,100.75,8.97,44.5,8.65,36.77,0.98,0.97,99.4
2017-11-01,PHU CAT,13.767,109.217,24.97,26.66,27.16,26.22,24.01,26.76,85.27,18.64,100.69,7.87,37.1,4.66,36.64,0.96,0.99,99.62
2017-11-02,PHU CAT,13.767,109.217,2.72,26.15,27.15,25.31,22.54,26.71,80.5,17.08,100.52,10.11,355.2,13.69,35.72,0.93,0.98,99.62
2017-11-03,PHU CAT,13.767,109.217,95.31,26.33,26.66,25.41,24.24,26.77,88.2,19.01,100.17,14.33,9.9,4.16,36.68,0.98,0.99,99.55
2017-11-04,PHU CAT,13.767,109.217,130.27,26.66,26.86,26.31,25.33,26.78,92.31,20.25,100.43,10.74,74.5,4.33,36.9,1.0,1.0,99.22
2017-11-05,PHU CAT,13.767,109.217,19.26,26.34,26.89,25.66,24.59,26.59,89.97,19.33,100.58,8.02,26.0,9.11,36.99,0.98,1.0,99.43
2017-11-06,PHU CAT,13.767,109.217,8.4,26.61,27.22,25.92,25.1,26.74,91.32,19.95,100.5,3.95,35.0,10.83,36.95,0.97,1.0,90.63
2017-11-07,PHU CAT,13.767,109.217,3.78,26.53,26.94,26.18,24.98,26.64,91.1,19.78,100.61,4.81,15.2,16.62,36.81,0.97,1.0,84.03
2017-11-08,PHU CAT,13.767,109.217,14.27,26.54,27.11,26.18,25.01,26.69,91.24,19.82,100.6,5.37,22.5,14.12,36.56,0.97,1.0,91.71
2017-11-09,PHU CAT,13.767,109.217,2.67,26.39,26.84,25.98,24.9,26.47,91.44,19.69,100.59,5.11,22.4,15.81,36.35,0.96,0.99,93.22
2017-11-10,PHU CAT,13.767,109.217,2.75,26.33,26.82,25.82,24.61,26.43,90.21,19.34,100.64,6.01,19.6,15.29,36.01,0.96,0.99,94.0
2017-11-11,PHU CAT,13.767,109.217,2.31,26.33,27.0,25.99,24.36,26.53,88.84,19.06,100.57,6.06,10.9,15.96,36.5,0.95,0.99,95.32
2017-11-12,PHU CAT,13.767,109.217,0.55,26.48,27.42,25.7,24.08,26.59,86.6,18.75,100.49,5.57,359.3,12.99,35.74,0.94,0.99,60.93
2017-11-13,PHU CAT,13.767,109.217,1.67,26.72,27.67,26.06,24.15,26.8,85.85,18.84,100.52,4.0,17.9,19.92,35.49,0.94,0.98,57.75
2017-11-14,PHU CAT,13.767,109.217,7.54,26.65,27.37,26.24,24.89,26.82,90.0,19.67,100.64,3.75,39.9,14.19,36.96,0.95,0.98,94.34
2017-11-15,PHU CAT,13.767,109.217,5.44,26.79,27.24,26.46,25.29,26.79,91.4,20.13,100.72,4.29,52.9,7.5,36.39,0.94,0.98,63.83
2017-11-16,PHU CAT,13.767,109.217,5.73,26.77,27.61,26.16,25.27,26.85,91.42,20.12,100.69,3.48,30.8,12.25,36.75,0.94,0.98,92.18
2017-11-17,PHU CAT,13.767,109.217,0.7,26.45,27.18,25.76,24.78,26.6,90.52,19.58,100.53,2.54,19.2,15.97,35.65,0.94,0.98,98.97
2017-11-18,PHU CAT,13.767,109.217,20.7,26.7,27.26,26.25,24.68,26.8,88.64,19.45,100.5,5.36,27.5,12.12,36.49,0.95,0.98,97.86
2017-11-19,PHU CAT,13.767,109.217,38.27,26.64,27.02,26.19,25.45,26.62,93.11,20.36,100.58,6.44,60.7,4.85,36.5,0.98,1.0,98.96
2017-11-20,PHU CAT,13.767,109.217,9.51,26.66,27.24,26.29,25.03,26.84,90.73,19.82,100.74,3.76,51.1,17.28,36.06,0.96,1.0,88.84
2017-11-21,PHU CAT,13.767,109.217,11.33,26.77,27.35,26.3,25.06,27.03,90.34,19.88,100.66,4.37,33.2,14.04,36.68,0.96,0.99,92.91
2017-11-22,PHU CAT,13.767,109.217,23.24,26.72,27.01,26.37,24.91,26.83,89.67,19.69,100.65,7.66,28.5,12.2,36.73,0.97,0.99,96.54
2017-11-23,PHU CAT,13.767,109.217,18.38,26.27,26.75,25.93,23.96,26.53,87.04,18.57,100.79,9.5,28.3,5.17,36.74,0.97,1.0,99.51
2017-11-24,PHU CAT,13.767,109.217,12.82,25.95,26.58,25.55,23.54,26.35,86.48,18.07,100.91,10.06,24.1,4.89,36.84,0.96,0.99,98.78
2017-11-25,PHU CAT,13.767,109.217,22.09,26.02,26.2,25.89,24.22,26.18,89.68,18.82,100.97,8.42,21.4,8.96,36.89,0.97,1.0,97.56
2017-11-26,PHU CAT,13.767,109.217,7.11,26.0,26.56,25.6,23.95,26.02,88.35,18.54,100.87,8.87,22.7,8.81,36.57,0.96,1.0,97.48
2017-11-27,PHU CAT,13.767,109.217,6.6,26.01,26.41,25.68,24.2,25.98,89.73,18.86,100.69,7.65,16.7,10.6,36.52,0.96,0.99,99.17
2017-11-28,PHU CAT,13.767,109.217,4.46,26.18,26.49,25.92,24.71,26.18,91.56,19.45,100.74,6.13,21.9,12.28,36.33,0.96,0.99,99.5
2017-11-29,PHU CAT,13.767,109.217,1.29,26.13,26.67,25.75,24.23,26.11,89.17,18.88,100.75,6.0,26.5,9.61,35.65,0.95,0.99,99.1
2017-11-30,PHU CAT,13.767,109.217,4.9,26.2,27.02,25.55,23.74,26.14,86.36,18.34,100.69,7.88,14.4,14.68,35.53,0.95,0.98,99.37
2017-12-01,PHU CAT,13.767,109.217,9.27,25.93,26.56,25.48,24.09,25.99,89.54,18.73,100.7,8.9,22.7,11.54,36.67,0.95,0.99,95.04
2017-12-02,PHU CAT,13.767,109.217,15.15,26.2,26.57,25.88,24.81,26.12,92.01,19.56,100.75,6.72,41.2,7.26,36.39,0.95,0.99,97.6
2017-12-03,PHU CAT,13.767,109.217,40.6,26.13,26.6,25.87,24.59,26.1,91.13,19.29,100.76,6.94,35.9,3.75,36.66,0.98,1.0,99.37
2017-12-04,PHU CAT,13.767,109.217,12.87,25.9,26.54,25.32,23.43,25.91,86.17,17.99,100.81,8.81,31.4,7.37,36.76,0.97,1.0,87.97
2017-12-05,PHU CAT,13.767,109.217,2.18,25.47,26.24,24.89,21.69,25.57,79.55,16.14,100.92,8.37,27.9,11.56,35.95,0.95,0.99,68.71
2017-12-06,PHU CAT,13.767,109.217,1.33,25.41,26.02,24.94,21.97,25.55,81.2,16.42,100.91,6.18,26.3,14.0,36.72,0.95,0.99,80.45
2017-12-07,PHU CAT,13.767,109.217,0.39,25.4,26.21,24.83,21.38,25.45,78.33,15.81,101.02,6.89,32.0,11.37,35.49,0.94,0.98,93.82
2017-12-08,PHU CAT,13.767,109.217,0.36,24.41,25.43,23.45,19.77,24.95,75.34,14.3,101.1,9.73,20.2,12.86,34.69,0.93,0.97,98.57
2017-12-09,PHU CAT,13.767,109.217,0.27,23.95,24.85,23.24,19.3,24.76,75.21,13.89,101.05,7.27,14.1,13.03,33.66,0.93,0.97,66.52
2017-12-10,PHU CAT,13.767,109.217,0.07,24.49,25.14,24.01,20.28,24.94,77.38,14.76,101.06,6.14,7.9,10.86,35.42,0.92,0.96,70.05
2017-12-11,PHU CAT,13.767,109.217,0.07,24.66,25.42,23.95,20.9,25.1,79.54,15.35,101.02,6.0,15.6,13.95,35.12,0.92,0.96,46.0
2017-12-12,PHU CAT,13.767,109.217,0.07,24.75,25.62,24.23,21.2,25.15,80.62,15.65,100.93,5.24,10.3,17.14,34.53,0.91,0.95,35.36
2017-12-13,PHU CAT,13.767,109.217,0.12,25.17,26.11,24.48,22.04,25.25,82.85,16.5,100.85,5.34,4.6,15.02,34.6,0.91,0.94,84.18
2017-12-14,PHU CAT,13.767,109.217,0.76,25.33,26.38,24.8,22.8,25.34,85.85,17.29,100.85,5.79,12.0,15.94,35.0,0.91,0.94,74.79
2017-12-15,PHU CAT,13.767,109.217,0.58,25.39,26.03,24.9,22.12,25.37,82.02,16.56,100.99,7.16,24.8,12.69,35.18,0.9,0.93,60.54
2017-12-16,PHU CAT,13.767,109.217,1.71,24.58,25.99,23.03,20.98,25.06,80.32,15.41,101.26,10.47,25.5,14.2,34.69,0.9,0.93,63.47
2017-12-17,PHU CAT,13.767,109.217,0.78,22.68,23.93,21.62,18.82,24.41,78.81,13.45,101.4,11.39,3.5,12.72,34.45,0.88,0.92,88.29
2017-12-18,PHU CAT,13.767,109.217,0.8,21.54,22.33,20.56,17.44,23.83,77.53,12.32,101.44,12.52,356.5,9.57,34.01,0.88,0.91,94.72
2017-12-19,PHU CAT,13.767,109.217,1.4,20.65,21.35,20.07,16.11,23.41,75.43,11.34,101.45,13.23,356.2,10.19,33.72,0.88,0.91,97.16
2017-12-20,PHU CAT,13.767,109.217,2.57,21.67,22.15,20.47,18.78,23.72,83.78,13.43,101.41,13.12,356.0,5.14,34.54,0.88,0.9,94.1
2017-12-21,PHU CAT,13.767,109.217,2.73,23.51,23.9,22.43,21.28,24.19,87.3,15.71,101.15,9.89,15.8,4.78,35.46,0.88,0.9,85.82
2017-12-22,PHU CAT,13.767,109.217,2.31,24.27,24.69,24.01,21.72,24.41,85.58,16.16,100.95,7.04,20.6,6.9,36.05,0.88,0.9,87.56
2017-12-23,PHU CAT,13.767,109.217,2.98,24.49,25.35,24.0,22.02,24.55,86.08,16.48,100.81,7.45,12.9,13.18,35.52,0.87,0.89,72.57
2017-12-24,PHU CAT,13.767,109.217,1.99,24.02,24.93,23.14,20.9,24.22,82.64,15.39,100.88,10.94,17.3,11.55,34.84,0.87,0.89,98.53
2017-12-25,PHU CAT,13.767,109.217,12.44,23.52,23.83,23.33,21.09,24.0,86.29,15.59,100.82,9.47,10.4,5.44,35.27,0.89,0.89,97.59
2017-12-26,PHU CAT,13.767,109.217,10.86,24.55,25.08,24.11,23.35,24.4,92.9,17.87,100.89,6.63,43.8,5.96,36.42,0.91,0.91,96.71
2017-12-27,PHU CAT,13.767,109.217,2.65,24.43,25.05,24.0,23.05,24.42,91.99,17.55,100.91,6.75,31.2,9.87,36.59,0.88,0.91,98.46
2017-12-28,PHU CAT,13.767,109.217,6.82,24.38,25.11,23.96,23.17,24.44,92.88,17.66,100.97,6.29,34.0,6.45,36.42,0.89,0.91,93.61
2017-12-29,PHU CAT,13.767,109.217,1.76,24.29,24.79,23.97,22.72,24.3,90.85,17.16,101.08,7.46,32.4,6.88,36.27,0.88,0.91,86.16
2017-12-30,PHU CAT,13.767,109.217,1.15,24.07,24.79,23.59,21.31,24.15,84.52,15.73,101.12,8.63,20.6,9.23,35.59,0.87,0.9,79.14
2017-12-31,PHU CAT,13.767,109.217,0.44,23.86,24.74,23.12,20.17,23.94,79.81,14.66,101.08,8.76,29.6,12.15,34.31,0.87,0.89,83.93
2018-01-01,PHU CAT,13.767,109.217,1.38,23.55,24.2,23.2,20.59,23.82,83.44,15.08,100.91,7.55,19.4,15.64,34.22,0.87,0.89,74.55
2018-01-02,PHU CAT,13.767,109.217,2.39,23.75,24.57,23.19,21.76,23.99,88.64,16.23,100.84,6.27,11.3,13.03,34.78,0.87,0.88,99.02
2018-01-03,PHU CAT,13.767,109.217,2.08,24.34,25.03,23.85,22.76,24.44,90.83,17.26,100.71,6.04,18.1,8.0,36.15,0.86,0.88,96.97
2018-01-04,PHU CAT,13.767,109.217,7.62,24.52,24.95,24.22,23.71,24.38,95.13,18.33,100.57,4.35,24.8,6.38,36.57,0.89,0.89,94.07
2018-01-05,PHU CAT,13.767,109.217,2.41,24.7,25.49,24.28,23.72,24.61,94.27,18.34,100.59,2.0,44.7,9.78,36.31,0.87,0.89,79.35
2018-01-06,PHU CAT,13.767,109.217,0.09,24.85,25.85,24.28,23.81,24.73,93.9,18.43,100.62,1.84,101.7,12.32,36.09,0.86,0.88,74.84
2018-01-07,PHU CAT,13.767,109.217,0.13,25.09,26.04,24.56,24.0,24.93,93.67,18.63,100.72,2.28,117.8,17.69,35.25,0.86,0.87,71.87
2018-01-08,PHU CAT,13.767,109.217,0.22,25.23,26.53,23.84,23.78,25.14,91.74,18.37,100.83,2.86,89.4,19.33,35.28,0.85,0.87,25.4
2018-01-09,PHU CAT,13.767,109.217,0.79,22.76,24.05,22.11,20.2,24.01,85.42,14.69,101.22,10.03,352.8,10.4,35.33,0.85,0.86,86.31
2018-01-10,PHU CAT,13.767,109.217,1.15,22.08,22.96,21.66,19.35,23.67,84.5,13.91,101.34,10.51,359.1,9.34,34.98,0.85,0.86,93.11
2018-01-11,PHU CAT,13.767,109.217,3.51,22.15,22.57,21.84,19.06,23.66,82.62,13.65,101.36,10.55,5.4,7.14,35.3,0.85,0.85,95.63
2018-01-12,PHU CAT,13.767,109.217,1.27,22.28,22.75,22.01,18.58,23.66,79.49,13.23,101.33,9.65,19.0,12.2,34.22,0.85,0.85,82.78
2018-01-13,PHU CAT,13.767,109.217,1.86,23.09,23.38,22.57,19.72,23.9,81.3,14.25,101.19,8.62,26.0,7.54,35.41,0.84,0.85,98.37
2018-01-14,PHU CAT,13.767,109.217,1.15,23.45,23.85,23.24,20.39,23.88,82.89,14.86,101.06,8.0,26.8,8.54,35.37,0.84,0.84,98.76
2018-01-15,PHU CAT,13.767,109.217,0.31,23.68,24.26,23.29,20.22,23.87,80.86,14.73,100.9,6.52,21.3,7.69,35.37,0.83,0.84,92.16
2018-01-16,PHU CAT,13.767,109.217,0.04,23.41,24.59,22.66,19.96,23.89,80.91,14.5,100.84,6.17,10.8,13.77,34.5,0.83,0.83,94.48
2018-01-17,PHU CAT,13.767,109.217,0.18,22.96,23.91,22.25,19.61,23.83,81.35,14.19,100.85,7.04,2.0,13.65,34.82,0.82,0.82,98.76
2018-01-18,PHU CAT,13.767,109.217,1.03,23.02,23.96,22.26,19.97,23.82,83.07,14.52,100.87,7.0,357.1,11.38,35.41,0.82,0.82,97.04
2018-01-19,PHU CAT,13.767,109.217,1.43,23.76,24.47,22.65,22.33,24.16,91.62,16.8,100.84,6.62,6.6,9.38,36.06,0.82,0.82,92.37
2018-01-20,PHU CAT,13.767,109.217,0.75,24.35,25.38,23.75,22.64,24.37,90.1,17.13,100.76,5.23,24.1,8.05,35.84,0.81,0.81,92.43
2018-01-21,PHU CAT,13.767,109.217,1.05,24.16,25.17,23.5,22.47,24.37,90.3,16.98,100.68,5.7,3.5,9.78,36.36,0.81,0.81,95.09
2018-01-22,PHU CAT,13.767,109.217,2.13,24.25,24.99,23.84,22.55,24.41,90.13,17.06,100.63,5.49,21.5,7.32,36.06,0.81,0.8,96.16
2018-01-23,PHU CAT,13.767,109.217,0.92,24.25,25.31,23.66,22.62,24.5,90.57,17.13,100.61,4.73,26.5,8.03,35.98,0.8,0.8,90.94
2018-01-24,PHU CAT,13.767,109.217,0.58,24.41,25.45,23.71,22.54,24.49,89.31,17.06,100.56,3.75,39.7,12.11,35.44,0.8,0.79,92.24
2018-01-25,PHU CAT,13.767,109.217,0.18,24.4,25.52,23.57,22.59,24.54,89.65,17.11,100.59,4.37,24.9,15.51,35.04,0.8,0.79,87.26
2018-01-26,PHU CAT,13.767,109.217,3.74,24.47,25.45,23.95,22.89,24.68,90.92,17.42,100.63,4.84,16.9,15.29,35.32,0.8,0.78,98.56
2018-01-27,PHU CAT,13.767,109.217,5.8,24.44,25.26,23.89,23.06,24.58,91.99,17.6,100.65,4.53,26.3,9.71,35.87,0.82,0.79,98.34
2018-01-28,PHU CAT,13.767,109.217,0.35,24.28,25.56,23.45,22.78,24.52,91.39,17.3,100.67,4.05,8.1,15.76,34.87,0.79,0.78,98.86
2018-01-29,PHU CAT,13.767,109.217,2.03,23.47,25.28,22.19,21.37,24.15,87.94,15.86,100.94,8.39,359.9,16.12,35.51,0.79,0.78,83.67
2018-01-30,PHU CAT,13.767,109.217,0.73,22.83,23.58,22.22,20.59,23.84,87.24,15.08,100.98,7.03,355.0,13.48,35.39,0.79,0.78,80.47
2018-01-31,PHU CAT,13.767,109.217,0.28,22.29,24.33,20.6,19.83,23.7,85.95,14.38,101.21,9.27,357.2,11.59,35.73,0.78,0.77,84.34
2018-02-01,PHU CAT,13.767,109.217,0.15,21.28,21.86,20.88,18.16,23.21,82.4,12.91,101.28,7.71,4.8,8.88,35.46,0.77,0.76,96.02
2018-02-02,PHU CAT,13.767,109.217,0.34,21.96,23.11,21.23,18.97,23.37,83.12,13.57,101.4,9.77,1.4,12.54,35.3,0.77,0.76,85.81
2018-02-03,PHU CAT,13.767,109.217,0.32,20.82,21.69,20.18,17.57,22.75,81.69,12.42,101.47,10.05,360.0,8.13,34.18,0.76,0.75,78.31
2018-02-04,PHU CAT,13.767,109.217,0.35,21.24,21.98,20.66,17.8,22.78,80.87,12.6,101.46,9.69,357.1,18.47,33.43,0.76,0.75,57.3
2018-02-05,PHU CAT,13.767,109.217,0.39,20.39,21.74,18.8,16.98,22.42,80.85,11.95,101.57,10.29,358.5,12.78,34.22,0.75,0.74,86.56
2018-02-06,PHU CAT,13.767,109.217,0.08,19.33,20.11,18.66,15.71,21.76,79.58,11.03,101.4,8.29,358.4,10.86,31.79,0.75,0.74,51.92
2018-02-07,PHU CAT,13.767,109.217,0.1,20.17,21.13,19.39,16.12,22.0,77.65,11.34,101.24,7.61,353.9,20.27,31.32,0.74,0.73,31.94
2018-02-08,PHU CAT,13.767,109.217,0.08,21.02,21.92,20.24,17.29,22.01,79.22,12.24,101.08,5.65,1.3,20.14,31.47,0.73,0.73,16.06
2018-02-09,PHU CAT,13.767,109.217,0.0,21.8,23.11,20.84,17.35,22.27,75.84,12.29,100.98,2.5,31.5,20.85,31.46,0.73,0.72,8.66
2018-02-10,PHU CAT,13.767,109.217,0.18,22.26,23.53,21.59,19.14,22.87,82.6,13.75,101.09,4.3,16.6,21.05,32.81,0.72,0.72,29.3
2018-02-11,PHU CAT,13.767,109.217,0.78,22.69,23.5,22.18,20.39,22.88,86.82,14.83,101.33,7.94,12.2,16.69,34.8,0.72,0.71,70.76
2018-02-12,PHU CAT,13.767,109.217,0.53,22.34,23.27,21.53,18.71,22.63,79.86,13.32,101.53,8.87,20.4,16.82,34.15,0.7,0.71,57.86
2018-02-13,PHU CAT,13.767,109.217,0.08,21.73,22.93,20.67,17.36,22.24,76.18,12.24,101.47,6.51,8.6,18.43,32.15,0.69,0.7,27.41
2018-02-14,PHU CAT,13.767,109.217,0.0,22.05,23.27,20.77,17.8,22.38,77.0,12.62,101.24,2.75,21.4,22.04,31.67,0.68,0.7,18.67
2018-02-15,PHU CAT,13.767,109.217,0.01,22.61,24.23,21.44,19.51,22.92,82.75,14.09,101.0,1.92,39.1,22.56,32.0,0.68,0.69,22.36
2018-02-16,PHU CAT,13.767,109.217,0.3,23.13,24.5,22.22,20.95,23.47,87.86,15.45,100.88,2.99,16.6,22.89,32.6,0.67,0.69,25.63
2018-02-17,PHU CAT,13.767,109.217,0.64,23.54,24.48,23.03,22.19,23.6,92.12,16.65,100.88,4.29,15.3,8.14,36.5,0.67,0.68,92.66
2018-02-18,PHU CAT,13.767,109.217,0.58,23.77,24.83,23.12,22.43,23.6,92.2,16.89,100.93,3.29,42.5,6.87,36.66,0.67,0.68,82.33
2018-02-19,PHU CAT,13.767,109.217,0.2,23.54,24.8,22.68,21.82,23.37,90.2,16.27,100.92,2.41,39.1,20.4,35.15,0.66,0.68,52.51
2018-02-20,PHU CAT,13.767,109.217,0.12,23.81,25.06,22.96,21.79,23.83,88.56,16.27,100.78,2.08,57.4,19.44,33.84,0.65,0.67,44.39
2018-02-21,PHU CAT,13.767,109.217,0.16,24.18,25.43,23.34,22.55,24.29,90.75,17.06,100.73,2.83,71.1,16.53,35.79,0.64,0.67,53.25
2018-02-22,PHU CAT,13.767,109.217,0.09,24.32,25.41,23.67,22.41,24.52,89.06,16.87,100.85,3.65,40.2,18.92,35.2,0.63,0.66,43.36
2018-02-23,PHU CAT,13.767,109.217,0.32,24.41,25.48,23.62,22.14,24.47,87.13,16.57,101.03,4.24,36.5,18.83,34.93,0.63,0.66,48.16
2018-02-24,PHU CAT,13.767,109.217,0.09,24.41,25.62,23.55,21.37,24.38,83.11,15.79,101.1,3.64,27.5,21.04,34.55,0.62,0.65,41.14
2018-02-25,PHU CAT,13.767,109.217,0.07,24.15,25.41,23.01,21.28,24.28,84.25,15.72,101.04,5.62,7.6,16.76,34.67,0.61,0.65,64.86
2018-02-26,PHU CAT,13.767,109.217,0.19,24.23,25.25,23.53,21.6,24.32,85.23,16.05,100.97,5.54,28.9,18.18,34.5,0.61,0.65,50.61
2018-02-27,PHU CAT,13.767,109.217,0.05,24.3,25.51,23.52,21.74,24.45,85.82,16.21,100.85,3.73,15.6,21.4,34.66,0.6,0.64,56.6
2018-02-28,PHU CAT,13.767,109.217,0.09,24.78,26.02,24.03,22.7,25.12,88.3,17.21,100.73,2.67,37.9,17.86,35.86,0.59,0.64,67.02
2018-03-01,PHU CAT,13.767,109.217,0.27,25.19,26.31,24.38,23.25,25.34,89.06,17.81,100.65,2.07,111.8,19.46,35.55,0.59,0.63,57.47
2018-03-02,PHU CAT,13.767,109.217,0.05,25.48,27.07,24.48,23.68,25.44,89.94,18.3,100.55,3.26,143.8,22.31,34.83,0.59,0.63,20.36
2018-03-03,PHU CAT,13.767,109.217,0.12,25.34,26.89,24.13,23.43,25.34,89.32,18.02,100.56,3.58,152.6,22.62,34.69,0.58,0.62,39.9
2018-03-04,PHU CAT,13.767,109.217,0.11,25.4,27.29,24.25,23.47,25.45,89.31,18.07,100.62,3.54,154.6,23.83,34.59,0.57,0.62,19.74
2018-03-05,PHU CAT,13.767,109.217,0.12,25.3,26.89,24.23,23.36,25.44,89.17,17.93,100.72,3.17,138.4,24.01,34.02,0.57,0.61,13.83
2018-03-06,PHU CAT,13.767,109.217,0.56,25.88,27.03,25.06,23.23,26.02,85.35,17.76,100.85,3.41,96.7,20.72,35.35,0.56,0.61,32.4
2018-03-07,PHU CAT,13.767,109.217,0.02,25.62,26.7,24.67,22.5,26.04,82.83,16.98,100.87,3.25,55.0,22.73,34.19,0.56,0.61,17.67
2018-03-08,PHU CAT,13.767,109.217,0.31,25.26,26.71,23.54,22.08,25.92,82.65,16.53,100.96,7.24,14.1,22.18,34.74,0.55,0.6,40.49
2018-03-09,PHU CAT,13.767,109.217,1.23,23.85,24.5,23.45,20.84,25.15,83.24,15.28,101.16,9.35,11.2,9.75,36.17,0.57,0.6,93.03
2018-03-10,PHU CAT,13.767,109.217,0.15,23.64,24.53,23.03,19.93,24.91,79.71,14.44,101.19,7.64,16.5,7.75,35.78,0.56,0.6,80.91
2018-03-11,PHU CAT,13.767,109.217,0.06,24.21,25.37,23.28,19.78,24.84,76.27,14.29,101.18,6.45,26.6,18.23,35.05,0.55,0.59,62.0
2018-03-12,PHU CAT,13.767,109.217,1.02,24.3,25.35,23.54,19.72,24.68,75.58,14.25,101.09,5.15,20.3,22.71,33.76,0.55,0.59,30.55
2018-03-13,PHU CAT,13.767,109.217,0.05,24.78,25.93,23.85,19.65,24.94,73.21,14.21,100.91,3.18,38.1,23.07,34.03,0.54,0.59,52.34
2018-03-14,PHU CAT,13.767,109.217,1.51,25.05,26.47,24.21,21.19,25.45,79.36,15.67,100.81,2.98,94.5,23.77,34.91,0.54,0.58,49.53
2018-03-15,PHU CAT,13.767,109.217,6.19,24.95,25.85,24.5,22.11,25.32,84.26,16.58,100.83,3.31,67.1,12.79,37.34,0.58,0.59,97.24
2018-03-16,PHU CAT,13.767,109.217,7.92,25.71,26.88,24.96,23.6,26.06,88.2,18.16,100.84,3.07,117.0,20.39,36.21,0.61,0.59,47.36
2018-03-17,PHU CAT,13.767,109.217,0.01,25.9,26.95,25.28,22.68,26.25,82.4,17.17,100.9,3.36,92.8,19.4,35.06,0.57,0.6,24.42
2018-03-18,PHU CAT,13.767,109.217,0.0,26.03,27.31,25.19,22.1,26.62,79.08,16.56,100.87,2.7,105.4,23.98,34.29,0.54,0.59,16.8
2018-03-19,PHU CAT,13.767,109.217,0.03,26.63,28.51,25.44,23.23,26.87,81.85,17.79,100.65,4.64,154.5,25.54,34.22,0.53,0.58,4.85
2018-03-20,PHU CAT,13.767,109.217,1.34,26.04,28.04,23.39,23.12,26.48,84.15,17.66,100.73,4.88,56.1,21.57,36.05,0.54,0.58,56.89
2018-03-21,PHU CAT,13.767,109.217,0.49,24.25,25.45,23.37,20.87,25.2,81.38,15.35,100.9,7.93,8.3,12.71,36.4,0.55,0.58,87.12
2018-03-22,PHU CAT,13.767,109.217,0.21,23.54,24.54,22.72,19.65,24.82,78.8,14.22,100.89,7.24,14.1,18.84,34.57,0.53,0.58,62.22
2018-03-23,PHU CAT,13.767,109.217,0.11,24.25,25.1,23.62,20.02,24.93,77.3,14.54,101.02,6.04,22.0,21.99,34.86,0.52,0.57,65.2
2018-03-24,PHU CAT,13.767,109.217,0.07,24.69,25.89,23.54,20.33,24.87,76.79,14.81,101.07,4.91,18.0,23.79,34.12,0.52,0.57,24.43
2018-03-25,PHU CAT,13.767,109.217,0.02,24.71,26.21,23.58,19.9,24.96,74.73,14.4,101.18,4.99,15.6,24.84,33.32,0.51,0.56,11.09
2018-03-26,PHU CAT,13.767,109.217,0.07,24.39,25.54,23.58,20.45,24.9,78.7,14.91,101.1,6.59,8.6,22.88,33.74,0.51,0.56,25.41
2018-03-27,PHU CAT,13.767,109.217,0.09,24.43,25.45,23.72,20.48,24.88,78.65,14.97,100.95,5.59,15.0,21.76,34.14,0.51,0.56,27.0
2018-03-28,PHU CAT,13.767,109.217,0.44,24.76,25.95,24.07,20.23,25.17,76.02,14.76,100.82,3.41,48.6,19.79,34.66,0.5,0.55,30.02
2018-03-29,PHU CAT,13.767,109.217,2.02,25.2,26.25,24.54,21.4,25.53,79.45,15.87,100.78,3.06,66.7,17.08,36.89,0.52,0.55,79.41
2018-03-30,PHU CAT,13.767,109.217,0.43,24.91,26.28,23.92,21.23,25.45,80.02,15.7,100.83,4.86,24.1,18.62,34.97,0.5,0.55,30.76
2018-03-31,PHU CAT,13.767,109.217,0.49,24.93,26.07,24.05,20.92,25.37,78.37,15.4,100.84,5.94,17.2,22.18,34.18,0.5,0.55,43.88
2018-04-01,PHU CAT,13.767,109.217,0.07,24.48,25.97,23.47,20.74,25.4,79.85,15.23,100.84,5.3,17.8,19.95,34.94,0.49,0.54,79.12
2018-04-02,PHU CAT,13.767,109.217,0.03,24.63,25.85,23.83,20.38,25.49,77.18,14.89,100.85,4.28,27.3,21.3,33.89,0.48,0.54,28.33
2018-04-03,PHU CAT,13.767,109.217,0.0,24.95,26.31,24.1,19.92,25.78,73.77,14.49,100.78,2.9,55.7,24.08,33.05,0.47,0.54,21.98
2018-04-04,PHU CAT,13.767,109.217,0.03,25.55,26.73,24.96,21.48,26.28,78.45,16.0,100.66,2.76,86.4,25.11,33.94,0.46,0.53,18.17
2018-04-05,PHU CAT,13.767,109.217,0.07,26.22,27.5,25.33,22.91,26.57,82.13,17.46,100.59,3.43,113.6,22.54,34.7,0.46,0.53,21.96
2018-04-06,PHU CAT,13.767,109.217,1.91,26.31,27.46,25.33,22.68,26.75,80.45,17.17,100.82,5.67,49.3,22.18,35.09,0.47,0.53,57.26
2018-04-07,PHU CAT,13.767,109.217,14.42,24.54,25.89,23.59,21.54,25.51,83.34,15.96,101.16,10.4,25.2,13.05,36.25,0.63,0.54,92.0
2018-04-08,PHU CAT,13.767,109.217,2.22,24.29,25.21,23.68,20.82,25.51,80.97,15.26,101.17,7.82,16.0,12.43,36.14,0.55,0.55,88.1
2018-04-09,PHU CAT,13.767,109.217,0.91,24.91,25.87,24.28,21.3,25.58,80.36,15.75,100.97,4.66,27.2,16.76,36.26,0.52,0.55,67.56
2018-04-10,PHU CAT,13.767,109.217,8.94,25.68,26.8,24.87,23.0,25.87,85.21,17.52,100.76,2.23,63.3,22.04,35.99,0.59,0.56,39.6
2018-04-11,PHU CAT,13.767,109.217,0.03,26.16,27.51,25.23,23.94,26.66,87.71,18.59,100.61,2.63,132.1,24.4,35.49,0.51,0.55,14.16
2018-04-12,PHU CAT,13.767,109.217,0.03,26.79,28.67,25.67,24.13,26.97,85.71,18.83,100.54,4.24,150.7,25.9,34.89,0.5,0.55,18.08
2018-04-13,PHU CAT,13.767,109.217,0.01,26.85,28.36,25.94,24.08,27.05,84.97,18.75,100.61,4.1,148.9,25.63,34.95,0.49,0.54,13.86
2018-04-14,PHU CAT,13.767,109.217,0.03,27.05,28.65,26.0,24.15,27.27,84.35,18.84,100.54,3.53,135.5,25.73,35.08,0.49,0.54,22.44
2018-04-15,PHU CAT,13.767,109.217,0.16,27.03,28.41,26.23,24.17,27.53,84.47,18.83,100.68,4.06,45.5,24.96,35.56,0.49,0.54,58.71
2018-04-16,PHU CAT,13.767,109.217,0.7,26.56,27.9,25.51,23.97,27.31,85.82,18.58,100.81,5.23,17.9,20.36,35.76,0.49,0.53,60.4
2018-04-17,PHU CAT,13.767,109.217,1.68,26.1,27.62,25.04,23.79,27.19,87.22,18.37,100.88,5.36,11.7,20.17,36.16,0.5,0.53,66.02
2018-04-18,PHU CAT,13.767,109.217,1.07,25.98,27.31,25.1,23.64,26.86,86.96,18.21,100.78,3.57,28.0,19.95,36.11,0.5,0.53,44.72
2018-04-19,PHU CAT,13.767,109.217,0.42,26.36,27.63,25.34,23.35,26.92,83.69,17.91,100.69,2.65,60.1,23.44,35.65,0.48,0.53,36.43
2018-04-20,PHU CAT,13.767,109.217,0.26,26.75,28.09,25.76,22.67,27.12,78.38,17.18,100.66,2.45,117.9,23.89,34.61,0.47,0.52,13.85
2018-04-21,PHU CAT,13.767,109.217,0.1,27.02,28.52,25.9,23.01,27.35,78.9,17.56,100.62,2.88,131.8,25.99,34.66,0.46,0.52,7.62
2018-04-22,PHU CAT,13.767,109.217,0.13,27.59,29.17,26.45,24.72,27.7,84.61,19.52,100.47,3.54,152.8,24.68,36.15,0.45,0.52,16.46
2018-04-23,PHU CAT,13.767,109.217,0.19,27.67,29.49,26.52,25.12,27.69,86.38,20.03,100.36,4.17,155.6,23.79,36.44,0.46,0.51,41.75
2018-04-24,PHU CAT,13.767,109.217,0.48,27.73,29.22,26.84,25.05,27.64,85.56,19.92,100.43,3.91,155.3,24.28,36.62,0.46,0.51,56.27
2018-04-25,PHU CAT,13.767,109.217,0.51,27.55,29.0,26.48,24.81,27.68,85.26,19.63,100.49,3.09,136.0,23.71,36.35,0.46,0.51,62.16
2018-04-26,PHU CAT,13.767,109.217,7.96,27.32,28.64,26.32,24.57,27.65,85.13,19.31,100.69,2.55,99.2,21.7,36.76,0.54,0.51,84.4
2018-04-27,PHU CAT,13.767,109.217,7.64,27.28,28.21,26.64,24.74,27.54,86.08,19.48,100.8,3.62,42.9,23.34,36.81,0.59,0.52,55.03
2018-04-28,PHU CAT,13.767,109.217,3.64,27.37,28.58,26.51,24.25,27.61,83.24,18.92,100.74,3.1,42.7,23.11,36.08,0.54,0.53,17.9
2018-04-29,PHU CAT,13.767,109.217,1.12,27.92,29.16,27.08,24.43,28.0,81.5,19.16,100.62,3.05,135.5,24.05,36.52,0.5,0.53,39.86
2018-04-30,PHU CAT,13.767,109.217,2.46,27.85,29.25,26.82,24.06,27.63,80.09,18.72,100.67,3.02,143.7,23.68,36.59,0.52,0.53,44.47
2018-05-01,PHU CAT,13.767,109.217,0.45,28.07,29.35,27.15,24.69,28.31,82.09,19.45,100.72,2.75,129.2,24.79,36.55,0.49,0.53,40.31
2018-05-02,PHU CAT,13.767,109.217,0.47,28.22,29.37,27.49,24.85,28.43,82.09,19.63,100.72,3.03,114.6,24.08,36.68,0.49,0.52,50.82
2018-05-03,PHU CAT,13.767,109.217,2.02,28.13,29.24,27.24,24.58,28.39,81.19,19.3,100.8,2.98,82.6,23.04,36.8,0.51,0.52,85.97
2018-05-04,PHU CAT,13.767,109.217,5.63,27.37,28.44,26.8,24.46,28.14,84.13,19.13,100.84,1.82,94.6,8.88,36.77,0.57,0.53,92.7
2018-05-05,PHU CAT,13.767,109.217,4.25,27.29,27.78,26.94,24.63,28.27,85.4,19.35,100.79,3.25,152.3,18.49,37.0,0.55,0.53,92.87
2018-05-06,PHU CAT,13.767,109.217,3.41,28.3,29.64,27.37,25.22,28.36,83.52,20.08,100.66,3.7,178.7,22.26,37.24,0.55,0.54,82.09
2018-05-07,PHU CAT,13.767,109.217,1.69,28.86,30.8,27.19,25.55,28.66,82.65,20.55,100.35,4.54,180.4,23.5,37.1,0.52,0.54,75.43
2018-05-08,PHU CAT,13.767,109.217,7.42,28.83,31.2,26.54,25.54,28.57,82.77,20.53,100.35,3.55,185.3,23.3,37.2,0.56,0.54,74.44
2018-05-09,PHU CAT,13.767,109.217,2.86,28.4,29.81,26.88,25.9,28.11,86.55,20.94,100.54,3.58,158.3,23.19,37.1,0.56,0.55,65.44
2018-05-10,PHU CAT,13.767,109.217,0.64,27.79,28.82,26.93,25.56,27.67,87.64,20.48,100.67,3.67,146.2,23.99,36.19,0.53,0.55,65.78
2018-05-11,PHU CAT,13.767,109.217,3.0,27.97,29.19,27.22,25.24,28.06,85.2,20.1,100.63,2.24,126.5,25.34,36.16,0.53,0.54,34.07
2018-05-12,PHU CAT,13.767,109.217,6.6,27.96,28.88,27.29,25.28,27.96,85.39,20.15,100.62,1.93,112.6,25.54,36.22,0.59,0.55,26.22
2018-05-13,PHU CAT,13.767,109.217,2.09,28.29,29.42,27.4,24.63,28.35,80.66,19.39,100.62,2.4,139.2,24.68,36.08,0.55,0.56,44.4
2018-05-14,PHU CAT,13.767,109.217,0.82,28.43,29.9,27.34,24.25,28.84,78.27,18.97,100.52,2.99,133.7,25.24,36.15,0.51,0.55,36.08
2018-05-15,PHU CAT,13.767,109.217,1.31,28.76,30.22,27.68,24.94,29.12,80.07,19.81,100.39,4.34,151.8,24.87,36.37,0.51,0.55,43.49
2018-05-16,PHU CAT,13.767,109.217,0.32,28.88,30.48,27.48,24.79,29.08,78.85,19.63,100.36,4.88,157.5,25.34,36.54,0.5,0.55,65.23
2018-05-17,PHU CAT,13.767,109.217,1.71,28.74,30.68,27.19,24.75,28.74,79.44,19.59,100.32,3.96,159.4,24.47,37.0,0.51,0.54,72.46
2018-05-18,PHU CAT,13.767,109.217,14.54,28.79,30.98,27.15,25.1,28.71,81.1,20.04,100.27,3.93,158.2,22.86,36.8,0.59,0.55,75.23
2018-05-19,PHU CAT,13.767,109.217,0.25,28.44,29.91,27.32,25.21,28.51,82.88,20.15,100.27,3.65,152.6,23.53,37.31,0.54,0.56,81.78
2018-05-20,PHU CAT,13.767,109.217,1.63,28.74,29.99,27.81,25.22,28.85,81.43,20.14,100.35,3.31,143.0,24.79,36.68,0.53,0.56,71.98
2018-05-21,PHU CAT,13.767,109.217,5.16,28.76,29.89,27.95,24.99,28.93,80.19,19.85,100.43,2.45,127.0,22.27,36.78,0.56,0.56,70.14
2018-05-22,PHU CAT,13.767,109.217,5.0,28.27,29.09,27.11,24.59,28.56,80.39,19.34,100.56,2.19,143.7,22.58,37.27,0.58,0.57,81.81
2018-05-23,PHU CAT,13.767,109.217,21.92,28.48,29.65,27.64,24.33,28.98,78.37,19.07,100.48,2.37,130.5,16.35,37.16,0.68,0.59,96.31
2018-05-24,PHU CAT,13.767,109.217,7.2,28.64,29.99,27.44,24.64,29.12,79.24,19.44,100.44,3.01,157.5,16.61,37.87,0.63,0.61,91.04
2018-05-25,PHU CAT,13.767,109.217,4.22,29.1,30.57,27.82,24.83,29.23,78.12,19.69,100.39,2.98,156.8,20.86,37.3,0.61,0.61,84.34
2018-05-26,PHU CAT,13.767,109.217,4.24,29.0,30.42,27.62,25.83,29.05,83.22,20.87,100.45,3.62,168.0,21.84,37.32,0.61,0.61,76.89
2018-05-27,PHU CAT,13.767,109.217,6.71,28.74,29.55,27.94,25.17,29.0,81.07,20.04,100.52,1.74,130.3,21.12,37.66,0.63,0.62,88.39
2018-05-28,PHU CAT,13.767,109.217,4.46,29.2,30.33,28.39,25.33,29.25,79.8,20.25,100.53,2.37,122.8,24.57,37.33,0.62,0.62,71.66
2018-05-29,PHU CAT,13.767,109.217,3.61,29.16,30.0,28.23,25.02,29.32,78.43,19.85,100.55,1.81,130.1,21.1,37.32,0.63,0.63,60.67
2018-05-30,PHU CAT,13.767,109.217,3.29,29.12,29.8,28.63,25.26,29.6,79.79,20.16,100.53,2.27,118.7,24.29,37.33,0.62,0.63,32.26
2018-05-31,PHU CAT,13.767,109.217,4.23,29.32,30.15,28.42,25.48,29.77,79.95,20.43,100.51,2.51,112.4,22.53,37.5,0.62,0.63,60.55
2018-06-01,PHU CAT,13.767,109.217,21.2,28.4,29.52,27.32,23.0,29.3,72.97,17.72,100.53,1.7,74.1,11.27,37.54,0.73,0.65,99.4
2018-06-02,PHU CAT,13.767,109.217,24.04,27.81,28.73,27.15,24.93,29.18,84.44,19.82,100.25,4.09,341.9,4.89,37.13,0.79,0.69,99.01
2018-06-03,PHU CAT,13.767,109.217,176.28,27.73,28.4,26.95,25.73,28.8,88.84,20.89,99.82,5.65,305.3,3.85,36.85,0.97,0.76,99.66
2018-06-04,PHU CAT,13.767,109.217,62.27,28.27,30.01,26.94,25.07,28.9,82.9,20.02,100.01,4.5,231.1,9.39,37.79,0.91,0.84,99.37
2018-06-05,PHU CAT,13.767,109.217,3.62,28.78,30.99,27.24,25.49,28.96,82.49,20.49,100.2,4.11,244.0,14.23,37.45,0.84,0.83,99.71
2018-06-06,PHU CAT,13.767,109.217,17.24,28.93,30.8,27.49,25.52,29.0,82.12,20.55,100.16,3.51,210.9,21.48,37.07,0.87,0.83,98.74
2018-06-07,PHU CAT,13.767,109.217,10.23,28.47,30.26,27.35,25.45,28.89,83.79,20.47,100.07,5.02,236.5,19.51,37.81,0.87,0.85,98.06
2018-06-08,PHU CAT,13.767,109.217,47.22,28.47,30.74,26.88,25.03,28.83,81.74,20.0,99.94,6.07,244.4,17.39,38.06,0.9,0.86,95.23
2018-06-09,PHU CAT,13.767,109.217,19.51,28.23,29.47,27.19,25.03,28.69,82.81,19.98,100.02,6.26,237.1,18.59,37.67,0.91,0.9,97.93
2018-06-10,PHU CAT,13.767,109.217,5.49,28.79,30.8,27.29,25.24,28.74,81.33,20.2,100.17,6.66,240.2,11.97,38.5,0.88,0.89,99.82
2018-06-11,PHU CAT,13.767,109.217,10.03,28.35,30.47,27.0,24.84,28.59,81.34,19.69,100.31,6.37,243.3,11.81,37.7,0.88,0.89,99.7
2018-06-12,PHU CAT,13.767,109.217,9.97,27.85,29.9,26.61,23.46,28.29,77.28,18.11,100.32,6.71,246.2,15.31,37.41,0.89,0.9,98.98
2018-06-13,PHU CAT,13.767,109.217,1.04,28.77,30.53,27.41,24.28,28.6,76.93,19.08,100.1,6.6,245.4,11.24,37.34,0.87,0.9,99.57
2018-06-14,PHU CAT,13.767,109.217,0.75,28.01,29.78,26.94,23.32,28.28,75.87,18.01,100.06,5.91,246.6,18.55,37.56,0.87,0.89,94.77
2018-06-15,PHU CAT,13.767,109.217,29.98,28.25,30.67,26.77,24.3,28.45,79.46,19.11,100.05,5.18,227.9,8.6,37.35,0.92,0.9,99.58
2018-06-16,PHU CAT,13.767,109.217,22.96,27.98,28.61,27.28,25.3,28.35,85.37,20.3,100.04,4.97,200.6,12.02,36.51,0.93,0.93,98.0
2018-06-17,PHU CAT,13.767,109.217,7.19,27.99,28.82,27.42,25.39,28.31,85.76,20.41,100.03,4.79,194.7,22.24,37.18,0.91,0.93,86.64
2018-06-18,PHU CAT,13.767,109.217,2.48,28.62,30.39,27.2,25.41,28.71,82.9,20.43,100.04,5.21,191.1,21.57,37.49,0.9,0.93,85.9
2018-06-19,PHU CAT,13.767,109.217,5.28,28.83,30.86,27.31,25.59,28.88,82.86,20.62,100.23,5.27,199.2,20.6,37.84,0.9,0.92,75.5
2018-06-20,PHU CAT,13.767,109.217,1.54,29.19,31.21,27.61,25.76,29.08,82.0,20.82,100.32,4.85,199.7,23.8,37.82,0.89,0.92,46.48
2018-06-21,PHU CAT,13.767,109.217,2.13,28.91,30.42,27.58,25.73,28.8,83.01,20.77,100.31,4.9,217.8,24.47,37.25,0.89,0.92,44.87
2018-06-22,PHU CAT,13.767,109.217,4.97,28.43,30.12,27.62,25.53,28.77,84.37,20.51,100.29,3.9,200.9,24.49,37.0,0.89,0.91,80.43
2018-06-23,PHU CAT,13.767,109.217,7.98,28.18,29.05,27.33,25.38,28.61,84.76,20.34,100.3,5.35,206.7,21.22,36.85,0.9,0.92,95.0
2018-06-24,PHU CAT,13.767,109.217,15.7,28.14,28.94,27.53,24.96,28.5,82.8,19.81,100.37,4.67,193.6,23.24,36.74,0.92,0.93,90.32
2018-06-25,PHU CAT,13.767,109.217,2.97,28.34,29.36,27.42,25.0,28.6,82.13,19.86,100.39,3.99,177.4,21.14,37.24,0.9,0.93,98.61
2018-06-26,PHU CAT,13.767,109.217,1.85,28.21,29.46,27.4,24.98,28.65,82.73,19.82,100.48,4.65,166.0,17.27,37.31,0.9,0.93,82.58
2018-06-27,PHU CAT,13.767,109.217,1.01,28.42,30.02,26.89,25.0,28.54,81.87,19.86,100.48,3.73,183.4,24.73,36.52,0.89,0.92,65.9
2018-06-28,PHU CAT,13.767,109.217,1.13,28.34,30.15,27.08,24.5,28.65,80.0,19.3,100.34,3.53,177.0,24.74,37.12,0.89,0.92,38.78
2018-06-29,PHU CAT,13.767,109.217,1.1,28.8,30.97,27.11,25.54,28.92,82.92,20.6,100.12,4.43,189.7,25.52,36.99,0.88,0.91,20.66
2018-06-30,PHU CAT,13.767,109.217,2.52,29.12,31.17,27.42,25.85,28.96,82.72,20.96,100.12,4.08,213.7,25.27,37.38,0.88,0.91,35.06
2018-07-01,PHU CAT,13.767,109.217,1.45,29.04,30.96,27.65,25.77,28.87,82.69,20.86,100.15,5.0,223.9,24.88,37.15,0.88,0.9,56.18
2018-07-02,PHU CAT,13.767,109.217,0.77,28.8,30.47,27.44,25.38,28.83,81.82,20.38,100.11,5.82,228.4,23.33,36.91,0.88,0.9,41.16
2018-07-03,PHU CAT,13.767,109.217,1.92,29.38,32.06,27.53,25.27,29.08,78.92,20.27,100.04,5.42,216.4,25.15,37.46,0.86,0.89,45.88
2018-07-04,PHU CAT,13.767,109.217,0.96,29.0,31.1,27.62,25.34,28.57,80.83,20.36,99.96,6.01,233.6,25.01,36.87,0.86,0.88,74.39
2018-07-05,PHU CAT,13.767,109.217,0.97,28.55,30.0,27.21,25.14,28.32,81.86,20.12,99.98,4.74,233.2,24.2,36.66,0.86,0.88,77.12
2018-07-06,PHU CAT,13.767,109.217,1.28,28.71,30.6,27.23,25.1,28.5,80.96,20.09,99.87,5.18,234.6,22.23,37.3,0.85,0.88,95.9
2018-07-07,PHU CAT,13.767,109.217,4.84,29.07,31.46,27.38,25.42,28.89,80.91,20.5,99.81,3.72,238.1,20.18,37.57,0.86,0.87,92.83
2018-07-08,PHU CAT,13.767,109.217,1.64,28.26,30.53,26.83,24.5,28.76,80.26,19.36,99.9,5.83,245.4,24.3,37.03,0.85,0.87,62.97
2018-07-09,PHU CAT,13.767,109.217,7.96,27.57,28.61,26.76,24.46,28.9,83.21,19.3,100.01,3.61,253.9,23.15,37.34,0.88,0.87,77.5
2018-07-10,PHU CAT,13.767,109.217,11.15,27.82,29.13,26.95,24.8,28.61,83.64,19.72,99.93,4.47,234.3,21.36,36.96,0.88,0.88,82.72
2018-07-11,PHU CAT,13.767,109.217,18.24,28.35,30.85,26.46,24.95,28.84,81.89,19.93,99.83,4.76,226.9,20.82,37.26,0.9,0.89,88.17
2018-07-12,PHU CAT,13.767,109.217,7.16,28.56,30.87,26.99,24.88,28.87,80.69,19.84,99.81,5.11,238.1,16.9,37.66,0.87,0.89,93.0
2018-07-13,PHU CAT,13.767,109.217,19.01,28.44,29.98,26.92,25.12,28.63,82.29,20.13,99.79,5.57,213.1,16.46,37.6,0.91,0.91,97.9
2018-07-14,PHU CAT,13.767,109.217,11.58,27.59,29.59,26.47,24.58,28.24,83.76,19.47,99.86,6.15,231.5,16.42,37.51,0.9,0.91,98.82
2018-07-15,PHU CAT,13.767,109.217,17.92,27.82,30.1,26.45,24.11,28.17,80.43,18.92,99.85,6.67,237.3,13.02,37.55,0.92,0.93,99.56
2018-07-16,PHU CAT,13.767,109.217,4.95,27.95,30.06,26.44,23.66,28.21,77.94,18.44,99.74,6.74,238.8,10.5,37.4,0.89,0.92,99.5
2018-07-17,PHU CAT,13.767,109.217,48.54,27.89,30.24,26.59,24.3,28.26,81.06,19.18,99.67,4.95,218.8,17.13,37.65,0.95,0.94,96.15
2018-07-18,PHU CAT,13.767,109.217,5.93,28.28,30.24,26.75,24.85,28.27,81.83,19.81,99.76,5.79,212.4,20.08,38.07,0.91,0.94,90.94
2018-07-19,PHU CAT,13.767,109.217,48.46,28.73,31.13,27.06,25.11,28.54,81.03,20.08,99.99,5.25,228.1,14.07,38.35,0.95,0.94,97.95
2018-07-20,PHU CAT,13.767,109.217,71.5,28.43,29.76,27.28,25.49,28.39,84.14,20.52,100.11,3.85,226.5,11.77,38.25,0.97,0.97,99.25
2018-07-21,PHU CAT,13.767,109.217,8.99,28.35,29.12,27.6,25.68,28.48,85.42,20.76,100.07,5.0,215.9,14.13,38.01,0.95,0.98,96.92
2018-07-22,PHU CAT,13.767,109.217,2.15,28.79,30.8,27.5,25.15,28.63,80.9,20.14,99.9,7.08,230.5,15.79,38.16,0.93,0.97,95.11
2018-07-23,PHU CAT,13.767,109.217,1.82,28.69,30.9,27.31,24.89,28.63,80.09,19.82,99.92,6.32,236.4,11.13,37.96,0.92,0.96,98.45
2018-07-24,PHU CAT,13.767,109.217,6.2,28.65,31.06,27.23,24.82,28.77,80.0,19.71,100.06,5.61,239.7,18.09,37.75,0.92,0.96,92.92
2018-07-25,PHU CAT,13.767,109.217,6.74,28.79,31.41,27.12,24.58,28.96,78.3,19.41,100.15,4.54,252.7,19.49,38.14,0.92,0.95,88.48
2018-07-26,PHU CAT,13.767,109.217,28.49,29.06,31.19,27.69,25.34,29.19,80.49,20.33,100.16,2.46,247.0,20.3,37.58,0.95,0.96,93.92
2018-07-27,PHU CAT,13.767,109.217,8.76,28.69,30.07,27.41,25.22,28.88,81.64,20.15,100.23,3.43,215.1,17.97,37.65,0.94,0.97,95.44
2018-07-28,PHU CAT,13.767,109.217,5.9,28.23,29.16,26.93,25.04,28.61,82.81,19.96,100.21,4.48,210.0,20.92,37.56,0.93,0.97,87.06
2018-07-29,PHU CAT,13.767,109.217,2.61,29.09,30.96,27.67,25.21,29.14,79.78,20.16,100.15,4.81,218.3,22.3,37.2,0.92,0.96,73.6
2018-07-30,PHU CAT,13.767,109.217,0.34,29.13,31.04,27.46,25.14,29.25,79.24,20.08,100.19,4.58,238.5,24.15,37.53,0.92,0.95,66.61
2018-07-31,PHU CAT,13.767,109.217,0.18,29.53,31.61,27.68,24.96,29.57,76.92,19.87,100.23,3.07,232.0,24.31,37.2,0.91,0.95,49.21
2018-08-01,PHU CAT,13.767,109.217,2.28,29.63,31.88,28.11,25.72,29.57,79.83,20.81,100.16,3.59,232.2,25.41,37.4,0.91,0.94,48.77
2018-08-02,PHU CAT,13.767,109.217,1.43,29.39,31.42,27.92,25.52,29.6,79.91,20.57,100.08,5.25,223.6,24.13,37.33,0.9,0.94,64.56
2018-08-03,PHU CAT,13.767,109.217,0.86,28.44,30.2,27.42,24.68,29.18,80.17,19.53,100.08,5.83,247.4,24.7,37.18,0.9,0.93,64.05
2018-08-04,PHU CAT,13.767,109.217,8.36,29.04,31.01,27.46,25.04,29.41,79.25,19.98,100.03,3.99,247.3,23.21,37.49,0.91,0.93,73.92
2018-08-05,PHU CAT,13.767,109.217,16.74,28.75,30.36,27.69,24.91,29.37,79.76,19.82,100.08,2.98,283.3,21.77,37.24,0.93,0.94,86.83
2018-08-06,PHU CAT,13.767,109.217,8.38,28.91,30.05,27.81,24.49,29.54,77.17,19.33,100.01,3.03,298.1,7.32,36.97,0.92,0.95,99.49
2018-08-07,PHU CAT,13.767,109.217,15.26,28.76,30.2,27.47,24.72,29.26,78.87,19.61,99.92,3.85,293.7,6.4,37.49,0.93,0.95,99.52
2018-08-08,PHU CAT,13.767,109.217,17.64,28.45,30.15,26.99,24.75,29.04,80.5,19.66,99.88,4.33,276.4,11.36,37.19,0.94,0.96,98.09
2018-08-09,PHU CAT,13.767,109.217,7.07,27.91,29.59,26.46,24.55,28.74,82.03,19.41,100.0,6.04,234.5,15.44,37.14,0.93,0.96,93.8
2018-08-10,PHU CAT,13.767,109.217,2.01,29.06,31.75,27.09,25.06,29.25,79.38,20.03,99.96,6.57,230.2,22.19,37.68,0.91,0.95,78.69
2018-08-11,PHU CAT,13.767,109.217,31.89,28.37,30.66,27.0,24.39,28.73,79.17,19.25,99.86,7.34,240.5,16.31,38.09,0.95,0.96,94.72
2018-08-12,PHU CAT,13.767,109.217,24.91,28.67,30.9,27.09,24.76,28.76,79.63,19.71,99.81,6.47,239.4,18.41,37.92,0.95,0.97,94.23
2018-08-13,PHU CAT,13.767,109.217,14.78,27.99,29.7,26.92,23.95,28.57,78.88,18.72,99.95,7.29,242.3,11.7,37.26,0.94,0.97,99.78
2018-08-14,PHU CAT,13.767,109.217,3.2,27.68,29.57,26.75,23.95,28.45,80.22,18.73,99.92,8.43,240.6,15.39,37.51,0.93,0.97,99.62
2018-08-15,PHU CAT,13.767,109.217,1.11,28.61,30.92,26.91,24.35,28.62,78.0,19.21,99.86,8.23,244.0,12.01,37.03,0.92,0.96,99.64
2018-08-16,PHU CAT,13.767,109.217,3.24,28.48,31.07,26.9,24.72,28.53,80.35,19.67,99.69,6.93,236.6,18.34,38.08,0.92,0.95,98.09
2018-08-17,PHU CAT,13.767,109.217,32.96,29.01,31.5,27.37,25.47,28.78,81.43,20.57,99.7,5.71,230.7,21.23,38.3,0.94,0.95,80.89
2018-08-18,PHU CAT,13.767,109.217,10.75,28.63,30.38,27.53,25.37,28.72,82.57,20.4,99.94,4.94,230.2,20.18,37.87,0.94,0.97,88.36
2018-08-19,PHU CAT,13.767,109.217,2.65,28.73,30.63,27.14,25.29,28.87,81.82,20.27,100.11,5.25,222.6,19.97,37.63,0.92,0.96,86.12
2018-08-20,PHU CAT,13.767,109.217,4.65,28.86,31.22,27.33,25.24,29.06,80.99,20.21,100.07,4.35,239.7,23.91,37.52,0.92,0.96,70.83
2018-08-21,PHU CAT,13.767,109.217,3.54,29.02,31.64,27.24,25.39,29.13,81.02,20.44,99.91,4.52,246.1,23.83,37.91,0.92,0.95,63.97
2018-08-22,PHU CAT,13.767,109.217,4.55,28.99,31.12,27.59,25.37,28.92,80.99,20.4,99.94,5.26,229.5,20.57,37.58,0.92,0.95,84.59
2018-08-23,PHU CAT,13.767,109.217,11.93,28.7,30.49,27.36,25.37,28.84,82.22,20.36,100.12,5.33,230.2,20.71,37.88,0.93,0.95,87.15
2018-08-24,PHU CAT,13.767,109.217,8.95,28.56,30.33,27.5,25.0,28.77,81.23,19.9,100.2,4.63,225.0,18.54,37.86,0.93,0.95,97.13
2018-08-25,PHU CAT,13.767,109.217,10.5,28.68,30.69,27.11,25.13,28.82,81.35,20.09,100.04,4.95,239.2,19.99,37.3,0.93,0.96,97.39
2018-08-26,PHU CAT,13.767,109.217,24.6,28.09,29.81,26.82,24.82,28.62,82.46,19.71,100.03,5.53,226.5,15.49,37.03,0.95,0.97,97.19
2018-08-27,PHU CAT,13.767,109.217,3.41,28.51,30.64,26.85,24.61,28.76,79.66,19.44,100.2,5.88,233.4,15.86,37.47,0.92,0.96,97.51
2018-08-28,PHU CAT,13.767,109.217,4.11,28.32,30.41,26.96,24.52,28.58,80.08,19.32,100.23,5.73,225.5,15.95,37.18,0.92,0.96,98.72
2018-08-29,PHU CAT,13.767,109.217,1.42,28.7,31.23,27.06,24.74,28.86,79.43,19.6,100.12,5.83,222.6,18.84,38.01,0.92,0.95,92.92
2018-08-30,PHU CAT,13.767,109.217,0.72,28.98,31.31,27.42,24.63,28.87,77.75,19.47,100.2,4.91,213.0,23.47,37.36,0.91,0.95,66.7
2018-08-31,PHU CAT,13.767,109.217,1.98,28.81,30.79,27.43,25.27,28.77,81.51,20.2,100.37,4.43,188.4,24.3,37.22,0.91,0.94,53.28
2018-09-01,PHU CAT,13.767,109.217,2.25,29.02,31.23,26.96,25.37,28.92,80.98,20.33,100.35,2.33,236.9,23.94,37.59,0.91,0.94,50.18
2018-09-02,PHU CAT,13.767,109.217,4.51,28.71,30.56,27.35,25.46,28.96,82.75,20.45,100.21,4.27,178.2,24.17,37.21,0.91,0.94,56.16
2018-09-03,PHU CAT,13.767,109.217,1.49,28.72,30.47,26.99,25.16,28.97,81.17,20.09,100.21,4.31,226.5,24.53,36.61,0.9,0.93,61.7
2018-09-04,PHU CAT,13.767,109.217,0.48,29.22,31.58,27.2,24.83,29.33,77.57,19.69,100.32,3.25,245.7,24.91,36.48,0.9,0.93,45.64
2018-09-05,PHU CAT,13.767,109.217,3.47,29.25,31.29,27.57,24.45,29.37,75.66,19.26,100.21,2.84,242.4,23.88,37.1,0.9,0.92,69.96
2018-09-06,PHU CAT,13.767,109.217,4.14,29.1,31.07,28.07,24.76,29.42,77.76,19.64,100.11,3.27,161.4,25.24,37.22,0.9,0.92,57.15
2018-09-07,PHU CAT,13.767,109.217,2.38,28.87,30.43,27.75,25.27,29.43,81.18,20.24,100.19,4.07,146.5,24.19,36.75,0.9,0.92,75.86
2018-09-08,PHU CAT,13.767,109.217,3.47,28.32,28.87,27.79,24.68,29.05,80.73,19.51,100.38,2.87,153.2,23.3,37.33,0.9,0.92,85.79
2018-09-09,PHU CAT,13.767,109.217,4.72,28.4,29.33,27.75,24.43,29.36,79.12,19.15,100.57,2.74,135.1,21.76,37.33,0.89,0.92,71.94
2018-09-10,PHU CAT,13.767,109.217,56.82,28.34,29.63,27.03,25.12,29.16,82.92,19.96,100.61,3.18,62.3,23.64,37.3,0.94,0.93,65.93
2018-09-11,PHU CAT,13.767,109.217,18.2,27.7,28.26,26.99,24.46,28.94,82.55,19.21,100.45,1.79,69.0,22.36,37.44,0.94,0.96,70.56
2018-09-12,PHU CAT,13.767,109.217,14.26,28.28,29.08,27.41,24.74,29.01,81.12,19.58,100.24,3.46,201.5,22.17,36.95,0.94,0.96,85.03
2018-09-13,PHU CAT,13.767,109.217,24.15,28.09,29.39,27.36,24.57,29.14,81.22,19.37,100.25,2.78,358.8,21.24,37.5,0.95,0.97,84.25
2018-09-14,PHU CAT,13.767,109.217,12.58,28.45,28.89,27.77,25.22,29.36,82.71,20.17,100.25,3.43,354.2,20.33,36.99,0.94,0.97,90.09
2018-09-15,PHU CAT,13.767,109.217,11.22,28.45,29.01,27.67,25.32,29.12,83.09,20.31,100.02,3.69,314.3,13.22,37.02,0.94,0.97,99.02
2018-09-16,PHU CAT,13.767,109.217,8.84,28.6,30.6,27.44,25.55,29.04,83.72,20.64,99.87,5.02,209.6,20.48,36.92,0.94,0.97,98.95
2018-09-17,PHU CAT,13.767,109.217,34.07,28.38,29.53,27.27,25.49,28.98,84.33,20.5,100.14,4.53,183.6,20.26,37.34,0.97,0.98,97.99
2018-09-18,PHU CAT,13.767,109.217,4.84,28.42,29.06,27.65,24.28,28.93,78.27,19.0,100.46,2.79,166.2,16.5,37.11,0.94,0.98,85.59
2018-09-19,PHU CAT,13.767,109.217,4.29,28.16,28.81,27.44,24.8,29.09,81.93,19.59,100.52,3.58,60.4,22.24,36.72,0.94,0.98,64.87
2018-09-20,PHU CAT,13.767,109.217,6.97,28.07,28.71,27.53,24.63,28.99,81.51,19.38,100.52,3.97,16.9,22.27,36.94,0.94,0.98,64.24
2018-09-21,PHU CAT,13.767,109.217,32.48,28.16,28.68,27.56,24.92,28.85,82.56,19.71,100.63,3.66,53.8,20.76,37.36,0.97,0.98,74.12
2018-09-22,PHU CAT,13.767,109.217,9.47,27.44,28.18,26.49,24.05,28.64,81.66,18.66,100.83,2.08,136.7,21.13,36.82,0.95,0.99,86.66
2018-09-23,PHU CAT,13.767,109.217,3.82,27.46,28.01,26.9,23.22,28.78,77.65,17.76,100.75,1.55,59.3,17.92,36.85,0.95,0.99,80.6
2018-09-24,PHU CAT,13.767,109.217,2.5,28.2,29.2,27.15,23.57,29.16,76.0,18.18,100.56,1.96,52.4,24.85,36.62,0.94,0.98,27.28
2018-09-25,PHU CAT,13.767,109.217,2.3,28.82,30.58,27.53,23.83,29.48,74.74,18.51,100.42,2.67,101.1,25.03,36.56,0.93,0.97,11.26
2018-09-26,PHU CAT,13.767,109.217,1.65,29.21,30.94,28.3,24.76,29.78,77.18,19.59,100.38,2.57,113.6,24.45,36.97,0.93,0.97,27.1
2018-09-27,PHU CAT,13.767,109.217,1.03,28.86,29.91,28.1,24.44,29.81,77.12,19.21,100.39,2.51,90.6,23.71,36.82,0.92,0.96,18.72
2018-09-28,PHU CAT,13.767,109.217,1.79,28.46,29.31,27.29,24.44,29.63,78.81,19.18,100.47,3.05,66.6,19.31,36.73,0.92,0.96,37.53
2018-09-29,PHU CAT,13.767,109.217,1.17,28.61,29.59,27.79,24.36,29.61,77.79,19.09,100.45,3.32,31.3,21.08,36.85,0.91,0.95,45.87
2018-09-30,PHU CAT,13.767,109.217,8.52,28.5,29.47,27.96,25.09,29.45,81.86,19.95,100.49,4.51,32.1,9.04,37.88,0.92,0.95,98.8
2018-10-01,PHU CAT,13.767,109.217,11.24,28.1,28.79,27.45,25.05,28.78,83.49,19.87,100.6,5.68,17.2,5.0,37.17,0.93,0.95,98.15
2018-10-02,PHU CAT,13.767,109.217,79.24,28.25,28.86,27.89,25.21,28.67,83.59,20.07,100.58,7.46,13.9,11.2,37.31,0.95,0.96,95.78
2018-10-03,PHU CAT,13.767,109.217,45.6,28.18,28.42,27.88,25.33,28.45,84.48,20.19,100.67,7.11,48.0,3.58,36.97,0.98,0.99,94.72
2018-10-04,PHU CAT,13.767,109.217,66.94,27.58,28.35,26.82,23.82,27.86,79.94,18.43,100.78,6.78,41.4,9.96,37.08,0.97,1.0,95.55
2018-10-05,PHU CAT,13.767,109.217,0.81,26.88,27.89,26.11,22.96,27.74,79.09,17.47,100.81,4.98,25.3,19.33,35.83,0.94,0.99,37.7
2018-10-06,PHU CAT,13.767,109.217,0.24,27.0,28.08,26.07,22.43,27.68,76.11,16.9,100.84,4.78,21.8,21.19,35.19,0.93,0.98,17.17
2018-10-07,PHU CAT,13.767,109.217,0.02,27.16,28.28,26.08,21.71,27.62,72.09,16.18,100.81,4.87,15.5,22.0,34.58,0.93,0.97,12.1
2018-10-08,PHU CAT,13.767,109.217,0.14,27.16,28.18,26.31,22.2,27.66,74.45,16.69,100.73,5.0,11.4,23.6,34.64,0.92,0.96,16.68
2018-10-09,PHU CAT,13.767,109.217,1.73,27.5,28.4,26.81,23.63,27.94,79.5,18.22,100.72,4.93,16.5,21.89,35.87,0.92,0.96,38.9
2018-10-10,PHU CAT,13.767,109.217,3.19,27.59,28.48,27.02,24.19,28.08,81.72,18.83,100.79,5.31,24.8,20.31,36.06,0.92,0.95,33.77
2018-10-11,PHU CAT,13.767,109.217,2.42,27.64,28.41,27.04,23.98,27.92,80.45,18.57,100.91,6.43,31.0,20.09,36.23,0.91,0.95,78.39
2018-10-12,PHU CAT,13.767,109.217,5.37,27.56,28.28,27.0,24.33,27.94,82.5,18.97,100.88,5.28,45.6,17.65,36.42,0.91,0.94,77.15
2018-10-13,PHU CAT,13.767,109.217,0.57,27.67,28.44,27.1,24.17,27.99,81.22,18.79,100.86,3.46,44.0,19.9,36.48,0.9,0.94,67.82
2018-10-14,PHU CAT,13.767,109.217,0.85,28.08,28.76,27.46,23.8,28.13,77.52,18.38,100.83,2.46,65.7,19.67,36.44,0.9,0.93,63.15
2018-10-15,PHU CAT,13.767,109.217,0.38,28.11,29.94,27.01,23.33,28.15,75.44,17.88,100.8,2.18,70.3,22.39,35.63,0.88,0.92,52.58
2018-10-16,PHU CAT,13.767,109.217,0.47,27.99,29.21,27.2,23.6,28.4,77.21,18.2,100.71,1.83,87.4,22.95,35.67,0.88,0.91,45.77
2018-10-17,PHU CAT,13.767,109.217,0.47,28.02,28.95,27.4,24.08,28.49,79.26,18.75,100.59,2.56,82.4,21.78,36.61,0.88,0.91,57.19
2018-10-18,PHU CAT,13.767,109.217,7.37,26.75,28.26,25.94,23.16,27.94,80.69,17.72,100.7,2.05,16.7,21.59,36.37,0.9,0.91,57.65
2018-10-19,PHU CAT,13.767,109.217,16.55,27.89,28.15,27.21,24.89,28.14,83.66,19.65,100.78,4.28,45.0,12.56,36.8,0.91,0.92,96.27
2018-10-20,PHU CAT,13.767,109.217,6.33,28.13,28.7,27.72,24.42,28.14,80.21,19.07,100.87,3.77,92.9,17.43,35.99,0.91,0.93,59.58
2018-10-21,PHU CAT,13.767,109.217,6.82,28.0,29.12,27.31,24.75,28.37,82.72,19.48,100.87,3.4,23.4,21.85,35.96,0.9,0.93,60.35
2018-10-22,PHU CAT,13.767,109.217,8.08,27.92,28.53,27.42,24.4,27.94,81.12,19.07,100.84,4.76,42.6,16.57,36.38,0.91,0.93,87.72
2018-10-23,PHU CAT,13.767,109.217,3.52,28.21,29.05,27.63,23.96,28.17,77.76,18.56,100.86,5.51,48.1,17.7,36.95,0.89,0.93,85.5
2018-10-24,PHU CAT,13.767,109.217,1.18,28.08,29.04,27.29,23.4,28.16,75.67,17.93,100.9,4.78,48.0,14.83,36.8,0.88,0.92,69.62
2018-10-25,PHU CAT,13.767,109.217,0.59,28.06,29.07,27.27,22.97,28.15,73.89,17.45,100.98,4.97,27.7,20.64,35.34,0.88,0.91,13.98
2018-10-26,PHU CAT,13.767,109.217,4.78,28.01,28.87,27.52,23.98,28.23,78.74,18.55,100.99,6.18,25.5,20.07,36.34,0.88,0.9,42.38
2018-10-27,PHU CAT,13.767,109.217,3.78,28.04,28.95,27.43,24.14,28.23,79.35,18.74,100.95,7.6,32.8,18.64,36.07,0.88,0.9,25.79
2018-10-28,PHU CAT,13.767,109.217,1.25,27.75,28.91,26.7,23.65,28.05,78.41,18.21,100.87,7.88,24.7,18.04,36.04,0.87,0.89,43.45
2018-10-29,PHU CAT,13.767,109.217,0.2,26.88,27.97,25.98,21.71,27.5,73.29,16.18,100.81,8.07,14.2,17.41,35.03,0.86,0.88,71.74
2018-10-30,PHU CAT,13.767,109.217,0.34,26.58,27.49,25.78,20.56,27.25,69.57,15.08,100.78,8.86,8.7,18.53,34.63,0.85,0.87,87.45
2018-10-31,PHU CAT,13.767,109.217,0.04,26.3,27.27,25.57,20.51,27.0,70.52,15.03,100.8,8.38,356.9,14.48,34.99,0.84,0.86,69.9
2018-11-01,PHU CAT,13.767,109.217,0.01,26.31,27.52,25.17,19.52,26.84,66.29,14.12,100.84,7.1,4.9,19.28,34.36,0.84,0.85,38.9
2018-11-02,PHU CAT,13.767,109.217,0.74,26.16,27.1,25.63,22.2,27.06,78.98,16.67,100.96,6.08,11.2,20.56,35.82,0.84,0.85,48.82
2018-11-03,PHU CAT,13.767,109.217,1.45,26.69,27.32,26.32,23.42,27.13,82.23,17.93,100.96,5.72,32.4,8.57,37.13,0.84,0.84,87.65
2018-11-04,PHU CAT,13.767,109.217,0.21,26.76,27.81,25.88,23.17,27.2,80.7,17.68,100.87,5.51,21.7,13.26,36.13,0.83,0.83,46.26
2018-11-05,PHU CAT,13.767,109.217,0.84,26.95,28.0,26.17,23.86,27.37,83.2,18.45,100.8,5.94,25.8,18.88,35.67,0.82,0.83,27.91
2018-11-06,PHU CAT,13.767,109.217,3.48,27.3,28.17,26.72,24.16,27.38,82.94,18.78,100.83,6.2,38.9,19.22,36.52,0.82,0.82,62.74
2018-11-07,PHU CAT,13.767,109.217,18.07,27.18,28.0,26.59,24.27,27.23,84.06,18.92,100.84,6.46,49.7,6.22,36.9,0.88,0.84,99.22
2018-11-08,PHU CAT,13.767,109.217,7.39,27.21,28.0,26.66,24.01,27.27,82.6,18.62,100.78,6.13,49.3,9.79,36.83,0.85,0.84,96.49
2018-11-09,PHU CAT,13.767,109.217,1.1,27.38,28.14,26.77,23.07,27.34,77.3,17.59,100.78,5.49,49.5,18.4,35.77,0.83,0.84,62.5
2018-11-10,PHU CAT,13.767,109.217,1.86,27.17,28.3,26.3,23.31,27.42,79.57,17.84,100.86,5.41,27.3,19.58,36.04,0.83,0.83,43.55
2018-11-11,PHU CAT,13.767,109.217,1.38,26.77,27.56,26.02,23.82,27.43,83.79,18.39,100.83,5.09,35.9,17.69,36.24,0.82,0.82,41.32
2018-11-12,PHU CAT,13.767,109.217,0.09,26.43,27.38,25.66,23.18,27.33,82.31,17.72,100.71,4.57,22.4,17.86,35.6,0.81,0.82,72.11
2018-11-13,PHU CAT,13.767,109.217,0.23,26.32,27.15,25.68,23.05,27.38,82.2,17.59,100.63,4.64,27.2,16.56,35.18,0.81,0.81,83.37
2018-11-14,PHU CAT,13.767,109.217,0.07,26.52,27.42,25.92,22.78,27.33,79.91,17.29,100.76,3.64,47.8,17.18,35.13,0.8,0.8,98.29
2018-11-15,PHU CAT,13.767,109.217,0.25,26.96,28.08,26.14,23.44,27.52,81.17,17.99,100.83,3.3,56.6,17.69,35.44,0.8,0.8,92.95
2018-11-16,PHU CAT,13.767,109.217,0.7,26.76,27.57,26.16,23.94,27.4,84.54,18.54,100.82,3.38,34.1,17.41,35.84,0.8,0.79,88.33
2018-11-17,PHU CAT,13.767,109.217,17.45,26.89,27.64,26.23,24.47,27.14,86.56,19.14,100.85,4.37,33.6,3.36,36.34,0.86,0.8,99.59
2018-11-18,PHU CAT,13.767,109.217,34.72,26.52,26.76,26.1,24.5,26.94,88.64,19.17,100.92,4.75,39.9,2.42,36.08,0.93,0.85,97.13
2018-11-19,PHU CAT,13.767,109.217,3.45,27.13,27.87,26.34,23.19,27.12,79.01,17.7,100.99,4.59,51.8,16.02,35.78,0.86,0.85,40.34
2018-11-20,PHU CAT,13.767,109.217,0.27,26.69,27.75,25.85,22.64,27.18,78.49,17.11,100.92,4.12,23.2,19.58,34.18,0.84,0.84,12.84
2018-11-21,PHU CAT,13.767,109.217,3.26,26.65,27.77,26.02,23.46,27.32,82.87,18.01,100.9,5.91,12.0,19.62,35.0,0.84,0.84,40.61
2018-11-22,PHU CAT,13.767,109.217,5.13,26.94,27.89,26.36,23.92,27.25,83.47,18.5,100.92,9.61,22.3,15.12,36.12,0.84,0.84,87.28
2018-11-23,PHU CAT,13.767,109.217,38.28,26.6,27.3,26.28,23.85,26.92,84.86,18.43,100.86,10.18,22.1,10.09,36.54,0.91,0.85,99.55
2018-11-24,PHU CAT,13.767,109.217,16.15,26.5,26.68,26.26,24.3,26.86,87.66,18.94,100.86,6.97,38.1,6.2,36.5,0.91,0.89,98.29
2018-11-25,PHU CAT,13.767,109.217,19.1,25.91,26.72,25.18,24.11,26.71,89.71,18.73,100.81,4.14,53.0,12.24,36.37,0.92,0.9,96.04
2018-11-26,PHU CAT,13.767,109.217,17.2,26.15,26.53,25.88,24.14,26.71,88.63,18.76,100.9,6.76,37.0,3.1,36.4,0.92,0.92,93.62
2018-11-27,PHU CAT,13.767,109.217,3.06,26.15,27.25,25.03,24.09,26.74,88.39,18.68,100.96,4.92,9.0,15.83,35.6,0.89,0.92,27.07
2018-11-28,PHU CAT,13.767,109.217,2.74,26.15,27.02,25.54,23.96,26.81,87.71,18.52,101.04,4.15,40.5,17.92,35.46,0.89,0.91,27.61
2018-11-29,PHU CAT,13.767,109.217,2.94,26.45,26.88,26.17,23.91,26.7,85.83,18.45,101.09,5.32,46.6,15.98,35.67,0.88,0.91,38.15
2018-11-30,PHU CAT,13.767,109.217,2.39,26.62,27.53,25.98,23.67,26.71,83.83,18.19,101.04,4.83,36.2,16.56,35.96,0.88,0.9,69.5
2018-12-01,PHU CAT,13.767,109.217,4.38,26.59,27.35,26.13,23.87,26.74,85.04,18.46,100.87,4.89,35.2,12.0,36.39,0.88,0.9,59.1
2018-12-02,PHU CAT,13.767,109.217,0.19,26.75,27.75,25.98,22.97,26.71,79.72,17.48,100.83,4.81,35.3,16.3,35.76,0.87,0.89,43.64
2018-12-03,PHU CAT,13.767,109.217,0.71,26.74,27.53,26.09,23.71,26.88,83.58,18.29,100.88,4.43,24.1,14.3,36.42,0.87,0.89,97.71
2018-12-04,PHU CAT,13.767,109.217,0.36,26.68,27.71,25.93,23.23,26.74,81.3,17.76,100.88,5.25,38.5,17.23,35.02,0.86,0.88,73.47
2018-12-05,PHU CAT,13.767,109.217,0.41,26.3,27.14,25.83,23.06,26.67,82.48,17.6,100.73,5.6,9.8,15.66,36.31,0.85,0.87,82.37
2018-12-06,PHU CAT,13.767,109.217,2.36,26.86,27.48,26.57,24.31,27.02,85.86,18.98,100.73,5.81,33.4,14.81,36.87,0.86,0.87,78.48
2018-12-07,PHU CAT,13.767,109.217,8.95,27.13,27.7,26.74,24.48,27.12,85.34,19.16,100.8,5.42,43.9,15.42,36.03,0.88,0.87,88.48
2018-12-08,PHU CAT,13.767,109.217,11.48,27.24,28.13,26.62,24.27,27.16,83.82,18.9,100.88,6.23,60.0,16.12,36.41,0.88,0.88,81.59
2018-12-09,PHU CAT,13.767,109.217,9.37,26.98,27.63,26.62,24.18,27.0,84.61,18.8,100.87,6.42,48.8,14.03,36.07,0.88,0.88,51.2
2018-12-10,PHU CAT,13.767,109.217,12.56,26.92,27.77,26.29,24.12,26.89,84.62,18.72,100.89,6.01,61.1,15.46,36.3,0.89,0.89,45.05
2018-12-11,PHU CAT,13.767,109.217,6.8,26.77,27.58,26.28,23.54,26.75,82.39,18.05,101.02,6.85,40.9,15.88,35.92,0.88,0.89,60.32
2018-12-12,PHU CAT,13.767,109.217,5.83,26.18,27.22,25.57,23.05,26.53,82.86,17.5,101.18,9.11,29.3,13.62,36.59,0.88,0.89,82.15
2018-12-13,PHU CAT,13.767,109.217,3.76,26.29,27.04,25.78,23.21,26.46,83.1,17.66,101.19,8.75,32.2,8.91,36.15,0.87,0.89,71.85
2018-12-14,PHU CAT,13.767,109.217,12.39,26.16,26.66,25.85,23.59,26.32,85.73,18.09,101.15,9.4,33.5,6.88,36.89,0.89,0.89,96.72
2018-12-15,PHU CAT,13.767,109.217,3.51,26.23,26.72,25.92,23.55,26.17,85.1,18.04,101.14,8.41,35.3,8.57,36.86,0.88,0.89,83.48
2018-12-16,PHU CAT,13.767,109.217,2.62,26.05,26.86,25.49,23.23,26.23,84.37,17.68,101.21,8.85,25.0,14.78,36.38,0.87,0.89,73.11
2018-12-17,PHU CAT,13.767,109.217,2.1,25.4,26.16,24.85,22.27,25.98,82.72,16.67,101.24,8.48,21.9,13.16,36.31,0.87,0.88,86.63
2018-12-18,PHU CAT,13.767,109.217,1.18,25.21,25.81,24.76,22.2,25.72,83.42,16.62,101.16,6.66,11.0,11.99,36.42,0.86,0.88,79.76
2018-12-19,PHU CAT,13.767,109.217,0.34,25.64,26.41,24.92,22.38,25.76,82.16,16.81,101.1,4.02,25.9,13.06,35.7,0.86,0.87,59.57
2018-12-20,PHU CAT,13.767,109.217,0.35,25.54,26.47,24.82,22.18,25.79,81.64,16.63,100.94,3.24,32.9,17.0,34.57,0.85,0.87,71.73
2018-12-21,PHU CAT,13.767,109.217,0.12,25.34,26.39,24.59,21.77,25.89,80.56,16.23,100.85,4.41,18.4,17.74,34.3,0.85,0.86,53.17
2018-12-22,PHU CAT,13.767,109.217,3.58,25.77,26.52,25.24,22.48,25.9,82.1,16.96,100.88,6.62,2.4,13.44,35.73,0.85,0.85,98.7
2018-12-23,PHU CAT,13.767,109.217,12.15,25.71,26.29,25.21,24.0,25.7,90.17,18.61,100.78,7.16,6.6,5.45,36.63,0.88,0.86,97.45
2018-12-24,PHU CAT,13.767,109.217,6.13,25.47,26.05,25.2,23.82,25.58,90.5,18.43,100.67,7.05,0.6,5.2,36.02,0.87,0.87,94.62
2018-12-25,PHU CAT,13.767,109.217,0.52,25.79,26.55,25.44,23.71,25.88,88.22,18.32,100.63,4.85,12.6,13.9,36.4,0.85,0.87,79.07
2018-12-26,PHU CAT,13.767,109.217,4.74,25.86,26.4,25.54,23.89,26.13,88.86,18.53,100.6,5.73,21.8,12.21,36.45,0.86,0.86,96.56
2018-12-27,PHU CAT,13.767,109.217,9.95,25.69,26.11,25.24,23.07,25.58,85.39,17.62,100.69,7.57,31.5,3.1,35.98,0.88,0.87,99.18
2018-12-28,PHU CAT,13.767,109.217,11.18,25.21,25.67,24.96,22.67,25.34,85.69,17.14,100.86,9.49,30.9,5.34,35.86,0.89,0.88,99.99
2018-12-29,PHU CAT,13.767,109.217,10.26,25.25,25.67,24.85,22.45,25.26,84.42,16.9,101.02,10.37,43.4,7.85,35.82,0.89,0.89,99.71
2018-12-30,PHU CAT,13.767,109.217,5.94,24.75,25.78,23.6,21.84,25.19,83.82,16.24,101.22,10.42,17.4,10.95,35.23,0.88,0.89,99.66
2018-12-31,PHU CAT,13.767,109.217,14.71,24.07,24.52,23.65,21.57,24.86,85.93,15.97,101.29,11.19,11.3,8.49,35.34,0.9,0.89,99.72
2019-01-01,PHU CAT,13.767,109.217,12.46,23.86,24.28,23.44,21.72,24.71,87.84,16.13,101.25,11.42,3.2,5.88,35.81,0.91,0.91,98.53
2019-01-02,PHU CAT,13.767,109.217,20.21,24.24,25.07,23.57,22.62,24.78,90.7,17.07,101.19,9.39,3.2,8.37,36.17,0.92,0.92,97.83
2019-01-03,PHU CAT,13.767,109.217,4.83,25.27,26.05,24.66,23.78,25.06,91.36,18.29,101.2,4.81,31.8,10.64,36.57,0.9,0.93,81.95
2019-01-04,PHU CAT,13.767,109.217,2.15,25.23,26.04,24.66,23.57,25.1,90.49,18.05,101.24,4.61,42.4,7.76,36.61,0.89,0.92,71.31
2019-01-05,PHU CAT,13.767,109.217,2.26,25.15,26.1,24.57,23.1,25.06,88.42,17.54,101.23,5.19,44.1,12.38,36.67,0.89,0.92,80.59
2019-01-06,PHU CAT,13.767,109.217,0.38,24.99,25.89,24.51,22.5,24.9,85.98,16.91,101.24,5.02,44.4,14.42,35.01,0.88,0.91,38.97
2019-01-07,PHU CAT,13.767,109.217,0.86,24.94,25.76,24.44,22.42,24.96,85.94,16.84,101.16,5.73,28.4,18.06,35.06,0.88,0.91,46.58
2019-01-08,PHU CAT,13.767,109.217,0.49,25.26,26.0,24.75,22.39,25.09,84.1,16.81,101.16,5.1,46.5,17.14,34.9,0.87,0.9,35.28
2019-01-09,PHU CAT,13.767,109.217,0.62,25.06,25.94,24.34,22.49,24.81,85.65,16.91,101.18,4.87,55.0,10.51,36.0,0.87,0.89,80.85
2019-01-10,PHU CAT,13.767,109.217,0.57,24.97,25.81,24.46,22.78,24.88,87.62,17.22,101.12,4.37,46.0,18.17,35.21,0.87,0.89,54.94
2019-01-11,PHU CAT,13.767,109.217,0.94,24.8,25.71,24.26,22.51,24.73,87.06,16.93,101.12,5.14,30.3,12.43,36.23,0.86,0.88,88.28
2019-01-12,PHU CAT,13.767,109.217,0.24,24.78,25.63,24.33,22.14,24.72,85.23,16.56,101.1,5.43,26.9,17.18,34.72,0.86,0.88,71.22
2019-01-13,PHU CAT,13.767,109.217,0.28,24.49,25.62,23.67,21.19,24.62,81.82,15.63,101.04,6.07,21.4,16.73,33.94,0.85,0.87,37.96
2019-01-14,PHU CAT,13.767,109.217,0.13,24.5,25.38,23.86,20.83,24.7,80.03,15.3,100.93,5.79,13.3,18.75,34.0,0.85,0.86,45.39
2019-01-15,PHU CAT,13.767,109.217,2.62,24.66,25.25,24.31,21.92,24.8,84.67,16.35,101.0,6.38,22.5,11.31,36.22,0.85,0.86,93.18
2019-01-16,PHU CAT,13.767,109.217,6.82,24.92,25.76,24.21,22.09,25.04,84.27,16.52,101.04,6.08,33.8,13.2,36.05,0.86,0.86,84.05
2019-01-17,PHU CAT,13.767,109.217,9.24,24.69,25.39,23.99,21.63,24.86,83.0,16.05,101.11,8.26,41.8,11.17,35.31,0.87,0.86,79.05
2019-01-18,PHU CAT,13.767,109.217,9.06,24.05,24.76,23.64,21.38,24.55,85.03,15.8,101.11,6.77,23.5,13.75,35.03,0.87,0.86,82.88
2019-01-19,PHU CAT,13.767,109.217,2.84,24.25,25.17,23.75,21.93,24.51,86.82,16.36,101.03,5.38,21.0,14.72,35.03,0.86,0.86,57.37
2019-01-20,PHU CAT,13.767,109.217,1.28,24.2,25.32,23.31,21.74,24.41,86.14,16.17,101.04,5.61,8.2,12.77,35.36,0.85,0.86,94.91
2019-01-21,PHU CAT,13.767,109.217,3.73,24.02,24.79,23.55,21.76,24.28,87.09,16.18,101.15,8.49,16.3,16.4,35.31,0.85,0.86,91.88
2019-01-22,PHU CAT,13.767,109.217,0.8,23.38,24.41,22.4,19.81,23.84,80.26,14.31,101.33,8.5,20.8,15.22,34.27,0.84,0.85,84.08
2019-01-23,PHU CAT,13.767,109.217,0.38,22.77,23.73,22.02,18.49,23.54,76.79,13.17,101.26,6.85,17.4,18.16,32.34,0.83,0.84,74.73
2019-01-24,PHU CAT,13.767,109.217,0.15,22.54,23.5,21.67,18.08,23.54,75.86,12.84,101.24,5.55,13.0,15.85,32.99,0.83,0.83,73.37
2019-01-25,PHU CAT,13.767,109.217,0.64,23.24,24.05,22.69,19.55,23.72,80.01,14.11,101.34,6.7,4.1,20.67,32.81,0.82,0.83,73.41
2019-01-26,PHU CAT,13.767,109.217,0.69,23.45,24.26,22.52,20.07,23.71,81.29,14.55,101.32,8.08,24.1,10.65,35.27,0.82,0.82,96.4
2019-01-27,PHU CAT,13.767,109.217,0.29,22.69,23.56,21.75,19.29,23.29,81.21,13.86,101.28,6.26,3.6,16.59,32.59,0.82,0.82,42.39
2019-01-28,PHU CAT,13.767,109.217,0.36,23.48,24.28,23.09,20.57,23.75,83.71,15.02,101.2,5.36,21.8,21.2,33.25,0.81,0.81,26.82
2019-01-29,PHU CAT,13.767,109.217,0.22,23.94,25.0,23.11,20.58,23.87,81.47,15.02,101.22,5.27,42.2,14.54,34.31,0.81,0.81,58.43
2019-01-30,PHU CAT,13.767,109.217,0.06,23.64,24.57,22.78,19.53,23.67,77.7,14.07,101.24,4.33,32.0,20.28,32.6,0.8,0.8,46.86
2019-01-31,PHU CAT,13.767,109.217,0.02,23.8,25.2,22.77,18.95,23.68,74.4,13.56,101.29,5.64,5.5,20.57,33.2,0.79,0.79,38.37
2019-02-01,PHU CAT,13.767,109.217,0.04,23.43,24.65,22.7,19.78,23.75,80.03,14.29,101.23,5.27,14.4,18.78,33.41,0.79,0.79,31.47
2019-02-02,PHU CAT,13.767,109.217,0.02,23.85,24.86,23.3,20.14,23.99,79.84,14.64,101.1,3.01,30.2,19.32,33.52,0.78,0.78,19.03
2019-02-03,PHU CAT,13.767,109.217,0.02,24.44,25.62,23.68,21.93,24.54,85.92,16.35,101.14,2.08,88.4,21.66,33.61,0.78,0.77,11.79
2019-02-04,PHU CAT,13.767,109.217,0.01,24.39,25.71,23.38,21.94,24.47,86.28,16.35,101.16,2.3,66.9,20.07,33.91,0.77,0.77,54.63
2019-02-05,PHU CAT,13.767,109.217,0.0,24.32,25.51,23.54,21.57,24.51,84.65,16.0,101.05,3.09,106.0,19.6,33.47,0.76,0.76,55.08
2019-02-06,PHU CAT,13.767,109.217,0.0,24.49,25.92,23.33,21.91,24.57,85.76,16.36,100.94,3.04,135.9,20.07,34.23,0.76,0.75,29.24
2019-02-07,PHU CAT,13.767,109.217,0.0,24.7,26.31,23.56,22.63,24.85,88.3,17.1,100.94,3.86,151.8,21.03,34.35,0.75,0.75,29.07
2019-02-08,PHU CAT,13.767,109.217,0.0,24.5,26.09,23.29,21.85,24.79,85.25,16.3,100.9,4.24,148.1,21.89,32.71,0.74,0.74,14.52
2019-02-09,PHU CAT,13.767,109.217,0.0,24.59,25.9,23.89,21.12,24.91,81.04,15.56,101.07,4.14,138.0,22.22,32.41,0.73,0.73,11.71
2019-02-10,PHU CAT,13.767,109.217,0.02,24.8,26.13,23.63,21.29,24.98,81.07,15.69,101.37,3.29,72.2,21.47,33.24,0.73,0.73,20.89
2019-02-11,PHU CAT,13.767,109.217,0.11,24.74,25.5,24.31,21.85,25.18,83.98,16.21,101.46,5.45,39.0,20.15,35.01,0.72,0.72,46.74
2019-02-12,PHU CAT,13.767,109.217,0.02,24.45,25.97,23.21,20.73,24.8,79.86,15.11,101.55,5.09,37.5,19.58,34.29,0.71,0.72,44.16
2019-02-13,PHU CAT,13.767,109.217,0.02,24.27,25.42,23.49,20.74,24.8,80.79,15.16,101.38,4.14,30.8,21.82,33.73,0.7,0.71,29.27
2019-02-14,PHU CAT,13.767,109.217,0.02,24.65,25.65,23.93,21.56,25.14,82.95,15.96,101.25,3.8,49.4,20.13,33.66,0.69,0.7,21.76
2019-02-15,PHU CAT,13.767,109.217,0.01,25.13,26.38,24.36,21.72,25.39,81.42,16.12,101.24,3.09,52.4,20.87,34.21,0.68,0.7,24.97
2019-02-16,PHU CAT,13.767,109.217,0.0,25.31,26.52,24.5,21.81,25.66,80.96,16.23,101.1,3.31,100.4,22.14,34.03,0.67,0.69,15.05
2019-02-17,PHU CAT,13.767,109.217,0.01,25.49,26.71,24.68,22.6,25.81,84.14,17.07,100.95,4.44,137.1,20.12,34.8,0.66,0.69,24.34
2019-02-18,PHU CAT,13.767,109.217,0.01,25.9,27.2,25.06,23.38,25.84,86.16,17.91,100.94,5.34,158.2,21.4,34.47,0.66,0.68,5.15
2019-02-19,PHU CAT,13.767,109.217,0.0,25.83,27.18,24.83,23.34,25.81,86.18,17.82,101.12,4.19,144.5,22.08,33.88,0.65,0.68,6.1
2019-02-20,PHU CAT,13.767,109.217,0.0,25.76,27.14,24.75,22.88,25.78,84.38,17.32,101.23,2.91,118.9,21.01,34.75,0.64,0.67,17.8
2019-02-21,PHU CAT,13.767,109.217,0.0,25.52,26.98,24.43,22.18,25.82,81.81,16.61,101.07,3.55,127.6,21.69,34.06,0.63,0.66,11.41
2019-02-22,PHU CAT,13.767,109.217,0.0,25.48,26.57,24.66,20.98,25.75,76.17,15.44,101.01,3.67,125.9,21.44,33.74,0.63,0.66,14.87
2019-02-23,PHU CAT,13.767,109.217,0.0,25.14,26.51,23.88,20.3,25.56,74.65,14.81,100.89,3.88,144.9,21.77,32.8,0.62,0.65,7.75
2019-02-24,PHU CAT,13.767,109.217,0.0,25.18,26.45,24.27,20.46,25.44,75.1,14.95,100.94,2.54,98.2,19.14,34.11,0.61,0.65,21.09
2019-02-25,PHU CAT,13.767,109.217,0.15,25.5,26.6,24.92,21.44,25.85,78.24,15.88,101.01,3.14,80.7,14.87,35.37,0.61,0.65,43.27
2019-02-26,PHU CAT,13.767,109.217,0.1,25.84,26.96,24.92,20.89,26.17,74.16,15.35,100.97,3.46,71.3,22.35,33.67,0.6,0.64,14.14
2019-02-27,PHU CAT,13.767,109.217,0.05,26.09,27.23,25.26,20.36,26.33,70.7,14.88,100.82,3.12,72.6,23.27,32.92,0.59,0.64,8.72
2019-02-28,PHU CAT,13.767,109.217,0.04,25.87,27.32,24.88,21.05,26.54,75.1,15.54,100.87,3.26,88.9,23.4,33.67,0.58,0.63,12.91
2019-03-01,PHU CAT,13.767,109.217,0.03,25.99,27.12,24.94,19.95,26.29,69.33,14.49,100.9,3.42,106.6,24.6,32.93,0.58,0.62,8.82
2019-03-02,PHU CAT,13.767,109.217,0.0,25.65,27.02,24.27,19.4,25.99,68.71,14.04,100.7,4.82,152.7,24.08,32.19,0.57,0.62,8.2
2019-03-03,PHU CAT,13.767,109.217,0.02,25.79,27.5,24.66,21.32,25.84,76.61,15.83,100.61,5.42,158.8,22.45,33.99,0.57,0.61,4.9
2019-03-04,PHU CAT,13.767,109.217,0.0,25.19,26.75,24.11,21.53,25.61,80.25,16.01,100.7,5.65,152.8,23.5,33.24,0.56,0.61,18.95
2019-03-05,PHU CAT,13.767,109.217,0.0,25.66,27.16,24.76,22.6,25.92,83.38,17.11,100.74,5.62,160.7,23.46,34.08,0.56,0.61,6.06
2019-03-06,PHU CAT,13.767,109.217,0.0,25.93,27.86,24.6,23.57,26.07,87.08,18.14,100.76,4.73,155.0,22.07,35.07,0.55,0.6,4.83
2019-03-07,PHU CAT,13.767,109.217,0.16,25.86,27.33,24.85,22.99,26.04,84.25,17.5,100.84,4.16,142.8,21.71,35.13,0.55,0.6,13.08
2019-03-08,PHU CAT,13.767,109.217,0.07,26.0,27.39,24.98,22.44,26.2,80.9,16.91,100.84,4.78,153.7,20.7,34.51,0.55,0.59,12.28
2019-03-09,PHU CAT,13.767,109.217,0.02,26.31,28.11,25.05,23.32,26.5,83.94,17.88,100.73,5.86,165.6,22.86,34.93,0.54,0.59,4.78
2019-03-10,PHU CAT,13.767,109.217,0.29,26.85,29.35,25.35,24.22,26.67,86.1,18.9,100.73,3.4,142.4,20.8,37.24,0.54,0.59,39.39
2019-03-11,PHU CAT,13.767,109.217,0.92,26.03,27.44,25.21,24.15,26.41,89.37,18.77,100.87,3.11,51.7,17.0,37.9,0.54,0.58,64.68
2019-03-12,PHU CAT,13.767,109.217,0.73,26.04,27.17,25.29,23.28,26.39,84.76,17.79,100.92,2.7,104.3,15.21,36.62,0.54,0.58,66.87
2019-03-13,PHU CAT,13.767,109.217,0.1,25.9,26.87,25.23,22.94,26.18,83.73,17.41,101.02,3.28,130.1,17.71,35.78,0.54,0.58,46.88
2019-03-14,PHU CAT,13.767,109.217,0.02,25.94,27.15,24.96,23.16,26.02,84.76,17.65,101.08,1.94,108.9,20.02,34.66,0.54,0.58,16.62
2019-03-15,PHU CAT,13.767,109.217,0.09,25.88,27.15,24.67,23.06,26.15,84.5,17.51,101.12,4.38,17.4,19.42,35.49,0.53,0.57,29.33
2019-03-16,PHU CAT,13.767,109.217,0.2,25.88,26.86,25.26,23.02,26.12,84.24,17.48,101.12,5.38,22.1,18.55,36.02,0.52,0.57,42.17
2019-03-17,PHU CAT,13.767,109.217,0.06,26.11,27.27,25.16,22.77,26.17,81.81,17.22,101.07,3.73,34.8,20.98,35.3,0.52,0.57,26.67
2019-03-18,PHU CAT,13.767,109.217,0.01,26.18,27.47,25.49,22.02,26.49,77.9,16.46,100.96,3.02,52.4,24.72,34.25,0.51,0.56,9.76
2019-03-19,PHU CAT,13.767,109.217,0.0,26.62,27.82,25.81,22.41,26.92,77.81,16.89,100.83,2.91,112.0,25.45,34.6,0.5,0.56,8.81
2019-03-20,PHU CAT,13.767,109.217,0.0,26.54,28.06,25.45,22.93,26.92,80.73,17.45,100.77,3.97,139.5,24.9,34.35,0.49,0.55,8.75
2019-03-21,PHU CAT,13.767,109.217,0.06,26.43,28.1,25.34,23.45,26.64,83.87,18.02,100.69,4.9,159.6,22.4,34.81,0.49,0.55,16.24
2019-03-22,PHU CAT,13.767,109.217,0.27,26.57,28.42,25.51,23.95,26.72,85.88,18.6,100.66,4.32,150.7,21.17,35.45,0.49,0.55,29.6
2019-03-23,PHU CAT,13.767,109.217,1.59,26.89,28.1,26.13,24.08,26.96,84.62,18.71,100.78,4.11,115.9,22.86,35.9,0.5,0.55,36.05
2019-03-24,PHU CAT,13.767,109.217,1.19,26.63,27.76,25.7,22.74,26.8,79.21,17.22,100.88,3.7,74.2,21.55,35.43,0.5,0.55,33.55
2019-03-25,PHU CAT,13.767,109.217,0.59,26.56,27.67,25.79,22.69,26.8,79.32,17.15,100.99,3.53,54.9,23.24,34.94,0.49,0.54,8.82
2019-03-26,PHU CAT,13.767,109.217,1.41,26.6,27.61,25.84,22.77,27.02,79.51,17.22,101.09,3.98,57.3,20.21,35.47,0.5,0.54,28.11
2019-03-27,PHU CAT,13.767,109.217,0.09,26.43,27.81,25.21,22.37,27.22,78.52,16.82,101.0,3.23,97.7,24.42,34.2,0.48,0.54,11.3
2019-03-28,PHU CAT,13.767,109.217,0.06,26.98,28.69,26.14,23.35,27.46,80.7,17.92,100.66,5.05,153.2,25.1,34.89,0.47,0.53,12.65
2019-03-29,PHU CAT,13.767,109.217,5.52,27.53,29.32,26.6,24.79,27.42,85.25,19.58,100.53,4.67,152.6,21.61,36.79,0.5,0.53,61.87
2019-03-30,PHU CAT,13.767,109.217,3.36,27.12,28.26,26.28,25.09,27.06,88.65,19.91,100.64,3.74,123.8,18.68,37.07,0.55,0.54,80.89
2019-03-31,PHU CAT,13.767,109.217,1.07,26.94,28.26,26.14,24.38,26.88,85.96,19.04,100.88,3.4,138.1,20.81,35.85,0.52,0.54,75.38
2019-04-01,PHU CAT,13.767,109.217,0.54,26.89,28.07,25.97,23.62,27.41,82.31,18.16,100.97,2.92,81.6,24.23,35.17,0.49,0.54,30.75
2019-04-02,PHU CAT,13.767,109.217,0.19,26.48,27.96,25.31,23.11,27.09,81.88,17.62,100.89,3.02,27.8,24.37,35.33,0.48,0.54,23.0
2019-04-03,PHU CAT,13.767,109.217,0.36,26.74,27.89,26.03,23.05,27.34,80.24,17.55,100.92,2.41,63.0,22.76,35.7,0.47,0.53,30.38
2019-04-04,PHU CAT,13.767,109.217,0.32,26.98,28.1,26.29,23.25,27.66,80.05,17.77,100.87,3.0,87.3,21.06,36.41,0.47,0.53,63.31
2019-04-05,PHU CAT,13.767,109.217,0.32,27.1,28.16,26.23,23.07,27.54,78.62,17.59,100.88,2.92,89.2,22.24,35.53,0.47,0.53,52.88
2019-04-06,PHU CAT,13.767,109.217,0.36,26.99,28.33,26.15,22.29,27.65,75.92,16.81,100.8,3.01,119.9,26.14,33.91,0.46,0.52,4.98
2019-04-07,PHU CAT,13.767,109.217,0.04,27.29,28.71,26.43,23.56,27.66,80.17,18.14,100.74,3.95,137.0,24.78,35.18,0.46,0.52,26.38
2019-04-08,PHU CAT,13.767,109.217,0.16,27.18,28.9,25.99,23.04,27.49,78.31,17.59,100.64,4.23,149.1,24.93,35.0,0.45,0.52,24.46
2019-04-09,PHU CAT,13.767,109.217,0.16,27.35,29.12,25.82,23.74,27.54,81.21,18.39,100.63,3.92,154.8,25.94,34.61,0.44,0.51,20.82
2019-04-10,PHU CAT,13.767,109.217,0.09,27.61,29.73,26.04,24.25,27.8,82.63,19.02,100.53,3.21,151.1,25.83,34.91,0.44,0.51,6.18
2019-04-11,PHU CAT,13.767,109.217,0.66,28.08,30.03,27.15,25.18,28.19,84.71,20.11,100.42,3.27,144.2,25.12,36.11,0.43,0.51,27.28
2019-04-12,PHU CAT,13.767,109.217,2.68,28.13,29.6,27.22,25.79,28.04,87.4,20.82,100.49,4.02,145.1,24.52,36.76,0.47,0.51,59.65
2019-04-13,PHU CAT,13.767,109.217,1.06,27.96,29.22,26.99,25.31,27.72,85.62,20.2,100.62,3.83,153.8,21.92,36.94,0.49,0.51,61.49
2019-04-14,PHU CAT,13.767,109.217,1.21,28.12,29.57,27.04,25.5,28.08,85.86,20.42,100.64,3.3,147.3,23.09,36.93,0.47,0.51,78.49
2019-04-15,PHU CAT,13.767,109.217,1.53,27.66,28.66,26.73,25.35,27.43,87.23,20.23,100.64,2.87,150.3,23.35,36.85,0.5,0.51,38.04
2019-04-16,PHU CAT,13.767,109.217,2.86,28.02,29.53,26.88,25.24,27.83,85.13,20.12,100.61,3.31,149.6,24.18,37.02,0.5,0.51,34.43
2019-04-17,PHU CAT,13.767,109.217,2.35,28.04,29.37,26.81,25.32,27.79,85.32,20.22,100.56,3.65,154.7,24.43,36.78,0.51,0.51,35.12
2019-04-18,PHU CAT,13.767,109.217,0.31,28.08,29.86,26.88,24.94,27.96,83.32,19.79,100.43,5.58,162.9,22.74,36.89,0.48,0.51,46.03
2019-04-19,PHU CAT,13.767,109.217,0.68,28.62,30.56,27.24,25.42,28.06,83.06,20.4,100.21,5.0,174.0,23.56,36.69,0.46,0.51,6.57
2019-04-20,PHU CAT,13.767,109.217,2.15,28.58,30.77,27.2,25.63,28.19,84.36,20.67,100.17,6.13,158.5,23.09,37.24,0.48,0.51,36.25
2019-04-21,PHU CAT,13.767,109.217,0.18,27.97,30.14,26.39,25.33,27.76,85.85,20.29,100.24,5.43,153.0,24.06,36.37,0.46,0.51,26.61
2019-04-22,PHU CAT,13.767,109.217,0.21,27.58,29.46,26.28,24.55,27.27,84.06,19.34,100.43,4.27,151.8,26.42,35.45,0.43,0.5,11.06
2019-04-23,PHU CAT,13.767,109.217,0.04,27.42,29.01,26.04,24.72,27.44,85.32,19.49,100.6,2.94,141.4,25.42,35.57,0.41,0.5,14.35
2019-04-24,PHU CAT,13.767,109.217,0.01,27.76,29.36,26.66,24.62,27.77,83.35,19.4,100.52,3.25,144.8,26.68,34.89,0.38,0.5,18.45
2019-04-25,PHU CAT,13.767,109.217,0.09,27.74,29.43,26.44,24.0,27.8,80.29,18.67,100.49,4.16,150.8,25.68,34.93,0.36,0.49,35.51
2019-04-26,PHU CAT,13.767,109.217,0.08,27.72,29.28,26.83,23.93,27.74,79.93,18.59,100.51,3.88,141.5,26.18,35.31,0.35,0.49,27.12
2019-04-27,PHU CAT,13.767,109.217,0.34,28.06,29.44,27.32,24.04,28.07,78.98,18.7,100.62,3.24,129.6,23.97,36.58,0.33,0.49,42.31
2019-04-28,PHU CAT,13.767,109.217,0.2,28.37,29.97,27.15,24.28,28.3,78.76,18.97,100.65,3.95,143.9,23.44,36.59,0.32,0.49,56.03
2019-04-29,PHU CAT,13.767,109.217,0.01,27.99,29.73,26.51,23.75,28.08,77.95,18.38,100.59,5.07,155.3,24.86,35.56,0.31,0.49,20.55
2019-04-30,PHU CAT,13.767,109.217,0.84,28.27,30.21,26.93,23.97,28.25,77.98,18.67,100.43,4.59,157.4,25.09,36.6,0.3,0.49,28.04
2019-05-01,PHU CAT,13.767,109.217,3.43,28.1,29.61,27.14,25.49,27.9,85.95,20.45,100.46,2.1,139.4,22.69,36.96,0.37,0.49,33.5
2019-05-02,PHU CAT,13.767,109.217,5.51,27.72,28.46,27.06,26.02,27.41,90.45,21.08,100.55,2.53,152.0,21.26,36.91,0.54,0.51,39.45
2019-05-03,PHU CAT,13.767,109.217,1.88,28.2,29.51,27.21,25.71,27.99,86.53,20.69,100.61,2.92,146.9,22.1,37.17,0.51,0.51,23.05
2019-05-04,PHU CAT,13.767,109.217,1.34,28.37,29.67,27.1,25.6,28.2,85.05,20.56,100.52,4.2,164.9,21.31,37.32,0.49,0.51,23.11
2019-05-05,PHU CAT,13.767,109.217,1.88,29.14,31.3,27.68,25.34,28.52,80.47,20.32,100.25,4.26,175.4,21.72,37.61,0.48,0.5,75.04
2019-05-06,PHU CAT,13.767,109.217,1.45,29.04,31.04,27.39,25.59,28.17,81.85,20.63,100.1,3.34,217.3,22.5,38.15,0.49,0.5,66.76
2019-05-07,PHU CAT,13.767,109.217,3.45,28.54,30.83,27.61,25.7,28.18,84.89,20.77,100.15,1.5,232.8,23.33,38.16,0.53,0.51,73.91
2019-05-08,PHU CAT,13.767,109.217,41.31,27.43,28.5,26.9,24.97,27.8,86.37,19.87,100.2,2.29,195.3,18.08,37.91,0.7,0.54,84.7
2019-05-09,PHU CAT,13.767,109.217,32.42,28.24,29.88,27.22,25.74,28.21,86.48,20.8,100.25,3.0,175.2,18.38,37.44,0.73,0.6,98.27
2019-05-10,PHU CAT,13.767,109.217,8.03,28.38,30.04,27.31,24.91,28.45,81.69,19.76,100.42,1.77,138.7,21.17,37.34,0.67,0.64,88.75
2019-05-11,PHU CAT,13.767,109.217,9.05,27.71,29.16,27.03,24.92,28.46,84.87,19.74,100.5,2.78,134.8,20.15,37.17,0.68,0.64,87.07
2019-05-12,PHU CAT,13.767,109.217,4.6,28.0,28.49,27.59,24.88,28.6,83.17,19.71,100.46,2.62,134.2,22.29,37.81,0.64,0.64,70.96
2019-05-13,PHU CAT,13.767,109.217,3.98,28.82,30.26,27.91,25.77,29.04,83.87,20.83,100.35,3.65,150.1,24.23,37.69,0.64,0.64,47.68
2019-05-14,PHU CAT,13.767,109.217,6.0,28.87,30.64,27.48,25.97,28.75,84.63,21.06,100.4,4.56,172.4,24.17,37.5,0.65,0.65,37.6
2019-05-15,PHU CAT,13.767,109.217,1.93,28.63,30.45,27.46,25.95,28.43,85.8,21.03,100.45,4.61,169.3,26.01,37.51,0.63,0.65,19.33
2019-05-16,PHU CAT,13.767,109.217,2.13,29.29,31.72,27.94,25.78,28.68,81.73,20.82,100.35,4.76,192.3,24.59,37.91,0.61,0.64,53.03
2019-05-17,PHU CAT,13.767,109.217,1.3,29.05,31.15,27.63,25.51,28.45,81.43,20.51,100.23,4.71,208.5,25.28,37.68,0.61,0.64,50.37
2019-05-18,PHU CAT,13.767,109.217,0.25,29.19,31.4,27.66,25.51,28.47,80.89,20.54,100.18,4.44,201.0,25.55,37.9,0.6,0.63,13.95
2019-05-19,PHU CAT,13.767,109.217,0.36,29.45,31.97,27.56,25.69,28.64,80.57,20.73,100.26,4.21,215.0,25.13,38.03,0.59,0.63,12.71
2019-05-20,PHU CAT,13.767,109.217,0.58,29.72,32.55,27.68,25.98,28.96,80.83,21.1,100.28,3.42,204.8,24.95,38.17,0.58,0.62,22.02
2019-05-21,PHU CAT,13.767,109.217,1.89,29.78,32.17,28.0,26.21,29.34,81.57,21.37,100.36,3.01,181.3,24.23,38.08,0.58,0.62,60.6
2019-05-22,PHU CAT,13.767,109.217,6.73,28.93,30.85,27.77,25.93,28.82,84.01,21.0,100.43,1.82,312.0,22.76,38.19,0.64,0.63,86.51
2019-05-23,PHU CAT,13.767,109.217,3.8,28.63,29.58,27.81,25.45,28.84,82.95,20.39,100.49,2.1,170.9,22.65,38.04,0.62,0.63,94.22
2019-05-24,PHU CAT,13.767,109.217,7.34,28.98,30.63,27.68,25.67,28.92,82.57,20.68,100.4,3.26,184.1,22.43,37.75,0.64,0.63,79.7
2019-05-25,PHU CAT,13.767,109.217,12.12,28.99,30.98,27.7,25.98,28.83,84.09,21.1,100.27,4.65,184.5,23.19,37.39,0.68,0.64,73.37
2019-05-26,PHU CAT,13.767,109.217,4.57,28.51,30.3,27.01,25.76,28.47,85.23,20.82,100.25,4.35,213.5,23.6,37.55,0.67,0.66,64.23
2019-05-27,PHU CAT,13.767,109.217,5.76,29.14,31.18,27.5,25.76,28.83,82.34,20.83,100.24,4.16,183.5,25.31,37.8,0.65,0.66,69.0
2019-05-28,PHU CAT,13.767,109.217,5.38,28.63,29.61,27.72,25.83,28.5,84.95,20.9,100.3,4.31,164.7,22.55,38.03,0.68,0.66,93.0
2019-05-29,PHU CAT,13.767,109.217,17.15,28.1,29.59,26.83,25.68,28.29,86.73,20.72,100.38,3.78,186.1,21.91,37.55,0.76,0.68,91.95
2019-05-30,PHU CAT,13.767,109.217,2.89,28.45,29.42,27.24,25.37,28.55,83.54,20.32,100.43,3.8,163.2,20.9,37.48,0.71,0.69,93.33
2019-05-31,PHU CAT,13.767,109.217,2.01,28.95,30.54,28.02,25.54,29.0,82.29,20.57,100.38,4.3,157.7,25.33,36.75,0.68,0.69,73.59
2019-06-01,PHU CAT,13.767,109.217,0.53,29.04,30.83,27.26,25.74,29.15,82.77,20.8,100.38,4.59,167.7,25.68,37.13,0.66,0.68,57.8
2019-06-02,PHU CAT,13.767,109.217,1.03,29.07,30.9,27.81,25.62,29.08,81.97,20.64,100.36,4.37,170.2,23.84,37.58,0.66,0.67,73.46
2019-06-03,PHU CAT,13.767,109.217,6.78,28.92,30.27,27.65,26.14,28.78,85.14,21.28,100.39,4.02,172.8,22.49,37.81,0.7,0.67,82.33
2019-06-04,PHU CAT,13.767,109.217,3.71,29.0,30.27,28.25,26.08,28.82,84.32,21.19,100.38,4.28,162.6,24.5,37.45,0.69,0.68,71.78
2019-06-05,PHU CAT,13.767,109.217,11.65,28.82,29.69,28.13,25.86,28.82,84.09,20.91,100.43,4.05,159.4,21.97,37.33,0.74,0.69,83.36
2019-06-06,PHU CAT,13.767,109.217,5.22,28.65,29.36,27.9,25.1,28.56,81.15,19.95,100.59,4.18,172.8,19.66,36.9,0.74,0.7,61.15
2019-06-07,PHU CAT,13.767,109.217,1.43,29.09,30.3,28.18,25.44,29.11,80.8,20.36,100.56,4.07,156.9,24.36,37.32,0.69,0.7,33.71
2019-06-08,PHU CAT,13.767,109.217,1.59,29.37,30.74,27.52,25.78,29.41,81.26,20.84,100.35,3.94,165.7,25.18,38.27,0.69,0.69,43.79
2019-06-09,PHU CAT,13.767,109.217,1.25,29.82,32.07,27.74,25.89,29.54,79.79,21.0,100.16,4.55,200.5,24.77,37.65,0.67,0.68,69.56
2019-06-10,PHU CAT,13.767,109.217,0.33,30.09,32.95,28.21,25.92,29.61,78.78,21.07,100.03,4.84,232.0,23.98,37.89,0.65,0.68,65.89
2019-06-11,PHU CAT,13.767,109.217,0.89,30.38,33.93,28.18,26.0,29.83,78.15,21.16,100.08,4.22,244.5,24.95,37.58,0.64,0.67,68.96
2019-06-12,PHU CAT,13.767,109.217,0.82,29.72,31.76,28.07,26.3,29.41,82.07,21.52,100.13,4.14,228.0,24.84,37.74,0.65,0.67,70.79
2019-06-13,PHU CAT,13.767,109.217,3.08,28.78,29.86,28.02,25.69,28.99,83.45,20.74,100.18,4.31,234.3,24.13,37.69,0.67,0.67,71.19
2019-06-14,PHU CAT,13.767,109.217,6.04,28.57,29.97,27.65,25.62,28.8,84.11,20.66,100.21,5.06,233.3,22.9,38.01,0.69,0.67,90.65
2019-06-15,PHU CAT,13.767,109.217,20.43,29.13,30.69,27.83,26.17,29.16,84.24,21.36,100.18,2.66,252.6,21.39,38.17,0.75,0.68,98.55
2019-06-16,PHU CAT,13.767,109.217,11.49,29.17,30.96,27.74,26.01,28.94,83.32,21.14,100.21,3.51,203.3,13.03,37.56,0.77,0.71,98.65
2019-06-17,PHU CAT,13.767,109.217,5.57,28.57,29.68,27.32,25.81,28.53,85.02,20.89,100.24,4.14,212.8,17.75,38.22,0.76,0.72,96.96
2019-06-18,PHU CAT,13.767,109.217,3.19,29.41,32.22,27.67,25.58,29.3,80.16,20.6,100.22,2.63,249.1,23.93,38.21,0.73,0.72,58.99
2019-06-19,PHU CAT,13.767,109.217,4.32,29.59,31.49,28.15,25.81,29.62,80.49,20.91,100.21,2.86,145.2,24.29,38.39,0.74,0.71,40.93
2019-06-20,PHU CAT,13.767,109.217,3.27,29.56,30.62,28.47,26.61,29.76,84.24,21.91,100.23,3.85,160.3,24.44,38.02,0.74,0.72,24.92
2019-06-21,PHU CAT,13.767,109.217,2.93,29.51,30.98,28.37,26.32,29.67,83.09,21.55,100.16,5.1,167.3,25.35,37.2,0.73,0.71,16.57
2019-06-22,PHU CAT,13.767,109.217,2.96,29.32,30.64,28.36,26.68,29.42,85.87,22.02,100.13,5.6,171.1,25.84,37.2,0.72,0.71,37.89
2019-06-23,PHU CAT,13.767,109.217,21.42,28.92,30.41,27.59,26.52,28.91,86.97,21.81,100.18,4.71,186.9,24.78,37.58,0.81,0.73,79.16
2019-06-24,PHU CAT,13.767,109.217,6.07,29.25,30.94,27.88,25.84,28.95,81.99,20.91,100.29,4.21,208.3,24.26,37.45,0.78,0.74,83.2
2019-06-25,PHU CAT,13.767,109.217,13.61,28.75,30.0,27.77,25.79,28.67,84.15,20.84,100.37,4.42,212.0,22.93,37.4,0.81,0.75,68.88
2019-06-26,PHU CAT,13.767,109.217,3.93,29.22,31.16,27.59,25.85,28.86,82.24,20.96,100.11,4.85,229.2,23.16,37.44,0.78,0.75,82.51
2019-06-27,PHU CAT,13.767,109.217,2.3,28.56,30.29,27.22,25.27,28.41,82.45,20.27,99.96,5.77,239.9,24.19,37.15,0.78,0.75,76.08
2019-06-28,PHU CAT,13.767,109.217,2.07,29.09,31.34,27.51,25.33,28.61,80.4,20.35,99.94,5.66,234.3,23.26,37.35,0.76,0.75,95.67
2019-06-29,PHU CAT,13.767,109.217,4.02,28.61,30.65,27.12,24.86,28.44,80.4,19.78,100.0,5.75,243.2,19.48,37.99,0.78,0.75,96.49
2019-06-30,PHU CAT,13.767,109.217,4.53,28.91,30.86,27.18,25.32,28.64,81.14,20.33,99.96,5.39,251.7,20.69,37.8,0.77,0.75,97.93
2019-07-01,PHU CAT,13.767,109.217,58.86,28.03,30.11,26.58,24.9,28.32,83.24,19.84,99.9,5.21,242.3,10.58,37.27,0.9,0.77,99.98
2019-07-02,PHU CAT,13.767,109.217,23.28,26.79,28.95,25.29,23.06,27.9,80.17,17.75,99.9,8.19,236.6,9.47,37.03,0.89,0.83,99.2
2019-07-03,PHU CAT,13.767,109.217,0.22,27.61,30.62,25.85,23.1,28.02,76.83,17.74,100.13,7.7,219.1,19.22,37.17,0.82,0.83,83.73
2019-07-04,PHU CAT,13.767,109.217,0.23,28.38,30.97,26.34,24.07,28.2,77.74,18.79,100.3,5.6,219.9,22.63,37.61,0.8,0.81,59.77
2019-07-05,PHU CAT,13.767,109.217,0.17,28.98,31.68,27.0,24.68,28.64,77.94,19.54,100.14,5.02,233.6,24.81,37.53,0.79,0.8,27.57
2019-07-06,PHU CAT,13.767,109.217,0.48,29.67,32.77,27.83,25.22,29.04,77.46,20.2,100.05,3.32,240.2,24.63,37.52,0.78,0.79,39.25
2019-07-07,PHU CAT,13.767,109.217,1.9,29.27,31.65,27.27,25.4,29.05,79.89,20.4,100.19,4.62,217.2,24.0,37.9,0.79,0.78,64.2
2019-07-08,PHU CAT,13.767,109.217,0.29,28.7,29.92,27.44,24.42,28.82,77.8,19.2,100.29,7.03,227.5,24.32,37.52,0.78,0.78,37.43
2019-07-09,PHU CAT,13.767,109.217,0.46,29.41,31.83,27.72,25.01,29.21,77.59,19.93,100.19,5.84,229.8,24.48,37.59,0.77,0.77,64.03
2019-07-10,PHU CAT,13.767,109.217,0.34,29.75,32.06,28.22,25.06,29.56,76.23,19.96,100.3,5.17,234.0,24.51,37.54,0.76,0.76,63.38
2019-07-11,PHU CAT,13.767,109.217,1.03,28.14,29.66,26.75,24.2,28.9,79.17,18.91,100.5,5.77,247.1,24.12,37.66,0.77,0.76,53.16
2019-07-12,PHU CAT,13.767,109.217,0.56,29.79,32.21,27.92,25.34,29.69,77.39,20.32,100.31,4.65,212.9,24.63,37.26,0.75,0.75,23.65
2019-07-13,PHU CAT,13.767,109.217,0.18,29.62,32.0,27.8,25.43,29.57,78.44,20.43,100.2,4.76,230.0,24.47,37.34,0.74,0.74,21.65
2019-07-14,PHU CAT,13.767,109.217,1.74,29.55,31.46,27.88,25.68,29.63,79.83,20.76,100.05,4.58,229.2,24.43,37.38,0.75,0.74,50.57
2019-07-15,PHU CAT,13.767,109.217,0.71,29.87,32.35,28.0,25.08,29.98,75.99,20.06,100.0,3.93,246.9,22.68,37.79,0.74,0.73,68.55
2019-07-16,PHU CAT,13.767,109.217,2.5,29.65,31.75,27.49,25.59,29.94,79.16,20.69,99.97,3.76,212.6,24.39,37.62,0.74,0.73,70.52
2019-07-17,PHU CAT,13.767,109.217,1.24,29.59,31.51,27.82,25.34,29.65,78.24,20.4,99.89,3.38,225.5,22.88,37.1,0.73,0.72,90.83
2019-07-18,PHU CAT,13.767,109.217,0.6,29.05,30.84,27.69,25.56,29.27,81.65,20.64,99.92,5.15,216.2,19.18,37.35,0.74,0.72,96.48
2019-07-19,PHU CAT,13.767,109.217,0.82,30.16,32.56,28.24,25.93,30.01,78.39,21.1,100.0,4.5,215.8,23.5,37.5,0.72,0.71,79.91
2019-07-20,PHU CAT,13.767,109.217,1.28,30.13,32.42,28.15,26.02,30.15,78.99,21.18,100.13,4.66,225.8,23.53,37.98,0.72,0.71,82.38
2019-07-21,PHU CAT,13.767,109.217,4.48,30.05,31.93,28.44,26.22,30.14,80.29,21.44,100.15,3.68,216.4,23.96,37.83,0.73,0.71,74.93
2019-07-22,PHU CAT,13.767,109.217,2.44,29.54,31.09,28.39,25.93,29.82,81.05,21.05,100.15,3.46,241.4,23.58,37.54,0.74,0.71,77.83
2019-07-23,PHU CAT,13.767,109.217,1.35,29.65,31.89,27.93,25.57,30.02,78.92,20.61,100.14,5.12,240.0,24.74,37.53,0.72,0.71,70.43
2019-07-24,PHU CAT,13.767,109.217,5.07,30.34,32.48,28.39,24.76,30.46,72.85,19.65,100.27,3.75,236.3,24.6,37.76,0.73,0.71,66.41
2019-07-25,PHU CAT,13.767,109.217,3.93,29.14,30.9,27.57,24.69,29.88,77.18,19.49,100.41,4.57,240.8,20.02,37.64,0.74,0.71,95.83
2019-07-26,PHU CAT,13.767,109.217,12.18,29.33,31.29,27.93,24.64,29.97,76.19,19.46,100.31,4.0,232.4,17.79,37.68,0.78,0.72,94.39
2019-07-27,PHU CAT,13.767,109.217,3.57,28.98,30.44,27.58,24.91,29.67,78.83,19.79,100.19,4.15,230.2,22.45,37.46,0.76,0.73,83.77
2019-07-28,PHU CAT,13.767,109.217,6.61,28.73,31.7,26.78,24.31,29.62,77.46,19.08,100.23,5.48,241.5,19.98,37.28,0.76,0.73,93.93
2019-07-29,PHU CAT,13.767,109.217,18.58,28.38,31.49,26.86,23.96,29.48,77.55,18.68,100.23,5.17,251.1,17.19,37.27,0.8,0.74,96.61
2019-07-30,PHU CAT,13.767,109.217,68.91,28.18,29.47,27.43,24.68,29.01,81.35,19.56,99.95,6.38,243.6,11.12,37.45,0.91,0.79,99.51
2019-07-31,PHU CAT,13.767,109.217,63.09,27.65,28.8,26.62,23.96,28.73,80.34,18.75,99.91,8.57,243.8,8.18,37.46,0.92,0.84,99.7
2019-08-01,PHU CAT,13.767,109.217,4.63,28.57,31.1,27.21,24.0,29.08,76.68,18.78,99.99,7.73,231.7,12.26,37.92,0.85,0.84,99.69
2019-08-02,PHU CAT,13.767,109.217,5.44,28.54,31.63,26.33,24.15,29.08,77.5,18.95,99.96,7.38,233.9,11.17,38.5,0.84,0.84,99.52
2019-08-03,PHU CAT,13.767,109.217,4.72,28.6,31.18,26.57,24.23,29.03,77.73,19.09,99.82,6.91,244.5,16.97,38.5,0.84,0.83,97.5
2019-08-04,PHU CAT,13.767,109.217,3.36,27.99,29.37,26.99,24.29,28.68,80.41,19.12,99.87,5.38,245.5,16.63,38.11,0.84,0.83,97.19
2019-08-05,PHU CAT,13.767,109.217,24.64,27.74,28.93,26.69,24.83,28.73,84.25,19.74,99.98,4.35,243.7,21.22,37.94,0.87,0.84,87.78
2019-08-06,PHU CAT,13.767,109.217,25.45,28.04,29.25,26.64,25.05,28.83,83.88,20.02,99.94,3.41,253.3,16.47,38.02,0.91,0.87,95.63
2019-08-07,PHU CAT,13.767,109.217,104.63,28.44,30.13,27.23,25.36,28.96,83.52,20.45,99.68,2.11,236.3,11.18,37.84,0.95,0.9,99.25
2019-08-08,PHU CAT,13.767,109.217,17.14,28.54,29.45,27.48,25.62,29.28,84.24,20.76,99.71,4.02,213.5,16.95,37.6,0.92,0.92,95.78
2019-08-09,PHU CAT,13.767,109.217,3.34,28.29,29.14,27.55,25.79,29.19,86.32,20.97,99.71,5.4,218.7,23.6,37.44,0.9,0.92,76.17
2019-08-10,PHU CAT,13.767,109.217,0.59,28.99,30.84,27.4,25.26,29.03,80.47,20.26,99.95,6.29,217.2,22.15,38.39,0.89,0.91,80.88
2019-08-11,PHU CAT,13.767,109.217,0.77,29.42,31.75,27.58,25.58,29.3,80.02,20.64,100.06,5.46,217.2,21.67,38.43,0.88,0.91,71.71
2019-08-12,PHU CAT,13.767,109.217,28.84,28.71,29.24,28.07,25.9,29.06,84.8,21.02,100.16,6.31,220.2,23.47,37.75,0.92,0.92,80.78
2019-08-13,PHU CAT,13.767,109.217,4.43,29.58,31.13,28.32,25.96,29.34,80.96,21.08,100.19,5.18,243.5,24.41,38.0,0.89,0.92,65.07
2019-08-14,PHU CAT,13.767,109.217,7.41,29.73,32.07,28.27,26.08,29.66,81.03,21.26,100.13,4.66,235.9,24.57,38.16,0.9,0.92,58.56
2019-08-15,PHU CAT,13.767,109.217,1.86,29.87,32.0,28.21,26.31,29.59,81.37,21.55,100.08,5.21,231.0,22.73,38.06,0.89,0.91,79.85
2019-08-16,PHU CAT,13.767,109.217,6.56,29.07,30.85,27.85,25.66,29.14,81.93,20.7,100.25,4.91,223.9,23.3,37.98,0.9,0.91,77.42
2019-08-17,PHU CAT,13.767,109.217,1.3,29.3,31.52,27.79,25.33,29.29,79.3,20.27,100.35,5.66,227.9,23.67,37.59,0.88,0.91,80.63
2019-08-18,PHU CAT,13.767,109.217,0.94,29.67,32.44,28.07,25.3,29.48,77.76,20.25,100.32,4.06,235.8,24.45,37.19,0.88,0.9,69.95
2019-08-19,PHU CAT,13.767,109.217,1.65,29.62,32.19,28.07,25.8,29.59,80.27,20.91,100.1,4.4,241.3,25.39,37.27,0.87,0.9,66.41
2019-08-20,PHU CAT,13.767,109.217,5.91,29.09,30.68,27.78,25.93,29.29,83.12,21.06,100.11,4.52,230.3,21.61,37.72,0.89,0.9,80.4
2019-08-21,PHU CAT,13.767,109.217,3.23,28.99,30.61,27.76,25.71,29.19,82.6,20.75,100.28,3.91,215.0,22.18,37.22,0.88,0.9,93.62
2019-08-22,PHU CAT,13.767,109.217,7.64,29.2,31.85,27.35,24.83,29.45,77.79,19.69,100.32,4.23,246.6,23.86,37.38,0.88,0.9,70.9
2019-08-23,PHU CAT,13.767,109.217,9.9,29.02,30.5,27.85,25.28,29.38,80.47,20.23,100.28,4.07,214.9,21.34,37.3,0.9,0.91,87.6
2019-08-24,PHU CAT,13.767,109.217,1.35,28.61,30.72,26.89,24.9,29.13,80.47,19.79,100.17,4.35,236.0,22.79,37.48,0.88,0.91,81.91
2019-08-25,PHU CAT,13.767,109.217,1.05,28.94,30.97,27.5,25.27,29.15,80.71,20.22,100.19,5.07,226.8,20.59,37.37,0.88,0.9,97.52
2019-08-26,PHU CAT,13.767,109.217,2.43,28.82,30.08,27.55,24.99,29.22,79.88,19.88,100.22,4.46,221.8,20.87,37.5,0.88,0.9,80.75
2019-08-27,PHU CAT,13.767,109.217,1.55,29.79,31.93,28.29,25.94,29.76,80.16,21.09,100.09,2.9,210.3,24.49,37.7,0.86,0.89,62.55
2019-08-28,PHU CAT,13.767,109.217,23.08,27.99,28.78,27.13,25.26,29.03,85.07,20.23,100.1,2.48,324.1,15.99,37.46,0.91,0.9,98.92
2019-08-29,PHU CAT,13.767,109.217,43.13,28.13,28.86,27.22,25.23,28.82,84.24,20.27,99.75,6.85,195.8,12.08,36.77,0.95,0.94,99.37
2019-08-30,PHU CAT,13.767,109.217,2.28,28.68,30.26,27.28,24.95,29.13,80.4,19.89,100.03,5.14,190.3,19.57,37.48,0.9,0.93,93.09
2019-08-31,PHU CAT,13.767,109.217,8.22,29.24,31.13,27.74,25.25,29.31,79.3,20.23,100.12,3.9,226.1,22.07,37.74,0.91,0.93,83.51
2019-09-01,PHU CAT,13.767,109.217,56.33,28.28,29.31,27.48,24.88,28.98,81.87,19.78,100.06,3.36,262.1,15.06,37.68,0.95,0.94,99.71
2019-09-02,PHU CAT,13.767,109.217,26.7,27.91,29.48,26.76,24.78,28.74,83.14,19.75,99.65,8.5,224.2,8.15,36.81,0.96,0.97,99.68
2019-09-03,PHU CAT,13.767,109.217,2.27,27.8,28.86,26.57,23.9,28.59,79.45,18.73,99.65,10.02,217.6,11.12,37.21,0.92,0.96,94.54
2019-09-04,PHU CAT,13.767,109.217,1.4,28.92,31.46,27.37,24.54,29.04,77.53,19.45,99.71,9.25,223.4,19.83,37.83,0.91,0.95,89.6
2019-09-05,PHU CAT,13.767,109.217,0.87,29.31,32.02,27.65,25.31,29.13,79.39,20.34,99.9,6.35,236.3,19.28,37.99,0.91,0.94,91.83
2019-09-06,PHU CAT,13.767,109.217,24.65,29.34,32.23,27.6,25.33,29.25,79.41,20.35,100.02,3.76,246.9,21.15,37.5,0.94,0.95,86.12
2019-09-07,PHU CAT,13.767,109.217,89.78,29.07,30.81,27.57,25.92,29.15,83.19,21.03,100.19,3.84,238.6,18.57,38.2,0.95,0.96,86.96
2019-09-08,PHU CAT,13.767,109.217,4.18,28.84,31.03,27.48,25.7,29.05,83.28,20.76,100.19,5.38,239.5,21.74,37.68,0.93,0.97,78.93
2019-09-09,PHU CAT,13.767,109.217,4.15,28.7,30.66,26.74,25.31,28.88,82.02,20.29,100.22,5.81,219.6,22.96,37.45,0.92,0.96,95.47
2019-09-10,PHU CAT,13.767,109.217,5.87,28.83,30.93,27.15,25.09,28.93,80.38,19.96,100.47,3.8,253.9,21.93,37.26,0.93,0.96,86.73
2019-09-11,PHU CAT,13.767,109.217,2.81,29.16,31.1,27.59,24.05,29.36,74.3,18.73,100.6,2.18,334.1,22.5,37.64,0.92,0.95,69.13
2019-09-12,PHU CAT,13.767,109.217,18.96,28.41,29.37,27.73,24.98,29.02,81.68,19.82,100.44,3.3,334.9,20.21,38.02,0.94,0.96,88.48
2019-09-13,PHU CAT,13.767,109.217,36.41,28.08,29.34,27.14,25.18,28.87,84.3,20.08,100.35,3.48,353.0,10.46,37.18,0.97,0.98,95.42
2019-09-14,PHU CAT,13.767,109.217,9.61,27.8,29.17,27.03,24.26,28.81,81.2,19.0,100.4,2.55,349.0,17.48,37.2,0.95,0.98,95.8
2019-09-15,PHU CAT,13.767,109.217,12.99,27.85,28.83,27.26,24.51,28.79,82.24,19.31,100.34,2.73,353.4,17.72,37.27,0.95,0.98,97.46
2019-09-16,PHU CAT,13.767,109.217,8.51,28.25,29.11,27.59,24.12,28.79,78.35,18.85,100.32,2.53,28.9,17.99,37.49,0.94,0.97,92.88
2019-09-17,PHU CAT,13.767,109.217,8.17,28.47,29.38,27.58,24.28,29.15,78.14,19.02,100.4,2.93,18.6,18.42,37.55,0.94,0.97,89.72
2019-09-18,PHU CAT,13.767,109.217,16.71,27.82,28.97,26.81,24.64,28.95,82.87,19.41,100.53,2.89,34.8,17.45,37.64,0.95,0.97,93.84
2019-09-19,PHU CAT,13.767,109.217,16.64,27.43,28.15,26.66,23.49,28.87,79.1,18.08,100.62,1.15,70.6,17.55,37.28,0.95,0.98,94.91
2019-09-20,PHU CAT,13.767,109.217,11.98,27.54,28.3,26.87,24.24,28.81,82.31,18.95,100.53,2.39,130.6,11.52,37.49,0.96,0.98,98.46
2019-09-21,PHU CAT,13.767,109.217,7.43,28.18,28.74,27.66,24.15,29.0,78.69,18.82,100.57,3.19,37.9,19.55,37.53,0.95,0.98,75.52
2019-09-22,PHU CAT,13.767,109.217,0.95,28.29,29.22,27.08,23.54,28.79,75.49,18.1,100.84,4.78,19.5,12.44,37.46,0.93,0.97,77.28
2019-09-23,PHU CAT,13.767,109.217,3.22,28.11,28.89,27.61,23.39,28.54,75.57,17.91,100.97,6.24,20.7,14.21,37.15,0.93,0.97,64.36
2019-09-24,PHU CAT,13.767,109.217,4.97,28.28,29.25,27.51,24.23,28.59,78.75,18.86,100.93,6.32,18.1,16.01,37.23,0.92,0.96,50.81
2019-09-25,PHU CAT,13.767,109.217,24.37,28.37,28.89,27.72,25.36,28.53,83.64,20.17,100.96,6.88,31.9,16.33,37.59,0.96,0.97,90.42
2019-09-26,PHU CAT,13.767,109.217,2.96,27.88,28.71,27.31,24.09,28.24,79.84,18.68,100.99,7.2,8.9,18.51,36.46,0.93,0.97,52.19
2019-09-27,PHU CAT,13.767,109.217,10.03,28.04,28.7,27.72,24.89,28.28,82.92,19.61,100.92,7.04,17.9,14.44,37.44,0.93,0.97,89.27
2019-09-28,PHU CAT,13.767,109.217,0.57,27.73,28.59,26.9,24.01,28.17,80.1,18.6,100.91,6.47,9.1,17.95,36.39,0.92,0.96,70.55
2019-09-29,PHU CAT,13.767,109.217,0.05,27.66,28.67,26.84,23.85,28.1,79.77,18.45,100.78,6.13,358.8,20.86,35.8,0.91,0.95,36.5
2019-09-30,PHU CAT,13.767,109.217,0.19,27.7,28.8,26.93,23.59,28.27,78.34,18.18,100.66,3.15,23.6,20.25,36.64,0.91,0.94,54.96
2019-10-01,PHU CAT,13.767,109.217,0.83,28.01,28.99,27.31,24.44,28.53,81.02,19.14,100.67,3.1,118.9,21.17,36.74,0.9,0.94,50.4
2019-10-02,PHU CAT,13.767,109.217,0.37,27.88,28.68,27.16,24.84,28.4,83.51,19.61,100.7,4.26,149.3,21.14,36.6,0.9,0.93,43.94
2019-10-03,PHU CAT,13.767,109.217,2.49,28.18,29.21,27.53,24.32,28.65,79.71,19.02,100.67,4.06,143.6,22.42,36.3,0.9,0.93,19.48
2019-10-04,PHU CAT,13.767,109.217,2.65,27.95,28.96,27.04,24.1,28.51,79.67,18.76,100.65,3.66,140.7,22.97,36.18,0.9,0.93,26.34
2019-10-05,PHU CAT,13.767,109.217,1.1,27.69,28.45,27.19,23.86,28.56,79.67,18.48,100.71,3.2,51.8,20.14,36.42,0.89,0.92,77.58
2019-10-06,PHU CAT,13.767,109.217,2.11,27.42,28.41,26.49,23.87,28.33,81.0,18.48,100.73,4.07,17.1,20.3,36.28,0.88,0.91,47.52
2019-10-07,PHU CAT,13.767,109.217,1.15,27.75,28.39,27.0,24.17,28.39,80.8,18.83,100.71,3.89,38.1,20.37,36.06,0.88,0.91,39.55
2019-10-08,PHU CAT,13.767,109.217,25.18,27.96,29.09,27.17,24.27,28.58,80.37,18.93,100.76,2.61,49.3,21.47,36.26,0.92,0.92,76.97
2019-10-09,PHU CAT,13.767,109.217,2.59,28.14,28.99,27.63,24.62,28.41,81.26,19.35,100.68,3.68,25.7,22.46,36.34,0.89,0.92,48.35
2019-10-10,PHU CAT,13.767,109.217,2.44,27.93,28.61,27.55,24.56,28.28,81.9,19.28,100.68,3.52,18.1,21.21,36.69,0.89,0.92,59.75
2019-10-11,PHU CAT,13.767,109.217,4.49,27.83,28.76,27.22,24.49,28.41,82.12,19.21,100.64,4.24,29.5,21.83,36.54,0.89,0.91,35.85
2019-10-12,PHU CAT,13.767,109.217,2.22,27.97,29.05,26.85,23.5,28.45,76.68,18.08,100.67,4.74,29.6,20.37,36.14,0.88,0.91,29.77
2019-10-13,PHU CAT,13.767,109.217,8.66,27.64,28.18,27.27,24.34,28.54,82.24,19.01,100.78,5.31,27.8,20.76,36.47,0.88,0.9,77.7
2019-10-14,PHU CAT,13.767,109.217,15.92,28.33,29.15,27.73,24.52,28.41,79.81,19.2,100.83,5.88,51.7,17.09,36.8,0.9,0.91,84.27
2019-10-15,PHU CAT,13.767,109.217,22.78,28.25,28.88,27.79,24.82,28.25,81.62,19.55,100.82,6.35,49.8,15.79,36.75,0.92,0.92,88.94
2019-10-16,PHU CAT,13.767,109.217,32.76,28.28,28.92,27.82,25.14,28.25,83.02,19.94,100.79,7.41,50.1,4.06,36.82,0.95,0.95,98.35
2019-10-17,PHU CAT,13.767,109.217,29.33,28.04,28.8,27.58,24.93,28.16,83.22,19.69,100.77,7.7,42.5,11.96,36.99,0.96,0.96,98.85
2019-10-18,PHU CAT,13.767,109.217,16.63,27.89,28.52,27.46,24.78,27.88,83.15,19.51,100.84,7.14,41.0,8.13,37.4,0.95,0.97,99.06
2019-10-19,PHU CAT,13.767,109.217,6.52,27.59,28.32,27.0,24.15,27.7,81.45,18.76,100.91,7.02,38.9,13.06,36.72,0.93,0.97,94.14
2019-10-20,PHU CAT,13.767,109.217,3.05,27.56,28.37,26.78,23.61,27.76,79.0,18.17,100.84,6.32,35.9,18.87,36.08,0.92,0.96,30.55
2019-10-21,PHU CAT,13.767,109.217,2.31,27.18,28.06,26.56,23.68,27.77,81.22,18.28,100.67,5.05,20.4,21.63,35.36,0.92,0.95,16.93
2019-10-22,PHU CAT,13.767,109.217,0.91,27.19,28.11,26.47,23.57,27.89,80.57,18.18,100.57,3.53,34.9,20.27,35.99,0.91,0.95,26.56
2019-10-23,PHU CAT,13.767,109.217,0.59,27.65,28.54,27.06,23.53,28.33,78.3,18.13,100.62,3.02,79.3,21.15,35.52,0.91,0.94,10.37
2019-10-24,PHU CAT,13.767,109.217,0.65,27.95,29.18,26.9,23.68,28.35,77.69,18.26,100.76,4.26,36.0,21.9,35.33,0.9,0.93,15.15
2019-10-25,PHU CAT,13.767,109.217,1.71,27.32,27.97,26.8,24.48,28.28,84.47,19.17,100.78,4.61,35.2,19.85,36.06,0.9,0.93,21.37
2019-10-26,PHU CAT,13.767,109.217,8.76,28.05,28.58,27.52,24.74,28.29,82.18,19.47,100.75,5.88,47.1,16.57,36.83,0.9,0.93,41.51
2019-10-27,PHU CAT,13.767,109.217,4.15,28.23,29.03,27.58,24.37,28.21,79.53,19.05,100.69,6.37,43.8,16.26,36.65,0.89,0.92,46.83
2019-10-28,PHU CAT,13.767,109.217,2.26,27.97,28.97,27.35,24.02,28.13,79.07,18.64,100.71,7.32,24.8,18.25,36.4,0.88,0.92,72.1
2019-10-29,PHU CAT,13.767,109.217,5.4,27.51,28.65,26.55,23.92,27.88,80.82,18.56,100.6,9.67,13.3,15.03,36.36,0.88,0.91,95.08
2019-10-30,PHU CAT,13.767,109.217,193.68,27.12,27.45,26.63,25.12,27.65,88.78,20.11,99.87,15.46,29.0,1.83,36.77,0.99,0.95,99.28
2019-10-31,PHU CAT,13.767,109.217,5.9,27.0,27.46,26.28,24.44,27.42,85.81,19.18,100.49,7.64,120.1,5.41,37.04,0.93,0.97,99.55
2019-11-01,PHU CAT,13.767,109.217,8.27,26.61,26.9,26.39,24.29,27.45,87.05,18.98,100.64,3.71,39.1,18.1,36.27,0.93,0.97,90.42
2019-11-02,PHU CAT,13.767,109.217,28.98,26.95,27.14,26.71,25.07,27.46,89.38,19.9,100.56,5.65,13.4,13.65,36.26,0.96,0.98,97.55
2019-11-03,PHU CAT,13.767,109.217,23.64,26.7,27.23,26.21,24.69,27.16,88.63,19.45,100.54,9.43,352.7,3.1,36.3,0.96,0.99,99.52
2019-11-04,PHU CAT,13.767,109.217,14.25,26.37,26.82,25.85,23.63,26.91,84.89,18.25,100.62,9.47,354.6,2.79,36.23,0.96,0.99,98.68
2019-11-05,PHU CAT,13.767,109.217,0.89,26.24,27.2,25.46,22.37,26.84,79.24,16.89,100.57,8.37,352.1,13.67,35.57,0.94,0.98,96.67
2019-11-06,PHU CAT,13.767,109.217,0.15,26.37,27.26,25.7,22.5,27.08,79.21,17.02,100.53,7.46,357.6,15.73,35.11,0.93,0.98,97.39
2019-11-07,PHU CAT,13.767,109.217,1.38,26.2,26.88,25.5,22.14,26.78,78.3,16.63,100.75,8.41,1.8,16.44,35.47,0.93,0.97,92.17
2019-11-08,PHU CAT,13.767,109.217,2.1,25.94,26.68,25.23,21.08,26.5,74.57,15.55,100.89,9.71,359.7,13.93,35.19,0.92,0.96,99.25
2019-11-09,PHU CAT,13.767,109.217,33.26,24.91,26.13,24.05,21.75,26.28,82.78,16.26,100.68,11.27,339.7,7.39,35.83,0.96,0.97,99.36
2019-11-10,PHU CAT,13.767,109.217,81.49,26.15,26.77,24.8,23.9,26.59,87.38,18.65,100.01,15.18,29.6,3.98,36.37,0.99,1.0,98.83
2019-11-11,PHU CAT,13.767,109.217,4.6,26.37,27.18,25.91,23.58,26.66,84.58,18.21,100.42,8.1,125.2,14.8,36.88,0.95,0.99,65.54
2019-11-12,PHU CAT,13.767,109.217,3.39,26.33,27.11,25.52,23.76,26.7,85.71,18.34,100.76,4.76,125.7,19.37,35.67,0.94,0.98,30.39
2019-11-13,PHU CAT,13.767,109.217,8.81,26.09,26.73,25.55,23.18,26.48,83.91,17.68,100.97,6.58,35.3,8.27,36.91,0.95,0.98,87.35
2019-11-14,PHU CAT,13.767,109.217,3.2,25.82,26.63,25.1,21.58,25.98,77.43,16.02,100.94,8.0,22.3,14.39,35.51,0.94,0.98,65.3
2019-11-15,PHU CAT,13.767,109.217,3.46,25.88,26.84,25.02,22.35,26.09,80.92,16.82,100.84,5.54,38.2,12.85,36.56,0.93,0.97,94.62
2019-11-16,PHU CAT,13.767,109.217,2.87,25.81,26.87,25.02,22.88,26.21,83.82,17.38,100.83,4.21,48.6,12.73,36.21,0.93,0.97,70.5
2019-11-17,PHU CAT,13.767,109.217,0.12,25.86,26.67,25.23,22.66,26.43,82.48,17.15,100.82,3.76,51.4,18.09,35.38,0.92,0.96,37.36
2019-11-18,PHU CAT,13.767,109.217,0.48,26.06,27.08,25.29,22.17,26.38,79.08,16.61,100.92,5.88,22.1,19.18,34.67,0.92,0.96,30.92
2019-11-19,PHU CAT,13.767,109.217,0.51,25.83,26.68,25.15,21.46,26.11,76.79,15.89,100.98,6.91,29.4,16.27,34.69,0.91,0.95,42.54
2019-11-20,PHU CAT,13.767,109.217,0.87,25.66,26.5,24.95,21.85,26.14,79.46,16.29,100.99,7.51,26.5,17.0,35.2,0.91,0.94,59.05
2019-11-21,PHU CAT,13.767,109.217,1.23,25.51,26.16,24.99,22.15,26.07,81.63,16.59,101.0,7.92,15.2,15.46,35.69,0.91,0.94,82.12
2019-11-22,PHU CAT,13.767,109.217,0.57,25.13,26.0,24.52,21.13,25.89,78.5,15.58,101.0,6.95,6.4,14.42,35.38,0.9,0.93,74.21
2019-11-23,PHU CAT,13.767,109.217,2.13,25.4,26.11,25.05,22.34,26.05,83.24,16.8,100.96,5.95,16.6,6.21,36.42,0.89,0.93,80.27
2019-11-24,PHU CAT,13.767,109.217,1.33,25.52,26.58,24.68,22.64,26.09,84.05,17.09,101.03,6.61,19.5,14.53,35.98,0.89,0.92,51.02
2019-11-25,PHU CAT,13.767,109.217,7.49,25.8,26.18,25.02,23.85,26.19,88.92,18.42,100.95,7.06,13.8,8.78,36.62,0.9,0.92,69.92
2019-11-26,PHU CAT,13.767,109.217,4.07,26.11,26.85,25.69,24.1,26.23,88.59,18.69,100.9,6.53,46.1,14.79,36.99,0.89,0.92,75.97
2019-11-27,PHU CAT,13.767,109.217,6.61,26.11,26.79,25.73,24.06,26.3,88.45,18.65,100.94,7.68,38.6,14.69,36.13,0.89,0.92,42.6
2019-11-28,PHU CAT,13.767,109.217,9.91,25.96,26.65,25.5,23.76,26.16,87.61,18.31,100.97,9.54,41.5,13.31,36.27,0.9,0.92,89.79
2019-11-29,PHU CAT,13.767,109.217,5.7,25.73,26.43,25.22,23.17,26.04,85.67,17.64,101.04,8.48,50.0,12.62,35.84,0.9,0.92,80.89
2019-11-30,PHU CAT,13.767,109.217,1.28,25.45,26.19,24.92,21.8,25.82,80.2,16.23,101.03,7.27,50.0,14.62,35.65,0.88,0.92,72.15
2019-12-01,PHU CAT,13.767,109.217,1.31,25.44,26.31,24.9,21.7,25.91,79.82,16.14,101.0,7.86,22.0,15.84,35.1,0.88,0.91,69.98
2019-12-02,PHU CAT,13.767,109.217,1.38,24.46,25.9,23.27,20.59,25.41,78.93,15.06,101.15,10.76,20.7,10.9,34.64,0.88,0.9,93.35
2019-12-03,PHU CAT,13.767,109.217,0.31,23.84,24.63,23.47,19.36,25.08,75.95,13.92,101.18,10.09,9.9,12.46,34.62,0.86,0.89,98.79
2019-12-04,PHU CAT,13.767,109.217,1.08,23.02,24.27,21.8,19.06,24.83,78.42,13.68,101.17,11.31,358.7,10.82,34.97,0.86,0.89,98.86
2019-12-05,PHU CAT,13.767,109.217,2.3,22.26,23.37,21.59,19.07,24.58,82.2,13.68,101.28,13.27,348.5,4.68,35.53,0.86,0.88,96.26
2019-12-06,PHU CAT,13.767,109.217,1.85,22.01,22.78,21.57,17.79,24.27,77.03,12.61,101.43,12.7,357.2,3.84,35.16,0.86,0.88,96.95
2019-12-07,PHU CAT,13.767,109.217,0.19,22.73,23.69,22.17,18.16,24.36,75.49,12.89,101.41,10.17,5.6,3.34,35.7,0.85,0.87,98.36
2019-12-08,PHU CAT,13.767,109.217,0.33,22.9,23.57,22.41,19.04,24.38,78.92,13.63,101.38,8.84,10.2,9.99,34.87,0.85,0.86,77.56
2019-12-09,PHU CAT,13.767,109.217,0.29,22.95,23.75,22.45,19.68,24.29,81.79,14.2,101.24,7.39,10.2,14.06,34.16,0.85,0.86,65.32
2019-12-10,PHU CAT,13.767,109.217,0.12,22.87,24.03,21.98,19.38,24.19,80.75,13.96,101.11,7.25,3.5,16.06,32.72,0.84,0.85,36.24
2019-12-11,PHU CAT,13.767,109.217,0.2,23.96,24.8,23.25,20.58,24.6,81.39,15.05,101.07,6.64,27.0,13.76,34.92,0.84,0.84,84.09
2019-12-12,PHU CAT,13.767,109.217,0.16,23.87,24.78,23.0,19.98,24.48,78.83,14.47,101.19,6.71,32.4,11.22,34.22,0.83,0.84,86.75
2019-12-13,PHU CAT,13.767,109.217,0.47,24.2,24.94,23.71,21.57,24.65,85.21,15.96,101.28,6.98,25.3,8.17,36.4,0.83,0.83,94.26
2019-12-14,PHU CAT,13.767,109.217,0.74,24.48,25.29,23.91,22.07,24.85,86.38,16.47,101.2,6.9,31.7,13.19,35.87,0.83,0.83,69.82
2019-12-15,PHU CAT,13.767,109.217,0.48,24.56,25.37,24.07,22.66,25.01,89.19,17.11,101.06,5.96,18.4,10.11,36.08,0.82,0.82,94.36
2019-12-16,PHU CAT,13.767,109.217,0.22,24.94,25.68,24.39,22.79,25.21,87.77,17.26,101.0,5.46,24.6,9.91,35.72,0.82,0.82,92.65
2019-12-17,PHU CAT,13.767,109.217,0.69,24.63,25.39,24.08,22.95,25.05,90.36,17.41,101.07,5.33,21.3,13.25,35.16,0.82,0.81,72.66
2019-12-18,PHU CAT,13.767,109.217,0.71,24.71,25.61,24.13,22.61,25.24,88.08,17.06,101.07,4.95,24.5,16.24,34.62,0.81,0.81,81.08
2019-12-19,PHU CAT,13.767,109.217,0.77,24.62,25.6,23.85,21.87,25.17,84.58,16.3,101.04,5.78,31.0,14.07,34.05,0.81,0.8,34.91
2019-12-20,PHU CAT,13.767,109.217,1.09,24.55,25.54,23.72,21.48,25.02,83.18,15.93,100.99,5.35,23.6,17.48,34.11,0.8,0.8,41.09
2019-12-21,PHU CAT,13.767,109.217,0.43,24.35,25.23,23.74,21.87,24.89,85.96,16.31,100.97,4.58,23.5,14.77,34.05,0.8,0.79,43.31
2019-12-22,PHU CAT,13.767,109.217,0.0,24.39,25.56,23.52,21.16,24.86,82.21,15.62,100.94,4.07,18.7,17.75,32.87,0.79,0.79,16.81
2019-12-23,PHU CAT,13.767,109.217,0.01,24.51,25.42,23.8,20.75,24.95,79.49,15.21,101.03,3.77,42.5,18.42,32.74,0.79,0.78,16.37
2019-12-24,PHU CAT,13.767,109.217,0.0,24.41,25.62,23.38,19.48,24.65,73.98,14.05,101.05,4.35,29.3,18.39,32.4,0.78,0.77,23.22
2019-12-25,PHU CAT,13.767,109.217,0.0,24.2,25.47,22.87,19.25,24.44,73.99,13.86,100.93,3.74,17.1,18.73,31.91,0.77,0.77,11.27
2019-12-26,PHU CAT,13.767,109.217,0.03,23.99,24.97,23.4,20.38,24.8,80.17,14.87,101.01,6.5,6.4,18.42,33.03,0.77,0.76,36.35
2019-12-27,PHU CAT,13.767,109.217,0.26,24.03,24.99,23.28,20.08,24.69,78.63,14.6,101.03,7.98,8.9,17.45,33.26,0.76,0.76,30.35
2019-12-28,PHU CAT,13.767,109.217,0.32,24.22,25.06,23.7,21.47,24.87,84.62,15.92,100.96,8.26,358.2,11.59,35.09,0.76,0.75,57.29
2019-12-29,PHU CAT,13.767,109.217,0.3,24.58,25.52,24.06,22.36,25.07,87.46,16.81,100.97,7.87,353.8,9.23,36.12,0.76,0.75,68.03
2019-12-30,PHU CAT,13.767,109.217,0.37,24.71,25.7,24.02,23.08,25.09,90.62,17.53,101.18,5.71,25.3,11.28,35.96,0.75,0.74,62.77
2019-12-31,PHU CAT,13.767,109.217,0.32,24.85,25.64,24.28,22.5,25.23,86.69,16.88,101.4,6.64,38.1,18.44,33.66,0.74,0.74,28.07
2020-01-01,PHU CAT,13.767,109.217,0.87,24.86,25.66,24.4,22.45,25.15,86.45,16.82,101.49,7.32,40.8,16.27,35.01,0.74,0.73,59.87
2020-01-02,PHU CAT,13.767,109.217,0.61,24.81,25.6,24.31,22.18,25.09,85.25,16.54,101.45,7.56,36.7,13.11,35.5,0.74,0.73,66.44
2020-01-03,PHU CAT,13.767,109.217,0.21,24.4,25.25,23.79,20.8,24.87,80.28,15.22,101.31,6.77,32.0,15.86,34.35,0.73,0.72,64.17
2020-01-04,PHU CAT,13.767,109.217,0.15,24.33,25.07,23.82,20.03,24.8,76.89,14.52,101.17,7.06,30.0,15.49,33.84,0.72,0.72,53.63
2020-01-05,PHU CAT,13.767,109.217,0.36,24.29,25.09,23.9,20.87,24.94,81.26,15.31,101.13,5.51,22.3,17.39,33.9,0.72,0.71,42.82
2020-01-06,PHU CAT,13.767,109.217,0.11,24.63,25.42,23.79,21.93,25.19,84.86,16.35,101.08,5.1,41.4,14.14,35.34,0.71,0.71,69.15
2020-01-07,PHU CAT,13.767,109.217,0.17,24.85,25.61,24.32,22.15,25.35,84.87,16.57,101.06,5.92,26.5,14.99,36.08,0.7,0.7,84.17
2020-01-08,PHU CAT,13.767,109.217,0.07,24.68,25.67,23.99,21.33,25.22,81.54,15.76,101.04,6.23,25.1,13.46,34.98,0.69,0.7,70.89
2020-01-09,PHU CAT,13.767,109.217,0.09,24.54,25.63,23.83,20.97,25.07,80.48,15.43,100.95,6.05,13.0,17.77,33.94,0.68,0.69,22.57
2020-01-10,PHU CAT,13.767,109.217,0.15,24.27,25.64,23.3,21.28,25.11,83.43,15.74,100.84,5.15,13.4,14.98,34.55,0.68,0.69,68.78
2020-01-11,PHU CAT,13.767,109.217,0.07,24.27,25.6,23.4,21.38,25.16,83.96,15.84,100.86,5.38,12.6,14.63,34.31,0.67,0.69,99.24
2020-01-12,PHU CAT,13.767,109.217,0.12,24.34,25.26,23.6,21.16,25.07,82.4,15.62,100.89,6.38,24.5,13.89,33.81,0.66,0.68,84.78
2020-01-13,PHU CAT,13.767,109.217,0.04,23.92,24.98,22.92,19.69,24.75,77.2,14.24,101.02,6.04,34.5,18.18,32.27,0.65,0.68,22.1
2020-01-14,PHU CAT,13.767,109.217,0.05,23.9,24.67,23.48,18.68,24.62,72.55,13.36,101.09,5.03,41.4,18.11,32.58,0.65,0.67,23.16
2020-01-15,PHU CAT,13.767,109.217,0.09,24.23,25.29,23.55,20.05,24.8,77.72,14.58,101.02,3.7,37.0,17.09,34.62,0.64,0.67,44.1
2020-01-16,PHU CAT,13.767,109.217,0.07,24.53,25.72,23.72,21.23,24.94,81.85,15.66,101.07,4.43,31.8,17.79,33.79,0.64,0.66,24.8
2020-01-17,PHU CAT,13.767,109.217,0.07,23.96,25.02,22.87,20.59,24.67,81.37,15.04,101.19,5.79,20.3,16.7,34.56,0.63,0.66,40.39
2020-01-18,PHU CAT,13.767,109.217,0.0,23.52,24.66,22.72,19.8,24.61,79.72,14.32,101.17,5.11,36.5,18.06,32.77,0.62,0.65,18.1
2020-01-19,PHU CAT,13.767,109.217,0.0,23.64,24.8,22.74,19.77,24.63,78.91,14.27,101.27,5.71,30.7,16.71,33.26,0.62,0.65,40.66
2020-01-20,PHU CAT,13.767,109.217,0.1,23.78,24.62,23.32,19.95,24.61,79.16,14.43,101.34,5.43,27.2,13.75,34.79,0.61,0.65,57.21
2020-01-21,PHU CAT,13.767,109.217,0.01,24.09,25.2,23.49,19.21,24.64,74.16,13.78,101.33,4.19,31.1,17.36,33.81,0.61,0.64,40.31
2020-01-22,PHU CAT,13.767,109.217,0.01,24.72,25.89,23.9,19.5,24.86,73.05,14.08,101.17,2.69,64.7,20.6,32.89,0.6,0.64,16.42
2020-01-23,PHU CAT,13.767,109.217,0.01,24.97,26.15,24.17,20.27,25.01,75.18,14.76,101.07,2.9,90.1,21.26,32.71,0.59,0.63,27.08
2020-01-24,PHU CAT,13.767,109.217,0.02,24.6,25.69,23.63,20.59,25.02,78.52,15.06,101.03,3.03,79.2,18.74,33.83,0.59,0.63,97.99
2020-01-25,PHU CAT,13.767,109.217,0.0,25.01,26.2,24.04,21.79,25.26,82.41,16.26,100.8,3.5,127.7,18.0,34.38,0.58,0.62,75.47
2020-01-26,PHU CAT,13.767,109.217,0.22,24.11,26.16,23.03,20.87,24.96,82.07,15.38,100.82,5.56,6.5,17.51,35.2,0.58,0.62,68.33
2020-01-27,PHU CAT,13.767,109.217,0.11,24.09,25.17,23.48,20.85,24.75,82.09,15.33,100.85,3.94,21.1,14.37,35.9,0.58,0.62,59.49
2020-01-28,PHU CAT,13.767,109.217,0.71,23.69,24.85,22.77,20.94,24.64,84.53,15.39,101.01,6.34,10.8,16.11,35.11,0.58,0.62,47.22
2020-01-29,PHU CAT,13.767,109.217,0.84,22.96,23.89,22.16,19.92,24.22,82.92,14.42,101.21,8.16,9.4,10.42,35.39,0.58,0.61,82.17
2020-01-30,PHU CAT,13.767,109.217,0.3,22.18,22.88,21.52,18.32,23.67,78.7,13.03,101.3,8.4,12.8,7.86,35.22,0.58,0.61,94.04
2020-01-31,PHU CAT,13.767,109.217,0.07,22.65,23.58,21.9,18.16,23.91,75.78,12.88,101.36,6.18,29.4,15.07,33.39,0.57,0.61,81.02
2020-02-01,PHU CAT,13.767,109.217,0.05,22.88,23.87,22.19,18.5,24.0,76.43,13.18,101.33,5.15,37.4,17.95,32.58,0.56,0.6,45.56
2020-02-02,PHU CAT,13.767,109.217,0.08,23.58,24.55,22.87,18.97,24.21,75.29,13.56,101.35,4.72,31.6,19.39,32.84,0.56,0.6,38.08
2020-02-03,PHU CAT,13.767,109.217,0.05,23.84,24.91,23.01,19.69,24.4,77.62,14.22,101.22,4.01,43.1,19.72,33.33,0.55,0.6,52.8
2020-02-04,PHU CAT,13.767,109.217,0.06,23.64,25.05,22.5,19.2,24.38,76.23,13.78,101.18,4.57,33.4,20.26,32.02,0.55,0.59,28.45
2020-02-05,PHU CAT,13.767,109.217,0.03,23.44,24.42,22.71,19.12,24.43,76.68,13.72,101.18,5.06,31.8,20.83,31.58,0.55,0.59,18.32
2020-02-06,PHU CAT,13.767,109.217,0.01,23.5,24.88,21.73,17.97,24.22,71.26,12.76,101.18,3.58,32.7,20.86,31.37,0.54,0.59,37.26
2020-02-07,PHU CAT,13.767,109.217,0.05,23.66,24.65,22.88,20.26,24.69,81.39,14.74,101.24,6.16,11.9,21.33,33.41,0.54,0.58,81.17
2020-02-08,PHU CAT,13.767,109.217,0.06,24.16,25.14,23.51,20.45,24.56,79.69,14.87,101.38,8.66,16.8,11.8,35.61,0.54,0.58,90.41
2020-02-09,PHU CAT,13.767,109.217,0.16,23.86,24.73,23.36,20.27,24.41,80.29,14.71,101.39,9.19,19.7,13.4,35.22,0.53,0.58,97.26
2020-02-10,PHU CAT,13.767,109.217,0.6,23.93,24.57,23.61,20.75,24.28,82.33,15.17,101.31,6.12,32.5,8.21,35.84,0.54,0.58,94.97
2020-02-11,PHU CAT,13.767,109.217,0.3,24.3,25.32,23.67,21.58,24.83,84.84,15.98,101.24,3.41,36.2,15.63,35.37,0.53,0.57,56.93
2020-02-12,PHU CAT,13.767,109.217,0.21,24.67,25.83,23.89,22.79,25.14,89.31,17.24,101.12,2.94,86.6,15.67,35.54,0.52,0.57,38.23
2020-02-13,PHU CAT,13.767,109.217,0.01,25.22,26.77,24.03,22.78,25.46,86.58,17.28,100.87,4.08,149.8,21.7,34.13,0.51,0.57,10.62
2020-02-14,PHU CAT,13.767,109.217,0.01,25.45,27.35,24.0,22.9,25.5,86.07,17.41,100.77,5.4,156.6,21.12,33.78,0.51,0.56,4.64
2020-02-15,PHU CAT,13.767,109.217,0.03,25.44,27.27,24.2,22.96,25.54,86.56,17.47,100.87,4.8,158.0,21.6,34.49,0.5,0.56,8.23
2020-02-16,PHU CAT,13.767,109.217,4.09,24.58,27.2,22.85,22.06,25.46,85.95,16.55,101.2,6.81,5.0,20.49,36.13,0.53,0.56,49.79
2020-02-17,PHU CAT,13.767,109.217,6.09,23.31,24.07,22.92,20.46,24.49,84.02,14.87,101.52,9.43,6.1,5.74,35.64,0.58,0.57,91.38
2020-02-18,PHU CAT,13.767,109.217,1.65,23.67,24.59,22.93,19.93,24.45,79.5,14.38,101.49,7.71,29.3,15.47,33.96,0.56,0.57,45.18
2020-02-19,PHU CAT,13.767,109.217,0.46,23.98,24.98,23.35,19.73,24.62,77.08,14.21,101.44,6.77,29.1,18.46,34.3,0.53,0.57,47.81
2020-02-20,PHU CAT,13.767,109.217,0.24,24.01,24.86,23.5,20.13,24.66,78.86,14.56,101.48,7.44,31.1,17.09,35.29,0.52,0.56,76.43
2020-02-21,PHU CAT,13.767,109.217,0.2,24.1,24.96,23.54,20.14,24.57,78.56,14.56,101.64,7.92,26.6,15.58,34.29,0.51,0.56,44.89
2020-02-22,PHU CAT,13.767,109.217,0.15,24.12,25.14,23.36,19.87,24.54,77.13,14.32,101.61,8.16,23.9,16.4,34.32,0.5,0.56,52.34
2020-02-23,PHU CAT,13.767,109.217,0.07,23.8,24.88,23.01,19.2,24.23,75.46,13.75,101.44,7.29,15.5,20.67,32.95,0.5,0.55,27.63
2020-02-24,PHU CAT,13.767,109.217,0.05,23.78,25.0,23.11,19.83,24.51,78.82,14.36,101.2,5.48,13.2,21.52,34.34,0.49,0.55,56.97
2020-02-25,PHU CAT,13.767,109.217,0.12,24.19,25.24,23.67,21.5,24.68,84.98,15.92,101.1,4.94,18.7,15.12,35.35,0.49,0.55,59.42
2020-02-26,PHU CAT,13.767,109.217,0.11,24.25,25.43,23.41,21.91,24.97,86.86,16.33,101.12,5.45,10.6,20.51,34.27,0.49,0.54,30.15
2020-02-27,PHU CAT,13.767,109.217,0.21,24.46,25.59,23.49,20.88,25.02,80.4,15.33,101.05,6.02,17.5,22.53,33.39,0.48,0.54,25.75
2020-02-28,PHU CAT,13.767,109.217,0.33,24.52,25.8,23.79,22.21,25.18,87.05,16.67,100.93,4.35,24.0,21.58,34.69,0.49,0.54,43.93
2020-02-29,PHU CAT,13.767,109.217,0.06,24.83,26.01,24.02,22.37,25.53,86.23,16.84,100.87,3.26,56.9,13.4,35.39,0.48,0.54,48.34
2020-03-01,PHU CAT,13.767,109.217,0.02,25.17,26.53,24.33,22.49,25.77,85.19,16.96,100.89,2.68,69.6,22.64,34.52,0.47,0.53,63.39
2020-03-02,PHU CAT,13.767,109.217,0.17,25.1,26.31,24.33,21.92,25.64,82.51,16.36,100.97,3.55,63.5,16.27,35.11,0.47,0.53,96.79
2020-03-03,PHU CAT,13.767,109.217,0.19,25.17,26.27,24.37,21.72,25.8,81.16,16.16,100.93,3.63,67.7,18.51,34.82,0.47,0.53,50.43
2020-03-04,PHU CAT,13.767,109.217,0.44,25.38,26.55,24.44,21.94,26.06,81.33,16.39,100.94,4.1,63.7,22.05,33.9,0.46,0.52,16.71
2020-03-05,PHU CAT,13.767,109.217,0.65,25.17,26.25,24.27,22.0,25.87,82.58,16.44,100.99,3.95,57.4,20.34,34.66,0.47,0.52,26.22
2020-03-06,PHU CAT,13.767,109.217,0.09,25.21,26.56,24.39,21.43,26.05,79.57,15.86,101.01,2.47,64.7,21.15,34.72,0.46,0.52,50.82
2020-03-07,PHU CAT,13.767,109.217,0.0,26.02,27.77,25.01,22.68,26.39,82.07,17.19,100.76,3.24,143.1,23.16,34.64,0.46,0.52,21.73
2020-03-08,PHU CAT,13.767,109.217,0.0,26.27,28.28,24.99,23.7,26.34,86.04,18.34,100.48,5.05,156.9,21.31,35.51,0.46,0.51,26.61
2020-03-09,PHU CAT,13.767,109.217,0.01,26.63,29.38,25.14,24.11,26.34,86.61,18.83,100.38,5.69,156.7,22.18,35.99,0.45,0.51,5.93
2020-03-10,PHU CAT,13.767,109.217,0.06,26.0,27.8,24.84,24.24,26.2,90.13,18.91,100.68,3.61,111.2,21.15,36.27,0.45,0.51,23.64
2020-03-11,PHU CAT,13.767,109.217,0.01,25.84,27.03,24.54,22.45,26.13,81.59,16.9,100.96,2.11,88.2,23.4,34.31,0.44,0.51,14.9
2020-03-12,PHU CAT,13.767,109.217,0.01,25.9,27.51,24.65,23.01,26.55,84.29,17.51,100.97,2.91,135.1,24.41,33.87,0.42,0.5,5.01
2020-03-13,PHU CAT,13.767,109.217,0.03,26.28,27.95,24.99,23.11,26.51,82.94,17.62,100.94,3.7,144.2,25.22,33.85,0.41,0.5,7.26
2020-03-14,PHU CAT,13.767,109.217,0.17,26.25,27.44,25.42,21.97,26.61,77.31,16.41,101.0,3.51,56.6,23.52,34.37,0.4,0.5,35.3
2020-03-15,PHU CAT,13.767,109.217,0.21,25.98,27.3,24.92,22.65,26.47,81.93,17.1,101.02,4.09,45.5,20.04,35.02,0.39,0.5,32.18
2020-03-16,PHU CAT,13.767,109.217,0.33,26.06,27.11,25.31,22.61,26.41,81.32,17.06,101.1,3.88,70.7,21.7,35.02,0.39,0.5,25.19
2020-03-17,PHU CAT,13.767,109.217,0.11,26.26,27.52,25.42,21.19,26.47,73.61,15.63,101.02,3.2,83.6,20.76,34.18,0.37,0.5,26.65
2020-03-18,PHU CAT,13.767,109.217,0.38,26.28,27.5,25.48,22.51,26.96,80.09,17.02,100.85,3.25,111.6,23.23,34.99,0.35,0.49,17.13
2020-03-19,PHU CAT,13.767,109.217,0.05,26.56,28.27,25.37,22.67,26.93,79.44,17.16,100.86,4.12,143.7,25.32,33.52,0.34,0.49,7.58
2020-03-20,PHU CAT,13.767,109.217,0.13,26.48,28.12,25.14,22.7,27.01,79.89,17.18,100.94,3.7,132.4,24.83,34.07,0.33,0.49,24.67
2020-03-21,PHU CAT,13.767,109.217,0.13,26.08,27.64,24.94,22.31,27.01,79.92,16.77,100.95,4.05,125.4,25.27,33.65,0.32,0.49,14.27
2020-03-22,PHU CAT,13.767,109.217,0.02,26.03,27.82,24.82,21.95,27.04,78.45,16.42,100.87,3.59,130.2,25.48,33.04,0.3,0.49,6.69
2020-03-23,PHU CAT,13.767,109.217,0.01,26.38,28.02,25.37,22.28,27.51,78.45,16.77,100.81,3.32,104.5,25.29,33.02,0.29,0.49,7.66
2020-03-24,PHU CAT,13.767,109.217,0.02,26.7,27.8,25.96,22.7,27.82,78.82,17.21,100.73,3.95,95.4,23.69,34.89,0.28,0.49,23.29
2020-03-25,PHU CAT,13.767,109.217,0.01,26.9,28.11,26.19,22.97,27.97,79.09,17.5,100.7,3.96,112.9,24.06,34.36,0.27,0.49,10.24
2020-03-26,PHU CAT,13.767,109.217,0.01,27.52,28.96,26.54,22.59,28.09,74.71,17.09,100.76,4.25,138.1,24.85,34.01,0.26,0.49,4.49
2020-03-27,PHU CAT,13.767,109.217,0.1,27.68,29.4,26.42,22.87,28.23,75.25,17.39,100.73,4.59,144.8,23.45,34.9,0.26,0.49,19.4
2020-03-28,PHU CAT,13.767,109.217,0.52,27.31,28.91,26.11,22.95,27.95,77.25,17.49,100.65,4.26,143.9,23.78,34.47,0.26,0.49,13.01
2020-03-29,PHU CAT,13.767,109.217,0.48,27.19,28.69,26.1,23.23,27.89,79.15,17.8,100.63,4.22,146.7,24.26,34.34,0.27,0.49,5.67
2020-03-30,PHU CAT,13.767,109.217,0.35,27.55,29.45,26.21,23.84,27.82,80.53,18.49,100.62,4.83,157.3,24.02,34.81,0.28,0.49,3.69
2020-03-31,PHU CAT,13.767,109.217,0.98,27.47,29.25,26.4,23.77,27.7,80.41,18.39,100.65,4.39,151.7,22.57,35.39,0.29,0.49,15.5
2020-04-01,PHU CAT,13.767,109.217,0.06,27.35,28.87,26.26,22.97,27.82,77.12,17.49,100.77,3.6,109.7,24.92,34.47,0.3,0.49,23.76
2020-04-02,PHU CAT,13.767,109.217,0.06,27.21,28.48,26.28,23.2,27.83,78.77,17.72,100.84,3.85,109.6,24.01,34.89,0.29,0.49,25.08
2020-04-03,PHU CAT,13.767,109.217,0.05,27.4,28.54,26.59,23.51,28.03,79.41,18.06,100.88,3.66,98.2,24.75,35.29,0.28,0.49,12.75
2020-04-04,PHU CAT,13.767,109.217,0.08,27.28,28.66,26.09,23.3,28.02,78.97,17.81,100.95,3.86,81.7,25.33,35.28,0.27,0.49,14.67
2020-04-05,PHU CAT,13.767,109.217,0.03,26.77,28.15,25.62,23.05,27.79,80.08,17.53,100.97,3.53,59.0,23.03,34.88,0.27,0.49,18.09
2020-04-06,PHU CAT,13.767,109.217,0.44,26.63,28.03,25.72,22.99,27.9,80.57,17.51,100.79,3.2,49.5,21.91,36.1,0.26,0.48,62.68
2020-04-07,PHU CAT,13.767,109.217,1.4,26.38,27.73,25.26,23.33,27.22,83.51,17.88,100.77,4.08,6.9,11.93,37.61,0.3,0.49,87.62
2020-04-08,PHU CAT,13.767,109.217,1.42,26.23,27.62,24.97,23.82,27.03,86.7,18.4,100.86,5.21,358.7,20.67,36.39,0.35,0.49,66.99
2020-04-09,PHU CAT,13.767,109.217,1.49,26.58,27.62,25.91,24.19,27.11,86.76,18.8,100.93,4.34,18.8,18.69,36.81,0.39,0.49,85.11
2020-04-10,PHU CAT,13.767,109.217,0.56,27.06,28.28,26.2,23.81,27.69,82.41,18.37,100.98,2.76,87.4,18.23,36.53,0.39,0.49,74.0
2020-04-11,PHU CAT,13.767,109.217,2.03,27.1,27.81,26.74,23.78,27.66,82.1,18.36,100.87,2.73,118.4,21.42,36.86,0.39,0.49,77.27
2020-04-12,PHU CAT,13.767,109.217,14.24,27.17,28.29,26.22,23.94,27.59,82.54,18.54,100.85,5.09,55.4,21.77,36.61,0.53,0.5,66.03
2020-04-13,PHU CAT,13.767,109.217,33.56,26.01,26.87,25.34,22.73,26.78,82.09,17.19,101.0,7.05,27.6,4.33,36.8,0.74,0.56,99.36
2020-04-14,PHU CAT,13.767,109.217,3.28,26.07,26.92,25.43,22.08,26.83,78.58,16.51,101.02,5.27,27.9,10.52,36.99,0.59,0.58,81.42
2020-04-15,PHU CAT,13.767,109.217,1.9,26.36,27.15,25.75,22.07,26.99,77.24,16.51,100.92,3.5,55.9,17.46,36.59,0.54,0.57,73.78
2020-04-16,PHU CAT,13.767,109.217,0.23,27.03,28.28,26.22,22.27,27.37,75.28,16.74,100.8,3.15,109.9,20.28,36.46,0.51,0.56,88.09
2020-04-17,PHU CAT,13.767,109.217,0.33,27.11,28.06,26.24,23.54,27.22,80.83,18.09,100.83,2.19,123.9,23.07,36.41,0.52,0.56,81.44
2020-04-18,PHU CAT,13.767,109.217,0.12,27.13,28.58,26.02,23.26,27.52,79.51,17.79,100.81,3.77,137.8,22.54,36.27,0.5,0.55,42.91
2020-04-19,PHU CAT,13.767,109.217,0.09,27.38,29.06,26.45,23.69,27.71,80.47,18.29,100.73,4.65,148.2,22.86,36.37,0.5,0.55,71.78
2020-04-20,PHU CAT,13.767,109.217,0.2,27.37,29.18,26.23,24.39,27.68,84.22,19.11,100.71,4.05,150.0,25.18,35.38,0.49,0.54,45.49
2020-04-21,PHU CAT,13.767,109.217,0.18,27.38,29.17,26.19,24.66,27.7,85.48,19.43,100.63,3.9,146.7,26.3,35.13,0.49,0.54,30.48
2020-04-22,PHU CAT,13.767,109.217,0.39,27.64,29.06,26.82,24.78,27.76,84.57,19.54,100.72,3.62,113.0,26.2,35.91,0.5,0.54,61.59
2020-04-23,PHU CAT,13.767,109.217,0.92,27.96,29.17,27.26,24.31,28.31,80.72,18.99,100.76,4.17,58.9,22.7,36.5,0.49,0.53,69.33
2020-04-24,PHU CAT,13.767,109.217,1.48,27.71,28.79,27.0,23.94,27.99,80.0,18.54,100.83,5.92,30.4,20.15,36.38,0.5,0.53,74.17
2020-04-25,PHU CAT,13.767,109.217,1.95,27.69,28.71,26.91,23.96,28.06,80.14,18.55,100.9,6.54,38.1,21.38,36.72,0.51,0.53,62.5
2020-04-26,PHU CAT,13.767,109.217,0.61,27.22,28.29,26.56,23.38,27.82,79.57,17.9,100.97,7.52,29.6,18.04,36.97,0.5,0.53,75.83
2020-04-27,PHU CAT,13.767,109.217,0.37,26.96,28.09,26.22,23.18,27.5,79.9,17.67,101.05,7.24,21.5,18.7,36.63,0.49,0.53,85.8
2020-04-28,PHU CAT,13.767,109.217,0.23,26.87,27.99,26.16,22.78,27.44,78.33,17.26,100.9,6.52,17.7,21.43,35.91,0.48,0.52,61.48
2020-04-29,PHU CAT,13.767,109.217,0.25,27.15,28.16,26.4,23.66,27.59,81.24,18.21,100.89,5.14,24.4,18.85,36.46,0.48,0.52,44.47
2020-04-30,PHU CAT,13.767,109.217,0.29,27.32,28.43,26.53,24.09,27.77,82.56,18.71,100.8,3.93,40.9,23.65,35.88,0.47,0.51,52.16
2020-05-01,PHU CAT,13.767,109.217,0.0,27.53,28.86,26.61,23.63,27.94,79.32,18.24,100.64,2.93,74.4,23.32,35.65,0.46,0.51,51.13
2020-05-02,PHU CAT,13.767,109.217,0.01,27.64,29.03,26.87,23.72,28.19,79.62,18.41,100.5,3.17,125.4,25.9,35.34,0.45,0.51,10.26
2020-05-03,PHU CAT,13.767,109.217,0.02,28.22,29.92,27.06,24.68,28.37,81.49,19.48,100.52,4.35,149.2,26.06,35.4,0.45,0.5,6.43
2020-05-04,PHU CAT,13.767,109.217,0.01,28.12,30.0,26.76,24.39,28.3,80.44,19.12,100.54,4.38,154.3,25.83,35.93,0.44,0.5,8.45
2020-05-05,PHU CAT,13.767,109.217,0.05,28.21,30.05,26.69,24.49,28.48,80.66,19.28,100.46,4.08,157.1,25.3,36.32,0.43,0.5,50.02
2020-05-06,PHU CAT,13.767,109.217,0.31,28.52,30.71,26.94,25.03,28.41,82.03,19.94,100.39,4.29,162.3,25.58,37.18,0.42,0.49,22.47
2020-05-07,PHU CAT,13.767,109.217,0.18,28.33,30.41,26.66,25.41,28.19,84.67,20.39,100.32,5.03,159.4,24.73,37.14,0.41,0.49,28.67
2020-05-08,PHU CAT,13.767,109.217,0.44,28.23,30.17,26.89,25.54,27.87,85.71,20.52,100.35,4.43,160.0,24.33,37.26,0.4,0.49,13.03
2020-05-09,PHU CAT,13.767,109.217,0.51,28.19,30.04,26.78,25.61,27.81,86.19,20.6,100.42,3.75,157.9,24.88,37.3,0.4,0.49,27.4
2020-05-10,PHU CAT,13.767,109.217,0.49,27.73,29.8,26.27,25.11,27.66,86.19,19.99,100.52,3.68,157.3,25.99,35.8,0.39,0.49,15.42
2020-05-11,PHU CAT,13.767,109.217,0.59,27.91,29.78,26.64,24.57,28.16,82.84,19.42,100.53,3.32,146.2,24.68,35.75,0.37,0.49,69.27
2020-05-12,PHU CAT,13.767,109.217,5.99,28.32,29.48,27.61,25.61,28.5,85.53,20.61,100.56,2.85,109.0,24.46,36.46,0.44,0.49,38.42
2020-05-13,PHU CAT,13.767,109.217,1.04,28.64,29.94,27.67,24.9,28.93,80.34,19.72,100.57,3.05,108.2,25.04,36.31,0.48,0.5,43.68
2020-05-14,PHU CAT,13.767,109.217,0.24,28.99,30.43,28.0,24.51,29.52,77.12,19.3,100.46,2.77,112.1,24.51,36.45,0.42,0.49,51.96
2020-05-15,PHU CAT,13.767,109.217,1.11,29.22,30.92,27.98,24.72,29.67,77.06,19.57,100.28,4.11,146.3,25.05,36.56,0.39,0.49,66.93
2020-05-16,PHU CAT,13.767,109.217,0.48,29.43,31.48,28.26,25.15,29.71,78.24,20.11,100.21,4.79,151.1,22.74,37.93,0.38,0.49,78.6
2020-05-17,PHU CAT,13.767,109.217,0.46,29.78,31.6,28.54,25.74,29.93,79.29,20.84,100.11,5.99,161.9,24.43,37.84,0.36,0.49,73.23
2020-05-18,PHU CAT,13.767,109.217,19.84,29.82,31.97,28.14,26.12,29.55,80.8,21.31,100.11,4.3,195.0,22.39,38.37,0.51,0.5,88.96
2020-05-19,PHU CAT,13.767,109.217,3.73,29.79,32.15,28.03,25.91,29.56,80.15,21.06,100.15,4.8,197.2,23.58,38.0,0.57,0.53,66.65
2020-05-20,PHU CAT,13.767,109.217,4.17,29.54,31.22,27.98,26.67,29.36,84.85,22.02,100.19,5.02,185.0,22.1,38.42,0.53,0.52,98.32
2020-05-21,PHU CAT,13.767,109.217,2.13,29.44,31.11,28.13,26.44,29.11,84.04,21.71,100.14,3.78,204.7,22.45,38.49,0.55,0.53,94.27
2020-05-22,PHU CAT,13.767,109.217,1.7,29.78,31.62,28.3,26.66,29.5,83.52,21.99,100.18,3.39,196.6,22.86,38.59,0.52,0.53,89.05
2020-05-23,PHU CAT,13.767,109.217,2.88,29.23,30.38,27.83,26.56,29.09,85.55,21.83,100.34,3.89,191.9,20.07,37.72,0.54,0.53,97.59
2020-05-24,PHU CAT,13.767,109.217,2.86,28.98,30.84,27.59,26.14,28.94,85.01,21.26,100.52,4.95,180.0,21.59,37.91,0.54,0.53,86.18
2020-05-25,PHU CAT,13.767,109.217,1.75,29.29,31.25,27.67,25.72,29.0,81.33,20.71,100.53,3.73,191.7,24.71,38.25,0.52,0.53,33.97
2020-05-26,PHU CAT,13.767,109.217,5.91,29.76,32.04,27.95,26.0,29.4,80.53,21.09,100.46,3.07,213.9,25.13,38.27,0.55,0.53,50.03
2020-05-27,PHU CAT,13.767,109.217,4.31,29.38,30.43,28.38,25.61,29.54,80.27,20.59,100.48,2.5,183.2,22.1,38.42,0.57,0.54,62.12
2020-05-28,PHU CAT,13.767,109.217,6.46,28.46,29.19,28.08,25.5,29.3,84.02,20.44,100.56,2.38,174.3,22.2,37.94,0.58,0.55,70.69
2020-05-29,PHU CAT,13.767,109.217,7.66,29.4,31.16,28.36,25.84,29.82,81.42,20.85,100.6,5.43,171.4,24.32,37.24,0.59,0.56,68.65
2020-05-30,PHU CAT,13.767,109.217,3.47,29.58,31.31,28.4,25.57,29.61,79.25,20.49,100.69,4.75,183.3,25.19,36.79,0.58,0.57,12.31
2020-05-31,PHU CAT,13.767,109.217,1.26,29.25,30.65,28.08,25.7,29.5,81.4,20.67,100.66,5.11,173.4,25.31,36.83,0.54,0.56,23.31
2020-06-01,PHU CAT,13.767,109.217,1.95,29.31,30.65,28.29,25.83,29.45,81.68,20.85,100.57,4.78,164.7,25.56,37.09,0.54,0.56,33.63
2020-06-02,PHU CAT,13.767,109.217,1.61,29.01,30.6,27.59,25.59,28.94,81.91,20.55,100.51,4.69,183.5,26.16,36.93,0.55,0.56,27.74
2020-06-03,PHU CAT,13.767,109.217,2.75,28.68,30.29,27.47,25.24,28.85,81.9,20.15,100.43,5.39,174.6,23.84,37.36,0.54,0.56,63.59
2020-06-04,PHU CAT,13.767,109.217,3.95,29.0,30.97,27.35,25.62,28.85,82.33,20.63,100.37,4.83,179.8,23.92,37.69,0.56,0.56,43.08
2020-06-05,PHU CAT,13.767,109.217,0.13,29.01,30.8,27.55,25.63,28.84,82.32,20.67,100.34,4.98,181.4,25.06,37.43,0.53,0.56,58.41
2020-06-06,PHU CAT,13.767,109.217,0.12,29.34,31.41,27.62,25.15,28.88,78.35,20.07,100.28,4.42,211.9,24.8,37.67,0.52,0.56,45.36
2020-06-07,PHU CAT,13.767,109.217,0.09,29.75,32.73,27.43,25.05,29.27,76.41,19.98,100.18,3.94,217.1,24.99,37.26,0.5,0.55,36.27
2020-06-08,PHU CAT,13.767,109.217,0.04,29.64,32.48,27.67,25.49,29.34,79.16,20.52,100.25,4.97,175.7,25.05,37.46,0.49,0.55,55.71
2020-06-09,PHU CAT,13.767,109.217,0.89,28.93,30.39,27.86,26.35,28.99,86.23,21.57,100.34,4.93,159.1,23.8,37.42,0.51,0.55,64.52
2020-06-10,PHU CAT,13.767,109.217,2.06,28.8,30.22,27.78,25.93,28.98,84.61,21.02,100.35,4.9,158.1,23.54,37.45,0.53,0.55,79.78
2020-06-11,PHU CAT,13.767,109.217,0.83,28.73,29.81,27.53,25.39,29.12,82.29,20.39,100.18,3.78,162.1,23.98,36.93,0.53,0.55,67.53
2020-06-12,PHU CAT,13.767,109.217,0.39,29.57,31.51,27.74,25.73,29.74,80.39,20.88,99.96,4.04,174.4,24.07,37.3,0.5,0.54,70.97
2020-06-13,PHU CAT,13.767,109.217,8.63,29.62,31.91,28.34,26.01,29.48,81.4,21.19,100.04,4.43,179.5,22.06,37.38,0.57,0.55,93.13
2020-06-14,PHU CAT,13.767,109.217,12.5,28.53,29.64,27.79,26.08,28.87,86.62,21.19,100.38,5.44,180.4,20.63,37.05,0.63,0.57,98.69
2020-06-15,PHU CAT,13.767,109.217,43.75,28.33,29.32,27.68,25.46,28.87,84.45,20.37,100.61,5.59,161.6,19.43,37.34,0.75,0.6,97.22
2020-06-16,PHU CAT,13.767,109.217,9.54,28.27,28.97,27.55,25.35,28.82,84.19,20.26,100.51,3.62,171.5,22.25,37.11,0.72,0.66,86.71
2020-06-17,PHU CAT,13.767,109.217,2.63,29.12,30.75,27.62,25.15,29.25,79.52,20.05,100.42,3.75,181.3,18.33,37.66,0.65,0.65,84.05
2020-06-18,PHU CAT,13.767,109.217,1.38,29.1,30.75,28.04,25.63,29.38,81.76,20.64,100.37,5.73,166.4,25.47,37.3,0.63,0.65,22.54
2020-06-19,PHU CAT,13.767,109.217,13.53,29.04,30.28,28.23,26.13,29.08,84.43,21.26,100.4,5.21,160.9,22.99,37.79,0.7,0.66,57.14
2020-06-20,PHU CAT,13.767,109.217,2.25,28.84,29.95,28.04,26.11,29.09,85.24,21.25,100.32,5.51,166.6,24.83,36.8,0.66,0.66,18.44
2020-06-21,PHU CAT,13.767,109.217,1.91,28.96,30.59,27.74,25.93,28.97,83.88,21.04,100.2,5.49,181.6,25.7,36.65,0.66,0.66,27.53
2020-06-22,PHU CAT,13.767,109.217,1.57,28.78,29.87,27.87,26.12,29.02,85.69,21.29,100.25,5.7,171.1,25.62,37.37,0.65,0.66,34.42
2020-06-23,PHU CAT,13.767,109.217,2.49,29.14,30.86,27.97,26.2,29.12,84.44,21.38,100.31,5.06,171.1,24.93,37.43,0.65,0.66,44.47
2020-06-24,PHU CAT,13.767,109.217,7.06,28.91,30.31,27.63,26.36,28.83,86.23,21.58,100.25,4.66,189.2,23.69,37.24,0.69,0.66,77.03
2020-06-25,PHU CAT,13.767,109.217,2.75,28.92,30.76,27.72,26.14,28.86,85.13,21.3,100.24,5.0,178.1,24.12,37.64,0.67,0.67,51.17
2020-06-26,PHU CAT,13.767,109.217,1.65,28.7,30.28,27.29,25.2,28.9,81.47,20.11,100.36,5.9,170.8,23.99,36.88,0.66,0.66,81.68
2020-06-27,PHU CAT,13.767,109.217,0.47,28.85,30.28,27.68,25.27,29.29,81.18,20.21,100.32,4.82,157.4,21.54,37.22,0.63,0.66,96.23
2020-06-28,PHU CAT,13.767,109.217,1.59,28.75,30.15,27.41,25.22,29.13,81.38,20.17,100.22,3.7,208.6,13.79,37.49,0.65,0.66,98.3
2020-06-29,PHU CAT,13.767,109.217,8.83,28.6,31.05,26.61,24.63,29.08,79.43,19.49,100.13,5.01,211.1,14.24,37.2,0.69,0.66,99.65
2020-06-30,PHU CAT,13.767,109.217,15.87,27.86,29.75,26.55,24.16,28.68,80.42,18.92,100.18,5.58,215.7,13.69,37.27,0.74,0.68,99.61
2020-07-01,PHU CAT,13.767,109.217,2.24,27.5,29.5,25.85,23.61,28.8,79.47,18.31,100.13,6.4,234.4,14.91,37.49,0.7,0.68,96.92
2020-07-02,PHU CAT,13.767,109.217,1.36,29.29,32.0,26.99,24.27,29.66,74.88,19.1,100.08,4.83,220.8,21.1,37.21,0.65,0.67,92.42
2020-07-03,PHU CAT,13.767,109.217,1.23,28.99,30.7,27.35,25.0,29.29,79.16,19.88,100.3,4.99,209.0,18.93,37.53,0.66,0.67,90.86
2020-07-04,PHU CAT,13.767,109.217,3.1,29.21,31.39,27.8,25.05,29.47,78.67,19.96,100.32,4.62,190.1,24.71,37.74,0.67,0.67,44.07
2020-07-05,PHU CAT,13.767,109.217,8.0,28.75,30.25,27.8,25.42,29.31,82.43,20.41,100.21,4.92,169.5,23.57,37.85,0.7,0.67,43.49
2020-07-06,PHU CAT,13.767,109.217,8.59,28.74,29.75,27.9,25.53,29.2,82.99,20.53,100.33,6.67,167.3,24.64,37.5,0.72,0.68,45.37
2020-07-07,PHU CAT,13.767,109.217,4.21,28.64,30.24,27.16,25.11,28.92,81.5,19.99,100.5,5.97,176.7,25.72,36.48,0.7,0.68,26.82
2020-07-08,PHU CAT,13.767,109.217,2.8,29.0,31.17,26.96,25.15,28.94,80.15,20.07,100.3,4.72,181.8,25.24,36.86,0.68,0.68,70.84
2020-07-09,PHU CAT,13.767,109.217,1.5,29.11,31.33,27.47,25.5,29.13,81.34,20.53,100.16,5.29,176.9,24.29,37.22,0.66,0.68,57.41
2020-07-10,PHU CAT,13.767,109.217,3.14,28.88,30.57,27.41,26.0,28.63,84.65,21.12,100.25,4.77,186.0,23.34,37.18,0.68,0.68,81.81
2020-07-11,PHU CAT,13.767,109.217,2.44,28.44,30.09,27.1,25.85,28.33,86.11,20.93,100.31,4.99,175.8,23.16,37.04,0.68,0.68,88.05
2020-07-12,PHU CAT,13.767,109.217,3.07,28.22,29.78,26.75,25.6,28.27,85.84,20.62,100.25,5.23,174.2,22.02,37.06,0.68,0.68,45.3
2020-07-13,PHU CAT,13.767,109.217,4.22,28.0,29.88,26.32,25.51,28.16,86.55,20.5,100.32,4.42,183.6,23.0,37.25,0.69,0.68,62.23
2020-07-14,PHU CAT,13.767,109.217,4.45,28.34,30.02,27.1,25.43,28.39,84.4,20.4,100.32,4.29,165.9,23.79,37.59,0.69,0.68,44.4
2020-07-15,PHU CAT,13.767,109.217,2.68,28.26,29.59,27.22,25.65,28.3,85.95,20.69,100.28,5.28,165.3,25.09,37.28,0.69,0.68,34.33
2020-07-16,PHU CAT,13.767,109.217,0.84,28.34,30.0,27.22,25.38,28.32,84.29,20.34,100.31,5.69,165.8,25.66,36.55,0.66,0.67,22.87
2020-07-17,PHU CAT,13.767,109.217,2.41,28.35,29.88,27.1,25.4,28.53,84.25,20.35,100.41,5.65,170.8,19.59,37.39,0.67,0.67,88.96
2020-07-18,PHU CAT,13.767,109.217,1.14,28.51,30.04,27.27,25.08,28.83,81.96,19.96,100.4,5.19,162.9,24.83,37.1,0.65,0.67,56.71
2020-07-19,PHU CAT,13.767,109.217,0.53,28.8,30.6,27.56,25.28,28.96,81.52,20.22,100.31,4.96,159.4,25.55,36.92,0.64,0.66,16.98
2020-07-20,PHU CAT,13.767,109.217,0.81,28.53,29.83,27.29,24.91,28.8,80.89,19.76,100.41,4.08,155.3,24.75,36.95,0.64,0.66,48.96
2020-07-21,PHU CAT,13.767,109.217,1.13,28.16,29.16,27.3,24.57,28.85,80.97,19.35,100.49,3.12,146.4,9.3,37.6,0.65,0.65,80.31
2020-07-22,PHU CAT,13.767,109.217,0.66,28.68,29.8,27.91,24.67,29.4,79.11,19.49,100.39,3.87,152.7,24.75,36.95,0.62,0.65,73.44
2020-07-23,PHU CAT,13.767,109.217,1.05,28.35,29.28,27.28,24.59,28.8,80.06,19.36,100.43,3.92,168.6,22.85,36.88,0.63,0.65,86.19
2020-07-24,PHU CAT,13.767,109.217,0.34,28.44,29.57,27.51,24.31,29.34,78.58,19.07,100.4,3.06,144.7,21.12,37.38,0.62,0.64,77.94
2020-07-25,PHU CAT,13.767,109.217,0.29,28.82,29.96,27.93,25.16,29.41,80.88,20.09,100.37,4.72,163.3,24.45,37.45,0.61,0.64,63.19
2020-07-26,PHU CAT,13.767,109.217,2.14,29.41,31.0,28.15,25.73,29.55,80.85,20.78,100.27,5.56,172.2,24.26,38.09,0.61,0.64,57.79
2020-07-27,PHU CAT,13.767,109.217,2.48,29.06,30.59,27.98,25.63,29.05,81.93,20.66,100.24,5.35,173.1,25.13,38.02,0.63,0.64,51.3
2020-07-28,PHU CAT,13.767,109.217,1.61,29.44,31.35,28.42,26.02,29.41,82.11,21.15,100.23,4.76,170.7,24.4,37.7,0.61,0.63,57.57
2020-07-29,PHU CAT,13.767,109.217,0.86,29.55,31.33,28.14,25.85,29.57,80.69,20.95,100.17,2.93,195.2,23.02,37.53,0.61,0.63,81.03
2020-07-30,PHU CAT,13.767,109.217,16.06,29.17,30.66,28.06,25.44,29.38,80.47,20.48,100.0,3.05,347.7,21.84,37.67,0.67,0.64,91.46
2020-07-31,PHU CAT,13.767,109.217,25.04,28.09,29.48,27.2,25.29,28.94,84.76,20.34,99.68,4.42,226.6,7.55,37.01,0.78,0.67,99.54
2020-08-01,PHU CAT,13.767,109.217,10.77,28.33,29.96,27.33,24.95,28.8,81.96,19.94,99.69,8.58,210.2,9.64,37.23,0.76,0.7,99.55
2020-08-02,PHU CAT,13.767,109.217,8.21,28.75,30.59,27.43,25.23,29.01,81.43,20.23,99.9,6.4,198.7,18.64,37.92,0.75,0.71,95.83
2020-08-03,PHU CAT,13.767,109.217,1.65,28.93,31.15,27.37,25.07,29.21,79.96,20.03,99.97,5.66,204.0,17.63,38.19,0.72,0.71,99.27
2020-08-04,PHU CAT,13.767,109.217,3.14,29.7,32.02,27.87,25.56,29.66,78.72,20.62,100.02,3.8,218.2,21.05,37.52,0.7,0.7,90.63
2020-08-05,PHU CAT,13.767,109.217,5.56,28.6,29.4,27.86,25.28,29.18,82.27,20.23,100.22,2.11,191.9,22.25,37.73,0.74,0.7,93.98
2020-08-06,PHU CAT,13.767,109.217,10.03,28.17,29.4,27.23,24.78,29.24,81.93,19.63,100.26,2.58,148.3,22.31,37.23,0.77,0.71,85.61
2020-08-07,PHU CAT,13.767,109.217,1.99,28.03,29.18,27.2,24.27,29.28,80.1,19.04,100.2,2.59,150.8,12.02,38.04,0.74,0.71,96.68
2020-08-08,PHU CAT,13.767,109.217,21.61,28.53,30.3,27.57,25.04,29.43,81.75,19.99,100.12,3.8,195.0,23.91,37.62,0.81,0.73,80.76
2020-08-09,PHU CAT,13.767,109.217,1.27,29.25,31.61,27.64,24.97,29.68,78.16,19.89,100.09,5.2,220.8,22.36,37.6,0.74,0.73,82.08
2020-08-10,PHU CAT,13.767,109.217,3.49,29.05,30.55,27.81,25.31,29.44,80.43,20.28,100.18,5.46,228.4,22.28,37.43,0.75,0.73,79.74
2020-08-11,PHU CAT,13.767,109.217,6.27,29.49,31.37,28.13,26.03,29.58,81.89,21.17,100.24,4.3,201.2,23.61,37.53,0.77,0.73,83.55
2020-08-12,PHU CAT,13.767,109.217,26.93,28.83,30.24,27.38,25.97,29.28,84.61,21.05,100.42,4.21,185.7,20.9,37.39,0.84,0.74,97.68
2020-08-13,PHU CAT,13.767,109.217,30.44,27.65,28.44,26.98,25.31,28.89,87.06,20.22,100.47,4.35,173.6,11.0,36.89,0.89,0.8,97.22
2020-08-14,PHU CAT,13.767,109.217,2.45,28.1,29.26,27.34,24.46,28.96,80.7,19.22,100.43,4.27,182.1,22.58,36.61,0.82,0.8,87.58
2020-08-15,PHU CAT,13.767,109.217,1.08,28.94,30.55,28.01,25.0,29.46,79.56,19.89,100.34,4.05,170.4,25.5,37.05,0.8,0.79,58.46
2020-08-16,PHU CAT,13.767,109.217,2.16,29.16,30.97,27.88,25.47,29.46,80.8,20.48,100.22,4.78,175.7,25.19,37.23,0.8,0.79,59.35
2020-08-17,PHU CAT,13.767,109.217,1.32,29.43,30.97,28.17,25.02,29.53,77.34,19.93,100.17,2.26,193.6,23.52,37.51,0.79,0.78,74.31
2020-08-18,PHU CAT,13.767,109.217,6.84,28.75,29.74,27.73,25.45,29.37,82.42,20.46,100.15,2.83,225.8,21.97,37.48,0.82,0.79,84.51
2020-08-19,PHU CAT,13.767,109.217,26.58,28.21,29.34,27.24,24.49,29.08,80.25,19.29,100.18,4.13,231.4,15.86,37.51,0.88,0.81,98.04
2020-08-20,PHU CAT,13.767,109.217,39.02,27.63,28.61,27.06,23.86,29.12,79.92,18.54,100.34,2.38,292.4,6.55,36.87,0.92,0.84,99.12
2020-08-21,PHU CAT,13.767,109.217,18.48,28.21,29.51,27.64,24.43,29.25,80.2,19.21,100.41,2.3,238.6,19.51,37.35,0.89,0.87,91.02
2020-08-22,PHU CAT,13.767,109.217,16.76,29.25,31.17,28.16,24.97,29.6,78.18,19.86,100.4,3.36,183.6,22.72,37.25,0.89,0.88,68.41
2020-08-23,PHU CAT,13.767,109.217,4.69,29.22,30.79,28.16,25.58,29.48,80.91,20.56,100.44,4.66,197.0,24.22,36.99,0.87,0.89,67.16
2020-08-24,PHU CAT,13.767,109.217,3.91,29.05,31.15,27.27,25.56,29.46,81.83,20.57,100.38,3.89,211.3,24.56,37.04,0.87,0.88,64.52
2020-08-25,PHU CAT,13.767,109.217,1.47,29.66,32.16,27.96,25.56,29.88,79.21,20.61,100.22,5.13,206.3,21.22,37.7,0.85,0.88,77.75
2020-08-26,PHU CAT,13.767,109.217,9.29,30.19,32.81,28.37,26.32,30.09,80.14,21.58,100.05,4.4,227.0,25.15,37.36,0.87,0.87,59.08
2020-08-27,PHU CAT,13.767,109.217,8.17,29.56,31.63,27.87,25.91,29.72,80.94,21.06,99.99,4.62,238.1,21.48,37.27,0.88,0.88,96.93
2020-08-28,PHU CAT,13.767,109.217,5.45,29.33,31.33,27.54,25.59,29.46,80.51,20.66,100.01,4.4,226.1,22.19,37.41,0.87,0.88,87.07
2020-08-29,PHU CAT,13.767,109.217,2.52,29.37,30.94,27.85,25.3,29.53,78.91,20.29,100.06,2.94,239.6,24.94,37.37,0.86,0.88,33.82
2020-08-30,PHU CAT,13.767,109.217,6.45,29.21,31.23,27.58,25.4,29.65,80.25,20.4,100.13,2.06,261.4,24.06,37.91,0.87,0.88,64.57
2020-08-31,PHU CAT,13.767,109.217,3.02,29.27,30.9,28.27,25.1,29.65,78.39,20.01,100.24,2.25,4.2,24.43,37.68,0.86,0.88,59.64
2020-09-01,PHU CAT,13.767,109.217,18.37,29.34,31.02,28.3,25.0,29.83,77.76,19.9,100.27,2.89,102.3,23.67,37.58,0.89,0.88,66.26
2020-09-02,PHU CAT,13.767,109.217,5.09,29.57,30.74,28.3,25.11,29.89,77.13,20.01,100.33,2.11,87.4,22.85,37.62,0.89,0.9,74.51
2020-09-03,PHU CAT,13.767,109.217,1.94,29.5,31.17,28.68,25.51,30.0,79.4,20.49,100.41,3.07,132.9,21.8,37.66,0.87,0.89,84.98
2020-09-04,PHU CAT,13.767,109.217,1.67,29.44,30.37,28.74,26.2,29.75,82.79,21.37,100.31,5.25,172.2,23.33,37.48,0.86,0.88,84.76
2020-09-05,PHU CAT,13.767,109.217,1.94,29.61,31.02,28.68,25.85,29.76,80.39,20.94,100.22,4.47,189.3,23.74,37.41,0.86,0.88,49.7
2020-09-06,PHU CAT,13.767,109.217,3.99,29.97,31.71,28.72,25.42,29.95,76.9,20.42,100.21,3.33,219.2,24.44,37.41,0.87,0.88,57.19
2020-09-07,PHU CAT,13.767,109.217,2.17,29.75,31.36,28.55,25.95,29.86,80.24,21.04,100.33,3.74,224.8,23.8,37.3,0.86,0.88,71.0
2020-09-08,PHU CAT,13.767,109.217,3.07,29.31,30.39,28.54,26.11,29.72,82.95,21.2,100.52,4.55,167.2,23.56,36.92,0.86,0.88,74.12
2020-09-09,PHU CAT,13.767,109.217,6.44,28.87,29.99,27.8,25.21,29.68,80.77,20.12,100.42,4.11,159.6,20.4,36.91,0.87,0.88,83.49
2020-09-10,PHU CAT,13.767,109.217,3.41,28.88,29.92,28.04,25.05,29.85,79.97,19.97,100.27,4.17,158.1,24.14,37.8,0.86,0.88,39.37
2020-09-11,PHU CAT,13.767,109.217,2.84,29.34,30.52,28.55,25.21,29.95,78.57,20.12,100.4,4.8,159.4,24.71,37.6,0.86,0.87,35.38
2020-09-12,PHU CAT,13.767,109.217,3.14,29.42,30.68,28.48,25.28,29.9,78.5,20.17,100.53,4.09,145.5,24.38,36.78,0.86,0.87,14.46
2020-09-13,PHU CAT,13.767,109.217,2.0,28.94,29.76,28.35,24.94,29.82,79.02,19.76,100.53,3.24,131.2,24.29,36.91,0.85,0.87,60.33
2020-09-14,PHU CAT,13.767,109.217,1.79,28.95,29.83,27.88,24.42,29.85,76.67,19.17,100.43,2.44,155.2,22.63,37.51,0.86,0.87,68.67
2020-09-15,PHU CAT,13.767,109.217,0.88,29.42,30.84,28.39,25.0,30.19,77.34,19.88,100.32,2.8,151.3,23.34,37.16,0.84,0.86,77.5
2020-09-16,PHU CAT,13.767,109.217,8.6,29.11,30.53,27.9,24.94,29.77,78.34,19.82,100.17,1.69,260.4,15.35,37.91,0.86,0.86,95.89
2020-09-17,PHU CAT,13.767,109.217,38.7,28.36,29.46,27.2,25.26,29.26,83.36,20.31,99.7,7.1,253.6,6.51,36.77,0.92,0.88,99.05
2020-09-18,PHU CAT,13.767,109.217,27.28,28.79,30.71,27.4,25.01,29.25,80.2,20.01,99.87,7.45,190.5,15.47,37.22,0.92,0.91,98.9
2020-09-19,PHU CAT,13.767,109.217,28.23,28.7,29.6,27.76,25.39,29.31,82.32,20.33,100.44,5.32,176.2,11.32,37.02,0.94,0.93,98.5
2020-09-20,PHU CAT,13.767,109.217,15.02,28.88,30.01,28.08,24.45,29.35,77.2,19.19,100.56,2.56,166.3,15.81,37.53,0.93,0.95,91.38
2020-09-21,PHU CAT,13.767,109.217,3.16,28.95,29.69,28.49,24.71,29.75,77.89,19.5,100.48,1.73,92.4,23.33,37.03,0.91,0.94,29.21
2020-09-22,PHU CAT,13.767,109.217,1.5,29.03,30.04,28.17,24.66,29.87,77.33,19.45,100.46,2.4,101.7,24.33,36.24,0.9,0.93,12.27
2020-09-23,PHU CAT,13.767,109.217,1.43,29.14,30.48,28.19,24.69,29.92,77.24,19.51,100.5,3.24,133.1,24.42,37.17,0.9,0.92,55.71
2020-09-24,PHU CAT,13.767,109.217,3.51,28.94,29.95,28.14,25.25,29.81,80.55,20.14,100.52,3.01,142.1,22.49,37.14,0.9,0.92,77.98
2020-09-25,PHU CAT,13.767,109.217,6.6,29.48,31.02,28.33,24.4,29.7,74.4,19.17,100.38,2.66,207.8,22.56,37.45,0.9,0.92,62.52
2020-09-26,PHU CAT,13.767,109.217,5.73,28.83,29.97,27.61,24.42,29.48,77.19,19.18,100.35,1.64,63.0,10.87,37.51,0.9,0.92,94.21
2020-09-27,PHU CAT,13.767,109.217,10.87,28.03,28.39,27.67,25.19,29.36,84.52,20.1,100.34,3.2,121.1,13.06,37.7,0.92,0.93,91.04
2020-09-28,PHU CAT,13.767,109.217,18.63,28.5,29.01,27.59,25.77,29.13,85.14,20.8,100.37,4.83,159.5,21.12,36.9,0.93,0.94,85.7
2020-09-29,PHU CAT,13.767,109.217,8.56,28.5,29.83,27.61,24.92,28.95,80.99,19.78,100.29,3.96,228.0,18.53,36.99,0.92,0.95,96.55
2020-09-30,PHU CAT,13.767,109.217,9.72,28.92,30.63,27.87,25.24,29.5,80.69,20.2,100.15,4.02,328.4,21.21,37.58,0.92,0.94,75.83
2020-10-01,PHU CAT,13.767,109.217,7.91,29.11,29.88,28.55,25.46,29.66,80.74,20.46,100.19,2.65,123.4,20.28,37.38,0.92,0.95,82.36
2020-10-02,PHU CAT,13.767,109.217,7.57,28.87,29.54,28.36,25.49,29.53,81.97,20.46,100.33,2.76,127.7,21.16,37.28,0.92,0.95,80.5
2020-10-03,PHU CAT,13.767,109.217,6.04,28.53,29.41,27.74,25.0,29.4,81.2,19.84,100.47,2.03,110.9,21.45,37.03,0.92,0.95,81.95
2020-10-04,PHU CAT,13.767,109.217,11.41,27.96,28.56,27.64,25.11,29.2,84.49,19.99,100.41,2.49,34.6,10.48,37.76,0.93,0.95,97.82
2020-10-05,PHU CAT,13.767,109.217,16.95,28.66,29.1,28.25,25.84,29.11,84.68,20.91,100.3,6.19,355.9,10.76,37.65,0.94,0.96,99.19
2020-10-06,PHU CAT,13.767,109.217,17.76,28.82,29.46,27.87,25.95,29.01,84.44,21.07,100.22,6.66,58.8,11.57,37.52,0.95,0.97,98.83
2020-10-07,PHU CAT,13.767,109.217,39.27,28.37,28.76,27.89,25.63,28.91,85.08,20.68,100.1,6.28,108.9,9.0,37.4,0.97,0.98,99.58
2020-10-08,PHU CAT,13.767,109.217,15.49,27.91,28.61,27.39,25.61,28.67,87.23,20.6,100.34,3.85,99.9,10.17,37.24,0.96,0.98,99.72
2020-10-09,PHU CAT,13.767,109.217,68.31,27.36,27.76,27.16,24.61,28.52,84.96,19.42,100.35,2.62,59.7,12.92,37.02,0.98,0.98,99.48
2020-10-10,PHU CAT,13.767,109.217,30.22,27.73,28.19,27.31,26.0,28.49,90.25,21.16,100.04,4.45,355.0,9.88,37.05,0.98,0.99,99.42
2020-10-11,PHU CAT,13.767,109.217,12.09,27.61,28.76,26.92,24.43,28.47,82.84,19.27,99.94,3.61,173.6,13.98,36.93,0.97,0.99,95.15
2020-10-12,PHU CAT,13.767,109.217,67.15,27.45,27.85,27.06,24.65,28.43,84.7,19.54,99.96,1.58,81.5,20.07,37.35,0.98,0.99,90.44
2020-10-13,PHU CAT,13.767,109.217,39.15,27.78,29.07,26.53,24.53,28.49,82.63,19.37,100.04,2.3,157.1,16.08,37.09,0.99,0.99,99.42
2020-10-14,PHU CAT,13.767,109.217,10.35,27.76,28.27,26.9,24.53,28.43,82.58,19.35,100.18,2.46,136.6,12.62,37.19,0.98,0.99,99.53
2020-10-15,PHU CAT,13.767,109.217,19.95,27.63,28.05,27.09,25.43,28.31,87.77,20.43,100.17,3.95,74.4,15.78,37.23,0.98,0.99,98.41
2020-10-16,PHU CAT,13.767,109.217,23.35,27.29,28.15,26.63,24.77,28.31,86.12,19.65,100.04,3.3,337.5,15.65,36.93,0.98,0.99,99.28
2020-10-17,PHU CAT,13.767,109.217,16.85,27.86,29.3,26.87,24.91,28.15,83.97,19.81,100.14,4.72,194.2,13.47,36.6,0.97,0.99,99.62
2020-10-18,PHU CAT,13.767,109.217,15.51,27.51,28.07,27.14,24.71,28.13,84.75,19.52,100.4,3.48,158.3,14.78,36.78,0.97,0.99,98.95
2020-10-19,PHU CAT,13.767,109.217,5.58,27.55,28.99,27.02,24.95,28.11,85.77,19.79,100.42,2.45,10.8,20.47,36.63,0.97,0.99,82.51
2020-10-20,PHU CAT,13.767,109.217,26.17,27.74,28.13,27.25,25.27,28.1,86.37,20.16,100.46,5.66,29.2,12.74,37.5,0.98,1.0,97.26
2020-10-21,PHU CAT,13.767,109.217,2.19,26.84,28.05,25.63,23.57,27.5,82.28,18.2,100.49,9.38,4.0,12.58,36.25,0.96,0.99,99.51
2020-10-22,PHU CAT,13.767,109.217,0.31,25.85,27.11,24.3,22.11,27.07,79.89,16.64,100.54,8.45,346.6,17.11,35.02,0.95,0.99,97.9
2020-10-23,PHU CAT,13.767,109.217,0.02,26.23,27.47,25.0,21.85,27.17,76.86,16.36,100.6,7.46,349.6,16.85,35.15,0.94,0.98,99.29
2020-10-24,PHU CAT,13.767,109.217,0.01,26.33,27.51,25.33,21.86,27.1,76.43,16.37,100.57,5.08,348.7,18.32,36.0,0.93,0.97,86.57
2020-10-25,PHU CAT,13.767,109.217,0.88,26.71,27.47,25.97,22.75,27.39,78.85,17.29,100.56,3.33,102.7,17.26,37.03,0.93,0.97,61.73
2020-10-26,PHU CAT,13.767,109.217,9.87,26.76,27.7,26.06,24.06,27.33,85.31,18.77,100.43,5.83,352.2,16.35,36.42,0.94,0.97,98.12
2020-10-27,PHU CAT,13.767,109.217,43.21,26.15,26.9,25.24,23.91,26.84,87.41,18.78,99.42,14.97,315.8,5.76,35.93,0.96,0.98,99.6
2020-10-28,PHU CAT,13.767,109.217,128.43,26.99,28.15,26.14,23.68,26.74,82.3,18.49,99.65,10.86,202.6,8.05,36.26,0.96,0.99,81.75
2020-10-29,PHU CAT,13.767,109.217,20.35,26.68,27.67,26.3,24.22,26.88,86.33,18.89,100.68,3.76,133.7,14.61,36.97,0.96,0.99,84.62
2020-10-30,PHU CAT,13.767,109.217,17.4,26.54,27.04,26.13,24.59,27.02,89.02,19.3,100.77,5.09,32.4,19.67,36.36,0.96,0.99,38.35
2020-10-31,PHU CAT,13.767,109.217,17.15,26.41,27.21,25.78,24.41,26.78,88.65,19.08,100.78,7.25,34.3,14.06,37.5,0.96,1.0,95.9
2020-11-01,PHU CAT,13.767,109.217,14.1,26.05,26.81,25.23,23.14,26.58,83.92,17.67,100.76,7.43,29.3,13.27,36.23,0.96,0.99,93.61
2020-11-02,PHU CAT,13.767,109.217,3.93,25.98,26.61,25.56,22.58,26.28,81.52,17.06,100.83,7.65,7.3,18.48,35.36,0.95,0.99,84.35
2020-11-03,PHU CAT,13.767,109.217,6.44,25.98,26.54,25.7,23.2,26.24,84.57,17.72,100.8,8.69,1.0,11.19,36.32,0.95,0.99,99.49
2020-11-04,PHU CAT,13.767,109.217,7.05,25.83,26.79,25.2,23.09,26.26,84.86,17.63,100.7,9.51,344.4,13.21,35.89,0.94,0.98,97.12
2020-11-05,PHU CAT,13.767,109.217,12.42,26.01,26.44,25.44,24.34,26.28,90.47,19.08,100.38,11.22,339.9,15.2,36.63,0.95,0.98,87.97
2020-11-06,PHU CAT,13.767,109.217,17.05,26.06,26.67,25.63,24.56,26.33,91.37,19.27,100.75,7.13,83.1,15.27,36.82,0.96,0.99,62.45
2020-11-07,PHU CAT,13.767,109.217,2.9,25.85,26.61,25.29,22.67,26.16,82.58,17.14,100.95,8.03,10.0,10.46,36.78,0.94,0.98,84.64
2020-11-08,PHU CAT,13.767,109.217,10.43,25.96,26.52,25.58,23.08,26.15,84.19,17.61,100.79,9.91,3.7,10.46,36.6,0.95,0.98,98.9
2020-11-09,PHU CAT,13.767,109.217,92.04,25.56,26.33,24.95,23.66,26.04,89.17,18.31,100.39,12.49,6.1,4.25,36.22,0.98,0.99,99.1
2020-11-10,PHU CAT,13.767,109.217,33.88,26.29,26.55,25.98,24.97,26.25,92.36,19.81,100.45,10.85,54.5,4.18,36.29,0.98,1.0,87.75
2020-11-11,PHU CAT,13.767,109.217,14.6,26.24,26.85,25.83,24.62,26.4,90.71,19.32,100.84,7.14,52.6,14.36,36.31,0.97,1.0,56.95
2020-11-12,PHU CAT,13.767,109.217,2.48,25.5,26.51,24.45,22.39,25.91,82.87,16.88,100.87,9.55,10.2,10.6,36.42,0.96,0.99,98.35
2020-11-13,PHU CAT,13.767,109.217,2.89,24.59,25.77,23.68,21.25,25.53,81.73,15.78,100.59,10.0,330.9,9.39,35.9,0.95,0.99,98.57
2020-11-14,PHU CAT,13.767,109.217,1.1,25.81,27.21,24.17,23.34,25.95,86.31,17.98,100.38,6.53,213.0,8.05,35.93,0.94,0.98,99.41
2020-11-15,PHU CAT,13.767,109.217,3.19,26.14,27.15,25.48,24.62,26.36,91.32,19.32,100.81,4.05,90.1,14.37,36.39,0.94,0.98,63.55
2020-11-16,PHU CAT,13.767,109.217,2.51,25.79,26.48,25.2,24.24,26.03,91.06,18.89,100.8,5.14,28.3,14.85,36.67,0.94,0.98,60.38
2020-11-17,PHU CAT,13.767,109.217,0.48,25.59,26.49,24.93,24.09,26.0,91.4,18.74,100.69,5.08,9.2,12.0,36.14,0.93,0.97,46.07
2020-11-18,PHU CAT,13.767,109.217,0.1,25.64,26.64,24.88,24.01,26.13,90.71,18.66,100.64,4.0,17.9,17.88,35.13,0.93,0.97,21.78
2020-11-19,PHU CAT,13.767,109.217,0.03,25.49,26.4,24.83,23.62,26.09,89.34,18.22,100.63,3.22,29.0,19.49,35.17,0.92,0.96,13.61
2020-11-20,PHU CAT,13.767,109.217,0.1,25.64,26.59,25.0,23.56,26.19,88.27,18.14,100.7,3.82,20.6,18.69,35.27,0.92,0.96,17.48
2020-11-21,PHU CAT,13.767,109.217,0.13,25.88,26.95,25.08,23.48,26.43,86.64,18.04,100.79,3.97,30.3,17.27,35.57,0.91,0.95,45.11
2020-11-22,PHU CAT,13.767,109.217,0.22,26.13,26.81,25.65,23.02,26.33,82.91,17.5,100.92,5.97,15.4,17.55,35.78,0.91,0.94,42.76
2020-11-23,PHU CAT,13.767,109.217,0.66,25.98,26.77,25.57,23.51,26.22,86.21,18.04,100.92,6.36,20.0,16.49,35.25,0.9,0.94,28.72
2020-11-24,PHU CAT,13.767,109.217,0.65,26.07,26.72,25.53,23.53,26.25,85.82,18.06,100.91,6.71,29.8,14.25,35.72,0.9,0.93,52.91
2020-11-25,PHU CAT,13.767,109.217,0.67,25.91,26.77,25.14,23.32,26.11,85.64,17.84,100.9,6.33,24.7,15.63,35.43,0.9,0.93,82.89
2020-11-26,PHU CAT,13.767,109.217,1.42,26.06,26.82,25.62,23.48,26.2,85.62,18.0,100.97,7.56,27.0,16.92,35.4,0.89,0.92,59.68
2020-11-27,PHU CAT,13.767,109.217,8.39,25.82,26.62,25.31,23.35,26.07,86.24,17.86,100.97,8.86,22.4,14.42,36.38,0.89,0.92,78.96
2020-11-28,PHU CAT,13.767,109.217,24.27,25.54,26.05,25.04,23.8,25.87,90.03,18.37,100.88,9.89,31.9,2.94,36.24,0.93,0.93,99.4
2020-11-29,PHU CAT,13.767,109.217,19.58,25.32,25.79,24.97,23.54,25.67,89.78,18.08,100.93,10.39,35.3,4.96,36.15,0.94,0.95,99.66
2020-11-30,PHU CAT,13.767,109.217,16.9,25.6,25.81,25.48,23.64,25.69,88.81,18.18,100.96,9.8,42.6,5.93,36.32,0.94,0.96,98.44
2020-12-01,PHU CAT,13.767,109.217,7.22,25.48,26.23,24.99,22.78,25.65,84.93,17.24,101.02,8.71,40.2,11.41,35.96,0.93,0.96,68.61
2020-12-02,PHU CAT,13.767,109.217,0.32,24.78,25.78,23.97,20.71,25.19,78.04,15.16,101.06,9.19,19.2,11.51,35.13,0.91,0.95,61.07
2020-12-03,PHU CAT,13.767,109.217,0.35,24.14,25.28,22.93,19.76,24.97,76.55,14.29,101.07,10.13,11.7,16.92,33.77,0.91,0.94,30.4
2020-12-04,PHU CAT,13.767,109.217,2.14,23.55,24.21,23.09,20.52,24.81,83.11,14.99,101.06,9.96,10.0,10.95,35.52,0.91,0.94,94.81
2020-12-05,PHU CAT,13.767,109.217,2.27,23.8,24.17,23.54,20.98,24.82,84.22,15.43,101.08,10.04,5.4,5.9,35.65,0.91,0.94,90.57
2020-12-06,PHU CAT,13.767,109.217,2.55,24.28,24.64,23.88,21.93,24.94,86.68,16.36,101.03,9.31,3.1,6.1,35.85,0.9,0.93,95.12
2020-12-07,PHU CAT,13.767,109.217,1.41,24.74,25.31,24.18,22.42,25.05,86.83,16.86,101.05,9.71,15.2,6.01,35.97,0.9,0.93,99.49
2020-12-08,PHU CAT,13.767,109.217,1.64,23.88,24.75,23.15,21.31,24.77,85.46,15.76,100.96,10.45,357.1,8.24,35.54,0.89,0.92,94.73
2020-12-09,PHU CAT,13.767,109.217,4.25,23.56,24.39,23.04,21.23,24.68,86.91,15.73,100.79,10.23,342.8,6.8,35.42,0.9,0.92,92.8
2020-12-10,PHU CAT,13.767,109.217,1.77,24.33,25.09,23.48,22.94,24.82,91.99,17.47,100.77,6.94,341.8,5.64,36.13,0.89,0.92,67.99
2020-12-11,PHU CAT,13.767,109.217,0.44,25.11,26.02,24.67,23.79,25.3,92.32,18.39,100.75,4.94,17.9,10.15,36.36,0.88,0.91,82.42
2020-12-12,PHU CAT,13.767,109.217,0.74,25.07,25.93,24.47,23.77,25.24,92.44,18.38,100.63,5.12,8.3,13.14,35.74,0.88,0.91,55.37
2020-12-13,PHU CAT,13.767,109.217,1.21,25.31,26.28,24.77,24.08,25.38,92.86,18.73,100.63,3.66,16.2,12.06,35.98,0.88,0.9,46.21
2020-12-14,PHU CAT,13.767,109.217,1.84,25.41,26.2,24.97,24.07,25.43,92.23,18.69,100.82,4.78,28.0,12.88,36.12,0.88,0.9,79.19
2020-12-15,PHU CAT,13.767,109.217,2.3,25.28,26.02,24.76,23.22,25.31,88.32,17.72,101.03,7.84,30.1,14.93,35.94,0.87,0.89,74.0
2020-12-16,PHU CAT,13.767,109.217,7.2,24.89,25.62,24.44,22.47,25.02,86.33,16.91,101.05,9.71,26.9,9.89,36.21,0.89,0.9,96.4
2020-12-17,PHU CAT,13.767,109.217,4.0,24.72,25.4,24.35,22.21,24.96,85.85,16.65,100.97,9.53,21.2,9.23,36.02,0.88,0.89,97.11
2020-12-18,PHU CAT,13.767,109.217,4.84,24.35,25.2,23.76,21.96,24.76,86.44,16.4,101.03,10.42,16.1,9.46,35.86,0.88,0.89,97.54
2020-12-19,PHU CAT,13.767,109.217,4.2,23.1,24.34,22.05,20.41,24.32,84.78,14.89,101.14,12.2,2.1,6.52,35.02,0.88,0.89,99.48
2020-12-20,PHU CAT,13.767,109.217,4.41,22.56,22.84,22.29,19.92,24.01,85.07,14.45,101.1,12.71,358.3,4.89,34.29,0.88,0.89,98.99
2020-12-21,PHU CAT,13.767,109.217,6.21,22.32,22.88,21.97,19.94,23.84,86.43,14.49,100.92,12.96,353.0,4.86,34.69,0.88,0.89,99.24
2020-12-22,PHU CAT,13.767,109.217,7.52,23.43,24.11,22.69,21.85,24.17,90.92,16.36,100.75,9.74,351.4,6.64,35.62,0.89,0.9,99.4
2020-12-23,PHU CAT,13.767,109.217,2.18,24.58,25.27,24.18,23.43,24.71,93.19,17.99,100.68,5.71,16.5,7.85,36.52,0.88,0.9,95.2
2020-12-24,PHU CAT,13.767,109.217,2.03,24.55,25.39,24.06,23.16,24.65,91.88,17.69,100.78,6.93,13.2,8.65,36.26,0.87,0.89,79.31
2020-12-25,PHU CAT,13.767,109.217,1.66,24.41,25.17,23.91,22.4,24.47,88.47,16.86,100.9,6.28,21.0,6.67,36.1,0.87,0.89,97.24
2020-12-26,PHU CAT,13.767,109.217,0.75,24.3,25.1,23.79,22.3,24.44,88.56,16.76,100.87,5.19,21.2,12.53,35.74,0.86,0.88,78.19
2020-12-27,PHU CAT,13.767,109.217,0.29,24.39,25.41,23.59,21.19,24.35,82.26,15.67,100.8,5.64,8.4,16.69,34.28,0.86,0.88,78.55
2020-12-28,PHU CAT,13.767,109.217,0.1,24.17,25.23,23.25,20.55,24.09,80.22,15.07,100.73,5.67,359.4,14.41,33.76,0.85,0.87,91.46
2020-12-29,PHU CAT,13.767,109.217,0.8,24.46,25.47,23.87,21.99,24.47,86.27,16.47,100.81,7.03,358.6,19.12,33.57,0.85,0.86,65.14
2020-12-30,PHU CAT,13.767,109.217,2.21,23.75,25.45,22.46,20.21,24.1,80.5,14.72,101.14,11.13,20.5,14.03,34.64,0.85,0.86,98.0
2020-12-31,PHU CAT,13.767,109.217,2.16,22.6,23.49,22.08,18.91,23.6,79.62,13.52,101.26,11.04,18.9,7.32,34.74,0.85,0.85,99.05
2021-01-01,PHU CAT,13.767,109.217,1.2,22.18,22.61,21.82,18.96,23.49,81.94,13.58,101.24,10.27,10.0,6.0,34.76,0.85,0.85,96.46
2021-01-02,PHU CAT,13.767,109.217,0.79,22.78,23.23,22.56,19.92,23.74,83.83,14.43,101.13,8.88,9.4,6.42,35.31,0.84,0.85,94.04
2021-01-03,PHU CAT,13.767,109.217,0.67,23.68,24.08,23.19,21.38,24.12,86.95,15.82,101.06,7.85,12.1,6.62,35.84,0.84,0.84,98.59
2021-01-04,PHU CAT,13.767,109.217,0.96,24.23,24.89,23.85,22.31,24.34,88.95,16.75,101.01,8.11,22.9,7.6,35.7,0.83,0.84,91.39
2021-01-05,PHU CAT,13.767,109.217,0.95,24.19,24.92,23.82,22.16,24.37,88.35,16.59,101.03,7.66,22.2,7.93,35.68,0.83,0.83,96.58
2021-01-06,PHU CAT,13.767,109.217,1.57,23.93,24.35,23.61,21.41,24.16,85.7,15.86,100.92,7.24,31.0,8.8,35.58,0.83,0.83,91.5
2021-01-07,PHU CAT,13.767,109.217,1.27,23.92,24.59,23.42,21.05,24.15,83.87,15.5,100.95,7.85,22.9,12.69,35.31,0.83,0.83,76.15
2021-01-08,PHU CAT,13.767,109.217,2.56,22.91,24.27,21.76,19.92,23.81,83.25,14.45,101.13,10.02,17.4,15.45,34.57,0.83,0.82,82.59
2021-01-09,PHU CAT,13.767,109.217,1.66,22.5,23.01,22.2,19.18,23.55,81.44,13.77,101.16,9.27,17.3,10.03,35.14,0.82,0.82,96.55
2021-01-10,PHU CAT,13.767,109.217,1.34,22.73,23.27,22.47,19.69,23.64,82.93,14.22,101.15,8.34,13.7,9.86,35.47,0.82,0.81,89.89
2021-01-11,PHU CAT,13.767,109.217,1.1,21.01,22.9,19.68,17.87,23.19,82.26,12.68,101.44,12.51,2.7,7.95,34.79,0.81,0.81,98.57
2021-01-12,PHU CAT,13.767,109.217,0.42,19.48,19.98,18.98,15.82,22.54,79.51,11.13,101.37,10.96,356.0,5.26,34.2,0.81,0.8,99.23
2021-01-13,PHU CAT,13.767,109.217,0.05,21.17,21.73,20.27,17.06,22.96,77.4,12.05,101.14,7.02,6.7,9.67,34.01,0.8,0.8,74.41
2021-01-14,PHU CAT,13.767,109.217,0.02,21.86,22.88,20.99,17.96,23.18,78.61,12.78,101.02,5.38,5.5,14.69,32.83,0.8,0.79,75.98
2021-01-15,PHU CAT,13.767,109.217,0.05,22.84,23.76,22.23,19.02,23.3,79.0,13.67,100.88,5.01,12.1,16.99,32.79,0.79,0.79,36.02
2021-01-16,PHU CAT,13.767,109.217,0.16,23.16,24.18,22.52,18.95,23.51,77.17,13.59,100.97,6.47,18.0,18.74,32.94,0.79,0.78,72.38
2021-01-17,PHU CAT,13.767,109.217,0.62,22.9,24.1,21.82,18.71,23.44,77.2,13.36,101.27,10.38,18.3,17.04,33.54,0.78,0.77,78.48
2021-01-18,PHU CAT,13.767,109.217,0.69,21.74,22.82,21.05,17.69,23.05,77.88,12.53,101.22,9.95,8.8,14.7,34.09,0.77,0.77,82.12
2021-01-19,PHU CAT,13.767,109.217,0.91,22.02,22.54,21.65,19.07,23.11,83.36,13.7,101.06,7.48,0.3,5.48,34.49,0.78,0.77,88.02
2021-01-20,PHU CAT,13.767,109.217,0.48,22.9,23.86,22.2,20.68,23.58,87.33,15.17,100.91,6.57,351.5,10.4,35.03,0.77,0.76,85.78
2021-01-21,PHU CAT,13.767,109.217,0.19,23.19,24.21,22.48,21.43,23.64,89.91,15.91,100.8,6.45,350.5,12.31,34.75,0.77,0.76,91.78
2021-01-22,PHU CAT,13.767,109.217,0.61,23.13,24.23,22.12,21.28,23.59,89.32,15.76,100.82,7.01,358.7,14.4,35.0,0.76,0.75,72.41
2021-01-23,PHU CAT,13.767,109.217,0.09,22.47,23.45,21.87,20.36,23.28,87.82,14.85,100.94,5.66,10.4,13.82,34.21,0.76,0.75,54.84
2021-01-24,PHU CAT,13.767,109.217,0.01,22.67,23.75,21.88,19.43,23.26,81.95,14.01,100.97,4.27,19.1,18.19,33.17,0.75,0.74,30.7
2021-01-25,PHU CAT,13.767,109.217,0.08,23.02,23.98,22.44,19.99,23.51,82.98,14.51,100.95,5.65,6.0,19.95,33.01,0.74,0.73,44.65
2021-01-26,PHU CAT,13.767,109.217,0.62,23.31,24.09,22.77,20.91,23.5,86.33,15.38,100.92,7.09,2.4,17.04,34.61,0.74,0.73,67.13
2021-01-27,PHU CAT,13.767,109.217,0.28,23.25,24.26,22.53,20.28,23.53,83.28,14.78,100.99,6.6,11.0,11.1,35.5,0.73,0.73,81.22
2021-01-28,PHU CAT,13.767,109.217,0.24,23.35,24.26,22.72,19.45,23.48,78.7,14.0,101.22,8.61,14.5,15.77,34.16,0.72,0.72,80.69
2021-01-29,PHU CAT,13.767,109.217,0.24,23.12,24.03,22.25,18.8,23.45,76.69,13.44,101.22,8.05,20.2,14.57,33.35,0.71,0.72,96.2
2021-01-30,PHU CAT,13.767,109.217,0.58,23.46,24.28,22.78,20.43,23.74,83.07,14.89,101.15,6.92,26.7,14.36,34.07,0.71,0.71,98.71
2021-01-31,PHU CAT,13.767,109.217,0.32,23.6,24.36,22.86,20.13,23.79,80.82,14.61,101.18,6.23,31.2,14.92,34.04,0.7,0.71,96.96
2021-02-01,PHU CAT,13.767,109.217,0.09,23.02,24.27,22.39,19.94,23.7,82.84,14.44,101.17,6.73,5.8,19.18,33.43,0.69,0.7,76.5
2021-02-02,PHU CAT,13.767,109.217,0.56,23.42,24.31,23.0,20.75,23.74,84.93,15.18,101.19,7.21,13.7,14.17,34.66,0.69,0.7,88.09
2021-02-03,PHU CAT,13.767,109.217,0.4,23.41,24.32,22.7,20.49,23.69,83.69,14.95,101.2,7.27,16.8,16.86,34.07,0.68,0.69,72.71
2021-02-04,PHU CAT,13.767,109.217,0.37,23.45,24.27,22.82,20.58,23.77,83.89,15.03,101.19,6.85,21.4,14.46,34.26,0.68,0.69,67.78
2021-02-05,PHU CAT,13.767,109.217,0.23,23.34,24.48,22.28,20.04,23.78,81.68,14.53,101.11,6.56,12.5,18.71,33.11,0.67,0.68,29.02
2021-02-06,PHU CAT,13.767,109.217,0.49,23.32,23.91,22.91,20.61,23.79,84.7,15.08,101.0,6.48,9.6,16.75,35.39,0.67,0.68,84.55
2021-02-07,PHU CAT,13.767,109.217,0.16,23.89,24.69,23.46,21.19,23.99,84.82,15.64,100.96,5.45,9.5,15.46,35.19,0.66,0.68,88.74
2021-02-08,PHU CAT,13.767,109.217,0.56,24.01,25.08,23.37,22.12,24.22,89.23,16.58,100.88,5.23,10.4,16.16,35.02,0.66,0.67,89.89
2021-02-09,PHU CAT,13.767,109.217,0.24,23.94,25.45,21.23,22.03,24.53,89.03,16.55,100.75,4.73,6.4,16.59,35.77,0.65,0.67,69.88
2021-02-10,PHU CAT,13.767,109.217,0.16,22.72,24.4,21.43,19.33,23.96,81.19,13.95,100.85,8.43,352.3,14.05,35.54,0.64,0.66,82.55
2021-02-11,PHU CAT,13.767,109.217,0.05,22.1,23.39,21.03,17.9,23.6,77.08,12.71,101.02,8.24,1.1,19.1,33.91,0.63,0.66,61.29
2021-02-12,PHU CAT,13.767,109.217,0.07,21.77,22.93,20.79,17.78,23.36,78.1,12.61,101.14,6.88,6.5,20.05,32.21,0.62,0.65,34.42
2021-02-13,PHU CAT,13.767,109.217,0.13,21.82,22.86,21.18,18.04,23.29,79.16,12.82,101.16,5.82,9.5,22.02,31.35,0.62,0.65,27.0
2021-02-14,PHU CAT,13.767,109.217,0.05,22.12,23.32,21.16,18.19,23.19,78.44,12.95,101.09,5.65,7.1,20.25,31.41,0.61,0.65,59.91
2021-02-15,PHU CAT,13.767,109.217,0.0,22.39,23.68,21.45,18.11,23.19,76.72,12.9,100.97,3.68,29.8,22.72,30.9,0.61,0.64,7.83
2021-02-16,PHU CAT,13.767,109.217,0.03,22.73,23.85,22.13,18.95,23.65,79.38,13.6,101.03,4.13,24.8,23.53,31.09,0.6,0.64,8.56
2021-02-17,PHU CAT,13.767,109.217,0.1,23.35,24.27,22.77,19.51,23.89,78.96,14.04,101.26,7.54,18.6,20.56,32.7,0.59,0.63,26.02
2021-02-18,PHU CAT,13.767,109.217,0.34,23.62,24.54,23.05,19.64,24.05,78.44,14.14,101.42,8.82,23.8,19.52,33.52,0.59,0.63,46.25
2021-02-19,PHU CAT,13.767,109.217,0.1,23.3,24.56,22.35,19.0,23.91,76.79,13.58,101.4,8.16,21.1,18.85,33.23,0.58,0.62,41.73
2021-02-20,PHU CAT,13.767,109.217,0.02,22.89,23.94,21.77,18.41,23.65,75.84,13.11,101.24,6.53,19.0,17.12,34.24,0.58,0.62,69.19
2021-02-21,PHU CAT,13.767,109.217,0.01,22.64,23.93,21.65,17.75,23.58,73.91,12.6,101.1,4.38,22.5,18.3,32.18,0.57,0.62,36.1
2021-02-22,PHU CAT,13.767,109.217,0.0,22.87,24.31,21.75,18.11,23.82,74.8,12.91,100.99,4.51,18.0,24.43,30.74,0.57,0.61,13.64
2021-02-23,PHU CAT,13.767,109.217,0.01,22.96,24.15,22.0,18.65,23.9,76.69,13.36,100.87,6.01,8.3,23.66,31.43,0.56,0.61,13.83
2021-02-24,PHU CAT,13.767,109.217,0.01,23.41,24.63,22.45,18.76,24.02,75.18,13.47,100.71,2.83,20.1,22.48,31.78,0.56,0.6,16.27
2021-02-25,PHU CAT,13.767,109.217,0.0,24.11,25.97,22.91,20.17,25.0,78.9,14.76,100.48,3.15,131.2,23.61,32.71,0.55,0.6,9.06
2021-02-26,PHU CAT,13.767,109.217,0.01,24.59,26.5,23.46,21.71,25.08,84.1,16.23,100.43,4.53,152.3,21.44,33.44,0.55,0.6,4.26
2021-02-27,PHU CAT,13.767,109.217,0.08,25.17,26.28,24.34,22.63,25.25,85.92,17.16,100.65,2.54,114.6,21.4,34.29,0.55,0.59,23.6
2021-02-28,PHU CAT,13.767,109.217,0.2,25.35,26.53,24.56,23.36,25.64,88.76,17.9,100.8,3.26,102.9,17.0,36.03,0.54,0.59,45.93
2021-03-01,PHU CAT,13.767,109.217,0.04,25.55,26.9,24.44,23.2,25.82,86.88,17.7,100.98,2.36,98.1,22.09,34.84,0.53,0.58,12.11
2021-03-02,PHU CAT,13.767,109.217,0.09,25.37,26.58,24.46,22.72,25.76,85.26,17.17,101.02,4.78,35.2,19.87,35.35,0.53,0.58,35.68
2021-03-03,PHU CAT,13.767,109.217,0.11,25.2,26.41,23.97,22.22,25.67,83.64,16.65,101.08,4.63,30.1,19.1,35.52,0.53,0.58,50.02
2021-03-04,PHU CAT,13.767,109.217,0.04,25.16,26.28,24.35,22.65,25.91,86.0,17.1,101.05,3.24,66.3,21.56,34.44,0.52,0.57,19.62
2021-03-05,PHU CAT,13.767,109.217,0.0,25.78,27.14,24.53,21.85,26.06,78.94,16.28,101.01,3.55,143.2,24.83,33.2,0.52,0.57,7.05
2021-03-06,PHU CAT,13.767,109.217,0.03,25.92,27.79,24.78,22.42,26.25,81.48,16.9,100.98,3.37,123.4,25.43,33.2,0.51,0.56,20.72
2021-03-07,PHU CAT,13.767,109.217,0.15,25.88,27.17,24.83,22.44,26.38,81.35,16.87,101.08,3.89,54.0,22.9,34.42,0.51,0.56,23.49
2021-03-08,PHU CAT,13.767,109.217,0.12,25.45,26.57,24.81,22.05,26.23,81.48,16.47,101.11,4.72,33.1,21.87,34.3,0.5,0.56,20.37
2021-03-09,PHU CAT,13.767,109.217,0.23,25.49,26.74,24.57,21.99,26.15,81.13,16.41,101.11,4.91,28.7,21.42,34.36,0.5,0.55,31.59
2021-03-10,PHU CAT,13.767,109.217,0.1,25.61,26.6,24.91,22.23,26.21,81.62,16.66,101.08,4.96,31.3,22.23,34.75,0.49,0.55,29.34
2021-03-11,PHU CAT,13.767,109.217,0.06,25.71,26.91,24.61,21.74,26.05,78.76,16.15,101.1,5.2,18.1,21.8,34.76,0.49,0.55,33.48
2021-03-12,PHU CAT,13.767,109.217,0.23,25.58,26.68,24.78,21.54,25.98,78.31,15.95,101.11,6.13,11.8,22.0,34.1,0.49,0.54,43.64
2021-03-13,PHU CAT,13.767,109.217,0.43,25.37,26.57,24.52,21.56,25.9,79.54,16.0,101.01,6.32,10.0,22.99,34.03,0.49,0.54,21.31
2021-03-14,PHU CAT,13.767,109.217,0.1,25.33,26.3,24.65,20.85,25.89,76.2,15.32,100.87,4.9,27.1,22.37,33.63,0.48,0.54,15.13
2021-03-15,PHU CAT,13.767,109.217,0.04,25.6,26.99,24.48,20.78,26.24,74.79,15.28,100.75,3.16,56.5,22.25,33.37,0.47,0.54,19.39
2021-03-16,PHU CAT,13.767,109.217,0.02,25.09,26.73,23.9,20.55,26.3,75.99,15.07,100.72,2.56,61.6,24.39,32.83,0.47,0.53,12.07
2021-03-17,PHU CAT,13.767,109.217,0.01,25.06,26.34,24.44,20.77,26.46,77.26,15.3,100.69,2.38,54.6,25.82,32.89,0.46,0.53,3.85
2021-03-18,PHU CAT,13.767,109.217,0.0,26.37,27.7,25.56,22.46,26.98,79.15,16.98,100.63,3.11,47.4,22.92,34.72,0.46,0.53,20.3
2021-03-19,PHU CAT,13.767,109.217,0.02,26.79,28.2,25.77,22.7,27.26,78.49,17.25,100.52,2.83,82.6,22.92,34.66,0.45,0.52,17.12
2021-03-20,PHU CAT,13.767,109.217,0.04,26.59,28.14,25.46,23.59,27.27,83.77,18.22,100.45,3.44,94.8,22.17,35.41,0.45,0.52,53.84
2021-03-21,PHU CAT,13.767,109.217,0.2,26.55,27.89,25.57,22.85,27.06,80.08,17.35,100.77,6.33,35.7,18.72,35.79,0.45,0.52,63.89
2021-03-22,PHU CAT,13.767,109.217,4.79,25.7,26.94,24.78,22.66,26.26,83.29,17.11,101.06,9.22,28.5,13.65,36.24,0.51,0.52,69.57
2021-03-23,PHU CAT,13.767,109.217,4.88,25.07,25.94,24.48,22.17,25.8,83.99,16.61,101.01,7.88,13.6,15.55,36.3,0.55,0.52,86.97
2021-03-24,PHU CAT,13.767,109.217,1.94,25.6,26.38,25.14,22.68,26.05,83.81,17.16,100.81,5.84,29.5,9.93,37.06,0.53,0.53,96.57
2021-03-25,PHU CAT,13.767,109.217,1.46,25.98,27.19,25.09,23.1,26.33,84.25,17.62,100.77,4.25,40.0,19.95,35.56,0.5,0.53,37.22
2021-03-26,PHU CAT,13.767,109.217,0.4,26.58,27.64,25.86,22.81,26.78,79.77,17.33,100.72,3.4,69.7,23.38,35.05,0.49,0.52,21.07
2021-03-27,PHU CAT,13.767,109.217,0.03,26.69,28.3,25.26,23.03,27.07,80.52,17.59,100.56,3.09,122.6,24.62,34.23,0.47,0.52,13.52
2021-03-28,PHU CAT,13.767,109.217,0.01,26.58,28.26,25.48,23.35,27.06,82.87,17.98,100.47,4.24,150.1,25.7,33.48,0.46,0.51,8.27
2021-03-29,PHU CAT,13.767,109.217,0.0,26.4,28.41,24.68,23.21,26.85,82.89,17.83,100.33,5.47,162.0,25.77,33.4,0.46,0.51,7.46
2021-03-30,PHU CAT,13.767,109.217,0.0,26.58,29.08,25.08,23.06,26.81,81.68,17.72,100.21,5.84,163.2,25.39,35.02,0.45,0.51,5.24
2021-03-31,PHU CAT,13.767,109.217,0.0,26.8,29.11,25.34,23.81,26.84,84.11,18.53,100.17,5.95,156.8,24.0,35.59,0.45,0.5,7.9
2021-04-01,PHU CAT,13.767,109.217,0.04,26.93,29.04,25.59,24.26,26.9,85.52,19.01,100.24,4.78,152.6,22.67,36.07,0.43,0.5,3.01
2021-04-02,PHU CAT,13.767,109.217,0.04,26.99,29.37,25.84,24.28,26.99,85.36,19.01,100.41,4.19,142.9,22.8,36.21,0.42,0.5,12.22
2021-04-03,PHU CAT,13.767,109.217,0.06,26.83,28.09,25.89,23.65,27.21,82.79,18.27,100.54,3.47,100.3,25.38,35.45,0.4,0.5,13.4
2021-04-04,PHU CAT,13.767,109.217,0.06,26.75,28.22,25.56,22.9,27.23,79.62,17.42,100.74,4.54,43.9,24.29,35.11,0.38,0.5,39.78
2021-04-05,PHU CAT,13.767,109.217,0.23,26.6,27.51,26.06,23.37,27.27,82.53,17.91,100.84,5.03,31.8,23.15,35.21,0.37,0.49,72.1
2021-04-06,PHU CAT,13.767,109.217,1.45,26.9,27.92,26.36,23.37,27.51,81.02,17.89,100.9,4.81,32.5,21.21,35.36,0.38,0.49,25.53
2021-04-07,PHU CAT,13.767,109.217,1.24,27.2,28.42,26.34,22.82,27.75,77.01,17.33,100.76,4.07,45.3,22.76,35.64,0.4,0.5,29.56
2021-04-08,PHU CAT,13.767,109.217,0.61,27.25,28.54,26.21,22.62,27.84,75.93,17.13,100.66,4.14,39.4,16.85,36.29,0.39,0.49,59.72
2021-04-09,PHU CAT,13.767,109.217,2.76,26.86,28.03,25.94,23.09,27.68,79.87,17.61,100.78,5.18,30.9,22.19,36.07,0.41,0.49,39.69
2021-04-10,PHU CAT,13.767,109.217,4.15,26.92,27.66,26.39,23.31,27.5,80.6,17.82,100.93,5.1,49.4,19.92,36.14,0.5,0.5,36.34
2021-04-11,PHU CAT,13.767,109.217,1.04,27.14,28.24,26.26,23.28,27.56,79.46,17.77,101.01,4.37,53.1,19.19,36.59,0.47,0.5,58.45
2021-04-12,PHU CAT,13.767,109.217,1.27,27.11,28.39,26.05,22.43,27.75,75.51,16.9,100.92,3.08,63.4,22.0,35.96,0.45,0.5,26.15
2021-04-13,PHU CAT,13.767,109.217,0.18,26.82,28.33,25.62,22.01,27.83,75.06,16.48,100.81,2.8,84.1,24.89,35.37,0.41,0.49,21.65
2021-04-14,PHU CAT,13.767,109.217,0.03,26.69,28.35,25.65,22.32,27.88,77.27,16.84,100.68,3.56,136.3,24.47,35.98,0.37,0.49,32.94
2021-04-15,PHU CAT,13.767,109.217,0.02,26.98,28.62,26.03,22.93,28.0,78.62,17.47,100.62,4.19,139.4,23.35,36.34,0.35,0.49,29.67
2021-04-16,PHU CAT,13.767,109.217,0.03,27.09,28.68,25.86,22.32,27.87,75.25,16.82,100.71,3.94,136.2,25.6,34.97,0.32,0.49,37.41
2021-04-17,PHU CAT,13.767,109.217,0.22,27.02,28.65,25.99,21.93,28.24,74.11,16.44,100.85,3.32,54.2,24.4,34.97,0.3,0.49,80.57
2021-04-18,PHU CAT,13.767,109.217,0.4,27.33,28.57,26.4,22.28,28.1,74.02,16.78,100.7,2.69,49.7,25.32,34.5,0.3,0.49,65.4
2021-04-19,PHU CAT,13.767,109.217,0.34,27.54,28.83,26.52,22.88,28.38,75.9,17.44,100.57,3.1,114.4,22.04,36.53,0.29,0.49,93.47
2021-04-20,PHU CAT,13.767,109.217,15.17,27.77,29.0,26.89,24.41,28.17,82.07,19.15,100.5,3.16,119.5,22.58,37.06,0.5,0.5,83.33
2021-04-21,PHU CAT,13.767,109.217,3.76,27.46,28.07,26.92,24.37,27.58,83.19,19.08,100.58,3.19,100.8,18.12,37.38,0.55,0.52,91.43
2021-04-22,PHU CAT,13.767,109.217,0.67,27.51,28.69,26.61,23.87,27.89,80.56,18.53,100.45,3.17,119.0,22.69,36.94,0.49,0.51,52.44
2021-04-23,PHU CAT,13.767,109.217,0.85,27.8,29.17,26.72,24.55,28.19,82.81,19.35,100.38,3.47,136.1,22.56,37.09,0.47,0.51,31.54
2021-04-24,PHU CAT,13.767,109.217,0.56,28.46,30.53,26.92,25.0,28.55,81.96,19.87,100.4,3.15,151.1,23.93,36.97,0.46,0.51,27.98
2021-04-25,PHU CAT,13.767,109.217,2.08,28.2,30.1,27.08,25.46,28.24,85.42,20.41,100.47,3.28,136.3,23.46,37.58,0.47,0.51,37.13
2021-04-26,PHU CAT,13.767,109.217,1.58,27.74,28.66,27.12,25.45,27.75,87.35,20.37,100.57,4.28,132.8,22.28,36.62,0.51,0.51,66.16
2021-04-27,PHU CAT,13.767,109.217,0.19,27.78,28.98,26.95,23.5,27.79,77.52,18.05,100.81,3.38,116.5,20.61,36.03,0.48,0.51,99.13
2021-04-28,PHU CAT,13.767,109.217,0.37,27.69,28.96,26.62,23.57,28.14,78.37,18.12,100.86,3.24,72.8,22.18,36.08,0.45,0.5,84.35
2021-04-29,PHU CAT,13.767,109.217,0.39,27.52,28.62,26.68,23.31,28.23,77.9,17.85,100.79,3.6,43.4,23.29,35.99,0.42,0.5,46.65
2021-04-30,PHU CAT,13.767,109.217,0.36,28.13,29.08,27.52,23.42,28.58,75.65,17.98,100.72,3.37,80.3,23.94,36.46,0.41,0.5,28.71
2021-05-01,PHU CAT,13.767,109.217,0.42,28.42,29.78,27.5,24.08,28.97,77.51,18.72,100.75,3.7,117.1,25.38,36.39,0.39,0.5,34.69
2021-05-02,PHU CAT,13.767,109.217,0.12,28.16,29.65,27.12,24.04,29.0,78.5,18.69,100.68,3.71,119.1,24.21,36.22,0.37,0.49,40.24
2021-05-03,PHU CAT,13.767,109.217,0.33,28.71,29.94,27.96,24.42,29.21,77.86,19.17,100.55,3.29,122.3,24.4,35.86,0.36,0.49,36.37
2021-05-04,PHU CAT,13.767,109.217,1.03,28.56,29.74,27.89,25.04,29.03,81.47,19.92,100.51,2.74,108.2,25.15,36.56,0.37,0.49,43.85
2021-05-05,PHU CAT,13.767,109.217,11.29,28.66,29.51,28.06,26.0,28.72,85.59,21.06,100.55,3.9,72.7,21.32,37.5,0.55,0.5,94.89
2021-05-06,PHU CAT,13.767,109.217,29.72,27.61,29.34,26.31,24.43,28.25,82.8,19.13,100.82,3.72,39.8,21.45,36.78,0.69,0.55,91.55
2021-05-07,PHU CAT,13.767,109.217,1.19,28.21,29.68,27.31,24.71,28.63,81.43,19.46,100.71,3.93,25.5,19.14,36.47,0.53,0.56,97.47
2021-05-08,PHU CAT,13.767,109.217,0.34,28.11,29.3,27.07,23.7,28.61,77.02,18.34,100.54,2.85,137.5,23.66,36.41,0.52,0.56,92.65
2021-05-09,PHU CAT,13.767,109.217,0.4,28.53,30.16,27.56,24.48,28.99,79.01,19.25,100.46,3.9,150.1,24.85,36.02,0.5,0.55,23.11
2021-05-10,PHU CAT,13.767,109.217,0.31,28.7,30.08,27.41,25.02,29.01,80.72,19.89,100.44,5.05,160.9,25.92,35.81,0.5,0.54,20.95
2021-05-11,PHU CAT,13.767,109.217,0.21,28.9,30.56,27.68,25.28,29.11,81.09,20.22,100.36,5.37,159.1,25.65,36.64,0.49,0.54,31.63
2021-05-12,PHU CAT,13.767,109.217,0.66,29.03,30.74,28.07,25.28,29.17,80.49,20.25,100.29,5.12,154.1,22.83,36.92,0.49,0.54,49.55
2021-05-13,PHU CAT,13.767,109.217,0.9,29.06,30.45,28.3,25.42,29.24,80.95,20.4,100.3,4.17,143.9,23.67,37.26,0.49,0.53,58.95
2021-05-14,PHU CAT,13.767,109.217,1.8,29.01,29.88,28.4,26.1,28.91,84.38,21.23,100.34,3.72,146.3,24.05,37.08,0.52,0.53,64.89
2021-05-15,PHU CAT,13.767,109.217,0.96,29.16,30.35,28.38,25.88,29.07,82.63,20.96,100.38,3.08,142.2,25.58,36.5,0.51,0.53,14.1
2021-05-16,PHU CAT,13.767,109.217,4.62,29.18,30.29,28.59,26.35,29.43,84.92,21.56,100.37,3.26,115.5,24.34,37.59,0.53,0.53,34.73
2021-05-17,PHU CAT,13.767,109.217,2.35,29.12,30.12,28.33,26.05,29.13,83.56,21.14,100.45,4.49,142.4,25.09,37.35,0.54,0.54,45.03
2021-05-18,PHU CAT,13.767,109.217,2.84,28.95,30.13,27.94,26.1,29.09,84.74,21.22,100.42,4.06,157.3,25.02,37.05,0.52,0.54,39.2
2021-05-19,PHU CAT,13.767,109.217,1.63,28.78,29.87,27.46,25.86,28.62,84.45,20.94,100.36,4.13,172.8,25.77,36.43,0.53,0.54,20.75
2021-05-20,PHU CAT,13.767,109.217,0.21,29.14,30.92,27.69,25.56,29.15,81.35,20.56,100.37,5.01,165.3,25.75,36.82,0.5,0.54,60.68
2021-05-21,PHU CAT,13.767,109.217,2.18,29.17,30.99,27.66,25.84,29.17,82.58,20.93,100.28,4.93,168.1,24.89,37.11,0.5,0.53,31.52
2021-05-22,PHU CAT,13.767,109.217,3.35,29.09,31.07,27.45,25.38,29.03,80.66,20.39,100.09,3.76,189.6,22.06,37.53,0.53,0.53,84.93
2021-05-23,PHU CAT,13.767,109.217,12.78,29.02,30.38,28.08,25.72,29.0,82.54,20.8,100.14,2.52,143.6,8.77,38.37,0.6,0.54,94.91
2021-05-24,PHU CAT,13.767,109.217,3.62,28.53,29.17,27.9,25.21,29.0,82.21,20.13,100.3,3.56,132.6,22.65,37.92,0.59,0.56,64.75
2021-05-25,PHU CAT,13.767,109.217,4.15,28.18,29.34,27.31,24.98,28.88,82.77,19.84,100.33,3.95,158.4,16.32,37.69,0.58,0.56,71.7
2021-05-26,PHU CAT,13.767,109.217,7.87,28.47,29.05,28.0,24.67,29.32,80.07,19.51,100.29,3.16,150.9,19.23,37.81,0.58,0.56,68.63
2021-05-27,PHU CAT,13.767,109.217,5.48,28.97,30.2,28.01,26.07,29.17,84.51,21.18,100.4,6.08,161.2,22.31,37.29,0.59,0.58,46.12
2021-05-28,PHU CAT,13.767,109.217,1.6,29.06,30.77,28.0,26.04,29.25,84.12,21.13,100.47,6.15,162.6,24.95,37.51,0.55,0.57,36.89
2021-05-29,PHU CAT,13.767,109.217,1.77,29.1,30.91,27.77,26.17,29.14,84.55,21.33,100.37,5.28,172.3,24.52,37.36,0.54,0.57,21.47
2021-05-30,PHU CAT,13.767,109.217,1.16,29.51,31.94,27.62,25.6,29.05,79.82,20.65,100.13,4.05,202.6,25.32,37.41,0.53,0.57,17.56
2021-05-31,PHU CAT,13.767,109.217,0.09,29.77,32.42,28.06,26.3,29.39,82.24,21.57,100.06,4.14,177.6,25.17,37.43,0.51,0.56,23.33
2021-06-01,PHU CAT,13.767,109.217,0.2,29.67,31.99,27.87,26.39,29.2,82.89,21.65,100.11,3.47,185.0,23.92,37.39,0.52,0.56,77.25
2021-06-02,PHU CAT,13.767,109.217,0.07,29.53,31.52,27.94,26.26,29.06,82.85,21.48,100.15,3.83,190.2,22.17,37.27,0.51,0.56,84.9
2021-06-03,PHU CAT,13.767,109.217,0.05,29.89,32.45,27.82,25.71,29.26,78.6,20.76,100.21,4.34,217.1,23.58,36.98,0.5,0.55,72.4
2021-06-04,PHU CAT,13.767,109.217,0.31,30.33,33.21,28.13,26.04,29.67,78.44,21.21,100.18,2.74,229.0,24.05,37.48,0.5,0.55,68.29
2021-06-05,PHU CAT,13.767,109.217,34.89,28.28,28.71,27.79,25.94,28.88,87.07,21.04,100.25,2.19,231.8,23.02,37.63,0.73,0.6,76.26
2021-06-06,PHU CAT,13.767,109.217,4.8,28.69,29.59,27.48,25.6,29.09,83.37,20.63,100.24,5.0,203.9,20.9,37.28,0.62,0.61,92.99
2021-06-07,PHU CAT,13.767,109.217,6.62,28.88,31.14,26.95,24.46,29.22,77.39,19.25,100.34,4.59,216.4,19.86,36.99,0.62,0.62,99.35
2021-06-08,PHU CAT,13.767,109.217,10.01,28.59,30.7,26.94,23.67,29.14,75.21,18.34,100.37,4.99,215.0,17.87,37.16,0.62,0.62,99.4
2021-06-09,PHU CAT,13.767,109.217,12.48,28.52,30.36,27.14,24.58,28.99,79.46,19.4,100.22,3.75,235.8,11.18,37.33,0.7,0.64,99.67
2021-06-10,PHU CAT,13.767,109.217,8.38,28.52,30.32,27.08,24.59,28.92,79.5,19.45,100.02,3.67,245.6,15.02,37.67,0.67,0.65,99.41
2021-06-11,PHU CAT,13.767,109.217,77.38,27.71,28.51,26.49,24.42,28.61,82.31,19.24,100.01,4.03,238.7,12.58,37.04,0.88,0.7,99.64
2021-06-12,PHU CAT,13.767,109.217,2.92,27.85,29.9,26.55,24.11,28.52,80.2,18.87,100.1,6.29,224.2,17.7,36.85,0.79,0.75,96.62
2021-06-13,PHU CAT,13.767,109.217,0.95,28.89,31.03,27.12,24.45,28.98,77.17,19.24,100.27,5.37,214.5,22.24,37.07,0.75,0.74,81.09
2021-06-14,PHU CAT,13.767,109.217,3.06,28.34,29.86,27.14,24.63,28.96,80.61,19.47,100.27,4.4,183.9,22.0,37.11,0.76,0.73,77.81
2021-06-15,PHU CAT,13.767,109.217,3.52,29.22,31.63,27.26,25.42,29.18,80.27,20.42,100.14,5.03,215.1,24.16,37.71,0.75,0.73,55.07
2021-06-16,PHU CAT,13.767,109.217,3.89,28.98,31.18,27.37,25.49,29.08,81.64,20.47,100.32,4.36,227.9,24.46,37.15,0.75,0.73,48.05
2021-06-17,PHU CAT,13.767,109.217,1.1,29.11,31.25,27.34,25.43,29.12,80.98,20.39,100.43,4.36,197.7,24.49,36.68,0.74,0.72,17.83
2021-06-18,PHU CAT,13.767,109.217,1.65,29.46,31.6,27.79,25.95,29.14,81.68,21.03,100.38,4.47,209.5,25.47,37.3,0.73,0.72,37.73
2021-06-19,PHU CAT,13.767,109.217,1.62,29.1,30.9,27.64,26.01,28.88,83.53,21.12,100.28,4.38,218.3,25.08,36.9,0.73,0.71,25.94
2021-06-20,PHU CAT,13.767,109.217,0.32,29.83,32.62,27.95,25.64,29.27,78.61,20.71,100.1,4.81,221.3,24.62,36.48,0.71,0.71,39.98
2021-06-21,PHU CAT,13.767,109.217,2.18,29.46,31.78,27.44,25.64,28.88,80.12,20.69,100.14,4.91,227.2,25.51,36.89,0.71,0.7,57.15
2021-06-22,PHU CAT,13.767,109.217,0.83,29.16,31.19,27.59,25.15,28.72,79.16,20.07,100.25,4.47,222.8,24.6,36.96,0.7,0.7,71.74
2021-06-23,PHU CAT,13.767,109.217,2.84,29.14,31.66,27.2,25.38,28.93,80.5,20.36,100.25,4.3,225.1,25.24,37.06,0.7,0.69,60.37
2021-06-24,PHU CAT,13.767,109.217,5.33,28.88,30.86,27.14,25.49,28.66,82.24,20.5,100.22,3.84,213.0,24.65,37.21,0.73,0.7,63.39
2021-06-25,PHU CAT,13.767,109.217,0.61,28.66,30.19,27.25,25.63,28.44,83.8,20.66,100.24,4.08,196.8,23.49,37.34,0.71,0.7,75.16
2021-06-26,PHU CAT,13.767,109.217,0.32,28.27,29.69,26.97,25.59,28.16,85.5,20.57,100.45,4.17,188.0,24.12,37.11,0.7,0.69,54.34
2021-06-27,PHU CAT,13.767,109.217,0.19,28.65,30.58,27.18,25.47,28.36,83.25,20.45,100.38,4.38,187.2,24.83,36.61,0.68,0.69,25.86
2021-06-28,PHU CAT,13.767,109.217,0.27,29.26,31.7,27.53,25.49,28.72,80.51,20.5,100.25,3.88,201.7,24.34,37.21,0.67,0.68,59.22
2021-06-29,PHU CAT,13.767,109.217,0.31,28.85,30.94,27.29,25.29,28.34,81.43,20.26,100.23,4.56,196.1,23.87,37.08,0.66,0.68,53.33
2021-06-30,PHU CAT,13.767,109.217,0.2,28.55,30.28,26.83,24.93,28.09,80.87,19.79,100.32,4.56,202.0,24.3,37.1,0.66,0.67,55.52
2021-07-01,PHU CAT,13.767,109.217,0.1,29.05,31.8,27.15,24.58,28.51,77.39,19.41,100.26,4.6,199.9,25.41,36.89,0.63,0.66,12.7
2021-07-02,PHU CAT,13.767,109.217,0.22,29.25,32.05,27.02,25.33,28.54,80.05,20.3,100.23,4.02,202.8,24.95,37.0,0.62,0.66,21.06
2021-07-03,PHU CAT,13.767,109.217,0.31,28.89,31.46,27.48,25.79,28.53,83.89,20.91,100.15,3.13,173.4,25.01,36.99,0.62,0.65,47.63
2021-07-04,PHU CAT,13.767,109.217,0.99,29.13,31.19,27.56,25.73,28.49,82.1,20.82,100.1,3.08,218.0,22.16,37.46,0.63,0.65,82.44
2021-07-05,PHU CAT,13.767,109.217,6.22,27.83,28.86,27.15,24.7,27.84,83.11,19.57,100.08,1.82,251.1,9.24,37.47,0.67,0.65,99.43
2021-07-06,PHU CAT,13.767,109.217,20.16,28.21,31.22,26.71,24.6,28.28,81.25,19.47,100.02,3.0,219.6,13.92,36.64,0.72,0.67,98.5
2021-07-07,PHU CAT,13.767,109.217,17.05,27.51,28.38,26.95,24.7,27.74,84.6,19.53,100.25,4.51,180.9,22.63,37.07,0.8,0.71,88.28
2021-07-08,PHU CAT,13.767,109.217,2.87,27.43,28.01,27.1,24.77,28.02,85.4,19.6,100.35,4.91,151.4,12.88,37.3,0.73,0.71,95.55
2021-07-09,PHU CAT,13.767,109.217,3.66,27.75,28.39,27.26,25.03,28.23,85.1,19.88,100.41,4.59,145.6,22.61,37.18,0.73,0.71,69.19
2021-07-10,PHU CAT,13.767,109.217,4.05,27.97,28.7,27.38,24.68,28.37,82.31,19.46,100.47,3.03,124.1,23.71,37.11,0.73,0.71,45.42
2021-07-11,PHU CAT,13.767,109.217,6.8,27.94,28.46,27.5,24.63,28.47,82.19,19.39,100.56,2.1,100.8,16.34,36.98,0.76,0.71,85.79
2021-07-12,PHU CAT,13.767,109.217,26.66,28.05,28.67,27.41,24.93,28.74,83.14,19.76,100.47,1.34,87.7,23.22,37.0,0.85,0.74,76.54
2021-07-13,PHU CAT,13.767,109.217,5.91,28.25,28.75,27.83,25.17,28.98,83.36,20.07,100.37,3.32,123.8,19.77,37.13,0.8,0.76,88.18
2021-07-14,PHU CAT,13.767,109.217,3.53,28.51,29.08,27.81,24.94,29.2,81.04,19.8,100.35,3.67,141.6,24.0,37.07,0.78,0.75,63.16
2021-07-15,PHU CAT,13.767,109.217,8.5,28.14,29.42,27.33,24.68,29.06,81.65,19.48,100.42,3.07,158.2,12.0,37.26,0.8,0.76,96.7
2021-07-16,PHU CAT,13.767,109.217,25.08,28.75,30.2,27.81,24.33,29.24,77.13,19.08,100.36,1.83,266.0,20.75,37.6,0.87,0.78,81.42
2021-07-17,PHU CAT,13.767,109.217,23.96,29.4,31.38,28.0,25.36,29.75,79.26,20.38,100.11,3.68,178.5,23.47,37.52,0.85,0.8,72.22
2021-07-18,PHU CAT,13.767,109.217,3.78,29.05,31.13,27.23,25.12,29.31,79.58,20.1,99.97,5.61,249.6,22.97,37.45,0.83,0.81,78.23
2021-07-19,PHU CAT,13.767,109.217,2.44,28.73,31.49,26.9,24.65,29.2,78.81,19.53,100.03,6.39,248.9,21.95,37.8,0.81,0.8,85.25
2021-07-20,PHU CAT,13.767,109.217,5.05,29.05,31.48,27.47,24.7,29.24,77.85,19.58,100.12,5.54,246.6,13.23,38.2,0.81,0.8,99.23
2021-07-21,PHU CAT,13.767,109.217,7.16,28.58,29.96,27.43,24.59,28.94,79.26,19.45,100.08,5.82,245.1,15.37,38.19,0.83,0.8,97.32
2021-07-22,PHU CAT,13.767,109.217,4.99,28.56,30.67,27.36,24.48,28.84,78.95,19.33,99.99,6.35,248.8,11.45,37.95,0.81,0.8,99.19
2021-07-23,PHU CAT,13.767,109.217,9.51,28.37,29.93,27.25,24.76,28.7,80.96,19.67,99.9,6.49,237.6,9.07,38.22,0.84,0.81,99.17
2021-07-24,PHU CAT,13.767,109.217,0.98,28.87,31.28,27.31,24.51,28.87,77.6,19.38,99.89,6.74,240.8,13.43,38.21,0.8,0.8,97.89
2021-07-25,PHU CAT,13.767,109.217,0.4,28.9,31.78,27.52,24.35,28.9,76.81,19.18,99.96,6.55,232.4,19.22,38.16,0.78,0.79,73.37
2021-07-26,PHU CAT,13.767,109.217,0.36,29.45,32.35,27.58,25.13,29.34,78.07,20.13,99.87,5.79,245.5,20.89,38.21,0.77,0.78,66.28
2021-07-27,PHU CAT,13.767,109.217,1.31,29.64,32.58,27.78,25.2,29.52,77.71,20.23,99.79,6.11,246.1,23.27,38.15,0.76,0.77,71.05
2021-07-28,PHU CAT,13.767,109.217,1.44,29.56,32.24,27.8,25.74,29.54,80.35,20.9,99.79,6.16,238.8,23.49,38.19,0.77,0.76,77.24
2021-07-29,PHU CAT,13.767,109.217,0.44,29.68,32.01,28.38,25.56,29.59,78.86,20.64,99.93,6.48,242.9,24.94,37.56,0.77,0.76,52.45
2021-07-30,PHU CAT,13.767,109.217,3.69,29.93,32.17,28.03,26.02,29.62,79.8,21.21,100.03,5.64,234.7,24.62,37.63,0.77,0.75,76.45
2021-07-31,PHU CAT,13.767,109.217,1.68,29.55,32.3,27.66,25.29,29.54,78.18,20.32,99.96,6.96,236.9,23.08,37.84,0.76,0.75,75.34
2021-08-01,PHU CAT,13.767,109.217,0.46,29.49,32.2,27.66,25.06,29.4,77.36,20.05,99.87,6.69,242.2,21.39,37.82,0.75,0.74,87.24
2021-08-02,PHU CAT,13.767,109.217,1.68,29.6,32.03,28.0,25.49,29.4,78.88,20.56,99.88,6.24,240.7,21.73,38.15,0.75,0.74,89.58
2021-08-03,PHU CAT,13.767,109.217,3.75,29.3,31.39,27.94,25.23,29.21,79.02,20.22,100.01,6.58,241.0,18.0,38.08,0.76,0.74,99.33
2021-08-04,PHU CAT,13.767,109.217,2.65,29.09,31.14,28.06,25.48,29.16,81.01,20.52,100.03,5.94,238.0,13.4,38.04,0.76,0.74,99.39
2021-08-05,PHU CAT,13.767,109.217,1.9,28.89,31.13,27.57,24.9,29.15,79.32,19.8,100.06,8.15,241.4,19.2,38.29,0.74,0.73,98.99
2021-08-06,PHU CAT,13.767,109.217,0.49,29.56,32.17,27.92,25.38,29.44,78.64,20.39,100.07,6.76,244.9,21.48,37.76,0.73,0.72,98.24
2021-08-07,PHU CAT,13.767,109.217,9.44,29.81,32.86,28.01,25.87,29.54,79.97,21.0,100.13,5.22,247.0,22.54,37.73,0.75,0.72,98.56
2021-08-08,PHU CAT,13.767,109.217,2.22,29.34,31.6,27.54,25.76,29.23,81.37,20.83,100.19,4.64,232.3,22.25,37.9,0.75,0.73,98.01
2021-08-09,PHU CAT,13.767,109.217,2.17,29.57,31.96,27.93,26.46,29.28,83.63,21.76,100.05,3.95,218.2,23.29,37.76,0.74,0.72,54.55
2021-08-10,PHU CAT,13.767,109.217,3.57,29.35,30.93,28.21,26.24,29.1,83.39,21.45,100.14,3.6,206.4,22.51,37.68,0.75,0.72,73.12
2021-08-11,PHU CAT,13.767,109.217,6.12,29.13,30.82,27.82,25.66,29.0,81.76,20.65,100.47,4.32,191.5,23.32,37.08,0.76,0.72,73.77
2021-08-12,PHU CAT,13.767,109.217,6.79,28.82,30.63,27.4,25.51,28.94,82.51,20.46,100.49,4.24,212.0,24.43,37.35,0.78,0.73,62.71
2021-08-13,PHU CAT,13.767,109.217,7.22,28.84,30.83,27.27,25.33,28.81,81.64,20.29,100.27,4.48,214.8,23.4,37.59,0.78,0.74,87.88
2021-08-14,PHU CAT,13.767,109.217,11.83,28.31,30.6,26.76,24.72,28.52,81.25,19.55,100.33,5.21,212.7,22.06,37.32,0.8,0.74,86.09
2021-08-15,PHU CAT,13.767,109.217,3.8,28.35,29.99,27.1,24.53,28.59,80.11,19.29,100.6,4.1,189.0,24.35,37.19,0.78,0.75,56.88
2021-08-16,PHU CAT,13.767,109.217,1.36,28.41,30.45,26.91,24.65,28.92,80.32,19.39,100.74,3.94,160.6,25.2,36.35,0.76,0.75,17.87
2021-08-17,PHU CAT,13.767,109.217,0.44,28.47,30.32,26.78,23.61,29.01,75.41,18.26,100.6,3.58,153.0,26.01,36.11,0.74,0.74,13.23
2021-08-18,PHU CAT,13.767,109.217,1.45,28.57,29.99,27.34,24.51,28.99,79.01,19.32,100.37,4.58,164.5,25.64,36.75,0.74,0.73,26.11
2021-08-19,PHU CAT,13.767,109.217,1.9,28.75,30.49,27.49,25.18,28.87,81.27,20.09,100.38,4.29,154.6,24.41,37.19,0.74,0.73,51.53
2021-08-20,PHU CAT,13.767,109.217,1.53,28.52,30.06,27.15,25.12,28.74,81.96,19.98,100.52,4.14,166.3,25.32,36.81,0.74,0.72,17.21
2021-08-21,PHU CAT,13.767,109.217,4.26,28.94,30.95,27.74,25.01,29.03,79.78,19.9,100.4,4.31,159.1,24.78,37.38,0.74,0.72,71.61
2021-08-22,PHU CAT,13.767,109.217,6.87,28.74,30.62,26.86,25.54,28.77,83.04,20.55,100.26,3.99,201.1,24.41,37.39,0.77,0.72,70.06
2021-08-23,PHU CAT,13.767,109.217,7.73,28.94,30.87,27.27,25.37,28.82,81.32,20.34,100.23,4.57,195.0,23.07,37.22,0.78,0.73,84.61
2021-08-24,PHU CAT,13.767,109.217,7.0,28.32,29.61,27.38,25.02,28.54,82.41,19.91,100.25,5.31,171.4,22.51,37.18,0.78,0.74,84.73
2021-08-25,PHU CAT,13.767,109.217,14.1,27.76,28.56,26.83,24.97,28.28,84.8,19.84,100.32,4.81,172.9,22.58,37.15,0.81,0.75,86.55
2021-08-26,PHU CAT,13.767,109.217,22.3,27.07,27.87,26.06,24.36,28.27,85.12,19.1,100.44,4.75,139.2,21.15,36.79,0.85,0.77,95.17
2021-08-27,PHU CAT,13.767,109.217,14.37,27.1,27.64,26.55,23.86,28.44,82.46,18.53,100.44,2.42,115.4,21.4,36.9,0.85,0.8,89.99
2021-08-28,PHU CAT,13.767,109.217,6.34,27.4,27.98,26.98,24.4,28.72,83.72,19.16,100.37,2.97,57.0,22.55,36.8,0.82,0.8,81.81
2021-08-29,PHU CAT,13.767,109.217,8.69,27.97,28.39,27.64,25.37,28.65,85.73,20.31,100.37,3.62,72.3,18.79,36.91,0.84,0.8,96.39
2021-08-30,PHU CAT,13.767,109.217,7.28,27.88,28.64,27.39,24.88,28.66,83.72,19.7,100.48,2.81,73.6,19.14,36.68,0.83,0.81,94.37
2021-08-31,PHU CAT,13.767,109.217,4.64,28.03,28.69,27.7,24.18,28.67,79.56,18.87,100.51,2.02,90.4,21.87,36.86,0.83,0.81,93.84
2021-09-01,PHU CAT,13.767,109.217,2.82,28.74,29.86,28.03,25.06,29.05,80.72,19.94,100.43,3.91,137.1,23.89,36.89,0.81,0.81,63.89
2021-09-02,PHU CAT,13.767,109.217,5.69,28.42,29.35,27.63,25.37,28.75,83.62,20.31,100.38,4.41,159.7,20.87,36.79,0.83,0.81,93.93
2021-09-03,PHU CAT,13.767,109.217,2.58,27.97,29.05,27.28,24.7,28.62,82.42,19.52,100.33,4.92,162.0,20.42,37.02,0.82,0.81,98.75
2021-09-04,PHU CAT,13.767,109.217,7.32,27.97,29.02,26.95,24.34,28.68,80.6,19.09,100.34,3.14,156.3,17.95,37.08,0.84,0.81,97.69
2021-09-05,PHU CAT,13.767,109.217,7.06,28.38,28.77,27.91,25.1,29.09,82.47,20.0,100.4,2.79,72.7,21.77,37.22,0.84,0.82,86.3
2021-09-06,PHU CAT,13.767,109.217,9.64,28.66,29.51,27.87,25.62,29.0,83.65,20.61,100.41,3.43,79.0,20.65,37.43,0.85,0.82,92.22
2021-09-07,PHU CAT,13.767,109.217,19.44,27.66,28.05,27.28,25.27,28.7,86.78,20.19,100.32,3.85,109.0,11.46,37.14,0.89,0.85,98.81
2021-09-08,PHU CAT,13.767,109.217,25.81,27.94,28.3,27.59,25.02,28.65,84.08,19.89,100.33,3.84,163.0,21.03,37.05,0.91,0.87,86.2
2021-09-09,PHU CAT,13.767,109.217,19.96,28.55,29.88,27.35,24.92,29.1,80.85,19.78,100.38,2.83,0.7,20.47,37.28,0.91,0.89,82.59
2021-09-10,PHU CAT,13.767,109.217,34.88,28.19,30.2,26.96,24.99,28.74,82.89,19.92,100.02,6.84,263.1,11.21,37.15,0.94,0.91,99.59
2021-09-11,PHU CAT,13.767,109.217,5.73,27.63,29.33,26.75,24.23,28.4,81.74,19.11,99.59,9.79,233.1,6.64,37.16,0.9,0.92,98.82
2021-09-12,PHU CAT,13.767,109.217,14.73,28.82,31.45,27.22,25.52,28.88,82.56,20.68,99.57,5.99,230.8,17.57,37.95,0.91,0.92,78.81
2021-09-13,PHU CAT,13.767,109.217,3.87,28.16,29.3,27.43,25.4,28.62,84.98,20.4,100.1,5.75,170.4,20.75,38.09,0.9,0.92,78.95
2021-09-14,PHU CAT,13.767,109.217,2.72,28.16,29.43,27.38,24.9,28.57,82.6,19.71,100.54,5.61,166.7,18.79,37.06,0.89,0.91,92.96
2021-09-15,PHU CAT,13.767,109.217,39.56,28.12,29.05,27.37,25.17,28.49,84.02,20.01,100.67,5.16,153.3,22.4,36.29,0.93,0.92,92.29
2021-09-16,PHU CAT,13.767,109.217,2.87,27.9,28.87,27.17,24.93,28.62,83.92,19.74,100.57,3.66,151.7,19.89,36.77,0.9,0.93,89.0
2021-09-17,PHU CAT,13.767,109.217,4.78,28.2,29.27,27.29,24.89,28.87,82.26,19.7,100.51,3.66,143.9,23.09,36.67,0.9,0.92,73.28
2021-09-18,PHU CAT,13.767,109.217,7.5,27.95,28.36,27.4,23.26,28.85,75.67,17.85,100.53,1.74,61.6,14.31,37.03,0.9,0.92,99.45
2021-09-19,PHU CAT,13.767,109.217,18.81,27.24,27.93,26.85,24.49,28.45,84.91,19.24,100.43,2.64,347.5,8.57,36.91,0.93,0.94,98.71
2021-09-20,PHU CAT,13.767,109.217,14.67,27.75,28.67,27.11,24.68,28.58,83.41,19.47,100.44,3.33,147.9,20.72,36.93,0.93,0.95,88.17
2021-09-21,PHU CAT,13.767,109.217,2.46,28.1,29.41,27.35,24.2,28.77,79.57,18.94,100.38,2.52,124.4,22.23,36.92,0.91,0.94,81.4
2021-09-22,PHU CAT,13.767,109.217,13.51,27.72,28.57,26.92,24.49,28.71,82.56,19.25,100.4,2.32,127.7,18.52,37.43,0.92,0.94,94.51
2021-09-23,PHU CAT,13.767,109.217,135.02,27.64,28.0,27.05,25.14,28.29,86.23,20.08,100.15,8.17,230.8,5.11,37.14,0.99,0.97,99.19
2021-09-24,PHU CAT,13.767,109.217,14.75,28.23,29.01,27.62,24.76,28.52,81.42,19.56,100.43,4.16,148.0,17.81,37.49,0.95,0.98,98.63
2021-09-25,PHU CAT,13.767,109.217,7.15,27.72,28.36,27.24,24.65,28.25,83.31,19.42,100.49,3.46,117.0,13.44,37.3,0.94,0.98,96.79
2021-09-26,PHU CAT,13.767,109.217,2.5,27.57,28.22,26.96,24.66,28.46,84.14,19.43,100.51,3.16,56.2,18.34,36.63,0.93,0.97,60.86
2021-09-27,PHU CAT,13.767,109.217,0.97,27.67,28.76,26.63,24.39,28.36,82.46,19.14,100.48,4.13,358.5,22.35,36.11,0.93,0.96,25.68
2021-09-28,PHU CAT,13.767,109.217,5.45,27.83,28.45,27.24,25.63,28.07,87.81,20.62,100.42,5.6,352.8,7.58,37.36,0.93,0.96,80.72
2021-09-29,PHU CAT,13.767,109.217,3.55,27.86,28.48,27.49,25.62,28.1,87.57,20.61,100.42,3.96,12.8,19.33,37.24,0.93,0.96,45.36
2021-09-30,PHU CAT,13.767,109.217,2.48,28.09,28.77,27.61,25.21,28.31,84.3,20.09,100.49,2.72,70.5,21.76,37.37,0.92,0.96,66.88
2021-10-01,PHU CAT,13.767,109.217,4.28,28.6,29.44,27.95,24.59,28.87,78.91,19.35,100.51,2.32,119.3,22.46,36.92,0.92,0.96,70.87
2021-10-02,PHU CAT,13.767,109.217,3.1,28.63,29.9,27.86,24.65,28.84,79.2,19.43,100.52,2.49,74.2,21.61,37.02,0.92,0.95,93.33
2021-10-03,PHU CAT,13.767,109.217,3.71,28.29,29.35,27.45,24.64,28.6,80.68,19.42,100.47,3.62,32.3,18.69,36.83,0.92,0.95,93.03
2021-10-04,PHU CAT,13.767,109.217,18.76,28.16,28.76,27.66,25.59,28.32,85.84,20.58,100.33,5.07,16.5,11.04,36.78,0.94,0.96,95.72
2021-10-05,PHU CAT,13.767,109.217,53.3,27.76,29.05,26.87,25.4,28.15,86.97,20.38,100.2,5.9,356.8,13.38,36.8,0.98,0.97,99.59
2021-10-06,PHU CAT,13.767,109.217,71.03,27.73,28.17,26.95,26.04,28.06,90.47,21.29,99.75,6.91,330.6,7.89,37.07,0.99,0.99,99.48
2021-10-07,PHU CAT,13.767,109.217,23.36,27.59,28.84,26.9,24.99,27.98,85.78,19.99,99.68,5.71,247.4,12.33,36.79,0.97,0.99,99.08
2021-10-08,PHU CAT,13.767,109.217,6.86,28.54,30.68,27.21,25.63,28.34,84.34,20.77,99.73,5.43,235.7,11.78,37.41,0.96,0.98,99.65
2021-10-09,PHU CAT,13.767,109.217,0.84,28.67,30.34,27.56,25.51,28.37,83.03,20.57,99.97,3.4,229.6,17.52,37.21,0.95,0.98,99.23
2021-10-10,PHU CAT,13.767,109.217,3.06,28.72,30.07,27.67,25.51,28.57,82.91,20.56,100.02,3.07,206.0,17.99,37.77,0.94,0.98,98.78
2021-10-11,PHU CAT,13.767,109.217,3.64,28.32,29.51,27.66,25.41,28.75,84.24,20.44,100.01,2.97,28.4,18.53,37.13,0.94,0.98,93.86
2021-10-12,PHU CAT,13.767,109.217,11.17,27.74,30.08,26.0,24.06,28.53,80.51,18.88,99.92,6.49,341.0,18.91,37.27,0.95,0.97,89.71
2021-10-13,PHU CAT,13.767,109.217,20.53,27.49,29.39,26.23,22.95,28.19,76.68,17.66,99.83,3.46,230.4,9.92,36.47,0.96,0.98,99.66
2021-10-14,PHU CAT,13.767,109.217,5.94,28.37,30.15,27.02,24.5,28.56,79.87,19.35,100.11,4.24,189.8,15.89,37.79,0.94,0.98,96.36
2021-10-15,PHU CAT,13.767,109.217,19.0,27.14,28.05,26.57,24.83,28.17,87.16,19.68,100.24,3.24,125.8,17.72,37.26,0.96,0.98,95.26
2021-10-16,PHU CAT,13.767,109.217,61.14,27.17,28.24,26.32,24.4,28.24,84.87,19.17,100.33,2.06,121.4,15.14,36.97,0.98,0.99,98.52
2021-10-17,PHU CAT,13.767,109.217,25.84,27.23,27.66,26.76,25.24,28.04,88.85,20.12,100.53,4.47,121.2,9.16,36.97,0.98,0.99,98.59
2021-10-18,PHU CAT,13.767,109.217,4.42,27.86,28.65,27.05,25.26,28.18,85.73,20.08,100.83,3.24,63.1,16.37,37.15,0.96,0.99,92.97
2021-10-19,PHU CAT,13.767,109.217,3.8,27.5,28.1,27.07,25.42,27.93,88.45,20.26,100.93,3.27,12.1,17.35,36.89,0.96,0.99,76.68
2021-10-20,PHU CAT,13.767,109.217,4.02,27.38,28.04,26.92,25.03,27.85,86.97,19.81,100.88,2.26,21.7,18.3,36.58,0.96,0.99,81.77
2021-10-21,PHU CAT,13.767,109.217,2.49,27.69,28.43,27.02,24.57,28.16,83.13,19.26,100.81,2.58,44.6,20.61,36.49,0.95,0.99,72.9
2021-10-22,PHU CAT,13.767,109.217,17.44,27.54,27.89,27.21,25.29,28.02,87.49,20.11,100.89,6.41,18.4,17.77,36.39,0.96,0.99,86.39
2021-10-23,PHU CAT,13.767,109.217,52.1,27.05,27.9,26.04,23.71,27.48,82.05,18.3,100.99,5.9,18.4,3.65,36.75,0.99,1.0,99.61
2021-10-24,PHU CAT,13.767,109.217,69.46,27.13,27.57,26.16,24.8,27.54,87.08,19.55,100.79,8.63,20.4,5.15,36.64,1.0,1.0,99.56
2021-10-25,PHU CAT,13.767,109.217,28.37,26.79,27.54,26.33,24.13,27.38,85.34,18.79,100.67,9.68,9.2,2.12,36.66,0.98,1.0,99.45
2021-10-26,PHU CAT,13.767,109.217,40.59,27.21,27.49,26.67,25.25,27.43,88.97,20.14,100.47,9.2,18.8,4.9,36.88,0.99,1.0,99.7
2021-10-27,PHU CAT,13.767,109.217,27.0,27.47,27.77,27.1,25.89,27.3,90.98,20.89,100.63,6.75,98.4,4.48,36.78,0.99,1.0,90.98
2021-10-28,PHU CAT,13.767,109.217,4.24,27.13,27.88,26.59,25.06,27.14,88.38,19.83,100.85,4.24,57.8,16.9,36.69,0.98,1.0,72.03
2021-10-29,PHU CAT,13.767,109.217,7.15,27.0,27.61,26.53,25.21,27.09,89.84,19.99,100.92,4.1,25.1,17.66,36.81,0.97,1.0,63.41
2021-10-30,PHU CAT,13.767,109.217,3.55,27.09,27.85,26.49,24.75,27.13,86.98,19.45,100.94,3.99,53.2,16.06,36.65,0.97,1.0,49.71
2021-10-31,PHU CAT,13.767,109.217,3.58,27.03,27.68,26.53,24.33,27.31,85.1,18.96,100.94,4.03,46.5,13.82,36.61,0.96,0.99,70.34
2021-11-01,PHU CAT,13.767,109.217,1.05,27.35,28.13,26.5,23.75,27.25,80.73,18.31,100.91,5.06,36.8,18.92,35.85,0.95,0.99,28.63
2021-11-02,PHU CAT,13.767,109.217,1.48,27.34,27.97,26.97,24.72,27.42,85.58,19.44,100.85,5.63,21.1,20.23,36.18,0.94,0.98,51.71
2021-11-03,PHU CAT,13.767,109.217,2.67,27.36,28.24,26.83,24.68,27.29,85.28,19.4,100.78,5.08,24.4,13.32,37.19,0.94,0.98,87.87
2021-11-04,PHU CAT,13.767,109.217,0.86,27.39,28.12,26.86,24.18,27.35,82.58,18.82,100.72,4.59,20.1,17.92,36.37,0.93,0.97,95.21
2021-11-05,PHU CAT,13.767,109.217,0.25,27.25,28.09,26.58,24.1,27.35,82.91,18.78,100.54,3.7,26.8,16.66,36.17,0.93,0.97,83.77
2021-11-06,PHU CAT,13.767,109.217,0.16,27.41,28.47,26.6,23.76,27.74,80.47,18.41,100.44,3.89,35.6,20.45,36.02,0.92,0.96,60.61
2021-11-07,PHU CAT,13.767,109.217,11.17,27.58,28.22,27.14,24.57,27.78,83.87,19.37,100.53,5.22,17.5,8.82,36.92,0.93,0.96,90.59
2021-11-08,PHU CAT,13.767,109.217,20.56,27.6,28.36,26.78,25.38,27.61,87.62,20.25,100.72,7.66,35.8,18.1,36.69,0.95,0.97,60.96
2021-11-09,PHU CAT,13.767,109.217,30.3,26.53,27.25,25.98,24.47,27.08,88.44,19.14,100.89,7.67,10.2,6.12,36.77,0.96,0.98,95.0
2021-11-10,PHU CAT,13.767,109.217,34.6,26.51,26.72,26.36,24.45,26.92,88.4,19.13,100.83,8.66,19.4,4.05,36.84,0.98,1.0,99.74
2021-11-11,PHU CAT,13.767,109.217,19.66,26.6,27.05,26.26,23.86,26.87,84.85,18.45,100.81,7.77,25.3,5.73,36.65,0.97,1.0,99.44
2021-11-12,PHU CAT,13.767,109.217,36.64,26.71,26.88,26.51,25.03,26.89,90.48,19.82,100.8,7.17,27.3,4.35,36.55,0.98,1.0,99.54
2021-11-13,PHU CAT,13.767,109.217,46.16,26.72,27.05,26.54,25.39,26.87,92.35,20.25,100.77,6.99,40.7,6.78,36.91,0.99,1.0,99.47
2021-11-14,PHU CAT,13.767,109.217,89.41,26.48,26.64,26.37,24.97,26.73,91.31,19.74,100.75,7.26,36.1,4.74,36.59,1.0,1.0,99.47
2021-11-15,PHU CAT,13.767,109.217,22.55,26.63,26.96,26.34,24.72,26.72,89.18,19.47,100.65,6.79,38.2,4.44,36.96,0.99,1.0,94.24
2021-11-16,PHU CAT,13.767,109.217,9.9,26.62,27.04,26.19,24.86,26.62,90.02,19.64,100.71,5.51,36.7,8.92,36.61,0.98,1.0,97.07
2021-11-17,PHU CAT,13.767,109.217,14.86,26.84,27.26,26.55,25.74,26.78,93.58,20.69,100.71,5.7,37.0,10.35,36.62,0.98,1.0,96.47
2021-11-18,PHU CAT,13.767,109.217,6.21,26.61,27.21,26.02,24.57,26.62,88.49,19.32,100.54,6.74,30.0,12.81,36.34,0.97,1.0,99.32
2021-11-19,PHU CAT,13.767,109.217,0.78,26.33,27.19,25.71,23.18,26.42,82.74,17.76,100.47,5.17,21.8,14.83,36.29,0.96,0.99,84.17
2021-11-20,PHU CAT,13.767,109.217,1.25,26.39,27.02,26.02,23.64,26.52,84.76,18.24,100.57,4.78,19.8,15.01,36.75,0.95,0.99,76.33
2021-11-21,PHU CAT,13.767,109.217,2.41,26.69,27.33,26.3,24.4,26.65,87.21,19.1,100.67,5.02,41.2,5.18,37.27,0.95,0.99,92.12
2021-11-22,PHU CAT,13.767,109.217,3.54,26.7,27.43,26.27,23.72,26.56,83.71,18.3,100.81,7.12,26.9,11.13,37.09,0.95,0.98,93.25
2021-11-23,PHU CAT,13.767,109.217,8.15,26.31,26.86,25.87,23.7,26.34,85.52,18.25,100.89,9.16,27.6,6.03,36.67,0.95,0.98,99.17
2021-11-24,PHU CAT,13.767,109.217,11.98,26.17,26.46,25.78,23.27,26.09,84.03,17.8,100.88,9.18,28.7,9.14,36.5,0.95,0.99,98.44
2021-11-25,PHU CAT,13.767,109.217,2.6,25.69,26.53,25.16,22.68,26.05,83.47,17.16,100.88,9.07,10.3,12.92,36.07,0.94,0.98,97.74
2021-11-26,PHU CAT,13.767,109.217,8.59,25.36,25.81,25.09,23.1,25.9,87.29,17.62,100.82,10.05,1.3,4.56,36.48,0.94,0.98,99.44
2021-11-27,PHU CAT,13.767,109.217,41.12,25.89,26.02,25.75,23.97,26.0,89.07,18.57,100.79,9.34,28.7,2.48,36.38,0.97,0.99,99.63
2021-11-28,PHU CAT,13.767,109.217,80.09,26.0,26.22,25.79,24.53,26.04,91.47,19.24,100.68,7.06,47.6,6.14,36.62,0.99,1.0,99.54
2021-11-29,PHU CAT,13.767,109.217,28.0,26.07,26.59,25.81,24.48,26.12,90.83,19.17,100.71,7.98,39.3,5.83,36.77,0.98,1.0,99.77
2021-11-30,PHU CAT,13.767,109.217,24.02,25.48,26.18,24.81,22.25,25.55,82.26,16.71,100.97,10.02,20.8,2.62,35.95,0.98,1.0,99.52
2021-12-01,PHU CAT,13.767,109.217,1.44,24.89,25.79,24.23,20.94,25.38,78.7,15.39,101.08,9.4,15.0,11.05,35.52,0.96,0.99,87.92
2021-12-02,PHU CAT,13.767,109.217,0.14,24.33,25.33,23.66,19.78,25.08,75.67,14.3,101.19,9.31,17.2,9.83,35.04,0.95,0.99,97.0
2021-12-03,PHU CAT,13.767,109.217,0.04,23.71,24.79,22.76,18.29,24.73,71.62,13.01,101.25,9.01,7.9,11.2,33.5,0.94,0.98,73.62
2021-12-04,PHU CAT,13.767,109.217,1.88,23.91,24.76,23.05,20.56,24.96,81.8,15.1,101.08,9.41,0.4,14.4,34.49,0.94,0.98,97.49
2021-12-05,PHU CAT,13.767,109.217,0.69,24.9,25.78,24.32,21.58,25.17,81.75,16.02,100.99,8.97,25.5,9.53,36.16,0.93,0.97,84.18
2021-12-06,PHU CAT,13.767,109.217,1.19,24.19,24.9,23.62,20.6,24.8,80.33,15.08,101.07,8.89,14.2,8.04,36.03,0.93,0.97,93.75
2021-12-07,PHU CAT,13.767,109.217,1.0,24.0,24.74,23.16,20.55,24.84,81.38,15.07,101.07,8.18,357.5,13.57,34.5,0.92,0.96,69.71
2021-12-08,PHU CAT,13.767,109.217,1.02,25.18,25.7,24.83,22.61,25.2,85.61,17.06,101.07,7.97,30.4,7.53,36.71,0.92,0.96,93.27
2021-12-09,PHU CAT,13.767,109.217,0.33,24.79,25.64,23.94,21.04,24.85,79.55,15.46,101.2,8.49,26.8,15.22,34.21,0.91,0.95,46.65
2021-12-10,PHU CAT,13.767,109.217,0.17,24.44,24.92,24.08,20.93,24.79,80.77,15.36,101.11,7.76,14.3,17.05,34.96,0.91,0.94,74.69
2021-12-11,PHU CAT,13.767,109.217,0.58,24.77,25.34,24.42,21.68,24.89,82.91,16.1,101.1,7.85,13.8,13.74,35.59,0.9,0.94,93.77
2021-12-12,PHU CAT,13.767,109.217,1.53,24.85,25.68,24.18,21.99,24.98,84.02,16.41,101.09,9.06,19.4,12.66,35.19,0.9,0.93,67.46
2021-12-13,PHU CAT,13.767,109.217,2.85,24.62,25.16,24.28,21.86,24.86,84.55,16.29,101.01,9.29,18.0,7.98,35.85,0.9,0.93,97.64
2021-12-14,PHU CAT,13.767,109.217,1.17,24.75,25.44,24.3,22.48,24.96,87.17,16.95,100.83,6.9,23.5,7.01,36.27,0.89,0.93,86.43
2021-12-15,PHU CAT,13.767,109.217,0.54,24.91,25.83,24.31,22.97,25.03,88.92,17.48,100.78,4.93,26.0,12.39,35.78,0.88,0.92,47.78
2021-12-16,PHU CAT,13.767,109.217,0.56,25.01,25.97,24.43,22.99,25.15,88.53,17.49,100.83,5.81,10.8,13.1,35.31,0.88,0.91,72.11
2021-12-17,PHU CAT,13.767,109.217,2.18,25.0,25.79,24.56,22.47,25.0,85.73,16.94,100.9,9.25,15.2,10.43,35.08,0.88,0.91,99.04
2021-12-18,PHU CAT,13.767,109.217,10.28,24.25,25.52,23.17,21.06,24.68,82.47,15.54,100.82,12.63,9.0,10.01,34.98,0.89,0.91,99.28
2021-12-19,PHU CAT,13.767,109.217,47.05,22.63,23.71,21.79,19.93,24.08,84.7,14.55,100.54,11.44,320.4,3.12,35.33,0.96,0.94,98.45
2021-12-20,PHU CAT,13.767,109.217,1.72,23.38,24.36,22.59,20.02,24.66,81.73,14.57,100.95,3.48,12.3,17.22,35.46,0.91,0.94,67.31
2021-12-21,PHU CAT,13.767,109.217,0.34,23.83,24.39,23.08,21.0,24.6,84.08,15.44,101.02,5.65,8.6,7.24,35.88,0.9,0.94,83.04
2021-12-22,PHU CAT,13.767,109.217,0.23,24.25,24.78,23.86,20.88,24.57,81.37,15.33,100.97,5.63,19.0,9.84,35.97,0.9,0.93,82.17
2021-12-23,PHU CAT,13.767,109.217,0.2,24.27,25.05,23.67,20.93,24.49,81.61,15.39,100.93,4.24,24.0,13.63,34.39,0.89,0.92,52.4
2021-12-24,PHU CAT,13.767,109.217,0.56,24.55,25.38,23.92,21.73,24.65,84.28,16.17,100.96,4.44,22.2,17.71,34.69,0.88,0.92,60.64
2021-12-25,PHU CAT,13.767,109.217,3.29,24.79,25.39,24.42,22.69,24.97,88.02,17.13,101.07,6.6,39.4,15.54,35.34,0.89,0.91,61.98
2021-12-26,PHU CAT,13.767,109.217,5.98,24.83,25.5,24.34,22.95,25.04,89.23,17.4,101.13,6.25,38.3,11.66,35.56,0.89,0.91,60.59
2021-12-27,PHU CAT,13.767,109.217,19.89,24.66,25.32,24.35,22.72,24.92,88.84,17.14,101.22,7.79,35.5,6.71,36.35,0.92,0.92,93.53
2021-12-28,PHU CAT,13.767,109.217,7.3,24.65,25.23,24.19,22.56,24.75,88.13,16.98,101.21,7.62,34.1,9.82,36.07,0.91,0.93,94.13
2021-12-29,PHU CAT,13.767,109.217,3.84,24.47,25.18,24.0,22.04,24.54,86.24,16.42,101.3,8.4,28.9,12.16,35.54,0.9,0.93,84.82
2021-12-30,PHU CAT,13.767,109.217,2.67,24.42,25.11,23.89,21.19,24.56,82.11,15.57,101.42,9.2,28.7,14.68,34.84,0.89,0.92,76.67
2021-12-31,PHU CAT,13.767,109.217,2.63,24.3,24.8,23.85,21.1,24.5,82.45,15.51,101.37,8.16,26.2,16.98,34.49,0.89,0.92,65.53
2022-01-01,PHU CAT,13.767,109.217,1.69,24.52,24.95,24.13,21.81,24.61,84.86,16.2,101.28,8.69,28.3,9.55,35.64,0.88,0.91,91.81
2022-01-02,PHU CAT,13.767,109.217,1.21,24.36,25.05,24.0,21.52,24.55,84.16,15.93,101.2,8.47,34.6,13.96,34.97,0.88,0.91,87.43
2022-01-03,PHU CAT,13.767,109.217,0.8,24.22,24.68,23.84,21.38,24.45,84.17,15.81,101.12,7.08,28.7,10.96,35.29,0.88,0.9,98.07
2022-01-04,PHU CAT,13.767,109.217,3.0,24.23,24.94,23.75,22.39,24.54,89.42,16.83,101.01,5.72,25.4,8.94,35.46,0.88,0.9,69.02
2022-01-05,PHU CAT,13.767,109.217,1.36,24.37,25.14,23.95,22.24,24.62,87.81,16.68,100.99,5.79,13.9,12.19,35.92,0.87,0.9,93.5
2022-01-06,PHU CAT,13.767,109.217,3.23,24.41,25.07,23.99,21.84,24.58,85.52,16.25,101.12,6.33,24.4,14.86,35.65,0.87,0.89,83.35
2022-01-07,PHU CAT,13.767,109.217,2.0,24.34,25.05,23.77,21.78,24.55,85.57,16.19,101.15,6.9,4.5,17.21,34.16,0.87,0.89,34.05
2022-01-08,PHU CAT,13.767,109.217,4.5,24.53,25.39,24.09,22.14,24.61,86.52,16.58,101.03,5.76,23.0,17.42,34.73,0.87,0.89,52.62
2022-01-09,PHU CAT,13.767,109.217,4.74,24.59,25.34,24.04,21.9,24.57,84.89,16.35,100.96,5.64,43.8,14.37,35.75,0.87,0.89,78.76
2022-01-10,PHU CAT,13.767,109.217,0.85,24.34,25.47,23.32,20.75,24.39,80.34,15.2,101.09,3.81,50.9,17.51,33.78,0.86,0.88,30.3
2022-01-11,PHU CAT,13.767,109.217,0.43,23.65,24.62,22.84,20.72,24.55,83.58,15.15,101.19,5.46,32.6,19.05,33.76,0.86,0.87,38.74
2022-01-12,PHU CAT,13.767,109.217,0.27,23.86,24.75,23.27,20.5,24.42,81.38,14.94,101.24,5.91,40.3,15.11,34.4,0.85,0.87,54.26
2022-01-13,PHU CAT,13.767,109.217,0.14,23.78,24.69,23.0,20.04,24.35,79.58,14.51,101.26,6.34,31.8,19.08,33.25,0.85,0.86,44.27
2022-01-14,PHU CAT,13.767,109.217,0.08,23.39,24.41,22.61,19.64,24.3,79.47,14.16,101.21,5.04,40.1,17.58,32.72,0.84,0.85,35.51
2022-01-15,PHU CAT,13.767,109.217,0.16,24.06,24.92,23.61,19.72,24.46,76.7,14.24,101.16,4.76,31.6,20.13,32.47,0.84,0.84,15.97
2022-01-16,PHU CAT,13.767,109.217,0.42,24.59,25.37,23.99,21.35,24.85,82.15,15.78,101.12,5.18,36.6,15.33,35.09,0.83,0.84,65.2
2022-01-17,PHU CAT,13.767,109.217,0.33,24.22,25.35,23.29,21.28,24.83,83.68,15.7,101.15,6.13,20.4,17.76,34.87,0.83,0.83,70.02
2022-01-18,PHU CAT,13.767,109.217,0.9,24.01,24.86,23.22,20.85,24.7,82.44,15.3,101.09,7.8,22.0,16.55,34.16,0.82,0.83,62.07
2022-01-19,PHU CAT,13.767,109.217,0.46,24.13,25.1,23.54,20.39,24.55,79.59,14.88,100.96,7.13,23.3,18.18,33.53,0.82,0.82,32.3
2022-01-20,PHU CAT,13.767,109.217,0.26,24.12,24.93,23.58,20.35,24.49,79.45,14.84,100.94,6.05,23.4,13.97,34.03,0.81,0.81,44.92
2022-01-21,PHU CAT,13.767,109.217,0.06,24.29,25.41,23.57,20.57,24.54,79.74,15.06,100.9,4.06,24.3,19.2,32.75,0.81,0.81,12.22
2022-01-22,PHU CAT,13.767,109.217,0.01,24.73,25.8,24.06,20.56,24.77,77.59,15.08,100.69,2.39,60.8,21.37,32.85,0.8,0.8,8.14
2022-01-23,PHU CAT,13.767,109.217,0.03,24.91,26.23,24.22,21.86,25.12,83.29,16.35,100.69,2.75,127.9,20.38,33.72,0.79,0.79,15.51
2022-01-24,PHU CAT,13.767,109.217,0.1,25.38,26.44,24.84,22.32,25.56,83.15,16.81,100.71,2.93,77.1,19.08,34.23,0.79,0.79,13.73
2022-01-25,PHU CAT,13.767,109.217,0.15,25.36,26.54,24.44,22.01,25.46,81.77,16.48,100.81,4.11,45.0,17.85,34.35,0.79,0.78,27.91
2022-01-26,PHU CAT,13.767,109.217,0.04,25.19,26.32,24.29,21.6,25.41,80.48,16.06,100.85,5.36,18.3,19.55,33.4,0.78,0.77,16.82
2022-01-27,PHU CAT,13.767,109.217,0.22,24.96,26.02,24.14,21.7,25.27,82.18,16.18,100.8,6.75,359.2,19.17,33.79,0.77,0.77,66.56
2022-01-28,PHU CAT,13.767,109.217,0.12,25.06,26.04,24.23,22.56,25.28,85.98,17.06,100.72,7.0,356.6,15.35,34.87,0.77,0.76,47.31
2022-01-29,PHU CAT,13.767,109.217,0.01,25.11,26.15,24.52,21.55,25.47,80.62,16.03,100.71,4.04,18.4,20.93,34.1,0.76,0.76,18.14
2022-01-30,PHU CAT,13.767,109.217,0.36,25.68,26.89,24.71,22.58,25.71,83.02,17.08,100.72,4.92,86.7,16.9,35.48,0.76,0.75,41.2
2022-01-31,PHU CAT,13.767,109.217,0.57,25.12,25.9,24.34,21.56,25.16,80.57,16.02,100.85,3.8,80.8,12.15,35.93,0.76,0.75,72.49
2022-02-01,PHU CAT,13.767,109.217,0.32,24.43,25.7,23.29,21.95,25.03,86.13,16.4,100.92,4.8,16.4,15.51,35.49,0.75,0.74,65.05
2022-02-02,PHU CAT,13.767,109.217,0.34,24.49,25.58,23.71,22.15,25.17,86.89,16.59,100.99,5.21,3.6,18.97,35.03,0.74,0.73,48.91
2022-02-03,PHU CAT,13.767,109.217,1.17,24.38,25.45,23.71,22.48,25.16,89.07,16.93,100.97,6.53,16.3,12.56,36.69,0.73,0.73,85.39
2022-02-04,PHU CAT,13.767,109.217,2.54,24.29,24.87,23.89,21.49,24.79,84.3,15.91,101.1,8.75,23.2,10.97,36.34,0.74,0.73,92.31
2022-02-05,PHU CAT,13.767,109.217,1.65,24.34,25.16,23.69,20.89,24.67,80.99,15.32,101.16,8.41,35.6,12.93,35.77,0.73,0.72,97.45
2022-02-06,PHU CAT,13.767,109.217,2.08,24.55,25.11,24.07,21.83,24.66,84.77,16.26,101.03,5.89,34.7,7.38,35.87,0.73,0.72,91.77
2022-02-07,PHU CAT,13.767,109.217,0.55,24.88,25.95,24.2,23.19,25.02,90.38,17.7,100.88,3.29,25.7,18.12,35.53,0.72,0.72,39.95
2022-02-08,PHU CAT,13.767,109.217,0.57,25.25,26.4,24.54,23.01,25.19,87.44,17.51,100.9,3.57,29.8,18.62,35.51,0.71,0.71,70.73
2022-02-09,PHU CAT,13.767,109.217,0.9,25.35,26.38,24.68,23.59,25.38,89.95,18.14,100.9,4.3,36.0,17.08,35.98,0.7,0.71,75.72
2022-02-10,PHU CAT,13.767,109.217,0.47,25.24,26.31,24.59,22.94,25.27,87.11,17.45,100.82,4.38,35.5,15.67,35.98,0.69,0.7,65.48
2022-02-11,PHU CAT,13.767,109.217,0.84,25.2,26.19,24.61,22.73,25.27,86.15,17.22,100.76,5.0,36.1,16.42,36.06,0.69,0.7,91.04
2022-02-12,PHU CAT,13.767,109.217,1.18,25.13,25.98,24.63,22.37,25.35,84.61,16.86,100.67,5.11,42.8,16.72,35.71,0.69,0.69,98.29
2022-02-13,PHU CAT,13.767,109.217,0.48,25.35,26.43,24.69,22.97,25.43,86.7,17.52,100.58,4.3,34.0,15.25,36.61,0.68,0.69,95.64
2022-02-14,PHU CAT,13.767,109.217,1.9,24.82,25.81,24.19,22.48,25.1,86.81,16.96,100.79,6.88,21.0,8.01,36.3,0.68,0.69,76.19
2022-02-15,PHU CAT,13.767,109.217,3.68,24.98,25.73,24.6,22.86,25.1,87.94,17.37,100.71,6.05,40.8,7.01,36.64,0.69,0.69,94.23
2022-02-16,PHU CAT,13.767,109.217,1.53,25.05,26.0,24.36,23.13,25.1,89.13,17.69,100.57,3.77,80.5,11.11,36.46,0.68,0.69,70.44
2022-02-17,PHU CAT,13.767,109.217,0.24,25.22,26.52,24.26,22.96,25.25,87.37,17.51,100.57,2.35,123.7,17.9,36.17,0.66,0.68,46.55
2022-02-18,PHU CAT,13.767,109.217,0.36,25.43,26.68,24.57,23.4,25.4,88.6,17.96,100.71,2.25,128.2,20.03,35.13,0.65,0.68,27.22
2022-02-19,PHU CAT,13.767,109.217,0.73,25.12,27.03,21.83,22.66,25.29,86.37,17.2,100.72,3.84,104.4,22.06,35.68,0.64,0.67,61.83
2022-02-20,PHU CAT,13.767,109.217,0.34,22.77,24.36,21.87,19.77,24.3,83.16,14.33,100.93,9.01,352.4,11.04,35.77,0.64,0.67,90.88
2022-02-21,PHU CAT,13.767,109.217,0.31,22.4,23.56,21.64,19.42,23.89,83.24,13.99,101.11,9.54,352.0,15.08,34.38,0.64,0.66,69.85
2022-02-22,PHU CAT,13.767,109.217,0.44,22.31,23.34,21.7,19.16,23.83,82.41,13.74,101.32,10.59,352.3,14.63,34.72,0.63,0.66,75.48
2022-02-23,PHU CAT,13.767,109.217,0.85,22.15,22.77,21.55,19.12,23.73,82.91,13.68,101.44,10.78,2.6,11.77,34.34,0.63,0.66,80.7
2022-02-24,PHU CAT,13.767,109.217,1.75,23.06,23.44,22.51,20.25,23.91,84.19,14.7,101.4,10.36,8.2,9.22,34.87,0.64,0.65,88.77
2022-02-25,PHU CAT,13.767,109.217,0.62,23.91,24.54,23.52,21.23,24.26,84.96,15.63,101.28,8.52,20.5,9.54,35.28,0.63,0.65,92.68
2022-02-26,PHU CAT,13.767,109.217,0.49,24.05,25.02,23.34,21.6,24.42,86.16,16.0,101.23,8.27,15.5,11.16,36.18,0.62,0.65,91.14
2022-02-27,PHU CAT,13.767,109.217,0.41,23.5,24.64,22.79,21.11,23.94,86.48,15.54,101.13,6.76,10.9,11.92,35.93,0.61,0.64,84.78
2022-02-28,PHU CAT,13.767,109.217,0.1,23.77,25.1,22.87,21.83,23.99,89.0,16.26,101.03,4.47,7.5,16.78,35.38,0.6,0.64,58.22
2022-03-01,PHU CAT,13.767,109.217,0.08,24.13,25.38,23.34,22.49,24.39,90.6,16.93,101.0,4.36,10.6,22.04,34.66,0.6,0.64,34.26
2022-03-02,PHU CAT,13.767,109.217,0.11,24.02,25.08,23.09,22.46,24.28,90.99,16.91,100.98,6.02,356.6,12.29,36.04,0.59,0.63,66.33
2022-03-03,PHU CAT,13.767,109.217,0.03,23.99,25.43,22.99,22.11,24.24,89.34,16.57,100.91,4.57,2.9,22.4,34.56,0.59,0.63,25.93
2022-03-04,PHU CAT,13.767,109.217,0.02,24.48,26.03,23.25,22.13,24.64,86.94,16.62,100.75,2.44,20.1,23.02,34.85,0.58,0.62,34.68
2022-03-05,PHU CAT,13.767,109.217,0.01,25.0,26.18,24.15,23.28,25.03,90.21,17.83,100.71,2.02,61.8,22.01,35.25,0.57,0.62,35.11
2022-03-06,PHU CAT,13.767,109.217,0.01,25.26,26.43,24.14,22.64,25.13,85.4,17.14,100.76,2.1,71.3,21.03,34.74,0.57,0.61,62.43
2022-03-07,PHU CAT,13.767,109.217,0.95,25.05,26.45,24.08,22.15,25.32,84.04,16.61,100.9,6.21,15.2,23.28,35.21,0.57,0.61,49.54
2022-03-08,PHU CAT,13.767,109.217,0.23,23.51,24.95,22.25,19.33,24.1,77.36,13.96,100.9,6.93,11.5,12.02,34.81,0.57,0.61,76.06
2022-03-09,PHU CAT,13.767,109.217,0.19,23.19,24.6,22.12,19.06,24.17,77.77,13.72,100.83,5.84,3.6,23.77,32.71,0.56,0.6,63.68
2022-03-10,PHU CAT,13.767,109.217,0.43,23.83,25.39,22.91,20.75,24.19,83.24,15.27,100.73,6.11,356.4,19.71,34.04,0.56,0.6,66.83
2022-03-11,PHU CAT,13.767,109.217,0.43,23.82,25.01,23.15,21.57,24.28,87.33,16.07,100.64,5.87,359.6,23.41,34.19,0.56,0.6,47.62
2022-03-12,PHU CAT,13.767,109.217,0.04,24.05,25.52,22.62,21.21,24.34,84.36,15.72,100.61,5.12,353.3,15.83,36.09,0.55,0.59,80.86
2022-03-13,PHU CAT,13.767,109.217,0.03,24.31,25.71,23.15,22.14,24.77,87.81,16.65,100.62,4.24,0.1,13.82,36.33,0.54,0.59,68.66
2022-03-14,PHU CAT,13.767,109.217,0.04,24.94,26.69,23.76,22.69,25.29,87.49,17.22,100.56,3.49,14.1,22.95,35.68,0.53,0.58,35.57
2022-03-15,PHU CAT,13.767,109.217,0.01,24.77,26.21,23.66,22.36,25.07,86.44,16.9,100.48,3.24,24.2,22.06,34.5,0.53,0.58,66.33
2022-03-16,PHU CAT,13.767,109.217,0.02,24.91,26.18,23.9,21.92,25.15,83.55,16.44,100.49,2.58,21.6,21.35,34.53,0.53,0.58,63.75
2022-03-17,PHU CAT,13.767,109.217,0.15,25.28,26.76,24.25,22.34,25.54,83.93,16.89,100.41,2.05,140.4,22.62,34.6,0.53,0.57,26.02
2022-03-18,PHU CAT,13.767,109.217,0.32,25.52,26.9,24.57,23.17,25.94,86.93,17.77,100.41,1.96,68.5,22.71,35.6,0.52,0.57,63.91
2022-03-19,PHU CAT,13.767,109.217,0.94,25.7,27.18,24.7,23.53,26.03,88.0,18.17,100.41,1.92,30.5,21.03,35.94,0.52,0.57,85.88
2022-03-20,PHU CAT,13.767,109.217,6.61,26.37,27.62,25.57,24.67,26.44,90.58,19.45,100.54,2.49,149.0,19.77,36.26,0.58,0.57,87.12
2022-03-21,PHU CAT,13.767,109.217,4.8,26.36,27.39,25.79,24.99,26.27,92.16,19.78,100.68,2.68,152.6,19.17,36.35,0.6,0.58,89.07
2022-03-22,PHU CAT,13.767,109.217,2.35,26.49,27.35,25.89,24.71,26.5,89.98,19.45,100.72,2.62,155.4,23.47,36.24,0.58,0.58,52.08
2022-03-23,PHU CAT,13.767,109.217,4.89,26.84,28.0,26.11,24.92,26.84,89.36,19.73,100.62,2.67,122.9,22.28,36.75,0.59,0.59,56.66
2022-03-24,PHU CAT,13.767,109.217,2.77,26.67,27.39,26.2,24.86,26.69,89.77,19.65,100.6,2.46,140.3,20.67,36.36,0.6,0.59,50.72
2022-03-25,PHU CAT,13.767,109.217,0.95,27.3,28.77,26.03,25.03,27.13,87.57,19.85,100.63,3.67,165.8,25.21,35.43,0.56,0.59,17.99
2022-03-26,PHU CAT,13.767,109.217,0.67,27.38,29.08,26.04,24.84,26.75,86.2,19.63,100.62,3.08,164.0,25.18,35.67,0.55,0.59,2.49
2022-03-27,PHU CAT,13.767,109.217,1.98,27.14,28.85,25.85,24.85,26.98,87.53,19.63,100.66,2.87,145.7,25.78,36.04,0.55,0.58,46.4
2022-03-28,PHU CAT,13.767,109.217,4.47,26.21,27.67,25.2,24.32,26.51,89.48,18.99,100.78,5.41,358.8,18.49,36.11,0.58,0.59,64.15
2022-03-29,PHU CAT,13.767,109.217,7.32,26.16,27.1,25.33,24.24,26.58,89.19,18.9,100.7,4.59,8.6,18.77,36.11,0.61,0.59,81.31
2022-03-30,PHU CAT,13.767,109.217,66.19,26.0,26.96,25.02,24.01,26.39,88.76,18.66,100.6,6.7,19.1,10.3,36.75,0.78,0.63,97.62
2022-03-31,PHU CAT,13.767,109.217,80.15,26.52,26.99,26.25,25.3,26.26,92.94,20.17,100.64,7.54,63.8,5.26,36.51,0.93,0.74,99.3
2022-04-01,PHU CAT,13.767,109.217,14.86,26.48,27.3,25.89,25.13,26.36,92.23,19.93,100.82,5.08,41.6,8.03,37.1,0.84,0.77,97.54
2022-04-02,PHU CAT,13.767,109.217,32.35,25.18,26.36,23.74,22.83,25.82,86.82,17.33,101.0,8.63,11.4,14.85,36.35,0.89,0.79,93.4
2022-04-03,PHU CAT,13.767,109.217,21.36,24.57,24.99,24.22,21.96,25.64,85.37,16.4,101.05,9.73,11.2,7.92,36.46,0.88,0.82,98.93
2022-04-04,PHU CAT,13.767,109.217,22.61,25.31,25.69,25.03,22.97,25.79,86.8,17.42,101.12,8.65,14.7,8.21,36.67,0.89,0.84,97.15
2022-04-05,PHU CAT,13.767,109.217,8.72,25.66,26.46,25.11,23.39,26.01,87.19,17.89,101.02,8.0,15.2,12.45,36.51,0.86,0.85,81.2
2022-04-06,PHU CAT,13.767,109.217,0.86,25.43,26.45,24.59,22.52,25.79,83.86,16.98,100.98,8.09,13.2,12.94,36.43,0.83,0.84,97.12
2022-04-07,PHU CAT,13.767,109.217,0.05,24.77,25.81,24.14,20.78,25.24,78.53,15.26,100.93,7.91,0.6,18.74,34.37,0.82,0.83,92.8
2022-04-08,PHU CAT,13.767,109.217,0.04,24.8,26.03,23.7,21.11,24.87,80.03,15.59,100.8,7.0,0.3,22.36,34.15,0.81,0.82,60.25
2022-04-09,PHU CAT,13.767,109.217,0.17,24.21,25.58,22.88,21.24,24.7,83.75,15.75,100.67,5.77,351.5,25.04,33.4,0.8,0.81,28.74
2022-04-10,PHU CAT,13.767,109.217,0.03,24.85,26.54,23.52,22.42,25.06,86.71,16.95,100.59,4.2,356.6,24.27,33.87,0.8,0.8,20.8
2022-04-11,PHU CAT,13.767,109.217,0.02,24.93,26.28,24.05,22.47,25.23,86.19,17.01,100.54,2.9,30.6,23.81,34.03,0.79,0.79,13.24
2022-04-12,PHU CAT,13.767,109.217,0.02,25.53,27.09,24.61,22.57,25.84,83.86,17.14,100.36,2.91,136.7,21.16,35.11,0.78,0.79,18.42
2022-04-13,PHU CAT,13.767,109.217,1.54,26.35,28.02,25.55,24.58,26.25,90.15,19.39,100.25,2.52,140.3,21.02,36.64,0.78,0.78,53.19
2022-04-14,PHU CAT,13.767,109.217,0.55,26.35,27.88,25.53,24.63,26.04,90.49,19.44,100.35,1.53,102.2,13.54,37.53,0.79,0.78,87.13
2022-04-15,PHU CAT,13.767,109.217,0.33,26.35,27.39,25.69,25.0,26.29,92.28,19.85,100.43,1.86,108.6,20.09,36.55,0.78,0.77,63.17
2022-04-16,PHU CAT,13.767,109.217,0.26,26.6,27.9,25.79,24.49,26.72,88.25,19.23,100.52,3.0,94.8,21.03,36.17,0.77,0.77,37.03
2022-04-17,PHU CAT,13.767,109.217,0.13,26.47,27.6,25.6,23.27,26.57,82.58,17.83,100.69,4.34,48.4,22.91,34.95,0.76,0.76,21.83
2022-04-18,PHU CAT,13.767,109.217,0.23,26.3,27.31,25.56,23.28,26.56,83.54,17.81,100.82,5.65,15.1,20.53,35.66,0.75,0.75,52.76
2022-04-19,PHU CAT,13.767,109.217,1.03,26.05,27.2,25.2,23.33,26.38,84.95,17.86,100.84,6.58,359.4,21.05,36.33,0.75,0.74,58.7
2022-04-20,PHU CAT,13.767,109.217,0.42,26.33,27.38,25.59,24.02,26.53,87.09,18.65,100.7,4.57,27.2,17.72,36.59,0.74,0.74,66.25
2022-04-21,PHU CAT,13.767,109.217,2.63,26.73,27.94,25.91,23.64,26.8,83.28,18.24,100.68,2.53,44.6,24.25,35.42,0.74,0.73,42.47
2022-04-22,PHU CAT,13.767,109.217,1.29,26.92,28.31,25.72,24.05,27.09,84.47,18.72,100.61,2.01,109.0,24.35,35.37,0.73,0.72,20.85
2022-04-23,PHU CAT,13.767,109.217,4.46,27.2,28.51,26.29,25.23,27.48,89.24,20.15,100.5,2.86,141.0,24.59,36.01,0.74,0.72,36.01
2022-04-24,PHU CAT,13.767,109.217,2.27,27.32,28.55,26.41,25.43,27.38,89.58,20.4,100.38,3.75,146.2,24.66,35.99,0.74,0.72,52.8
2022-04-25,PHU CAT,13.767,109.217,0.87,27.46,28.8,26.42,25.45,27.39,88.99,20.42,100.36,4.0,152.8,25.95,35.55,0.72,0.72,39.21
2022-04-26,PHU CAT,13.767,109.217,0.09,27.54,29.23,26.61,25.7,27.48,89.84,20.73,100.29,4.47,147.4,24.92,35.99,0.7,0.71,15.24
2022-04-27,PHU CAT,13.767,109.217,0.11,27.44,28.77,26.51,25.43,27.46,88.84,20.37,100.37,4.11,142.5,25.48,35.4,0.69,0.7,13.27
2022-04-28,PHU CAT,13.767,109.217,1.29,27.39,28.21,26.5,25.53,27.23,89.57,20.48,100.48,2.23,122.7,21.28,36.78,0.71,0.7,93.53
2022-04-29,PHU CAT,13.767,109.217,5.31,27.19,28.08,26.66,25.32,27.32,89.5,20.23,100.46,4.52,56.4,12.97,37.25,0.73,0.7,95.54
2022-04-30,PHU CAT,13.767,109.217,45.19,27.41,27.85,27.18,25.59,27.23,89.74,20.58,100.38,4.97,122.5,19.11,37.17,0.86,0.74,87.75
2022-05-01,PHU CAT,13.767,109.217,4.6,27.66,28.25,27.13,25.78,27.44,89.45,20.82,100.31,4.62,132.3,18.95,37.27,0.79,0.76,92.06
2022-05-02,PHU CAT,13.767,109.217,19.42,26.29,27.67,25.1,24.5,27.08,89.91,19.28,100.45,5.0,26.8,17.09,37.28,0.86,0.77,91.27
2022-05-03,PHU CAT,13.767,109.217,13.73,26.8,27.34,26.35,24.8,27.36,88.7,19.58,100.57,6.6,24.4,13.98,37.74,0.84,0.79,94.16
2022-05-04,PHU CAT,13.767,109.217,4.43,27.09,27.74,26.63,24.97,27.51,88.1,19.78,100.58,6.16,8.1,14.61,37.98,0.82,0.79,94.75
2022-05-05,PHU CAT,13.767,109.217,0.31,27.33,28.24,26.6,24.31,27.68,83.56,19.02,100.49,4.1,47.7,19.87,36.91,0.79,0.79,72.6
2022-05-06,PHU CAT,13.767,109.217,0.55,27.49,28.75,26.75,24.08,27.63,81.77,18.76,100.51,3.14,50.7,23.94,35.95,0.78,0.78,52.25
2022-05-07,PHU CAT,13.767,109.217,5.25,27.6,28.8,26.82,24.94,27.59,85.7,19.77,100.54,3.49,39.3,22.05,36.86,0.78,0.77,87.0
2022-05-08,PHU CAT,13.767,109.217,10.49,27.28,28.07,26.75,25.4,27.39,89.47,20.31,100.56,3.54,47.5,8.69,37.5,0.83,0.78,99.14
2022-05-09,PHU CAT,13.767,109.217,2.02,27.67,28.65,26.88,25.55,27.89,88.29,20.5,100.52,2.72,81.8,19.43,36.62,0.8,0.78,71.46
2022-05-10,PHU CAT,13.767,109.217,0.73,27.91,29.21,26.91,25.69,28.16,88.02,20.73,100.4,2.95,138.0,25.06,36.16,0.78,0.77,39.54
2022-05-11,PHU CAT,13.767,109.217,1.11,28.26,29.91,27.47,26.04,28.23,88.09,21.19,100.34,4.3,158.1,24.51,37.1,0.78,0.77,51.76
2022-05-12,PHU CAT,13.767,109.217,1.85,28.32,30.0,26.73,25.86,27.83,86.62,20.94,100.25,3.57,199.0,24.05,37.13,0.78,0.76,25.38
2022-05-13,PHU CAT,13.767,109.217,7.53,28.44,30.27,27.45,26.0,27.95,86.8,21.13,100.21,4.01,178.9,23.93,37.5,0.8,0.76,67.61
2022-05-14,PHU CAT,13.767,109.217,5.63,28.19,29.25,27.45,26.35,27.85,89.78,21.53,100.39,3.71,175.9,25.12,37.22,0.8,0.77,40.29
2022-05-15,PHU CAT,13.767,109.217,6.97,28.51,30.08,27.45,26.13,28.01,86.98,21.24,100.4,1.93,206.0,23.31,37.82,0.81,0.78,68.26
2022-05-16,PHU CAT,13.767,109.217,66.1,27.43,28.76,26.33,25.57,27.73,89.59,20.53,100.48,3.56,4.9,13.6,37.37,0.91,0.8,97.44
2022-05-17,PHU CAT,13.767,109.217,41.13,26.85,27.29,26.35,24.41,27.36,86.48,19.14,100.52,6.0,349.9,15.94,36.75,0.92,0.85,92.82
2022-05-18,PHU CAT,13.767,109.217,46.59,27.36,28.08,26.8,25.22,27.5,88.07,20.08,100.56,3.44,23.8,18.25,36.73,0.93,0.9,91.5
2022-05-19,PHU CAT,13.767,109.217,9.58,27.31,28.18,26.5,24.51,27.75,84.71,19.25,100.55,2.61,85.1,23.26,36.69,0.89,0.9,72.64
2022-05-20,PHU CAT,13.767,109.217,8.8,27.56,28.17,26.95,25.49,27.88,88.46,20.46,100.33,5.67,137.4,23.56,37.21,0.89,0.9,68.13
2022-05-21,PHU CAT,13.767,109.217,7.88,27.88,29.28,26.61,25.18,27.66,85.38,20.14,100.12,3.58,179.5,21.34,37.39,0.89,0.9,92.71
2022-05-22,PHU CAT,13.767,109.217,5.79,27.59,28.96,26.68,24.97,27.73,85.74,19.93,99.93,4.9,183.2,22.05,36.74,0.89,0.9,97.31
2022-05-23,PHU CAT,13.767,109.217,8.41,27.94,30.0,26.21,24.55,27.95,81.96,19.39,100.1,5.11,195.5,21.2,37.25,0.88,0.9,88.8
2022-05-24,PHU CAT,13.767,109.217,11.31,28.32,30.11,26.62,25.41,28.24,84.47,20.39,100.34,4.23,189.7,23.06,37.12,0.89,0.91,69.44
2022-05-25,PHU CAT,13.767,109.217,8.02,28.11,29.69,26.81,24.97,28.17,83.48,19.87,100.31,3.5,179.1,21.55,37.32,0.9,0.91,92.78
2022-05-26,PHU CAT,13.767,109.217,10.0,28.17,29.67,26.74,25.39,28.11,84.91,20.41,100.04,4.92,190.5,20.55,37.2,0.9,0.92,89.29
2022-05-27,PHU CAT,13.767,109.217,6.27,27.88,29.45,26.61,24.97,28.03,84.22,19.92,99.9,5.73,204.6,24.07,36.81,0.89,0.92,45.09
2022-05-28,PHU CAT,13.767,109.217,0.55,27.92,30.25,26.15,24.3,27.86,80.83,19.12,99.98,5.02,228.5,25.27,36.17,0.88,0.91,64.46
2022-05-29,PHU CAT,13.767,109.217,1.72,28.53,30.76,26.63,25.07,28.27,81.82,20.02,100.06,3.29,211.4,22.24,37.2,0.87,0.9,77.63
2022-05-30,PHU CAT,13.767,109.217,3.51,28.08,29.61,27.02,25.34,28.11,85.25,20.35,100.08,3.75,190.6,22.87,37.18,0.88,0.9,40.04
2022-05-31,PHU CAT,13.767,109.217,4.36,28.44,29.76,27.61,26.09,28.29,87.22,21.27,100.12,4.18,164.2,23.14,37.66,0.88,0.9,39.62
2022-06-01,PHU CAT,13.767,109.217,5.7,28.38,29.68,27.16,26.4,28.43,89.14,21.66,100.17,4.0,172.4,24.31,37.1,0.88,0.9,58.58
2022-06-02,PHU CAT,13.767,109.217,5.02,28.0,29.34,26.74,25.99,28.09,88.85,21.11,100.26,4.49,193.7,23.94,37.04,0.89,0.9,67.27
2022-06-03,PHU CAT,13.767,109.217,3.3,28.0,29.41,26.91,25.22,27.95,84.85,20.15,100.28,4.32,206.4,24.67,36.4,0.88,0.9,29.45
2022-06-04,PHU CAT,13.767,109.217,0.4,28.27,30.67,26.33,24.66,28.03,81.04,19.49,100.28,4.24,216.2,25.67,36.28,0.87,0.89,20.23
2022-06-05,PHU CAT,13.767,109.217,0.3,28.16,30.15,26.37,25.03,27.8,83.31,19.95,100.14,3.96,206.5,25.26,36.45,0.86,0.89,18.6
2022-06-06,PHU CAT,13.767,109.217,1.03,28.77,30.84,27.33,25.61,28.34,83.25,20.69,100.05,3.55,205.2,25.41,36.94,0.86,0.88,46.04
2022-06-07,PHU CAT,13.767,109.217,3.12,28.1,29.77,26.86,25.38,27.98,85.25,20.36,100.17,3.39,232.5,23.46,36.74,0.87,0.88,77.38
2022-06-08,PHU CAT,13.767,109.217,4.19,27.82,29.54,26.31,25.28,27.65,86.06,20.23,100.23,3.26,201.2,22.85,36.11,0.87,0.88,90.89
2022-06-09,PHU CAT,13.767,109.217,4.88,27.94,30.1,25.84,25.2,27.96,85.35,20.18,100.23,3.43,195.5,25.12,36.55,0.87,0.88,63.81
2022-06-10,PHU CAT,13.767,109.217,3.99,27.72,29.46,26.42,25.2,27.67,86.24,20.13,100.26,3.61,223.4,23.47,36.57,0.87,0.88,84.14
2022-06-11,PHU CAT,13.767,109.217,1.07,28.03,29.58,26.52,25.79,27.8,87.64,20.85,100.28,3.66,197.6,24.13,36.64,0.86,0.88,71.05
2022-06-12,PHU CAT,13.767,109.217,0.25,27.7,29.17,26.34,25.78,27.63,89.34,20.84,100.32,4.13,182.8,24.24,36.41,0.86,0.87,39.85
2022-06-13,PHU CAT,13.767,109.217,0.5,28.04,29.6,26.87,25.54,27.87,86.46,20.54,100.29,4.39,180.6,25.18,36.59,0.85,0.87,65.86
2022-06-14,PHU CAT,13.767,109.217,1.32,28.1,29.51,27.28,25.87,27.64,87.82,20.95,100.31,4.13,170.3,24.18,36.91,0.85,0.86,65.82
2022-06-15,PHU CAT,13.767,109.217,4.32,28.04,29.43,26.78,25.73,27.44,87.29,20.75,100.42,3.26,183.9,21.29,36.99,0.86,0.86,79.25
2022-06-16,PHU CAT,13.767,109.217,0.02,27.66,29.02,26.17,24.87,27.64,84.98,19.7,100.47,4.11,189.5,22.97,36.54,0.85,0.86,37.86
2022-06-17,PHU CAT,13.767,109.217,0.24,28.26,29.99,26.73,25.4,28.12,84.74,20.37,100.35,4.73,176.6,25.46,36.46,0.84,0.85,25.66
2022-06-18,PHU CAT,13.767,109.217,0.38,28.29,29.71,26.93,25.75,27.83,86.21,20.8,100.31,4.3,197.6,25.18,36.75,0.84,0.85,52.47
2022-06-19,PHU CAT,13.767,109.217,0.23,28.29,30.26,26.69,25.42,27.91,84.6,20.42,100.18,4.04,199.8,24.75,36.72,0.83,0.84,37.15
2022-06-20,PHU CAT,13.767,109.217,0.95,28.33,29.83,27.09,25.31,27.8,83.75,20.31,100.02,3.73,202.7,25.81,36.71,0.83,0.84,42.25
2022-06-21,PHU CAT,13.767,109.217,2.86,28.05,29.88,26.09,25.24,27.58,84.73,20.21,100.16,4.35,222.5,23.81,36.75,0.84,0.84,80.99
2022-06-22,PHU CAT,13.767,109.217,3.22,27.84,29.4,26.7,24.93,27.55,84.36,19.77,100.46,4.46,162.0,22.9,36.52,0.83,0.83,87.2
2022-06-23,PHU CAT,13.767,109.217,2.76,27.87,28.78,26.85,24.97,27.86,84.36,19.82,100.44,3.24,166.0,14.07,37.0,0.84,0.83,88.86
2022-06-24,PHU CAT,13.767,109.217,1.3,28.18,29.44,27.02,24.59,28.16,81.11,19.4,100.32,4.42,161.1,21.91,36.98,0.82,0.82,80.24
2022-06-25,PHU CAT,13.767,109.217,0.98,27.75,28.51,26.81,25.44,27.78,87.29,20.41,100.34,5.0,163.4,23.68,36.91,0.83,0.82,52.56
2022-06-26,PHU CAT,13.767,109.217,1.07,28.25,29.66,27.23,25.19,28.11,83.68,20.09,100.44,3.87,165.5,24.66,36.92,0.82,0.82,27.17
2022-06-27,PHU CAT,13.767,109.217,1.27,28.54,29.99,26.88,25.69,28.28,84.68,20.73,100.28,3.2,194.8,24.66,37.07,0.82,0.81,67.53
2022-06-28,PHU CAT,13.767,109.217,2.84,28.91,31.53,27.3,25.43,28.44,81.82,20.47,99.98,2.65,246.6,20.93,37.26,0.82,0.81,95.32
2022-06-29,PHU CAT,13.767,109.217,9.09,28.3,29.47,27.2,25.98,28.09,87.25,21.2,99.77,2.71,235.6,18.15,37.63,0.85,0.81,97.92
2022-06-30,PHU CAT,13.767,109.217,49.45,27.5,28.09,26.65,25.43,27.77,88.42,20.52,99.74,4.54,231.0,11.83,37.19,0.93,0.85,99.35
2022-07-01,PHU CAT,13.767,109.217,5.57,27.68,29.28,26.62,24.78,27.77,84.24,19.71,99.77,5.05,223.5,7.05,37.26,0.88,0.87,98.33
2022-07-02,PHU CAT,13.767,109.217,0.74,28.27,30.17,27.13,24.64,27.97,80.83,19.53,99.88,5.52,222.3,20.46,37.36,0.85,0.86,94.54
2022-07-03,PHU CAT,13.767,109.217,1.65,28.6,30.81,26.94,25.12,28.09,81.69,20.09,99.95,4.69,216.1,19.57,37.56,0.84,0.86,97.72
2022-07-04,PHU CAT,13.767,109.217,1.42,28.99,30.8,27.41,25.75,28.63,82.8,20.87,99.94,5.03,211.1,22.77,37.47,0.84,0.85,93.99
2022-07-05,PHU CAT,13.767,109.217,2.35,28.48,29.93,27.49,25.67,28.48,84.77,20.72,100.14,4.96,205.4,23.58,37.21,0.85,0.85,79.81
2022-07-06,PHU CAT,13.767,109.217,41.93,28.73,30.09,27.41,26.08,28.52,85.64,21.25,100.14,4.47,215.4,22.42,37.61,0.91,0.86,84.26
2022-07-07,PHU CAT,13.767,109.217,5.08,28.4,29.77,27.26,26.06,28.23,87.13,21.21,100.15,3.53,229.9,18.99,37.45,0.88,0.89,97.53
2022-07-08,PHU CAT,13.767,109.217,7.05,28.02,29.8,26.86,25.27,28.19,85.15,20.24,100.14,2.13,189.1,10.83,37.56,0.89,0.89,99.39
2022-07-09,PHU CAT,13.767,109.217,5.14,27.79,29.34,27.05,24.64,28.28,83.03,19.5,100.02,2.7,312.2,7.22,37.42,0.88,0.89,99.76
2022-07-10,PHU CAT,13.767,109.217,14.72,27.79,28.98,26.94,24.2,28.02,80.92,19.0,99.98,3.16,235.1,14.48,37.17,0.9,0.9,97.04
2022-07-11,PHU CAT,13.767,109.217,9.7,27.88,28.82,27.13,25.3,28.31,85.8,20.29,100.02,4.56,182.2,21.94,37.44,0.9,0.91,85.36
2022-07-12,PHU CAT,13.767,109.217,6.2,27.81,28.65,27.2,24.73,28.72,83.29,19.62,99.97,3.22,158.8,19.95,37.2,0.89,0.91,95.9
2022-07-13,PHU CAT,13.767,109.217,3.35,28.72,30.15,27.55,24.67,29.14,78.93,19.6,99.84,3.26,184.1,19.47,37.58,0.88,0.91,96.45
2022-07-14,PHU CAT,13.767,109.217,2.32,29.28,31.04,27.93,25.02,29.29,78.02,19.97,99.95,3.72,197.9,21.64,37.77,0.88,0.9,84.43
2022-07-15,PHU CAT,13.767,109.217,1.16,29.04,30.45,27.91,25.67,29.35,82.22,20.73,100.13,4.14,161.4,24.7,37.49,0.87,0.9,41.96
2022-07-16,PHU CAT,13.767,109.217,2.15,29.08,30.41,27.9,26.18,29.14,84.49,21.37,100.18,4.13,181.6,23.6,37.59,0.87,0.89,74.62
2022-07-17,PHU CAT,13.767,109.217,2.69,29.35,31.11,27.78,26.23,29.17,83.42,21.44,100.13,3.65,228.7,24.61,37.8,0.87,0.89,51.35
2022-07-18,PHU CAT,13.767,109.217,2.35,29.03,30.61,27.63,26.25,29.06,85.13,21.49,100.07,4.74,193.4,24.84,37.37,0.87,0.88,69.33
2022-07-19,PHU CAT,13.767,109.217,8.42,28.66,30.01,27.88,25.89,28.82,85.01,21.01,100.1,4.18,172.5,13.11,37.79,0.88,0.89,97.68
2022-07-20,PHU CAT,13.767,109.217,16.66,28.05,28.97,26.79,25.31,28.53,85.03,20.25,100.31,5.56,175.6,4.01,37.58,0.9,0.9,99.56
2022-07-21,PHU CAT,13.767,109.217,5.42,27.69,28.34,26.97,24.44,28.25,82.4,19.15,100.6,3.72,161.6,21.09,36.77,0.89,0.91,74.7
2022-07-22,PHU CAT,13.767,109.217,0.88,28.11,29.23,27.16,24.57,28.39,81.1,19.31,100.58,2.17,95.2,23.72,36.38,0.87,0.9,79.12
2022-07-23,PHU CAT,13.767,109.217,0.65,28.11,29.04,27.44,24.47,28.55,80.8,19.23,100.48,2.34,52.3,24.54,36.61,0.87,0.89,33.73
2022-07-24,PHU CAT,13.767,109.217,0.9,28.51,29.28,27.76,25.13,28.72,81.93,20.02,100.37,2.26,71.6,25.0,36.71,0.87,0.89,22.59
2022-07-25,PHU CAT,13.767,109.217,0.51,28.8,29.55,27.97,24.98,28.84,79.89,19.84,100.36,1.83,84.5,24.03,37.06,0.86,0.88,50.79
2022-07-26,PHU CAT,13.767,109.217,2.02,28.63,29.55,27.78,25.42,28.86,82.88,20.39,100.33,2.5,138.5,22.93,36.94,0.87,0.88,71.53
2022-07-27,PHU CAT,13.767,109.217,2.08,28.65,29.93,27.53,24.45,28.89,78.27,19.24,100.32,3.11,167.4,22.67,36.65,0.86,0.88,81.7
2022-07-28,PHU CAT,13.767,109.217,1.22,28.76,29.98,27.87,25.0,29.1,80.34,19.9,100.29,2.97,158.9,24.0,37.42,0.86,0.87,49.37
2022-07-29,PHU CAT,13.767,109.217,51.17,29.3,31.08,27.78,25.82,29.52,81.79,20.93,100.12,3.27,174.6,24.89,38.03,0.9,0.88,59.25
2022-07-30,PHU CAT,13.767,109.217,9.46,29.02,30.53,27.32,26.03,29.13,84.0,21.2,100.07,3.1,269.8,22.17,37.62,0.9,0.91,85.99
2022-07-31,PHU CAT,13.767,109.217,11.05,28.92,30.33,27.85,25.81,28.98,83.38,20.92,100.08,3.6,182.3,21.64,37.28,0.9,0.91,91.67
2022-08-01,PHU CAT,13.767,109.217,2.58,28.83,30.23,27.32,25.38,29.02,81.73,20.38,100.16,4.08,188.6,20.68,37.23,0.89,0.91,97.21
2022-08-02,PHU CAT,13.767,109.217,5.19,28.98,30.4,27.84,25.1,29.14,79.73,20.01,100.28,3.6,182.7,19.24,37.45,0.89,0.91,94.97
2022-08-03,PHU CAT,13.767,109.217,17.73,28.47,29.8,27.21,25.24,28.9,82.71,20.16,100.33,4.06,206.1,23.73,37.47,0.91,0.91,74.86
2022-08-04,PHU CAT,13.767,109.217,4.2,28.66,30.33,27.39,25.38,28.93,82.67,20.37,100.23,3.44,215.8,19.72,37.57,0.9,0.92,92.44
2022-08-05,PHU CAT,13.767,109.217,5.73,28.2,29.56,26.92,25.14,28.56,83.55,20.08,100.15,4.43,226.9,21.83,37.01,0.9,0.92,92.6
2022-08-06,PHU CAT,13.767,109.217,4.03,28.26,29.73,27.03,24.87,28.58,81.98,19.77,100.07,4.63,228.3,23.12,37.07,0.9,0.92,87.75
2022-08-07,PHU CAT,13.767,109.217,59.02,27.79,29.01,27.04,24.76,28.59,83.61,19.66,99.99,2.72,318.9,6.92,37.34,0.95,0.94,99.44
2022-08-08,PHU CAT,13.767,109.217,63.39,27.91,29.29,26.9,25.19,28.48,85.1,20.21,99.82,5.07,263.7,9.03,37.28,0.98,0.98,99.51
2022-08-09,PHU CAT,13.767,109.217,24.17,27.49,28.51,26.75,24.63,28.24,84.36,19.52,99.84,5.21,244.8,9.2,37.01,0.96,0.99,99.56
2022-08-10,PHU CAT,13.767,109.217,1.2,28.79,30.96,26.9,25.25,28.8,81.34,20.27,99.94,4.74,223.0,18.61,37.46,0.93,0.97,99.32
2022-08-11,PHU CAT,13.767,109.217,2.15,28.66,30.76,27.17,24.75,28.8,79.58,19.61,100.22,4.74,215.7,19.22,37.04,0.93,0.97,85.18
2022-08-12,PHU CAT,13.767,109.217,2.43,28.85,30.74,27.24,25.18,28.98,80.83,20.1,100.33,3.96,205.0,25.42,36.93,0.92,0.96,54.34
2022-08-13,PHU CAT,13.767,109.217,7.19,29.3,31.13,27.96,25.38,29.44,79.68,20.35,100.3,2.49,179.4,24.61,37.45,0.93,0.96,43.54
2022-08-14,PHU CAT,13.767,109.217,8.77,29.19,30.77,27.72,25.3,29.2,79.67,20.25,100.28,2.31,238.8,23.72,37.47,0.93,0.96,75.09
2022-08-15,PHU CAT,13.767,109.217,10.47,28.7,30.11,27.42,25.32,28.97,82.05,20.28,100.25,4.03,201.4,5.62,37.58,0.94,0.96,98.59
2022-08-16,PHU CAT,13.767,109.217,1.17,29.18,31.07,27.45,25.35,29.16,80.13,20.35,100.16,3.78,244.0,20.27,37.23,0.92,0.96,95.91
2022-08-17,PHU CAT,13.767,109.217,2.17,29.0,31.12,27.5,25.35,29.02,80.87,20.33,100.2,4.27,241.3,19.52,37.15,0.92,0.95,91.46
2022-08-18,PHU CAT,13.767,109.217,3.97,29.04,30.91,27.57,25.32,29.06,80.64,20.31,100.15,4.3,220.9,24.49,37.01,0.92,0.95,74.22
2022-08-19,PHU CAT,13.767,109.217,14.58,28.35,29.95,27.09,25.69,28.84,85.48,20.78,100.05,5.37,211.5,20.47,37.45,0.94,0.96,95.11
2022-08-20,PHU CAT,13.767,109.217,3.91,28.46,29.84,27.29,25.23,28.74,82.71,20.21,100.08,4.63,202.8,15.56,37.5,0.92,0.96,98.86
2022-08-21,PHU CAT,13.767,109.217,4.36,28.62,29.8,27.88,25.38,28.83,82.67,20.37,100.17,4.52,181.0,23.18,37.36,0.92,0.95,80.03
2022-08-22,PHU CAT,13.767,109.217,5.86,28.98,30.67,27.77,25.44,28.9,81.33,20.44,100.23,4.23,220.4,23.52,37.22,0.92,0.95,89.06
2022-08-23,PHU CAT,13.767,109.217,7.61,28.9,30.13,27.62,25.31,28.87,81.1,20.27,100.23,2.27,233.4,23.18,37.13,0.92,0.95,74.84
2022-08-24,PHU CAT,13.767,109.217,9.22,28.67,30.45,27.51,24.74,28.9,79.58,19.62,100.11,3.12,185.5,23.67,36.58,0.93,0.96,82.94
2022-08-25,PHU CAT,13.767,109.217,8.51,28.54,30.1,27.32,25.45,28.74,83.39,20.45,100.17,5.26,187.8,20.39,37.06,0.93,0.96,99.27
2022-08-26,PHU CAT,13.767,109.217,2.71,28.54,30.43,26.54,24.86,28.64,80.74,19.69,100.48,3.57,200.7,21.11,37.66,0.92,0.95,73.98
2022-08-27,PHU CAT,13.767,109.217,1.6,28.57,29.72,27.37,23.57,28.78,74.5,18.21,100.43,1.29,7.7,25.0,36.34,0.91,0.95,59.41
2022-08-28,PHU CAT,13.767,109.217,6.83,27.91,29.29,27.08,24.13,28.49,79.98,18.85,100.4,3.0,42.0,13.72,37.14,0.92,0.95,92.56
2022-08-29,PHU CAT,13.767,109.217,3.31,28.47,28.95,27.93,25.35,28.84,83.16,20.25,100.51,2.61,74.8,20.03,37.17,0.92,0.95,86.32
2022-08-30,PHU CAT,13.767,109.217,1.5,28.75,29.81,27.91,24.67,29.3,78.71,19.47,100.41,2.12,129.8,25.46,36.65,0.91,0.95,24.73
2022-08-31,PHU CAT,13.767,109.217,1.28,29.26,30.2,28.27,24.42,29.33,75.2,19.2,100.26,3.03,141.7,24.95,36.83,0.91,0.94,28.21
2022-09-01,PHU CAT,13.767,109.217,1.23,29.66,30.72,28.66,24.52,29.69,74.04,19.32,100.34,2.21,127.2,24.4,36.57,0.9,0.93,34.91
2022-09-02,PHU CAT,13.767,109.217,2.48,29.29,30.87,28.02,25.18,29.6,78.89,20.12,100.3,3.35,163.1,23.43,37.06,0.9,0.93,82.2
2022-09-03,PHU CAT,13.767,109.217,7.4,29.3,30.72,28.09,25.48,29.49,80.0,20.47,100.22,3.64,238.8,22.82,37.53,0.91,0.93,75.76
2022-09-04,PHU CAT,13.767,109.217,87.23,29.38,31.4,27.91,25.42,29.64,79.48,20.4,100.27,3.27,236.6,23.49,37.56,0.95,0.94,70.93
2022-09-05,PHU CAT,13.767,109.217,9.86,29.23,31.29,27.91,25.45,29.54,80.46,20.46,100.25,2.66,255.8,21.38,37.55,0.93,0.96,96.7
2022-09-06,PHU CAT,13.767,109.217,15.76,27.85,29.12,26.68,25.21,29.18,85.51,20.12,100.35,3.1,19.6,12.91,37.26,0.94,0.96,99.74
2022-09-07,PHU CAT,13.767,109.217,23.98,27.84,28.47,27.48,24.54,29.22,82.24,19.31,100.47,3.48,143.6,9.82,37.13,0.96,0.98,98.71
2022-09-08,PHU CAT,13.767,109.217,4.03,29.01,29.44,28.66,24.84,29.49,78.18,19.62,100.59,4.33,138.9,20.58,37.69,0.93,0.97,75.84
2022-09-09,PHU CAT,13.767,109.217,0.91,29.76,30.51,29.23,24.43,29.75,73.08,19.14,100.62,2.83,103.9,20.76,37.62,0.92,0.96,83.68
2022-09-10,PHU CAT,13.767,109.217,3.33,29.19,30.56,28.05,24.75,29.81,77.17,19.53,100.59,2.9,62.3,22.92,37.21,0.92,0.96,76.05
2022-09-11,PHU CAT,13.767,109.217,2.58,28.66,29.78,27.66,24.25,29.76,77.06,18.96,100.47,2.53,48.4,18.5,36.98,0.92,0.96,71.21
2022-09-12,PHU CAT,13.767,109.217,1.47,29.04,29.96,28.42,23.84,29.87,73.57,18.51,100.43,2.16,44.8,23.7,37.1,0.91,0.95,55.1
2022-09-13,PHU CAT,13.767,109.217,7.07,29.04,30.0,28.23,24.42,29.82,76.21,19.15,100.51,2.16,106.3,22.3,37.48,0.92,0.95,55.77
2022-09-14,PHU CAT,13.767,109.217,12.34,29.03,30.31,27.5,24.89,29.6,78.5,19.71,100.49,2.93,232.4,19.43,37.65,0.93,0.95,95.4
2022-09-15,PHU CAT,13.767,109.217,10.6,28.76,30.66,27.29,25.16,29.41,81.02,20.08,100.32,4.47,221.2,17.98,37.25,0.93,0.96,97.64
2022-09-16,PHU CAT,13.767,109.217,20.59,29.43,31.72,27.72,24.98,29.84,77.25,19.89,100.16,4.69,226.5,22.98,37.25,0.94,0.96,76.91
2022-09-17,PHU CAT,13.767,109.217,7.7,29.8,31.92,28.05,24.88,29.96,75.33,19.76,100.22,3.52,245.7,23.44,37.3,0.93,0.97,68.22
2022-09-18,PHU CAT,13.767,109.217,4.02,29.25,30.82,27.69,24.65,29.76,76.51,19.48,100.31,3.95,247.4,21.4,37.41,0.92,0.96,82.18
2022-09-19,PHU CAT,13.767,109.217,25.56,29.38,31.18,27.87,25.14,29.79,78.09,20.06,100.25,3.16,357.3,21.84,37.85,0.95,0.97,77.82
2022-09-20,PHU CAT,13.767,109.217,5.61,28.48,29.19,27.52,24.03,29.29,76.96,18.75,100.31,2.82,201.3,19.81,37.16,0.93,0.97,92.32
2022-09-21,PHU CAT,13.767,109.217,13.84,28.46,28.89,28.23,25.29,29.34,82.93,20.23,100.31,3.9,123.0,17.08,37.38,0.94,0.97,95.71
2022-09-22,PHU CAT,13.767,109.217,13.7,28.07,29.22,27.35,25.46,29.32,85.83,20.44,100.33,2.88,99.2,15.93,37.51,0.95,0.98,98.54
2022-09-23,PHU CAT,13.767,109.217,9.89,28.25,29.32,27.41,24.79,29.26,81.71,19.64,100.36,2.43,106.5,14.29,37.37,0.95,0.98,98.94
2022-09-24,PHU CAT,13.767,109.217,19.82,27.88,28.8,27.1,25.14,29.1,85.16,20.06,100.32,2.39,134.3,16.02,37.37,0.96,0.98,94.49
2022-09-25,PHU CAT,13.767,109.217,8.82,27.8,28.59,27.35,24.76,29.03,83.6,19.59,100.37,2.55,7.5,16.67,37.08,0.95,0.99,93.09
2022-09-26,PHU CAT,13.767,109.217,81.63,27.69,28.26,27.09,24.83,28.59,84.41,19.69,100.23,5.77,313.6,6.19,36.86,0.98,1.0,99.55
2022-09-27,PHU CAT,13.767,109.217,44.01,27.16,28.67,25.94,23.88,28.29,82.3,18.75,99.4,11.13,242.6,2.8,36.44,0.99,1.0,99.29
2022-09-28,PHU CAT,13.767,109.217,7.24,28.4,30.35,26.84,24.69,28.47,80.51,19.63,99.76,5.71,194.9,14.13,37.17,0.96,1.0,97.84
2022-09-29,PHU CAT,13.767,109.217,7.17,28.41,29.89,27.25,24.54,28.78,79.71,19.37,100.17,4.01,169.5,19.46,37.35,0.96,0.99,89.49
2022-09-30,PHU CAT,13.767,109.217,8.35,28.55,30.01,27.73,25.18,28.62,82.25,20.1,100.38,4.72,163.7,20.49,37.42,0.95,0.99,89.32
2022-10-01,PHU CAT,13.767,109.217,8.77,28.06,28.97,27.61,25.64,28.47,86.78,20.64,100.47,3.69,135.0,13.7,37.43,0.96,0.99,95.91
2022-10-02,PHU CAT,13.767,109.217,6.97,28.01,28.8,27.53,25.03,28.58,83.86,19.87,100.47,3.83,91.6,20.74,37.04,0.95,0.99,84.93
2022-10-03,PHU CAT,13.767,109.217,7.68,27.79,28.44,27.05,25.08,28.46,85.17,19.91,100.58,4.36,37.7,14.37,37.32,0.95,0.99,84.7
2022-10-04,PHU CAT,13.767,109.217,23.72,27.32,28.05,26.57,23.96,28.31,82.07,18.61,100.73,3.5,17.9,7.62,36.82,0.97,1.0,95.06
2022-10-05,PHU CAT,13.767,109.217,11.97,27.24,27.62,26.69,25.09,28.16,87.94,19.89,100.72,4.17,0.6,17.48,36.68,0.96,1.0,87.65
2022-10-06,PHU CAT,13.767,109.217,4.2,27.38,27.71,26.86,24.58,28.34,84.69,19.31,100.7,3.12,354.0,19.44,36.14,0.96,0.99,89.79
2022-10-07,PHU CAT,13.767,109.217,4.45,27.79,28.31,27.15,25.11,28.41,85.28,19.93,100.68,5.34,14.0,19.31,36.87,0.96,0.99,88.92
2022-10-08,PHU CAT,13.767,109.217,10.38,27.8,28.64,27.22,25.06,28.53,85.1,19.87,100.7,3.88,13.7,18.86,36.64,0.96,0.99,98.96
2022-10-09,PHU CAT,13.767,109.217,39.22,27.53,27.77,27.4,25.46,28.24,88.45,20.33,100.83,4.46,1.5,15.74,36.69,0.98,1.0,95.66
2022-10-10,PHU CAT,13.767,109.217,62.75,27.88,28.16,27.67,25.65,28.18,87.58,20.55,100.79,7.5,25.1,7.99,37.5,1.0,1.0,99.38
2022-10-11,PHU CAT,13.767,109.217,35.34,27.65,28.35,27.07,24.71,28.01,83.93,19.45,100.74,8.23,28.4,12.54,37.48,0.99,1.0,97.82
2022-10-12,PHU CAT,13.767,109.217,8.94,27.3,28.18,26.47,23.55,27.86,79.92,18.14,100.63,9.51,6.0,11.95,36.92,0.97,1.0,98.75
2022-10-13,PHU CAT,13.767,109.217,42.58,25.8,27.03,24.88,23.32,27.32,86.26,17.97,100.31,10.8,334.2,1.84,36.24,0.98,1.0,99.14
2022-10-14,PHU CAT,13.767,109.217,28.33,26.44,27.57,24.96,24.54,27.29,89.32,19.5,99.73,8.04,298.3,4.98,36.23,0.99,1.0,98.96
2022-10-15,PHU CAT,13.767,109.217,4.33,27.19,27.79,26.15,24.39,27.91,84.71,19.17,100.31,3.37,62.5,18.81,36.27,0.97,1.0,92.27
2022-10-16,PHU CAT,13.767,109.217,6.7,26.99,27.65,25.67,23.8,27.24,82.67,18.46,100.56,7.26,2.4,14.49,36.77,0.97,1.0,98.86
2022-10-17,PHU CAT,13.767,109.217,0.01,26.62,28.31,25.01,22.33,27.01,77.51,16.86,100.54,7.82,335.4,19.28,35.16,0.95,0.99,98.3
2022-10-18,PHU CAT,13.767,109.217,0.08,26.33,28.58,24.76,22.0,26.98,77.44,16.53,100.49,7.94,337.0,20.84,35.58,0.94,0.98,58.12
2022-10-19,PHU CAT,13.767,109.217,0.49,25.98,27.77,24.76,21.89,27.01,78.26,16.4,100.61,4.65,2.3,20.24,35.82,0.94,0.98,63.93
2022-10-20,PHU CAT,13.767,109.217,0.09,26.22,27.06,25.34,22.57,26.97,80.45,17.06,100.82,4.29,18.5,17.25,35.73,0.93,0.97,82.63
2022-10-21,PHU CAT,13.767,109.217,1.01,26.7,27.44,25.85,23.99,27.14,85.06,18.6,100.84,4.96,1.2,18.14,36.09,0.93,0.97,78.37
2022-10-22,PHU CAT,13.767,109.217,4.11,27.13,27.74,26.52,24.62,27.35,86.17,19.32,100.83,4.2,35.0,17.32,36.66,0.93,0.96,98.53
2022-10-23,PHU CAT,13.767,109.217,1.84,26.5,27.69,25.58,23.62,26.88,84.24,18.2,100.76,7.24,355.8,8.87,36.54,0.92,0.96,97.19
2022-10-24,PHU CAT,13.767,109.217,2.26,26.72,27.61,26.2,24.33,27.0,86.86,19.04,100.6,7.31,340.5,16.64,36.84,0.92,0.95,76.07
2022-10-25,PHU CAT,13.767,109.217,17.82,26.82,27.25,26.49,25.58,26.8,92.84,20.5,100.68,4.95,29.6,13.09,36.62,0.94,0.96,98.15
2022-10-26,PHU CAT,13.767,109.217,26.4,26.84,27.26,26.53,25.2,26.91,90.64,20.03,100.66,5.57,40.6,14.17,37.08,0.96,0.98,94.25
2022-10-27,PHU CAT,13.767,109.217,6.09,26.66,27.3,26.15,23.91,26.81,84.82,18.53,100.66,7.3,22.9,4.11,36.63,0.94,0.98,99.39
2022-10-28,PHU CAT,13.767,109.217,4.68,26.39,27.33,25.85,23.46,26.65,83.93,18.05,100.59,8.56,14.0,11.44,36.18,0.93,0.97,99.41
2022-10-29,PHU CAT,13.767,109.217,5.64,26.46,27.17,25.84,23.82,26.63,85.38,18.47,100.47,9.52,4.1,9.9,36.86,0.93,0.97,99.44
2022-10-30,PHU CAT,13.767,109.217,0.75,25.78,26.69,24.86,22.68,26.3,83.01,17.23,100.44,9.16,348.0,10.44,35.48,0.92,0.96,96.59
2022-10-31,PHU CAT,13.767,109.217,0.11,25.58,27.21,24.12,21.66,26.21,79.05,16.18,100.52,9.79,339.4,16.88,34.25,0.92,0.96,98.81
2022-11-01,PHU CAT,13.767,109.217,0.21,25.36,26.96,23.88,20.96,26.07,76.73,15.48,100.62,8.16,344.0,17.83,33.93,0.91,0.95,95.33
2022-11-02,PHU CAT,13.767,109.217,0.14,25.43,26.58,24.52,20.32,26.01,73.34,14.86,100.69,5.4,5.5,18.7,34.78,0.9,0.94,74.93
2022-11-03,PHU CAT,13.767,109.217,0.13,25.66,26.65,25.0,20.38,26.29,72.65,14.89,100.86,3.91,31.7,16.55,36.39,0.9,0.93,74.36
2022-11-04,PHU CAT,13.767,109.217,0.03,25.74,26.58,25.01,21.34,26.31,76.68,15.77,101.03,5.0,22.0,9.66,36.39,0.89,0.93,95.65
2022-11-05,PHU CAT,13.767,109.217,0.07,25.92,26.62,25.28,22.01,26.43,78.96,16.43,101.09,6.08,9.4,14.41,36.09,0.88,0.92,79.42
2022-11-06,PHU CAT,13.767,109.217,0.55,25.71,26.63,25.06,22.93,26.43,84.67,17.41,100.97,7.65,358.2,16.13,35.61,0.88,0.91,88.0
2022-11-07,PHU CAT,13.767,109.217,0.29,25.56,26.69,24.52,22.91,26.31,85.33,17.41,100.89,7.93,348.9,13.95,35.64,0.87,0.9,90.31
2022-11-08,PHU CAT,13.767,109.217,1.11,26.16,27.13,25.11,23.57,26.46,85.61,18.13,100.83,6.84,355.7,15.21,36.17,0.87,0.89,72.31
2022-11-09,PHU CAT,13.767,109.217,0.45,26.73,27.67,26.11,24.3,26.7,86.53,18.94,100.82,5.23,6.3,18.3,36.1,0.87,0.89,63.33
2022-11-10,PHU CAT,13.767,109.217,0.74,26.66,27.41,26.22,24.77,26.74,89.32,19.5,100.78,5.51,13.3,15.04,36.73,0.86,0.88,58.44
2022-11-11,PHU CAT,13.767,109.217,1.91,26.61,27.17,26.14,24.48,26.64,88.04,19.17,100.78,6.18,17.5,17.38,36.4,0.87,0.88,80.72
2022-11-12,PHU CAT,13.767,109.217,6.05,26.86,27.52,26.56,24.92,26.79,89.09,19.7,100.69,5.24,25.7,9.68,37.44,0.88,0.88,98.73
2022-11-13,PHU CAT,13.767,109.217,14.61,26.93,27.3,26.65,25.37,26.75,91.04,20.22,100.71,4.73,39.6,9.99,36.82,0.91,0.9,60.09
2022-11-14,PHU CAT,13.767,109.217,7.89,27.08,27.85,26.68,25.07,26.94,88.74,19.88,100.7,4.74,26.4,17.02,36.77,0.89,0.9,74.37
2022-11-15,PHU CAT,13.767,109.217,6.1,26.67,27.93,25.09,24.17,26.89,86.09,18.85,100.67,4.26,27.9,16.61,36.1,0.89,0.9,88.24
2022-11-16,PHU CAT,13.767,109.217,2.99,26.88,27.8,25.81,24.76,27.21,88.15,19.54,100.58,4.59,12.9,17.12,36.36,0.88,0.9,69.12
2022-11-17,PHU CAT,13.767,109.217,3.0,27.37,28.25,26.77,25.04,27.35,87.15,19.87,100.57,4.97,14.5,18.03,36.23,0.88,0.9,37.59
2022-11-18,PHU CAT,13.767,109.217,5.47,27.16,27.79,26.6,24.9,26.98,87.42,19.68,100.63,5.87,23.1,16.5,36.58,0.88,0.9,97.24
2022-11-19,PHU CAT,13.767,109.217,21.97,26.58,26.92,26.25,24.45,26.72,88.04,19.18,100.51,6.47,28.7,6.02,36.58,0.92,0.91,99.73
2022-11-20,PHU CAT,13.767,109.217,32.74,26.66,27.31,26.19,24.81,26.73,89.48,19.64,100.31,5.56,36.1,2.14,36.67,0.95,0.93,99.17
2022-11-21,PHU CAT,13.767,109.217,46.76,26.23,26.88,25.58,24.51,26.69,90.16,19.3,100.28,2.37,69.5,8.89,36.72,0.96,0.96,98.93
2022-11-22,PHU CAT,13.767,109.217,12.2,26.86,27.17,26.12,25.09,26.82,89.98,19.97,100.41,4.11,107.3,7.08,37.15,0.94,0.98,99.14
2022-11-23,PHU CAT,13.767,109.217,6.77,26.98,27.66,26.43,24.66,27.28,87.04,19.41,100.57,3.9,134.0,14.64,36.97,0.94,0.97,66.35
2022-11-24,PHU CAT,13.767,109.217,1.6,27.13,27.56,26.57,24.38,27.28,84.9,19.06,100.74,3.03,110.5,18.66,36.47,0.93,0.97,59.89
2022-11-25,PHU CAT,13.767,109.217,4.28,27.28,28.06,26.44,24.85,27.38,86.52,19.62,100.75,2.97,55.8,14.91,36.56,0.93,0.97,91.56
2022-11-26,PHU CAT,13.767,109.217,8.77,26.19,27.43,25.54,23.75,27.27,86.39,18.36,100.7,2.92,95.4,9.22,36.6,0.94,0.97,96.45
2022-11-27,PHU CAT,13.767,109.217,0.3,26.65,27.12,26.32,24.0,27.61,85.36,18.65,100.6,2.2,132.1,15.84,36.7,0.92,0.97,61.29
2022-11-28,PHU CAT,13.767,109.217,0.14,27.09,27.62,26.75,24.11,27.6,83.73,18.76,100.66,2.32,131.0,19.12,35.2,0.92,0.96,13.32
2022-11-29,PHU CAT,13.767,109.217,0.09,27.79,28.77,26.88,23.88,27.88,79.53,18.53,100.67,3.18,42.8,19.66,36.04,0.92,0.96,38.61
2022-11-30,PHU CAT,13.767,109.217,0.38,27.35,28.0,26.86,25.11,27.45,87.53,19.92,100.74,5.35,23.2,15.88,36.47,0.91,0.95,64.2
2022-12-01,PHU CAT,13.767,109.217,1.9,27.49,27.88,27.27,25.56,27.41,89.11,20.47,100.67,6.65,32.7,16.0,36.54,0.91,0.95,88.19
2022-12-02,PHU CAT,13.767,109.217,70.78,27.34,28.05,26.8,23.52,27.13,79.82,18.13,100.68,5.6,63.2,14.04,36.43,0.97,0.97,97.66
2022-12-03,PHU CAT,13.767,109.217,7.01,26.79,27.55,26.16,24.55,27.03,87.48,19.26,100.75,4.74,25.5,8.82,36.24,0.94,0.98,98.21
2022-12-04,PHU CAT,13.767,109.217,3.74,26.62,26.99,26.1,23.49,26.85,82.92,18.05,100.83,5.91,17.0,4.77,36.25,0.93,0.97,93.1
2022-12-05,PHU CAT,13.767,109.217,14.93,26.73,27.58,26.04,24.43,26.86,87.13,19.11,100.8,8.41,24.2,13.18,36.86,0.95,0.97,93.55
2022-12-06,PHU CAT,13.767,109.217,11.68,26.28,26.77,25.86,23.54,26.68,84.81,18.1,100.75,9.05,29.6,10.07,37.09,0.94,0.98,89.7
2022-12-07,PHU CAT,13.767,109.217,20.87,26.38,26.58,26.15,24.13,26.65,87.32,18.77,100.7,8.61,28.1,7.75,37.01,0.96,0.98,78.91
2022-12-08,PHU CAT,13.767,109.217,6.58,26.27,27.08,25.45,23.27,26.37,83.51,17.82,100.74,8.28,31.7,11.98,36.6,0.94,0.98,88.38
2022-12-09,PHU CAT,13.767,109.217,1.05,25.54,26.36,24.99,21.74,25.93,79.45,16.22,100.74,7.47,22.1,15.47,35.41,0.93,0.98,87.57
2022-12-10,PHU CAT,13.767,109.217,1.02,25.11,26.05,24.27,21.28,25.71,79.25,15.75,100.81,7.31,30.4,11.75,35.36,0.93,0.97,95.12
2022-12-11,PHU CAT,13.767,109.217,2.09,24.41,25.22,23.81,20.73,25.48,79.86,15.21,100.89,7.12,30.2,14.16,35.89,0.93,0.97,87.08
2022-12-12,PHU CAT,13.767,109.217,1.92,23.66,24.66,22.73,19.41,25.09,77.01,14.0,101.0,9.56,3.0,7.88,34.59,0.92,0.96,92.62
2022-12-13,PHU CAT,13.767,109.217,1.68,23.21,24.06,22.68,19.13,24.89,77.84,13.75,101.02,9.96,353.1,9.79,34.56,0.92,0.96,76.54
2022-12-14,PHU CAT,13.767,109.217,10.09,23.26,23.74,22.97,20.39,24.9,84.0,14.9,101.0,10.4,351.7,4.83,35.63,0.93,0.95,88.61
2022-12-15,PHU CAT,13.767,109.217,4.14,23.83,24.51,23.3,21.4,25.05,86.31,15.89,100.76,8.71,346.9,6.8,35.61,0.92,0.96,78.33
2022-12-16,PHU CAT,13.767,109.217,12.68,25.11,25.64,23.81,23.43,25.5,90.34,18.0,100.76,7.21,359.4,7.71,36.35,0.93,0.96,99.31
2022-12-17,PHU CAT,13.767,109.217,12.23,23.82,25.96,22.39,21.3,24.95,85.77,15.81,101.14,12.41,14.9,8.2,35.62,0.94,0.96,99.15
2022-12-18,PHU CAT,13.767,109.217,4.88,22.42,23.08,22.02,19.13,24.34,81.61,13.73,101.15,11.93,14.6,7.56,34.92,0.92,0.96,94.98
2022-12-19,PHU CAT,13.767,109.217,2.78,23.32,23.88,22.84,20.52,24.6,84.24,15.03,100.88,8.95,9.9,4.68,35.9,0.92,0.96,98.43
2022-12-20,PHU CAT,13.767,109.217,1.94,24.64,25.07,24.21,22.1,24.98,85.71,16.58,100.73,7.08,16.7,11.04,35.99,0.92,0.95,90.74
2022-12-21,PHU CAT,13.767,109.217,1.85,24.34,25.56,23.04,21.33,24.77,83.24,15.82,100.78,8.56,16.5,11.62,35.52,0.91,0.95,94.47
2022-12-22,PHU CAT,13.767,109.217,0.13,22.89,23.61,22.25,18.7,24.12,77.17,13.41,100.86,8.66,1.5,10.86,33.77,0.91,0.94,92.93
2022-12-23,PHU CAT,13.767,109.217,0.64,23.26,23.91,22.89,18.38,24.1,74.0,13.12,100.99,8.17,12.5,13.12,33.38,0.9,0.94,73.14
2022-12-24,PHU CAT,13.767,109.217,0.49,23.44,24.39,22.63,18.03,24.05,71.57,12.81,101.13,8.64,25.0,15.24,32.79,0.89,0.93,74.06
2022-12-25,PHU CAT,13.767,109.217,0.59,23.23,23.69,22.79,18.15,23.9,73.14,12.89,101.26,7.19,17.2,16.55,32.76,0.89,0.92,84.72
2022-12-26,PHU CAT,13.767,109.217,0.87,23.58,24.45,22.81,19.21,24.21,76.38,13.77,101.29,7.94,23.6,13.86,33.67,0.88,0.92,99.53
2022-12-27,PHU CAT,13.767,109.217,0.58,23.68,24.49,23.21,19.67,24.13,78.21,14.19,101.21,7.33,10.9,11.96,34.4,0.88,0.91,84.46
2022-12-28,PHU CAT,13.767,109.217,1.65,23.92,24.48,23.61,20.46,24.2,80.91,14.9,101.22,6.86,15.8,16.5,34.1,0.88,0.9,76.09
2022-12-29,PHU CAT,13.767,109.217,2.35,23.94,24.65,23.31,21.06,24.2,83.82,15.46,101.31,9.24,24.3,12.84,35.38,0.88,0.9,89.63
2022-12-30,PHU CAT,13.767,109.217,1.35,23.23,23.91,22.62,19.8,23.93,80.99,14.28,101.37,10.12,13.3,10.9,34.77,0.87,0.89,99.68
2022-12-31,PHU CAT,13.767,109.217,3.59,22.82,23.18,22.51,20.12,23.76,84.7,14.59,101.31,10.22,0.8,7.33,34.98,0.88,0.89,99.14
2023-01-01,PHU CAT,13.767,109.217,4.15,23.05,23.53,22.69,21.26,23.86,89.67,15.69,101.2,9.66,353.0,2.01,34.99,0.88,0.89,94.93
2023-01-02,PHU CAT,13.767,109.217,3.43,23.48,24.13,23.06,21.96,24.03,91.13,16.37,101.21,9.17,352.7,10.65,35.42,0.88,0.89,81.47
2023-01-03,PHU CAT,13.767,109.217,2.61,23.57,24.21,23.25,21.49,23.96,88.06,15.9,101.19,9.85,7.2,9.27,35.5,0.87,0.89,99.04
2023-01-04,PHU CAT,13.767,109.217,3.17,23.71,23.99,23.52,21.83,23.99,89.14,16.25,101.11,9.41,16.8,6.42,35.52,0.88,0.89,99.77
2023-01-05,PHU CAT,13.767,109.217,4.86,23.7,24.19,23.3,21.69,23.97,88.42,16.1,101.14,10.48,14.4,4.86,35.36,0.88,0.89,99.49
2023-01-06,PHU CAT,13.767,109.217,16.69,22.99,23.36,22.63,21.01,23.69,88.57,15.45,101.1,11.18,3.3,5.08,35.15,0.91,0.9,99.57
2023-01-07,PHU CAT,13.767,109.217,18.2,23.04,23.52,22.77,21.04,23.73,88.45,15.5,100.97,9.54,1.1,3.68,35.0,0.92,0.92,99.42
2023-01-08,PHU CAT,13.767,109.217,20.12,24.02,24.38,23.71,22.94,24.19,93.58,17.41,100.97,5.48,23.0,2.64,36.16,0.93,0.93,99.53
2023-01-09,PHU CAT,13.767,109.217,3.5,24.24,25.1,23.42,23.17,24.37,93.62,17.66,101.01,4.73,16.9,8.67,36.27,0.91,0.94,92.58
2023-01-10,PHU CAT,13.767,109.217,1.64,23.75,24.59,23.1,22.43,24.22,92.21,16.89,100.94,4.74,15.2,10.86,35.61,0.9,0.94,89.29
2023-01-11,PHU CAT,13.767,109.217,2.29,23.77,24.86,22.92,22.19,24.13,90.87,16.66,100.82,3.88,9.7,15.46,35.19,0.9,0.93,57.85
2023-01-12,PHU CAT,13.767,109.217,0.2,24.21,25.05,23.73,22.11,24.47,88.06,16.59,100.76,2.69,83.4,13.7,35.67,0.89,0.92,59.62
2023-01-13,PHU CAT,13.767,109.217,0.55,25.16,26.83,24.18,23.48,25.0,90.53,18.07,100.66,3.2,151.2,16.2,35.95,0.88,0.92,70.89
2023-01-14,PHU CAT,13.767,109.217,0.06,25.05,26.74,23.8,23.55,24.91,91.48,18.18,100.49,2.14,151.2,20.55,34.59,0.88,0.91,19.61
2023-01-15,PHU CAT,13.767,109.217,0.36,24.5,25.59,23.9,23.11,24.53,91.99,17.67,100.68,3.96,22.0,18.66,33.8,0.87,0.9,28.47
2023-01-16,PHU CAT,13.767,109.217,0.92,23.96,24.99,23.31,21.24,24.05,84.7,15.68,101.04,7.92,17.2,16.7,35.01,0.87,0.9,77.73
2023-01-17,PHU CAT,13.767,109.217,0.97,23.47,24.37,22.85,20.26,23.76,82.09,14.73,101.22,9.22,15.6,12.98,34.6,0.87,0.89,97.56
2023-01-18,PHU CAT,13.767,109.217,1.28,22.65,23.37,22.26,19.48,23.46,82.2,14.02,101.27,9.82,3.2,9.02,35.0,0.87,0.89,99.5
2023-01-19,PHU CAT,13.767,109.217,1.26,22.68,23.16,22.36,19.91,23.41,84.36,14.41,101.2,8.53,1.5,8.04,35.34,0.87,0.88,94.05
2023-01-20,PHU CAT,13.767,109.217,2.55,22.74,23.37,22.39,20.41,23.49,86.71,14.89,101.15,8.94,357.7,6.52,35.6,0.87,0.88,98.49
2023-01-21,PHU CAT,13.767,109.217,0.69,23.64,24.42,23.13,22.01,23.87,90.56,16.46,100.9,6.84,359.4,8.68,35.93,0.86,0.87,98.76
2023-01-22,PHU CAT,13.767,109.217,0.4,23.99,24.84,23.52,22.4,24.09,90.76,16.88,100.79,5.57,6.7,12.15,36.06,0.85,0.87,92.45
2023-01-23,PHU CAT,13.767,109.217,0.7,24.34,25.3,23.84,22.68,24.21,90.42,17.17,100.84,5.42,21.4,13.92,35.96,0.85,0.86,84.94
2023-01-24,PHU CAT,13.767,109.217,4.74,23.25,24.91,22.22,20.31,23.53,83.47,14.85,101.12,10.69,24.8,12.84,35.33,0.86,0.86,91.92
2023-01-25,PHU CAT,13.767,109.217,0.33,22.75,23.63,22.03,18.74,23.25,78.08,13.41,101.01,8.26,14.1,13.54,34.59,0.84,0.86,84.46
2023-01-26,PHU CAT,13.767,109.217,0.71,23.37,24.03,22.71,20.67,23.54,84.81,15.15,100.93,6.26,13.6,12.82,35.07,0.84,0.85,70.05
2023-01-27,PHU CAT,13.767,109.217,3.59,23.2,24.1,22.24,20.5,23.48,84.7,15.0,101.03,9.98,20.5,13.62,35.57,0.84,0.85,91.01
2023-01-28,PHU CAT,13.767,109.217,1.44,21.94,23.16,21.11,18.17,22.86,79.19,12.92,101.14,10.91,12.4,12.85,34.61,0.83,0.84,90.44
2023-01-29,PHU CAT,13.767,109.217,1.03,21.25,22.44,20.3,17.18,22.56,77.52,12.14,101.28,10.61,8.5,4.74,34.13,0.83,0.84,81.53
2023-01-30,PHU CAT,13.767,109.217,1.13,21.03,21.76,20.39,18.12,22.62,83.71,12.92,101.13,8.42,350.4,10.03,34.07,0.83,0.83,74.11
2023-01-31,PHU CAT,13.767,109.217,0.07,22.46,23.38,20.97,20.24,23.02,87.26,14.77,100.86,4.94,356.4,10.97,35.11,0.82,0.82,89.57
2023-02-01,PHU CAT,13.767,109.217,0.65,23.61,24.36,22.87,22.09,23.6,91.26,16.58,100.78,3.81,18.6,12.85,35.86,0.82,0.82,75.78
2023-02-02,PHU CAT,13.767,109.217,0.42,24.25,25.26,23.52,23.06,23.97,92.93,17.56,100.87,4.16,44.6,11.36,35.92,0.82,0.81,70.03
2023-02-03,PHU CAT,13.767,109.217,0.13,24.45,25.28,23.97,22.52,24.24,88.97,16.99,100.89,4.12,31.4,15.75,35.26,0.81,0.81,83.55
2023-02-04,PHU CAT,13.767,109.217,0.18,24.62,25.75,23.8,22.62,24.64,88.65,17.11,100.79,3.66,33.7,17.96,34.67,0.81,0.8,56.99
2023-02-05,PHU CAT,13.767,109.217,0.01,24.59,25.84,23.66,22.1,24.5,86.11,16.58,100.79,2.43,43.4,18.48,34.19,0.8,0.8,62.77
2023-02-06,PHU CAT,13.767,109.217,0.01,24.73,25.87,24.0,22.18,24.77,85.7,16.67,100.72,1.62,86.1,20.2,34.54,0.79,0.79,46.12
2023-02-07,PHU CAT,13.767,109.217,0.01,25.11,26.28,24.3,23.15,25.12,88.87,17.67,100.78,2.48,55.7,19.94,34.96,0.79,0.78,34.16
2023-02-08,PHU CAT,13.767,109.217,0.01,25.07,26.08,24.38,22.92,25.05,87.86,17.43,100.78,2.89,54.5,16.41,35.51,0.78,0.78,75.15
2023-02-09,PHU CAT,13.767,109.217,0.01,25.28,26.22,24.68,22.88,25.36,86.55,17.39,100.79,3.24,71.8,19.1,34.37,0.78,0.77,30.34
2023-02-10,PHU CAT,13.767,109.217,0.04,25.27,26.54,24.57,21.7,25.28,80.59,16.18,100.83,2.58,89.7,19.38,33.67,0.77,0.76,30.92
2023-02-11,PHU CAT,13.767,109.217,0.01,25.16,26.54,23.87,21.98,25.19,82.63,16.47,100.77,2.03,122.5,21.6,34.2,0.76,0.76,40.03
2023-02-12,PHU CAT,13.767,109.217,0.01,25.33,26.85,24.07,23.36,25.44,89.03,17.92,100.77,3.25,151.0,21.31,34.14,0.75,0.75,54.81
2023-02-13,PHU CAT,13.767,109.217,0.01,25.26,26.82,24.46,22.84,25.5,86.49,17.35,100.75,4.27,155.9,22.02,33.54,0.75,0.74,51.44
2023-02-14,PHU CAT,13.767,109.217,0.5,25.56,26.69,24.97,22.84,25.44,84.95,17.33,100.86,4.35,48.7,19.9,34.71,0.74,0.74,41.72
2023-02-15,PHU CAT,13.767,109.217,2.38,24.97,25.96,24.03,21.32,24.95,80.09,15.74,101.14,8.32,42.6,16.79,35.18,0.74,0.74,60.48
2023-02-16,PHU CAT,13.767,109.217,5.26,24.39,25.18,23.8,20.98,24.83,81.3,15.4,101.22,8.77,28.7,18.61,35.26,0.75,0.73,72.52
2023-02-17,PHU CAT,13.767,109.217,3.97,24.22,24.98,23.7,21.32,24.72,83.81,15.75,101.07,6.98,19.5,9.8,36.27,0.76,0.74,99.01
2023-02-18,PHU CAT,13.767,109.217,1.37,24.37,25.25,23.82,21.58,24.69,84.42,16.02,100.97,6.0,13.7,10.8,35.88,0.74,0.73,84.97
2023-02-19,PHU CAT,13.767,109.217,2.15,24.32,25.07,23.59,21.22,24.62,82.81,15.66,100.98,8.23,2.9,16.54,34.8,0.73,0.73,70.73
2023-02-20,PHU CAT,13.767,109.217,1.24,24.22,25.19,23.51,20.35,24.45,78.98,14.83,101.04,7.85,11.2,14.76,34.9,0.72,0.72,69.88
2023-02-21,PHU CAT,13.767,109.217,1.6,24.14,25.1,23.45,20.24,24.35,78.84,14.72,101.17,7.62,16.1,15.42,35.29,0.72,0.72,83.67
2023-02-22,PHU CAT,13.767,109.217,1.84,24.45,25.17,23.82,20.73,24.4,79.71,15.18,101.08,7.35,29.7,11.69,35.34,0.72,0.72,67.28
2023-02-23,PHU CAT,13.767,109.217,0.3,23.82,25.28,22.37,19.4,24.23,76.28,13.99,101.01,6.51,15.4,20.96,32.92,0.7,0.71,30.56
2023-02-24,PHU CAT,13.767,109.217,0.38,23.62,24.35,23.22,19.14,24.29,75.89,13.73,101.21,8.54,10.7,20.99,32.91,0.69,0.7,44.51
2023-02-25,PHU CAT,13.767,109.217,2.25,24.05,25.08,23.14,19.59,24.41,76.17,14.09,101.49,10.44,23.4,20.05,34.07,0.69,0.7,54.5
2023-02-26,PHU CAT,13.767,109.217,4.14,23.23,24.1,22.8,19.41,24.19,79.18,13.93,101.57,10.88,20.5,16.31,35.34,0.7,0.7,86.93
2023-02-27,PHU CAT,13.767,109.217,5.68,23.88,24.35,23.48,21.09,24.39,84.38,15.48,101.41,8.47,27.8,8.47,36.11,0.72,0.7,98.63
2023-02-28,PHU CAT,13.767,109.217,2.21,23.96,24.66,23.38,20.68,24.32,81.8,15.1,101.34,7.32,27.6,9.16,35.48,0.7,0.7,87.42
2023-03-01,PHU CAT,13.767,109.217,0.86,23.9,24.95,23.18,20.0,24.23,78.75,14.46,101.39,7.63,17.3,14.36,35.14,0.68,0.7,85.31
2023-03-02,PHU CAT,13.767,109.217,0.25,23.68,24.41,23.21,19.07,24.07,75.36,13.64,101.44,8.02,16.6,19.26,33.36,0.67,0.69,37.7
2023-03-03,PHU CAT,13.767,109.217,0.51,24.21,25.36,23.45,20.08,24.34,77.79,14.52,101.5,7.62,24.5,19.46,33.66,0.66,0.68,56.97
2023-03-04,PHU CAT,13.767,109.217,0.47,23.85,24.93,23.02,19.05,24.27,74.51,13.6,101.54,7.85,31.6,15.98,33.61,0.65,0.68,50.8
2023-03-05,PHU CAT,13.767,109.217,0.51,23.7,24.63,22.99,19.35,24.35,76.53,13.87,101.42,7.28,29.9,19.54,33.1,0.65,0.67,26.96
2023-03-06,PHU CAT,13.767,109.217,0.44,23.96,24.67,23.36,19.46,24.69,75.91,14.0,101.27,6.39,25.5,21.6,33.56,0.64,0.67,41.11
2023-03-07,PHU CAT,13.767,109.217,0.16,24.11,25.36,22.98,18.14,24.55,69.31,12.88,101.26,5.19,27.0,22.85,31.97,0.63,0.66,15.88
2023-03-08,PHU CAT,13.767,109.217,0.13,24.17,25.39,23.06,18.77,24.55,71.97,13.42,101.2,5.48,26.4,22.6,32.51,0.62,0.66,22.69
2023-03-09,PHU CAT,13.767,109.217,0.13,23.85,25.11,22.91,19.59,24.46,77.04,14.13,101.15,6.7,15.9,16.9,34.19,0.62,0.65,48.13
2023-03-10,PHU CAT,13.767,109.217,0.15,23.81,25.02,22.98,19.28,24.52,75.71,13.87,101.05,4.37,30.2,21.17,33.54,0.61,0.65,34.35
2023-03-11,PHU CAT,13.767,109.217,0.23,24.12,25.21,23.32,19.44,24.77,75.12,14.01,101.1,4.21,24.9,20.64,33.19,0.6,0.64,29.0
2023-03-12,PHU CAT,13.767,109.217,1.04,24.31,25.21,23.65,20.63,24.96,79.91,15.09,101.15,7.45,22.7,20.03,34.41,0.6,0.64,59.53
2023-03-13,PHU CAT,13.767,109.217,0.78,24.36,25.25,23.74,20.32,24.94,78.16,14.8,101.06,7.53,27.0,20.69,33.8,0.6,0.64,41.36
2023-03-14,PHU CAT,13.767,109.217,0.49,24.16,25.11,23.3,20.42,24.99,79.6,14.92,100.91,5.0,37.0,22.23,33.25,0.6,0.63,23.36
2023-03-15,PHU CAT,13.767,109.217,0.68,24.61,25.47,24.07,21.09,25.57,80.75,15.54,101.01,4.17,58.7,21.93,33.91,0.59,0.63,44.84
2023-03-16,PHU CAT,13.767,109.217,0.33,24.95,25.79,24.28,20.71,25.6,77.25,15.17,101.07,4.42,42.3,16.71,34.78,0.58,0.62,66.07
2023-03-17,PHU CAT,13.767,109.217,0.01,24.89,26.6,23.58,20.54,25.89,77.13,15.03,100.96,3.82,43.9,24.45,33.32,0.57,0.62,18.28
2023-03-18,PHU CAT,13.767,109.217,0.01,24.95,26.12,24.24,20.66,25.93,77.07,15.14,100.87,3.35,49.0,21.83,34.33,0.56,0.61,30.13
2023-03-19,PHU CAT,13.767,109.217,0.0,25.68,27.03,24.79,21.86,26.38,79.54,16.34,100.72,2.75,87.7,23.78,34.84,0.56,0.61,32.96
2023-03-20,PHU CAT,13.767,109.217,0.0,25.43,27.04,24.09,22.61,26.3,84.59,17.14,100.6,3.85,149.9,22.75,33.88,0.56,0.6,18.66
2023-03-21,PHU CAT,13.767,109.217,0.0,26.11,28.56,24.55,23.28,26.54,84.92,17.91,100.47,5.55,164.8,23.79,33.46,0.55,0.6,21.57
2023-03-22,PHU CAT,13.767,109.217,0.0,26.46,28.81,25.26,23.99,26.76,86.62,18.7,100.37,5.87,159.4,23.13,34.53,0.55,0.6,10.87
2023-03-23,PHU CAT,13.767,109.217,0.0,26.57,28.5,25.31,23.94,26.72,85.69,18.62,100.41,6.2,160.0,23.35,34.33,0.54,0.59,43.94
2023-03-24,PHU CAT,13.767,109.217,0.0,26.25,28.05,24.92,23.69,26.6,85.88,18.32,100.54,5.78,154.4,22.42,34.85,0.54,0.59,56.0
2023-03-25,PHU CAT,13.767,109.217,0.0,26.13,27.89,25.04,22.97,26.55,83.09,17.54,100.57,5.36,157.5,23.9,33.78,0.53,0.58,19.5
2023-03-26,PHU CAT,13.767,109.217,0.02,26.46,27.9,25.6,23.88,26.84,85.91,18.52,100.59,4.05,126.6,22.84,35.05,0.53,0.58,23.88
2023-03-27,PHU CAT,13.767,109.217,0.31,26.65,27.77,25.86,24.44,26.89,87.78,19.14,100.71,2.48,96.6,23.01,35.67,0.54,0.58,37.87
2023-03-28,PHU CAT,13.767,109.217,0.14,25.99,27.72,24.66,23.33,26.84,85.35,17.85,100.87,2.79,58.1,19.25,35.5,0.53,0.57,82.02
2023-03-29,PHU CAT,13.767,109.217,0.17,25.95,27.07,25.1,23.08,26.93,84.16,17.6,100.77,3.29,36.8,19.12,35.38,0.52,0.57,46.53
2023-03-30,PHU CAT,13.767,109.217,0.25,26.81,27.67,25.86,22.59,27.19,77.59,17.1,100.62,2.51,55.7,19.99,35.83,0.52,0.57,48.88
2023-03-31,PHU CAT,13.767,109.217,0.08,27.16,28.56,25.99,23.06,27.29,78.36,17.61,100.63,2.11,107.4,18.6,36.11,0.51,0.56,61.69
2023-04-01,PHU CAT,13.767,109.217,0.02,27.0,28.53,26.0,23.3,27.4,80.27,17.88,100.59,4.13,145.9,21.55,35.27,0.5,0.56,55.95
2023-04-02,PHU CAT,13.767,109.217,0.04,27.17,28.76,26.23,23.42,27.51,80.22,18.04,100.49,4.58,150.2,23.21,34.92,0.49,0.56,19.92
2023-04-03,PHU CAT,13.767,109.217,0.04,27.4,29.1,26.18,24.23,27.67,82.99,18.94,100.49,5.84,154.9,23.29,34.89,0.49,0.55,7.5
2023-04-04,PHU CAT,13.767,109.217,0.15,27.83,29.34,26.78,25.36,27.79,86.8,20.33,100.37,4.52,156.8,24.0,35.31,0.49,0.55,3.31
2023-04-05,PHU CAT,13.767,109.217,0.19,27.49,29.12,26.11,25.35,27.22,88.26,20.27,100.42,4.82,168.4,23.97,35.34,0.5,0.55,2.53
2023-04-06,PHU CAT,13.767,109.217,0.13,27.43,29.46,26.02,24.44,27.49,84.03,19.17,100.55,5.11,160.2,23.91,34.99,0.48,0.54,11.54
2023-04-07,PHU CAT,13.767,109.217,0.08,27.16,28.73,26.1,23.65,27.46,81.27,18.22,100.87,3.84,123.0,24.95,34.37,0.47,0.54,7.84
2023-04-08,PHU CAT,13.767,109.217,0.71,26.93,28.27,25.82,23.4,27.44,81.14,17.91,101.03,4.59,21.9,21.83,35.73,0.48,0.54,28.21
2023-04-09,PHU CAT,13.767,109.217,3.21,26.59,27.54,25.93,24.3,27.06,87.23,18.94,100.85,4.5,19.7,12.47,37.29,0.52,0.54,70.38
2023-04-10,PHU CAT,13.767,109.217,0.21,27.12,28.38,25.98,24.15,27.48,83.89,18.81,100.66,2.39,88.0,17.44,36.55,0.49,0.54,46.1
2023-04-11,PHU CAT,13.767,109.217,0.02,27.38,28.82,26.28,24.34,27.72,83.66,19.06,100.54,3.54,151.8,18.96,36.22,0.48,0.53,21.99
2023-04-12,PHU CAT,13.767,109.217,0.2,27.55,28.82,26.71,24.85,27.74,85.25,19.65,100.54,4.17,136.8,18.79,36.78,0.48,0.53,27.28
2023-04-13,PHU CAT,13.767,109.217,0.03,27.68,28.89,26.93,24.32,27.88,81.94,19.03,100.51,3.34,124.5,19.9,36.8,0.47,0.53,33.65
2023-04-14,PHU CAT,13.767,109.217,0.16,28.06,29.52,26.88,25.36,28.04,85.49,20.3,100.4,2.82,143.4,17.97,37.41,0.47,0.53,23.58
2023-04-15,PHU CAT,13.767,109.217,1.36,27.8,28.98,26.8,25.44,27.99,87.07,20.39,100.4,2.42,116.0,16.57,37.59,0.48,0.52,74.91
2023-04-16,PHU CAT,13.767,109.217,2.57,27.63,28.66,26.93,25.04,27.82,85.85,19.89,100.47,2.08,129.1,15.83,37.41,0.52,0.53,98.38
2023-04-17,PHU CAT,13.767,109.217,0.38,28.15,29.73,26.78,25.19,28.04,84.26,20.07,100.54,4.26,161.1,16.91,36.8,0.48,0.52,37.52
2023-04-18,PHU CAT,13.767,109.217,0.32,28.22,30.34,26.94,25.2,27.78,83.98,20.09,100.41,5.95,168.6,21.53,36.4,0.48,0.52,7.71
2023-04-19,PHU CAT,13.767,109.217,0.78,28.18,30.41,26.57,25.24,27.51,84.42,20.22,100.03,5.52,177.4,21.49,36.79,0.48,0.52,13.17
2023-04-20,PHU CAT,13.767,109.217,1.0,28.67,31.73,26.9,25.32,27.76,82.78,20.36,99.92,3.94,182.8,22.66,36.96,0.48,0.52,12.8
2023-04-21,PHU CAT,13.767,109.217,6.05,28.65,31.53,27.1,25.59,27.68,84.19,20.66,100.08,3.28,172.5,23.3,37.34,0.52,0.52,38.51
2023-04-22,PHU CAT,13.767,109.217,4.75,27.62,29.07,26.73,26.16,27.25,91.8,21.31,100.32,4.43,156.7,22.78,36.51,0.57,0.53,65.18
2023-04-23,PHU CAT,13.767,109.217,1.2,27.32,28.84,26.15,25.32,27.29,89.07,20.23,100.56,2.86,149.8,25.04,35.06,0.52,0.53,32.36
2023-04-24,PHU CAT,13.767,109.217,1.3,27.35,28.94,26.46,25.11,27.71,87.94,19.99,100.66,2.51,61.9,23.41,35.4,0.51,0.53,38.31
2023-04-25,PHU CAT,13.767,109.217,2.14,27.08,27.9,26.28,24.22,27.52,84.36,18.9,100.62,4.3,22.4,23.16,35.98,0.52,0.53,50.6
2023-04-26,PHU CAT,13.767,109.217,1.67,27.47,28.63,26.75,25.35,27.84,88.36,20.25,100.56,5.42,1.7,16.92,37.44,0.52,0.53,92.85
2023-04-27,PHU CAT,13.767,109.217,0.46,27.49,28.72,26.64,25.13,27.93,87.04,19.96,100.65,4.12,28.5,20.76,36.87,0.5,0.53,36.13
2023-04-28,PHU CAT,13.767,109.217,0.18,27.68,28.97,26.84,24.17,28.29,81.25,18.86,100.58,3.19,69.3,22.93,36.43,0.48,0.52,56.58
2023-04-29,PHU CAT,13.767,109.217,0.22,28.07,29.43,27.14,23.92,28.52,78.5,18.6,100.54,3.6,52.0,23.98,36.26,0.46,0.52,59.47
2023-04-30,PHU CAT,13.767,109.217,0.27,27.98,29.3,26.95,24.08,28.32,79.56,18.76,100.59,5.19,19.3,20.77,36.57,0.46,0.51,51.76
2023-05-01,PHU CAT,13.767,109.217,0.03,28.09,29.21,27.32,23.75,28.28,77.34,18.36,100.66,4.52,32.1,22.93,36.22,0.45,0.51,23.17
2023-05-02,PHU CAT,13.767,109.217,0.06,28.32,29.25,27.84,24.1,28.44,77.98,18.75,100.72,3.59,58.9,23.06,36.67,0.45,0.51,22.31
2023-05-03,PHU CAT,13.767,109.217,0.02,28.52,30.04,27.51,24.29,28.87,78.14,18.99,100.62,3.02,99.3,24.8,36.1,0.43,0.5,13.6
2023-05-04,PHU CAT,13.767,109.217,0.03,28.97,31.08,27.56,25.21,29.24,80.87,20.18,100.27,3.33,153.5,25.68,36.27,0.41,0.5,10.07
2023-05-05,PHU CAT,13.767,109.217,0.07,29.71,32.44,28.22,25.9,29.52,80.62,21.08,99.99,3.98,162.1,24.9,37.29,0.4,0.5,16.22
2023-05-06,PHU CAT,13.767,109.217,2.09,29.58,31.43,28.47,26.77,29.35,85.21,22.21,99.9,4.01,148.9,24.76,37.8,0.43,0.5,22.34
2023-05-07,PHU CAT,13.767,109.217,1.7,30.3,34.67,27.95,25.97,29.1,78.84,21.18,99.91,2.67,191.5,23.15,38.31,0.46,0.5,64.83
2023-05-08,PHU CAT,13.767,109.217,6.07,28.67,30.58,27.66,26.36,28.61,87.42,21.58,100.26,2.15,23.3,19.1,37.82,0.52,0.5,95.61
2023-05-09,PHU CAT,13.767,109.217,8.81,28.0,28.81,27.07,25.5,28.38,86.34,20.46,100.41,4.0,13.2,8.0,37.59,0.6,0.52,94.34
2023-05-10,PHU CAT,13.767,109.217,0.91,27.81,28.29,27.32,25.23,28.67,85.81,20.1,100.53,3.18,116.4,16.89,37.26,0.53,0.52,80.51
2023-05-11,PHU CAT,13.767,109.217,3.61,28.55,29.31,27.99,25.97,28.76,86.02,21.02,100.6,3.22,122.2,20.85,37.74,0.53,0.52,90.82
2023-05-12,PHU CAT,13.767,109.217,4.86,28.73,29.71,28.05,26.1,28.91,85.76,21.16,100.66,3.16,132.1,22.34,37.37,0.56,0.53,76.59
2023-05-13,PHU CAT,13.767,109.217,4.66,28.99,30.36,27.29,25.34,29.5,80.78,20.24,100.6,2.53,105.1,24.81,37.68,0.54,0.53,57.08
2023-05-14,PHU CAT,13.767,109.217,15.17,27.46,27.72,27.05,24.53,28.88,84.06,19.27,100.6,3.15,94.5,16.6,37.48,0.64,0.55,54.37
2023-05-15,PHU CAT,13.767,109.217,4.22,28.73,29.87,27.27,25.42,29.17,82.46,20.35,100.56,2.52,155.4,23.84,37.75,0.58,0.56,64.9
2023-05-16,PHU CAT,13.767,109.217,5.91,29.08,31.27,27.31,25.74,29.03,82.48,20.75,100.47,3.73,220.5,24.71,37.26,0.59,0.57,62.55
2023-05-17,PHU CAT,13.767,109.217,3.33,29.11,30.87,27.61,26.16,28.98,84.28,21.29,100.43,4.03,218.3,23.73,37.3,0.57,0.57,52.38
2023-05-18,PHU CAT,13.767,109.217,0.57,29.66,32.34,27.52,25.98,29.34,80.98,21.09,100.31,3.61,223.6,24.05,37.56,0.54,0.57,37.91
2023-05-19,PHU CAT,13.767,109.217,5.18,29.81,32.04,28.23,26.28,29.5,81.75,21.5,100.2,3.48,180.7,23.31,37.85,0.55,0.57,48.06
2023-05-20,PHU CAT,13.767,109.217,54.66,29.17,30.44,28.09,27.15,28.86,88.96,22.61,100.3,4.56,178.5,23.43,36.99,0.8,0.63,33.08
2023-05-21,PHU CAT,13.767,109.217,4.02,29.02,30.97,27.37,26.2,28.98,85.03,21.36,100.42,4.52,186.0,24.6,36.76,0.66,0.65,29.28
2023-05-22,PHU CAT,13.767,109.217,0.89,29.54,31.84,27.56,25.25,28.83,77.87,20.16,100.37,4.38,223.0,25.38,37.02,0.63,0.65,12.94
2023-05-23,PHU CAT,13.767,109.217,2.17,29.4,32.08,26.79,25.71,29.05,80.96,20.75,100.34,3.04,207.3,24.47,37.69,0.61,0.64,52.6
2023-05-24,PHU CAT,13.767,109.217,7.25,29.08,31.38,27.34,25.61,28.93,81.93,20.6,100.41,4.23,190.3,24.15,37.21,0.65,0.64,72.36
2023-05-25,PHU CAT,13.767,109.217,10.73,28.9,30.32,27.63,25.73,28.81,83.09,20.74,100.47,2.54,188.3,21.59,37.12,0.69,0.65,66.71
2023-05-26,PHU CAT,13.767,109.217,2.92,28.8,30.45,27.63,25.14,28.94,80.73,20.03,100.42,2.52,147.1,22.78,36.9,0.65,0.66,69.23
2023-05-27,PHU CAT,13.767,109.217,3.14,28.37,29.43,27.49,24.3,29.08,78.66,19.05,100.3,2.4,76.1,20.89,37.47,0.65,0.66,70.52
2023-05-28,PHU CAT,13.767,109.217,1.3,28.6,29.24,28.01,24.93,29.26,80.53,19.8,100.26,2.74,83.0,24.25,36.94,0.63,0.65,25.45
2023-05-29,PHU CAT,13.767,109.217,14.52,29.13,30.48,28.25,24.84,29.78,77.75,19.69,100.28,1.97,84.0,24.33,37.79,0.64,0.65,60.35
2023-05-30,PHU CAT,13.767,109.217,18.26,29.34,30.96,27.86,25.49,29.43,79.8,20.5,100.18,3.17,234.8,24.12,37.41,0.77,0.68,73.09
2023-05-31,PHU CAT,13.767,109.217,5.89,30.09,32.95,28.21,26.08,29.92,79.43,21.27,100.04,3.05,247.3,21.6,38.14,0.71,0.69,88.26
2023-06-01,PHU CAT,13.767,109.217,2.75,30.13,32.17,28.44,26.04,29.85,78.96,21.23,100.01,4.64,232.3,24.9,37.83,0.7,0.69,57.33
2023-06-02,PHU CAT,13.767,109.217,6.75,29.34,30.48,28.11,26.44,29.38,84.37,21.69,100.19,5.1,223.9,23.6,37.51,0.73,0.69,68.05
2023-06-03,PHU CAT,13.767,109.217,3.24,30.06,32.66,27.98,25.86,29.78,78.65,20.97,100.23,2.41,269.6,24.07,37.75,0.7,0.69,75.38
2023-06-04,PHU CAT,13.767,109.217,3.32,29.29,31.32,28.4,25.7,29.75,81.09,20.75,100.17,2.45,288.9,21.23,37.5,0.7,0.69,83.86
2023-06-05,PHU CAT,13.767,109.217,29.7,29.16,30.86,27.86,25.73,29.77,81.99,20.83,100.08,3.79,178.3,19.38,37.88,0.81,0.71,85.1
2023-06-06,PHU CAT,13.767,109.217,3.97,29.08,30.8,28.03,25.26,29.42,80.03,20.22,100.14,4.1,241.3,18.74,37.62,0.77,0.73,98.2
2023-06-07,PHU CAT,13.767,109.217,13.07,29.41,31.18,27.92,25.57,29.53,80.02,20.58,100.26,4.19,214.6,22.46,37.79,0.8,0.74,86.72
2023-06-08,PHU CAT,13.767,109.217,42.66,29.11,30.9,28.12,25.32,29.59,80.25,20.29,100.22,4.1,206.2,21.01,37.89,0.91,0.78,90.2
2023-06-09,PHU CAT,13.767,109.217,10.16,28.66,29.84,27.92,25.56,29.23,83.36,20.61,100.06,4.63,234.3,17.24,38.11,0.86,0.81,97.41
2023-06-10,PHU CAT,13.767,109.217,23.05,29.73,32.77,27.55,25.52,29.57,78.72,20.6,99.93,3.87,243.2,15.37,38.61,0.85,0.81,98.38
2023-06-11,PHU CAT,13.767,109.217,12.49,28.89,30.99,27.58,25.45,29.18,81.88,20.48,100.02,4.58,228.2,23.24,37.44,0.86,0.83,84.7
2023-06-12,PHU CAT,13.767,109.217,4.05,29.02,30.53,27.75,25.67,29.08,82.21,20.73,100.12,5.64,217.6,17.7,37.83,0.85,0.84,94.41
2023-06-13,PHU CAT,13.767,109.217,2.59,29.16,31.17,27.62,25.41,29.13,80.48,20.39,100.24,3.75,237.5,16.25,38.0,0.83,0.83,90.41
2023-06-14,PHU CAT,13.767,109.217,3.61,28.99,30.58,27.43,25.87,28.93,83.38,20.94,100.34,3.52,218.1,22.09,37.88,0.84,0.83,89.41
2023-06-15,PHU CAT,13.767,109.217,2.77,28.97,30.41,27.8,26.09,28.94,84.64,21.24,100.28,2.98,199.5,20.43,37.81,0.84,0.83,98.45
2023-06-16,PHU CAT,13.767,109.217,3.27,29.2,30.69,27.73,26.23,29.16,84.17,21.43,100.26,3.43,199.8,22.54,37.74,0.84,0.83,78.5
2023-06-17,PHU CAT,13.767,109.217,3.41,28.94,30.28,27.95,25.82,29.09,83.36,20.88,100.35,4.82,181.0,21.25,37.55,0.83,0.83,78.1
2023-06-18,PHU CAT,13.767,109.217,1.61,28.69,30.42,27.22,25.33,28.97,82.22,20.27,100.36,4.58,210.4,24.82,36.89,0.83,0.82,21.67
2023-06-19,PHU CAT,13.767,109.217,1.68,29.04,30.84,27.77,26.03,29.12,84.02,21.17,100.26,4.53,190.2,25.21,37.06,0.82,0.82,24.14
2023-06-20,PHU CAT,13.767,109.217,1.14,29.52,31.65,27.73,26.01,29.28,81.69,21.14,100.25,3.52,220.9,25.55,37.23,0.82,0.81,26.14
2023-06-21,PHU CAT,13.767,109.217,1.86,29.56,31.24,27.82,26.14,29.32,81.97,21.29,100.3,3.29,236.7,25.33,37.33,0.82,0.81,34.64
2023-06-22,PHU CAT,13.767,109.217,1.54,29.5,32.15,27.77,26.11,29.41,82.39,21.27,100.28,3.88,212.0,25.48,37.46,0.81,0.81,33.9
2023-06-23,PHU CAT,13.767,109.217,0.86,29.56,31.57,28.24,26.47,29.21,83.66,21.75,100.17,3.13,190.2,25.29,37.34,0.81,0.8,47.01
2023-06-24,PHU CAT,13.767,109.217,2.21,29.03,30.33,27.57,26.27,29.02,85.09,21.49,100.15,4.54,184.7,24.51,37.24,0.81,0.8,59.85
2023-06-25,PHU CAT,13.767,109.217,2.04,29.13,30.92,27.66,25.75,29.02,82.14,20.85,100.16,3.41,174.8,24.44,37.33,0.81,0.8,55.13
2023-06-26,PHU CAT,13.767,109.217,1.6,28.9,30.43,28.05,25.46,28.88,81.93,20.47,100.26,3.26,141.7,23.64,37.15,0.8,0.79,75.82
2023-06-27,PHU CAT,13.767,109.217,1.63,29.05,30.0,28.18,25.59,29.11,81.85,20.62,100.37,2.12,103.0,23.52,37.44,0.8,0.79,57.9
2023-06-28,PHU CAT,13.767,109.217,2.45,28.9,30.05,27.94,25.5,29.13,82.07,20.48,100.4,3.63,151.9,24.91,37.01,0.8,0.79,54.17
2023-06-29,PHU CAT,13.767,109.217,3.05,29.4,30.86,27.85,26.17,29.43,82.92,21.34,100.23,3.63,186.2,24.18,37.79,0.8,0.78,57.49
2023-06-30,PHU CAT,13.767,109.217,3.2,29.46,31.16,28.17,26.11,29.32,82.33,21.26,100.25,3.59,204.6,22.82,37.79,0.8,0.78,76.3
2023-07-01,PHU CAT,13.767,109.217,4.3,29.17,30.85,27.85,25.92,29.18,82.82,21.0,100.37,4.33,182.7,21.85,37.69,0.8,0.78,83.7
2023-07-02,PHU CAT,13.767,109.217,8.42,28.28,28.77,27.77,25.78,28.67,86.24,20.79,100.49,4.2,177.5,15.76,37.46,0.83,0.79,96.15
2023-07-03,PHU CAT,13.767,109.217,4.94,28.78,30.41,27.43,25.99,28.63,85.0,21.07,100.44,4.5,189.4,20.99,37.24,0.82,0.79,91.72
2023-07-04,PHU CAT,13.767,109.217,1.69,28.35,29.76,27.44,25.74,28.31,85.88,20.76,100.42,3.89,170.5,24.2,36.86,0.8,0.79,65.25
2023-07-05,PHU CAT,13.767,109.217,8.05,28.29,29.15,27.11,25.86,28.15,86.75,20.92,100.42,3.46,168.3,23.88,36.93,0.83,0.79,68.75
2023-07-06,PHU CAT,13.767,109.217,4.79,28.41,29.86,27.19,25.53,28.26,84.73,20.52,100.45,4.07,166.5,25.21,36.97,0.82,0.8,60.35
2023-07-07,PHU CAT,13.767,109.217,2.32,28.19,29.73,27.21,25.5,28.04,85.41,20.44,100.52,5.14,169.0,25.23,36.31,0.81,0.8,18.77
2023-07-08,PHU CAT,13.767,109.217,6.1,28.17,29.49,27.27,25.44,28.09,85.34,20.38,100.51,6.09,162.8,25.79,36.91,0.81,0.79,33.05
2023-07-09,PHU CAT,13.767,109.217,9.16,28.12,29.57,27.01,25.6,28.06,86.41,20.59,100.45,4.4,170.4,25.19,36.76,0.83,0.8,22.13
2023-07-10,PHU CAT,13.767,109.217,0.79,28.36,29.95,27.36,25.75,28.14,85.88,20.78,100.36,1.94,174.1,24.78,37.29,0.81,0.8,37.01
2023-07-11,PHU CAT,13.767,109.217,0.68,28.98,31.08,27.61,25.72,28.38,82.93,20.77,100.31,2.42,218.4,24.62,37.47,0.8,0.79,63.62
2023-07-12,PHU CAT,13.767,109.217,0.42,28.81,30.23,27.46,26.11,28.76,85.48,21.26,100.3,3.25,330.0,24.78,37.18,0.78,0.78,42.99
2023-07-13,PHU CAT,13.767,109.217,0.28,29.29,31.77,28.07,25.84,28.93,82.02,20.94,100.19,2.94,224.4,24.84,37.3,0.78,0.78,61.31
2023-07-14,PHU CAT,13.767,109.217,4.09,29.09,30.51,27.65,26.01,28.91,83.51,21.16,100.09,4.04,241.2,22.06,37.32,0.79,0.77,86.14
2023-07-15,PHU CAT,13.767,109.217,34.69,28.6,30.63,26.68,25.54,28.53,83.57,20.62,99.93,4.72,255.9,20.93,37.24,0.85,0.79,94.07
2023-07-16,PHU CAT,13.767,109.217,15.2,27.54,28.36,26.99,25.18,28.18,86.99,20.21,99.73,3.95,240.2,14.75,37.38,0.87,0.82,99.32
2023-07-17,PHU CAT,13.767,109.217,17.9,28.03,29.86,26.93,25.45,28.1,85.9,20.54,99.72,5.19,220.8,19.09,37.41,0.88,0.84,97.68
2023-07-18,PHU CAT,13.767,109.217,7.13,28.23,30.13,27.17,24.97,28.09,82.65,19.91,99.91,5.57,227.5,18.45,37.48,0.85,0.84,91.92
2023-07-19,PHU CAT,13.767,109.217,4.59,29.0,31.63,27.53,25.61,28.61,82.22,20.7,99.94,2.64,211.0,16.11,37.72,0.84,0.84,82.55
2023-07-20,PHU CAT,13.767,109.217,5.24,28.87,30.76,27.63,25.82,28.63,83.81,20.94,100.07,2.04,232.2,23.2,37.78,0.84,0.83,70.44
2023-07-21,PHU CAT,13.767,109.217,10.93,28.2,29.06,27.49,25.77,28.35,86.68,20.81,100.34,2.11,105.0,22.43,37.09,0.87,0.84,82.03
2023-07-22,PHU CAT,13.767,109.217,1.12,27.77,28.89,26.73,24.35,28.65,81.64,19.07,100.52,1.92,108.7,20.1,37.11,0.84,0.84,92.47
2023-07-23,PHU CAT,13.767,109.217,11.88,27.93,28.66,27.25,24.26,28.92,80.53,19.0,100.39,2.39,141.5,18.23,37.35,0.86,0.84,89.14
2023-07-24,PHU CAT,13.767,109.217,11.83,28.85,30.55,27.18,25.03,28.9,80.01,19.94,100.2,2.93,222.2,23.17,37.53,0.87,0.86,76.2
2023-07-25,PHU CAT,13.767,109.217,18.26,28.79,30.91,27.35,25.16,28.91,81.07,20.11,100.18,3.05,222.8,22.88,37.75,0.89,0.87,73.95
2023-07-26,PHU CAT,13.767,109.217,9.7,28.85,31.17,27.57,25.51,28.99,82.36,20.56,100.06,4.22,248.3,18.94,38.0,0.87,0.88,87.71
2023-07-27,PHU CAT,13.767,109.217,31.32,28.95,30.4,27.76,26.13,29.0,84.78,21.38,99.85,5.38,239.7,20.44,37.55,0.92,0.89,91.02
2023-07-28,PHU CAT,13.767,109.217,7.26,29.3,31.37,28.1,26.2,29.32,83.53,21.47,99.79,5.53,221.7,22.58,37.48,0.88,0.9,67.69
2023-07-29,PHU CAT,13.767,109.217,5.24,29.18,31.09,27.74,26.0,29.34,83.07,21.2,99.93,5.1,225.0,24.3,37.36,0.88,0.9,63.07
2023-07-30,PHU CAT,13.767,109.217,15.58,29.46,32.13,27.67,25.91,29.44,81.46,21.06,100.03,4.72,244.7,21.61,38.23,0.89,0.9,81.95
2023-07-31,PHU CAT,13.767,109.217,79.21,28.18,28.99,27.24,25.28,28.7,84.22,20.23,100.18,4.67,253.7,19.13,37.75,0.97,0.94,95.88
2023-08-01,PHU CAT,13.767,109.217,25.76,27.73,29.05,26.95,24.69,28.47,83.5,19.53,100.22,5.46,245.9,15.48,37.43,0.95,0.96,99.23
2023-08-02,PHU CAT,13.767,109.217,22.87,27.98,29.78,26.95,24.55,28.58,81.76,19.35,100.25,5.04,231.0,9.94,37.23,0.94,0.97,99.02
2023-08-03,PHU CAT,13.767,109.217,13.43,29.33,31.64,27.26,25.69,29.04,80.93,20.74,100.22,5.64,223.3,19.81,38.17,0.94,0.96,89.4
2023-08-04,PHU CAT,13.767,109.217,0.2,28.65,31.1,27.3,24.54,28.67,78.68,19.31,100.46,5.88,237.5,22.98,37.05,0.92,0.95,57.52
2023-08-05,PHU CAT,13.767,109.217,0.66,29.35,31.57,27.7,25.63,28.9,80.63,20.64,100.36,4.92,228.7,24.17,37.07,0.91,0.95,68.59
2023-08-06,PHU CAT,13.767,109.217,0.67,29.16,30.76,28.07,25.45,28.83,80.55,20.46,100.15,5.38,231.5,23.97,37.0,0.91,0.94,16.47
2023-08-07,PHU CAT,13.767,109.217,3.9,29.3,31.44,27.92,25.76,28.72,81.45,20.84,100.12,4.64,227.0,23.33,37.4,0.91,0.94,45.09
2023-08-08,PHU CAT,13.767,109.217,0.84,29.05,31.67,27.45,25.09,28.65,79.56,20.0,100.26,4.77,237.9,23.33,36.83,0.9,0.93,43.94
2023-08-09,PHU CAT,13.767,109.217,0.4,29.1,31.46,27.04,25.16,28.64,79.6,20.07,100.34,4.51,237.9,23.78,36.95,0.89,0.92,52.71
2023-08-10,PHU CAT,13.767,109.217,0.31,29.62,32.65,27.64,25.81,29.01,80.42,20.89,100.22,3.85,222.2,25.82,36.97,0.89,0.92,15.95
2023-08-11,PHU CAT,13.767,109.217,1.84,29.61,31.86,28.05,25.97,28.88,81.01,21.11,100.12,4.41,221.1,24.99,37.4,0.88,0.91,39.51
2023-08-12,PHU CAT,13.767,109.217,2.46,28.97,30.31,27.89,26.01,28.57,84.1,21.16,100.13,4.32,219.6,23.73,37.24,0.89,0.91,32.33
2023-08-13,PHU CAT,13.767,109.217,2.51,28.97,30.8,27.56,25.79,28.62,83.05,20.88,100.13,4.7,221.3,24.16,37.19,0.89,0.91,24.17
2023-08-14,PHU CAT,13.767,109.217,1.83,29.43,32.0,27.87,25.94,28.82,81.71,21.06,100.17,3.6,220.3,24.41,37.33,0.88,0.9,21.57
2023-08-15,PHU CAT,13.767,109.217,1.94,29.36,31.34,27.85,26.2,28.8,83.23,21.37,100.24,3.88,227.0,25.06,37.5,0.87,0.9,36.21
2023-08-16,PHU CAT,13.767,109.217,1.18,29.4,31.59,27.88,26.09,29.08,82.61,21.24,100.3,3.19,230.5,24.42,37.7,0.87,0.89,25.64
2023-08-17,PHU CAT,13.767,109.217,1.32,29.36,31.53,27.69,25.83,29.23,81.65,20.92,100.21,3.13,216.7,24.92,37.49,0.86,0.89,23.35
2023-08-18,PHU CAT,13.767,109.217,1.67,29.52,31.52,27.71,26.45,29.33,83.77,21.74,100.1,3.6,213.6,24.83,37.24,0.86,0.88,31.11
2023-08-19,PHU CAT,13.767,109.217,3.19,29.26,30.99,28.23,26.14,29.49,83.45,21.32,100.16,4.82,170.8,23.98,37.15,0.86,0.88,62.96
2023-08-20,PHU CAT,13.767,109.217,4.36,29.33,30.51,28.04,26.26,29.55,83.59,21.48,100.17,3.88,193.4,19.71,38.29,0.87,0.88,84.54
2023-08-21,PHU CAT,13.767,109.217,3.27,29.13,31.13,27.71,25.52,29.38,81.13,20.51,100.32,4.33,219.5,23.3,37.69,0.86,0.88,71.44
2023-08-22,PHU CAT,13.767,109.217,3.43,29.7,32.26,28.07,25.34,29.66,77.76,20.32,100.22,3.4,246.0,23.08,37.9,0.86,0.87,54.28
2023-08-23,PHU CAT,13.767,109.217,5.54,29.57,31.58,28.02,25.84,29.56,80.47,20.94,100.16,3.81,231.7,24.32,37.71,0.87,0.87,44.47
2023-08-24,PHU CAT,13.767,109.217,4.38,29.34,31.64,27.07,25.4,29.57,79.61,20.39,100.22,3.54,235.5,24.59,37.1,0.86,0.87,52.98
2023-08-25,PHU CAT,13.767,109.217,0.51,29.52,31.49,27.4,25.77,29.63,80.59,20.85,100.24,2.43,246.4,24.98,37.43,0.85,0.87,51.69
2023-08-26,PHU CAT,13.767,109.217,3.53,29.25,31.26,27.02,25.85,29.31,82.03,20.96,100.17,4.3,240.0,24.34,37.25,0.85,0.86,60.88
2023-08-27,PHU CAT,13.767,109.217,2.26,29.2,31.07,27.37,25.94,29.33,82.73,21.1,99.98,4.68,237.2,20.31,37.92,0.86,0.86,80.79
2023-08-28,PHU CAT,13.767,109.217,2.7,28.36,30.42,26.43,24.74,28.91,80.78,19.65,99.95,6.06,254.8,22.56,37.37,0.85,0.86,84.02
2023-08-29,PHU CAT,13.767,109.217,15.35,28.44,29.86,26.8,25.0,29.16,81.66,19.94,100.04,5.1,250.7,19.29,37.57,0.89,0.87,88.15
2023-08-30,PHU CAT,13.767,109.217,7.67,28.91,31.4,27.09,24.97,29.37,79.51,19.9,100.09,4.69,258.7,21.58,37.63,0.87,0.87,85.0
2023-08-31,PHU CAT,13.767,109.217,16.81,29.0,31.07,27.62,25.1,29.45,79.65,20.03,100.11,3.67,239.6,10.88,38.25,0.89,0.88,99.74
2023-09-01,PHU CAT,13.767,109.217,14.69,28.41,28.97,27.51,25.3,29.44,83.24,20.29,100.07,3.0,252.3,12.89,37.91,0.91,0.9,98.68
2023-09-02,PHU CAT,13.767,109.217,6.28,29.45,30.7,27.85,25.52,29.86,79.52,20.58,99.93,2.85,243.0,17.57,38.53,0.89,0.9,90.09
2023-09-03,PHU CAT,13.767,109.217,20.35,29.45,30.41,28.6,25.8,29.77,80.86,20.96,99.9,3.28,205.4,22.24,38.14,0.92,0.91,58.1
2023-09-04,PHU CAT,13.767,109.217,27.05,29.67,31.45,28.67,26.2,29.88,81.9,21.44,99.99,3.46,178.5,21.91,38.24,0.94,0.93,76.77
2023-09-05,PHU CAT,13.767,109.217,32.6,29.3,30.46,28.24,25.94,29.65,82.15,21.06,100.2,3.22,231.2,21.15,38.05,0.96,0.95,87.61
2023-09-06,PHU CAT,13.767,109.217,16.02,29.61,31.17,28.26,25.28,29.77,77.68,20.21,100.32,2.39,241.8,18.04,37.75,0.94,0.96,94.09
2023-09-07,PHU CAT,13.767,109.217,16.59,29.65,30.98,28.69,26.24,29.83,82.1,21.42,100.32,3.74,186.5,22.77,37.76,0.94,0.96,74.57
2023-09-08,PHU CAT,13.767,109.217,10.51,29.43,30.73,28.36,26.34,29.51,83.54,21.55,100.32,4.49,189.2,20.4,37.56,0.94,0.97,87.97
2023-09-09,PHU CAT,13.767,109.217,15.76,29.19,30.68,27.76,26.1,29.62,83.62,21.26,100.21,6.24,174.6,23.52,37.26,0.94,0.96,76.79
2023-09-10,PHU CAT,13.767,109.217,5.87,28.94,30.05,27.97,25.62,29.32,82.36,20.63,100.31,4.02,205.1,22.02,37.54,0.94,0.97,87.89
2023-09-11,PHU CAT,13.767,109.217,4.54,29.16,30.4,28.04,25.61,29.26,81.36,20.63,100.29,4.94,212.8,18.42,37.67,0.93,0.97,97.52
2023-09-12,PHU CAT,13.767,109.217,8.72,29.0,30.76,27.69,25.29,29.26,80.58,20.23,100.32,4.53,239.8,20.61,37.83,0.93,0.96,91.2
2023-09-13,PHU CAT,13.767,109.217,16.68,28.47,29.94,27.61,25.38,29.13,83.35,20.34,100.25,5.95,242.8,18.67,37.62,0.95,0.98,90.4
2023-09-14,PHU CAT,13.767,109.217,3.25,28.59,30.68,27.21,24.87,29.09,80.48,19.74,100.24,4.78,244.9,20.36,37.16,0.93,0.97,97.59
2023-09-15,PHU CAT,13.767,109.217,15.09,28.62,29.72,27.81,25.32,29.05,82.36,20.25,100.36,4.73,199.2,20.88,37.21,0.95,0.97,97.68
2023-09-16,PHU CAT,13.767,109.217,12.42,28.85,29.99,28.0,25.51,29.21,82.33,20.49,100.42,3.12,164.0,20.06,37.63,0.95,0.98,97.38
2023-09-17,PHU CAT,13.767,109.217,13.1,28.7,29.17,28.16,25.01,29.21,80.48,19.87,100.42,2.33,177.7,21.59,37.32,0.95,0.98,81.55
2023-09-18,PHU CAT,13.767,109.217,8.74,29.27,30.49,28.55,25.35,29.65,79.48,20.25,100.55,2.59,44.1,21.79,37.5,0.95,0.98,73.73
2023-09-19,PHU CAT,13.767,109.217,2.44,28.98,29.55,28.23,24.93,29.84,78.76,19.73,100.59,2.24,143.0,23.06,37.1,0.94,0.98,68.16
2023-09-20,PHU CAT,13.767,109.217,2.6,29.19,29.91,28.6,24.76,30.14,77.04,19.55,100.51,1.87,97.2,22.97,37.12,0.94,0.97,40.96
2023-09-21,PHU CAT,13.767,109.217,4.5,29.11,29.81,28.5,25.52,30.04,81.0,20.47,100.51,2.5,67.8,21.68,37.16,0.94,0.97,33.49
2023-09-22,PHU CAT,13.767,109.217,3.94,29.58,29.97,29.08,25.18,30.13,77.26,20.07,100.45,2.35,78.7,23.48,37.18,0.93,0.97,57.91
2023-09-23,PHU CAT,13.767,109.217,9.9,29.23,30.64,27.83,25.33,29.8,79.78,20.28,100.37,3.3,341.4,14.84,37.5,0.94,0.97,99.36
2023-09-24,PHU CAT,13.767,109.217,37.91,28.38,29.68,27.51,24.49,29.25,79.59,19.32,100.1,4.47,297.4,3.11,37.27,0.97,0.99,98.94
2023-09-25,PHU CAT,13.767,109.217,16.63,28.86,30.39,27.74,25.05,29.19,79.93,20.01,99.94,5.25,198.2,13.13,37.53,0.96,0.99,95.09
2023-09-26,PHU CAT,13.767,109.217,10.33,29.08,30.64,27.77,25.39,29.44,80.59,20.39,100.18,4.99,196.9,21.46,37.56,0.95,0.99,75.63
2023-09-27,PHU CAT,13.767,109.217,15.79,28.9,30.3,28.1,24.73,29.52,78.24,19.54,100.37,2.17,174.5,21.44,37.48,0.96,0.99,83.79
2023-09-28,PHU CAT,13.767,109.217,7.29,28.96,30.29,28.03,25.48,29.4,81.7,20.42,100.49,3.13,356.9,18.17,37.66,0.95,0.99,97.85
2023-09-29,PHU CAT,13.767,109.217,8.6,28.78,29.53,27.85,26.04,29.16,85.17,21.11,100.56,4.61,340.0,19.36,37.7,0.95,0.99,77.98
2023-09-30,PHU CAT,13.767,109.217,9.26,28.31,29.21,27.49,25.87,29.12,86.64,20.9,100.49,5.29,342.3,21.67,37.41,0.95,0.99,58.05
2023-10-01,PHU CAT,13.767,109.217,44.4,28.25,29.08,27.48,25.95,28.97,87.28,21.02,100.42,4.26,14.6,5.93,37.76,0.97,0.99,89.93
2023-10-02,PHU CAT,13.767,109.217,15.97,28.61,28.88,27.95,26.3,29.09,87.25,21.46,100.4,4.84,346.1,12.2,38.24,0.97,1.0,93.45
2023-10-03,PHU CAT,13.767,109.217,8.09,28.4,29.29,27.58,25.82,29.08,85.87,20.85,100.47,3.35,350.8,20.98,37.79,0.96,0.99,60.8
2023-10-04,PHU CAT,13.767,109.217,6.2,28.69,29.43,28.08,25.09,29.45,80.91,19.95,100.49,2.0,19.4,16.31,38.21,0.96,0.99,83.36
2023-10-05,PHU CAT,13.767,109.217,9.58,28.78,29.78,28.03,25.65,29.58,83.21,20.65,100.44,1.99,3.1,21.88,37.55,0.96,0.99,66.31
2023-10-06,PHU CAT,13.767,109.217,11.13,28.91,30.13,27.41,25.91,29.37,83.97,20.97,100.45,3.79,224.3,19.88,37.75,0.96,0.99,86.93
2023-10-07,PHU CAT,13.767,109.217,7.73,28.77,29.51,28.09,25.15,29.49,80.82,20.01,100.57,2.61,303.6,20.54,37.51,0.96,0.99,90.6
2023-10-08,PHU CAT,13.767,109.217,6.32,29.07,30.42,28.02,25.3,29.63,80.37,20.19,100.64,3.99,356.9,13.17,37.92,0.96,0.99,90.81
2023-10-09,PHU CAT,13.767,109.217,10.56,28.43,28.99,27.94,25.64,29.19,84.81,20.57,100.7,5.0,4.8,14.85,37.74,0.96,0.99,87.3
2023-10-10,PHU CAT,13.767,109.217,13.43,28.6,29.05,28.24,25.91,29.07,85.33,20.91,100.68,5.37,5.1,14.26,38.0,0.96,0.99,72.6
2023-10-11,PHU CAT,13.767,109.217,22.19,28.67,29.14,27.84,26.35,28.86,87.21,21.46,100.71,6.02,7.7,18.44,37.61,0.97,0.99,68.53
2023-10-12,PHU CAT,13.767,109.217,21.26,27.86,28.6,27.42,25.26,28.61,85.75,20.09,100.74,4.37,18.9,14.24,37.48,0.97,1.0,95.09
2023-10-13,PHU CAT,13.767,109.217,14.54,27.31,27.75,26.94,24.75,28.36,85.86,19.49,100.69,4.85,2.9,10.98,37.34,0.97,1.0,98.69
2023-10-14,PHU CAT,13.767,109.217,35.02,27.22,27.95,26.73,24.77,28.57,86.45,19.57,100.44,3.72,79.7,13.53,37.24,0.98,1.0,86.39
2023-10-15,PHU CAT,13.767,109.217,34.07,27.46,27.84,26.85,25.66,28.39,89.81,20.67,100.36,5.85,346.2,13.25,37.43,0.99,1.0,99.34
2023-10-16,PHU CAT,13.767,109.217,18.11,27.77,28.62,27.23,25.14,28.3,85.58,20.02,100.4,5.72,298.7,10.76,37.6,0.98,1.0,98.57
2023-10-17,PHU CAT,13.767,109.217,9.85,28.33,29.77,27.39,25.57,28.4,85.03,20.55,100.43,4.59,217.1,16.06,37.59,0.97,1.0,88.77
2023-10-18,PHU CAT,13.767,109.217,8.09,28.3,29.45,27.19,26.0,28.28,87.44,21.06,100.57,4.39,180.4,20.56,37.17,0.97,1.0,80.33
2023-10-19,PHU CAT,13.767,109.217,9.16,28.4,29.62,27.49,25.44,28.47,84.07,20.33,100.68,2.19,124.9,19.79,37.24,0.97,1.0,62.83
2023-10-20,PHU CAT,13.767,109.217,4.74,28.07,29.13,26.92,25.05,28.37,83.76,19.84,100.79,3.44,24.6,20.36,36.96,0.96,0.99,67.73
2023-10-21,PHU CAT,13.767,109.217,11.32,27.0,27.68,26.23,24.88,27.79,88.15,19.61,100.96,6.59,353.5,7.74,37.35,0.96,1.0,95.24
2023-10-22,PHU CAT,13.767,109.217,8.45,27.4,28.12,26.47,25.05,27.89,86.95,19.82,100.87,5.4,355.2,18.25,36.81,0.96,0.99,79.95
2023-10-23,PHU CAT,13.767,109.217,9.42,27.38,28.05,26.86,25.4,27.84,88.92,20.31,100.55,4.41,319.3,19.81,36.85,0.96,0.99,65.73
2023-10-24,PHU CAT,13.767,109.217,8.17,27.52,28.05,27.17,25.21,27.93,87.15,20.05,100.65,2.5,110.5,19.7,37.1,0.96,0.99,58.3
2023-10-25,PHU CAT,13.767,109.217,3.66,27.56,28.17,26.93,24.93,27.95,85.57,19.7,100.75,1.8,50.3,12.82,37.21,0.96,0.99,72.55
2023-10-26,PHU CAT,13.767,109.217,1.43,27.72,28.36,27.35,24.85,27.99,84.28,19.6,100.76,2.12,18.1,20.76,36.64,0.95,0.99,33.18
2023-10-27,PHU CAT,13.767,109.217,0.97,27.88,28.7,27.39,24.81,28.19,83.4,19.56,100.71,3.36,25.0,21.37,36.09,0.95,0.99,17.95
2023-10-28,PHU CAT,13.767,109.217,7.89,27.92,28.46,27.54,25.11,28.09,84.66,19.92,100.71,4.16,11.5,20.38,36.87,0.95,0.98,64.02
2023-10-29,PHU CAT,13.767,109.217,18.15,28.04,28.34,27.83,25.94,28.1,88.33,20.95,100.69,5.01,21.2,17.83,37.39,0.96,0.99,83.17
2023-10-30,PHU CAT,13.767,109.217,21.54,28.18,28.51,27.97,26.1,27.99,88.4,21.12,100.77,6.08,19.1,10.47,37.7,0.97,0.99,99.03
2023-10-31,PHU CAT,13.767,109.217,41.76,27.8,28.2,27.5,25.99,27.83,89.8,20.98,100.82,6.91,23.7,4.76,37.58,0.99,1.0,98.58
2023-11-01,PHU CAT,13.767,109.217,77.53,27.42,27.81,27.21,25.29,27.54,88.03,20.11,100.79,6.26,17.3,16.49,37.29,0.99,1.0,85.65
2023-11-02,PHU CAT,13.767,109.217,6.07,27.34,27.92,26.67,25.55,27.6,89.87,20.45,100.7,4.07,17.2,14.32,36.87,0.97,1.0,96.6
2023-11-03,PHU CAT,13.767,109.217,2.54,27.34,27.56,26.98,25.15,27.74,87.75,19.99,100.61,3.81,20.3,14.32,36.75,0.97,1.0,66.7
2023-11-04,PHU CAT,13.767,109.217,5.77,27.69,28.39,27.23,25.39,28.02,87.26,20.28,100.63,4.05,0.6,20.01,36.48,0.96,0.99,34.73
2023-11-05,PHU CAT,13.767,109.217,3.23,28.0,28.72,27.26,25.43,28.05,85.88,20.31,100.72,4.17,7.4,20.65,36.35,0.96,0.99,14.76
2023-11-06,PHU CAT,13.767,109.217,9.48,27.46,28.13,26.6,25.22,27.8,87.53,20.03,100.82,4.92,30.5,16.01,36.94,0.96,0.99,86.35
2023-11-07,PHU CAT,13.767,109.217,10.9,27.55,28.34,27.13,24.85,27.86,85.35,19.63,100.76,4.85,15.4,6.47,37.32,0.96,0.99,98.95
2023-11-08,PHU CAT,13.767,109.217,11.22,27.8,27.97,27.49,24.86,27.82,84.0,19.61,100.76,3.6,73.5,15.32,36.76,0.96,0.99,92.18
2023-11-09,PHU CAT,13.767,109.217,9.31,27.94,28.78,27.2,25.44,28.01,86.23,20.31,100.77,2.94,34.8,17.73,37.25,0.96,0.99,72.99
2023-11-10,PHU CAT,13.767,109.217,6.38,27.81,28.41,27.46,25.51,27.92,87.31,20.38,100.87,3.4,28.1,4.32,37.1,0.96,0.99,82.0
2023-11-11,PHU CAT,13.767,109.217,2.84,27.84,28.74,27.21,25.13,28.03,85.19,19.9,100.94,4.13,24.7,13.58,36.75,0.95,0.99,53.12
2023-11-12,PHU CAT,13.767,109.217,13.11,28.25,28.71,27.65,25.45,28.07,84.72,20.28,100.93,5.98,34.3,15.63,37.21,0.96,0.99,68.87
2023-11-13,PHU CAT,13.767,109.217,17.16,28.29,28.65,28.07,25.77,27.99,86.12,20.67,100.98,7.71,41.0,7.43,37.52,0.96,0.99,74.4
2023-11-14,PHU CAT,13.767,109.217,20.54,28.12,28.59,27.86,26.08,28.0,88.61,21.06,100.96,6.35,41.0,15.27,37.58,0.97,1.0,87.13
2023-11-15,PHU CAT,13.767,109.217,19.16,28.1,28.51,27.75,25.82,27.92,87.33,20.71,101.06,6.57,39.3,17.1,37.58,0.97,1.0,75.53
2023-11-16,PHU CAT,13.767,109.217,24.07,27.35,28.27,25.97,24.61,27.53,84.94,19.25,101.23,9.96,24.9,9.46,37.5,0.98,1.0,98.24
2023-11-17,PHU CAT,13.767,109.217,9.81,25.37,26.25,24.82,22.06,26.78,81.87,16.45,101.32,10.59,6.1,10.4,36.47,0.96,1.0,94.05
2023-11-18,PHU CAT,13.767,109.217,4.31,25.61,26.4,25.08,21.96,26.77,80.26,16.37,101.19,9.24,7.3,9.79,36.6,0.95,0.99,98.07
2023-11-19,PHU CAT,13.767,109.217,3.23,26.15,26.44,25.67,22.38,26.76,79.77,16.83,101.01,8.18,13.4,7.65,36.94,0.95,0.99,98.09
2023-11-20,PHU CAT,13.767,109.217,1.7,26.1,26.94,25.51,22.3,26.6,79.51,16.75,101.0,7.96,18.1,9.4,36.41,0.94,0.98,97.6
2023-11-21,PHU CAT,13.767,109.217,2.24,26.34,26.95,25.91,22.21,26.63,77.99,16.68,100.82,6.13,19.6,14.77,35.93,0.94,0.98,73.81
2023-11-22,PHU CAT,13.767,109.217,0.83,26.85,27.88,26.1,23.26,26.8,80.66,17.8,100.74,6.39,26.3,13.17,36.22,0.93,0.97,95.71
2023-11-23,PHU CAT,13.767,109.217,1.39,26.4,27.29,25.66,22.73,26.59,80.2,17.21,100.86,7.44,23.9,14.59,36.22,0.93,0.97,97.83
2023-11-24,PHU CAT,13.767,109.217,1.88,25.92,26.41,25.58,22.74,26.4,82.6,17.21,100.95,7.9,7.6,7.2,36.65,0.92,0.96,99.26
2023-11-25,PHU CAT,13.767,109.217,11.49,26.39,26.96,26.08,24.48,26.52,89.17,19.13,100.9,6.9,40.8,3.08,36.88,0.94,0.97,95.66
2023-11-26,PHU CAT,13.767,109.217,2.31,26.28,26.98,25.69,23.34,26.34,83.8,17.85,100.97,8.25,29.1,11.58,36.73,0.93,0.96,91.76
2023-11-27,PHU CAT,13.767,109.217,0.32,25.82,26.73,25.08,21.64,26.14,77.72,16.09,100.91,8.94,3.7,12.19,36.27,0.92,0.96,84.68
2023-11-28,PHU CAT,13.767,109.217,1.4,25.91,26.33,25.47,23.32,26.29,85.59,17.85,100.84,7.46,9.7,6.24,36.93,0.91,0.95,93.04
2023-11-29,PHU CAT,13.767,109.217,2.03,26.56,27.2,26.17,24.96,26.73,90.91,19.72,100.86,5.18,16.9,11.01,37.13,0.91,0.95,67.93
2023-11-30,PHU CAT,13.767,109.217,2.69,26.69,27.06,26.42,25.46,26.62,92.87,20.3,100.91,5.54,24.2,13.37,36.81,0.91,0.95,94.22
2023-12-01,PHU CAT,13.767,109.217,3.6,26.69,27.25,26.29,25.32,26.57,92.07,20.14,100.86,6.96,36.8,12.83,36.96,0.91,0.95,95.03
2023-12-02,PHU CAT,13.767,109.217,9.54,26.43,26.96,26.09,24.95,26.44,91.47,19.68,100.96,6.48,36.8,11.62,36.88,0.92,0.95,97.11
2023-12-03,PHU CAT,13.767,109.217,5.19,26.43,26.96,26.11,24.84,26.43,90.92,19.56,100.91,5.62,37.2,9.44,36.28,0.92,0.95,97.69
2023-12-04,PHU CAT,13.767,109.217,3.78,26.82,27.4,26.39,24.8,26.68,88.57,19.52,100.82,5.58,15.7,15.46,36.43,0.92,0.95,64.92
2023-12-05,PHU CAT,13.767,109.217,2.46,26.59,27.41,25.92,24.18,26.74,86.57,18.8,100.84,5.73,24.1,11.44,37.2,0.91,0.95,92.15
2023-12-06,PHU CAT,13.767,109.217,2.95,26.4,27.17,25.84,23.44,26.54,83.7,17.96,100.97,6.72,25.2,10.6,36.47,0.91,0.94,91.48
2023-12-07,PHU CAT,13.767,109.217,2.44,25.97,26.83,25.24,22.89,26.26,83.08,17.37,100.94,6.8,16.1,13.64,36.01,0.9,0.94,78.4
2023-12-08,PHU CAT,13.767,109.217,0.32,25.48,26.38,24.67,21.82,25.95,80.19,16.27,100.91,4.59,11.0,12.47,35.25,0.89,0.93,89.23
2023-12-09,PHU CAT,13.767,109.217,0.22,25.86,26.5,25.36,21.78,26.2,78.2,16.26,100.74,2.25,36.2,16.76,34.92,0.89,0.92,33.5
2023-12-10,PHU CAT,13.767,109.217,0.3,26.43,27.37,25.74,22.74,26.43,80.25,17.26,100.71,2.43,72.7,19.02,34.44,0.88,0.92,32.98
2023-12-11,PHU CAT,13.767,109.217,0.44,26.42,27.25,25.89,23.13,26.48,82.12,17.65,100.83,3.72,34.8,19.03,34.57,0.88,0.91,36.37
2023-12-12,PHU CAT,13.767,109.217,0.17,26.65,27.67,25.9,23.45,26.59,82.67,17.99,100.86,5.61,24.5,15.66,35.78,0.87,0.9,42.63
2023-12-13,PHU CAT,13.767,109.217,0.29,26.47,27.36,25.78,23.71,26.6,84.83,18.25,101.0,5.45,20.6,16.8,35.86,0.87,0.9,65.02
2023-12-14,PHU CAT,13.767,109.217,0.24,26.71,27.51,26.05,24.59,26.86,88.14,19.26,100.96,4.61,19.0,15.42,35.98,0.87,0.89,36.56
2023-12-15,PHU CAT,13.767,109.217,0.48,26.56,27.63,25.9,24.39,26.68,87.96,19.04,100.88,5.25,5.2,14.39,35.93,0.86,0.88,39.2
2023-12-16,PHU CAT,13.767,109.217,0.84,26.84,27.56,26.42,24.05,26.81,84.61,18.63,100.97,6.76,22.5,14.37,36.44,0.86,0.88,52.62
2023-12-17,PHU CAT,13.767,109.217,3.95,26.64,27.49,26.07,23.85,26.63,84.61,18.4,101.03,8.02,43.6,15.79,36.26,0.86,0.87,44.12
2023-12-18,PHU CAT,13.767,109.217,2.13,26.43,27.21,26.0,23.52,26.55,84.03,18.03,101.04,7.18,29.7,14.87,36.26,0.85,0.87,68.35
2023-12-19,PHU CAT,13.767,109.217,6.79,26.34,27.02,25.84,23.75,26.52,85.65,18.29,101.03,8.48,19.6,13.96,36.6,0.86,0.87,77.51
2023-12-20,PHU CAT,13.767,109.217,6.9,24.92,26.19,24.11,21.87,25.66,83.11,16.3,101.13,11.16,18.2,7.42,36.37,0.87,0.87,93.08
2023-12-21,PHU CAT,13.767,109.217,10.24,24.33,25.26,23.82,21.25,25.44,82.94,15.66,101.29,11.6,14.2,6.89,36.19,0.88,0.87,99.32
2023-12-22,PHU CAT,13.767,109.217,10.42,23.71,24.43,22.95,21.02,25.09,84.9,15.41,101.46,11.88,11.8,7.29,35.85,0.89,0.88,99.5
2023-12-23,PHU CAT,13.767,109.217,15.34,24.06,24.42,23.68,21.51,25.09,85.61,15.88,101.46,11.29,16.9,6.44,36.29,0.9,0.89,96.61
2023-12-24,PHU CAT,13.767,109.217,5.03,23.78,24.87,22.73,20.89,24.86,83.85,15.28,101.54,10.95,18.0,7.75,36.18,0.88,0.9,96.58
2023-12-25,PHU CAT,13.767,109.217,1.07,23.98,24.26,23.26,20.26,24.84,79.66,14.69,101.46,8.8,16.9,7.0,35.87,0.87,0.89,97.5
2023-12-26,PHU CAT,13.767,109.217,1.47,24.78,25.21,24.27,21.99,25.21,84.45,16.36,101.41,7.81,13.2,9.97,35.85,0.86,0.88,78.41
2023-12-27,PHU CAT,13.767,109.217,2.15,25.23,25.84,24.97,23.2,25.35,88.4,17.63,101.29,7.47,24.4,7.0,36.85,0.87,0.88,91.04
2023-12-28,PHU CAT,13.767,109.217,1.21,25.23,26.02,24.62,23.28,25.34,88.86,17.74,101.15,6.16,25.9,7.87,36.54,0.86,0.87,67.02
2023-12-29,PHU CAT,13.767,109.217,1.22,25.23,26.03,24.84,23.42,25.38,89.58,17.92,101.02,5.89,34.8,9.81,35.96,0.86,0.87,47.74
2023-12-30,PHU CAT,13.767,109.217,0.62,25.23,26.14,24.65,23.14,25.41,88.18,17.63,100.96,5.66,15.5,16.62,34.95,0.85,0.86,28.06
2023-12-31,PHU CAT,13.767,109.217,0.97,25.32,26.17,24.69,23.16,25.42,87.71,17.65,100.99,6.11,20.7,14.57,35.69,0.85,0.86,56.11
2024-01-01,PHU CAT,13.767,109.217,2.22,25.15,25.97,24.66,23.03,25.31,88.01,17.51,100.98,5.85,17.9,10.19,36.52,0.85,0.85,92.15
2024-01-02,PHU CAT,13.767,109.217,1.08,25.41,26.23,24.83,22.7,25.37,84.89,17.17,100.96,5.89,30.9,13.35,35.33,0.84,0.85,42.98
2024-01-03,PHU CAT,13.767,109.217,0.53,25.02,25.79,24.41,20.73,25.04,77.0,15.18,101.08,7.56,25.6,16.11,34.11,0.83,0.84,32.6
2024-01-04,PHU CAT,13.767,109.217,0.24,24.52,25.46,23.61,19.66,24.8,74.37,14.19,101.13,6.65,25.7,17.84,32.92,0.83,0.84,17.13
2024-01-05,PHU CAT,13.767,109.217,0.47,24.78,25.49,24.3,20.95,24.95,79.29,15.39,101.13,5.85,20.2,14.04,35.34,0.83,0.83,83.48
2024-01-06,PHU CAT,13.767,109.217,0.39,24.72,25.44,24.27,21.72,25.0,83.32,16.13,101.13,6.46,27.8,10.77,36.43,0.82,0.82,91.13
2024-01-07,PHU CAT,13.767,109.217,0.18,24.61,25.44,23.95,21.01,24.94,80.3,15.44,101.13,5.52,28.1,15.71,35.41,0.82,0.82,65.39
2024-01-08,PHU CAT,13.767,109.217,0.1,24.61,25.45,24.0,21.14,25.02,80.93,15.57,101.06,4.68,27.1,14.3,35.18,0.81,0.81,83.26
2024-01-09,PHU CAT,13.767,109.217,0.2,24.99,25.83,24.45,21.48,25.29,80.89,15.92,100.94,4.87,17.4,16.19,35.72,0.81,0.8,65.59
2024-01-10,PHU CAT,13.767,109.217,0.18,25.03,26.02,24.21,21.48,25.17,80.61,15.93,100.97,5.77,33.9,13.7,35.87,0.8,0.8,78.61
2024-01-11,PHU CAT,13.767,109.217,0.07,24.45,25.53,23.57,20.33,24.87,77.81,14.81,101.07,5.65,31.2,18.07,33.82,0.79,0.79,52.41
2024-01-12,PHU CAT,13.767,109.217,0.18,24.34,25.16,23.7,20.41,24.8,78.68,14.89,101.02,5.86,33.2,16.65,33.99,0.79,0.79,80.9
2024-01-13,PHU CAT,13.767,109.217,0.27,24.35,25.14,23.86,19.88,24.79,76.06,14.39,101.11,6.2,30.2,18.1,33.37,0.78,0.78,57.16
2024-01-14,PHU CAT,13.767,109.217,0.44,24.48,25.29,24.01,20.54,24.83,78.61,14.99,101.16,6.73,21.6,16.92,34.1,0.78,0.77,88.59
2024-01-15,PHU CAT,13.767,109.217,0.44,24.66,25.34,24.24,20.77,24.94,78.89,15.21,101.12,7.29,23.2,9.42,35.63,0.78,0.77,85.63
2024-01-16,PHU CAT,13.767,109.217,0.21,24.81,25.4,24.38,20.98,25.0,79.27,15.42,101.1,6.67,24.0,14.55,35.09,0.77,0.76,86.43
2024-01-17,PHU CAT,13.767,109.217,0.22,24.86,25.73,23.95,21.63,25.03,82.19,16.06,101.0,6.31,21.9,9.31,36.16,0.77,0.76,81.1
2024-01-18,PHU CAT,13.767,109.217,0.13,24.47,25.43,23.73,20.84,24.98,80.16,15.3,100.97,5.51,14.3,16.89,34.55,0.76,0.75,66.75
2024-01-19,PHU CAT,13.767,109.217,0.05,24.13,25.2,23.34,19.92,24.77,77.37,14.46,100.94,4.94,11.5,14.07,34.03,0.75,0.74,61.53
2024-01-20,PHU CAT,13.767,109.217,0.06,24.29,25.17,23.6,19.75,24.62,75.8,14.28,101.06,4.44,16.7,17.21,33.68,0.74,0.74,79.86
2024-01-21,PHU CAT,13.767,109.217,0.93,24.24,25.34,23.57,20.66,24.75,80.49,15.11,101.16,5.24,18.5,17.44,33.63,0.74,0.73,58.46
2024-01-22,PHU CAT,13.767,109.217,0.87,24.76,25.42,24.07,21.64,25.07,82.76,16.03,101.23,6.32,11.1,14.19,34.89,0.73,0.73,58.17
2024-01-23,PHU CAT,13.767,109.217,6.73,23.52,24.06,23.08,20.46,24.53,82.88,14.88,101.46,10.06,17.8,14.96,35.25,0.76,0.73,71.72
2024-01-24,PHU CAT,13.767,109.217,2.98,23.88,24.35,23.43,20.2,24.53,79.8,14.61,101.55,8.73,38.3,14.58,35.44,0.75,0.73,82.76
2024-01-25,PHU CAT,13.767,109.217,1.67,23.95,24.62,23.5,20.25,24.45,79.77,14.65,101.65,7.78,38.2,16.04,35.13,0.74,0.73,78.46
2024-01-26,PHU CAT,13.767,109.217,0.17,23.92,24.75,23.34,20.14,24.42,79.38,14.55,101.62,6.98,33.8,15.45,34.12,0.72,0.72,42.2
2024-01-27,PHU CAT,13.767,109.217,0.17,23.89,24.89,23.19,20.33,24.43,80.48,14.74,101.53,6.6,26.0,14.22,34.35,0.72,0.72,41.99
2024-01-28,PHU CAT,13.767,109.217,0.25,24.08,24.91,23.53,20.57,24.42,80.72,14.96,101.5,6.37,34.3,17.35,34.59,0.71,0.71,56.33
2024-01-29,PHU CAT,13.767,109.217,0.16,23.91,25.09,23.08,20.57,24.29,81.56,14.98,101.36,5.39,17.0,15.78,34.57,0.7,0.71,48.6
2024-01-30,PHU CAT,13.767,109.217,0.2,23.94,25.01,23.23,20.93,24.44,83.27,15.34,101.28,4.01,20.8,15.93,35.15,0.69,0.7,57.15
2024-01-31,PHU CAT,13.767,109.217,0.02,24.62,25.57,24.05,21.5,24.75,82.72,15.9,101.2,3.33,68.4,18.0,33.71,0.69,0.7,37.34
2024-02-01,PHU CAT,13.767,109.217,0.0,24.53,25.88,23.81,21.08,24.87,81.13,15.52,101.15,2.22,68.1,21.15,32.88,0.68,0.69,18.65
2024-02-02,PHU CAT,13.767,109.217,0.01,24.64,25.77,23.72,20.38,24.97,77.16,14.85,101.11,1.94,90.5,20.93,32.94,0.67,0.69,12.6
2024-02-03,PHU CAT,13.767,109.217,0.01,25.28,26.38,24.46,21.68,25.5,80.43,16.1,101.1,2.2,79.4,20.88,33.76,0.66,0.68,15.52
2024-02-04,PHU CAT,13.767,109.217,0.0,25.49,26.93,24.55,22.77,25.78,85.01,17.22,101.09,2.84,111.0,20.46,34.65,0.65,0.68,25.5
2024-02-05,PHU CAT,13.767,109.217,0.03,25.71,26.94,24.95,22.83,25.85,84.08,17.27,101.14,2.38,100.8,20.35,34.02,0.65,0.67,6.35
2024-02-06,PHU CAT,13.767,109.217,0.18,25.71,27.19,24.59,23.25,25.9,86.45,17.74,101.11,2.28,92.5,20.39,34.67,0.64,0.67,44.72
2024-02-07,PHU CAT,13.767,109.217,0.06,25.53,27.0,24.6,22.5,25.8,83.37,16.97,100.93,3.17,127.3,17.21,34.63,0.63,0.66,52.1
2024-02-08,PHU CAT,13.767,109.217,0.29,25.56,26.68,24.83,22.33,25.72,82.31,16.77,101.0,2.91,75.3,16.91,35.09,0.63,0.66,28.78
2024-02-09,PHU CAT,13.767,109.217,1.04,24.76,26.05,23.57,22.24,25.27,85.88,16.62,101.36,7.31,15.9,16.73,36.09,0.62,0.65,61.11
2024-02-10,PHU CAT,13.767,109.217,0.79,23.54,24.24,23.12,20.78,24.54,84.46,15.15,101.65,9.3,14.4,11.63,36.31,0.63,0.65,91.6
2024-02-11,PHU CAT,13.767,109.217,0.27,23.32,24.22,22.57,19.85,24.34,80.84,14.31,101.65,8.46,12.6,12.79,35.13,0.62,0.65,76.35
2024-02-12,PHU CAT,13.767,109.217,0.17,23.72,24.65,23.02,20.17,24.34,80.49,14.6,101.53,6.85,17.3,13.0,34.79,0.61,0.64,60.86
2024-02-13,PHU CAT,13.767,109.217,0.25,23.97,24.68,23.52,21.05,24.51,83.68,15.44,101.35,5.74,23.8,12.17,35.96,0.61,0.64,87.56
2024-02-14,PHU CAT,13.767,109.217,0.07,24.35,25.42,23.62,21.47,24.62,83.99,15.88,101.21,4.21,27.2,14.63,35.57,0.6,0.64,55.44
2024-02-15,PHU CAT,13.767,109.217,0.02,24.33,25.61,23.38,21.96,24.81,86.63,16.35,101.28,5.3,24.6,18.25,35.35,0.59,0.63,52.04
2024-02-16,PHU CAT,13.767,109.217,0.02,24.08,25.29,23.22,21.22,24.71,84.04,15.64,101.17,5.66,17.1,19.93,34.56,0.59,0.63,41.92
2024-02-17,PHU CAT,13.767,109.217,0.01,24.7,25.89,23.8,21.23,25.19,81.1,15.69,100.95,2.33,37.8,21.9,33.89,0.58,0.62,19.38
2024-02-18,PHU CAT,13.767,109.217,0.01,25.46,26.99,24.47,22.92,25.85,86.08,17.41,100.94,2.52,136.8,22.26,34.19,0.57,0.62,13.21
2024-02-19,PHU CAT,13.767,109.217,0.0,25.75,27.39,24.52,22.83,25.87,84.11,17.33,100.9,3.4,147.5,21.8,33.88,0.57,0.61,21.19
2024-02-20,PHU CAT,13.767,109.217,0.0,26.18,27.54,25.25,23.95,26.32,87.76,18.56,100.86,3.83,144.9,21.52,34.92,0.56,0.61,32.45
2024-02-21,PHU CAT,13.767,109.217,0.0,25.72,27.36,24.21,22.43,25.98,82.17,16.9,100.91,4.65,150.7,21.78,33.06,0.56,0.61,24.44
2024-02-22,PHU CAT,13.767,109.217,0.0,26.12,27.7,25.23,22.78,26.26,81.99,17.26,101.0,3.68,142.3,23.8,33.6,0.55,0.6,12.49
2024-02-23,PHU CAT,13.767,109.217,0.0,25.9,27.17,24.96,22.09,26.42,79.56,16.51,101.13,3.8,67.0,22.28,34.49,0.55,0.6,19.43
2024-02-24,PHU CAT,13.767,109.217,0.0,25.44,27.08,24.32,21.42,26.04,78.79,15.84,101.17,5.23,22.3,22.43,34.12,0.55,0.59,20.75
2024-02-25,PHU CAT,13.767,109.217,1.37,25.24,26.16,24.53,22.06,25.91,82.54,16.48,101.12,6.31,9.7,20.68,34.96,0.55,0.59,36.63
2024-02-26,PHU CAT,13.767,109.217,3.74,25.34,26.17,24.91,23.3,25.94,88.45,17.79,101.08,6.61,21.4,12.68,37.28,0.58,0.59,94.77
2024-02-27,PHU CAT,13.767,109.217,1.48,25.25,26.33,24.52,22.75,25.58,85.99,17.21,101.06,5.55,36.8,12.78,35.88,0.57,0.59,65.95
2024-02-28,PHU CAT,13.767,109.217,0.45,25.16,26.08,24.37,21.71,25.56,81.18,16.15,100.96,3.67,48.1,17.81,34.8,0.55,0.59,40.54
2024-02-29,PHU CAT,13.767,109.217,1.0,25.41,26.41,24.79,22.73,25.89,85.19,17.2,101.0,4.13,45.0,22.73,34.36,0.54,0.59,16.97
2024-03-01,PHU CAT,13.767,109.217,1.36,25.11,26.43,24.11,22.32,25.5,84.49,16.75,101.1,6.09,32.2,13.29,35.68,0.55,0.58,56.21
2024-03-02,PHU CAT,13.767,109.217,1.22,24.51,25.39,23.99,21.67,25.1,84.15,16.08,101.12,6.89,18.0,15.67,35.91,0.55,0.58,77.65
2024-03-03,PHU CAT,13.767,109.217,0.12,24.69,26.14,23.32,21.58,25.03,82.96,16.03,100.92,2.57,19.2,19.52,34.55,0.54,0.58,31.44
2024-03-04,PHU CAT,13.767,109.217,0.03,25.52,27.38,23.98,22.99,25.64,86.28,17.54,100.66,3.51,164.7,23.18,33.63,0.52,0.57,4.65
2024-03-05,PHU CAT,13.767,109.217,0.01,26.1,28.82,24.71,23.66,25.9,86.96,18.32,100.45,4.95,159.7,23.25,34.42,0.52,0.57,2.28
2024-03-06,PHU CAT,13.767,109.217,0.03,25.99,27.86,24.77,24.23,25.92,90.3,18.95,100.48,3.84,154.1,21.93,34.73,0.52,0.57,9.8
2024-03-07,PHU CAT,13.767,109.217,0.1,25.28,26.51,24.33,23.13,25.49,87.82,17.66,100.76,3.02,56.6,15.86,35.5,0.51,0.56,52.18
2024-03-08,PHU CAT,13.767,109.217,0.08,24.95,26.22,24.05,22.71,25.12,87.57,17.19,100.94,3.82,23.1,18.06,35.13,0.51,0.56,58.48
2024-03-09,PHU CAT,13.767,109.217,0.15,25.08,26.36,24.11,23.07,25.22,88.75,17.57,100.94,2.87,32.2,20.15,35.02,0.5,0.56,63.86
2024-03-10,PHU CAT,13.767,109.217,0.32,24.98,26.16,24.04,23.19,25.28,89.87,17.67,101.12,3.35,7.0,20.26,34.91,0.51,0.56,65.84
2024-03-11,PHU CAT,13.767,109.217,0.27,24.82,26.19,23.58,23.25,25.18,90.98,17.72,101.13,5.68,1.1,16.49,36.06,0.5,0.55,76.71
2024-03-12,PHU CAT,13.767,109.217,0.26,24.74,25.82,24.18,22.79,25.19,88.97,17.24,101.08,4.76,10.5,21.33,34.84,0.5,0.55,54.51
2024-03-13,PHU CAT,13.767,109.217,0.03,25.49,26.88,24.38,23.21,25.52,87.34,17.71,100.97,1.61,55.3,19.48,35.2,0.49,0.55,58.77
2024-03-14,PHU CAT,13.767,109.217,0.02,25.45,26.93,24.17,22.71,25.7,84.88,17.19,100.92,2.26,133.6,23.46,33.56,0.48,0.54,11.16
2024-03-15,PHU CAT,13.767,109.217,0.01,25.67,27.05,24.84,22.28,25.89,81.76,16.74,100.99,2.49,132.8,24.03,33.58,0.47,0.54,30.07
2024-03-16,PHU CAT,13.767,109.217,0.01,26.04,27.3,25.05,23.05,26.04,83.74,17.54,101.03,2.28,107.4,23.87,34.56,0.47,0.54,15.87
2024-03-17,PHU CAT,13.767,109.217,0.17,25.99,27.36,24.95,23.18,26.38,84.61,17.69,100.93,2.37,106.4,23.48,34.57,0.47,0.53,18.01
2024-03-18,PHU CAT,13.767,109.217,0.24,26.12,27.5,25.26,23.06,26.47,83.35,17.57,100.89,2.67,104.3,22.61,34.55,0.47,0.53,29.64
2024-03-19,PHU CAT,13.767,109.217,1.98,26.22,27.24,25.59,23.38,26.36,84.44,17.88,101.06,4.3,33.6,21.0,35.12,0.48,0.53,22.37
2024-03-20,PHU CAT,13.767,109.217,10.32,25.61,26.83,24.69,23.27,25.77,86.87,17.74,101.14,6.72,25.4,14.63,36.86,0.58,0.54,79.27
2024-03-21,PHU CAT,13.767,109.217,3.94,25.14,26.05,24.56,22.52,25.5,85.33,16.99,100.88,4.05,41.0,13.14,35.98,0.57,0.55,58.21
2024-03-22,PHU CAT,13.767,109.217,0.0,26.15,27.56,25.25,23.06,26.42,83.35,17.62,100.65,3.24,131.2,24.98,34.67,0.5,0.54,14.66
2024-03-23,PHU CAT,13.767,109.217,0.0,26.36,27.93,25.16,23.62,26.5,85.19,18.22,100.73,4.08,150.2,23.47,34.69,0.49,0.54,10.19
2024-03-24,PHU CAT,13.767,109.217,0.01,26.61,28.17,25.66,23.57,26.67,83.48,18.12,100.84,4.15,146.2,23.2,34.51,0.49,0.54,15.23
2024-03-25,PHU CAT,13.767,109.217,0.02,26.68,28.16,25.55,23.44,26.78,82.67,17.99,100.87,2.22,112.2,23.14,34.78,0.48,0.53,34.19
2024-03-26,PHU CAT,13.767,109.217,0.05,26.9,27.95,26.04,24.12,27.25,84.77,18.71,101.06,3.46,68.2,22.18,35.81,0.47,0.53,21.55
2024-03-27,PHU CAT,13.767,109.217,0.02,26.81,28.19,25.86,23.55,27.47,82.4,18.08,101.0,3.25,80.3,23.62,35.22,0.46,0.52,12.14
2024-03-28,PHU CAT,13.767,109.217,0.21,27.09,28.44,26.05,24.21,27.39,84.41,18.87,100.8,2.46,146.2,21.18,36.09,0.47,0.52,83.98
2024-03-29,PHU CAT,13.767,109.217,0.59,26.88,28.18,26.02,24.66,27.08,87.76,19.37,100.86,1.91,120.7,18.5,36.33,0.48,0.52,88.66
2024-03-30,PHU CAT,13.767,109.217,0.1,27.27,28.78,26.1,24.59,27.49,85.58,19.29,100.88,2.57,149.5,23.08,36.11,0.46,0.52,58.87
2024-03-31,PHU CAT,13.767,109.217,0.08,27.22,28.79,26.12,24.82,27.28,86.87,19.58,100.7,4.72,162.1,23.02,35.52,0.46,0.52,56.23
2024-04-01,PHU CAT,13.767,109.217,0.02,27.35,29.33,26.31,24.85,27.46,86.35,19.65,100.5,5.64,156.6,22.78,35.93,0.46,0.51,42.39
2024-04-02,PHU CAT,13.767,109.217,0.0,27.37,29.02,26.37,24.61,27.27,85.0,19.38,100.47,6.74,161.0,23.86,35.23,0.45,0.51,27.98
2024-04-03,PHU CAT,13.767,109.217,0.0,27.54,29.77,26.25,24.82,27.19,85.37,19.61,100.51,6.14,157.4,22.3,35.93,0.44,0.51,16.67
2024-04-04,PHU CAT,13.767,109.217,0.0,26.66,28.65,25.21,24.1,26.47,86.1,18.77,100.53,4.77,154.6,23.14,35.12,0.43,0.5,24.17
2024-04-05,PHU CAT,13.767,109.217,0.0,26.54,28.19,25.46,23.49,26.45,83.59,18.09,100.57,4.29,149.9,23.48,34.69,0.42,0.5,51.48
2024-04-06,PHU CAT,13.767,109.217,0.01,26.78,28.42,25.58,24.34,26.85,86.9,19.08,100.55,3.12,146.1,25.17,35.03,0.4,0.5,34.3
2024-04-07,PHU CAT,13.767,109.217,0.0,27.01,28.75,25.8,24.1,26.9,84.32,18.78,100.53,4.43,151.6,24.16,35.05,0.39,0.5,28.58
2024-04-08,PHU CAT,13.767,109.217,0.01,27.13,28.72,26.17,24.49,27.07,85.95,19.24,100.61,2.8,122.6,23.79,35.27,0.37,0.5,9.52
2024-04-09,PHU CAT,13.767,109.217,0.03,27.21,28.57,26.21,25.09,27.47,88.29,19.89,100.8,2.99,50.5,23.04,35.57,0.36,0.49,11.84
2024-04-10,PHU CAT,13.767,109.217,0.04,27.62,29.3,26.2,24.22,28.05,82.11,18.87,100.87,3.36,21.9,23.06,35.56,0.34,0.49,13.31
2024-04-11,PHU CAT,13.767,109.217,0.79,28.03,29.26,27.34,24.35,28.67,80.5,19.0,100.84,4.12,35.4,23.66,36.29,0.33,0.49,26.65
2024-04-12,PHU CAT,13.767,109.217,0.55,28.23,29.65,27.2,24.57,28.73,80.63,19.29,100.71,3.11,70.7,22.52,36.58,0.35,0.49,63.55
2024-04-13,PHU CAT,13.767,109.217,0.05,28.28,29.88,26.93,24.72,28.88,81.2,19.49,100.6,3.04,136.2,23.72,36.13,0.33,0.49,29.8
2024-04-14,PHU CAT,13.767,109.217,0.06,28.31,30.6,26.41,24.58,28.51,80.65,19.33,100.67,4.32,157.2,25.14,34.99,0.31,0.49,15.64
2024-04-15,PHU CAT,13.767,109.217,0.19,28.2,30.06,27.01,24.64,28.47,81.22,19.37,100.75,4.58,144.1,25.85,35.27,0.3,0.49,20.81
2024-04-16,PHU CAT,13.767,109.217,0.01,28.18,29.83,27.21,24.76,28.55,81.9,19.55,100.59,4.13,144.8,25.69,35.56,0.29,0.49,18.08
2024-04-17,PHU CAT,13.767,109.217,0.0,28.31,30.14,26.92,24.43,28.39,79.77,19.17,100.51,4.65,156.1,24.87,35.97,0.28,0.49,53.42
2024-04-18,PHU CAT,13.767,109.217,0.02,28.24,30.12,26.92,24.85,28.1,82.04,19.69,100.37,5.14,158.8,23.35,35.83,0.27,0.49,25.98
2024-04-19,PHU CAT,13.767,109.217,0.02,28.34,30.0,27.34,24.79,28.08,81.33,19.63,100.31,5.46,156.7,23.53,35.9,0.27,0.49,27.46
2024-04-20,PHU CAT,13.767,109.217,0.02,28.29,30.3,26.84,24.84,27.97,81.82,19.69,100.3,5.8,159.4,23.74,36.26,0.26,0.49,35.33
2024-04-21,PHU CAT,13.767,109.217,0.01,27.97,29.92,26.73,24.5,27.68,81.67,19.26,100.37,5.19,154.4,23.63,36.68,0.26,0.49,22.35
2024-04-22,PHU CAT,13.767,109.217,0.01,27.67,29.53,26.3,24.66,27.36,84.04,19.47,100.35,4.64,160.1,23.25,36.26,0.25,0.48,11.34
2024-04-23,PHU CAT,13.767,109.217,0.04,27.95,29.84,26.84,25.23,27.61,85.49,20.17,100.28,4.36,154.5,23.17,36.44,0.25,0.48,29.95
2024-04-24,PHU CAT,13.767,109.217,0.03,28.26,30.89,26.97,25.64,27.77,86.2,20.67,100.26,3.58,148.6,23.87,36.49,0.25,0.48,45.28
2024-04-25,PHU CAT,13.767,109.217,0.03,28.27,30.53,26.74,24.51,27.58,80.28,19.32,100.22,4.34,164.0,23.21,36.73,0.24,0.48,23.85
2024-04-26,PHU CAT,13.767,109.217,0.03,28.79,31.84,26.62,24.42,27.82,78.13,19.24,100.15,5.14,171.0,23.29,36.92,0.24,0.48,63.76
2024-04-27,PHU CAT,13.767,109.217,0.2,28.99,32.9,27.27,24.88,27.73,79.68,19.81,100.14,4.46,160.4,23.8,37.36,0.24,0.48,34.42
2024-04-28,PHU CAT,13.767,109.217,0.15,28.4,31.04,26.63,24.84,27.37,81.83,19.69,100.4,3.85,179.5,23.52,36.67,0.25,0.48,53.97
2024-04-29,PHU CAT,13.767,109.217,0.01,28.75,31.08,27.16,24.9,28.09,80.24,19.77,100.28,4.61,163.3,24.61,36.57,0.24,0.48,48.61
2024-04-30,PHU CAT,13.767,109.217,0.02,29.3,32.23,27.65,25.01,28.26,78.48,19.95,100.1,6.19,163.1,23.43,37.4,0.24,0.48,61.28
2024-05-01,PHU CAT,13.767,109.217,0.75,28.91,31.93,27.35,25.42,28.03,82.2,20.43,100.17,4.76,157.3,22.88,37.62,0.24,0.48,46.44
2024-05-02,PHU CAT,13.767,109.217,1.02,28.17,30.05,26.91,24.81,27.61,82.62,19.67,100.44,2.6,152.4,21.7,36.74,0.26,0.48,79.83
2024-05-03,PHU CAT,13.767,109.217,1.95,28.27,29.8,27.12,25.15,28.13,83.67,20.06,100.48,2.92,142.4,23.95,36.76,0.33,0.49,69.41
2024-05-04,PHU CAT,13.767,109.217,1.55,28.48,30.15,27.54,25.28,28.22,83.03,20.21,100.34,4.38,156.1,19.55,37.14,0.36,0.49,81.23
2024-05-05,PHU CAT,13.767,109.217,2.62,28.59,29.6,27.92,25.46,28.16,83.2,20.4,100.45,3.36,156.8,19.86,36.79,0.4,0.49,73.35
2024-05-06,PHU CAT,13.767,109.217,0.27,28.79,30.32,27.66,25.71,28.8,83.71,20.69,100.64,2.79,99.0,23.67,37.18,0.39,0.49,53.78
2024-05-07,PHU CAT,13.767,109.217,1.3,28.55,30.2,27.34,25.69,29.09,84.83,20.65,100.71,3.15,46.2,22.39,37.36,0.36,0.49,90.84
2024-05-08,PHU CAT,13.767,109.217,0.39,28.57,29.72,27.91,25.16,28.91,82.15,20.05,100.62,4.32,24.1,20.58,37.3,0.37,0.49,64.35
2024-05-09,PHU CAT,13.767,109.217,0.31,28.86,29.83,28.22,25.45,28.89,81.85,20.34,100.67,3.83,33.9,22.31,37.27,0.36,0.49,62.16
2024-05-10,PHU CAT,13.767,109.217,0.14,29.44,30.69,28.6,24.45,29.69,74.63,19.15,100.69,2.74,59.5,22.3,37.03,0.34,0.49,41.27
2024-05-11,PHU CAT,13.767,109.217,0.39,29.81,31.03,29.03,25.46,30.23,77.76,20.38,100.69,3.11,93.7,22.52,37.22,0.32,0.49,47.86
2024-05-12,PHU CAT,13.767,109.217,0.22,30.14,31.68,29.13,25.2,30.52,75.05,20.08,100.58,3.4,120.2,24.77,36.89,0.31,0.49,33.55
2024-05-13,PHU CAT,13.767,109.217,0.6,29.87,31.38,28.9,25.26,30.57,76.58,20.15,100.55,3.15,63.8,22.63,37.62,0.31,0.48,80.25
2024-05-14,PHU CAT,13.767,109.217,0.93,29.47,30.23,28.86,25.83,29.75,80.8,20.83,100.59,2.93,45.4,16.05,37.99,0.33,0.49,92.02
2024-05-15,PHU CAT,13.767,109.217,0.92,29.64,31.03,28.58,25.46,30.24,78.4,20.35,100.68,3.71,52.5,20.91,37.88,0.34,0.49,89.05
2024-05-16,PHU CAT,13.767,109.217,8.22,29.61,30.61,29.06,25.7,30.29,79.55,20.68,100.55,3.35,54.0,19.6,38.08,0.47,0.49,76.06
2024-05-17,PHU CAT,13.767,109.217,8.7,29.45,30.49,28.39,25.49,29.91,79.34,20.44,100.44,2.23,22.8,22.1,37.74,0.6,0.51,81.85
2024-05-18,PHU CAT,13.767,109.217,3.63,29.75,30.93,28.3,25.83,30.01,79.66,20.93,100.19,3.29,156.6,20.27,38.25,0.52,0.51,95.94
2024-05-19,PHU CAT,13.767,109.217,13.69,29.6,31.17,28.37,26.55,29.52,83.86,21.88,100.05,4.33,182.5,18.94,38.38,0.61,0.52,96.81
2024-05-20,PHU CAT,13.767,109.217,21.73,29.58,30.95,28.55,27.21,29.41,87.22,22.74,100.13,3.38,177.5,20.3,38.31,0.68,0.55,96.39
2024-05-21,PHU CAT,13.767,109.217,11.25,29.23,30.01,28.61,27.07,29.39,88.2,22.52,100.25,3.55,126.6,21.64,38.22,0.65,0.58,86.16
2024-05-22,PHU CAT,13.767,109.217,3.06,29.19,30.1,28.52,25.83,29.32,82.23,20.89,100.37,2.33,159.1,20.4,37.8,0.6,0.59,94.03
2024-05-23,PHU CAT,13.767,109.217,2.64,29.56,30.66,28.57,26.28,29.71,82.61,21.46,100.34,3.64,162.7,23.38,37.65,0.57,0.59,64.02
2024-05-24,PHU CAT,13.767,109.217,0.72,29.7,30.31,29.18,25.85,30.13,79.83,20.9,100.44,3.15,120.5,24.4,37.18,0.55,0.59,42.96
2024-05-25,PHU CAT,13.767,109.217,0.29,30.28,31.98,29.0,24.78,30.89,73.28,19.69,100.45,3.27,143.2,25.74,37.0,0.52,0.58,46.07
2024-05-26,PHU CAT,13.767,109.217,0.12,30.66,32.71,29.38,25.31,30.86,74.05,20.34,100.32,4.32,186.8,24.11,37.57,0.51,0.57,69.04
2024-05-27,PHU CAT,13.767,109.217,0.17,31.31,33.6,29.06,26.7,31.12,76.98,22.08,100.08,3.16,225.7,25.38,38.34,0.52,0.57,34.1
2024-05-28,PHU CAT,13.767,109.217,1.31,31.16,33.58,29.27,26.5,31.0,76.64,21.81,100.08,2.67,268.6,22.98,38.74,0.52,0.56,95.17
2024-05-29,PHU CAT,13.767,109.217,12.56,30.42,32.33,28.88,26.44,30.53,79.64,21.74,100.04,3.58,225.0,11.54,38.7,0.59,0.57,99.3
2024-05-30,PHU CAT,13.767,109.217,4.21,29.91,31.73,28.61,26.46,30.13,81.87,21.76,100.06,5.38,213.5,8.36,38.43,0.61,0.59,99.39
2024-05-31,PHU CAT,13.767,109.217,3.42,30.02,31.82,28.55,26.24,30.14,80.43,21.42,100.32,4.19,187.8,16.04,38.14,0.58,0.59,99.46
2024-06-01,PHU CAT,13.767,109.217,4.35,29.95,31.98,28.08,26.18,29.97,80.54,21.3,100.51,4.19,197.0,20.52,37.77,0.58,0.59,96.45
2024-06-02,PHU CAT,13.767,109.217,4.5,29.63,31.42,28.07,26.37,29.64,82.93,21.56,100.45,3.5,187.5,22.78,37.9,0.6,0.59,74.81
2024-06-03,PHU CAT,13.767,109.217,3.53,29.47,31.65,27.57,26.32,29.41,83.45,21.51,100.33,3.58,228.6,24.0,37.61,0.6,0.6,50.38
2024-06-04,PHU CAT,13.767,109.217,5.22,30.21,32.44,28.29,26.69,29.77,81.84,22.02,100.24,4.07,198.5,24.76,38.07,0.59,0.6,50.25
2024-06-05,PHU CAT,13.767,109.217,11.69,29.37,30.82,28.22,26.97,29.22,86.92,22.34,100.4,3.54,184.4,23.54,38.02,0.66,0.61,60.47
2024-06-06,PHU CAT,13.767,109.217,8.41,28.67,29.87,28.06,26.06,29.0,85.87,21.15,100.48,3.19,188.9,22.73,37.35,0.66,0.62,83.17
2024-06-07,PHU CAT,13.767,109.217,3.88,29.63,31.26,28.05,26.4,29.5,82.87,21.64,100.22,2.84,189.6,21.8,37.65,0.64,0.63,91.68
2024-06-08,PHU CAT,13.767,109.217,5.6,28.95,30.36,27.83,26.36,29.25,86.0,21.6,100.19,3.88,194.9,21.27,37.55,0.65,0.64,93.32
2024-06-09,PHU CAT,13.767,109.217,4.96,28.84,29.87,27.54,25.62,29.2,82.75,20.64,100.29,3.79,192.9,20.14,37.83,0.65,0.64,87.33
2024-06-10,PHU CAT,13.767,109.217,1.37,29.39,31.18,28.14,25.41,29.65,79.49,20.36,100.46,5.32,188.9,19.59,37.86,0.62,0.64,93.63
2024-06-11,PHU CAT,13.767,109.217,0.99,29.83,32.01,28.18,25.51,29.85,78.02,20.48,100.44,4.17,222.6,24.64,37.5,0.61,0.64,45.59
2024-06-12,PHU CAT,13.767,109.217,0.58,29.93,32.35,27.84,26.08,29.81,80.2,21.21,100.37,4.22,220.2,24.79,37.56,0.6,0.63,30.74
2024-06-13,PHU CAT,13.767,109.217,0.84,30.17,33.12,27.83,25.98,30.02,79.01,21.15,100.19,3.59,199.6,25.38,38.01,0.59,0.63,27.77
2024-06-14,PHU CAT,13.767,109.217,1.45,29.93,32.49,27.79,26.35,29.76,81.61,21.65,100.09,4.79,194.8,24.33,38.32,0.59,0.62,61.42
2024-06-15,PHU CAT,13.767,109.217,52.92,29.35,30.97,28.02,26.51,29.32,85.02,21.81,100.17,4.29,175.6,23.58,37.33,0.83,0.67,76.3
2024-06-16,PHU CAT,13.767,109.217,49.75,28.6,30.09,27.21,26.54,28.59,88.71,21.84,100.23,4.47,191.8,22.26,37.27,0.87,0.74,76.57
2024-06-17,PHU CAT,13.767,109.217,7.13,29.14,31.16,27.54,25.98,28.95,83.26,21.11,100.25,4.09,213.0,24.88,37.1,0.79,0.75,45.26
2024-06-18,PHU CAT,13.767,109.217,17.39,29.38,30.86,28.12,26.25,28.99,83.33,21.47,100.12,3.45,219.8,22.92,37.72,0.83,0.75,68.57
2024-06-19,PHU CAT,13.767,109.217,29.65,28.9,30.01,27.96,26.43,28.78,86.52,21.73,100.03,3.76,227.9,21.53,37.87,0.89,0.79,86.34
2024-06-20,PHU CAT,13.767,109.217,4.16,28.73,30.12,27.62,25.82,28.78,84.34,20.95,99.98,2.34,234.8,9.85,37.83,0.82,0.8,98.55
2024-06-21,PHU CAT,13.767,109.217,3.17,29.0,30.72,27.75,26.12,29.04,84.55,21.35,99.88,2.06,224.8,10.33,37.79,0.82,0.8,95.73
2024-06-22,PHU CAT,13.767,109.217,5.0,28.74,30.44,27.53,25.61,29.05,83.37,20.7,99.94,3.55,207.9,14.93,37.67,0.82,0.79,98.82
2024-06-23,PHU CAT,13.767,109.217,4.19,28.74,30.75,27.37,25.0,28.91,80.39,19.91,100.1,5.43,203.9,16.01,37.78,0.81,0.79,99.22
2024-06-24,PHU CAT,13.767,109.217,6.61,28.62,29.76,27.65,25.68,28.85,84.24,20.74,100.21,5.03,177.9,17.54,37.84,0.82,0.79,95.48
2024-06-25,PHU CAT,13.767,109.217,8.54,28.66,30.2,27.59,25.38,28.98,82.58,20.36,100.25,4.27,164.0,21.1,37.72,0.82,0.79,89.96
2024-06-26,PHU CAT,13.767,109.217,6.39,28.35,28.96,27.85,24.88,28.83,81.56,19.72,100.45,4.07,140.6,18.39,37.19,0.83,0.8,85.73
2024-06-27,PHU CAT,13.767,109.217,4.38,28.29,29.14,27.77,25.33,28.83,84.01,20.23,100.53,3.67,149.4,20.92,36.78,0.82,0.8,92.23
2024-06-28,PHU CAT,13.767,109.217,6.48,28.63,29.9,27.76,25.72,28.88,84.43,20.73,100.47,5.41,174.6,23.86,37.05,0.82,0.8,69.62
2024-06-29,PHU CAT,13.767,109.217,5.94,28.78,30.27,27.35,26.17,28.8,86.03,21.3,100.47,5.83,177.4,24.76,37.19,0.82,0.8,48.6
2024-06-30,PHU CAT,13.767,109.217,1.51,28.83,31.1,27.16,25.5,28.77,82.79,20.5,100.43,4.01,187.0,25.09,36.87,0.8,0.8,21.66
2024-07-01,PHU CAT,13.767,109.217,1.92,29.24,31.74,27.36,25.81,28.75,82.05,20.91,100.16,3.67,233.0,25.3,37.22,0.8,0.79,39.43
2024-07-02,PHU CAT,13.767,109.217,2.94,28.34,29.77,27.36,25.89,28.43,86.66,20.99,100.24,3.92,178.9,24.82,36.25,0.8,0.79,73.46
2024-07-03,PHU CAT,13.767,109.217,7.79,28.18,29.02,27.37,25.14,28.43,83.62,20.03,100.43,2.41,135.9,15.87,37.22,0.82,0.79,98.15
2024-07-04,PHU CAT,13.767,109.217,9.57,28.3,29.99,26.79,24.67,28.5,81.07,19.5,100.46,2.17,183.7,20.17,37.29,0.84,0.8,68.23
2024-07-05,PHU CAT,13.767,109.217,9.84,28.5,30.16,27.49,25.21,28.62,82.61,20.14,100.27,3.43,160.0,23.77,37.14,0.82,0.8,70.97
2024-07-06,PHU CAT,13.767,109.217,10.63,28.5,29.42,27.81,25.5,28.58,83.88,20.49,100.29,3.1,136.1,22.17,37.52,0.85,0.81,66.69
2024-07-07,PHU CAT,13.767,109.217,3.9,28.22,29.41,27.42,25.29,28.63,84.24,20.23,100.36,3.29,150.2,19.71,36.85,0.83,0.82,81.73
2024-07-08,PHU CAT,13.767,109.217,17.65,28.94,30.31,28.02,25.61,29.03,82.42,20.65,100.25,2.65,151.3,22.19,37.85,0.85,0.82,67.64
2024-07-09,PHU CAT,13.767,109.217,18.09,28.58,30.07,27.28,25.5,28.66,83.56,20.47,100.42,3.76,214.6,16.77,37.31,0.89,0.85,86.46
2024-07-10,PHU CAT,13.767,109.217,1.85,28.92,30.75,27.73,25.32,29.01,81.07,20.26,100.35,4.5,209.4,23.02,37.22,0.84,0.85,80.85
2024-07-11,PHU CAT,13.767,109.217,5.49,28.29,29.17,27.04,25.31,28.54,83.96,20.27,100.19,4.03,217.5,20.63,37.25,0.86,0.85,84.62
2024-07-12,PHU CAT,13.767,109.217,6.22,29.0,31.25,27.46,25.18,29.04,80.07,20.17,99.95,3.27,247.0,22.08,37.59,0.85,0.85,81.08
2024-07-13,PHU CAT,13.767,109.217,12.91,28.01,29.05,27.46,25.11,28.53,84.24,20.1,99.89,4.07,251.9,13.82,37.4,0.88,0.85,97.04
2024-07-14,PHU CAT,13.767,109.217,77.08,28.04,29.17,27.24,24.97,28.41,83.47,19.93,99.86,3.95,230.8,10.58,37.49,0.98,0.9,99.43
2024-07-15,PHU CAT,13.767,109.217,24.27,28.21,30.06,26.75,25.54,28.64,85.47,20.62,99.93,4.79,185.4,15.31,37.68,0.93,0.94,98.57
2024-07-16,PHU CAT,13.767,109.217,37.95,27.72,28.22,26.97,24.44,28.47,82.45,19.28,100.05,3.14,160.0,18.38,37.44,0.95,0.95,97.33
2024-07-17,PHU CAT,13.767,109.217,7.31,28.09,29.35,27.23,25.45,28.41,85.6,20.46,100.09,4.24,182.8,18.33,37.64,0.93,0.96,98.54
2024-07-18,PHU CAT,13.767,109.217,3.74,28.36,30.2,27.31,25.39,28.6,83.98,20.39,100.1,4.32,207.4,20.79,37.73,0.92,0.95,89.66
2024-07-19,PHU CAT,13.767,109.217,2.84,28.41,29.11,27.83,25.66,28.82,85.12,20.74,100.07,3.71,204.3,17.63,37.46,0.91,0.94,90.01
2024-07-20,PHU CAT,13.767,109.217,54.38,28.0,29.34,26.86,25.18,28.54,84.7,20.13,100.1,4.65,257.4,12.17,37.34,0.95,0.95,99.34
2024-07-21,PHU CAT,13.767,109.217,29.33,27.72,29.47,26.8,24.98,28.34,84.97,19.9,100.07,6.08,234.7,12.04,37.53,0.96,0.97,97.49
2024-07-22,PHU CAT,13.767,109.217,8.46,29.0,31.44,27.53,25.53,28.76,81.78,20.59,100.05,5.82,233.9,19.73,37.98,0.94,0.97,87.57
2024-07-23,PHU CAT,13.767,109.217,37.56,28.7,30.21,27.19,25.32,28.6,82.01,20.34,99.94,5.73,235.6,14.83,38.18,0.96,0.98,95.3
2024-07-24,PHU CAT,13.767,109.217,3.36,28.81,31.01,27.5,24.91,28.68,79.68,19.89,99.75,5.83,236.3,13.41,37.98,0.94,0.98,98.71
2024-07-25,PHU CAT,13.767,109.217,2.01,29.17,31.67,27.66,25.03,28.84,78.65,20.05,99.7,6.81,237.8,16.04,38.05,0.93,0.97,98.67
2024-07-26,PHU CAT,13.767,109.217,1.61,28.81,30.8,27.36,24.94,28.68,79.78,19.89,99.91,6.88,236.1,16.27,37.91,0.92,0.96,99.09
2024-07-27,PHU CAT,13.767,109.217,10.74,28.89,30.77,27.64,25.69,28.76,82.99,20.78,100.08,4.62,224.3,18.93,37.83,0.93,0.96,98.9
2024-07-28,PHU CAT,13.767,109.217,16.59,28.62,30.1,27.44,25.83,28.58,85.05,20.94,100.11,4.2,206.3,18.75,37.84,0.94,0.96,98.43
2024-07-29,PHU CAT,13.767,109.217,7.87,28.69,30.09,27.51,25.39,28.61,82.48,20.37,100.2,4.1,206.3,18.86,37.48,0.93,0.97,97.95
2024-07-30,PHU CAT,13.767,109.217,6.26,28.81,30.17,27.72,25.8,28.78,83.9,20.85,100.34,4.19,208.7,20.58,37.71,0.93,0.96,88.24
2024-07-31,PHU CAT,13.767,109.217,4.72,28.65,30.05,27.53,25.75,28.76,84.44,20.75,100.51,4.59,207.5,18.56,37.51,0.93,0.96,91.37
2024-08-01,PHU CAT,13.767,109.217,1.69,29.19,31.86,26.92,25.63,29.15,81.58,20.64,100.43,3.37,222.5,23.94,37.55,0.92,0.96,34.49
2024-08-02,PHU CAT,13.767,109.217,7.28,29.45,31.4,27.63,25.93,29.46,81.86,21.04,100.36,2.92,201.4,24.61,37.47,0.93,0.95,31.22
2024-08-03,PHU CAT,13.767,109.217,13.73,29.17,31.02,27.35,26.11,29.37,83.72,21.23,100.42,3.0,215.6,24.47,37.34,0.94,0.96,51.55
2024-08-04,PHU CAT,13.767,109.217,7.9,29.44,31.38,27.6,25.6,29.78,80.16,20.61,100.39,2.9,202.5,23.34,37.04,0.93,0.96,39.03
2024-08-05,PHU CAT,13.767,109.217,3.82,29.51,31.3,27.98,25.34,29.8,78.59,20.31,100.3,2.66,173.8,24.39,37.03,0.92,0.96,44.01
2024-08-06,PHU CAT,13.767,109.217,2.47,29.56,31.12,28.64,25.41,29.71,78.6,20.38,100.29,2.87,174.4,24.61,37.05,0.92,0.95,26.01
2024-08-07,PHU CAT,13.767,109.217,2.9,29.4,30.83,28.38,25.65,29.6,80.45,20.67,100.37,3.28,199.5,24.48,37.61,0.92,0.95,43.68
2024-08-08,PHU CAT,13.767,109.217,2.96,29.84,31.68,28.17,26.42,29.92,82.18,21.65,100.34,3.63,212.2,24.92,37.58,0.91,0.95,28.34
2024-08-09,PHU CAT,13.767,109.217,1.72,29.68,31.48,28.27,26.39,29.73,82.66,21.63,100.23,4.65,215.5,24.69,37.47,0.91,0.94,23.01
2024-08-10,PHU CAT,13.767,109.217,1.69,30.08,31.97,28.56,26.69,29.92,82.26,22.07,100.05,4.49,216.0,24.46,37.44,0.91,0.94,26.76
2024-08-11,PHU CAT,13.767,109.217,2.32,30.27,32.18,28.49,26.91,29.93,82.42,22.38,99.93,3.96,221.7,24.69,37.91,0.9,0.93,31.79
2024-08-12,PHU CAT,13.767,109.217,0.83,29.8,31.52,28.3,26.57,29.71,82.87,21.89,100.07,4.61,234.1,24.43,37.5,0.9,0.93,32.67
2024-08-13,PHU CAT,13.767,109.217,3.17,29.96,31.74,28.19,26.79,29.99,83.37,22.16,100.22,3.15,202.3,24.57,37.51,0.9,0.93,37.15
2024-08-14,PHU CAT,13.767,109.217,5.45,29.96,31.78,28.35,26.45,30.12,81.79,21.72,100.23,3.98,191.9,24.28,37.68,0.9,0.93,37.17
2024-08-15,PHU CAT,13.767,109.217,5.45,30.05,32.1,28.88,26.68,30.21,82.52,22.03,100.14,4.31,168.3,23.73,37.77,0.9,0.92,46.68
2024-08-16,PHU CAT,13.767,109.217,7.78,29.46,31.19,27.81,26.8,29.6,85.64,22.18,100.24,4.67,192.3,22.62,37.36,0.91,0.93,88.14
2024-08-17,PHU CAT,13.767,109.217,7.77,29.35,31.04,28.28,26.03,29.65,82.62,21.14,100.42,5.12,167.6,21.13,37.22,0.91,0.93,84.93
2024-08-18,PHU CAT,13.767,109.217,2.94,29.51,31.48,28.04,26.62,29.68,84.75,21.9,100.35,5.07,171.3,23.62,37.41,0.9,0.92,58.73
2024-08-19,PHU CAT,13.767,109.217,1.15,29.15,31.73,27.03,26.01,29.13,83.41,21.14,100.33,3.96,214.9,22.91,37.0,0.89,0.92,74.04
2024-08-20,PHU CAT,13.767,109.217,1.28,29.05,30.74,27.56,26.36,28.99,85.71,21.56,100.47,3.98,188.3,23.34,36.87,0.89,0.91,73.4
2024-08-21,PHU CAT,13.767,109.217,3.33,28.83,30.54,27.16,26.05,28.76,85.09,21.12,100.54,3.8,196.8,22.64,36.96,0.89,0.91,73.59
2024-08-22,PHU CAT,13.767,109.217,0.67,28.45,29.66,27.47,25.68,28.76,85.05,20.65,100.61,4.43,165.8,24.18,36.51,0.88,0.91,55.76
2024-08-23,PHU CAT,13.767,109.217,0.73,28.64,30.18,27.52,25.7,28.82,84.29,20.67,100.61,4.44,167.1,22.68,36.52,0.87,0.9,90.83
2024-08-24,PHU CAT,13.767,109.217,1.98,28.7,29.93,27.66,25.57,29.0,83.23,20.54,100.51,4.01,171.0,21.89,36.56,0.87,0.9,75.62
2024-08-25,PHU CAT,13.767,109.217,2.87,29.25,30.73,28.06,25.21,29.51,79.08,20.15,100.31,2.76,136.6,21.72,36.71,0.87,0.89,79.49
2024-08-26,PHU CAT,13.767,109.217,2.21,29.24,31.39,27.66,24.48,29.44,76.13,19.31,100.33,3.48,188.4,23.02,37.06,0.86,0.89,75.32
2024-08-27,PHU CAT,13.767,109.217,10.94,29.34,31.96,27.62,25.54,29.51,80.33,20.54,100.32,3.36,230.6,22.26,37.51,0.88,0.89,79.75
2024-08-28,PHU CAT,13.767,109.217,2.53,29.24,31.05,27.75,25.66,29.34,81.17,20.7,100.23,3.72,231.3,24.13,37.38,0.87,0.89,62.92
2024-08-29,PHU CAT,13.767,109.217,10.0,29.23,31.09,27.58,25.21,29.41,79.19,20.15,100.22,3.78,246.9,22.72,37.42,0.88,0.89,80.46
2024-08-30,PHU CAT,13.767,109.217,22.36,29.54,31.53,28.31,25.67,29.63,79.78,20.71,100.21,3.43,342.2,22.2,37.41,0.9,0.9,79.58
2024-08-31,PHU CAT,13.767,109.217,6.17,29.49,31.31,28.08,25.37,29.75,78.86,20.37,100.2,2.45,122.0,23.56,37.32,0.89,0.91,67.83
2024-09-01,PHU CAT,13.767,109.217,3.05,28.6,29.72,27.63,24.96,29.66,80.71,19.85,100.25,2.3,131.0,21.14,37.4,0.89,0.91,75.58
2024-09-02,PHU CAT,13.767,109.217,6.47,29.04,30.65,28.09,25.04,30.0,79.16,19.94,100.31,2.73,121.6,22.71,37.29,0.89,0.9,73.12
2024-09-03,PHU CAT,13.767,109.217,7.03,29.89,31.98,28.07,25.72,29.93,78.58,20.79,100.2,3.39,257.4,22.38,37.89,0.88,0.9,79.32
2024-09-04,PHU CAT,13.767,109.217,6.09,28.97,30.69,28.07,25.76,29.52,82.88,20.89,99.91,5.21,255.4,16.51,37.99,0.89,0.91,98.23
2024-09-05,PHU CAT,13.767,109.217,70.59,29.55,31.21,28.19,26.08,29.73,81.9,21.35,99.74,4.1,251.0,15.34,37.8,0.93,0.92,99.44
2024-09-06,PHU CAT,13.767,109.217,4.29,29.17,31.37,27.96,25.95,29.39,82.92,21.16,99.78,6.65,230.5,12.95,37.79,0.91,0.94,99.5
2024-09-07,PHU CAT,13.767,109.217,2.1,29.61,31.84,28.12,26.22,29.3,82.15,21.42,100.14,5.01,212.9,18.22,37.75,0.9,0.93,98.13
2024-09-08,PHU CAT,13.767,109.217,0.89,29.69,31.61,28.19,26.33,29.51,82.4,21.56,100.2,4.5,215.2,23.34,37.57,0.89,0.92,74.88
2024-09-09,PHU CAT,13.767,109.217,42.29,29.23,30.7,28.43,26.29,29.41,84.24,21.52,100.14,2.42,211.7,22.52,37.63,0.94,0.93,81.6
2024-09-10,PHU CAT,13.767,109.217,15.41,29.13,30.28,28.32,26.33,29.42,84.93,21.56,100.18,2.39,331.9,20.66,37.86,0.94,0.95,98.32
2024-09-11,PHU CAT,13.767,109.217,5.65,29.08,29.97,28.2,25.43,29.47,80.68,20.39,100.36,1.63,4.7,19.7,37.6,0.92,0.95,94.05
2024-09-12,PHU CAT,13.767,109.217,7.75,29.33,30.81,27.82,25.56,29.76,80.37,20.6,100.23,2.69,232.3,21.85,37.85,0.92,0.95,77.23
2024-09-13,PHU CAT,13.767,109.217,3.37,29.34,31.1,28.09,25.76,29.76,81.23,20.87,100.04,3.32,249.8,22.09,38.03,0.92,0.95,79.64
2024-09-14,PHU CAT,13.767,109.217,8.82,28.22,29.34,26.8,25.13,29.22,83.31,20.1,99.95,4.86,235.0,20.39,37.32,0.93,0.95,93.25
2024-09-15,PHU CAT,13.767,109.217,9.09,27.84,28.79,26.9,24.72,29.39,83.28,19.66,99.84,3.56,259.6,19.37,37.62,0.93,0.95,88.43
2024-09-16,PHU CAT,13.767,109.217,9.09,29.24,30.2,28.26,26.04,29.58,82.89,21.27,99.81,5.22,355.7,17.39,37.92,0.93,0.95,95.03
2024-09-17,PHU CAT,13.767,109.217,28.65,28.46,29.26,27.29,25.12,29.22,82.09,20.15,99.73,5.91,348.4,17.71,37.35,0.95,0.96,96.02
2024-09-18,PHU CAT,13.767,109.217,158.41,28.52,29.72,27.62,25.0,29.09,81.27,20.04,99.48,5.35,283.8,17.6,37.41,0.98,0.99,97.35
2024-09-19,PHU CAT,13.767,109.217,4.98,29.39,31.66,27.93,25.39,29.73,79.33,20.5,99.62,4.89,217.6,20.94,38.04,0.94,0.98,71.21
2024-09-20,PHU CAT,13.767,109.217,11.29,29.75,31.59,28.06,26.28,29.83,81.91,21.58,99.91,4.81,188.9,20.29,38.16,0.94,0.98,94.13
2024-09-21,PHU CAT,13.767,109.217,17.44,28.75,29.84,27.82,25.55,29.52,82.88,20.6,100.11,3.97,195.0,16.69,37.69,0.96,0.98,99.66
2024-09-22,PHU CAT,13.767,109.217,8.93,28.64,29.59,27.84,24.75,29.18,79.44,19.57,100.33,4.81,204.1,10.96,37.49,0.95,0.98,99.59
2024-09-23,PHU CAT,13.767,109.217,3.81,28.62,29.62,27.81,25.46,29.21,83.14,20.4,100.6,5.25,173.5,15.36,37.41,0.94,0.98,99.58
2024-09-24,PHU CAT,13.767,109.217,1.86,28.47,29.22,28.1,24.91,29.2,81.2,19.74,100.62,1.81,89.9,13.57,37.54,0.94,0.98,88.83
2024-09-25,PHU CAT,13.767,109.217,1.63,28.72,29.38,28.33,25.57,29.26,83.06,20.5,100.62,3.17,39.3,22.59,37.07,0.93,0.97,64.37
2024-09-26,PHU CAT,13.767,109.217,5.07,28.36,28.98,27.91,24.95,29.2,81.7,19.74,100.67,1.68,70.7,17.51,37.25,0.93,0.97,91.48
2024-09-27,PHU CAT,13.767,109.217,2.18,28.28,28.93,27.59,25.02,29.29,82.48,19.83,100.61,2.07,148.0,18.66,36.81,0.93,0.97,39.44
2024-09-28,PHU CAT,13.767,109.217,0.26,28.76,29.93,28.04,25.35,29.68,81.92,20.27,100.48,3.35,154.6,22.97,36.69,0.92,0.96,25.82
2024-09-29,PHU CAT,13.767,109.217,2.02,29.23,30.49,28.67,26.44,29.78,85.07,21.67,100.36,3.59,148.1,21.65,37.41,0.92,0.96,35.01
2024-09-30,PHU CAT,13.767,109.217,1.72,29.66,30.86,28.3,26.48,29.76,83.18,21.76,100.24,3.96,193.2,22.45,37.35,0.92,0.96,42.95
2024-10-01,PHU CAT,13.767,109.217,0.75,29.65,31.07,28.51,25.3,29.68,77.59,20.23,100.38,2.04,181.5,22.39,37.01,0.92,0.95,76.17
2024-10-02,PHU CAT,13.767,109.217,3.77,28.93,29.53,28.36,26.1,29.23,84.68,21.16,100.64,4.8,9.1,12.51,37.48,0.92,0.95,99.33
2024-10-03,PHU CAT,13.767,109.217,3.61,28.13,29.18,27.42,24.62,28.72,81.27,19.34,100.74,6.63,8.7,6.1,37.63,0.92,0.95,99.26
2024-10-04,PHU CAT,13.767,109.217,1.39,28.05,29.0,27.27,24.02,28.4,78.89,18.66,100.7,7.34,1.9,15.77,37.62,0.91,0.94,86.58
2024-10-05,PHU CAT,13.767,109.217,7.5,27.96,28.19,27.42,25.04,28.25,84.08,19.84,100.65,5.97,12.1,5.16,37.83,0.92,0.95,97.33
2024-10-06,PHU CAT,13.767,109.217,4.81,27.78,28.7,26.79,25.02,28.13,85.02,19.83,100.67,6.04,348.0,5.93,37.68,0.92,0.95,98.38
2024-10-07,PHU CAT,13.767,109.217,11.15,28.28,28.6,27.72,26.0,28.34,87.4,21.03,100.7,6.02,9.4,18.49,37.36,0.93,0.95,83.39
2024-10-08,PHU CAT,13.767,109.217,35.07,28.3,28.82,27.83,25.72,28.25,85.86,20.69,100.64,5.46,18.6,8.28,37.63,0.97,0.97,95.97
2024-10-09,PHU CAT,13.767,109.217,7.26,28.16,28.92,27.6,24.87,28.39,82.29,19.65,100.6,6.11,12.7,16.85,37.36,0.94,0.97,82.33
2024-10-10,PHU CAT,13.767,109.217,5.29,28.05,29.03,27.09,24.88,28.39,83.1,19.7,100.56,6.4,354.3,19.34,37.13,0.93,0.96,57.09
2024-10-11,PHU CAT,13.767,109.217,22.98,28.58,29.18,28.13,25.96,28.52,85.65,21.0,100.54,6.19,29.3,17.3,38.03,0.95,0.97,84.34
2024-10-12,PHU CAT,13.767,109.217,16.7,28.28,28.9,27.87,25.72,28.23,85.95,20.68,100.64,6.57,10.5,3.66,37.7,0.95,0.98,95.71
2024-10-13,PHU CAT,13.767,109.217,4.16,28.12,28.97,27.32,25.57,28.24,86.03,20.51,100.54,6.65,348.9,8.03,37.25,0.93,0.98,70.75
2024-10-14,PHU CAT,13.767,109.217,7.2,28.22,28.87,27.82,26.05,28.24,87.94,21.13,100.43,6.01,358.4,20.03,37.61,0.94,0.97,75.34
2024-10-15,PHU CAT,13.767,109.217,8.59,28.04,28.88,27.01,25.65,28.07,86.84,20.62,100.53,4.26,20.6,14.69,37.43,0.94,0.97,95.62
2024-10-16,PHU CAT,13.767,109.217,13.93,27.38,28.04,27.03,24.91,28.04,86.38,19.7,100.65,2.77,79.8,12.83,37.28,0.95,0.98,96.7
2024-10-17,PHU CAT,13.767,109.217,3.47,27.52,28.19,26.87,24.03,28.28,81.25,18.67,100.69,2.08,117.2,8.96,36.87,0.93,0.98,86.54
2024-10-18,PHU CAT,13.767,109.217,2.58,28.08,28.83,27.62,24.45,28.64,80.65,19.16,100.65,2.82,54.4,20.83,36.72,0.93,0.97,54.95
2024-10-19,PHU CAT,13.767,109.217,5.36,28.34,29.01,27.72,25.45,28.54,84.35,20.34,100.7,3.92,13.6,18.4,37.08,0.93,0.97,84.51
2024-10-20,PHU CAT,13.767,109.217,16.02,27.71,28.09,27.4,25.96,27.89,90.18,21.01,100.63,5.09,330.8,15.06,37.17,0.95,0.98,97.39
2024-10-21,PHU CAT,13.767,109.217,46.89,28.25,28.65,27.99,26.56,28.19,90.48,21.79,100.47,6.75,3.0,14.34,37.62,0.97,0.99,90.18
2024-10-22,PHU CAT,13.767,109.217,9.51,28.02,28.43,27.44,25.41,27.95,85.66,20.33,100.56,7.83,22.4,11.5,37.33,0.95,0.99,97.88
2024-10-23,PHU CAT,13.767,109.217,3.38,27.8,28.76,26.87,24.27,28.03,81.15,18.96,100.6,7.36,7.6,14.32,36.37,0.94,0.98,98.04
2024-10-24,PHU CAT,13.767,109.217,1.26,27.14,28.62,25.68,23.39,27.82,79.93,18.03,100.42,8.16,345.5,18.11,36.09,0.93,0.98,82.71
2024-10-25,PHU CAT,13.767,109.217,3.38,26.9,28.08,25.91,22.15,27.57,75.3,16.73,100.23,6.12,338.8,16.52,35.57,0.93,0.97,97.91
2024-10-26,PHU CAT,13.767,109.217,31.51,25.6,26.55,24.66,21.1,26.98,76.4,15.75,99.92,6.53,255.1,8.82,35.68,0.95,0.98,99.32
2024-10-27,PHU CAT,13.767,109.217,13.4,26.28,28.06,24.65,23.12,27.1,82.84,17.82,99.84,6.66,207.6,10.85,36.93,0.95,0.99,98.75
2024-10-28,PHU CAT,13.767,109.217,6.46,26.74,27.65,25.85,24.05,27.25,85.29,18.86,99.98,5.23,192.6,7.97,37.53,0.94,0.99,97.68
2024-10-29,PHU CAT,13.767,109.217,1.79,27.57,29.48,26.17,24.46,27.84,83.27,19.29,100.08,4.37,216.1,15.76,37.44,0.94,0.98,84.16
2024-10-30,PHU CAT,13.767,109.217,20.58,27.53,29.79,26.42,24.53,27.95,83.95,19.33,100.27,3.41,327.2,18.84,37.1,0.95,0.98,60.23
2024-10-31,PHU CAT,13.767,109.217,4.72,26.89,27.89,25.91,24.27,27.24,85.5,19.01,100.4,5.96,358.1,14.33,37.2,0.94,0.98,85.67
2024-11-01,PHU CAT,13.767,109.217,1.08,26.94,27.92,26.09,22.77,27.24,78.05,17.3,100.65,6.3,358.3,17.0,36.36,0.93,0.97,90.66
2024-11-02,PHU CAT,13.767,109.217,28.03,26.74,27.46,26.24,24.43,27.21,87.22,19.12,100.8,6.36,12.0,7.78,37.19,0.96,0.98,95.99
2024-11-03,PHU CAT,13.767,109.217,5.48,26.59,27.42,25.61,24.39,26.99,87.73,19.07,100.8,5.7,351.1,15.9,36.22,0.94,0.98,91.89
2024-11-04,PHU CAT,13.767,109.217,5.35,27.0,27.42,26.38,25.26,27.11,90.13,20.11,100.7,4.66,9.0,16.3,36.46,0.94,0.98,42.12
2024-11-05,PHU CAT,13.767,109.217,13.65,27.18,27.69,26.84,25.68,27.07,91.4,20.6,100.76,7.31,18.6,17.24,36.68,0.95,0.98,68.66
2024-11-06,PHU CAT,13.767,109.217,9.96,27.03,27.42,26.78,24.91,26.88,88.07,19.65,100.87,7.89,33.4,11.17,37.24,0.95,0.99,90.95
2024-11-07,PHU CAT,13.767,109.217,8.51,26.55,27.18,25.85,23.89,26.65,85.27,18.46,100.94,8.43,25.4,10.96,37.19,0.95,0.98,94.89
2024-11-08,PHU CAT,13.767,109.217,4.38,25.86,26.85,25.1,23.17,26.48,85.15,17.69,100.87,7.84,359.6,11.38,36.35,0.94,0.98,95.14
2024-11-09,PHU CAT,13.767,109.217,0.29,25.58,26.53,24.58,22.22,26.24,81.68,16.69,100.85,5.9,355.7,17.77,35.18,0.93,0.97,83.62
2024-11-10,PHU CAT,13.767,109.217,0.02,25.94,26.86,24.99,22.6,26.62,81.85,17.11,100.76,5.88,346.4,20.05,35.19,0.92,0.97,33.13
2024-11-11,PHU CAT,13.767,109.217,5.08,26.72,28.25,25.68,24.11,26.99,85.68,18.81,100.49,4.61,336.5,17.56,36.78,0.92,0.96,69.15
2024-11-12,PHU CAT,13.767,109.217,12.15,26.77,27.51,26.26,24.91,26.93,89.53,19.74,100.46,3.38,60.2,7.67,37.5,0.94,0.97,96.35
2024-11-13,PHU CAT,13.767,109.217,2.63,26.82,27.64,26.25,24.83,26.94,88.81,19.62,100.57,3.49,52.5,13.1,37.04,0.92,0.96,71.16
2024-11-14,PHU CAT,13.767,109.217,0.4,26.54,27.72,25.61,23.59,26.9,83.79,18.19,100.62,2.74,34.3,18.13,35.37,0.92,0.96,22.09
2024-11-15,PHU CAT,13.767,109.217,0.56,26.64,27.71,25.92,22.57,27.08,78.38,17.09,100.59,1.69,75.2,20.62,34.82,0.91,0.95,32.98
2024-11-16,PHU CAT,13.767,109.217,0.1,26.6,27.48,25.9,23.4,27.14,82.61,17.97,100.65,3.84,28.8,18.69,35.13,0.91,0.95,58.52
2024-11-17,PHU CAT,13.767,109.217,1.4,26.69,27.39,26.32,23.84,26.99,84.44,18.46,100.7,6.23,4.1,19.95,35.19,0.9,0.94,42.72
2024-11-18,PHU CAT,13.767,109.217,5.96,27.17,27.82,26.8,24.58,27.16,85.77,19.3,100.72,6.54,29.7,15.4,36.48,0.91,0.94,77.24
2024-11-19,PHU CAT,13.767,109.217,10.09,26.6,27.51,25.76,23.85,26.89,84.8,18.45,100.81,7.46,28.2,11.23,37.22,0.92,0.94,91.72
2024-11-20,PHU CAT,13.767,109.217,2.99,26.09,26.66,25.68,23.38,26.62,84.95,17.91,100.81,6.51,4.3,14.22,36.29,0.91,0.94,98.04
2024-11-21,PHU CAT,13.767,109.217,6.5,26.75,27.4,26.26,24.62,26.91,88.06,19.34,100.72,6.32,26.5,10.34,36.75,0.91,0.93,68.44
2024-11-22,PHU CAT,13.767,109.217,9.88,26.68,27.31,26.27,24.81,26.73,89.44,19.56,100.76,7.8,26.8,7.23,37.16,0.91,0.94,97.54
2024-11-23,PHU CAT,13.767,109.217,12.25,26.67,27.33,26.31,24.76,26.7,89.24,19.48,100.85,7.56,31.0,14.14,36.56,0.92,0.94,97.9
2024-11-24,PHU CAT,13.767,109.217,6.1,26.67,27.34,26.21,25.09,26.75,91.01,19.88,100.78,5.33,23.7,12.61,36.41,0.91,0.94,92.23
2024-11-25,PHU CAT,13.767,109.217,4.63,26.77,27.55,26.3,25.22,26.88,91.16,20.03,100.79,4.88,18.3,15.15,36.15,0.91,0.94,83.25
2024-11-26,PHU CAT,13.767,109.217,4.25,26.63,27.46,25.99,24.65,26.6,88.84,19.36,100.82,7.57,34.7,14.37,36.48,0.91,0.94,98.12
2024-11-27,PHU CAT,13.767,109.217,2.4,26.1,26.76,25.69,23.64,26.37,86.28,18.2,100.91,9.76,25.1,11.0,36.53,0.9,0.93,99.47
2024-11-28,PHU CAT,13.767,109.217,0.39,25.23,26.26,24.28,21.26,25.75,78.66,15.69,101.17,10.87,14.7,11.92,35.99,0.89,0.92,99.06
2024-11-29,PHU CAT,13.767,109.217,0.11,24.67,25.22,24.28,20.0,25.46,75.23,14.51,101.07,8.93,14.0,10.2,35.7,0.88,0.91,99.59
2024-11-30,PHU CAT,13.767,109.217,0.59,24.74,25.47,24.29,21.46,25.58,82.05,15.94,100.79,7.25,6.2,7.32,36.27,0.87,0.9,93.29
2024-12-01,PHU CAT,13.767,109.217,0.42,25.27,25.84,24.7,22.64,25.64,85.28,17.15,100.65,6.13,20.0,7.93,36.39,0.87,0.9,97.27
2024-12-02,PHU CAT,13.767,109.217,0.37,25.57,26.34,25.16,22.73,25.78,84.25,17.24,100.69,6.36,21.9,10.99,36.5,0.87,0.89,96.08
2024-12-03,PHU CAT,13.767,109.217,0.36,25.7,26.44,25.27,23.06,25.75,85.34,17.6,100.68,7.55,9.3,10.81,36.51,0.86,0.89,98.69
2024-12-04,PHU CAT,13.767,109.217,2.2,25.38,26.16,24.69,23.56,25.58,89.61,18.15,100.63,8.45,358.8,7.99,36.77,0.87,0.88,97.03
2024-12-05,PHU CAT,13.767,109.217,4.63,25.18,25.46,24.86,23.61,25.35,90.88,18.2,100.64,7.65,3.8,8.98,36.34,0.88,0.89,90.49
2024-12-06,PHU CAT,13.767,109.217,3.68,25.55,25.92,25.27,23.64,25.56,89.1,18.23,100.68,7.29,12.4,7.1,36.94,0.87,0.89,98.31
2024-12-07,PHU CAT,13.767,109.217,1.88,25.76,26.36,25.32,23.13,25.79,85.4,17.65,100.84,7.91,12.2,10.53,36.21,0.87,0.88,89.25
2024-12-08,PHU CAT,13.767,109.217,7.72,25.44,26.14,25.06,22.88,25.72,85.65,17.36,100.93,9.48,22.8,8.39,36.4,0.88,0.88,98.9
2024-12-09,PHU CAT,13.767,109.217,5.28,25.49,26.03,25.24,23.08,25.72,86.46,17.6,100.77,8.14,26.0,10.1,36.32,0.87,0.88,99.64
2024-12-10,PHU CAT,13.767,109.217,19.6,25.52,26.19,25.05,23.85,25.7,90.5,18.49,100.6,7.08,21.7,3.97,36.28,0.91,0.89,99.28
2024-12-11,PHU CAT,13.767,109.217,16.48,25.6,25.79,25.5,24.57,25.65,93.91,19.3,100.58,8.05,39.9,1.44,36.59,0.92,0.92,99.03
2024-12-12,PHU CAT,13.767,109.217,15.01,25.67,25.99,25.52,24.41,25.62,92.7,19.11,100.66,7.34,41.5,8.44,36.77,0.92,0.92,99.44
2024-12-13,PHU CAT,13.767,109.217,11.04,25.69,26.13,25.36,24.23,25.56,91.52,18.86,100.85,8.37,36.6,10.02,36.73,0.92,0.94,99.52
2024-12-14,PHU CAT,13.767,109.217,9.26,25.06,25.73,24.26,22.88,25.22,87.62,17.34,101.13,10.36,35.1,7.73,36.26,0.91,0.94,99.2
2024-12-15,PHU CAT,13.767,109.217,7.56,24.06,24.47,23.8,21.71,24.81,86.62,16.11,101.23,10.13,22.6,5.18,35.73,0.92,0.94,99.18
2024-12-16,PHU CAT,13.767,109.217,2.94,24.18,24.71,23.93,21.36,24.86,84.18,15.77,101.17,8.97,14.7,7.26,36.08,0.91,0.94,89.12
2024-12-17,PHU CAT,13.767,109.217,2.06,24.45,24.92,24.12,21.52,25.0,83.71,15.95,101.05,8.05,13.0,8.54,36.56,0.9,0.93,93.16
2024-12-18,PHU CAT,13.767,109.217,2.33,24.64,25.28,24.16,21.69,25.08,83.56,16.12,101.02,9.06,18.8,8.38,36.25,0.9,0.93,78.5
2024-12-19,PHU CAT,13.767,109.217,0.58,24.23,25.32,23.27,20.07,24.73,77.51,14.58,101.07,9.1,25.8,12.73,35.16,0.89,0.92,88.28
2024-12-20,PHU CAT,13.767,109.217,0.35,23.8,24.71,23.19,19.58,24.55,77.16,14.13,101.03,7.86,16.6,11.39,34.2,0.88,0.91,98.18
2024-12-21,PHU CAT,13.767,109.217,0.33,23.52,24.46,22.91,19.04,24.39,75.91,13.66,101.07,8.85,4.3,10.83,33.97,0.87,0.91,98.76
2024-12-22,PHU CAT,13.767,109.217,1.42,23.56,23.91,23.17,20.79,24.39,84.48,15.29,100.85,9.55,358.3,8.88,35.3,0.87,0.9,98.73
2024-12-23,PHU CAT,13.767,109.217,5.97,23.85,24.52,23.4,21.66,24.45,87.49,16.14,100.72,11.98,355.8,6.94,36.01,0.88,0.9,99.25
2024-12-24,PHU CAT,13.767,109.217,7.69,23.71,24.07,23.35,21.77,24.31,88.87,16.24,100.85,11.31,359.8,4.58,35.43,0.89,0.9,99.06
2024-12-25,PHU CAT,13.767,109.217,3.67,24.66,24.88,24.21,23.45,24.65,92.91,17.98,100.93,7.03,7.4,3.33,36.31,0.89,0.91,93.38
2024-12-26,PHU CAT,13.767,109.217,4.01,25.03,25.71,24.62,23.9,24.94,93.37,18.44,101.07,6.84,21.4,6.17,36.83,0.88,0.91,98.76
2024-12-27,PHU CAT,13.767,109.217,9.44,24.85,25.44,24.5,23.38,24.82,91.43,17.85,101.21,8.12,22.6,8.24,36.3,0.9,0.91,94.25
2024-12-28,PHU CAT,13.767,109.217,10.14,23.82,24.89,23.14,21.34,24.26,85.92,15.74,101.3,9.99,20.4,9.87,36.08,0.9,0.92,94.88
2024-12-29,PHU CAT,13.767,109.217,0.91,23.64,24.34,23.19,20.38,24.19,81.9,14.83,101.21,8.06,17.5,8.96,35.68,0.88,0.91,93.37
2024-12-30,PHU CAT,13.767,109.217,5.48,23.86,24.19,23.55,21.57,24.42,87.01,16.0,101.07,8.11,4.1,7.54,36.09,0.89,0.91,98.14
2024-12-31,PHU CAT,13.767,109.217,6.24,23.24,24.11,22.75,20.92,24.06,86.76,15.4,100.96,10.07,358.1,4.65,35.31,0.89,0.91,99.49
2025-01-01,PHU CAT,13.767,109.217,1.85,23.08,23.38,22.86,20.6,23.96,85.97,15.11,100.89,9.03,355.3,6.79,34.99,0.89,0.91,89.93
2025-01-02,PHU CAT,13.767,109.217,3.63,23.6,24.21,23.17,21.55,24.19,88.25,16.01,100.91,9.52,354.8,8.04,35.73,0.89,0.91,99.42
2025-01-03,PHU CAT,13.767,109.217,0.81,23.57,24.23,22.77,20.03,23.92,80.5,14.56,101.03,9.89,6.8,5.94,35.39,0.88,0.9,98.33
2025-01-04,PHU CAT,13.767,109.217,0.36,23.03,23.9,22.3,19.39,23.74,80.2,13.99,101.06,8.68,357.1,10.65,34.37,0.87,0.89,78.25
2025-01-05,PHU CAT,13.767,109.217,0.38,22.69,23.69,22.07,19.4,23.63,81.66,13.98,101.12,9.37,357.6,13.19,34.26,0.86,0.89,88.79
2025-01-06,PHU CAT,13.767,109.217,0.55,23.18,23.65,22.55,20.08,23.59,82.66,14.59,101.03,6.89,10.6,13.51,34.56,0.86,0.88,62.38
2025-01-07,PHU CAT,13.767,109.217,0.14,23.33,24.4,22.32,19.93,23.67,81.16,14.45,101.03,6.27,13.2,17.21,32.79,0.86,0.88,20.77
2025-01-08,PHU CAT,13.767,109.217,0.47,23.33,23.59,22.96,20.9,23.65,86.27,15.37,101.06,6.18,6.4,19.21,33.0,0.85,0.87,59.45
2025-01-09,PHU CAT,13.767,109.217,0.38,23.82,24.72,23.15,20.71,23.74,82.64,15.15,101.22,8.47,21.1,15.35,34.35,0.85,0.86,51.36
2025-01-10,PHU CAT,13.767,109.217,0.73,22.8,23.69,22.16,18.94,23.26,78.82,13.51,101.53,10.47,19.1,13.11,34.62,0.84,0.86,87.8
2025-01-11,PHU CAT,13.767,109.217,1.59,21.66,22.93,20.73,18.29,22.9,81.11,12.97,101.66,11.86,10.4,5.29,34.94,0.84,0.85,93.56
2025-01-12,PHU CAT,13.767,109.217,0.3,21.12,21.67,20.74,16.73,22.57,75.98,11.76,101.47,9.65,7.8,13.65,33.29,0.84,0.85,96.15
2025-01-13,PHU CAT,13.767,109.217,1.88,22.15,22.52,21.47,19.41,23.14,84.71,14.02,101.17,8.08,357.9,7.12,34.82,0.84,0.84,70.65
2025-01-14,PHU CAT,13.767,109.217,4.63,23.3,23.8,22.57,22.12,23.57,93.07,16.56,101.08,7.44,351.2,7.22,35.99,0.85,0.84,94.79
2025-01-15,PHU CAT,13.767,109.217,4.91,23.61,24.63,22.9,21.84,23.76,89.7,16.26,101.22,8.37,31.6,4.5,36.08,0.85,0.84,83.61
2025-01-16,PHU CAT,13.767,109.217,4.16,22.65,23.35,21.82,19.28,23.17,81.18,13.83,101.36,10.02,19.5,7.48,35.6,0.85,0.84,96.22
2025-01-17,PHU CAT,13.767,109.217,0.74,22.13,22.92,21.6,18.12,22.85,77.93,12.87,101.16,7.7,15.3,9.91,34.12,0.83,0.84,94.78
2025-01-18,PHU CAT,13.767,109.217,1.06,22.11,22.91,21.54,18.38,22.85,79.42,13.11,101.06,7.9,1.7,8.69,34.9,0.83,0.83,80.62
2025-01-19,PHU CAT,13.767,109.217,0.35,21.58,22.86,20.62,17.6,22.53,78.04,12.49,100.96,7.3,5.4,17.36,33.06,0.82,0.83,59.98
2025-01-20,PHU CAT,13.767,109.217,0.17,21.26,22.42,20.51,17.28,22.32,78.03,12.24,100.96,6.82,4.8,14.85,32.04,0.82,0.82,72.46
2025-01-21,PHU CAT,13.767,109.217,0.05,21.26,22.5,20.28,17.11,22.35,77.24,12.11,100.96,5.46,7.3,17.06,31.15,0.81,0.81,46.61
2025-01-22,PHU CAT,13.767,109.217,0.0,21.4,22.88,20.26,17.78,22.28,79.95,12.63,100.96,5.25,2.3,20.25,31.11,0.81,0.81,62.28
2025-01-23,PHU CAT,13.767,109.217,0.01,21.74,23.02,20.87,18.47,22.33,81.78,13.22,100.9,4.4,358.6,14.43,33.21,0.8,0.8,76.7
2025-01-24,PHU CAT,13.767,109.217,0.01,22.23,23.6,21.17,19.35,22.56,83.76,13.97,100.78,2.46,21.7,18.24,33.01,0.8,0.79,89.68
2025-01-25,PHU CAT,13.767,109.217,0.01,22.5,23.7,21.77,20.06,23.21,86.12,14.59,100.87,3.82,23.4,19.89,32.36,0.79,0.79,39.04
2025-01-26,PHU CAT,13.767,109.217,1.02,22.72,23.88,21.26,19.6,23.19,82.55,14.15,101.11,8.82,14.1,19.61,32.85,0.79,0.78,59.87
2025-01-27,PHU CAT,13.767,109.217,1.14,21.43,22.28,20.99,18.08,22.68,81.15,12.84,101.24,9.09,15.3,9.48,34.29,0.79,0.78,98.41
2025-01-28,PHU CAT,13.767,109.217,0.56,21.8,22.21,21.41,18.3,22.81,80.46,13.0,101.43,8.95,11.8,13.96,33.98,0.78,0.77,90.34
2025-01-29,PHU CAT,13.767,109.217,0.4,22.2,22.9,21.77,18.69,22.9,80.54,13.34,101.32,7.52,14.9,16.86,33.13,0.78,0.77,86.03
2025-01-30,PHU CAT,13.767,109.217,0.12,22.2,23.44,21.39,18.93,22.8,81.77,13.59,100.94,6.36,359.2,16.73,32.89,0.77,0.76,78.53
2025-01-31,PHU CAT,13.767,109.217,0.15,22.23,23.8,20.64,19.81,22.85,86.37,14.4,100.72,5.99,353.3,19.24,32.73,0.76,0.76,37.63
2025-02-01,PHU CAT,13.767,109.217,0.06,22.3,23.88,21.1,19.91,22.83,86.76,14.55,100.62,4.73,350.0,21.28,33.01,0.76,0.75,30.94
2025-02-02,PHU CAT,13.767,109.217,0.37,22.8,23.92,21.96,21.02,23.26,90.08,15.57,100.71,4.4,357.2,21.05,33.74,0.75,0.74,37.72
2025-02-03,PHU CAT,13.767,109.217,1.69,23.42,24.37,22.7,20.86,23.47,85.53,15.32,101.01,8.21,12.6,15.28,34.31,0.75,0.74,45.56
2025-02-04,PHU CAT,13.767,109.217,1.89,22.64,23.43,21.74,18.88,23.06,79.25,13.51,101.15,8.35,24.1,12.22,34.67,0.75,0.74,74.15
2025-02-05,PHU CAT,13.767,109.217,0.13,22.24,23.32,21.54,18.23,22.86,77.98,12.98,101.01,5.64,16.2,16.94,32.47,0.73,0.73,39.21
2025-02-06,PHU CAT,13.767,109.217,0.14,22.87,24.05,21.84,19.68,22.96,82.37,14.26,100.9,5.85,359.8,19.12,32.7,0.73,0.73,51.82
2025-02-07,PHU CAT,13.767,109.217,0.93,23.15,24.08,22.61,20.8,23.24,86.59,15.25,101.04,8.29,5.3,17.27,34.05,0.73,0.72,86.95
2025-02-08,PHU CAT,13.767,109.217,1.19,22.66,23.64,21.88,19.17,22.99,80.65,13.76,101.18,10.31,17.2,16.27,34.33,0.72,0.72,92.37
2025-02-09,PHU CAT,13.767,109.217,1.24,22.22,22.55,21.98,19.1,22.74,82.42,13.71,101.13,9.36,13.1,6.53,35.07,0.73,0.72,99.07
2025-02-10,PHU CAT,13.767,109.217,1.81,22.29,23.05,21.78,20.14,22.93,87.74,14.67,101.0,8.99,351.3,5.82,35.28,0.73,0.72,97.03
2025-02-11,PHU CAT,13.767,109.217,2.79,23.17,23.99,22.76,21.96,23.33,92.83,16.41,100.87,6.97,351.9,6.54,35.82,0.73,0.72,96.26
2025-02-12,PHU CAT,13.767,109.217,1.15,23.59,24.37,23.11,22.56,23.49,93.85,17.03,100.87,6.65,352.8,10.22,35.79,0.73,0.72,69.23
2025-02-13,PHU CAT,13.767,109.217,0.73,23.51,24.73,22.75,22.07,23.73,91.61,16.53,100.88,8.3,344.2,10.57,36.02,0.71,0.71,85.14
2025-02-14,PHU CAT,13.767,109.217,1.69,23.7,24.75,23.03,22.38,23.83,92.29,16.85,100.86,5.41,2.6,7.71,36.49,0.71,0.71,89.71
2025-02-15,PHU CAT,13.767,109.217,0.47,23.77,25.01,23.01,22.39,23.95,91.95,16.86,100.83,3.42,32.9,15.35,36.21,0.7,0.7,75.71
2025-02-16,PHU CAT,13.767,109.217,0.5,23.79,24.8,23.16,21.91,23.77,89.18,16.33,101.07,5.0,19.7,17.18,35.19,0.69,0.7,62.16
2025-02-17,PHU CAT,13.767,109.217,0.74,23.66,24.69,22.8,21.08,23.83,85.41,15.5,101.17,6.02,9.2,14.51,35.83,0.68,0.7,79.7
2025-02-18,PHU CAT,13.767,109.217,2.63,23.81,24.7,23.3,21.92,23.91,89.06,16.33,101.12,7.14,20.7,11.43,36.12,0.7,0.69,91.69
2025-02-19,PHU CAT,13.767,109.217,1.64,23.6,24.49,23.01,21.55,23.68,88.23,15.96,101.12,6.43,19.8,10.94,35.6,0.69,0.69,76.11
2025-02-20,PHU CAT,13.767,109.217,1.48,23.8,24.73,23.38,22.06,23.99,89.98,16.48,101.13,5.67,17.6,12.45,36.21,0.68,0.69,91.64
2025-02-21,PHU CAT,13.767,109.217,2.17,24.03,24.85,23.64,22.34,24.07,90.19,16.75,101.18,5.91,26.5,13.51,36.27,0.68,0.69,97.57
2025-02-22,PHU CAT,13.767,109.217,5.94,23.96,24.53,23.68,22.68,23.93,92.47,17.1,101.21,5.88,18.8,6.9,36.27,0.72,0.69,99.59
2025-02-23,PHU CAT,13.767,109.217,14.81,24.0,24.44,23.6,22.86,23.83,93.26,17.27,101.35,6.81,34.2,5.14,36.25,0.78,0.71,99.32
2025-02-24,PHU CAT,13.767,109.217,4.12,23.83,24.55,23.43,21.7,24.0,87.79,16.05,101.5,8.4,29.1,10.07,36.09,0.74,0.72,87.62
2025-02-25,PHU CAT,13.767,109.217,2.23,23.89,24.71,23.43,21.82,24.05,88.14,16.17,101.48,7.38,17.0,13.01,36.01,0.72,0.71,96.12
2025-02-26,PHU CAT,13.767,109.217,0.74,23.96,24.86,23.25,21.49,24.14,86.01,15.87,101.34,5.7,20.1,11.54,35.85,0.71,0.71,97.32
2025-02-27,PHU CAT,13.767,109.217,0.29,23.89,25.16,23.09,21.21,24.3,84.98,15.63,101.11,4.4,16.3,14.57,35.48,0.69,0.7,78.2
2025-02-28,PHU CAT,13.767,109.217,0.15,24.2,25.4,23.15,21.4,24.39,84.33,15.83,101.01,3.1,25.7,16.83,34.61,0.69,0.7,41.3
2025-03-01,PHU CAT,13.767,109.217,0.07,24.87,25.97,23.89,21.52,24.99,81.63,15.99,100.8,2.01,98.9,23.75,33.26,0.67,0.69,11.14
2025-03-02,PHU CAT,13.767,109.217,0.02,25.35,26.86,24.06,22.83,25.52,86.21,17.38,100.63,2.43,149.8,23.16,34.6,0.66,0.68,32.52
2025-03-03,PHU CAT,13.767,109.217,0.03,25.97,27.75,24.96,23.74,25.77,87.81,18.4,100.47,2.09,144.6,21.48,35.69,0.65,0.68,76.33
2025-03-04,PHU CAT,13.767,109.217,0.07,26.33,28.03,25.26,24.57,26.02,90.41,19.36,100.42,2.41,139.9,22.44,35.16,0.64,0.67,25.6
2025-03-05,PHU CAT,13.767,109.217,0.14,26.2,27.55,25.25,24.6,25.86,91.05,19.36,100.53,2.34,139.0,21.6,35.06,0.64,0.67,28.22
2025-03-06,PHU CAT,13.767,109.217,0.81,25.79,27.1,24.67,24.2,25.95,90.95,18.85,100.82,4.67,28.2,19.05,36.28,0.64,0.66,60.92
2025-03-07,PHU CAT,13.767,109.217,4.5,24.83,25.89,24.09,22.55,25.22,87.06,17.01,100.92,7.49,17.0,13.36,36.18,0.66,0.66,82.17
2025-03-08,PHU CAT,13.767,109.217,2.05,24.67,25.63,24.05,22.04,24.98,85.27,16.46,101.06,7.53,15.0,13.62,36.66,0.65,0.66,96.51
2025-03-09,PHU CAT,13.767,109.217,3.24,24.67,25.56,24.21,22.62,24.99,88.42,17.05,101.15,7.22,4.7,8.84,36.78,0.65,0.66,99.06
2025-03-10,PHU CAT,13.767,109.217,2.46,24.74,25.59,24.12,23.42,24.82,92.27,17.91,101.1,5.54,14.8,8.74,36.35,0.66,0.66,74.76
2025-03-11,PHU CAT,13.767,109.217,1.09,24.79,25.96,24.14,23.3,24.82,91.44,17.82,100.89,3.31,28.2,14.21,36.34,0.64,0.66,80.15
2025-03-12,PHU CAT,13.767,109.217,0.33,25.23,26.56,24.35,23.52,25.19,90.31,18.09,100.73,2.15,58.5,20.02,35.61,0.62,0.66,65.84
2025-03-13,PHU CAT,13.767,109.217,0.38,25.68,26.8,25.02,24.26,25.52,91.9,18.92,100.74,1.89,70.6,20.14,35.6,0.62,0.65,49.71
2025-03-14,PHU CAT,13.767,109.217,0.12,25.77,27.2,24.56,23.93,25.8,89.73,18.54,100.79,1.85,125.2,25.1,34.79,0.6,0.65,28.18
2025-03-15,PHU CAT,13.767,109.217,0.24,26.28,28.47,25.08,24.07,26.34,88.06,18.73,100.76,2.01,88.9,24.86,34.68,0.6,0.64,13.72
2025-03-16,PHU CAT,13.767,109.217,2.59,25.38,27.31,23.7,22.85,25.92,85.97,17.35,100.91,6.65,5.7,20.05,35.84,0.6,0.64,62.97
2025-03-17,PHU CAT,13.767,109.217,0.97,24.76,25.73,24.13,21.85,25.43,83.83,16.28,101.04,8.76,3.7,6.83,36.85,0.61,0.64,93.16
2025-03-18,PHU CAT,13.767,109.217,1.21,23.91,25.18,22.73,20.7,25.15,82.2,15.14,101.31,9.76,7.0,10.12,36.56,0.6,0.63,96.41
2025-03-19,PHU CAT,13.767,109.217,0.95,22.96,23.81,22.31,19.44,24.83,80.62,13.96,101.55,10.35,0.6,8.97,36.07,0.6,0.63,98.93
2025-03-20,PHU CAT,13.767,109.217,0.39,23.5,24.04,23.18,19.64,24.87,78.98,14.13,101.51,9.57,3.8,8.0,35.79,0.59,0.63,99.07
2025-03-21,PHU CAT,13.767,109.217,0.64,23.52,24.62,22.72,19.6,24.66,78.77,14.12,101.41,8.41,358.2,12.49,35.71,0.59,0.62,94.03
2025-03-22,PHU CAT,13.767,109.217,0.31,23.67,24.9,22.75,20.48,24.62,82.4,14.93,101.24,6.79,359.4,18.06,35.12,0.58,0.62,81.11
2025-03-23,PHU CAT,13.767,109.217,0.14,23.65,24.85,22.37,19.81,24.47,79.07,14.35,101.07,5.39,5.9,16.53,33.73,0.58,0.62,36.35
2025-03-24,PHU CAT,13.767,109.217,0.06,22.99,24.49,21.93,19.59,24.32,81.2,14.19,100.81,4.29,13.4,24.88,31.93,0.57,0.61,12.28
2025-03-25,PHU CAT,13.767,109.217,0.01,24.05,25.64,22.99,20.02,24.64,78.49,14.64,100.48,2.78,134.7,25.87,32.03,0.56,0.61,8.23
2025-03-26,PHU CAT,13.767,109.217,0.04,25.18,27.28,24.13,22.61,25.07,86.16,17.22,100.27,4.56,162.9,25.46,33.45,0.55,0.6,3.28
2025-03-27,PHU CAT,13.767,109.217,0.1,25.73,27.87,24.45,23.63,25.25,88.59,18.32,100.18,4.31,156.8,24.29,34.67,0.55,0.6,3.72
2025-03-28,PHU CAT,13.767,109.217,0.39,25.55,27.35,24.43,23.74,25.26,89.95,18.39,100.44,3.68,149.3,24.14,34.79,0.55,0.59,9.72
2025-03-29,PHU CAT,13.767,109.217,1.51,25.56,26.92,24.66,23.87,25.52,90.41,18.48,100.71,3.15,52.1,22.22,36.24,0.55,0.59,59.99
2025-03-30,PHU CAT,13.767,109.217,3.19,24.86,26.37,23.64,23.12,25.22,90.02,17.64,100.86,8.36,356.5,16.2,36.69,0.57,0.59,90.69
2025-03-31,PHU CAT,13.767,109.217,4.33,23.87,24.7,23.32,21.99,24.56,89.23,16.46,100.86,9.96,349.7,11.87,36.14,0.6,0.6,90.81
2025-04-01,PHU CAT,13.767,109.217,1.56,23.51,24.57,22.49,20.83,24.4,84.88,15.3,100.96,9.7,353.8,11.4,35.88,0.58,0.6,87.78
2025-04-02,PHU CAT,13.767,109.217,0.57,23.68,24.4,23.18,20.73,24.06,83.45,15.17,101.11,7.27,6.7,9.81,35.94,0.57,0.6,89.51
2025-04-03,PHU CAT,13.767,109.217,0.15,23.44,24.76,22.46,20.58,23.88,84.04,15.04,101.08,5.83,2.6,18.23,35.18,0.55,0.59,54.01
2025-04-04,PHU CAT,13.767,109.217,0.03,24.0,25.54,22.23,20.87,24.27,82.78,15.34,100.88,2.49,30.2,21.22,34.48,0.54,0.59,45.21
2025-04-05,PHU CAT,13.767,109.217,0.02,24.72,26.2,23.7,22.42,25.15,87.21,16.91,100.78,2.4,66.7,22.9,35.51,0.53,0.58,60.11
2025-04-06,PHU CAT,13.767,109.217,0.05,24.9,26.21,24.02,22.95,25.0,89.01,17.44,100.89,3.04,20.1,17.56,35.91,0.53,0.58,62.37
2025-04-07,PHU CAT,13.767,109.217,0.05,25.25,26.41,24.57,22.92,25.3,86.89,17.39,101.0,3.71,26.7,18.86,35.56,0.53,0.58,77.92
2025-04-08,PHU CAT,13.767,109.217,0.01,25.74,26.79,25.08,22.13,25.8,80.5,16.58,100.94,2.88,32.6,21.04,35.49,0.52,0.57,31.14
2025-04-09,PHU CAT,13.767,109.217,0.03,26.18,27.88,24.67,23.05,26.49,83.28,17.61,100.64,2.02,111.0,23.34,35.49,0.51,0.57,36.84
2025-04-10,PHU CAT,13.767,109.217,0.06,26.85,29.24,25.5,24.32,26.7,86.58,19.08,100.38,3.91,157.1,17.89,35.86,0.51,0.56,81.17
2025-04-11,PHU CAT,13.767,109.217,0.06,26.79,28.72,25.46,24.39,26.5,87.07,19.14,100.41,4.62,162.0,24.14,35.56,0.51,0.56,27.57
2025-04-12,PHU CAT,13.767,109.217,0.1,27.0,29.28,25.69,24.6,26.56,87.13,19.35,100.53,3.89,155.6,23.39,35.87,0.5,0.55,27.88
2025-04-13,PHU CAT,13.767,109.217,0.31,25.2,27.31,23.71,22.49,25.77,85.03,17.01,100.82,6.75,351.6,12.9,36.9,0.5,0.55,80.7
2025-04-14,PHU CAT,13.767,109.217,0.07,25.22,26.59,24.28,21.43,25.49,79.54,15.89,100.86,6.49,3.8,18.08,36.17,0.5,0.55,76.39
2025-04-15,PHU CAT,13.767,109.217,0.0,25.31,26.59,24.43,21.78,25.78,80.79,16.25,100.78,3.6,24.5,17.18,36.05,0.49,0.54,82.39
2025-04-16,PHU CAT,13.767,109.217,0.02,25.96,27.45,25.04,22.08,26.48,79.45,16.59,100.62,2.95,143.0,22.83,35.55,0.47,0.54,82.18
2025-04-17,PHU CAT,13.767,109.217,0.24,26.7,28.46,25.58,24.28,26.58,86.77,18.99,100.48,4.99,163.0,22.14,35.88,0.48,0.54,55.87
2025-04-18,PHU CAT,13.767,109.217,0.2,26.78,28.94,25.3,24.68,26.66,88.52,19.47,100.46,4.46,157.8,24.52,35.36,0.48,0.53,15.15
2025-04-19,PHU CAT,13.767,109.217,0.12,26.23,28.18,24.84,24.05,26.25,88.1,18.73,100.52,4.23,158.4,23.99,34.65,0.47,0.53,38.02
2025-04-20,PHU CAT,13.767,109.217,0.07,26.63,28.27,25.32,24.29,26.45,87.19,18.99,100.59,2.97,158.0,26.25,35.18,0.47,0.53,14.05
2025-04-21,PHU CAT,13.767,109.217,0.1,27.58,29.75,26.06,24.72,27.22,85.0,19.49,100.67,2.4,154.9,25.53,35.7,0.46,0.52,10.03
2025-04-22,PHU CAT,13.767,109.217,0.05,27.06,28.93,25.34,24.57,26.74,86.47,19.31,100.59,3.43,171.2,25.54,35.09,0.47,0.52,18.95
2025-04-23,PHU CAT,13.767,109.217,0.22,27.21,29.26,25.83,24.67,27.02,86.32,19.45,100.47,4.78,160.1,24.94,35.68,0.46,0.52,41.43
2025-04-24,PHU CAT,13.767,109.217,0.34,27.6,30.24,26.04,24.72,27.25,84.9,19.53,100.42,3.78,154.1,24.83,36.2,0.45,0.52,23.71
2025-04-25,PHU CAT,13.767,109.217,1.6,27.87,31.16,26.38,24.74,27.48,83.9,19.54,100.56,2.53,149.1,23.05,36.7,0.46,0.51,25.97
2025-04-26,PHU CAT,13.767,109.217,0.43,27.17,28.5,26.13,24.8,27.26,87.15,19.57,100.74,2.71,133.9,24.08,35.7,0.47,0.51,22.93
2025-04-27,PHU CAT,13.767,109.217,0.17,27.02,28.56,25.69,24.35,27.35,85.54,19.05,100.68,1.7,121.0,23.05,35.09,0.45,0.51,50.48
2025-04-28,PHU CAT,13.767,109.217,0.13,27.63,28.85,26.91,24.5,27.98,83.28,19.26,100.58,2.59,72.3,25.05,35.03,0.44,0.51,40.42
2025-04-29,PHU CAT,13.767,109.217,0.26,27.62,28.94,26.89,23.88,28.12,80.26,18.52,100.67,3.87,28.1,22.12,36.07,0.43,0.5,96.64
2025-04-30,PHU CAT,13.767,109.217,0.7,28.21,29.02,27.69,24.75,28.84,81.52,19.5,100.68,3.92,40.0,21.84,36.99,0.43,0.5,54.94
2025-05-01,PHU CAT,13.767,109.217,9.87,27.99,28.97,27.37,23.88,28.17,78.35,18.5,100.71,4.8,26.6,17.34,37.1,0.56,0.51,90.93
2025-05-02,PHU CAT,13.767,109.217,7.32,28.36,29.57,27.28,24.72,28.88,80.74,19.49,100.54,3.61,19.1,19.4,37.55,0.57,0.52,82.99
2025-05-03,PHU CAT,13.767,109.217,4.37,28.5,29.89,27.0,24.45,28.86,78.87,19.22,100.42,3.03,182.3,23.7,36.57,0.57,0.53,62.33
2025-05-04,PHU CAT,13.767,109.217,2.24,28.69,30.88,26.72,23.69,28.97,74.96,18.36,100.4,4.19,168.8,24.68,36.08,0.53,0.53,68.19
2025-05-05,PHU CAT,13.767,109.217,2.17,28.57,29.96,27.7,25.15,29.01,81.97,20.07,100.38,4.54,155.5,24.69,36.31,0.5,0.53,31.7
2025-05-06,PHU CAT,13.767,109.217,0.43,28.84,30.24,28.01,25.67,29.31,83.16,20.7,100.31,4.63,150.3,24.69,37.33,0.51,0.53,52.0
2025-05-07,PHU CAT,13.767,109.217,0.25,29.09,30.32,28.05,25.93,29.11,83.17,21.04,100.21,2.34,173.3,23.93,37.28,0.5,0.52,17.91
2025-05-08,PHU CAT,13.767,109.217,0.48,29.78,32.0,28.41,26.57,29.61,83.33,21.92,100.11,2.87,163.6,24.49,37.63,0.49,0.52,20.12
2025-05-09,PHU CAT,13.767,109.217,0.42,29.32,31.06,28.13,26.28,29.22,84.03,21.49,100.26,2.65,164.2,25.34,37.39,0.49,0.52,49.8
2025-05-10,PHU CAT,13.767,109.217,2.65,28.35,29.84,27.5,25.67,28.94,85.41,20.69,100.37,4.03,144.5,20.22,37.17,0.53,0.52,95.25
2025-05-11,PHU CAT,13.767,109.217,15.81,28.3,29.62,27.17,24.64,29.13,80.74,19.46,100.35,2.32,68.8,22.74,37.46,0.61,0.53,79.76
2025-05-12,PHU CAT,13.767,109.217,36.59,27.67,28.48,27.27,24.85,28.81,84.59,19.67,100.43,3.83,8.5,18.93,37.62,0.75,0.58,91.88
2025-05-13,PHU CAT,13.767,109.217,4.34,28.47,29.26,27.93,24.74,29.34,80.27,19.52,100.53,2.2,65.0,21.54,37.24,0.61,0.61,77.88
2025-05-14,PHU CAT,13.767,109.217,9.14,28.64,29.47,27.96,25.03,29.45,80.89,19.86,100.6,1.99,51.3,22.7,37.19,0.64,0.61,75.69
2025-05-15,PHU CAT,13.767,109.217,10.11,28.92,29.99,27.97,25.62,29.6,82.45,20.59,100.57,3.21,20.9,24.67,37.49,0.67,0.63,55.51
2025-05-16,PHU CAT,13.767,109.217,5.49,29.16,29.8,28.46,25.79,29.82,82.1,20.81,100.52,1.95,42.9,23.51,37.77,0.65,0.63,35.24
2025-05-17,PHU CAT,13.767,109.217,3.86,28.89,29.67,28.05,25.09,29.57,79.99,19.94,100.55,2.25,154.2,18.03,37.49,0.64,0.64,63.24
2025-05-18,PHU CAT,13.767,109.217,4.35,28.94,29.91,28.26,25.33,29.6,80.93,20.23,100.51,3.78,143.2,23.64,36.86,0.63,0.64,61.09
2025-05-19,PHU CAT,13.767,109.217,3.1,29.17,30.08,28.26,25.32,29.67,79.77,20.24,100.43,4.27,164.0,24.51,37.22,0.63,0.64,41.59
2025-05-20,PHU CAT,13.767,109.217,1.05,29.15,30.49,28.15,25.47,29.81,80.7,20.43,100.42,3.22,153.9,24.97,37.24,0.61,0.63,66.54
2025-05-21,PHU CAT,13.767,109.217,12.96,29.09,30.01,28.61,25.52,29.91,81.09,20.5,100.34,2.21,114.1,22.77,37.97,0.68,0.64,77.07
2025-05-22,PHU CAT,13.767,109.217,14.88,29.13,30.01,28.48,26.08,29.7,83.67,21.25,100.15,2.48,124.3,21.43,37.46,0.74,0.67,86.03
2025-05-23,PHU CAT,13.767,109.217,8.3,29.18,30.4,28.13,25.06,29.65,78.66,19.99,100.22,4.16,153.8,23.78,36.98,0.7,0.67,46.84
2025-05-24,PHU CAT,13.767,109.217,3.54,29.02,30.12,28.31,25.75,29.69,82.55,20.76,100.43,4.61,138.4,24.12,37.14,0.68,0.68,47.55
2025-05-25,PHU CAT,13.767,109.217,17.95,28.94,29.39,28.39,25.55,29.39,81.89,20.48,100.59,3.19,98.1,21.47,37.83,0.75,0.69,72.85
2025-05-26,PHU CAT,13.767,109.217,4.49,28.92,29.57,28.51,25.18,29.25,80.18,20.04,100.57,3.76,43.3,22.77,37.59,0.74,0.7,75.31
2025-05-27,PHU CAT,13.767,109.217,7.79,29.25,30.1,28.57,26.32,29.53,84.41,21.53,100.32,4.43,17.6,13.46,38.4,0.73,0.7,93.02
2025-05-28,PHU CAT,13.767,109.217,13.08,28.92,29.7,28.25,26.67,29.26,87.62,22.03,100.04,7.92,355.3,14.78,38.36,0.77,0.71,98.98
2025-05-29,PHU CAT,13.767,109.217,9.59,28.17,29.28,26.85,25.77,28.88,86.79,20.9,100.11,7.29,279.1,14.48,37.71,0.79,0.73,99.2
2025-05-30,PHU CAT,13.767,109.217,5.4,29.13,31.31,27.47,24.81,29.68,78.13,19.69,100.39,3.24,202.3,18.51,38.06,0.75,0.73,93.76
2025-05-31,PHU CAT,13.767,109.217,5.95,28.87,30.97,27.34,25.35,29.16,81.41,20.29,100.38,4.99,236.5,16.69,38.16,0.77,0.73,95.36
2025-06-01,PHU CAT,13.767,109.217,1.23,29.98,33.38,27.78,25.16,29.75,75.99,20.11,100.19,4.64,237.2,21.77,38.06,0.73,0.73,86.8
2025-06-02,PHU CAT,13.767,109.217,1.98,29.76,32.16,28.04,25.25,29.22,77.04,20.23,100.1,5.28,251.2,20.99,37.48,0.73,0.72,75.73
2025-06-03,PHU CAT,13.767,109.217,2.73,29.96,32.22,28.2,25.63,29.62,78.1,20.7,100.13,2.42,277.0,25.0,37.64,0.71,0.71,56.61
2025-06-04,PHU CAT,13.767,109.217,6.87,28.97,30.35,27.73,26.07,28.9,84.45,21.2,100.29,2.07,299.0,24.14,37.4,0.76,0.72,70.71
2025-06-05,PHU CAT,13.767,109.217,15.56,29.21,30.81,27.77,25.75,29.07,81.8,20.8,100.33,2.16,212.8,21.45,37.97,0.8,0.73,87.16
2025-06-06,PHU CAT,13.767,109.217,15.37,28.96,30.72,27.19,26.07,29.06,84.55,21.21,100.29,3.11,208.9,21.09,37.52,0.83,0.75,86.95
2025-06-07,PHU CAT,13.767,109.217,8.98,29.33,31.34,27.6,26.41,29.31,84.54,21.66,100.21,3.93,201.8,24.22,37.58,0.8,0.76,69.25
2025-06-08,PHU CAT,13.767,109.217,7.05,29.12,30.92,27.54,25.96,29.21,83.27,21.11,100.12,3.87,227.4,17.46,37.63,0.81,0.77,97.47
2025-06-09,PHU CAT,13.767,109.217,50.98,29.09,30.8,28.07,25.55,29.25,81.37,20.6,100.03,3.14,214.2,14.65,37.9,0.84,0.78,99.11
2025-06-10,PHU CAT,13.767,109.217,111.96,28.47,29.81,27.54,25.67,28.88,84.82,20.77,99.91,2.87,288.1,5.47,37.77,0.98,0.86,99.22
2025-06-11,PHU CAT,13.767,109.217,53.44,28.24,29.47,27.27,25.24,28.73,83.83,20.3,99.63,5.28,259.8,2.97,37.5,0.93,0.89,98.82
2025-06-12,PHU CAT,13.767,109.217,0.35,28.38,30.06,27.39,24.61,28.62,80.18,19.52,99.79,7.91,226.3,7.6,37.17,0.87,0.9,99.14
2025-06-13,PHU CAT,13.767,109.217,0.26,29.21,31.58,27.64,25.2,28.94,79.22,20.17,100.11,5.74,203.8,18.01,37.54,0.86,0.89,98.89
2025-06-14,PHU CAT,13.767,109.217,1.5,29.27,31.47,27.61,25.72,28.97,81.55,20.78,100.24,4.78,199.9,19.14,37.54,0.85,0.87,99.24
2025-06-15,PHU CAT,13.767,109.217,0.6,28.96,30.86,27.73,26.23,28.67,85.48,21.43,100.25,4.92,181.7,23.17,37.39,0.85,0.87,58.76
2025-06-16,PHU CAT,13.767,109.217,0.95,28.33,29.56,27.44,26.36,28.17,89.12,21.55,100.38,5.53,169.1,24.8,37.0,0.85,0.86,58.69
2025-06-17,PHU CAT,13.767,109.217,0.21,28.17,29.34,27.34,26.15,28.18,88.78,21.27,100.42,5.46,154.7,25.1,36.6,0.84,0.86,64.53
2025-06-18,PHU CAT,13.767,109.217,0.2,28.06,29.55,26.41,25.94,28.07,88.31,21.04,100.33,4.45,171.7,22.96,36.79,0.84,0.85,83.29
2025-06-19,PHU CAT,13.767,109.217,0.62,28.3,30.04,27.42,25.68,28.36,85.91,20.71,100.33,4.81,158.0,22.39,37.16,0.83,0.84,77.81
2025-06-20,PHU CAT,13.767,109.217,1.95,27.93,28.72,27.08,25.91,27.95,88.79,20.99,100.33,4.96,170.3,23.66,36.7,0.84,0.84,40.85
2025-06-21,PHU CAT,13.767,109.217,1.87,27.88,28.93,26.98,25.39,28.05,86.31,20.34,100.33,5.07,164.6,24.53,36.4,0.84,0.84,20.16
2025-06-22,PHU CAT,13.767,109.217,1.68,28.16,30.12,26.17,25.18,28.29,84.07,20.12,100.27,3.82,185.3,23.53,37.17,0.83,0.83,76.25
2025-06-23,PHU CAT,13.767,109.217,1.25,28.68,30.87,27.1,25.11,28.58,81.37,20.06,100.15,3.01,193.7,22.43,37.11,0.82,0.82,93.45
2025-06-24,PHU CAT,13.767,109.217,1.9,28.82,30.9,27.7,24.99,28.84,80.04,19.89,100.19,2.59,357.5,23.72,37.45,0.82,0.82,74.59
2025-06-25,PHU CAT,13.767,109.217,5.71,28.85,30.22,27.61,25.74,28.86,83.4,20.8,100.23,3.46,164.7,21.68,37.55,0.83,0.82,91.56
2025-06-26,PHU CAT,13.767,109.217,14.57,28.4,29.86,27.34,25.34,28.61,83.56,20.3,100.31,4.59,199.0,22.57,37.15,0.86,0.83,89.16
2025-06-27,PHU CAT,13.767,109.217,7.84,28.4,30.22,27.22,25.23,28.61,83.15,20.17,100.24,4.14,197.7,19.44,37.65,0.86,0.84,82.98
2025-06-28,PHU CAT,13.767,109.217,0.92,28.9,31.0,27.24,25.42,28.83,81.79,20.45,100.07,3.76,207.0,21.64,37.54,0.83,0.84,80.01
2025-06-29,PHU CAT,13.767,109.217,6.47,29.07,31.21,27.54,25.46,28.99,81.15,20.52,99.99,3.07,221.1,23.43,37.59,0.84,0.83,78.6
2025-06-30,PHU CAT,13.767,109.217,3.89,28.28,29.87,27.25,25.29,28.81,83.87,20.27,100.07,2.55,281.2,22.42,37.3,0.84,0.84,88.1
2025-07-01,PHU CAT,13.767,109.217,53.65,28.32,30.26,27.23,25.44,28.93,84.58,20.45,100.15,2.86,60.9,19.5,37.67,0.92,0.86,92.01
2025-07-02,PHU CAT,13.767,109.217,11.76,28.33,29.73,27.49,24.4,28.89,79.48,19.2,100.25,2.18,227.1,21.66,37.46,0.9,0.89,86.82
2025-07-03,PHU CAT,13.767,109.217,2.25,28.48,29.98,26.88,24.38,28.91,78.62,19.15,100.26,3.03,246.7,16.01,37.47,0.87,0.89,97.28
2025-07-04,PHU CAT,13.767,109.217,5.29,29.07,31.48,27.58,25.19,29.58,80.07,20.18,100.1,3.66,206.8,21.72,37.85,0.86,0.88,86.45
2025-07-05,PHU CAT,13.767,109.217,23.78,29.16,30.6,27.92,25.45,29.51,80.66,20.49,100.07,3.18,180.0,19.29,37.98,0.91,0.89,95.69
2025-07-06,PHU CAT,13.767,109.217,4.13,29.17,30.75,27.86,25.97,29.28,82.95,21.1,100.14,4.14,219.6,18.18,37.46,0.88,0.9,95.77
2025-07-07,PHU CAT,13.767,109.217,3.78,29.35,31.37,27.81,25.99,29.44,82.46,21.14,100.19,4.56,204.5,22.9,37.58,0.87,0.9,67.94
2025-07-08,PHU CAT,13.767,109.217,6.09,29.27,31.15,27.81,25.94,29.28,82.46,21.09,100.07,4.91,242.2,23.62,37.46,0.88,0.9,63.43
2025-07-09,PHU CAT,13.767,109.217,6.37,29.0,30.92,27.67,25.28,29.03,80.42,20.3,99.9,6.47,250.8,21.4,37.69,0.88,0.9,80.25
2025-07-10,PHU CAT,13.767,109.217,2.36,29.53,32.78,27.51,25.6,29.22,79.98,20.74,99.71,4.46,238.8,16.42,38.06,0.86,0.89,96.59
2025-07-11,PHU CAT,13.767,109.217,1.67,29.12,31.02,27.71,25.85,29.03,82.73,21.03,99.84,4.75,230.6,21.57,37.7,0.86,0.89,84.6
2025-07-12,PHU CAT,13.767,109.217,3.8,29.08,30.97,27.17,26.06,29.16,84.03,21.24,100.13,3.39,188.3,22.83,37.5,0.87,0.88,63.46
2025-07-13,PHU CAT,13.767,109.217,2.58,29.34,31.03,28.05,25.91,29.47,81.98,21.03,100.16,3.65,188.9,23.43,37.84,0.86,0.88,56.63
2025-07-14,PHU CAT,13.767,109.217,1.82,29.56,31.55,28.14,25.76,29.63,80.18,20.85,100.07,2.58,247.7,24.71,37.75,0.86,0.88,33.55
2025-07-15,PHU CAT,13.767,109.217,5.46,29.68,32.07,27.79,26.06,29.68,81.07,21.26,99.99,4.92,235.0,25.02,37.9,0.86,0.87,57.1
2025-07-16,PHU CAT,13.767,109.217,1.77,29.53,31.79,28.1,25.72,29.73,80.27,20.81,100.08,4.49,245.8,23.92,37.64,0.85,0.87,64.62
2025-07-17,PHU CAT,13.767,109.217,5.01,29.39,31.12,27.78,25.69,29.53,80.63,20.77,100.05,3.95,257.0,22.22,37.54,0.87,0.87,93.78
2025-07-18,PHU CAT,13.767,109.217,2.4,28.78,30.38,27.56,25.17,29.17,80.97,20.19,99.82,6.43,252.6,15.63,37.14,0.86,0.87,99.38
2025-07-19,PHU CAT,13.767,109.217,3.05,29.09,31.75,27.28,24.92,29.21,78.5,19.95,99.55,6.11,243.6,19.64,37.28,0.85,0.87,98.59
2025-07-20,PHU CAT,13.767,109.217,3.51,29.06,31.56,27.32,24.91,29.11,78.65,19.93,99.59,7.16,238.4,16.63,37.61,0.85,0.86,99.34
2025-07-21,PHU CAT,13.767,109.217,2.64,29.04,31.66,27.09,24.61,29.0,77.36,19.53,99.76,7.09,232.5,12.92,37.67,0.84,0.85,99.43
2025-07-22,PHU CAT,13.767,109.217,14.3,29.05,31.57,27.3,24.98,28.86,79.11,19.96,99.78,5.89,230.6,13.5,38.12,0.87,0.86,96.82
2025-07-23,PHU CAT,13.767,109.217,15.23,29.36,31.64,27.87,25.85,29.15,81.63,21.04,99.8,4.28,253.8,20.83,38.23,0.88,0.86,85.67
2025-07-24,PHU CAT,13.767,109.217,53.04,28.45,30.06,27.27,24.95,28.82,81.38,19.88,99.93,3.07,261.3,11.51,37.8,0.92,0.89,99.15
2025-07-25,PHU CAT,13.767,109.217,41.05,28.43,29.94,27.49,24.86,28.85,81.13,19.78,99.96,2.86,249.5,15.4,37.95,0.95,0.93,98.3
2025-07-26,PHU CAT,13.767,109.217,9.44,28.62,30.7,27.06,25.65,28.88,84.04,20.76,99.91,4.41,239.7,10.05,38.2,0.91,0.93,99.29
2025-07-27,PHU CAT,13.767,109.217,1.19,28.79,31.04,27.26,25.44,28.82,82.25,20.48,99.97,4.91,225.2,14.51,38.09,0.9,0.93,96.86
2025-07-28,PHU CAT,13.767,109.217,20.54,29.1,30.66,27.87,25.78,28.9,82.39,20.92,99.9,5.58,222.7,20.19,38.02,0.92,0.93,91.63
2025-07-29,PHU CAT,13.767,109.217,3.98,29.4,31.27,27.94,25.99,29.12,82.04,21.19,99.9,5.59,224.4,20.29,38.12,0.9,0.93,84.72
2025-07-30,PHU CAT,13.767,109.217,0.38,29.22,31.35,27.93,25.53,29.09,80.67,20.59,99.96,5.72,231.7,20.23,38.04,0.89,0.92,88.75
2025-07-31,PHU CAT,13.767,109.217,0.51,29.42,31.44,27.95,25.77,28.98,80.85,20.89,99.97,5.1,229.4,19.79,38.22,0.89,0.92,78.48
2025-08-01,PHU CAT,13.767,109.217,25.36,29.24,30.83,28.08,26.24,28.87,83.92,21.49,99.97,4.26,227.6,23.27,37.51,0.93,0.93,52.31
2025-08-02,PHU CAT,13.767,109.217,1.11,29.54,31.51,27.72,26.19,29.04,82.35,21.39,100.14,4.35,211.7,23.78,37.45,0.9,0.93,44.05
2025-08-03,PHU CAT,13.767,109.217,2.26,29.47,31.52,27.6,26.01,28.89,81.74,21.15,100.2,4.07,223.5,23.47,37.64,0.89,0.92,73.88
2025-08-04,PHU CAT,13.767,109.217,0.34,28.93,30.81,27.26,25.83,28.6,83.47,20.93,100.19,4.15,224.8,23.18,37.06,0.89,0.91,80.36
2025-08-05,PHU CAT,13.767,109.217,0.7,29.07,30.77,27.47,26.2,28.81,84.6,21.39,100.22,3.83,204.4,22.67,37.49,0.89,0.91,85.08
2025-08-06,PHU CAT,13.767,109.217,1.77,28.76,30.45,26.99,26.07,28.62,85.47,21.22,100.23,3.59,248.7,20.57,37.19,0.89,0.91,94.26
2025-08-07,PHU CAT,13.767,109.217,0.7,28.75,30.71,27.15,25.57,28.82,83.29,20.57,100.4,2.87,188.3,24.13,36.9,0.88,0.9,34.49
2025-08-08,PHU CAT,13.767,109.217,1.33,28.69,30.52,27.09,25.41,28.78,82.67,20.35,100.49,2.43,213.7,21.86,37.13,0.88,0.9,95.98
2025-08-09,PHU CAT,13.767,109.217,5.7,28.86,31.14,27.26,25.52,28.96,82.37,20.51,100.34,2.28,209.4,23.07,37.44,0.89,0.9,65.91
2025-08-10,PHU CAT,13.767,109.217,2.16,28.88,30.44,27.68,25.47,28.93,81.99,20.48,100.25,3.05,192.9,24.73,37.15,0.88,0.9,47.54
2025-08-11,PHU CAT,13.767,109.217,2.6,28.8,30.34,27.54,25.51,28.92,82.57,20.52,100.18,3.64,182.0,25.35,36.89,0.88,0.9,34.19
2025-08-12,PHU CAT,13.767,109.217,6.64,28.62,30.44,27.53,25.64,28.68,84.09,20.67,100.25,3.76,167.4,24.88,36.8,0.88,0.9,71.51
2025-08-13,PHU CAT,13.767,109.217,8.23,28.52,29.88,27.15,25.67,28.63,84.64,20.71,100.23,3.12,239.5,23.68,37.05,0.9,0.9,84.23
2025-08-14,PHU CAT,13.767,109.217,16.6,28.65,29.81,27.77,25.47,28.71,83.03,20.5,100.08,2.51,204.7,22.51,36.79,0.92,0.91,98.74
2025-08-15,PHU CAT,13.767,109.217,8.98,28.59,30.35,27.1,23.82,28.69,75.63,18.57,100.04,2.22,6.6,19.24,36.7,0.9,0.92,99.12
2025-08-16,PHU CAT,13.767,109.217,13.43,28.09,29.54,26.97,24.07,28.74,79.07,18.85,100.04,2.68,197.6,17.72,37.23,0.91,0.92,98.18
2025-08-17,PHU CAT,13.767,109.217,5.65,27.72,29.04,26.59,24.64,28.31,83.32,19.48,100.18,4.6,227.6,18.44,37.01,0.91,0.93,99.18
2025-08-18,PHU CAT,13.767,109.217,3.3,28.99,30.96,27.47,25.35,29.38,81.02,20.3,100.38,5.07,176.7,18.06,37.3,0.89,0.92,81.85
2025-08-19,PHU CAT,13.767,109.217,2.25,29.29,31.43,27.99,25.44,29.52,80.07,20.4,100.44,4.55,165.8,23.36,37.43,0.89,0.91,55.18
2025-08-20,PHU CAT,13.767,109.217,4.83,28.42,29.56,27.56,25.41,29.11,83.85,20.33,100.53,4.02,146.4,20.89,37.09,0.9,0.91,95.57
2025-08-21,PHU CAT,13.767,109.217,13.49,27.64,28.7,26.95,24.43,29.02,82.79,19.16,100.56,2.94,160.9,17.08,36.99,0.91,0.92,86.36
2025-08-22,PHU CAT,13.767,109.217,1.36,28.8,30.5,27.46,24.31,29.41,76.92,19.06,100.4,3.9,195.1,22.77,36.98,0.89,0.92,65.78
2025-08-23,PHU CAT,13.767,109.217,3.81,29.16,31.08,27.81,25.11,29.43,79.02,20.04,100.17,3.55,296.8,20.31,37.51,0.89,0.91,99.25
2025-08-24,PHU CAT,13.767,109.217,12.61,28.08,29.18,27.22,25.27,28.96,84.65,20.27,99.97,5.68,218.5,11.18,37.28,0.91,0.92,99.59
