date,location,latitude,longitude,precipitationCorrected,temperature2m,temperature2mMax,temperature2mMin,dewPoint2m,earthSkinTemperature,relativeHumidity2m,specificHumidity2m,surfacePressure,windSpeed10m,windDirection10m,shortwaveDownwardIrradiance,longwaveDownwardIrradiance,surfaceSoilWetness,rootZoneSoilWetness,cloudFraction
2015-01-01,PHU BAI,16.402,107.703,1.02,19.37,21.68,17.93,15.38,19.77,78.28,10.94,100.09,4.6,56.5,10.16,33.26,0.82,0.8,74.93
2015-01-02,PHU BAI,16.402,107.703,5.04,19.91,22.35,18.48,17.23,20.06,84.86,12.31,99.99,4.63,64.6,7.62,33.91,0.83,0.8,96.97
2015-01-03,PHU BAI,16.402,107.703,3.11,19.7,22.46,18.01,17.56,19.85,87.64,12.62,99.74,3.68,76.5,5.66,34.78,0.83,0.8,95.46
2015-01-04,PHU BAI,16.402,107.703,0.01,21.08,24.47,19.04,19.1,21.06,89.08,13.97,99.35,3.24,113.9,15.42,32.98,0.82,0.79,67.06
2015-01-05,PHU BAI,16.402,107.703,0.0,23.11,27.31,20.59,20.67,22.98,87.29,15.44,99.21,2.64,116.5,18.06,33.6,0.81,0.79,64.66
2015-01-06,PHU BAI,16.402,107.703,1.03,23.22,26.77,21.13,21.68,23.3,91.37,16.39,99.33,2.81,91.0,14.52,36.06,0.81,0.79,80.54
2015-01-07,PHU BAI,16.402,107.703,8.88,21.88,24.83,20.06,20.4,21.86,91.37,15.09,99.73,4.38,69.9,6.08,35.75,0.83,0.79,99.07
2015-01-08,PHU BAI,16.402,107.703,5.71,20.81,22.81,19.34,19.04,20.77,89.57,13.82,99.96,6.79,66.5,7.15,35.02,0.83,0.8,88.03
2015-01-09,PHU BAI,16.402,107.703,3.41,20.1,22.18,18.76,18.18,20.33,88.74,13.09,99.91,5.88,66.1,7.69,34.84,0.82,0.79,95.58
2015-01-10,PHU BAI,16.402,107.703,3.67,19.4,21.51,18.14,17.7,19.87,89.92,12.7,99.91,4.99,22.6,3.49,34.83,0.83,0.8,99.39
2015-01-11,PHU BAI,16.402,107.703,1.96,19.05,21.25,17.78,17.47,19.63,90.53,12.53,99.89,5.56,349.6,3.36,34.49,0.82,0.79,99.57
2015-01-12,PHU BAI,16.402,107.703,0.38,18.03,20.47,16.94,15.86,18.67,87.19,11.28,100.02,6.26,348.2,4.69,33.76,0.81,0.79,99.39
2015-01-13,PHU BAI,16.402,107.703,0.03,17.21,19.35,16.09,13.88,17.85,80.85,9.91,100.09,4.13,356.3,6.79,33.04,0.81,0.79,90.34
2015-01-14,PHU BAI,16.402,107.703,0.0,17.46,21.0,15.06,13.38,17.89,77.19,9.61,100.12,3.09,43.9,9.13,32.36,0.81,0.78,76.71
2015-01-15,PHU BAI,16.402,107.703,0.0,17.16,20.52,14.42,12.52,17.35,74.55,9.09,100.06,2.77,70.8,10.8,32.74,0.8,0.78,83.37
2015-01-16,PHU BAI,16.402,107.703,1.04,17.47,19.95,15.94,14.23,17.85,81.85,10.16,100.07,3.45,31.7,11.7,33.67,0.8,0.78,94.24
2015-01-17,PHU BAI,16.402,107.703,4.41,18.28,21.07,16.01,15.78,18.2,85.41,11.25,100.05,4.77,59.4,7.41,34.21,0.82,0.78,97.07
2015-01-18,PHU BAI,16.402,107.703,6.56,19.08,21.53,17.57,16.46,19.4,85.03,11.72,100.02,4.26,48.4,10.48,34.18,0.82,0.78,98.08
2015-01-19,PHU BAI,16.402,107.703,1.14,18.39,21.42,16.32,14.19,18.2,76.73,10.14,100.01,3.07,39.5,4.47,33.52,0.81,0.79,90.21
2015-01-20,PHU BAI,16.402,107.703,0.0,18.88,22.5,16.63,14.74,18.76,77.38,10.48,100.01,1.63,15.9,16.79,31.5,0.8,0.78,59.15
2015-01-21,PHU BAI,16.402,107.703,0.0,18.76,22.68,16.46,15.95,19.24,84.38,11.33,100.17,2.66,341.9,12.89,32.84,0.8,0.77,74.61
2015-01-22,PHU BAI,16.402,107.703,0.0,18.66,22.6,15.84,15.85,18.8,84.41,11.28,99.98,2.78,52.2,16.13,30.27,0.8,0.77,32.05
2015-01-23,PHU BAI,16.402,107.703,0.0,18.6,23.4,15.1,15.84,18.77,85.11,11.33,99.64,3.7,122.8,18.97,29.6,0.79,0.77,4.08
2015-01-24,PHU BAI,16.402,107.703,0.0,19.83,24.97,16.58,16.78,19.63,83.81,12.06,99.6,3.53,125.7,19.16,30.65,0.79,0.76,3.26
2015-01-25,PHU BAI,16.402,107.703,0.0,20.51,26.02,16.81,17.16,20.15,82.76,12.35,99.65,2.84,125.2,18.95,30.78,0.79,0.76,8.45
2015-01-26,PHU BAI,16.402,107.703,0.0,20.03,24.85,16.72,17.22,19.71,85.14,12.41,99.62,2.69,116.2,16.37,32.73,0.78,0.76,46.87
2015-01-27,PHU BAI,16.402,107.703,0.0,19.64,24.36,16.02,17.73,19.81,88.91,12.81,99.51,3.29,115.7,18.29,32.7,0.78,0.76,32.85
2015-01-28,PHU BAI,16.402,107.703,0.0,19.69,24.42,16.07,17.83,19.79,88.99,12.89,99.51,3.81,122.9,19.67,31.19,0.78,0.75,14.64
2015-01-29,PHU BAI,16.402,107.703,0.0,19.77,24.83,16.01,18.03,19.78,89.39,13.02,99.7,3.75,113.2,20.12,32.07,0.78,0.75,29.11
2015-01-30,PHU BAI,16.402,107.703,0.0,19.62,23.83,17.01,17.79,19.6,89.42,12.78,99.96,3.5,99.4,18.44,31.59,0.78,0.75,36.2
2015-01-31,PHU BAI,16.402,107.703,0.49,20.02,23.11,18.33,17.63,20.12,86.6,12.63,100.07,4.89,78.3,13.04,33.54,0.78,0.75,71.3
2015-02-01,PHU BAI,16.402,107.703,2.62,20.64,23.27,19.32,18.62,20.71,88.58,13.44,100.06,5.78,73.4,11.41,34.34,0.78,0.75,83.71
2015-02-02,PHU BAI,16.402,107.703,2.23,20.34,23.3,17.95,18.63,20.37,90.32,13.44,100.14,4.81,72.9,8.77,34.59,0.79,0.75,89.15
2015-02-03,PHU BAI,16.402,107.703,0.84,20.14,23.48,17.94,17.93,20.37,87.45,12.86,100.15,3.79,76.0,12.58,32.98,0.78,0.75,52.73
2015-02-04,PHU BAI,16.402,107.703,1.43,19.58,23.14,17.19,16.93,19.53,85.3,12.1,100.08,3.75,84.4,16.44,31.84,0.78,0.75,36.95
2015-02-05,PHU BAI,16.402,107.703,10.34,19.61,22.74,17.53,17.32,20.13,87.07,12.38,100.1,4.37,45.1,12.54,33.94,0.8,0.75,88.88
2015-02-06,PHU BAI,16.402,107.703,7.31,18.52,21.67,16.59,16.32,18.82,87.24,11.62,100.05,3.6,57.4,5.25,32.85,0.81,0.76,93.02
2015-02-07,PHU BAI,16.402,107.703,0.62,19.53,23.02,17.12,16.99,19.94,85.9,12.13,99.95,3.43,77.5,15.59,33.56,0.78,0.76,82.81
2015-02-08,PHU BAI,16.402,107.703,2.94,18.85,21.54,17.15,17.09,19.31,89.66,12.2,100.08,4.24,36.4,5.94,34.4,0.79,0.75,99.36
2015-02-09,PHU BAI,16.402,107.703,0.55,18.65,22.05,16.21,15.87,18.9,84.39,11.28,100.07,3.81,83.9,7.92,34.1,0.78,0.75,91.69
2015-02-10,PHU BAI,16.402,107.703,0.0,18.43,22.6,14.86,15.99,18.7,86.72,11.43,99.75,3.85,114.4,17.57,31.45,0.78,0.75,40.59
2015-02-11,PHU BAI,16.402,107.703,0.01,19.75,24.0,17.54,16.78,19.77,83.88,12.01,99.71,2.71,99.5,19.71,32.48,0.77,0.74,43.62
2015-02-12,PHU BAI,16.402,107.703,0.01,19.76,23.43,17.27,17.16,20.15,85.51,12.3,99.63,2.77,93.9,14.38,34.11,0.77,0.74,73.81
2015-02-13,PHU BAI,16.402,107.703,0.0,20.23,24.39,17.36,17.8,20.41,86.85,12.84,99.49,4.19,115.2,19.57,32.37,0.77,0.73,29.71
2015-02-14,PHU BAI,16.402,107.703,0.0,21.12,26.15,18.01,18.81,21.2,87.61,13.72,99.29,3.68,115.9,18.53,33.46,0.76,0.73,29.84
2015-02-15,PHU BAI,16.402,107.703,0.01,21.26,25.77,18.09,19.41,21.43,89.59,14.22,99.5,2.58,97.5,15.12,34.95,0.76,0.73,57.05
2015-02-16,PHU BAI,16.402,107.703,0.17,20.59,24.31,17.76,18.28,20.86,87.03,13.23,99.59,2.77,82.9,15.6,34.7,0.76,0.73,63.92
2015-02-17,PHU BAI,16.402,107.703,0.58,20.9,24.74,18.54,18.78,21.18,88.14,13.67,99.5,2.87,92.5,12.87,35.02,0.76,0.73,83.34
2015-02-18,PHU BAI,16.402,107.703,1.63,21.96,25.55,19.88,20.44,22.13,91.5,15.15,99.54,3.54,90.1,9.81,35.92,0.76,0.73,98.37
2015-02-19,PHU BAI,16.402,107.703,0.91,21.67,25.03,19.22,20.03,21.81,90.81,14.77,99.6,3.38,104.7,9.69,35.53,0.76,0.72,98.91
2015-02-20,PHU BAI,16.402,107.703,0.75,22.42,26.29,20.14,20.4,22.63,88.9,15.13,99.43,3.01,111.3,13.95,35.73,0.75,0.72,88.32
2015-02-21,PHU BAI,16.402,107.703,1.52,23.47,27.31,21.3,21.53,23.46,89.36,16.23,99.34,2.27,118.5,12.52,36.27,0.75,0.72,82.12
2015-02-22,PHU BAI,16.402,107.703,1.25,23.71,28.21,21.15,21.87,23.71,90.07,16.57,99.41,2.65,105.1,7.29,36.04,0.75,0.72,74.77
2015-02-23,PHU BAI,16.402,107.703,0.03,24.65,29.56,21.87,21.65,24.33,84.49,16.38,99.27,2.34,129.8,20.06,34.48,0.74,0.71,13.11
2015-02-24,PHU BAI,16.402,107.703,0.02,24.75,29.26,21.72,21.85,24.63,84.96,16.6,99.16,2.69,126.9,19.82,34.87,0.74,0.71,20.66
2015-02-25,PHU BAI,16.402,107.703,0.0,25.07,29.85,22.06,21.73,24.66,82.83,16.49,99.07,2.85,134.1,20.02,35.24,0.73,0.7,18.25
2015-02-26,PHU BAI,16.402,107.703,0.02,24.94,29.28,21.88,21.83,24.6,83.77,16.59,99.11,2.59,132.8,18.4,35.41,0.73,0.7,29.68
2015-02-27,PHU BAI,16.402,107.703,0.0,24.71,28.94,21.87,21.85,24.47,84.9,16.59,99.21,3.24,126.4,20.92,34.95,0.73,0.7,16.99
2015-02-28,PHU BAI,16.402,107.703,0.0,23.71,28.64,19.86,21.31,23.51,86.84,16.02,99.37,3.44,116.1,20.7,34.78,0.72,0.69,26.23
2015-03-01,PHU BAI,16.402,107.703,0.0,22.8,26.2,20.2,21.07,23.07,90.48,15.73,99.65,3.52,73.3,15.85,35.34,0.72,0.69,64.37
2015-03-02,PHU BAI,16.402,107.703,0.0,23.27,26.99,21.04,20.99,23.34,87.54,15.74,99.21,3.63,122.4,20.05,34.24,0.72,0.69,21.05
2015-03-03,PHU BAI,16.402,107.703,0.01,25.43,31.73,21.97,22.02,25.05,83.37,16.8,99.02,1.94,37.2,20.18,36.04,0.72,0.68,30.43
2015-03-04,PHU BAI,16.402,107.703,0.05,24.32,28.04,21.94,22.51,24.6,90.06,17.27,99.21,2.5,97.0,13.94,37.08,0.71,0.68,70.53
2015-03-05,PHU BAI,16.402,107.703,0.02,24.95,29.66,21.95,21.8,24.7,83.38,16.55,99.2,3.77,134.1,17.81,36.01,0.71,0.68,38.03
2015-03-06,PHU BAI,16.402,107.703,0.03,24.59,29.6,20.64,22.1,24.52,86.98,16.84,99.27,2.73,112.1,18.58,36.96,0.71,0.67,60.66
2015-03-07,PHU BAI,16.402,107.703,0.02,23.29,27.63,19.66,21.03,23.39,87.95,15.75,99.38,3.89,114.3,16.74,35.52,0.71,0.67,43.91
2015-03-08,PHU BAI,16.402,107.703,0.0,23.44,28.11,20.17,21.11,23.3,87.68,15.83,99.47,3.55,118.0,21.93,34.45,0.7,0.67,23.74
2015-03-09,PHU BAI,16.402,107.703,0.02,23.64,27.52,20.18,21.72,23.87,89.37,16.4,99.62,3.56,108.9,15.09,36.69,0.7,0.67,63.84
2015-03-10,PHU BAI,16.402,107.703,0.0,22.95,27.02,19.99,20.41,23.05,86.91,15.12,99.69,4.46,114.1,20.52,34.0,0.7,0.66,23.43
2015-03-11,PHU BAI,16.402,107.703,0.11,23.06,26.71,20.29,20.7,23.2,87.43,15.38,99.74,3.29,105.1,19.13,34.63,0.7,0.66,37.66
2015-03-12,PHU BAI,16.402,107.703,3.66,23.2,26.5,21.22,21.32,23.57,89.73,15.98,99.64,2.89,77.3,14.1,37.14,0.71,0.66,89.89
2015-03-13,PHU BAI,16.402,107.703,2.2,23.9,27.53,21.5,21.98,23.97,89.47,16.68,99.47,3.37,119.9,12.95,36.8,0.71,0.67,55.12
2015-03-14,PHU BAI,16.402,107.703,0.06,25.51,29.51,23.04,22.66,25.22,84.94,17.39,99.44,2.5,139.9,15.43,35.88,0.7,0.66,58.28
2015-03-15,PHU BAI,16.402,107.703,0.02,25.84,30.24,22.57,22.32,25.42,81.7,17.07,99.32,2.74,148.6,18.6,35.9,0.69,0.66,20.7
2015-03-16,PHU BAI,16.402,107.703,0.01,26.62,32.13,23.1,22.26,25.9,78.07,17.03,99.17,2.97,160.2,21.09,35.9,0.69,0.65,8.4
2015-03-17,PHU BAI,16.402,107.703,0.0,26.99,33.18,23.18,22.06,26.09,75.77,16.88,98.9,2.85,171.1,20.52,36.49,0.68,0.65,13.43
2015-03-18,PHU BAI,16.402,107.703,0.0,27.21,33.22,23.78,22.05,26.28,74.85,16.85,98.9,2.74,158.9,20.5,36.28,0.68,0.64,8.21
2015-03-19,PHU BAI,16.402,107.703,0.0,25.98,30.87,21.82,22.37,25.63,81.78,17.18,99.07,3.0,129.2,19.62,36.43,0.67,0.64,13.44
2015-03-20,PHU BAI,16.402,107.703,0.0,23.51,28.99,19.05,19.99,23.29,82.03,14.88,99.32,4.26,122.4,21.05,34.07,0.67,0.64,49.08
2015-03-21,PHU BAI,16.402,107.703,0.0,23.13,27.52,20.22,20.48,23.24,86.14,15.22,99.6,3.36,105.7,20.48,33.91,0.67,0.63,66.83
2015-03-22,PHU BAI,16.402,107.703,0.0,22.22,26.58,18.66,19.24,22.6,84.44,14.12,99.57,3.45,118.4,19.87,33.3,0.67,0.63,44.78
2015-03-23,PHU BAI,16.402,107.703,2.6,23.1,26.83,20.95,20.32,23.37,85.55,15.07,99.6,3.58,93.7,22.62,33.7,0.67,0.63,40.09
2015-03-24,PHU BAI,16.402,107.703,6.44,23.58,26.14,21.73,21.58,23.79,88.89,16.22,99.76,5.0,80.8,10.85,36.04,0.71,0.64,97.53
2015-03-25,PHU BAI,16.402,107.703,1.89,23.29,26.21,21.21,21.37,23.49,89.36,15.99,99.9,5.16,72.0,12.81,35.61,0.69,0.64,95.45
2015-03-26,PHU BAI,16.402,107.703,3.81,23.27,25.61,21.64,21.73,23.4,91.3,16.34,99.95,4.02,58.2,13.01,35.69,0.69,0.64,98.1
2015-03-27,PHU BAI,16.402,107.703,31.7,23.17,25.45,21.57,21.82,23.22,92.29,16.46,99.8,3.98,69.9,7.49,35.7,0.79,0.66,98.37
2015-03-28,PHU BAI,16.402,107.703,18.23,23.32,25.48,21.65,22.0,23.35,92.41,16.67,99.56,3.37,94.7,12.72,35.64,0.81,0.71,73.44
2015-03-29,PHU BAI,16.402,107.703,0.32,24.06,27.02,22.12,21.97,24.13,88.41,16.68,99.35,3.65,119.2,17.05,36.22,0.73,0.7,84.42
2015-03-30,PHU BAI,16.402,107.703,0.29,24.92,29.03,21.62,21.13,24.53,80.47,15.9,99.25,3.09,141.7,15.31,35.69,0.72,0.68,70.45
2015-03-31,PHU BAI,16.402,107.703,0.12,26.27,30.91,23.5,22.5,26.05,80.77,17.29,99.12,3.08,134.7,24.48,35.63,0.7,0.67,21.97
2015-04-01,PHU BAI,16.402,107.703,0.04,27.32,32.81,24.05,22.77,26.69,77.41,17.62,98.92,2.94,153.0,21.6,36.73,0.69,0.66,35.2
2015-04-02,PHU BAI,16.402,107.703,0.0,28.31,34.08,24.46,22.92,27.39,73.96,17.84,98.66,2.95,174.4,22.29,36.33,0.68,0.65,28.59
2015-04-03,PHU BAI,16.402,107.703,0.0,27.92,33.98,24.15,23.16,27.12,76.87,18.11,98.59,3.17,162.9,22.59,36.53,0.67,0.64,23.17
2015-04-04,PHU BAI,16.402,107.703,0.0,28.05,33.95,25.04,23.6,27.52,78.5,18.57,98.73,2.84,142.0,22.59,36.55,0.66,0.63,46.43
2015-04-05,PHU BAI,16.402,107.703,0.0,26.93,31.04,23.54,23.47,26.84,82.27,18.39,98.89,2.84,126.0,21.81,36.27,0.66,0.62,55.02
2015-04-06,PHU BAI,16.402,107.703,0.03,25.56,30.01,21.86,22.28,25.58,83.24,17.07,99.06,2.91,115.7,16.16,36.9,0.66,0.62,56.98
2015-04-07,PHU BAI,16.402,107.703,0.01,24.49,28.87,21.52,22.01,24.86,86.89,16.75,99.3,2.86,87.9,16.99,35.9,0.66,0.62,63.7
2015-04-08,PHU BAI,16.402,107.703,0.27,24.19,28.05,21.76,21.05,24.59,83.79,15.76,99.5,2.8,79.8,21.92,34.62,0.65,0.61,38.41
2015-04-09,PHU BAI,16.402,107.703,0.2,24.17,27.52,21.88,21.94,24.8,87.98,16.63,99.47,3.18,60.3,19.44,35.77,0.65,0.61,65.11
2015-04-10,PHU BAI,16.402,107.703,0.15,24.03,27.57,21.55,21.81,24.79,87.83,16.49,99.55,4.29,11.8,15.91,36.75,0.65,0.61,81.26
2015-04-11,PHU BAI,16.402,107.703,11.92,23.84,26.99,21.97,21.81,24.54,88.71,16.46,99.67,4.76,11.8,6.69,37.05,0.69,0.61,98.78
2015-04-12,PHU BAI,16.402,107.703,18.04,21.84,25.56,18.82,19.16,22.11,84.76,14.02,99.93,5.11,356.5,4.63,34.52,0.77,0.65,64.41
2015-04-13,PHU BAI,16.402,107.703,0.06,21.74,25.28,18.94,17.83,21.94,78.66,12.84,99.87,3.38,51.8,9.59,33.52,0.68,0.65,47.33
2015-04-14,PHU BAI,16.402,107.703,0.0,21.63,25.61,17.78,17.54,21.88,78.65,12.62,99.7,4.43,113.5,24.55,31.52,0.67,0.64,12.42
2015-04-15,PHU BAI,16.402,107.703,0.0,22.57,27.2,19.3,17.83,22.75,75.64,12.88,99.49,4.18,121.6,23.92,32.57,0.66,0.63,12.02
2015-04-16,PHU BAI,16.402,107.703,0.0,23.9,28.33,20.82,19.99,24.35,79.94,14.79,99.32,2.91,122.3,23.32,33.92,0.66,0.62,18.96
2015-04-17,PHU BAI,16.402,107.703,0.0,27.1,32.62,23.74,21.27,26.61,72.37,16.12,98.9,3.08,153.0,22.22,35.4,0.65,0.61,2.83
2015-04-18,PHU BAI,16.402,107.703,0.0,28.91,35.04,24.96,22.18,27.55,68.76,17.03,98.83,2.68,181.8,22.6,36.45,0.64,0.61,54.38
2015-04-19,PHU BAI,16.402,107.703,0.0,29.68,35.76,25.59,23.0,28.56,69.14,17.89,98.82,2.98,169.5,23.05,37.02,0.63,0.6,27.06
2015-04-20,PHU BAI,16.402,107.703,0.15,30.47,36.47,25.5,23.71,29.17,69.58,18.7,98.78,2.44,240.4,23.81,37.04,0.62,0.59,7.16
2015-04-21,PHU BAI,16.402,107.703,10.56,26.74,29.87,24.35,24.59,26.93,88.43,19.63,99.14,3.2,350.7,12.9,37.97,0.67,0.59,88.75
2015-04-22,PHU BAI,16.402,107.703,31.02,25.63,28.46,23.61,23.85,25.95,90.22,18.73,99.35,3.33,98.2,7.74,36.85,0.79,0.63,93.29
2015-04-23,PHU BAI,16.402,107.703,13.97,25.31,28.08,23.35,23.31,25.64,89.09,18.09,99.51,3.47,92.9,13.42,36.91,0.76,0.67,94.47
2015-04-24,PHU BAI,16.402,107.703,14.59,25.01,27.89,22.83,22.76,25.45,87.67,17.49,99.54,2.81,71.7,17.88,36.51,0.75,0.67,77.63
2015-04-25,PHU BAI,16.402,107.703,18.03,24.96,27.78,22.78,22.47,25.27,86.4,17.18,99.51,3.99,79.9,14.55,36.56,0.79,0.69,77.48
2015-04-26,PHU BAI,16.402,107.703,0.9,24.68,28.19,21.88,21.76,24.93,84.49,16.45,99.48,3.65,97.4,20.01,35.32,0.71,0.68,44.4
2015-04-27,PHU BAI,16.402,107.703,0.04,25.54,29.17,23.13,22.55,26.04,84.16,17.3,99.31,3.42,103.1,22.51,35.91,0.69,0.66,39.37
2015-04-28,PHU BAI,16.402,107.703,0.24,26.52,29.72,23.86,23.66,26.77,84.9,18.55,99.13,2.87,120.5,23.06,36.58,0.68,0.64,68.26
2015-04-29,PHU BAI,16.402,107.703,0.3,27.28,30.9,24.53,23.85,27.23,82.28,18.78,99.12,2.61,134.7,21.46,36.63,0.67,0.63,73.92
2015-04-30,PHU BAI,16.402,107.703,0.56,27.68,31.81,25.28,23.25,27.58,78.12,18.13,99.03,2.34,135.9,21.2,36.91,0.66,0.63,75.06
2015-05-01,PHU BAI,16.402,107.703,0.3,28.74,32.19,25.76,24.21,28.1,77.17,19.23,98.88,1.81,173.6,21.33,37.04,0.66,0.62,70.26
2015-05-02,PHU BAI,16.402,107.703,0.16,28.93,32.56,25.8,24.08,28.1,75.89,19.07,98.92,1.75,197.2,20.9,37.47,0.65,0.62,80.94
2015-05-03,PHU BAI,16.402,107.703,0.02,28.36,31.86,25.88,23.91,27.82,77.45,18.89,98.95,2.27,172.8,23.55,37.6,0.65,0.61,43.02
2015-05-04,PHU BAI,16.402,107.703,0.1,29.09,33.06,26.0,24.47,28.76,77.49,19.55,98.92,2.14,135.5,22.58,37.14,0.65,0.61,36.33
2015-05-05,PHU BAI,16.402,107.703,0.13,28.47,31.29,26.19,24.21,27.94,78.1,19.29,98.75,2.18,166.5,21.34,37.56,0.65,0.61,73.76
2015-05-06,PHU BAI,16.402,107.703,0.03,29.89,34.79,26.61,24.25,29.3,73.09,19.33,98.72,2.48,178.4,21.55,37.39,0.63,0.6,73.07
2015-05-07,PHU BAI,16.402,107.703,0.04,29.57,33.99,26.56,24.59,29.19,75.63,19.72,98.79,2.55,155.6,19.05,37.27,0.63,0.59,87.67
2015-05-08,PHU BAI,16.402,107.703,0.86,29.59,34.62,26.32,24.32,29.31,74.61,19.4,98.72,3.04,176.9,20.49,37.39,0.63,0.59,37.33
2015-05-09,PHU BAI,16.402,107.703,5.0,28.5,31.4,25.96,24.94,28.16,81.67,20.11,98.85,1.68,284.5,20.86,37.44,0.67,0.6,78.72
2015-05-10,PHU BAI,16.402,107.703,0.14,28.4,32.29,25.64,24.12,28.26,78.5,19.14,98.88,2.96,156.0,19.58,37.74,0.64,0.59,65.5
2015-05-11,PHU BAI,16.402,107.703,0.42,29.07,33.58,25.87,24.36,28.99,77.19,19.41,98.94,2.9,133.2,23.23,37.74,0.62,0.58,43.87
2015-05-12,PHU BAI,16.402,107.703,0.31,28.21,31.87,24.91,24.46,28.42,81.09,19.51,99.04,2.18,115.5,14.46,38.26,0.62,0.58,91.11
2015-05-13,PHU BAI,16.402,107.703,3.95,27.85,31.89,25.19,24.21,28.19,81.65,19.21,99.05,3.45,124.3,21.6,37.24,0.64,0.58,78.31
2015-05-14,PHU BAI,16.402,107.703,3.99,28.59,32.26,26.38,24.9,28.34,81.14,20.03,99.05,2.75,152.8,20.74,37.4,0.66,0.59,59.36
2015-05-15,PHU BAI,16.402,107.703,0.76,28.43,31.84,26.0,24.47,28.15,79.8,19.52,99.04,2.15,145.0,22.05,37.62,0.63,0.58,62.54
2015-05-16,PHU BAI,16.402,107.703,0.08,28.48,31.41,25.76,24.04,28.28,77.42,19.05,98.88,2.73,133.3,22.08,37.76,0.62,0.58,58.18
2015-05-17,PHU BAI,16.402,107.703,0.56,28.6,31.99,26.13,24.44,28.52,78.92,19.54,98.78,3.75,140.9,21.74,37.68,0.62,0.58,62.1
2015-05-18,PHU BAI,16.402,107.703,4.99,29.54,34.16,26.19,24.73,29.22,76.67,19.89,98.74,2.29,190.6,22.13,37.48,0.65,0.58,40.42
2015-05-19,PHU BAI,16.402,107.703,2.56,29.08,32.71,25.77,24.47,28.61,76.9,19.59,98.77,2.65,226.9,20.06,38.1,0.64,0.58,61.57
2015-05-20,PHU BAI,16.402,107.703,0.09,29.05,31.36,26.76,24.71,28.52,77.8,19.84,98.84,2.67,215.5,17.72,37.26,0.62,0.58,92.05
2015-05-21,PHU BAI,16.402,107.703,0.0,28.87,31.53,26.63,24.62,28.52,78.34,19.73,98.89,2.21,203.3,22.77,37.59,0.62,0.58,78.88
2015-05-22,PHU BAI,16.402,107.703,0.02,28.96,32.36,26.21,24.79,29.14,78.99,19.93,98.83,2.57,149.1,22.16,37.86,0.61,0.57,81.07
2015-05-23,PHU BAI,16.402,107.703,0.0,28.62,31.35,26.08,24.14,28.29,77.19,19.19,98.81,2.38,201.4,22.88,37.57,0.62,0.57,93.15
2015-05-24,PHU BAI,16.402,107.703,1.02,29.61,34.39,26.04,24.29,29.14,74.74,19.37,98.76,2.34,192.4,22.31,37.7,0.61,0.57,75.7
2015-05-25,PHU BAI,16.402,107.703,0.76,29.75,33.55,26.9,24.93,29.36,76.24,20.13,98.77,2.13,178.4,22.28,38.26,0.62,0.57,75.01
2015-05-26,PHU BAI,16.402,107.703,1.17,29.79,34.4,26.52,24.73,29.56,75.58,19.87,98.83,2.29,173.8,24.62,37.62,0.61,0.56,67.79
2015-05-27,PHU BAI,16.402,107.703,0.73,29.7,33.76,26.09,23.67,29.1,70.98,18.68,98.7,2.43,218.5,22.93,37.7,0.61,0.56,74.89
2015-05-28,PHU BAI,16.402,107.703,0.01,30.52,35.47,26.81,24.08,30.02,69.71,19.18,98.57,2.74,190.5,25.23,38.0,0.59,0.56,20.37
2015-05-29,PHU BAI,16.402,107.703,0.0,30.67,36.2,27.41,24.31,30.41,70.38,19.41,98.71,2.87,178.2,26.2,37.69,0.57,0.55,20.31
2015-05-30,PHU BAI,16.402,107.703,0.5,31.05,35.71,27.82,24.6,30.8,70.06,19.75,98.74,2.67,175.2,25.37,38.1,0.57,0.54,33.61
2015-05-31,PHU BAI,16.402,107.703,2.56,30.59,34.8,27.39,24.63,30.04,71.75,19.81,98.65,2.44,192.2,22.8,37.55,0.58,0.54,77.15
2015-06-01,PHU BAI,16.402,107.703,4.7,29.52,33.19,26.69,24.77,29.01,76.39,19.95,98.68,2.9,179.6,24.37,37.58,0.62,0.55,38.23
2015-06-02,PHU BAI,16.402,107.703,0.48,28.62,32.58,26.64,24.86,28.52,80.81,20.02,98.87,2.35,184.2,22.83,37.32,0.6,0.55,46.54
2015-06-03,PHU BAI,16.402,107.703,0.08,29.0,33.18,26.49,24.01,28.92,75.42,19.01,98.94,2.67,169.5,25.25,37.51,0.58,0.55,10.37
2015-06-04,PHU BAI,16.402,107.703,0.05,28.96,32.63,26.12,24.02,29.02,75.84,19.05,98.86,2.82,138.9,24.77,37.54,0.57,0.55,21.21
2015-06-05,PHU BAI,16.402,107.703,0.01,30.24,34.73,27.18,23.9,30.23,70.32,18.95,98.72,2.88,154.9,22.69,37.67,0.55,0.54,84.23
2015-06-06,PHU BAI,16.402,107.703,0.04,29.86,34.23,26.73,24.22,29.84,73.23,19.3,98.76,2.73,163.4,21.01,38.05,0.55,0.54,81.51
2015-06-07,PHU BAI,16.402,107.703,0.05,29.35,33.97,25.99,23.85,29.6,73.75,18.87,98.82,2.41,173.0,21.23,38.17,0.55,0.53,46.25
2015-06-08,PHU BAI,16.402,107.703,2.5,29.65,35.16,26.41,23.77,29.82,72.37,18.78,98.78,2.72,150.9,23.1,37.94,0.56,0.53,40.99
2015-06-09,PHU BAI,16.402,107.703,1.73,30.39,35.89,26.78,23.69,30.38,69.17,18.73,98.73,2.91,159.9,23.51,37.99,0.56,0.53,20.16
2015-06-10,PHU BAI,16.402,107.703,0.02,31.07,36.65,27.57,23.43,31.09,65.94,18.48,98.69,3.01,152.6,26.11,37.87,0.53,0.52,22.42
2015-06-11,PHU BAI,16.402,107.703,0.39,30.61,35.96,26.77,24.03,30.64,70.09,19.12,98.77,2.35,216.5,24.16,38.33,0.52,0.52,25.44
2015-06-12,PHU BAI,16.402,107.703,1.17,29.07,32.25,26.47,24.53,29.43,77.38,19.65,98.84,2.03,115.3,23.93,37.63,0.54,0.52,46.11
2015-06-13,PHU BAI,16.402,107.703,0.01,29.08,32.68,26.37,23.41,29.1,72.34,18.38,98.76,2.36,161.2,20.59,37.75,0.53,0.52,77.97
2015-06-14,PHU BAI,16.402,107.703,0.14,29.46,34.03,26.27,23.72,29.91,72.97,18.75,98.74,2.47,127.6,24.02,38.02,0.52,0.52,48.06
2015-06-15,PHU BAI,16.402,107.703,0.33,28.25,32.01,25.46,24.16,28.72,79.62,19.22,98.82,2.9,117.1,23.82,37.26,0.53,0.52,37.85
2015-06-16,PHU BAI,16.402,107.703,0.0,28.93,33.36,25.9,23.46,29.27,73.89,18.46,98.74,2.4,118.7,23.52,37.41,0.52,0.52,34.31
2015-06-17,PHU BAI,16.402,107.703,0.0,28.44,32.19,25.49,23.68,28.82,76.51,18.71,98.64,2.53,134.9,24.01,37.39,0.52,0.51,22.84
2015-06-18,PHU BAI,16.402,107.703,0.02,29.39,32.98,26.75,23.51,29.81,72.01,18.53,98.59,2.42,130.0,24.48,36.99,0.52,0.51,38.37
2015-06-19,PHU BAI,16.402,107.703,0.03,29.69,33.57,26.65,23.43,30.06,70.32,18.43,98.62,2.32,117.1,19.24,37.78,0.51,0.51,92.36
2015-06-20,PHU BAI,16.402,107.703,0.46,29.12,32.33,26.2,23.73,29.32,73.87,18.79,98.57,2.54,283.6,13.22,37.68,0.52,0.51,98.69
2015-06-21,PHU BAI,16.402,107.703,5.45,28.43,31.19,26.11,24.21,28.45,78.93,19.37,98.41,3.43,283.1,10.3,37.66,0.55,0.51,99.13
2015-06-22,PHU BAI,16.402,107.703,9.44,27.21,29.08,26.28,23.82,26.93,81.92,18.94,98.22,6.38,253.1,4.68,37.42,0.64,0.53,98.37
2015-06-23,PHU BAI,16.402,107.703,10.49,26.99,30.09,24.94,22.66,26.76,77.61,17.63,98.24,6.21,228.6,5.94,37.28,0.64,0.55,98.81
2015-06-24,PHU BAI,16.402,107.703,0.66,27.74,31.08,26.0,22.42,27.33,73.26,17.34,98.45,5.59,228.6,11.38,37.66,0.59,0.55,85.21
2015-06-25,PHU BAI,16.402,107.703,0.01,29.32,33.59,25.52,22.98,29.04,69.92,17.94,98.55,3.15,227.0,22.65,37.94,0.56,0.54,41.54
2015-06-26,PHU BAI,16.402,107.703,0.14,29.88,34.58,25.89,23.38,29.67,69.71,18.36,98.7,2.46,225.7,23.63,37.42,0.54,0.53,27.4
2015-06-27,PHU BAI,16.402,107.703,0.13,30.25,34.95,25.89,23.19,30.25,67.51,18.12,98.92,2.34,222.9,24.48,37.08,0.53,0.52,12.41
2015-06-28,PHU BAI,16.402,107.703,0.0,30.49,35.28,26.14,22.9,30.53,65.39,17.79,99.03,2.34,226.5,25.62,36.98,0.52,0.52,8.91
2015-06-29,PHU BAI,16.402,107.703,0.0,31.59,36.55,26.9,23.14,31.43,62.74,18.11,98.86,2.94,237.3,25.26,36.99,0.5,0.51,8.31
2015-06-30,PHU BAI,16.402,107.703,0.0,31.47,36.17,26.89,22.96,31.44,62.31,17.93,98.72,2.91,224.2,25.61,37.19,0.49,0.5,8.61
2015-07-01,PHU BAI,16.402,107.703,0.0,31.62,36.92,26.9,22.02,31.44,58.31,16.96,98.58,4.1,234.7,26.07,37.23,0.48,0.5,10.0
2015-07-02,PHU BAI,16.402,107.703,0.0,31.65,36.6,27.84,22.35,31.27,59.0,17.32,98.45,4.4,231.6,25.66,37.74,0.48,0.49,36.08
2015-07-03,PHU BAI,16.402,107.703,0.0,32.37,37.44,28.11,23.03,32.11,59.32,18.08,98.3,3.59,230.0,25.23,37.99,0.47,0.49,38.78
2015-07-04,PHU BAI,16.402,107.703,0.02,31.94,36.23,28.14,24.23,31.8,65.29,19.44,98.26,2.6,215.7,24.54,38.01,0.48,0.49,66.11
2015-07-05,PHU BAI,16.402,107.703,1.07,29.53,33.13,25.78,23.93,29.65,72.99,19.09,98.41,1.85,229.9,20.17,38.55,0.49,0.49,84.27
2015-07-06,PHU BAI,16.402,107.703,13.82,27.82,30.98,25.71,24.48,27.92,82.97,19.66,98.44,2.58,293.1,16.94,38.46,0.62,0.51,97.08
2015-07-07,PHU BAI,16.402,107.703,2.84,26.9,29.62,25.34,24.38,27.4,86.36,19.5,98.46,3.0,334.0,13.78,38.16,0.57,0.52,98.58
2015-07-08,PHU BAI,16.402,107.703,2.23,27.29,30.79,24.88,23.15,27.74,78.57,18.09,98.52,2.93,338.4,12.77,38.11,0.56,0.52,82.35
2015-07-09,PHU BAI,16.402,107.703,1.06,28.0,32.48,24.46,21.95,28.5,71.16,16.88,98.39,3.91,322.8,18.79,37.2,0.53,0.51,56.1
2015-07-10,PHU BAI,16.402,107.703,1.4,28.0,31.91,24.43,22.71,28.48,74.04,17.69,98.41,4.57,296.3,15.18,38.43,0.53,0.51,94.89
2015-07-11,PHU BAI,16.402,107.703,2.7,29.13,33.54,25.8,23.52,29.59,73.63,18.58,98.38,4.25,284.1,11.73,38.73,0.52,0.51,99.06
2015-07-12,PHU BAI,16.402,107.703,1.31,28.33,31.54,25.33,23.85,28.67,77.42,18.93,98.37,3.22,291.9,9.98,38.01,0.53,0.51,82.57
2015-07-13,PHU BAI,16.402,107.703,0.72,29.19,34.01,26.37,24.18,29.86,76.08,19.34,98.34,2.85,118.2,20.19,38.04,0.51,0.5,83.42
2015-07-14,PHU BAI,16.402,107.703,1.94,29.26,33.3,26.45,24.39,29.49,76.29,19.58,98.36,2.22,168.1,19.23,38.11,0.52,0.5,97.76
2015-07-15,PHU BAI,16.402,107.703,1.47,28.94,32.22,26.24,24.7,28.71,78.56,19.92,98.41,2.06,217.3,20.24,37.87,0.54,0.5,92.41
2015-07-16,PHU BAI,16.402,107.703,0.39,29.28,33.42,26.6,23.84,29.19,73.57,18.91,98.44,2.33,229.3,13.97,38.28,0.51,0.5,99.58
2015-07-17,PHU BAI,16.402,107.703,0.48,28.5,32.1,25.95,22.97,28.55,73.03,17.92,98.57,3.05,235.9,13.21,37.5,0.51,0.5,99.93
2015-07-18,PHU BAI,16.402,107.703,1.94,27.91,30.94,25.35,23.65,28.05,78.28,18.68,98.5,3.17,246.4,11.51,36.89,0.52,0.5,100.0
2015-07-19,PHU BAI,16.402,107.703,3.79,27.31,31.19,25.06,22.49,27.32,75.67,17.4,98.54,5.11,239.3,6.12,36.61,0.55,0.51,99.72
2015-07-20,PHU BAI,16.402,107.703,1.6,27.91,31.46,24.72,22.41,28.03,73.35,17.28,98.79,2.43,217.3,8.87,36.2,0.53,0.51,99.6
2015-07-21,PHU BAI,16.402,107.703,0.83,28.62,32.98,24.91,23.04,28.47,73.08,17.92,99.02,2.2,211.1,12.66,37.15,0.52,0.5,99.28
2015-07-22,PHU BAI,16.402,107.703,0.1,29.46,33.09,25.81,22.4,29.17,67.2,17.28,98.97,2.45,229.3,15.1,37.56,0.51,0.5,99.4
2015-07-23,PHU BAI,16.402,107.703,0.06,28.52,32.72,24.86,22.01,28.4,68.88,16.84,99.0,3.38,231.5,19.78,36.75,0.5,0.5,98.76
2015-07-24,PHU BAI,16.402,107.703,0.25,29.99,35.26,25.67,22.28,30.07,65.1,17.16,98.87,3.18,243.8,20.2,37.2,0.49,0.49,98.68
2015-07-25,PHU BAI,16.402,107.703,1.47,28.97,33.28,25.29,22.57,28.84,69.82,17.45,98.84,3.47,235.4,11.37,37.14,0.5,0.49,99.64
2015-07-26,PHU BAI,16.402,107.703,3.99,27.2,30.83,24.22,22.63,27.11,76.97,17.44,99.08,3.58,220.6,9.0,36.55,0.54,0.5,99.81
2015-07-27,PHU BAI,16.402,107.703,4.56,27.24,32.24,23.62,21.81,27.55,74.02,16.6,99.17,2.84,209.4,7.43,36.22,0.54,0.5,99.74
2015-07-28,PHU BAI,16.402,107.703,5.01,26.22,29.53,23.72,21.99,26.58,78.34,16.74,99.19,2.5,190.8,7.78,36.16,0.57,0.51,99.57
2015-07-29,PHU BAI,16.402,107.703,4.3,26.78,30.79,24.04,21.41,26.8,73.45,16.18,99.15,2.85,224.3,7.14,36.48,0.56,0.51,99.79
2015-07-30,PHU BAI,16.402,107.703,6.73,25.85,29.25,23.44,21.48,26.21,77.66,16.24,99.12,2.5,207.4,7.82,36.74,0.61,0.52,99.99
2015-07-31,PHU BAI,16.402,107.703,4.99,25.51,27.82,23.8,22.15,26.08,81.9,16.92,99.06,2.43,208.4,9.72,36.44,0.6,0.53,100.0
2015-08-01,PHU BAI,16.402,107.703,7.15,27.3,31.32,24.43,22.86,27.9,77.85,17.69,99.03,1.63,120.3,9.46,37.31,0.62,0.53,99.55
2015-08-02,PHU BAI,16.402,107.703,0.94,26.69,30.63,24.18,22.14,27.16,77.04,16.93,99.05,2.38,122.8,17.31,37.26,0.56,0.53,88.98
2015-08-03,PHU BAI,16.402,107.703,2.47,26.46,28.95,24.8,23.45,26.93,84.02,18.34,98.99,2.29,115.4,20.51,36.8,0.57,0.53,81.99
2015-08-04,PHU BAI,16.402,107.703,2.28,26.6,28.77,25.0,23.88,26.82,85.32,18.85,98.86,1.85,128.9,20.33,36.85,0.58,0.53,76.01
2015-08-05,PHU BAI,16.402,107.703,0.72,27.95,31.67,25.14,23.05,28.63,76.14,18.0,98.64,2.6,98.1,22.22,37.21,0.54,0.52,71.33
2015-08-06,PHU BAI,16.402,107.703,0.16,27.93,31.65,25.14,23.32,28.58,77.12,18.28,98.62,2.2,80.5,21.8,37.44,0.53,0.51,68.89
2015-08-07,PHU BAI,16.402,107.703,0.0,28.27,33.02,24.43,22.08,29.03,70.69,16.98,98.63,2.47,93.2,22.4,37.07,0.51,0.51,50.55
2015-08-08,PHU BAI,16.402,107.703,0.0,29.24,34.16,25.35,22.18,30.12,67.39,17.11,98.43,2.61,59.3,23.64,36.77,0.5,0.5,55.86
2015-08-09,PHU BAI,16.402,107.703,0.01,29.4,33.86,26.15,23.48,30.24,72.07,18.54,98.38,2.49,55.8,21.97,37.43,0.49,0.49,87.11
2015-08-10,PHU BAI,16.402,107.703,0.04,28.96,32.1,26.92,24.51,29.54,77.85,19.67,98.63,2.31,79.5,22.7,37.37,0.49,0.49,73.34
2015-08-11,PHU BAI,16.402,107.703,0.45,28.18,30.79,25.91,24.18,28.55,79.41,19.24,98.78,1.76,97.6,21.79,37.5,0.5,0.49,77.39
2015-08-12,PHU BAI,16.402,107.703,3.48,27.95,32.06,24.87,22.93,28.35,75.76,17.84,98.88,2.16,163.2,13.38,37.47,0.53,0.49,93.17
2015-08-13,PHU BAI,16.402,107.703,1.16,29.84,34.17,26.47,24.14,29.93,72.96,19.2,98.85,2.09,205.9,21.36,36.73,0.51,0.49,89.31
2015-08-14,PHU BAI,16.402,107.703,0.03,30.31,34.78,26.96,23.87,30.29,70.06,18.91,98.86,1.97,208.4,23.55,36.95,0.49,0.49,73.63
2015-08-15,PHU BAI,16.402,107.703,0.74,30.24,34.64,26.19,23.94,30.18,70.57,18.98,98.95,2.18,213.5,24.47,37.16,0.5,0.49,72.13
2015-08-16,PHU BAI,16.402,107.703,1.82,30.67,35.48,26.59,23.5,30.55,67.63,18.5,98.9,2.14,234.7,23.29,37.23,0.5,0.49,65.83
2015-08-17,PHU BAI,16.402,107.703,0.02,31.0,35.7,27.32,23.02,31.1,64.44,18.0,98.86,1.85,220.4,25.66,37.14,0.49,0.49,21.65
2015-08-18,PHU BAI,16.402,107.703,0.01,30.78,35.7,27.48,23.54,30.91,67.13,18.58,98.76,2.15,201.2,25.57,37.61,0.48,0.48,36.51
2015-08-19,PHU BAI,16.402,107.703,0.1,30.77,36.34,26.91,23.43,31.51,66.78,18.45,98.74,3.13,127.5,25.14,37.39,0.47,0.48,19.3
2015-08-20,PHU BAI,16.402,107.703,0.09,30.55,35.24,27.22,23.3,31.48,67.16,18.34,98.74,2.79,62.8,23.23,37.45,0.46,0.48,56.1
2015-08-21,PHU BAI,16.402,107.703,0.21,30.79,35.66,27.31,22.18,31.48,62.34,17.18,98.64,2.15,353.8,23.83,36.72,0.46,0.47,76.28
2015-08-22,PHU BAI,16.402,107.703,1.26,30.43,35.34,26.5,23.26,30.65,67.44,18.31,98.5,3.24,262.1,23.54,37.33,0.47,0.47,69.61
2015-08-23,PHU BAI,16.402,107.703,3.93,30.06,35.22,26.53,24.1,30.29,72.35,19.24,98.5,3.03,258.9,23.92,37.66,0.51,0.48,57.81
2015-08-24,PHU BAI,16.402,107.703,2.29,30.01,34.06,26.66,24.15,29.97,72.19,19.28,98.55,2.83,263.3,22.8,37.91,0.51,0.48,39.31
2015-08-25,PHU BAI,16.402,107.703,13.01,29.39,33.89,25.99,24.59,29.89,77.03,19.77,98.65,2.43,143.4,21.25,37.97,0.58,0.49,68.29
2015-08-26,PHU BAI,16.402,107.703,11.15,27.96,31.73,25.43,24.4,28.22,81.9,19.46,98.86,2.58,143.5,20.29,37.33,0.63,0.51,85.03
2015-08-27,PHU BAI,16.402,107.703,9.58,27.26,30.65,24.9,23.7,27.75,81.66,18.65,98.88,2.42,195.5,16.37,37.33,0.63,0.53,94.29
2015-08-28,PHU BAI,16.402,107.703,1.99,28.18,31.2,25.31,23.83,28.19,77.92,18.82,98.75,2.4,225.0,19.9,36.92,0.58,0.53,96.02
2015-08-29,PHU BAI,16.402,107.703,0.96,28.88,32.78,26.04,24.22,28.98,77.1,19.31,98.74,2.24,229.2,17.47,37.45,0.55,0.52,99.2
2015-08-30,PHU BAI,16.402,107.703,2.78,28.65,32.3,25.4,24.23,28.76,77.89,19.28,98.81,2.45,243.7,15.13,37.46,0.56,0.52,99.51
2015-08-31,PHU BAI,16.402,107.703,3.5,27.13,30.25,24.72,23.82,27.38,82.45,18.8,98.79,3.02,225.6,9.71,37.24,0.57,0.52,99.64
2015-09-01,PHU BAI,16.402,107.703,3.6,26.98,30.18,24.67,23.49,27.19,81.45,18.44,98.77,2.21,218.5,10.92,37.41,0.59,0.52,99.62
2015-09-02,PHU BAI,16.402,107.703,1.62,28.78,32.65,25.68,23.44,29.02,74.35,18.39,98.92,2.28,174.8,15.28,37.95,0.55,0.52,98.71
2015-09-03,PHU BAI,16.402,107.703,0.86,28.74,32.87,26.07,22.93,29.13,72.89,17.84,99.11,2.29,126.5,18.19,37.63,0.53,0.51,95.89
2015-09-04,PHU BAI,16.402,107.703,1.18,28.45,31.45,26.21,24.18,28.52,78.55,19.16,99.21,1.97,125.7,18.87,37.34,0.54,0.51,88.89
2015-09-05,PHU BAI,16.402,107.703,0.09,28.67,31.76,26.04,23.77,28.98,75.61,18.68,99.17,2.0,180.0,23.32,37.25,0.52,0.5,38.34
2015-09-06,PHU BAI,16.402,107.703,0.04,30.69,35.79,26.19,23.02,31.02,65.54,17.96,98.93,2.34,235.4,23.52,36.81,0.5,0.5,17.91
2015-09-07,PHU BAI,16.402,107.703,0.41,31.05,35.57,27.68,23.81,31.33,67.42,18.92,98.77,2.22,265.1,22.49,37.77,0.49,0.49,86.3
2015-09-08,PHU BAI,16.402,107.703,3.63,28.6,31.86,25.62,24.55,28.74,79.64,19.66,98.81,2.3,122.1,20.87,37.82,0.53,0.49,71.75
2015-09-09,PHU BAI,16.402,107.703,6.39,28.16,31.49,25.49,23.94,28.62,79.12,18.96,99.04,3.78,112.7,23.37,36.74,0.55,0.5,66.66
2015-09-10,PHU BAI,16.402,107.703,16.56,27.02,29.01,25.59,24.18,27.43,84.77,19.16,99.15,1.76,103.7,15.73,37.16,0.67,0.53,94.12
2015-09-11,PHU BAI,16.402,107.703,6.56,27.52,30.04,25.43,23.9,27.83,81.19,18.85,99.05,1.76,52.1,15.09,36.96,0.63,0.54,84.68
2015-09-12,PHU BAI,16.402,107.703,9.84,27.77,30.81,25.76,24.23,28.6,81.69,19.21,99.1,2.77,30.5,20.18,37.35,0.61,0.54,73.82
2015-09-13,PHU BAI,16.402,107.703,37.71,26.69,28.8,25.54,23.89,27.1,84.92,18.82,99.07,4.45,12.1,14.25,37.43,0.76,0.56,96.58
2015-09-14,PHU BAI,16.402,107.703,157.92,26.53,26.82,25.63,25.25,26.68,92.6,20.55,98.52,9.93,25.2,2.92,37.44,0.98,0.71,98.61
2015-09-15,PHU BAI,16.402,107.703,26.63,26.98,28.79,25.35,25.16,26.99,89.83,20.44,98.57,6.25,86.8,11.47,37.33,0.85,0.78,98.41
2015-09-16,PHU BAI,16.402,107.703,12.55,26.33,27.96,25.38,24.39,26.57,89.1,19.47,98.68,4.92,100.8,13.17,36.81,0.81,0.76,98.69
2015-09-17,PHU BAI,16.402,107.703,4.36,26.72,28.62,25.2,24.96,26.65,90.26,20.09,99.1,4.84,123.3,15.1,36.84,0.76,0.73,98.45
2015-09-18,PHU BAI,16.402,107.703,0.2,27.29,30.22,25.04,24.19,27.42,84.0,19.14,99.4,2.39,108.2,20.76,37.29,0.72,0.69,70.95
2015-09-19,PHU BAI,16.402,107.703,0.02,27.58,31.16,24.49,23.34,27.83,78.44,18.19,99.21,2.26,131.1,23.26,36.81,0.69,0.66,27.69
2015-09-20,PHU BAI,16.402,107.703,0.48,28.41,32.24,25.42,24.1,28.57,78.3,19.11,98.93,2.55,156.9,23.56,37.17,0.66,0.63,42.02
2015-09-21,PHU BAI,16.402,107.703,3.33,28.37,31.46,25.47,24.63,28.31,80.87,19.76,98.8,2.1,132.8,19.43,37.31,0.68,0.62,88.41
2015-09-22,PHU BAI,16.402,107.703,0.74,28.57,33.13,25.54,24.09,28.83,78.0,19.1,98.87,2.58,109.8,23.29,37.02,0.64,0.6,25.76
2015-09-23,PHU BAI,16.402,107.703,0.81,28.17,31.74,25.92,24.63,28.73,81.87,19.74,98.87,2.29,120.8,22.35,37.54,0.63,0.59,58.14
2015-09-24,PHU BAI,16.402,107.703,0.66,29.17,33.31,25.29,24.42,29.4,76.63,19.54,98.74,1.98,194.0,23.12,37.39,0.62,0.58,34.3
2015-09-25,PHU BAI,16.402,107.703,0.01,29.15,33.48,26.08,24.33,29.41,76.24,19.45,98.62,2.69,143.6,23.06,37.69,0.6,0.56,42.49
2015-09-26,PHU BAI,16.402,107.703,0.01,28.67,32.73,25.23,23.94,28.92,76.61,18.97,98.76,2.59,118.8,22.06,37.31,0.59,0.56,35.2
2015-09-27,PHU BAI,16.402,107.703,0.0,28.45,32.46,24.99,23.15,28.82,74.1,18.06,98.88,2.11,95.4,23.01,36.14,0.58,0.55,19.24
2015-09-28,PHU BAI,16.402,107.703,0.04,28.6,32.46,26.01,23.48,29.28,75.13,18.44,98.9,1.73,15.1,22.36,37.1,0.57,0.54,57.54
2015-09-29,PHU BAI,16.402,107.703,0.13,28.44,31.27,25.9,23.7,28.66,76.18,18.67,98.97,1.76,313.4,11.03,37.3,0.57,0.54,94.66
2015-09-30,PHU BAI,16.402,107.703,0.17,28.47,31.92,25.98,23.68,29.12,76.41,18.61,99.2,2.14,85.2,20.95,36.77,0.56,0.54,63.25
2015-10-01,PHU BAI,16.402,107.703,8.53,27.88,31.1,25.81,24.18,28.59,81.13,19.14,99.28,2.08,65.3,19.59,36.75,0.61,0.54,71.77
2015-10-02,PHU BAI,16.402,107.703,18.56,26.36,28.44,24.78,23.91,26.8,86.5,18.81,99.22,1.58,52.2,14.72,37.12,0.73,0.58,98.8
2015-10-03,PHU BAI,16.402,107.703,5.77,26.65,28.88,25.34,23.96,27.27,85.59,18.91,99.12,2.5,335.9,13.31,36.8,0.66,0.59,94.98
2015-10-04,PHU BAI,16.402,107.703,17.82,26.47,27.84,24.85,23.71,26.39,84.84,18.62,99.16,1.94,286.1,7.31,37.14,0.74,0.6,99.2
2015-10-05,PHU BAI,16.402,107.703,6.86,26.83,30.2,25.33,23.81,27.19,84.06,18.69,99.26,2.05,96.0,15.56,37.16,0.71,0.62,93.85
2015-10-06,PHU BAI,16.402,107.703,6.25,26.68,29.38,25.23,23.67,26.96,84.07,18.54,99.28,1.86,94.1,13.43,37.34,0.69,0.62,99.23
2015-10-07,PHU BAI,16.402,107.703,25.07,26.83,29.23,24.9,24.36,27.29,86.53,19.32,99.28,2.62,98.9,17.42,37.4,0.79,0.64,87.62
2015-10-08,PHU BAI,16.402,107.703,7.29,26.92,30.39,24.61,23.89,27.14,84.1,18.82,99.16,2.51,102.4,16.37,36.8,0.73,0.65,56.98
2015-10-09,PHU BAI,16.402,107.703,14.21,27.46,30.52,25.54,24.66,28.01,85.27,19.73,99.04,3.28,96.7,19.87,37.34,0.72,0.64,75.97
2015-10-10,PHU BAI,16.402,107.703,14.77,25.72,29.36,23.52,23.37,26.28,87.18,18.25,99.22,5.77,324.2,14.04,37.34,0.74,0.65,98.12
2015-10-11,PHU BAI,16.402,107.703,20.58,24.21,25.2,23.54,22.31,24.69,89.15,17.0,99.6,6.24,350.1,4.5,36.19,0.79,0.67,96.93
2015-10-12,PHU BAI,16.402,107.703,16.09,24.66,25.99,23.84,22.99,25.19,90.45,17.71,99.63,5.24,1.6,3.4,36.62,0.78,0.68,98.69
2015-10-13,PHU BAI,16.402,107.703,55.97,25.54,27.85,24.06,23.62,26.18,89.26,18.41,99.58,4.04,14.5,5.67,37.0,0.84,0.7,98.91
2015-10-14,PHU BAI,16.402,107.703,44.67,25.81,27.19,24.53,24.13,26.06,90.41,19.01,99.53,4.26,53.7,9.06,37.36,0.89,0.76,99.04
2015-10-15,PHU BAI,16.402,107.703,4.2,24.98,27.01,23.67,21.45,24.84,80.78,16.14,99.53,2.51,39.8,8.72,35.91,0.79,0.76,96.19
2015-10-16,PHU BAI,16.402,107.703,0.12,25.0,28.14,22.36,21.63,25.26,81.83,16.35,99.41,1.8,56.0,10.98,36.23,0.74,0.72,53.25
2015-10-17,PHU BAI,16.402,107.703,0.26,24.86,28.04,21.62,21.51,25.22,81.91,16.24,99.38,2.43,41.8,13.02,35.75,0.72,0.69,50.37
2015-10-18,PHU BAI,16.402,107.703,0.0,24.52,28.36,20.91,20.07,24.57,77.32,14.85,99.4,1.93,11.5,20.26,33.81,0.7,0.67,67.57
2015-10-19,PHU BAI,16.402,107.703,0.0,24.19,28.28,20.29,19.75,24.02,77.19,14.58,99.23,2.39,318.6,19.49,33.18,0.69,0.66,69.46
2015-10-20,PHU BAI,16.402,107.703,0.0,24.96,28.34,22.56,19.87,24.93,74.28,14.74,99.09,1.76,324.1,20.44,33.21,0.68,0.64,79.02
2015-10-21,PHU BAI,16.402,107.703,0.0,25.55,29.27,21.92,20.95,25.42,76.55,15.7,99.19,1.86,11.6,20.9,34.31,0.67,0.64,22.66
2015-10-22,PHU BAI,16.402,107.703,0.0,25.31,29.39,22.39,21.0,25.55,77.95,15.73,99.31,2.26,61.4,18.71,34.83,0.67,0.63,23.74
2015-10-23,PHU BAI,16.402,107.703,0.02,24.84,28.57,22.38,20.69,25.19,78.56,15.42,99.38,2.86,87.8,17.44,34.65,0.66,0.62,37.98
2015-10-24,PHU BAI,16.402,107.703,0.11,25.03,27.89,23.18,21.84,25.71,83.01,16.54,99.5,3.17,76.0,16.4,35.15,0.66,0.62,44.6
2015-10-25,PHU BAI,16.402,107.703,0.04,25.6,28.63,23.36,22.28,26.17,82.4,16.97,99.54,2.66,73.1,15.3,35.93,0.65,0.61,46.7
2015-10-26,PHU BAI,16.402,107.703,0.07,25.99,29.17,23.91,22.84,26.58,83.49,17.57,99.53,2.89,86.1,17.74,35.91,0.65,0.61,35.83
2015-10-27,PHU BAI,16.402,107.703,0.22,25.65,28.97,23.34,22.55,26.24,83.53,17.26,99.52,3.04,87.6,19.25,35.23,0.65,0.61,25.22
2015-10-28,PHU BAI,16.402,107.703,0.31,25.56,29.49,22.64,22.52,25.9,83.94,17.24,99.53,3.67,105.8,20.54,34.77,0.65,0.6,14.92
2015-10-29,PHU BAI,16.402,107.703,0.2,25.84,29.61,23.35,22.41,26.27,82.36,17.11,99.59,3.4,98.2,21.05,34.97,0.64,0.6,18.81
2015-10-30,PHU BAI,16.402,107.703,1.64,25.8,29.16,23.22,22.37,26.11,81.86,17.06,99.64,3.79,93.1,19.71,35.32,0.64,0.6,23.1
2015-10-31,PHU BAI,16.402,107.703,18.05,26.21,28.88,24.74,23.03,26.48,83.2,17.75,99.71,4.42,69.5,18.26,36.28,0.73,0.61,70.33
2015-11-01,PHU BAI,16.402,107.703,23.84,25.73,28.38,23.92,23.14,25.92,85.87,17.86,99.75,6.36,58.0,12.57,36.42,0.79,0.65,89.76
2015-11-02,PHU BAI,16.402,107.703,7.62,24.33,27.03,22.65,21.36,24.87,83.75,16.0,99.72,5.0,49.7,10.45,35.92,0.73,0.66,87.06
2015-11-03,PHU BAI,16.402,107.703,20.16,24.96,27.35,23.74,22.24,25.29,85.19,16.92,99.61,4.28,57.9,11.59,36.37,0.77,0.67,92.73
2015-11-04,PHU BAI,16.402,107.703,53.3,25.59,27.53,24.29,23.83,25.64,90.05,18.68,99.42,5.05,69.5,4.24,36.53,0.9,0.73,99.45
2015-11-05,PHU BAI,16.402,107.703,19.42,24.8,26.76,23.43,23.02,24.99,89.94,17.8,99.35,4.24,100.8,6.77,36.81,0.83,0.76,99.5
2015-11-06,PHU BAI,16.402,107.703,23.18,25.04,27.05,23.4,23.3,25.25,90.23,18.11,99.34,3.63,99.3,10.46,36.63,0.84,0.76,98.04
2015-11-07,PHU BAI,16.402,107.703,3.62,26.05,29.17,23.97,23.96,26.27,88.76,18.84,99.45,3.47,102.2,17.22,36.41,0.77,0.74,54.1
2015-11-08,PHU BAI,16.402,107.703,1.34,26.13,29.04,24.08,23.63,26.38,86.49,18.44,99.51,3.05,90.4,16.55,36.52,0.74,0.71,39.93
2015-11-09,PHU BAI,16.402,107.703,1.92,25.7,28.73,23.46,23.04,26.03,85.58,17.8,99.44,3.28,87.2,16.75,35.55,0.73,0.7,30.73
2015-11-10,PHU BAI,16.402,107.703,0.96,25.77,28.84,23.7,22.82,25.97,84.14,17.58,99.37,3.69,86.9,17.92,36.03,0.72,0.68,63.61
2015-11-11,PHU BAI,16.402,107.703,3.03,26.04,28.82,24.08,23.71,26.27,87.53,18.56,99.41,3.88,100.4,17.36,35.97,0.72,0.68,33.89
2015-11-12,PHU BAI,16.402,107.703,1.96,26.08,29.07,23.85,23.54,26.31,86.41,18.36,99.44,3.94,114.8,17.13,36.19,0.72,0.67,62.49
2015-11-13,PHU BAI,16.402,107.703,0.07,26.41,30.47,23.92,23.47,26.54,84.89,18.3,99.35,2.78,105.4,17.65,36.22,0.7,0.67,52.75
2015-11-14,PHU BAI,16.402,107.703,0.12,26.16,29.07,23.75,23.57,26.56,86.09,18.43,99.27,3.9,107.7,16.7,36.07,0.7,0.66,38.8
2015-11-15,PHU BAI,16.402,107.703,0.03,26.22,30.02,23.21,23.22,26.44,84.42,18.06,99.25,4.3,124.9,18.78,35.58,0.69,0.66,20.46
2015-11-16,PHU BAI,16.402,107.703,0.0,26.12,30.21,23.15,22.56,26.36,81.87,17.37,99.21,4.03,130.8,19.46,35.46,0.69,0.65,14.2
2015-11-17,PHU BAI,16.402,107.703,0.0,26.18,30.38,22.46,22.99,26.51,83.76,17.83,99.31,3.13,126.7,19.75,35.23,0.68,0.64,9.13
2015-11-18,PHU BAI,16.402,107.703,1.48,26.3,29.87,23.69,23.04,26.56,83.21,17.83,99.5,3.79,112.3,19.14,35.59,0.68,0.64,28.29
2015-11-19,PHU BAI,16.402,107.703,0.53,25.48,29.35,23.09,22.58,25.88,84.8,17.33,99.49,3.74,104.3,18.92,34.78,0.68,0.64,17.43
2015-11-20,PHU BAI,16.402,107.703,6.52,25.71,28.61,23.71,23.06,26.25,85.67,17.83,99.42,3.48,84.9,15.82,36.06,0.7,0.64,62.91
2015-11-21,PHU BAI,16.402,107.703,6.13,25.36,28.01,23.5,22.74,25.76,85.82,17.48,99.4,3.45,82.4,11.32,36.71,0.72,0.65,79.06
2015-11-22,PHU BAI,16.402,107.703,4.05,25.17,27.92,23.32,22.51,25.76,85.52,17.23,99.44,3.23,75.9,15.33,35.76,0.7,0.65,51.82
2015-11-23,PHU BAI,16.402,107.703,8.9,25.18,27.85,23.37,22.63,25.47,86.1,17.36,99.45,4.19,84.1,12.44,36.23,0.74,0.66,63.43
2015-11-24,PHU BAI,16.402,107.703,1.07,25.25,27.86,23.71,22.39,25.5,84.49,17.1,99.46,4.6,79.0,13.61,36.01,0.7,0.66,48.32
2015-11-25,PHU BAI,16.402,107.703,3.41,25.15,27.96,23.2,21.9,25.43,82.43,16.58,99.58,5.14,62.3,13.67,35.59,0.7,0.65,54.42
2015-11-26,PHU BAI,16.402,107.703,13.94,23.6,26.21,21.75,20.6,24.1,83.48,15.28,99.69,5.69,60.5,5.84,35.85,0.75,0.66,90.98
2015-11-27,PHU BAI,16.402,107.703,25.3,23.66,25.11,22.9,21.3,23.98,86.7,15.95,99.72,5.69,64.3,4.7,36.39,0.82,0.7,96.24
2015-11-28,PHU BAI,16.402,107.703,13.05,24.61,26.94,23.24,22.31,24.79,87.3,16.95,99.86,5.24,79.8,6.0,36.24,0.79,0.71,89.93
2015-11-29,PHU BAI,16.402,107.703,3.13,24.36,27.2,22.3,21.63,24.49,85.01,16.27,99.84,4.62,74.7,9.42,35.61,0.74,0.7,55.13
2015-11-30,PHU BAI,16.402,107.703,0.62,24.39,27.11,22.53,21.7,24.69,85.3,16.35,99.64,3.93,82.8,12.64,35.24,0.72,0.69,49.99
2015-12-01,PHU BAI,16.402,107.703,0.65,24.66,28.22,22.06,22.19,24.84,86.7,16.9,99.51,4.2,116.2,15.55,35.17,0.71,0.68,30.51
2015-12-02,PHU BAI,16.402,107.703,0.0,24.59,28.77,21.85,21.69,24.76,84.66,16.38,99.58,3.44,117.5,18.18,34.48,0.7,0.67,19.43
2015-12-03,PHU BAI,16.402,107.703,0.56,24.64,28.13,22.29,21.46,24.74,83.04,16.12,99.64,4.05,100.3,18.14,34.5,0.7,0.66,27.93
2015-12-04,PHU BAI,16.402,107.703,1.01,24.38,27.6,22.2,21.77,24.4,86.09,16.45,99.58,4.43,103.7,13.55,34.76,0.7,0.66,37.23
2015-12-05,PHU BAI,16.402,107.703,14.8,23.99,27.68,21.83,21.34,24.8,85.44,16.0,99.7,5.32,9.3,9.73,35.74,0.74,0.66,77.01
2015-12-06,PHU BAI,16.402,107.703,15.22,21.6,23.86,20.41,19.32,22.5,86.93,14.07,99.94,6.32,7.5,4.15,34.5,0.8,0.69,75.01
2015-12-07,PHU BAI,16.402,107.703,5.29,21.74,23.86,20.71,19.44,22.58,86.89,14.17,99.95,4.8,29.1,4.35,35.11,0.75,0.69,93.28
2015-12-08,PHU BAI,16.402,107.703,5.35,22.46,24.57,21.53,20.54,23.16,89.05,15.21,99.77,4.63,25.1,4.37,35.65,0.75,0.69,88.11
2015-12-09,PHU BAI,16.402,107.703,0.28,22.82,25.63,20.9,20.79,23.42,88.48,15.47,99.58,4.25,355.7,4.07,36.19,0.72,0.68,94.7
2015-12-10,PHU BAI,16.402,107.703,0.05,22.98,26.0,21.16,20.37,23.67,85.49,15.08,99.5,3.11,31.8,14.89,35.2,0.71,0.67,63.93
2015-12-11,PHU BAI,16.402,107.703,0.03,23.63,26.96,21.55,21.11,23.99,86.28,15.81,99.38,3.32,98.9,15.31,35.02,0.7,0.67,41.67
2015-12-12,PHU BAI,16.402,107.703,0.0,24.48,28.8,21.53,22.04,24.61,87.26,16.78,99.29,3.71,123.7,17.96,34.43,0.7,0.66,13.12
2015-12-13,PHU BAI,16.402,107.703,0.01,24.4,28.73,21.24,21.97,24.55,87.19,16.69,99.43,3.36,116.6,16.87,35.16,0.69,0.66,31.8
2015-12-14,PHU BAI,16.402,107.703,1.03,23.88,27.14,21.72,21.24,24.4,85.67,15.92,99.54,2.81,64.0,16.66,34.16,0.69,0.65,27.91
2015-12-15,PHU BAI,16.402,107.703,44.35,23.92,26.87,21.51,21.7,24.5,87.61,16.37,99.67,5.2,37.6,12.25,36.03,0.82,0.67,84.27
2015-12-16,PHU BAI,16.402,107.703,45.22,19.64,21.99,18.05,16.99,20.57,84.58,12.15,100.07,7.77,10.9,3.53,33.81,0.9,0.77,98.87
2015-12-17,PHU BAI,16.402,107.703,11.79,18.31,19.2,17.81,15.8,19.23,85.37,11.22,100.19,4.75,23.5,4.34,33.78,0.82,0.77,98.34
2015-12-18,PHU BAI,16.402,107.703,1.37,20.03,21.92,19.17,17.32,20.78,84.55,12.37,100.12,4.49,47.5,5.61,34.43,0.77,0.75,98.81
2015-12-19,PHU BAI,16.402,107.703,1.57,21.39,23.95,19.82,18.63,21.87,84.51,13.45,100.05,4.53,36.3,6.11,34.68,0.76,0.73,97.72
2015-12-20,PHU BAI,16.402,107.703,2.56,21.7,24.27,20.24,19.31,22.32,86.54,14.06,99.91,4.18,16.4,5.08,35.2,0.75,0.71,91.36
2015-12-21,PHU BAI,16.402,107.703,4.49,22.66,24.29,21.78,21.24,23.02,91.8,15.88,99.76,4.49,24.3,3.89,35.43,0.76,0.71,87.8
2015-12-22,PHU BAI,16.402,107.703,1.82,23.64,26.61,21.57,22.23,23.77,92.09,16.89,99.75,3.27,63.4,4.8,37.09,0.75,0.71,93.48
2015-12-23,PHU BAI,16.402,107.703,0.01,23.67,27.53,20.82,21.84,23.77,90.03,16.53,99.55,2.99,115.9,13.08,34.82,0.73,0.7,38.15
2015-12-24,PHU BAI,16.402,107.703,0.04,23.98,28.62,20.64,22.07,23.92,89.37,16.78,99.61,2.58,103.1,17.28,34.41,0.72,0.69,41.14
2015-12-25,PHU BAI,16.402,107.703,0.33,22.99,26.86,20.44,21.03,23.2,89.33,15.68,99.81,3.57,58.9,17.02,34.52,0.72,0.69,55.46
2015-12-26,PHU BAI,16.402,107.703,0.08,22.84,26.01,20.77,20.91,23.06,89.37,15.54,99.84,3.66,55.5,9.86,36.41,0.72,0.68,92.25
2015-12-27,PHU BAI,16.402,107.703,1.81,22.56,25.24,20.88,20.77,22.96,89.9,15.38,100.07,4.15,36.4,8.31,35.88,0.72,0.68,90.94
2015-12-28,PHU BAI,16.402,107.703,3.71,22.69,25.01,21.49,20.86,22.93,89.6,15.45,100.15,4.63,58.4,5.59,36.0,0.73,0.68,93.3
2015-12-29,PHU BAI,16.402,107.703,1.61,22.26,25.43,20.07,20.38,22.24,89.6,15.03,100.0,4.42,88.8,6.05,36.08,0.72,0.68,93.71
2015-12-30,PHU BAI,16.402,107.703,2.2,22.3,24.97,20.58,20.27,22.4,88.55,14.9,100.08,4.95,61.8,6.16,35.98,0.73,0.68,98.31
2015-12-31,PHU BAI,16.402,107.703,2.16,21.44,23.86,19.62,19.17,21.74,87.08,13.9,100.24,5.87,50.4,4.82,35.37,0.72,0.68,97.04
2016-01-01,PHU BAI,16.402,107.703,1.52,20.98,23.53,19.55,18.67,21.39,86.84,13.46,100.21,4.52,48.9,9.57,35.32,0.72,0.68,90.76
2016-01-02,PHU BAI,16.402,107.703,1.66,21.54,24.2,20.0,19.31,21.9,87.26,14.04,99.99,3.23,35.7,5.01,35.77,0.72,0.68,97.51
2016-01-03,PHU BAI,16.402,107.703,1.21,22.24,25.18,20.7,20.18,22.45,88.39,14.86,99.82,2.42,57.2,7.33,35.71,0.72,0.68,84.26
2016-01-04,PHU BAI,16.402,107.703,0.49,23.2,26.29,21.42,21.65,23.26,91.26,16.3,99.67,2.53,67.1,10.73,35.92,0.71,0.67,72.39
2016-01-05,PHU BAI,16.402,107.703,0.0,23.38,27.51,20.87,21.42,23.26,89.41,16.09,99.6,2.24,91.0,13.46,35.52,0.71,0.67,51.07
2016-01-06,PHU BAI,16.402,107.703,0.4,23.2,26.55,20.9,21.29,23.37,89.55,15.94,99.76,3.13,94.5,13.91,34.64,0.7,0.67,65.56
2016-01-07,PHU BAI,16.402,107.703,0.76,22.93,26.15,20.98,20.9,23.05,88.71,15.54,99.82,4.06,96.9,14.54,34.14,0.7,0.66,64.12
2016-01-08,PHU BAI,16.402,107.703,1.49,22.64,25.84,20.54,20.41,22.76,87.73,15.1,99.69,3.96,108.5,15.55,34.52,0.71,0.66,54.85
2016-01-09,PHU BAI,16.402,107.703,3.52,22.77,25.88,20.87,20.6,22.77,87.95,15.31,99.52,5.39,119.3,9.55,35.7,0.72,0.67,76.45
2016-01-10,PHU BAI,16.402,107.703,0.58,23.85,27.19,22.09,21.15,23.32,85.28,15.88,99.4,2.34,131.3,15.38,34.67,0.71,0.66,81.68
2016-01-11,PHU BAI,16.402,107.703,2.36,23.14,27.44,20.13,20.77,23.27,87.2,15.49,99.56,3.25,353.9,8.16,35.92,0.71,0.66,96.11
2016-01-12,PHU BAI,16.402,107.703,2.91,22.08,24.61,20.8,20.67,22.39,91.81,15.35,99.63,4.14,20.0,6.59,35.59,0.71,0.66,92.52
2016-01-13,PHU BAI,16.402,107.703,2.46,22.73,25.09,20.93,21.43,22.83,92.52,16.11,99.5,3.85,70.1,8.12,36.04,0.72,0.67,88.37
2016-01-14,PHU BAI,16.402,107.703,0.26,23.38,26.99,20.89,21.71,23.39,90.77,16.42,99.36,3.96,113.5,12.95,35.6,0.7,0.66,60.28
2016-01-15,PHU BAI,16.402,107.703,4.94,24.61,29.33,21.78,22.0,24.38,86.57,16.75,99.13,1.91,15.1,10.51,36.17,0.71,0.66,80.12
2016-01-16,PHU BAI,16.402,107.703,2.21,23.95,27.38,22.39,21.95,24.04,88.97,16.72,99.06,2.3,77.5,6.63,36.33,0.72,0.67,86.22
2016-01-17,PHU BAI,16.402,107.703,2.45,23.82,28.57,20.99,21.63,24.01,87.94,16.4,99.2,4.02,354.4,8.86,37.31,0.71,0.66,92.55
2016-01-18,PHU BAI,16.402,107.703,2.16,21.75,23.65,20.73,20.2,22.19,90.93,14.93,99.46,3.57,31.7,4.02,36.6,0.72,0.67,99.11
2016-01-19,PHU BAI,16.402,107.703,1.28,22.58,24.61,21.53,21.11,22.9,91.53,15.78,99.59,3.7,26.8,4.33,36.0,0.71,0.67,83.09
2016-01-20,PHU BAI,16.402,107.703,0.15,23.62,26.58,22.08,22.25,23.89,92.2,16.93,99.58,2.83,0.9,8.18,36.21,0.7,0.66,81.65
2016-01-21,PHU BAI,16.402,107.703,0.21,24.2,27.56,22.25,22.61,24.63,91.18,17.33,99.47,2.57,71.2,8.61,37.18,0.69,0.66,83.32
2016-01-22,PHU BAI,16.402,107.703,5.47,24.48,28.54,20.4,22.52,24.85,89.29,17.23,99.63,3.58,28.0,7.95,38.01,0.71,0.65,94.01
2016-01-23,PHU BAI,16.402,107.703,18.32,17.34,20.49,15.53,14.73,18.75,84.75,10.48,100.45,8.25,4.6,4.16,33.64,0.77,0.67,97.93
2016-01-24,PHU BAI,16.402,107.703,22.08,14.36,15.97,13.17,12.14,16.25,86.61,8.79,100.85,7.85,17.8,4.8,32.14,0.82,0.71,99.28
2016-01-25,PHU BAI,16.402,107.703,2.63,14.64,15.67,13.64,12.47,16.41,87.0,9.02,100.6,4.04,35.0,4.48,32.24,0.75,0.71,98.91
2016-01-26,PHU BAI,16.402,107.703,0.84,17.09,18.56,16.13,14.92,18.2,87.23,10.6,100.22,3.66,42.4,3.95,33.37,0.73,0.7,99.3
2016-01-27,PHU BAI,16.402,107.703,0.2,19.1,21.89,17.28,16.91,20.05,87.45,12.09,99.88,2.99,65.2,5.66,34.33,0.72,0.69,94.39
2016-01-28,PHU BAI,16.402,107.703,0.04,21.75,25.95,19.71,19.53,22.4,87.85,14.31,99.58,2.45,39.6,13.42,35.97,0.71,0.68,80.55
2016-01-29,PHU BAI,16.402,107.703,0.2,22.03,25.7,20.02,20.2,22.65,89.78,14.91,99.62,2.91,26.0,9.54,36.79,0.71,0.67,93.88
2016-01-30,PHU BAI,16.402,107.703,0.33,22.46,25.52,20.98,21.09,22.8,92.21,15.76,99.58,3.41,25.5,6.42,36.75,0.71,0.67,95.2
2016-01-31,PHU BAI,16.402,107.703,0.96,23.59,26.89,21.57,21.91,23.76,90.71,16.59,99.53,2.99,73.9,11.22,37.44,0.7,0.66,90.72
2016-02-01,PHU BAI,16.402,107.703,3.72,19.26,23.24,17.62,17.44,20.06,89.23,12.57,99.99,6.9,353.6,3.74,34.99,0.72,0.67,99.73
2016-02-02,PHU BAI,16.402,107.703,2.52,17.66,19.77,16.63,15.44,18.72,86.98,10.97,100.11,5.24,4.1,6.51,32.6,0.72,0.67,94.2
2016-02-03,PHU BAI,16.402,107.703,0.73,19.41,22.08,18.09,17.04,20.27,86.47,12.18,99.91,3.4,53.2,9.06,34.07,0.71,0.67,94.63
2016-02-04,PHU BAI,16.402,107.703,2.33,20.13,23.16,18.28,18.19,20.8,88.76,13.11,99.88,5.01,28.1,5.27,34.99,0.71,0.67,98.91
2016-02-05,PHU BAI,16.402,107.703,1.93,18.48,20.87,16.95,16.06,19.34,85.83,11.44,100.03,6.74,8.4,4.33,34.26,0.71,0.67,98.32
2016-02-06,PHU BAI,16.402,107.703,3.16,16.5,18.44,14.15,12.28,17.21,76.15,8.92,100.37,6.79,13.6,4.08,33.07,0.72,0.67,98.23
2016-02-07,PHU BAI,16.402,107.703,0.26,15.67,18.44,13.64,9.88,16.28,69.03,7.61,100.38,4.54,39.3,13.55,29.82,0.71,0.67,72.13
2016-02-08,PHU BAI,16.402,107.703,0.03,16.96,18.7,16.06,13.89,17.8,82.59,9.95,100.03,3.59,53.6,13.14,33.09,0.7,0.66,94.48
2016-02-09,PHU BAI,16.402,107.703,0.01,18.96,22.07,17.1,15.99,19.53,83.34,11.4,99.74,3.2,69.1,9.95,33.38,0.7,0.66,77.94
2016-02-10,PHU BAI,16.402,107.703,0.0,20.36,24.97,17.32,17.72,20.62,85.84,12.82,99.47,2.92,109.8,19.39,31.92,0.69,0.65,28.31
2016-02-11,PHU BAI,16.402,107.703,0.0,22.39,28.41,18.67,17.41,21.93,75.76,12.63,99.31,2.8,153.4,20.1,30.91,0.68,0.65,24.22
2016-02-12,PHU BAI,16.402,107.703,0.0,24.34,30.29,19.79,16.13,22.28,61.9,11.64,99.2,2.4,210.4,19.11,32.09,0.68,0.64,28.09
2016-02-13,PHU BAI,16.402,107.703,0.0,25.11,31.05,21.08,17.89,23.35,65.79,12.99,99.22,2.54,209.7,18.95,32.39,0.67,0.64,47.17
2016-02-14,PHU BAI,16.402,107.703,0.13,23.8,31.33,19.54,19.01,23.24,77.98,13.88,99.56,3.62,333.4,19.08,32.82,0.67,0.63,40.97
2016-02-15,PHU BAI,16.402,107.703,0.58,18.94,21.43,17.46,16.39,19.57,85.43,11.66,100.16,5.13,1.1,5.66,34.63,0.68,0.63,98.9
2016-02-16,PHU BAI,16.402,107.703,0.72,19.22,21.99,17.57,17.04,20.09,87.38,12.14,100.18,4.08,39.2,6.83,34.35,0.68,0.63,98.81
2016-02-17,PHU BAI,16.402,107.703,0.36,19.41,22.49,17.68,17.17,20.36,87.19,12.26,100.07,3.65,36.3,6.73,35.16,0.67,0.63,97.56
2016-02-18,PHU BAI,16.402,107.703,0.11,20.21,23.51,18.47,17.98,20.92,87.46,12.92,99.88,3.29,54.5,9.99,34.76,0.67,0.63,90.21
2016-02-19,PHU BAI,16.402,107.703,0.41,21.64,25.44,19.19,19.36,22.13,87.37,14.11,99.91,4.04,42.8,14.75,36.23,0.67,0.63,90.19
2016-02-20,PHU BAI,16.402,107.703,0.56,19.06,21.88,17.37,16.64,19.68,85.92,11.86,100.11,4.72,4.1,4.52,34.74,0.67,0.63,99.4
2016-02-21,PHU BAI,16.402,107.703,0.01,20.66,24.51,18.27,18.49,21.04,88.0,13.38,99.81,3.31,104.1,18.11,33.16,0.67,0.63,41.26
2016-02-22,PHU BAI,16.402,107.703,0.06,22.79,27.57,19.6,20.37,22.61,87.31,15.05,99.78,2.3,92.4,19.4,34.61,0.66,0.62,44.27
2016-02-23,PHU BAI,16.402,107.703,5.89,21.7,25.04,19.63,19.97,22.18,90.22,14.64,99.98,4.65,39.5,9.42,36.15,0.68,0.62,97.85
2016-02-24,PHU BAI,16.402,107.703,7.91,18.9,21.53,17.35,17.0,19.64,88.78,12.1,100.37,6.24,15.9,4.64,34.28,0.73,0.64,97.62
2016-02-25,PHU BAI,16.402,107.703,1.98,18.53,20.56,17.56,16.48,19.45,88.01,11.68,100.47,5.53,23.1,7.03,33.83,0.69,0.64,98.6
2016-02-26,PHU BAI,16.402,107.703,0.76,18.09,20.46,16.73,15.89,19.01,87.17,11.25,100.45,5.71,8.7,4.93,33.99,0.68,0.64,99.02
2016-02-27,PHU BAI,16.402,107.703,0.55,18.05,20.67,16.42,15.79,19.03,86.83,11.19,100.29,3.95,16.4,5.23,34.1,0.68,0.64,98.76
2016-02-28,PHU BAI,16.402,107.703,0.24,18.84,22.07,17.1,16.42,19.79,86.21,11.66,100.29,3.35,25.1,6.88,34.72,0.67,0.63,98.99
2016-02-29,PHU BAI,16.402,107.703,0.01,18.64,22.59,16.06,14.97,19.02,79.65,10.65,100.26,3.18,35.4,10.17,32.35,0.67,0.63,87.02
2016-03-01,PHU BAI,16.402,107.703,0.66,19.77,22.77,18.12,17.09,20.34,85.16,12.21,100.01,3.68,58.9,9.65,34.45,0.67,0.63,95.17
2016-03-02,PHU BAI,16.402,107.703,1.88,20.55,24.35,18.35,18.39,20.85,87.95,13.27,99.96,4.25,82.0,8.99,35.38,0.67,0.62,95.02
2016-03-03,PHU BAI,16.402,107.703,0.15,20.49,24.89,17.18,17.98,20.78,86.32,12.95,99.78,3.71,105.5,16.74,33.59,0.66,0.62,59.89
2016-03-04,PHU BAI,16.402,107.703,0.0,21.52,25.93,18.52,19.04,21.83,86.56,13.89,99.53,3.21,110.9,20.94,33.54,0.66,0.62,44.26
2016-03-05,PHU BAI,16.402,107.703,0.33,22.39,27.47,19.23,19.91,22.7,87.03,14.67,99.48,2.85,99.9,18.62,35.79,0.65,0.61,75.13
2016-03-06,PHU BAI,16.402,107.703,0.04,21.94,26.31,18.97,19.74,22.26,88.15,14.52,99.47,3.13,108.3,17.24,35.84,0.65,0.61,63.1
2016-03-07,PHU BAI,16.402,107.703,0.0,24.28,28.67,21.96,20.69,24.12,81.15,15.44,99.16,3.1,134.6,18.89,35.3,0.64,0.61,15.18
2016-03-08,PHU BAI,16.402,107.703,0.0,26.21,30.86,23.36,21.79,25.42,77.33,16.58,98.96,2.65,152.2,19.0,36.11,0.64,0.6,59.19
2016-03-09,PHU BAI,16.402,107.703,0.0,27.5,32.39,24.46,22.12,26.26,73.56,16.92,98.97,2.34,163.2,19.07,36.63,0.63,0.6,37.63
2016-03-10,PHU BAI,16.402,107.703,0.91,21.54,28.9,18.64,18.51,22.14,83.31,13.56,99.68,5.82,344.2,10.4,36.05,0.64,0.59,88.39
2016-03-11,PHU BAI,16.402,107.703,0.6,19.21,21.36,18.04,17.13,20.06,87.81,12.26,99.82,3.73,25.3,6.63,35.24,0.65,0.6,98.89
2016-03-12,PHU BAI,16.402,107.703,0.0,21.67,25.2,19.9,19.33,22.09,87.06,14.16,99.37,2.81,108.7,9.82,35.77,0.64,0.6,70.94
2016-03-13,PHU BAI,16.402,107.703,0.21,24.73,32.54,19.69,20.81,24.65,80.98,15.55,99.41,3.18,349.1,19.5,37.15,0.63,0.59,64.11
2016-03-14,PHU BAI,16.402,107.703,0.08,19.5,22.85,17.3,16.75,20.43,84.33,11.99,99.65,3.41,8.1,10.45,34.7,0.63,0.59,79.89
2016-03-15,PHU BAI,16.402,107.703,0.0,21.73,25.71,19.59,19.49,22.27,87.93,14.32,99.29,2.76,85.6,11.96,37.33,0.62,0.59,84.75
2016-03-16,PHU BAI,16.402,107.703,0.0,25.17,30.19,22.61,21.81,25.03,82.81,16.57,99.08,2.48,128.0,16.71,37.47,0.62,0.58,53.91
2016-03-17,PHU BAI,16.402,107.703,0.0,26.34,31.35,23.1,21.7,25.95,76.79,16.46,99.01,2.93,135.0,17.18,37.72,0.61,0.58,38.86
2016-03-18,PHU BAI,16.402,107.703,0.0,27.79,34.93,24.14,22.08,26.87,72.92,16.88,98.88,2.52,153.8,20.09,37.09,0.59,0.57,23.13
2016-03-19,PHU BAI,16.402,107.703,0.0,27.22,32.67,24.0,22.26,26.75,75.63,17.05,98.99,2.81,138.6,16.82,37.5,0.59,0.57,52.93
2016-03-20,PHU BAI,16.402,107.703,0.0,26.91,32.15,23.23,21.2,26.66,72.54,16.01,98.93,3.18,136.0,18.85,36.83,0.58,0.56,28.5
2016-03-21,PHU BAI,16.402,107.703,0.0,28.02,35.36,24.0,20.97,27.23,68.02,15.81,98.82,2.94,150.9,20.94,36.27,0.57,0.56,23.91
2016-03-22,PHU BAI,16.402,107.703,0.0,27.28,32.43,23.94,21.16,27.09,70.95,16.03,98.8,2.8,134.5,16.97,37.59,0.57,0.56,47.39
2016-03-23,PHU BAI,16.402,107.703,0.19,27.38,34.26,23.03,21.5,27.43,74.11,16.37,99.11,2.17,35.9,16.53,37.83,0.56,0.55,73.65
2016-03-24,PHU BAI,16.402,107.703,2.93,22.32,27.52,19.77,19.88,23.23,86.31,14.67,99.75,6.7,351.9,5.02,36.73,0.59,0.56,99.27
2016-03-25,PHU BAI,16.402,107.703,3.45,19.29,21.86,18.16,16.86,20.32,86.03,12.01,100.2,4.86,7.4,4.42,34.71,0.63,0.57,98.49
2016-03-26,PHU BAI,16.402,107.703,1.17,20.4,23.89,18.43,17.52,21.61,84.0,12.53,100.1,4.01,51.4,8.28,35.48,0.6,0.57,99.11
2016-03-27,PHU BAI,16.402,107.703,1.73,19.83,22.89,18.24,16.89,20.79,83.34,12.02,100.18,3.97,52.2,5.13,35.27,0.61,0.57,99.6
2016-03-28,PHU BAI,16.402,107.703,0.59,20.84,24.52,18.25,17.54,21.36,82.17,12.56,99.98,4.43,94.4,9.28,36.02,0.6,0.57,97.3
2016-03-29,PHU BAI,16.402,107.703,0.08,21.65,26.64,17.88,18.1,22.32,81.71,13.05,99.81,3.8,106.4,17.01,34.8,0.59,0.56,60.83
2016-03-30,PHU BAI,16.402,107.703,0.03,23.2,27.7,20.33,19.6,23.67,81.43,14.39,99.57,3.16,104.2,18.69,35.03,0.58,0.56,53.61
2016-03-31,PHU BAI,16.402,107.703,0.03,24.02,28.35,21.47,20.64,24.49,82.48,15.38,99.37,3.09,110.2,13.02,36.22,0.58,0.56,95.35
2016-04-01,PHU BAI,16.402,107.703,0.04,25.33,29.89,22.14,21.26,25.49,79.27,16.0,99.17,3.46,122.0,14.37,37.04,0.58,0.55,85.55
2016-04-02,PHU BAI,16.402,107.703,1.81,26.16,30.7,23.64,22.01,26.31,79.6,16.77,99.22,2.81,116.2,17.1,37.06,0.58,0.55,83.73
2016-04-03,PHU BAI,16.402,107.703,0.93,25.92,30.1,24.45,23.03,25.75,84.74,17.83,99.21,2.28,122.9,17.22,36.71,0.59,0.56,91.24
2016-04-04,PHU BAI,16.402,107.703,0.01,27.41,31.49,24.06,22.53,26.08,75.63,17.34,99.0,2.15,181.1,17.1,36.95,0.59,0.56,94.77
2016-04-05,PHU BAI,16.402,107.703,0.01,27.01,31.36,23.46,22.01,26.61,75.14,16.81,99.0,2.73,150.9,17.66,35.8,0.57,0.55,33.49
2016-04-06,PHU BAI,16.402,107.703,0.0,27.33,32.08,23.5,22.06,27.53,74.49,16.85,99.01,3.28,129.4,22.67,36.18,0.56,0.55,9.53
2016-04-07,PHU BAI,16.402,107.703,0.0,28.26,35.19,24.14,21.89,28.09,70.87,16.69,99.03,3.24,134.4,22.02,36.63,0.55,0.54,17.18
2016-04-08,PHU BAI,16.402,107.703,0.0,27.25,32.66,23.43,21.05,27.46,71.14,15.87,99.07,3.4,120.1,18.46,38.43,0.54,0.54,58.59
2016-04-09,PHU BAI,16.402,107.703,0.0,28.1,32.39,25.01,22.1,28.31,71.03,16.9,98.97,2.99,137.0,14.31,38.0,0.54,0.54,55.4
2016-04-10,PHU BAI,16.402,107.703,0.0,31.29,37.28,26.52,21.79,29.83,58.96,16.64,98.71,2.84,225.3,20.2,37.48,0.53,0.53,20.86
2016-04-11,PHU BAI,16.402,107.703,0.09,28.53,34.54,24.3,22.1,28.98,71.18,17.0,98.77,2.15,20.7,21.06,37.55,0.52,0.53,40.3
2016-04-12,PHU BAI,16.402,107.703,0.08,30.17,35.34,26.5,21.94,29.81,62.81,16.86,98.55,2.56,164.3,19.7,38.03,0.52,0.52,45.73
2016-04-13,PHU BAI,16.402,107.703,0.0,31.82,38.67,26.85,21.17,30.66,55.6,16.11,98.49,2.99,205.3,21.47,37.42,0.51,0.52,12.7
2016-04-14,PHU BAI,16.402,107.703,0.0,31.54,39.58,27.16,20.85,30.79,56.25,15.81,98.69,3.03,167.4,23.09,37.21,0.5,0.51,5.97
2016-04-15,PHU BAI,16.402,107.703,0.0,30.91,39.24,25.75,19.95,30.42,55.96,15.05,98.78,3.03,163.1,23.53,36.25,0.5,0.51,5.72
2016-04-16,PHU BAI,16.402,107.703,0.47,30.74,39.14,26.02,19.77,30.41,56.68,14.94,98.78,2.84,157.8,23.44,37.3,0.5,0.51,42.34
2016-04-17,PHU BAI,16.402,107.703,4.8,30.1,37.29,25.41,22.97,29.93,69.03,17.97,98.87,3.09,126.7,18.41,37.97,0.55,0.52,69.81
2016-04-18,PHU BAI,16.402,107.703,1.58,25.02,28.62,22.86,21.58,25.87,81.74,16.29,99.39,3.67,348.5,4.87,37.78,0.55,0.52,97.03
2016-04-19,PHU BAI,16.402,107.703,0.75,26.58,31.65,23.34,22.24,27.18,78.59,17.03,99.29,3.62,114.6,9.89,37.75,0.54,0.52,84.44
2016-04-20,PHU BAI,16.402,107.703,0.07,27.92,32.43,24.56,22.0,28.38,72.05,16.82,99.14,3.82,122.4,17.24,37.16,0.52,0.52,76.85
2016-04-21,PHU BAI,16.402,107.703,0.21,28.15,32.65,24.52,22.28,28.71,72.43,17.14,98.98,2.72,123.1,19.44,37.47,0.52,0.51,46.31
2016-04-22,PHU BAI,16.402,107.703,3.02,28.79,34.08,25.18,22.55,28.74,70.67,17.4,98.83,2.89,140.2,20.52,36.66,0.54,0.52,64.99
2016-04-23,PHU BAI,16.402,107.703,5.55,29.91,36.22,25.6,22.34,29.05,66.18,17.24,98.67,2.46,183.9,14.01,36.88,0.58,0.52,37.78
2016-04-24,PHU BAI,16.402,107.703,0.0,30.24,37.25,25.89,21.84,30.02,63.28,16.72,98.72,3.06,166.5,20.74,37.08,0.52,0.52,27.16
2016-04-25,PHU BAI,16.402,107.703,0.0,29.86,34.58,26.09,22.16,30.17,65.09,17.04,98.88,2.65,129.3,19.66,38.02,0.51,0.51,36.72
2016-04-26,PHU BAI,16.402,107.703,0.0,30.98,37.78,26.99,21.98,31.0,61.54,16.93,98.76,2.79,148.1,22.0,38.21,0.5,0.51,55.28
2016-04-27,PHU BAI,16.402,107.703,0.18,30.61,37.05,26.68,22.87,30.62,66.64,17.85,98.79,2.06,256.4,20.5,38.11,0.49,0.5,67.08
2016-04-28,PHU BAI,16.402,107.703,1.15,28.11,32.37,25.55,24.02,28.51,79.61,19.01,98.99,1.78,111.2,12.28,38.16,0.52,0.5,97.12
2016-04-29,PHU BAI,16.402,107.703,2.78,27.65,31.38,25.19,24.21,28.2,82.48,19.19,99.12,2.06,98.6,11.93,37.59,0.55,0.51,97.37
2016-04-30,PHU BAI,16.402,107.703,0.55,27.56,30.75,25.41,23.13,27.74,77.55,18.03,99.0,2.09,123.9,17.86,36.87,0.54,0.51,66.33
2016-05-01,PHU BAI,16.402,107.703,0.2,30.17,35.54,26.9,22.36,30.63,64.9,17.27,98.87,2.59,131.3,24.27,37.58,0.51,0.51,48.82
2016-05-02,PHU BAI,16.402,107.703,1.53,30.38,36.89,26.77,23.06,30.59,67.64,18.01,98.92,3.54,136.1,20.91,37.98,0.51,0.5,52.85
2016-05-03,PHU BAI,16.402,107.703,2.27,29.31,34.25,25.73,23.15,29.07,71.57,18.1,98.95,3.06,140.3,17.17,37.98,0.52,0.5,76.61
2016-05-04,PHU BAI,16.402,107.703,0.36,30.17,35.32,27.05,23.29,30.72,68.64,18.27,98.94,2.78,125.5,18.75,37.6,0.51,0.5,92.97
2016-05-05,PHU BAI,16.402,107.703,0.12,30.47,35.19,27.06,22.97,30.73,66.03,17.92,98.89,2.94,138.5,20.81,37.87,0.49,0.5,72.47
2016-05-06,PHU BAI,16.402,107.703,0.02,30.94,36.76,26.28,22.51,31.26,63.25,17.44,98.82,2.91,140.9,23.05,37.45,0.48,0.49,32.15
2016-05-07,PHU BAI,16.402,107.703,0.01,30.6,35.97,26.21,22.43,31.41,64.42,17.42,98.86,3.41,121.8,24.15,37.43,0.47,0.49,45.96
2016-05-08,PHU BAI,16.402,107.703,0.04,30.46,35.11,26.92,22.91,31.0,66.15,17.88,98.93,2.78,121.9,22.87,37.72,0.48,0.49,58.67
2016-05-09,PHU BAI,16.402,107.703,0.04,30.46,34.06,27.53,23.3,30.55,67.07,18.29,98.86,2.23,152.9,22.72,38.06,0.48,0.49,63.33
2016-05-10,PHU BAI,16.402,107.703,0.04,30.93,37.44,26.21,23.67,31.54,69.19,18.75,98.83,2.69,356.8,21.45,38.36,0.47,0.49,75.02
2016-05-11,PHU BAI,16.402,107.703,0.18,28.33,32.58,26.06,24.18,29.43,79.09,19.21,98.79,2.52,43.8,16.2,38.13,0.48,0.49,87.18
2016-05-12,PHU BAI,16.402,107.703,10.1,30.08,34.7,27.31,24.66,30.12,74.48,19.86,98.71,2.3,136.7,19.46,38.04,0.54,0.49,80.7
2016-05-13,PHU BAI,16.402,107.703,8.05,28.24,31.74,25.67,24.61,28.52,81.76,19.7,99.01,2.51,105.7,3.28,37.62,0.62,0.52,96.9
2016-05-14,PHU BAI,16.402,107.703,0.03,28.27,32.54,25.33,23.78,28.94,77.89,18.71,99.17,2.96,103.8,23.76,37.51,0.53,0.52,59.29
2016-05-15,PHU BAI,16.402,107.703,0.45,27.73,31.42,25.08,24.0,28.46,81.15,18.94,99.19,2.5,58.0,22.93,37.04,0.52,0.51,60.17
2016-05-16,PHU BAI,16.402,107.703,0.57,25.36,28.74,23.16,20.68,26.48,75.49,15.46,99.2,3.86,1.9,8.59,36.64,0.52,0.51,66.77
2016-05-17,PHU BAI,16.402,107.703,0.0,27.01,30.65,24.72,21.79,28.07,74.36,16.59,99.03,3.04,91.7,22.78,36.8,0.51,0.5,61.17
2016-05-18,PHU BAI,16.402,107.703,1.29,28.89,33.16,25.27,23.49,29.64,74.65,18.46,98.9,2.68,107.6,20.74,38.15,0.5,0.5,83.41
2016-05-19,PHU BAI,16.402,107.703,0.34,29.46,34.63,26.23,23.08,29.51,70.33,18.07,98.72,2.0,193.8,20.81,37.7,0.51,0.5,82.46
2016-05-20,PHU BAI,16.402,107.703,0.75,29.94,35.2,26.31,23.41,29.84,70.02,18.43,98.59,2.27,230.3,16.24,38.01,0.5,0.5,99.39
2016-05-21,PHU BAI,16.402,107.703,0.32,28.71,32.24,26.02,23.99,28.59,76.94,19.02,98.82,1.94,285.4,14.19,37.72,0.5,0.5,99.64
2016-05-22,PHU BAI,16.402,107.703,0.78,27.47,31.03,25.21,23.66,28.5,80.42,18.59,98.92,2.61,2.8,16.26,38.04,0.5,0.49,98.29
2016-05-23,PHU BAI,16.402,107.703,3.47,28.54,32.6,26.03,24.27,29.54,79.36,19.35,98.82,2.7,60.9,17.38,38.13,0.52,0.49,99.12
2016-05-24,PHU BAI,16.402,107.703,21.73,27.05,28.74,26.06,25.39,27.19,90.8,20.7,98.62,2.31,102.9,20.44,37.89,0.67,0.52,91.72
2016-05-25,PHU BAI,16.402,107.703,6.17,28.08,31.12,26.16,25.45,28.13,86.14,20.79,98.58,1.81,138.8,17.08,37.97,0.64,0.54,98.09
2016-05-26,PHU BAI,16.402,107.703,2.94,28.34,31.6,26.31,24.84,28.36,82.07,20.03,98.64,2.21,137.9,18.95,37.92,0.61,0.55,96.28
2016-05-27,PHU BAI,16.402,107.703,3.14,28.02,31.2,25.98,24.94,28.14,83.9,20.14,98.69,1.77,157.6,17.46,37.96,0.6,0.54,96.7
2016-05-28,PHU BAI,16.402,107.703,4.3,28.26,30.98,26.44,25.04,28.14,83.06,20.26,98.73,2.0,158.6,20.06,38.03,0.62,0.55,86.79
2016-05-29,PHU BAI,16.402,107.703,0.55,27.42,29.84,25.97,24.23,27.69,83.08,19.29,98.77,2.25,147.7,19.27,37.85,0.58,0.54,87.15
2016-05-30,PHU BAI,16.402,107.703,8.01,28.92,32.73,25.93,24.76,28.93,79.25,19.91,98.88,1.92,126.2,22.27,37.92,0.62,0.54,70.91
2016-05-31,PHU BAI,16.402,107.703,4.38,28.96,32.98,26.43,24.59,29.1,78.37,19.68,98.97,2.31,138.2,23.41,38.16,0.62,0.55,57.38
2016-06-01,PHU BAI,16.402,107.703,0.07,30.22,34.51,27.31,24.53,30.25,72.73,19.64,98.88,2.44,175.8,24.54,37.84,0.56,0.54,63.72
2016-06-02,PHU BAI,16.402,107.703,1.73,30.81,35.79,27.08,24.3,30.9,70.0,19.42,98.77,2.6,192.3,24.5,37.93,0.55,0.53,66.26
2016-06-03,PHU BAI,16.402,107.703,3.42,30.84,35.13,26.89,23.86,30.32,68.24,18.92,98.81,2.31,221.2,22.6,37.85,0.57,0.53,67.86
2016-06-04,PHU BAI,16.402,107.703,0.56,30.6,35.32,27.14,23.7,30.64,68.31,18.72,98.86,2.57,187.8,21.07,37.75,0.54,0.52,44.95
2016-06-05,PHU BAI,16.402,107.703,2.34,30.72,34.74,26.95,23.87,30.66,68.04,18.89,98.85,2.19,248.2,21.69,38.23,0.54,0.51,65.94
2016-06-06,PHU BAI,16.402,107.703,4.02,29.7,33.42,26.11,24.09,29.89,73.34,19.14,98.88,2.53,176.4,23.53,37.82,0.55,0.51,77.38
2016-06-07,PHU BAI,16.402,107.703,13.36,28.22,31.54,26.09,24.77,28.28,82.2,19.91,98.85,2.44,228.7,18.13,37.7,0.66,0.53,96.94
2016-06-08,PHU BAI,16.402,107.703,3.0,28.16,31.78,25.81,24.31,28.1,80.33,19.4,98.74,3.46,234.8,13.65,37.71,0.6,0.54,99.41
2016-06-09,PHU BAI,16.402,107.703,0.41,29.74,33.82,26.11,23.49,29.48,70.26,18.49,98.68,3.5,236.1,14.25,37.5,0.55,0.53,99.69
2016-06-10,PHU BAI,16.402,107.703,0.11,29.54,33.07,26.44,23.58,29.32,71.14,18.58,98.73,3.62,237.1,21.5,37.81,0.54,0.52,92.46
2016-06-11,PHU BAI,16.402,107.703,0.12,30.24,34.71,26.71,23.8,29.93,69.73,18.83,98.75,2.27,208.1,22.25,38.19,0.53,0.52,82.56
2016-06-12,PHU BAI,16.402,107.703,0.06,30.84,34.96,27.13,23.78,30.48,67.29,18.82,98.71,2.42,219.9,22.32,37.61,0.52,0.51,91.76
2016-06-13,PHU BAI,16.402,107.703,0.05,30.75,35.51,26.47,23.55,30.6,66.84,18.58,98.6,3.11,225.2,23.48,38.37,0.5,0.5,59.53
2016-06-14,PHU BAI,16.402,107.703,0.09,31.68,36.54,27.6,23.77,31.5,64.44,18.86,98.53,2.97,228.8,23.5,38.01,0.49,0.5,61.25
2016-06-15,PHU BAI,16.402,107.703,0.05,31.17,35.2,27.49,23.48,31.24,65.03,18.51,98.61,2.69,217.5,24.0,37.89,0.49,0.49,72.48
2016-06-16,PHU BAI,16.402,107.703,1.41,29.22,33.14,25.94,24.37,29.65,76.61,19.52,98.7,2.5,72.2,21.69,38.41,0.5,0.49,97.22
2016-06-17,PHU BAI,16.402,107.703,1.4,28.54,31.13,26.79,24.04,28.94,77.24,19.05,98.92,2.51,121.7,20.62,37.5,0.52,0.49,86.11
2016-06-18,PHU BAI,16.402,107.703,0.03,29.18,32.78,26.25,23.65,29.6,73.31,18.61,98.97,2.42,125.5,23.55,37.51,0.5,0.49,59.52
2016-06-19,PHU BAI,16.402,107.703,0.05,30.04,34.87,25.79,22.84,30.74,67.46,17.83,98.86,3.34,123.3,22.6,37.77,0.48,0.49,89.87
2016-06-20,PHU BAI,16.402,107.703,0.03,29.45,33.47,25.87,21.58,29.9,64.84,16.57,98.74,3.28,130.3,22.68,37.23,0.48,0.49,82.46
2016-06-21,PHU BAI,16.402,107.703,0.75,28.72,32.62,25.58,23.25,29.42,73.82,18.22,98.78,3.21,103.6,18.8,37.68,0.48,0.48,92.43
2016-06-22,PHU BAI,16.402,107.703,1.66,28.45,32.32,25.65,23.66,29.25,76.79,18.68,98.76,3.81,104.0,18.47,37.59,0.49,0.48,87.78
2016-06-23,PHU BAI,16.402,107.703,1.5,28.78,32.54,26.29,23.97,29.0,76.45,19.05,98.71,1.91,124.2,19.36,37.28,0.5,0.49,75.97
2016-06-24,PHU BAI,16.402,107.703,1.56,28.31,31.76,25.81,23.88,28.82,78.08,18.91,98.75,2.53,89.9,20.65,38.21,0.5,0.48,80.29
2016-06-25,PHU BAI,16.402,107.703,2.57,27.66,30.61,25.6,23.94,27.95,80.72,18.92,98.87,2.15,343.7,14.07,37.89,0.52,0.49,99.19
2016-06-26,PHU BAI,16.402,107.703,7.56,28.09,30.55,26.58,23.9,28.74,78.75,18.94,98.7,2.07,12.6,16.11,38.05,0.54,0.49,84.83
2016-06-27,PHU BAI,16.402,107.703,21.78,27.69,30.31,25.98,24.81,28.34,84.87,20.01,98.54,3.5,73.8,18.97,37.56,0.69,0.53,87.21
2016-06-28,PHU BAI,16.402,107.703,16.06,27.46,30.32,25.61,24.82,27.81,85.94,20.01,98.63,3.21,95.1,16.69,37.63,0.68,0.55,94.21
2016-06-29,PHU BAI,16.402,107.703,7.19,28.02,29.96,25.85,24.8,27.84,83.11,19.98,98.72,1.6,151.0,16.58,37.65,0.66,0.56,96.61
2016-06-30,PHU BAI,16.402,107.703,0.16,28.41,32.1,26.1,24.48,28.44,80.22,19.58,98.79,1.79,123.6,20.62,37.45,0.6,0.55,88.52
2016-07-01,PHU BAI,16.402,107.703,0.16,28.35,31.78,25.83,24.43,28.42,79.97,19.52,98.81,1.84,137.0,20.76,37.6,0.57,0.54,91.6
2016-07-02,PHU BAI,16.402,107.703,0.03,28.41,31.88,25.75,23.73,28.21,76.56,18.71,98.9,2.8,214.3,19.77,37.56,0.56,0.53,96.88
2016-07-03,PHU BAI,16.402,107.703,0.02,29.67,33.7,26.19,23.4,29.39,70.15,18.36,98.84,2.94,243.7,19.32,37.35,0.54,0.52,94.63
2016-07-04,PHU BAI,16.402,107.703,8.19,29.62,34.01,26.01,23.56,29.41,71.59,18.58,98.62,4.21,250.0,13.65,38.08,0.57,0.52,98.45
2016-07-05,PHU BAI,16.402,107.703,29.16,26.97,30.56,24.23,23.45,27.16,81.83,18.43,98.59,3.07,211.7,7.79,37.93,0.71,0.54,99.85
2016-07-06,PHU BAI,16.402,107.703,7.8,27.09,30.91,23.84,23.01,27.25,78.89,17.92,98.72,2.07,217.4,14.8,37.28,0.69,0.58,92.74
2016-07-07,PHU BAI,16.402,107.703,1.25,27.91,31.84,25.7,23.72,28.27,78.83,18.71,98.7,2.61,154.3,21.13,38.11,0.61,0.56,65.62
2016-07-08,PHU BAI,16.402,107.703,1.09,28.72,32.28,25.39,24.41,28.69,78.23,19.55,98.53,2.09,232.2,20.72,38.22,0.59,0.55,74.78
2016-07-09,PHU BAI,16.402,107.703,0.65,29.56,33.51,26.31,24.31,29.35,74.39,19.46,98.37,3.49,244.2,22.3,37.6,0.56,0.53,83.16
2016-07-10,PHU BAI,16.402,107.703,0.89,29.12,33.07,25.78,23.76,28.86,73.85,18.83,98.34,4.29,245.3,22.23,37.94,0.55,0.52,68.6
2016-07-11,PHU BAI,16.402,107.703,3.45,29.24,32.84,26.33,24.53,28.97,76.79,19.72,98.45,2.72,226.3,23.19,37.86,0.57,0.52,71.43
2016-07-12,PHU BAI,16.402,107.703,2.92,27.75,30.34,25.78,24.01,27.64,80.3,19.08,98.54,3.6,231.9,18.25,37.68,0.58,0.52,87.77
2016-07-13,PHU BAI,16.402,107.703,1.15,28.33,32.82,25.38,24.25,28.39,79.46,19.38,98.53,2.85,222.3,14.98,38.13,0.55,0.52,82.73
2016-07-14,PHU BAI,16.402,107.703,0.46,29.8,33.29,26.07,24.06,29.51,72.41,19.11,98.7,2.05,222.5,22.15,38.33,0.53,0.51,53.83
2016-07-15,PHU BAI,16.402,107.703,0.43,29.87,34.61,26.37,23.99,29.97,72.19,19.05,98.77,1.97,203.5,24.41,38.02,0.52,0.51,33.81
2016-07-16,PHU BAI,16.402,107.703,0.85,30.22,34.55,26.91,24.01,30.21,70.71,19.04,98.91,2.12,227.2,24.19,37.92,0.52,0.51,35.77
2016-07-17,PHU BAI,16.402,107.703,0.65,30.27,33.68,27.06,24.22,30.01,71.18,19.29,98.83,1.35,216.8,25.26,37.93,0.52,0.5,48.43
2016-07-18,PHU BAI,16.402,107.703,0.86,30.0,34.53,25.53,23.99,29.86,71.67,19.07,98.66,1.81,217.7,23.73,38.11,0.52,0.5,81.16
2016-07-19,PHU BAI,16.402,107.703,0.98,30.05,35.51,26.77,23.89,30.28,71.4,18.96,98.73,1.63,190.4,22.8,38.11,0.51,0.5,57.9
2016-07-20,PHU BAI,16.402,107.703,0.48,29.23,33.07,26.43,23.72,29.75,73.65,18.72,98.86,2.59,115.5,23.11,38.29,0.5,0.5,56.07
2016-07-21,PHU BAI,16.402,107.703,2.93,28.96,33.23,26.27,24.0,29.48,76.07,19.0,99.04,2.76,124.7,22.56,37.95,0.52,0.49,51.69
2016-07-22,PHU BAI,16.402,107.703,0.56,29.19,34.25,25.57,22.83,29.97,70.57,17.73,98.98,3.1,118.8,24.53,37.03,0.5,0.49,55.91
2016-07-23,PHU BAI,16.402,107.703,2.24,29.0,32.66,25.71,23.48,29.26,73.32,18.42,98.96,2.44,275.6,21.11,37.75,0.52,0.49,75.33
2016-07-24,PHU BAI,16.402,107.703,0.16,29.6,33.83,26.9,22.97,30.42,69.02,17.89,98.91,2.59,95.1,23.58,37.74,0.49,0.49,62.83
2016-07-25,PHU BAI,16.402,107.703,0.32,29.25,33.09,25.74,23.33,29.79,71.59,18.26,98.85,2.76,16.4,23.64,37.12,0.49,0.49,37.53
2016-07-26,PHU BAI,16.402,107.703,0.76,28.88,32.78,25.9,22.65,29.57,70.36,17.59,98.72,2.59,56.1,20.79,37.16,0.49,0.49,86.35
2016-07-27,PHU BAI,16.402,107.703,6.18,28.65,33.16,25.1,22.55,28.94,71.05,17.46,98.71,1.78,188.6,9.03,36.76,0.54,0.49,99.0
2016-07-28,PHU BAI,16.402,107.703,3.07,28.55,33.08,26.12,22.78,29.44,73.07,17.75,98.81,2.69,103.3,19.98,37.93,0.53,0.49,85.05
2016-07-29,PHU BAI,16.402,107.703,0.73,28.77,33.26,25.71,23.38,29.34,74.56,18.35,98.87,3.1,119.3,21.98,37.6,0.5,0.49,75.63
2016-07-30,PHU BAI,16.402,107.703,0.37,28.84,32.95,25.24,23.09,29.43,72.5,18.01,98.82,2.22,68.4,23.17,37.58,0.49,0.49,55.57
2016-07-31,PHU BAI,16.402,107.703,0.26,29.4,34.06,25.69,22.27,30.29,67.06,17.19,98.62,2.86,7.1,24.98,37.09,0.48,0.48,67.25
2016-08-01,PHU BAI,16.402,107.703,1.28,30.24,35.05,26.43,23.97,30.98,71.41,19.18,98.36,2.67,302.1,21.32,37.21,0.48,0.48,97.09
2016-08-02,PHU BAI,16.402,107.703,3.64,28.9,33.48,25.58,23.79,28.79,75.31,18.91,98.21,3.98,239.4,21.12,37.02,0.53,0.48,96.54
2016-08-03,PHU BAI,16.402,107.703,3.69,29.25,33.89,26.17,24.16,29.53,75.72,19.32,98.43,2.17,175.6,19.69,37.52,0.53,0.49,96.0
2016-08-04,PHU BAI,16.402,107.703,17.68,28.75,32.81,25.72,23.84,29.43,76.53,18.9,98.65,2.3,117.1,19.5,38.07,0.59,0.5,83.38
2016-08-05,PHU BAI,16.402,107.703,9.17,28.18,31.3,26.0,24.44,28.34,80.72,19.52,98.81,2.01,106.2,21.25,38.09,0.66,0.53,55.88
2016-08-06,PHU BAI,16.402,107.703,0.59,29.02,32.53,26.06,23.78,29.38,74.31,18.79,98.66,2.43,245.2,23.75,37.68,0.56,0.52,46.88
2016-08-07,PHU BAI,16.402,107.703,2.09,30.32,34.93,26.45,24.38,30.74,72.17,19.54,98.55,2.02,213.5,23.59,37.4,0.54,0.51,63.59
2016-08-08,PHU BAI,16.402,107.703,1.41,29.94,34.13,26.5,24.19,29.94,72.4,19.31,98.56,3.02,239.6,23.38,37.82,0.53,0.51,58.04
2016-08-09,PHU BAI,16.402,107.703,0.18,30.29,35.04,26.69,23.4,30.46,67.8,18.42,98.44,4.21,247.1,23.91,37.61,0.5,0.5,64.75
2016-08-10,PHU BAI,16.402,107.703,5.72,29.33,32.93,26.22,23.77,29.43,73.45,18.84,98.42,4.22,246.4,22.15,37.75,0.54,0.5,81.4
2016-08-11,PHU BAI,16.402,107.703,5.03,28.89,32.26,25.57,24.89,28.93,79.75,20.15,98.43,2.29,241.5,22.97,38.05,0.58,0.51,76.59
2016-08-12,PHU BAI,16.402,107.703,2.75,28.37,32.33,25.95,23.98,28.52,77.81,19.07,98.36,4.03,245.8,15.42,37.87,0.55,0.51,98.89
2016-08-13,PHU BAI,16.402,107.703,3.36,29.31,33.91,26.06,23.82,29.42,73.75,18.94,98.16,5.33,251.8,14.91,38.17,0.54,0.51,99.84
2016-08-14,PHU BAI,16.402,107.703,4.69,29.2,33.73,26.52,23.73,29.11,73.58,18.85,98.07,5.28,246.8,14.5,38.2,0.55,0.51,99.6
2016-08-15,PHU BAI,16.402,107.703,2.63,28.96,33.39,26.07,22.99,28.96,71.44,18.02,98.12,5.76,247.3,16.97,38.1,0.53,0.5,97.5
2016-08-16,PHU BAI,16.402,107.703,2.47,29.22,32.96,26.77,22.41,29.25,67.71,17.41,98.16,7.8,251.0,11.07,38.31,0.51,0.5,99.24
2016-08-17,PHU BAI,16.402,107.703,0.87,28.78,31.06,27.27,22.31,28.7,69.02,17.37,98.03,8.39,253.7,11.08,37.71,0.5,0.49,99.62
2016-08-18,PHU BAI,16.402,107.703,12.4,28.27,29.79,27.1,23.34,27.92,74.87,18.48,97.72,8.96,246.2,8.51,37.23,0.59,0.51,99.25
2016-08-19,PHU BAI,16.402,107.703,2.58,28.77,32.71,25.8,23.28,28.37,73.15,18.33,98.1,5.13,219.7,12.89,37.59,0.56,0.51,96.8
2016-08-20,PHU BAI,16.402,107.703,3.3,29.69,34.51,25.1,23.65,29.72,71.81,18.71,98.54,2.69,237.7,23.42,38.01,0.53,0.5,43.78
2016-08-21,PHU BAI,16.402,107.703,22.3,29.28,33.89,26.09,24.79,29.48,78.33,20.04,98.49,2.6,284.0,21.99,37.97,0.68,0.52,73.54
2016-08-22,PHU BAI,16.402,107.703,13.04,27.72,30.18,25.64,25.1,27.85,85.94,20.38,98.47,2.33,303.9,16.81,38.23,0.69,0.55,84.94
2016-08-23,PHU BAI,16.402,107.703,23.78,27.17,29.38,25.57,24.76,27.52,86.82,19.96,98.47,2.38,39.8,19.75,37.93,0.72,0.57,89.51
2016-08-24,PHU BAI,16.402,107.703,14.31,27.38,29.94,25.3,24.61,27.88,85.31,19.79,98.49,2.64,26.5,16.04,37.65,0.72,0.6,98.27
2016-08-25,PHU BAI,16.402,107.703,5.62,27.63,30.44,25.87,24.54,28.11,83.7,19.66,98.65,2.46,30.6,17.98,37.87,0.67,0.59,93.24
2016-08-26,PHU BAI,16.402,107.703,5.63,28.77,32.15,26.57,25.15,29.0,81.63,20.4,98.73,2.45,270.9,21.2,37.91,0.63,0.57,80.86
2016-08-27,PHU BAI,16.402,107.703,5.2,28.23,31.6,25.05,25.29,28.35,84.56,20.56,98.8,2.44,266.5,21.37,37.13,0.65,0.57,78.98
2016-08-28,PHU BAI,16.402,107.703,13.01,27.4,29.59,25.54,24.39,27.53,83.94,19.48,98.79,3.02,268.0,19.86,37.69,0.68,0.57,81.71
2016-08-29,PHU BAI,16.402,107.703,11.0,27.51,29.97,25.61,24.24,27.88,82.7,19.28,98.85,1.79,81.5,16.13,37.57,0.71,0.59,91.92
2016-08-30,PHU BAI,16.402,107.703,1.77,27.99,30.62,25.62,24.02,27.75,79.49,19.02,98.9,1.67,192.0,19.84,37.62,0.64,0.58,81.1
2016-08-31,PHU BAI,16.402,107.703,1.2,28.44,31.77,25.64,24.37,28.29,79.1,19.43,98.83,3.2,235.2,18.71,37.67,0.61,0.57,92.07
2016-09-01,PHU BAI,16.402,107.703,0.29,28.73,32.78,26.26,23.88,28.45,75.81,18.92,98.58,4.81,246.1,14.73,37.72,0.59,0.55,99.24
2016-09-02,PHU BAI,16.402,107.703,0.87,28.93,32.66,26.22,24.42,28.78,77.58,19.56,98.51,3.77,245.5,19.04,37.72,0.58,0.54,99.05
2016-09-03,PHU BAI,16.402,107.703,0.36,28.42,32.23,25.72,23.91,28.19,77.36,18.95,98.63,3.83,243.4,19.34,37.69,0.57,0.53,95.61
2016-09-04,PHU BAI,16.402,107.703,9.38,28.4,31.24,25.65,24.53,28.32,80.21,19.65,98.69,2.91,270.1,19.48,37.92,0.61,0.53,95.66
2016-09-05,PHU BAI,16.402,107.703,21.73,27.34,29.78,25.36,24.8,27.84,86.28,19.96,98.71,1.66,322.2,9.35,37.4,0.75,0.57,98.83
2016-09-06,PHU BAI,16.402,107.703,9.8,27.77,30.41,25.77,24.74,27.8,83.99,19.88,98.74,2.08,224.4,18.0,37.72,0.69,0.58,93.62
2016-09-07,PHU BAI,16.402,107.703,6.42,28.09,31.5,25.17,24.02,28.0,79.22,19.04,98.82,1.49,219.1,16.38,37.16,0.67,0.58,97.94
2016-09-08,PHU BAI,16.402,107.703,6.44,28.19,31.3,25.87,24.03,28.22,78.75,19.02,98.92,2.03,187.7,20.66,37.17,0.67,0.58,86.7
2016-09-09,PHU BAI,16.402,107.703,3.0,28.5,32.1,25.77,24.61,28.64,80.09,19.71,98.84,2.13,233.0,22.34,37.3,0.64,0.58,78.34
2016-09-10,PHU BAI,16.402,107.703,9.5,28.05,30.18,26.29,24.54,27.88,81.52,19.66,98.71,1.96,213.5,20.87,37.83,0.68,0.58,91.76
2016-09-11,PHU BAI,16.402,107.703,19.28,27.54,29.23,26.25,25.01,27.75,86.3,20.22,98.72,2.54,46.5,12.81,37.71,0.71,0.59,90.89
2016-09-12,PHU BAI,16.402,107.703,101.93,27.43,28.41,26.7,25.71,27.45,90.31,21.11,98.56,6.74,37.7,2.86,37.65,0.92,0.66,99.45
2016-09-13,PHU BAI,16.402,107.703,74.29,26.5,27.43,25.3,24.73,26.31,90.06,19.92,98.56,7.17,96.6,14.93,37.55,0.92,0.78,91.59
2016-09-14,PHU BAI,16.402,107.703,15.18,27.49,30.34,25.08,24.08,27.58,82.18,19.1,98.8,2.45,301.3,21.05,36.84,0.82,0.78,80.32
2016-09-15,PHU BAI,16.402,107.703,2.23,27.53,30.63,25.3,24.51,27.69,84.05,19.6,98.76,2.64,327.6,21.87,37.22,0.76,0.74,55.66
2016-09-16,PHU BAI,16.402,107.703,0.8,26.88,29.39,24.28,23.75,26.96,83.5,18.74,98.75,2.66,319.4,20.65,36.93,0.73,0.7,59.28
2016-09-17,PHU BAI,16.402,107.703,6.97,27.37,29.74,25.91,24.69,27.71,85.65,19.81,98.82,2.61,349.1,18.95,37.13,0.72,0.67,79.26
2016-09-18,PHU BAI,16.402,107.703,9.71,27.02,29.1,25.53,24.32,27.1,85.26,19.36,98.83,1.63,38.7,17.55,37.18,0.75,0.67,84.73
2016-09-19,PHU BAI,16.402,107.703,11.94,27.21,29.52,25.45,24.24,27.55,84.09,19.27,98.87,2.74,60.2,18.5,37.56,0.75,0.67,77.26
2016-09-20,PHU BAI,16.402,107.703,111.66,27.12,28.91,26.25,24.49,27.51,85.79,19.53,99.02,3.79,23.8,14.12,37.18,0.91,0.71,99.14
2016-09-21,PHU BAI,16.402,107.703,151.01,26.34,28.09,25.23,24.83,26.41,91.36,19.93,99.08,4.23,59.2,2.87,37.06,0.98,0.85,98.74
2016-09-22,PHU BAI,16.402,107.703,57.44,26.14,27.89,25.11,24.53,26.41,90.92,19.58,99.02,3.33,65.5,4.33,36.84,0.93,0.9,99.34
2016-09-23,PHU BAI,16.402,107.703,10.54,26.6,29.68,25.14,24.33,26.92,87.81,19.38,98.87,3.85,102.3,12.11,37.17,0.85,0.85,99.0
2016-09-24,PHU BAI,16.402,107.703,11.27,26.55,28.59,25.0,24.58,26.73,89.06,19.68,98.84,3.73,105.2,12.51,37.08,0.84,0.81,98.66
2016-09-25,PHU BAI,16.402,107.703,2.21,26.18,28.42,24.66,24.08,26.41,88.38,19.07,98.95,2.48,95.6,17.52,36.82,0.79,0.78,92.76
2016-09-26,PHU BAI,16.402,107.703,7.07,26.47,28.21,24.95,24.42,26.86,88.65,19.47,98.92,1.98,78.0,17.21,37.47,0.8,0.75,70.76
2016-09-27,PHU BAI,16.402,107.703,2.06,27.33,31.24,24.54,23.41,27.59,79.89,18.34,98.77,2.35,97.9,22.6,36.93,0.77,0.74,54.44
2016-09-28,PHU BAI,16.402,107.703,1.19,28.13,31.58,25.49,24.49,28.05,81.24,19.62,98.65,2.52,307.6,22.27,37.01,0.75,0.72,59.97
2016-09-29,PHU BAI,16.402,107.703,7.84,26.93,29.09,25.38,24.62,26.78,87.22,19.75,98.74,3.14,335.8,15.49,37.09,0.78,0.73,96.1
2016-09-30,PHU BAI,16.402,107.703,6.78,26.4,28.63,24.51,24.09,26.66,87.19,19.1,98.85,3.36,0.9,11.65,36.61,0.78,0.73,97.67
2016-10-01,PHU BAI,16.402,107.703,4.61,25.72,27.6,24.5,23.21,26.1,86.23,18.07,99.02,3.4,350.0,13.36,36.65,0.77,0.73,83.12
2016-10-02,PHU BAI,16.402,107.703,1.23,26.08,28.26,24.68,23.87,26.58,87.81,18.81,98.95,3.99,0.3,13.24,36.99,0.75,0.72,90.1
2016-10-03,PHU BAI,16.402,107.703,2.51,26.25,28.16,25.03,23.96,26.59,87.36,18.94,98.85,2.75,31.9,10.85,37.09,0.75,0.72,94.75
2016-10-04,PHU BAI,16.402,107.703,3.41,26.01,27.48,24.97,24.27,26.22,90.16,19.31,98.83,2.49,49.6,14.56,37.14,0.76,0.72,94.19
2016-10-05,PHU BAI,16.402,107.703,10.16,26.17,27.65,25.04,24.18,26.19,88.76,19.2,98.86,2.8,48.4,12.39,36.99,0.78,0.72,96.4
2016-10-06,PHU BAI,16.402,107.703,35.16,26.07,27.8,24.89,24.28,26.36,89.9,19.29,98.96,2.46,27.1,5.83,36.88,0.87,0.76,99.27
2016-10-07,PHU BAI,16.402,107.703,21.23,26.0,27.68,24.34,23.78,25.88,87.67,18.72,99.01,2.18,335.8,13.73,36.69,0.85,0.78,97.21
2016-10-08,PHU BAI,16.402,107.703,20.28,26.32,28.91,24.12,23.99,26.63,87.4,18.96,99.02,2.72,332.4,12.62,36.64,0.86,0.79,94.0
2016-10-09,PHU BAI,16.402,107.703,8.41,26.62,29.06,24.94,23.93,26.7,85.32,18.89,98.98,2.65,2.5,17.57,36.36,0.82,0.78,56.61
2016-10-10,PHU BAI,16.402,107.703,6.38,26.64,29.49,24.71,23.56,26.99,83.66,18.46,98.97,2.52,20.0,17.33,36.43,0.8,0.77,66.23
2016-10-11,PHU BAI,16.402,107.703,24.27,26.27,28.99,24.4,23.64,26.53,85.5,18.56,98.99,3.16,38.9,12.56,37.1,0.86,0.78,81.67
2016-10-12,PHU BAI,16.402,107.703,31.92,26.29,28.27,25.06,24.04,26.61,87.67,19.02,98.92,4.49,11.3,11.4,37.18,0.89,0.8,97.71
2016-10-13,PHU BAI,16.402,107.703,188.69,25.94,27.08,25.21,24.65,25.94,92.52,19.77,98.75,5.29,25.4,4.77,36.64,0.97,0.85,98.96
2016-10-14,PHU BAI,16.402,107.703,90.5,26.27,27.81,25.65,25.04,26.2,92.89,20.24,98.74,5.05,94.4,13.22,36.75,0.97,0.92,99.01
2016-10-15,PHU BAI,16.402,107.703,45.73,25.96,27.06,25.2,24.72,25.88,92.8,19.81,98.98,4.19,74.7,9.17,36.66,0.94,0.92,99.12
2016-10-16,PHU BAI,16.402,107.703,17.69,25.74,28.03,23.99,23.76,25.8,88.88,18.69,99.0,4.54,38.3,11.75,36.5,0.92,0.91,91.67
2016-10-17,PHU BAI,16.402,107.703,3.17,26.09,28.38,24.5,23.86,26.28,87.72,18.85,98.76,5.54,325.1,11.77,36.5,0.88,0.88,99.33
2016-10-18,PHU BAI,16.402,107.703,1.46,25.18,27.24,23.6,22.89,25.05,87.19,17.82,98.59,5.29,284.9,7.1,36.01,0.87,0.87,99.26
2016-10-19,PHU BAI,16.402,107.703,0.01,26.71,30.39,23.88,23.21,26.83,82.14,18.17,98.66,2.48,126.1,12.81,37.0,0.86,0.86,70.79
2016-10-20,PHU BAI,16.402,107.703,0.03,27.14,30.1,24.91,24.09,27.05,83.74,19.15,98.59,2.07,270.6,17.65,36.96,0.85,0.85,82.75
2016-10-21,PHU BAI,16.402,107.703,0.03,27.1,29.53,24.97,24.33,26.93,85.08,19.41,98.71,2.28,273.6,17.82,36.59,0.85,0.85,91.98
2016-10-22,PHU BAI,16.402,107.703,0.67,27.49,30.9,25.0,24.3,27.44,83.25,19.37,98.83,2.07,144.0,19.09,36.97,0.85,0.84,79.47
2016-10-23,PHU BAI,16.402,107.703,6.33,26.88,30.18,23.94,23.69,27.1,83.39,18.64,98.9,2.6,109.6,16.94,36.98,0.86,0.84,76.08
2016-10-24,PHU BAI,16.402,107.703,24.52,25.89,28.18,24.23,23.62,26.41,87.53,18.54,98.94,3.04,101.1,15.18,36.79,0.9,0.86,81.19
2016-10-25,PHU BAI,16.402,107.703,11.64,26.32,28.43,24.93,24.42,26.36,89.53,19.43,99.14,3.99,117.0,14.86,36.4,0.88,0.87,80.08
2016-10-26,PHU BAI,16.402,107.703,15.78,26.01,28.46,24.37,24.01,26.19,88.92,18.9,99.41,3.54,104.6,12.28,36.3,0.89,0.87,56.72
2016-10-27,PHU BAI,16.402,107.703,7.92,25.21,27.92,23.12,22.59,25.26,85.47,17.35,99.5,2.61,90.2,17.87,35.23,0.89,0.88,33.56
2016-10-28,PHU BAI,16.402,107.703,0.76,25.68,28.31,23.86,23.26,26.19,86.74,18.05,99.41,2.64,70.8,17.69,36.03,0.86,0.86,61.21
2016-10-29,PHU BAI,16.402,107.703,15.38,25.97,27.76,24.83,23.78,26.29,87.83,18.62,99.45,4.26,69.2,16.06,36.15,0.88,0.86,85.5
2016-10-30,PHU BAI,16.402,107.703,39.36,25.9,28.01,24.8,24.36,25.85,91.31,19.29,99.49,5.07,80.6,10.88,36.41,0.93,0.89,94.93
2016-10-31,PHU BAI,16.402,107.703,59.53,26.02,27.17,25.26,24.87,25.9,93.28,19.87,99.5,5.72,66.8,13.47,36.6,0.96,0.92,89.78
2016-11-01,PHU BAI,16.402,107.703,41.7,25.18,26.28,24.44,23.67,25.05,91.22,18.46,99.57,6.87,53.3,5.18,36.59,0.96,0.95,98.92
2016-11-02,PHU BAI,16.402,107.703,13.59,24.58,26.32,23.2,22.35,24.61,87.38,17.03,99.67,7.38,52.0,7.02,36.44,0.93,0.95,98.67
2016-11-03,PHU BAI,16.402,107.703,3.28,23.56,25.33,22.5,21.14,23.82,86.33,15.8,99.59,5.34,37.5,8.23,36.29,0.91,0.94,97.02
2016-11-04,PHU BAI,16.402,107.703,1.48,23.52,25.19,22.11,21.23,23.71,86.92,15.94,99.32,3.84,56.0,9.47,35.4,0.91,0.93,97.47
2016-11-05,PHU BAI,16.402,107.703,4.7,24.95,27.55,23.73,22.85,25.24,88.42,17.66,99.12,3.77,83.2,12.22,36.42,0.91,0.92,76.96
2016-11-06,PHU BAI,16.402,107.703,27.85,25.61,27.13,24.34,24.44,25.55,93.23,19.43,99.21,5.49,86.3,7.96,37.15,0.94,0.93,91.22
2016-11-07,PHU BAI,16.402,107.703,34.01,25.76,27.81,24.39,24.3,25.84,91.75,19.25,99.33,4.97,91.4,12.37,36.84,0.95,0.95,64.54
2016-11-08,PHU BAI,16.402,107.703,47.79,25.67,27.65,23.93,24.09,25.55,90.93,18.98,99.46,5.26,90.8,11.19,36.89,0.97,0.97,74.65
2016-11-09,PHU BAI,16.402,107.703,9.52,24.82,27.31,23.06,22.65,24.87,87.93,17.35,99.63,4.95,56.7,13.18,36.66,0.94,0.97,82.79
2016-11-10,PHU BAI,16.402,107.703,4.32,23.21,25.74,21.93,21.56,23.85,90.45,16.22,99.71,5.5,14.0,6.52,35.75,0.93,0.96,84.03
2016-11-11,PHU BAI,16.402,107.703,5.03,23.93,25.51,23.04,22.41,24.33,91.23,17.1,99.61,3.93,49.4,6.18,36.11,0.93,0.96,82.01
2016-11-12,PHU BAI,16.402,107.703,18.22,24.8,27.31,23.0,23.25,24.93,91.31,18.02,99.55,3.72,96.8,13.21,36.03,0.94,0.95,50.55
2016-11-13,PHU BAI,16.402,107.703,42.0,24.8,27.77,22.3,23.13,24.98,90.66,17.92,99.48,3.07,106.4,17.44,35.48,0.96,0.97,30.44
2016-11-14,PHU BAI,16.402,107.703,26.56,24.75,27.71,22.45,22.71,24.89,88.59,17.47,99.44,3.13,94.3,20.08,34.18,0.95,0.98,16.78
2016-11-15,PHU BAI,16.402,107.703,0.17,24.39,27.07,22.28,21.7,24.37,85.12,16.39,99.51,2.98,73.6,18.64,34.16,0.93,0.97,22.08
2016-11-16,PHU BAI,16.402,107.703,2.4,24.64,26.93,23.04,21.79,24.63,84.3,16.47,99.51,3.46,69.5,17.71,35.14,0.93,0.96,43.11
2016-11-17,PHU BAI,16.402,107.703,27.32,25.03,27.0,24.08,23.29,25.17,90.1,18.09,99.32,4.47,36.8,7.18,36.89,0.95,0.96,87.16
2016-11-18,PHU BAI,16.402,107.703,14.06,24.85,27.05,23.12,23.5,25.04,92.26,18.37,99.14,3.02,67.7,8.24,36.53,0.95,0.97,68.77
2016-11-19,PHU BAI,16.402,107.703,7.97,25.16,27.87,23.26,23.38,25.28,90.17,18.24,99.15,2.52,87.1,12.5,36.89,0.94,0.97,84.24
2016-11-20,PHU BAI,16.402,107.703,9.84,25.21,27.52,23.75,23.66,25.27,91.24,18.55,99.12,2.57,77.5,12.88,36.77,0.94,0.97,89.55
2016-11-21,PHU BAI,16.402,107.703,4.74,25.43,27.74,23.96,23.89,25.55,91.37,18.83,99.06,2.35,47.9,12.17,36.66,0.93,0.96,55.26
2016-11-22,PHU BAI,16.402,107.703,8.45,25.47,27.77,23.88,23.98,25.61,91.53,18.92,99.11,2.62,54.1,13.03,36.8,0.93,0.96,59.71
2016-11-23,PHU BAI,16.402,107.703,34.32,25.41,27.93,23.38,23.68,25.58,90.18,18.55,99.3,3.94,39.7,9.75,37.01,0.95,0.97,88.66
2016-11-24,PHU BAI,16.402,107.703,42.44,23.42,25.34,22.6,22.13,23.81,92.45,16.87,99.3,5.81,2.6,4.19,36.47,0.97,0.99,86.57
2016-11-25,PHU BAI,16.402,107.703,15.82,23.9,25.66,23.08,22.79,24.26,93.44,17.57,99.24,5.38,1.8,5.51,36.1,0.96,0.98,66.7
2016-11-26,PHU BAI,16.402,107.703,19.39,21.63,25.01,20.22,19.95,22.3,90.12,14.77,99.55,7.56,356.4,4.46,35.05,0.96,0.98,86.45
2016-11-27,PHU BAI,16.402,107.703,3.03,20.55,22.26,19.29,18.29,21.27,86.86,13.23,99.67,4.49,351.3,2.87,35.84,0.95,0.98,95.43
2016-11-28,PHU BAI,16.402,107.703,1.4,22.28,24.49,21.06,20.24,22.82,88.32,14.93,99.76,3.78,31.2,5.96,36.15,0.94,0.97,96.21
2016-11-29,PHU BAI,16.402,107.703,16.8,23.05,24.64,22.31,21.43,23.33,90.56,16.05,99.81,5.75,33.2,4.77,36.26,0.95,0.97,97.32
2016-11-30,PHU BAI,16.402,107.703,52.84,22.05,23.55,20.83,20.47,22.44,90.66,15.11,99.96,6.82,16.7,3.38,35.49,0.97,0.98,94.31
2016-12-01,PHU BAI,16.402,107.703,23.05,21.3,22.3,20.75,18.98,21.54,86.57,13.77,99.95,4.93,21.3,2.16,35.01,0.97,0.99,92.53
2016-12-02,PHU BAI,16.402,107.703,51.18,22.68,23.55,21.63,21.09,22.82,90.7,15.72,99.82,5.37,29.0,3.21,35.7,0.98,0.99,97.94
2016-12-03,PHU BAI,16.402,107.703,41.3,23.71,25.16,22.57,22.53,23.68,93.04,17.2,99.71,5.39,45.2,4.29,35.96,0.98,0.99,94.39
2016-12-04,PHU BAI,16.402,107.703,8.72,23.26,25.39,21.83,21.7,23.32,90.9,16.36,99.63,4.32,28.6,5.62,35.68,0.97,0.99,94.93
2016-12-05,PHU BAI,16.402,107.703,10.6,23.07,25.22,21.9,21.52,23.17,90.99,16.18,99.71,4.48,29.2,6.92,35.98,0.96,0.98,97.88
2016-12-06,PHU BAI,16.402,107.703,7.93,22.83,24.51,21.76,20.84,22.74,88.54,15.49,99.71,5.16,31.5,4.53,35.74,0.96,0.98,99.33
2016-12-07,PHU BAI,16.402,107.703,25.07,22.3,23.65,21.52,20.78,22.48,91.02,15.46,99.57,5.5,21.8,2.92,35.72,0.96,0.98,99.2
2016-12-08,PHU BAI,16.402,107.703,7.35,21.47,23.3,20.12,18.51,21.33,83.16,13.46,99.47,3.72,17.0,3.2,35.58,0.96,0.98,95.96
2016-12-09,PHU BAI,16.402,107.703,0.3,21.41,24.06,19.3,17.68,21.2,79.28,12.79,99.4,2.36,58.3,6.8,34.43,0.95,0.98,81.82
2016-12-10,PHU BAI,16.402,107.703,0.15,21.62,24.1,19.98,18.52,21.71,82.78,13.46,99.4,2.96,13.0,10.23,34.84,0.94,0.97,93.9
2016-12-11,PHU BAI,16.402,107.703,5.2,22.99,24.49,21.65,21.95,23.06,93.9,16.7,99.2,3.93,45.1,4.59,35.94,0.94,0.97,97.68
2016-12-12,PHU BAI,16.402,107.703,18.02,23.7,26.0,22.4,22.65,23.61,93.92,17.44,99.17,3.65,68.8,7.24,36.04,0.95,0.97,99.25
2016-12-13,PHU BAI,16.402,107.703,55.07,24.44,25.98,23.68,23.55,24.35,94.68,18.4,99.19,5.29,51.9,3.13,36.03,0.97,0.98,99.72
2016-12-14,PHU BAI,16.402,107.703,72.4,23.61,25.14,22.62,22.69,23.51,94.46,17.45,99.37,6.92,54.6,3.59,36.26,0.98,0.99,99.44
2016-12-15,PHU BAI,16.402,107.703,110.77,21.57,23.12,19.94,20.3,21.85,92.37,15.0,99.75,7.74,33.9,3.0,34.97,0.99,1.0,99.2
2016-12-16,PHU BAI,16.402,107.703,26.39,19.37,20.6,18.69,17.61,19.93,89.44,12.61,100.04,5.7,25.9,3.25,33.74,0.98,1.0,94.54
2016-12-17,PHU BAI,16.402,107.703,4.07,21.01,22.36,19.97,19.23,21.12,89.55,14.0,99.84,4.23,53.5,4.54,35.13,0.98,0.99,97.29
2016-12-18,PHU BAI,16.402,107.703,3.56,22.18,23.66,21.2,20.99,22.16,93.03,15.65,99.69,3.91,46.2,5.28,35.41,0.97,0.99,88.03
2016-12-19,PHU BAI,16.402,107.703,4.05,23.06,25.09,21.67,22.0,22.94,93.85,16.7,99.5,3.46,75.8,6.49,35.87,0.96,0.99,78.32
2016-12-20,PHU BAI,16.402,107.703,3.39,23.32,25.74,21.73,22.14,23.13,93.23,16.87,99.43,3.44,90.1,10.39,35.42,0.96,0.98,63.13
2016-12-21,PHU BAI,16.402,107.703,2.08,23.21,25.83,21.31,21.95,23.19,92.78,16.65,99.52,2.91,64.5,10.91,35.8,0.95,0.98,66.84
2016-12-22,PHU BAI,16.402,107.703,8.07,22.65,25.25,21.13,21.32,22.85,92.17,16.01,99.58,4.5,24.2,6.83,36.21,0.95,0.98,92.45
2016-12-23,PHU BAI,16.402,107.703,8.15,22.52,24.32,21.49,20.99,22.56,91.1,15.67,99.55,4.08,45.1,6.89,36.38,0.95,0.97,96.24
2016-12-24,PHU BAI,16.402,107.703,10.04,22.88,25.08,21.23,21.85,22.79,93.93,16.55,99.47,3.89,71.2,5.36,35.68,0.95,0.98,80.49
2016-12-25,PHU BAI,16.402,107.703,0.34,22.53,25.63,20.28,21.06,22.26,91.68,15.8,99.49,2.74,102.4,10.86,34.33,0.94,0.97,76.37
2016-12-26,PHU BAI,16.402,107.703,5.93,22.59,25.02,20.61,20.9,22.59,90.3,15.58,99.61,3.35,52.3,14.03,33.99,0.93,0.96,77.36
2016-12-27,PHU BAI,16.402,107.703,30.96,19.82,22.01,17.84,17.55,20.1,86.68,12.63,99.81,6.95,19.4,4.68,34.06,0.96,0.97,98.56
2016-12-28,PHU BAI,16.402,107.703,10.64,19.12,20.57,18.32,16.54,19.64,85.09,11.79,99.94,4.41,22.5,4.55,33.5,0.95,0.98,98.36
2016-12-29,PHU BAI,16.402,107.703,6.44,18.66,20.29,17.79,16.25,19.16,85.82,11.57,100.05,4.46,27.9,3.69,33.54,0.94,0.97,97.85
2016-12-30,PHU BAI,16.402,107.703,13.26,19.61,20.54,19.05,18.08,20.16,90.85,13.01,99.96,4.62,17.9,4.03,34.48,0.95,0.97,97.37
2016-12-31,PHU BAI,16.402,107.703,31.52,21.52,22.4,20.91,20.45,21.73,93.54,15.11,99.8,5.16,32.2,3.05,34.74,0.96,0.98,87.24
2017-01-01,PHU BAI,16.402,107.703,12.83,22.58,24.7,21.22,21.44,22.54,93.26,16.09,99.75,4.89,58.8,3.31,35.69,0.95,0.98,89.05
2017-01-02,PHU BAI,16.402,107.703,7.45,22.55,24.56,20.76,21.37,22.59,93.02,16.02,99.74,4.86,54.8,4.77,35.93,0.95,0.98,93.02
2017-01-03,PHU BAI,16.402,107.703,1.65,21.79,24.09,20.26,20.19,21.68,90.71,14.91,99.63,4.27,75.3,13.28,34.91,0.94,0.97,74.49
2017-01-04,PHU BAI,16.402,107.703,3.91,21.83,24.01,20.12,20.4,21.76,91.62,15.12,99.5,3.97,66.6,6.75,35.56,0.94,0.97,96.61
2017-01-05,PHU BAI,16.402,107.703,2.84,21.9,24.44,20.18,20.5,22.0,91.87,15.22,99.46,3.12,54.5,9.12,35.04,0.93,0.96,84.6
2017-01-06,PHU BAI,16.402,107.703,0.42,22.09,24.45,20.51,20.77,22.22,92.34,15.5,99.33,3.03,65.5,10.99,35.13,0.93,0.96,80.17
2017-01-07,PHU BAI,16.402,107.703,0.58,22.5,24.83,21.22,21.31,22.66,93.01,16.04,99.2,3.11,49.5,9.68,35.62,0.92,0.95,78.44
2017-01-08,PHU BAI,16.402,107.703,1.08,22.51,24.96,20.75,21.37,22.55,93.32,16.1,99.26,3.0,73.7,10.01,35.18,0.92,0.95,58.85
2017-01-09,PHU BAI,16.402,107.703,1.95,22.55,24.98,20.98,21.17,22.55,92.09,15.89,99.35,3.33,85.0,10.61,35.12,0.92,0.95,70.63
2017-01-10,PHU BAI,16.402,107.703,1.3,22.61,25.07,20.93,21.43,22.49,93.21,16.15,99.36,4.2,96.9,10.52,35.23,0.91,0.94,72.58
2017-01-11,PHU BAI,16.402,107.703,0.36,22.97,25.39,21.33,21.66,22.87,92.55,16.39,99.27,4.07,103.6,14.0,34.99,0.91,0.94,75.76
2017-01-12,PHU BAI,16.402,107.703,1.99,22.41,26.45,19.98,20.9,22.72,91.32,15.71,99.26,4.44,0.8,15.24,35.15,0.91,0.93,83.22
2017-01-13,PHU BAI,16.402,107.703,0.8,20.01,22.04,18.91,18.5,20.39,90.99,13.43,99.44,4.55,346.8,6.59,33.88,0.9,0.93,87.56
2017-01-14,PHU BAI,16.402,107.703,2.05,20.82,22.46,20.01,19.53,21.19,92.31,14.31,99.54,4.12,1.7,6.59,34.43,0.9,0.92,86.67
2017-01-15,PHU BAI,16.402,107.703,6.5,21.63,23.41,20.62,20.65,21.87,94.12,15.34,99.56,5.17,3.3,6.24,35.33,0.91,0.93,91.19
2017-01-16,PHU BAI,16.402,107.703,2.75,22.24,24.4,20.75,21.22,22.26,93.94,15.9,99.53,4.24,59.2,5.7,35.63,0.9,0.92,84.03
2017-01-17,PHU BAI,16.402,107.703,0.34,21.83,24.69,19.83,20.4,21.66,91.84,15.1,99.73,3.81,91.6,7.59,34.74,0.9,0.92,91.26
2017-01-18,PHU BAI,16.402,107.703,0.09,21.59,24.52,19.39,20.13,21.38,91.72,14.82,99.85,2.98,74.4,13.5,34.33,0.89,0.91,69.65
2017-01-19,PHU BAI,16.402,107.703,1.12,21.47,24.42,19.52,19.69,21.31,89.87,14.43,99.82,3.11,60.0,15.15,34.24,0.89,0.91,65.5
2017-01-20,PHU BAI,16.402,107.703,6.58,21.91,24.59,20.02,20.07,21.97,89.45,14.76,99.89,4.5,65.5,11.4,35.19,0.9,0.91,91.38
2017-01-21,PHU BAI,16.402,107.703,10.85,21.36,23.28,20.12,19.65,21.45,89.96,14.32,100.14,5.66,55.1,9.74,34.76,0.9,0.91,86.46
2017-01-22,PHU BAI,16.402,107.703,6.73,19.8,22.27,18.28,17.62,20.13,87.28,12.61,100.18,5.23,55.6,7.09,35.1,0.9,0.91,97.31
2017-01-23,PHU BAI,16.402,107.703,5.52,20.06,22.26,19.08,17.85,20.42,87.22,12.8,100.07,4.32,42.8,7.99,34.52,0.9,0.91,98.14
2017-01-24,PHU BAI,16.402,107.703,23.46,21.39,22.98,20.67,20.07,21.62,92.18,14.73,100.0,5.17,41.3,3.63,35.13,0.92,0.92,91.1
2017-01-25,PHU BAI,16.402,107.703,27.49,21.34,23.13,19.82,19.98,21.32,91.91,14.65,100.09,5.55,52.9,5.6,35.25,0.94,0.94,97.35
2017-01-26,PHU BAI,16.402,107.703,2.48,20.29,22.85,18.02,17.72,20.26,85.32,12.72,100.05,4.57,78.5,12.1,33.63,0.91,0.94,64.75
2017-01-27,PHU BAI,16.402,107.703,0.46,19.21,22.34,17.05,16.09,18.94,82.3,11.48,99.89,4.22,82.6,16.85,31.45,0.9,0.93,36.89
2017-01-28,PHU BAI,16.402,107.703,0.0,19.48,23.07,15.99,15.8,19.34,80.0,11.31,99.61,2.8,89.8,19.55,31.22,0.9,0.92,49.56
2017-01-29,PHU BAI,16.402,107.703,0.02,20.89,25.03,18.69,17.68,20.43,82.74,12.74,99.58,1.73,66.9,19.87,31.48,0.89,0.91,59.41
2017-01-30,PHU BAI,16.402,107.703,0.03,20.43,23.4,18.47,17.81,20.51,85.17,12.83,99.68,2.72,32.1,14.84,32.17,0.89,0.91,65.48
2017-01-31,PHU BAI,16.402,107.703,3.64,20.71,23.18,19.25,18.64,21.0,88.25,13.51,99.69,3.18,32.4,15.71,34.36,0.89,0.9,80.18
2017-02-01,PHU BAI,16.402,107.703,7.53,21.68,23.48,20.51,20.4,21.7,92.36,15.06,99.8,5.38,58.6,5.54,35.25,0.9,0.91,99.3
2017-02-02,PHU BAI,16.402,107.703,4.07,21.3,23.39,20.07,19.88,21.32,91.64,14.59,99.78,4.57,66.5,7.32,34.82,0.89,0.9,99.19
2017-02-03,PHU BAI,16.402,107.703,3.42,21.36,23.36,20.05,20.18,21.38,93.1,14.9,99.58,3.68,68.3,7.23,35.03,0.89,0.9,80.2
2017-02-04,PHU BAI,16.402,107.703,0.95,21.68,24.59,19.56,20.42,21.44,92.63,15.16,99.42,2.28,51.5,14.06,33.87,0.88,0.9,58.84
2017-02-05,PHU BAI,16.402,107.703,0.08,20.32,23.96,16.06,17.66,20.16,84.77,12.8,99.43,2.45,352.5,19.61,30.43,0.88,0.89,18.1
2017-02-06,PHU BAI,16.402,107.703,0.0,19.3,24.26,15.14,15.91,19.46,82.21,11.42,99.4,2.76,124.6,22.14,29.06,0.88,0.89,5.57
2017-02-07,PHU BAI,16.402,107.703,0.01,20.6,24.87,17.34,18.35,20.46,87.69,13.38,99.35,2.77,124.7,22.6,30.51,0.87,0.88,15.7
2017-02-08,PHU BAI,16.402,107.703,6.7,21.81,25.58,19.78,19.74,21.98,88.63,14.53,99.5,3.18,49.2,20.08,32.36,0.88,0.88,30.15
2017-02-09,PHU BAI,16.402,107.703,13.33,18.66,20.63,17.2,16.88,19.36,89.41,12.08,99.79,4.87,4.7,6.27,34.29,0.9,0.89,95.57
2017-02-10,PHU BAI,16.402,107.703,17.34,18.87,21.27,17.5,16.83,19.66,87.98,12.01,99.98,4.08,25.7,4.15,34.66,0.9,0.89,99.2
2017-02-11,PHU BAI,16.402,107.703,22.41,18.12,20.26,16.77,16.03,18.91,87.63,11.38,100.29,4.33,29.5,4.73,34.04,0.92,0.91,98.73
2017-02-12,PHU BAI,16.402,107.703,7.91,17.8,19.95,16.2,15.51,18.32,86.48,11.01,100.33,3.76,40.2,4.62,33.8,0.9,0.92,97.67
2017-02-13,PHU BAI,16.402,107.703,0.64,18.62,21.33,16.99,16.15,18.99,85.7,11.46,100.35,4.2,68.6,5.37,34.13,0.89,0.91,91.91
2017-02-14,PHU BAI,16.402,107.703,1.2,19.93,22.43,18.4,18.05,20.15,89.15,12.94,100.33,4.89,65.3,11.23,34.83,0.89,0.9,94.68
2017-02-15,PHU BAI,16.402,107.703,0.48,19.45,22.7,17.18,17.16,19.37,86.81,12.26,100.15,4.7,87.1,11.48,32.65,0.88,0.89,60.03
2017-02-16,PHU BAI,16.402,107.703,0.0,19.46,22.74,17.27,17.09,19.48,86.79,12.22,99.91,3.48,92.1,21.28,30.61,0.88,0.89,20.73
2017-02-17,PHU BAI,16.402,107.703,0.02,20.05,23.23,17.87,17.71,20.38,86.89,12.7,99.96,3.22,75.3,20.69,31.53,0.87,0.88,31.57
2017-02-18,PHU BAI,16.402,107.703,0.05,20.02,22.88,18.07,18.1,20.37,89.04,13.03,99.95,3.43,66.0,15.07,31.82,0.87,0.88,37.54
2017-02-19,PHU BAI,16.402,107.703,0.0,20.59,24.15,18.35,18.67,21.01,89.18,13.57,99.43,3.11,106.8,19.14,32.3,0.87,0.87,33.31
2017-02-20,PHU BAI,16.402,107.703,0.01,23.48,28.12,20.66,20.22,23.11,83.11,15.02,99.19,2.37,131.0,18.18,32.83,0.86,0.86,6.25
2017-02-21,PHU BAI,16.402,107.703,0.02,24.05,28.08,21.36,21.98,23.84,88.94,16.71,99.3,2.74,120.0,19.02,35.58,0.86,0.86,37.8
2017-02-22,PHU BAI,16.402,107.703,0.04,24.7,28.44,22.03,22.53,24.43,88.36,17.28,99.29,2.33,122.2,17.45,36.42,0.86,0.85,64.91
2017-02-23,PHU BAI,16.402,107.703,1.41,22.8,26.19,20.51,21.64,22.89,93.23,16.37,99.54,3.4,28.7,11.93,36.83,0.86,0.85,87.26
2017-02-24,PHU BAI,16.402,107.703,4.93,20.45,23.88,18.9,19.33,20.86,93.21,14.13,99.81,4.75,15.8,5.04,35.55,0.86,0.85,95.71
2017-02-25,PHU BAI,16.402,107.703,2.48,19.34,21.66,17.69,17.9,20.03,91.34,12.89,99.79,4.41,11.6,6.85,35.01,0.86,0.85,97.68
2017-02-26,PHU BAI,16.402,107.703,2.17,18.79,21.17,17.57,16.97,19.75,89.24,12.13,99.88,4.04,22.6,5.62,34.59,0.86,0.85,97.16
2017-02-27,PHU BAI,16.402,107.703,1.44,19.66,22.06,18.5,17.98,20.34,90.14,12.93,99.92,3.85,51.9,5.62,35.17,0.85,0.85,99.06
2017-02-28,PHU BAI,16.402,107.703,0.34,20.44,23.33,18.46,18.7,20.71,90.07,13.55,99.76,3.93,73.2,10.22,35.06,0.85,0.84,86.34
2017-03-01,PHU BAI,16.402,107.703,1.68,20.39,23.47,18.38,18.37,20.87,88.55,13.25,99.88,3.93,39.6,14.87,34.53,0.85,0.84,79.54
2017-03-02,PHU BAI,16.402,107.703,1.6,19.75,23.04,17.21,17.86,20.22,89.06,12.87,99.69,3.61,68.0,6.88,34.92,0.85,0.84,88.28
2017-03-03,PHU BAI,16.402,107.703,0.0,20.07,24.26,16.69,17.84,20.22,87.91,12.95,99.33,4.0,123.1,21.94,31.63,0.84,0.83,23.69
2017-03-04,PHU BAI,16.402,107.703,0.0,21.39,26.16,18.2,17.76,20.87,80.76,12.94,99.13,3.39,139.4,23.89,31.38,0.84,0.83,6.55
2017-03-05,PHU BAI,16.402,107.703,0.0,23.28,27.7,20.27,17.7,22.06,72.13,12.98,99.05,2.6,137.4,23.37,32.45,0.83,0.82,11.88
2017-03-06,PHU BAI,16.402,107.703,0.02,22.8,27.64,19.71,19.98,22.81,85.8,14.81,99.24,2.78,82.6,14.98,35.32,0.83,0.82,63.21
2017-03-07,PHU BAI,16.402,107.703,0.62,21.88,25.68,19.38,19.78,21.92,88.66,14.57,99.34,3.18,102.8,20.76,34.36,0.83,0.81,48.13
2017-03-08,PHU BAI,16.402,107.703,2.62,22.28,25.22,20.03,20.81,22.49,91.64,15.52,99.38,3.11,79.0,10.1,36.61,0.83,0.81,90.57
2017-03-09,PHU BAI,16.402,107.703,0.35,22.21,25.59,19.74,20.68,22.35,91.39,15.43,99.2,3.15,106.0,12.34,35.61,0.83,0.81,73.21
2017-03-10,PHU BAI,16.402,107.703,0.01,24.79,29.77,22.02,21.86,24.35,84.68,16.63,99.08,2.26,130.6,20.95,35.69,0.82,0.8,35.36
2017-03-11,PHU BAI,16.402,107.703,0.02,24.57,29.18,21.15,22.07,24.46,86.95,16.82,99.19,2.84,119.0,16.78,37.28,0.82,0.8,62.78
2017-03-12,PHU BAI,16.402,107.703,0.06,25.47,29.37,23.44,22.57,25.21,84.69,17.37,99.05,3.18,133.2,18.92,35.93,0.81,0.79,38.83
2017-03-13,PHU BAI,16.402,107.703,0.02,26.95,32.21,23.74,22.76,25.75,78.86,17.59,99.0,2.16,162.5,19.7,36.57,0.81,0.79,52.5
2017-03-14,PHU BAI,16.402,107.703,0.39,25.2,30.35,22.46,22.87,25.09,88.02,17.66,99.23,2.09,58.9,14.34,37.06,0.81,0.78,85.48
2017-03-15,PHU BAI,16.402,107.703,0.44,23.31,24.64,22.35,22.15,23.09,93.43,16.9,99.25,2.92,110.9,18.38,36.13,0.81,0.78,73.48
2017-03-16,PHU BAI,16.402,107.703,1.1,23.81,27.03,21.74,22.33,23.72,91.69,17.09,99.2,3.9,111.4,14.99,36.63,0.81,0.78,93.57
2017-03-17,PHU BAI,16.402,107.703,1.99,23.84,26.33,22.64,22.64,23.7,93.11,17.39,99.26,3.3,107.0,11.69,35.86,0.81,0.78,94.17
2017-03-18,PHU BAI,16.402,107.703,5.45,24.64,26.96,23.23,23.31,24.43,92.39,18.12,99.3,3.73,111.6,18.04,36.48,0.82,0.78,82.88
2017-03-19,PHU BAI,16.402,107.703,5.33,24.46,27.74,21.82,22.84,24.33,90.9,17.63,99.35,3.77,123.6,14.15,35.67,0.83,0.79,75.26
2017-03-20,PHU BAI,16.402,107.703,5.8,24.87,28.55,22.53,22.73,24.91,88.44,17.49,99.26,3.04,108.9,19.94,36.1,0.83,0.79,79.19
2017-03-21,PHU BAI,16.402,107.703,1.38,22.9,24.96,21.13,20.91,22.63,88.86,15.67,99.27,2.91,142.5,14.03,35.84,0.82,0.79,68.57
2017-03-22,PHU BAI,16.402,107.703,0.21,25.18,28.72,23.04,22.69,25.14,86.59,17.48,99.08,2.53,117.8,19.79,35.59,0.81,0.78,34.18
2017-03-23,PHU BAI,16.402,107.703,1.14,24.78,27.92,22.18,22.63,24.7,88.11,17.41,99.21,3.16,119.3,18.53,36.58,0.8,0.78,68.57
2017-03-24,PHU BAI,16.402,107.703,0.71,24.61,27.62,22.48,22.56,24.28,88.88,17.33,99.28,3.11,125.2,18.63,36.31,0.8,0.77,83.14
2017-03-25,PHU BAI,16.402,107.703,4.53,24.92,28.44,22.16,22.8,25.17,88.49,17.54,99.46,3.48,39.5,15.29,36.38,0.81,0.77,90.67
2017-03-26,PHU BAI,16.402,107.703,7.3,21.12,22.99,20.08,19.66,21.54,91.32,14.39,99.87,5.27,5.7,5.52,35.28,0.83,0.78,89.53
2017-03-27,PHU BAI,16.402,107.703,3.38,21.6,22.96,20.81,20.35,22.12,92.57,15.0,99.86,4.68,13.2,6.72,35.26,0.82,0.78,91.13
2017-03-28,PHU BAI,16.402,107.703,0.59,23.04,25.61,21.54,21.4,23.44,90.76,16.07,99.56,2.73,77.2,7.81,35.62,0.8,0.78,72.25
2017-03-29,PHU BAI,16.402,107.703,2.74,23.24,25.2,21.65,22.0,23.02,92.75,16.7,99.55,2.81,119.5,13.78,36.52,0.81,0.78,96.1
2017-03-30,PHU BAI,16.402,107.703,2.38,24.85,28.21,22.52,22.02,24.66,85.28,16.75,99.44,2.95,121.4,17.5,36.07,0.8,0.77,58.05
2017-03-31,PHU BAI,16.402,107.703,9.27,24.29,29.8,20.47,21.79,24.5,86.65,16.56,99.47,4.35,357.5,14.39,36.18,0.83,0.78,94.34
2017-04-01,PHU BAI,16.402,107.703,1.33,20.61,22.67,19.31,18.54,21.15,87.93,13.41,99.78,4.73,359.3,10.69,34.69,0.8,0.78,95.06
2017-04-02,PHU BAI,16.402,107.703,1.92,21.66,23.67,20.36,19.32,21.77,86.59,14.09,99.78,4.19,68.1,4.92,35.7,0.8,0.77,96.56
2017-04-03,PHU BAI,16.402,107.703,0.5,22.38,25.52,20.05,20.12,22.59,87.44,14.83,99.69,3.73,88.1,10.72,35.43,0.8,0.77,85.49
2017-04-04,PHU BAI,16.402,107.703,0.01,22.94,26.13,20.61,20.73,23.33,87.94,15.43,99.47,3.26,98.4,17.58,35.45,0.79,0.76,78.07
2017-04-05,PHU BAI,16.402,107.703,0.69,24.36,27.46,22.89,22.58,24.41,90.14,17.34,99.24,2.65,100.5,17.12,36.94,0.79,0.76,91.86
2017-04-06,PHU BAI,16.402,107.703,0.03,25.4,28.35,23.36,22.86,25.25,86.35,17.66,99.11,2.07,126.6,15.69,36.53,0.79,0.76,87.63
2017-04-07,PHU BAI,16.402,107.703,0.01,26.32,29.91,23.67,23.79,26.23,86.56,18.7,99.06,2.85,126.4,21.67,36.23,0.78,0.75,53.49
2017-04-08,PHU BAI,16.402,107.703,0.07,27.06,31.25,24.08,23.83,26.69,83.31,18.77,99.01,2.53,140.3,23.35,36.44,0.77,0.75,34.69
2017-04-09,PHU BAI,16.402,107.703,0.28,28.69,33.64,25.61,23.95,27.76,76.78,18.94,98.8,2.39,186.1,23.33,36.59,0.77,0.74,60.14
2017-04-10,PHU BAI,16.402,107.703,0.18,28.61,32.34,25.16,24.32,27.28,78.25,19.4,98.67,2.77,215.1,23.51,36.56,0.77,0.74,28.49
2017-04-11,PHU BAI,16.402,107.703,0.07,29.95,34.37,26.67,24.6,28.46,74.17,19.73,98.72,1.88,197.1,22.34,36.29,0.76,0.73,27.15
2017-04-12,PHU BAI,16.402,107.703,2.71,25.46,31.5,22.53,23.13,25.73,87.67,18.01,99.12,4.66,359.6,15.75,36.62,0.78,0.74,80.65
2017-04-13,PHU BAI,16.402,107.703,4.74,23.39,25.31,22.03,22.12,23.68,92.51,16.83,99.44,4.13,8.7,6.64,36.27,0.79,0.74,82.27
2017-04-14,PHU BAI,16.402,107.703,2.46,24.9,28.4,23.27,22.98,25.2,89.49,17.76,99.28,2.46,84.3,14.58,36.62,0.78,0.75,69.35
2017-04-15,PHU BAI,16.402,107.703,0.09,25.88,30.05,23.32,23.28,26.06,86.33,18.13,99.1,3.12,118.2,23.57,36.07,0.77,0.74,35.7
2017-04-16,PHU BAI,16.402,107.703,0.0,25.49,29.5,22.47,23.01,25.43,86.89,17.83,99.17,3.56,119.0,23.54,35.87,0.77,0.73,39.84
2017-04-17,PHU BAI,16.402,107.703,0.0,25.98,29.8,23.23,23.43,26.34,86.43,18.29,99.11,2.69,105.4,22.87,36.21,0.76,0.73,75.36
2017-04-18,PHU BAI,16.402,107.703,0.0,26.95,30.5,24.65,23.96,26.99,84.39,18.92,98.95,2.59,121.9,21.61,36.62,0.75,0.72,59.33
2017-04-19,PHU BAI,16.402,107.703,0.0,28.45,33.11,24.59,23.83,27.68,77.26,18.81,98.84,2.58,183.9,22.19,37.16,0.75,0.72,59.96
2017-04-20,PHU BAI,16.402,107.703,0.01,28.35,32.57,25.45,24.11,27.89,78.69,19.12,98.88,2.82,170.5,22.7,36.63,0.74,0.71,35.59
2017-04-21,PHU BAI,16.402,107.703,0.59,29.33,33.29,25.29,24.1,28.32,74.76,19.11,98.85,2.59,265.1,22.71,37.15,0.74,0.71,47.5
2017-04-22,PHU BAI,16.402,107.703,1.49,23.95,26.89,21.91,21.45,24.55,85.94,16.21,99.28,4.77,351.5,6.04,37.67,0.75,0.71,95.54
2017-04-23,PHU BAI,16.402,107.703,6.77,25.11,27.81,23.61,22.88,25.87,87.78,17.66,99.25,3.01,33.3,8.71,37.74,0.75,0.71,95.56
2017-04-24,PHU BAI,16.402,107.703,6.47,26.01,28.89,23.46,23.4,25.83,85.9,18.29,99.13,2.78,136.6,13.4,37.64,0.78,0.72,93.56
2017-04-25,PHU BAI,16.402,107.703,0.85,27.21,31.59,24.41,23.14,27.02,79.45,18.01,99.03,2.16,141.7,20.59,36.53,0.74,0.71,57.62
2017-04-26,PHU BAI,16.402,107.703,1.96,27.85,31.8,25.17,23.48,27.41,78.05,18.37,99.03,1.9,205.7,21.67,36.63,0.74,0.71,47.58
2017-04-27,PHU BAI,16.402,107.703,2.79,26.48,30.66,23.32,23.47,26.83,84.31,18.33,99.25,3.96,354.9,19.73,37.02,0.74,0.7,76.84
2017-04-28,PHU BAI,16.402,107.703,4.47,24.33,27.09,22.52,22.4,24.88,89.06,17.13,99.4,4.0,4.7,5.47,36.64,0.76,0.71,93.86
2017-04-29,PHU BAI,16.402,107.703,1.95,24.75,27.1,23.04,22.56,25.21,87.87,17.29,99.37,2.5,50.6,6.82,36.64,0.75,0.71,93.29
2017-04-30,PHU BAI,16.402,107.703,0.03,26.59,30.42,24.15,23.72,26.76,85.02,18.62,99.14,3.37,118.6,23.12,36.38,0.73,0.7,60.7
2017-05-01,PHU BAI,16.402,107.703,0.0,28.11,32.42,25.35,24.34,27.69,81.01,19.35,99.05,2.52,143.7,24.51,36.26,0.72,0.69,23.3
2017-05-02,PHU BAI,16.402,107.703,0.01,28.8,33.04,25.96,24.63,28.19,79.29,19.7,98.97,2.13,147.1,23.53,36.75,0.71,0.68,61.99
2017-05-03,PHU BAI,16.402,107.703,0.08,29.62,33.61,26.6,24.91,28.61,76.92,20.05,98.95,1.65,178.3,23.71,37.19,0.71,0.68,32.35
2017-05-04,PHU BAI,16.402,107.703,0.4,29.02,32.99,26.1,25.08,28.71,81.06,20.25,99.09,0.96,26.5,19.12,37.35,0.72,0.68,87.75
2017-05-05,PHU BAI,16.402,107.703,0.41,26.59,29.26,24.48,24.96,26.6,90.95,20.05,99.3,2.19,103.5,7.34,37.04,0.72,0.68,89.91
2017-05-06,PHU BAI,16.402,107.703,0.08,26.81,30.33,23.98,23.64,26.91,83.68,18.52,99.35,3.11,116.9,21.46,36.92,0.71,0.68,76.74
2017-05-07,PHU BAI,16.402,107.703,0.84,27.02,31.12,24.42,23.7,27.17,83.12,18.59,99.26,2.78,117.6,19.77,36.77,0.71,0.67,82.56
2017-05-08,PHU BAI,16.402,107.703,5.03,27.42,31.41,24.82,24.46,27.54,84.75,19.5,99.03,2.94,124.0,22.15,36.91,0.72,0.67,73.17
2017-05-09,PHU BAI,16.402,107.703,2.75,26.98,30.36,24.29,24.43,26.96,86.51,19.45,99.12,2.65,122.9,14.99,37.23,0.73,0.68,94.91
2017-05-10,PHU BAI,16.402,107.703,1.64,26.53,29.63,24.05,23.68,26.56,85.3,18.6,99.27,3.53,115.0,20.04,37.09,0.72,0.68,89.16
2017-05-11,PHU BAI,16.402,107.703,2.06,26.86,30.18,24.47,24.33,27.08,86.72,19.31,99.26,3.43,114.3,21.5,36.6,0.72,0.67,91.96
2017-05-12,PHU BAI,16.402,107.703,2.36,27.26,30.67,24.82,24.53,27.51,85.79,19.58,99.1,2.53,105.0,22.36,37.46,0.71,0.67,77.79
2017-05-13,PHU BAI,16.402,107.703,1.15,26.98,30.08,24.58,23.92,27.14,84.54,18.94,99.01,3.05,107.6,17.01,36.96,0.71,0.67,92.38
2017-05-14,PHU BAI,16.402,107.703,0.25,27.14,30.12,24.38,24.35,27.48,85.23,19.41,98.88,3.21,122.1,21.02,37.39,0.7,0.66,84.79
2017-05-15,PHU BAI,16.402,107.703,27.77,27.71,31.96,25.53,24.65,27.74,84.22,19.78,98.77,2.31,111.5,18.25,37.75,0.79,0.68,99.01
2017-05-16,PHU BAI,16.402,107.703,12.91,25.74,28.51,23.71,23.5,26.12,87.77,18.46,98.85,5.0,314.4,11.05,37.16,0.79,0.72,98.58
2017-05-17,PHU BAI,16.402,107.703,3.58,25.78,28.42,24.3,23.77,25.96,88.68,18.72,98.98,4.49,0.5,15.67,37.38,0.75,0.71,91.69
2017-05-18,PHU BAI,16.402,107.703,5.94,26.62,28.75,25.3,24.44,26.94,88.16,19.48,98.99,2.97,71.3,15.74,37.88,0.76,0.71,95.42
2017-05-19,PHU BAI,16.402,107.703,8.54,27.2,29.71,25.57,25.09,27.22,88.51,20.3,98.83,2.27,104.1,11.23,37.52,0.77,0.71,97.94
2017-05-20,PHU BAI,16.402,107.703,0.42,27.38,29.11,25.69,25.27,27.28,88.43,20.57,98.62,2.24,122.5,17.39,37.41,0.74,0.71,96.96
2017-05-21,PHU BAI,16.402,107.703,0.05,28.98,32.63,26.22,25.76,28.83,83.63,21.19,98.55,2.09,132.5,22.53,37.85,0.72,0.69,93.03
2017-05-22,PHU BAI,16.402,107.703,1.33,29.0,32.59,26.96,25.66,28.76,82.93,21.04,98.64,2.05,161.2,22.17,37.99,0.73,0.69,71.74
2017-05-23,PHU BAI,16.402,107.703,3.94,29.03,31.4,26.75,25.79,28.59,83.08,21.19,98.69,1.6,243.6,20.34,38.02,0.74,0.69,78.83
2017-05-24,PHU BAI,16.402,107.703,3.79,28.85,32.01,25.84,25.58,28.62,83.34,20.95,98.68,1.57,243.1,20.45,37.83,0.74,0.69,88.64
2017-05-25,PHU BAI,16.402,107.703,53.55,26.14,27.85,25.14,24.7,26.44,91.77,19.82,98.83,5.86,6.7,6.45,36.88,0.85,0.71,99.44
2017-05-26,PHU BAI,16.402,107.703,12.2,25.46,27.07,24.23,23.6,25.79,89.41,18.51,98.96,4.23,4.0,4.59,37.22,0.83,0.78,94.0
2017-05-27,PHU BAI,16.402,107.703,1.48,26.26,28.93,24.84,23.93,26.77,87.2,18.9,98.87,4.4,1.9,5.77,37.32,0.77,0.75,97.14
2017-05-28,PHU BAI,16.402,107.703,7.55,25.9,28.24,24.2,23.84,26.26,88.51,18.8,98.86,3.33,356.6,6.22,37.91,0.78,0.73,97.63
2017-05-29,PHU BAI,16.402,107.703,2.96,26.29,28.06,24.91,24.21,26.61,88.5,19.23,98.89,2.07,69.1,10.08,37.7,0.77,0.73,99.42
2017-05-30,PHU BAI,16.402,107.703,6.92,27.75,31.01,25.49,24.85,27.92,84.95,19.99,98.93,2.17,96.4,17.81,37.74,0.77,0.72,96.9
2017-05-31,PHU BAI,16.402,107.703,1.17,29.07,32.45,25.82,24.82,28.54,78.72,19.97,98.78,1.65,219.4,23.32,37.35,0.76,0.72,88.75
2017-06-01,PHU BAI,16.402,107.703,0.12,29.03,32.33,26.83,25.23,28.47,80.43,20.52,98.59,3.44,231.5,24.07,37.75,0.73,0.71,80.98
2017-06-02,PHU BAI,16.402,107.703,0.28,28.29,30.67,26.39,25.14,27.73,83.19,20.42,98.61,3.75,240.3,23.23,37.66,0.74,0.7,73.26
2017-06-03,PHU BAI,16.402,107.703,0.21,28.99,31.94,27.14,24.63,28.16,77.65,19.81,98.54,5.42,235.1,23.37,37.47,0.72,0.7,60.93
2017-06-04,PHU BAI,16.402,107.703,0.49,28.97,32.61,25.92,24.94,28.44,79.57,20.2,98.51,4.52,235.6,24.66,37.12,0.72,0.69,33.86
2017-06-05,PHU BAI,16.402,107.703,0.74,29.56,33.12,25.87,24.95,29.24,76.98,20.17,98.63,2.35,231.1,24.28,37.24,0.72,0.68,40.08
2017-06-06,PHU BAI,16.402,107.703,18.81,28.57,31.97,26.43,24.98,28.43,81.74,20.18,98.77,2.12,106.8,23.37,38.0,0.79,0.69,60.0
2017-06-07,PHU BAI,16.402,107.703,26.88,26.77,28.16,25.0,25.16,27.08,90.92,20.38,98.85,2.95,321.1,18.46,37.69,0.83,0.73,91.15
2017-06-08,PHU BAI,16.402,107.703,6.86,27.42,30.47,25.52,23.96,27.52,82.04,18.95,98.81,1.79,70.0,16.01,37.73,0.79,0.74,96.07
2017-06-09,PHU BAI,16.402,107.703,4.24,27.56,30.85,24.83,24.03,28.01,81.73,19.05,98.82,1.89,148.9,16.58,37.95,0.77,0.73,98.44
2017-06-10,PHU BAI,16.402,107.703,6.8,27.18,30.31,24.85,23.98,27.3,83.1,18.98,98.81,3.28,229.6,17.77,37.43,0.78,0.73,91.61
2017-06-11,PHU BAI,16.402,107.703,1.73,28.28,31.41,25.97,24.67,28.14,81.34,19.82,98.72,3.39,249.3,19.24,37.47,0.75,0.72,93.08
2017-06-12,PHU BAI,16.402,107.703,4.29,27.37,29.87,25.02,24.27,27.17,83.37,19.36,98.69,4.33,251.3,18.01,37.29,0.76,0.72,92.76
2017-06-13,PHU BAI,16.402,107.703,5.04,28.34,31.94,25.18,24.33,28.41,79.48,19.4,98.8,2.56,219.8,21.7,37.79,0.76,0.72,79.99
2017-06-14,PHU BAI,16.402,107.703,5.86,28.27,31.94,25.77,24.82,28.33,82.32,19.96,98.89,2.03,226.9,19.51,37.63,0.76,0.72,74.7
2017-06-15,PHU BAI,16.402,107.703,0.46,28.29,31.56,25.5,24.69,28.08,81.24,19.81,98.84,3.03,234.8,23.15,37.06,0.75,0.71,69.29
2017-06-16,PHU BAI,16.402,107.703,0.16,28.17,30.6,25.69,24.65,27.87,81.52,19.78,98.74,3.13,234.8,23.84,36.72,0.74,0.71,74.09
2017-06-17,PHU BAI,16.402,107.703,0.76,27.91,31.11,25.57,24.33,27.69,81.36,19.44,98.58,3.49,235.6,21.03,37.63,0.73,0.7,92.35
2017-06-18,PHU BAI,16.402,107.703,2.82,27.56,30.15,25.3,24.32,27.47,82.82,19.41,98.62,2.93,231.4,10.83,37.33,0.74,0.7,99.42
2017-06-19,PHU BAI,16.402,107.703,0.24,27.92,30.78,25.41,24.08,27.63,80.07,19.13,98.66,2.93,227.0,16.13,37.11,0.73,0.7,99.0
2017-06-20,PHU BAI,16.402,107.703,1.61,27.74,30.24,25.57,24.74,27.53,83.99,19.91,98.65,3.29,237.8,17.81,37.04,0.74,0.7,98.68
2017-06-21,PHU BAI,16.402,107.703,0.52,28.4,31.5,25.84,24.53,28.08,79.92,19.66,98.66,3.23,231.5,20.89,37.26,0.73,0.69,95.09
2017-06-22,PHU BAI,16.402,107.703,2.44,29.11,31.61,27.01,25.06,28.62,79.07,20.29,98.7,2.18,225.2,22.42,37.54,0.74,0.69,86.65
2017-06-23,PHU BAI,16.402,107.703,0.75,28.68,31.91,25.52,24.73,28.87,79.79,19.92,98.59,2.37,164.2,22.34,37.93,0.73,0.69,63.74
2017-06-24,PHU BAI,16.402,107.703,0.66,28.21,31.37,26.26,24.62,28.22,81.32,19.78,98.57,2.4,166.7,21.59,37.67,0.72,0.69,67.71
2017-06-25,PHU BAI,16.402,107.703,0.32,27.92,29.83,25.83,24.52,27.87,81.86,19.63,98.72,1.66,219.0,21.4,37.77,0.73,0.69,64.2
2017-06-26,PHU BAI,16.402,107.703,0.73,28.33,31.23,26.09,24.62,28.28,80.87,19.75,98.8,1.91,115.6,20.95,37.42,0.72,0.68,83.96
2017-06-27,PHU BAI,16.402,107.703,0.39,28.53,31.47,26.67,25.0,28.53,82.04,20.21,98.83,2.86,124.0,22.57,37.6,0.72,0.68,90.58
2017-06-28,PHU BAI,16.402,107.703,1.83,27.86,31.25,25.57,25.15,28.03,85.75,20.37,98.87,2.49,116.3,19.55,37.64,0.73,0.68,91.33
2017-06-29,PHU BAI,16.402,107.703,2.92,27.59,30.53,25.25,24.52,27.76,83.82,19.6,98.87,2.44,142.3,20.51,37.16,0.73,0.68,94.49
2017-06-30,PHU BAI,16.402,107.703,2.06,28.2,31.01,25.47,24.32,27.82,79.8,19.38,98.77,1.69,215.4,18.59,37.44,0.73,0.69,95.94
2017-07-01,PHU BAI,16.402,107.703,1.41,28.65,32.12,25.46,24.55,28.31,79.14,19.68,98.7,2.54,233.6,22.86,36.86,0.72,0.68,84.17
2017-07-02,PHU BAI,16.402,107.703,1.17,27.65,30.55,25.13,24.18,27.43,81.79,19.25,98.68,3.72,233.8,19.91,37.19,0.72,0.68,99.45
2017-07-03,PHU BAI,16.402,107.703,0.23,27.91,30.52,25.52,24.12,27.66,80.2,19.16,98.7,2.56,233.1,15.65,37.52,0.72,0.68,99.4
2017-07-04,PHU BAI,16.402,107.703,1.5,27.81,30.91,24.89,23.62,27.66,78.22,18.57,98.76,2.03,211.8,17.98,37.56,0.72,0.68,90.94
2017-07-05,PHU BAI,16.402,107.703,9.61,27.65,30.03,24.95,24.01,27.71,80.97,19.0,98.85,1.97,199.4,19.37,37.27,0.76,0.69,96.09
2017-07-06,PHU BAI,16.402,107.703,4.81,27.28,29.69,25.06,24.29,27.36,83.98,19.34,98.82,2.44,229.0,15.48,37.01,0.75,0.69,99.46
2017-07-07,PHU BAI,16.402,107.703,2.33,27.63,30.34,25.3,23.87,27.62,80.4,18.84,98.86,2.29,213.5,18.93,36.93,0.73,0.69,96.96
2017-07-08,PHU BAI,16.402,107.703,1.13,28.06,31.27,25.6,24.31,27.96,80.65,19.35,98.93,2.05,187.9,21.53,37.07,0.72,0.68,90.22
2017-07-09,PHU BAI,16.402,107.703,0.76,28.7,31.05,25.83,23.83,28.38,75.4,18.8,98.91,1.4,234.4,21.96,37.47,0.72,0.68,86.37
2017-07-10,PHU BAI,16.402,107.703,7.7,28.34,31.13,25.9,24.55,28.2,80.42,19.66,98.78,1.9,189.5,21.07,37.68,0.74,0.68,89.89
2017-07-11,PHU BAI,16.402,107.703,6.56,27.54,30.59,25.83,24.58,27.95,84.67,19.7,98.84,2.59,118.2,20.78,37.52,0.76,0.69,91.28
2017-07-12,PHU BAI,16.402,107.703,22.69,26.94,28.79,25.8,24.85,27.12,88.47,19.99,98.89,1.6,96.3,21.0,37.26,0.81,0.71,88.87
2017-07-13,PHU BAI,16.402,107.703,7.38,26.94,28.66,25.23,24.08,27.14,84.43,19.11,98.75,1.55,351.2,17.45,37.0,0.78,0.73,99.04
2017-07-14,PHU BAI,16.402,107.703,8.06,27.16,29.16,25.39,24.48,27.44,85.45,19.6,98.6,2.33,301.2,16.75,37.38,0.78,0.73,96.41
2017-07-15,PHU BAI,16.402,107.703,25.17,27.18,29.34,25.46,24.99,27.43,88.09,20.27,98.35,4.49,296.7,17.01,37.53,0.82,0.73,98.75
2017-07-16,PHU BAI,16.402,107.703,54.65,26.09,28.13,24.71,24.26,26.16,89.72,19.52,98.08,4.7,220.8,1.82,36.99,0.92,0.8,99.12
2017-07-17,PHU BAI,16.402,107.703,6.88,27.78,31.57,25.5,24.41,27.88,82.56,19.51,98.67,1.89,132.4,14.58,37.4,0.82,0.8,98.57
2017-07-18,PHU BAI,16.402,107.703,10.63,27.14,29.01,25.08,23.64,27.02,81.43,18.56,98.93,1.96,224.0,18.38,36.97,0.82,0.78,91.2
2017-07-19,PHU BAI,16.402,107.703,48.53,27.4,29.41,25.39,24.63,27.52,85.14,19.77,98.7,1.91,218.2,18.19,37.31,0.88,0.79,87.74
2017-07-20,PHU BAI,16.402,107.703,5.5,27.28,30.04,25.44,24.43,27.37,85.04,19.56,98.68,2.65,117.1,19.86,37.19,0.83,0.8,95.71
2017-07-21,PHU BAI,16.402,107.703,2.52,27.52,29.91,25.77,25.01,27.44,86.46,20.2,98.83,2.62,82.2,21.49,37.22,0.8,0.78,90.34
2017-07-22,PHU BAI,16.402,107.703,5.97,26.84,28.78,25.19,24.79,26.89,88.68,19.92,98.87,2.69,316.0,20.92,37.23,0.81,0.77,89.81
2017-07-23,PHU BAI,16.402,107.703,2.53,26.76,28.85,25.56,24.7,26.92,88.68,19.85,98.65,3.04,308.7,8.5,37.5,0.79,0.76,99.42
2017-07-24,PHU BAI,16.402,107.703,26.28,26.86,28.26,25.62,25.05,26.78,89.95,20.35,98.32,3.76,294.5,11.92,37.77,0.84,0.77,99.58
2017-07-25,PHU BAI,16.402,107.703,89.08,26.71,28.45,25.36,25.33,26.58,92.19,20.77,97.99,6.01,168.5,2.9,37.09,0.94,0.84,99.23
2017-07-26,PHU BAI,16.402,107.703,8.21,25.79,27.68,24.4,24.18,26.05,90.79,19.29,98.45,2.61,103.0,10.82,37.56,0.86,0.84,99.8
2017-07-27,PHU BAI,16.402,107.703,29.51,27.01,30.06,25.15,24.5,27.23,86.51,19.65,98.5,2.22,60.0,16.99,37.57,0.89,0.83,95.83
2017-07-28,PHU BAI,16.402,107.703,4.56,27.54,31.31,25.39,24.67,27.81,84.97,19.82,98.62,1.79,62.2,16.16,37.73,0.84,0.83,95.92
2017-07-29,PHU BAI,16.402,107.703,3.89,27.64,30.22,25.1,24.48,27.46,83.16,19.65,98.47,2.48,232.6,14.51,37.67,0.83,0.81,95.2
2017-07-30,PHU BAI,16.402,107.703,0.77,28.33,31.91,25.73,24.93,28.05,82.13,20.22,98.35,3.75,241.1,19.74,37.9,0.82,0.8,85.74
2017-07-31,PHU BAI,16.402,107.703,1.3,28.23,31.34,26.31,25.05,27.95,83.24,20.34,98.41,4.33,242.2,19.24,37.98,0.82,0.79,87.37
2017-08-01,PHU BAI,16.402,107.703,1.15,28.09,30.85,26.06,25.08,27.7,83.9,20.37,98.51,4.2,240.8,17.84,37.89,0.82,0.79,93.43
2017-08-02,PHU BAI,16.402,107.703,0.75,28.29,31.42,26.05,25.0,27.87,82.68,20.27,98.4,4.1,238.5,22.11,37.61,0.81,0.79,80.51
2017-08-03,PHU BAI,16.402,107.703,1.57,27.81,30.37,26.09,24.67,27.51,83.21,19.89,98.28,4.05,240.9,21.42,37.81,0.81,0.78,82.66
2017-08-04,PHU BAI,16.402,107.703,1.25,27.93,30.61,25.77,24.46,27.76,81.64,19.62,98.37,2.56,223.5,18.46,37.58,0.81,0.78,94.82
2017-08-05,PHU BAI,16.402,107.703,4.34,28.36,31.26,25.69,24.39,28.16,79.5,19.48,98.64,1.97,212.5,17.87,37.64,0.82,0.78,95.33
2017-08-06,PHU BAI,16.402,107.703,5.88,27.8,30.95,25.68,24.16,28.07,81.21,19.18,98.86,2.22,214.3,22.47,37.62,0.83,0.79,82.27
2017-08-07,PHU BAI,16.402,107.703,0.76,28.44,31.64,25.24,24.07,28.42,77.9,19.07,98.89,2.06,226.7,18.49,37.44,0.81,0.78,93.14
2017-08-08,PHU BAI,16.402,107.703,0.12,29.08,32.5,25.55,24.75,28.83,78.17,19.89,98.85,2.67,233.0,21.19,37.72,0.8,0.78,67.35
2017-08-09,PHU BAI,16.402,107.703,0.22,28.79,32.06,26.02,25.01,28.58,80.51,20.21,98.81,3.61,238.9,25.38,37.22,0.8,0.77,61.88
2017-08-10,PHU BAI,16.402,107.703,0.07,28.69,32.21,25.58,24.95,28.51,80.65,20.15,98.75,2.98,232.2,24.32,37.22,0.8,0.77,70.15
2017-08-11,PHU BAI,16.402,107.703,0.22,29.39,32.57,26.35,25.25,29.21,79.08,20.52,98.78,1.78,214.3,23.27,37.62,0.79,0.77,94.44
2017-08-12,PHU BAI,16.402,107.703,1.74,29.69,32.67,27.45,25.62,29.44,79.37,20.96,98.83,1.49,193.2,24.45,37.93,0.8,0.76,71.22
2017-08-13,PHU BAI,16.402,107.703,0.79,29.72,33.37,27.7,25.68,29.87,79.83,21.03,98.88,1.81,142.8,24.06,38.12,0.8,0.76,52.05
2017-08-14,PHU BAI,16.402,107.703,0.85,29.23,31.88,26.61,25.89,29.02,82.73,21.31,98.81,1.77,131.4,24.46,37.67,0.79,0.76,65.47
2017-08-15,PHU BAI,16.402,107.703,4.77,28.25,30.85,26.27,25.63,28.47,86.03,20.97,98.79,2.18,67.9,19.45,37.25,0.8,0.76,98.89
2017-08-16,PHU BAI,16.402,107.703,2.37,27.71,31.21,25.33,23.75,28.25,80.0,18.74,98.77,1.99,127.8,15.62,37.07,0.81,0.77,97.68
2017-08-17,PHU BAI,16.402,107.703,4.55,27.2,29.58,24.85,24.42,27.48,85.1,19.51,98.79,3.52,115.0,21.63,36.75,0.81,0.77,76.12
2017-08-18,PHU BAI,16.402,107.703,12.35,26.75,28.54,25.16,24.45,27.12,87.41,19.52,98.89,3.94,99.3,17.58,37.07,0.83,0.78,95.16
2017-08-19,PHU BAI,16.402,107.703,4.7,27.05,28.91,25.57,24.98,27.37,88.57,20.15,98.85,3.49,99.0,16.7,37.08,0.82,0.78,86.79
2017-08-20,PHU BAI,16.402,107.703,2.96,27.52,30.45,25.24,24.84,27.79,85.65,20.0,98.76,2.35,104.4,22.79,37.34,0.81,0.77,64.84
2017-08-21,PHU BAI,16.402,107.703,1.64,27.61,30.41,25.15,24.25,27.82,82.29,19.35,98.58,2.21,86.7,24.26,37.16,0.8,0.77,58.29
2017-08-22,PHU BAI,16.402,107.703,0.96,28.96,32.18,26.09,25.41,28.76,81.57,20.78,98.43,2.69,264.5,22.04,37.09,0.79,0.76,92.82
2017-08-23,PHU BAI,16.402,107.703,1.24,28.13,31.18,25.52,24.88,27.92,82.9,20.15,98.4,3.55,234.0,18.53,36.81,0.79,0.76,98.88
2017-08-24,PHU BAI,16.402,107.703,3.34,28.4,31.67,25.56,24.47,28.15,79.77,19.61,98.58,2.95,220.3,15.98,37.03,0.79,0.76,98.79
2017-08-25,PHU BAI,16.402,107.703,6.01,27.77,30.86,25.25,24.57,27.9,83.15,19.69,98.66,1.88,339.7,17.86,37.4,0.8,0.76,99.2
2017-08-26,PHU BAI,16.402,107.703,42.38,25.92,26.83,24.54,24.41,26.39,91.32,19.54,98.53,3.57,31.3,3.83,36.92,0.9,0.8,99.3
2017-08-27,PHU BAI,16.402,107.703,38.66,25.91,27.12,24.91,23.86,26.45,88.41,18.87,98.63,2.72,93.8,12.48,37.0,0.91,0.83,97.79
2017-08-28,PHU BAI,16.402,107.703,12.95,27.05,30.04,25.34,24.21,27.49,85.0,19.28,98.72,2.5,102.6,14.4,37.44,0.87,0.83,99.02
2017-08-29,PHU BAI,16.402,107.703,6.73,27.0,29.79,25.32,24.27,27.28,85.45,19.33,98.84,2.72,133.8,9.61,36.82,0.85,0.83,98.45
2017-08-30,PHU BAI,16.402,107.703,3.93,27.76,29.79,26.55,24.72,27.83,83.93,19.84,98.95,1.82,95.3,21.82,37.02,0.84,0.82,77.14
2017-08-31,PHU BAI,16.402,107.703,1.85,28.11,30.66,25.67,24.88,28.2,82.87,20.01,98.93,2.15,304.8,21.55,36.79,0.83,0.81,83.45
2017-09-01,PHU BAI,16.402,107.703,8.1,28.95,32.16,26.51,25.24,28.73,80.81,20.51,98.76,2.11,258.8,23.75,37.12,0.84,0.8,55.72
2017-09-02,PHU BAI,16.402,107.703,5.72,28.3,31.34,25.39,24.79,28.14,81.61,19.97,98.68,2.83,240.5,22.02,37.11,0.84,0.81,80.21
2017-09-03,PHU BAI,16.402,107.703,3.1,29.21,32.34,26.84,25.33,29.06,80.16,20.61,98.73,1.98,217.7,22.96,37.77,0.83,0.8,76.93
2017-09-04,PHU BAI,16.402,107.703,0.68,28.7,31.19,26.37,25.04,28.29,80.89,20.24,98.8,1.8,234.9,18.66,38.0,0.82,0.8,86.66
2017-09-05,PHU BAI,16.402,107.703,0.17,29.33,32.04,27.22,24.81,29.07,77.19,19.95,98.84,1.15,240.7,21.43,37.47,0.82,0.8,73.82
2017-09-06,PHU BAI,16.402,107.703,6.92,28.71,31.35,26.22,24.58,28.7,78.81,19.66,98.89,1.4,142.3,22.23,37.04,0.83,0.8,74.78
2017-09-07,PHU BAI,16.402,107.703,7.14,29.01,32.32,26.45,24.33,29.44,76.64,19.35,98.99,1.49,231.0,14.66,37.37,0.84,0.8,96.14
2017-09-08,PHU BAI,16.402,107.703,1.52,28.63,31.05,26.06,24.35,28.57,78.03,19.38,98.97,1.81,224.4,23.67,37.48,0.83,0.8,41.94
2017-09-09,PHU BAI,16.402,107.703,1.1,29.03,32.68,26.13,24.89,29.08,79.24,20.05,98.89,1.89,123.2,21.5,37.4,0.82,0.8,66.16
2017-09-10,PHU BAI,16.402,107.703,1.07,28.55,31.72,25.65,24.26,28.55,78.39,19.27,99.01,1.9,151.7,23.39,36.86,0.82,0.79,18.63
2017-09-11,PHU BAI,16.402,107.703,4.76,28.36,32.24,25.92,24.02,28.27,78.07,19.01,99.04,2.21,104.3,25.3,36.4,0.82,0.79,24.22
2017-09-12,PHU BAI,16.402,107.703,2.42,28.15,30.91,25.84,24.17,28.39,79.68,19.15,99.08,1.99,357.0,24.45,36.45,0.82,0.79,55.97
2017-09-13,PHU BAI,16.402,107.703,11.04,27.47,29.09,26.14,25.33,27.65,88.29,20.58,98.9,3.05,330.5,16.62,37.22,0.84,0.79,96.39
2017-09-14,PHU BAI,16.402,107.703,126.81,27.06,28.16,26.15,25.34,27.01,90.39,20.81,97.98,10.97,296.8,4.32,37.09,0.97,0.85,99.14
2017-09-15,PHU BAI,16.402,107.703,54.22,26.67,29.21,24.78,23.4,26.02,82.52,18.46,98.24,6.85,191.0,4.15,36.95,0.93,0.9,98.89
2017-09-16,PHU BAI,16.402,107.703,5.07,27.59,30.88,25.51,24.21,27.54,82.51,19.22,99.03,2.17,112.9,17.36,37.26,0.88,0.88,92.0
2017-09-17,PHU BAI,16.402,107.703,9.9,27.57,30.44,24.83,24.32,27.91,82.91,19.31,99.18,1.94,291.7,20.02,37.47,0.88,0.87,56.67
2017-09-18,PHU BAI,16.402,107.703,2.53,28.23,31.51,26.38,24.89,28.24,82.5,20.01,99.01,2.37,258.7,23.26,37.29,0.86,0.86,47.95
2017-09-19,PHU BAI,16.402,107.703,6.65,27.94,31.32,25.12,24.74,28.13,83.34,19.87,98.91,2.35,110.9,23.26,37.15,0.87,0.85,42.23
2017-09-20,PHU BAI,16.402,107.703,0.95,27.62,31.05,24.87,23.85,27.86,80.84,18.85,98.86,2.72,107.6,22.71,36.66,0.85,0.85,32.9
2017-09-21,PHU BAI,16.402,107.703,8.77,27.37,30.12,25.29,24.31,27.94,83.79,19.35,98.84,2.6,84.8,21.19,36.71,0.86,0.84,60.33
2017-09-22,PHU BAI,16.402,107.703,5.64,26.68,29.39,24.57,23.3,27.04,82.18,18.21,98.94,2.45,115.6,19.72,37.14,0.86,0.85,65.94
2017-09-23,PHU BAI,16.402,107.703,10.1,27.15,29.21,25.77,24.45,27.57,85.36,19.5,98.95,2.34,79.8,14.81,37.07,0.87,0.85,85.1
2017-09-24,PHU BAI,16.402,107.703,7.19,27.34,29.71,25.74,24.33,27.64,83.94,19.41,98.72,1.64,325.9,10.37,37.27,0.86,0.85,98.24
2017-09-25,PHU BAI,16.402,107.703,6.26,27.17,29.01,25.74,24.73,27.47,86.74,19.86,98.8,2.3,80.5,17.87,37.34,0.87,0.86,87.08
2017-09-26,PHU BAI,16.402,107.703,3.58,27.41,30.02,25.44,25.19,27.55,87.93,20.4,98.97,3.17,107.5,20.29,37.28,0.86,0.85,69.06
2017-09-27,PHU BAI,16.402,107.703,2.03,27.18,30.07,24.84,24.65,27.57,86.24,19.74,98.99,2.85,101.6,21.2,36.69,0.85,0.85,58.1
2017-09-28,PHU BAI,16.402,107.703,5.13,26.71,29.21,25.0,23.6,27.11,83.25,18.53,98.94,2.14,77.4,16.4,37.01,0.86,0.85,90.88
2017-09-29,PHU BAI,16.402,107.703,8.48,27.23,29.63,25.48,24.45,27.52,85.14,19.49,99.06,3.04,98.1,17.78,37.32,0.87,0.85,91.2
2017-09-30,PHU BAI,16.402,107.703,7.36,27.08,29.73,25.13,24.59,27.35,86.6,19.64,99.14,3.46,117.0,19.17,37.01,0.87,0.85,78.43
2017-10-01,PHU BAI,16.402,107.703,4.77,27.08,29.21,25.56,24.24,27.37,84.75,19.25,99.02,2.22,91.2,20.0,36.58,0.86,0.85,71.82
2017-10-02,PHU BAI,16.402,107.703,27.64,26.13,28.1,24.98,24.34,26.62,90.0,19.38,98.94,2.45,96.4,5.0,36.98,0.91,0.87,98.88
2017-10-03,PHU BAI,16.402,107.703,9.84,26.41,27.9,24.99,24.53,26.64,89.45,19.59,99.01,3.63,111.7,10.61,37.3,0.89,0.88,88.09
2017-10-04,PHU BAI,16.402,107.703,17.82,26.46,28.71,25.05,24.07,26.66,86.8,19.01,99.2,2.74,112.1,15.04,37.02,0.9,0.88,93.75
2017-10-05,PHU BAI,16.402,107.703,6.17,26.05,27.63,24.69,23.77,26.49,87.28,18.66,99.17,1.57,8.0,15.92,36.78,0.89,0.89,87.82
2017-10-06,PHU BAI,16.402,107.703,23.47,26.06,27.91,24.83,23.9,26.53,87.95,18.82,99.09,2.0,35.3,9.64,36.99,0.91,0.9,97.75
2017-10-07,PHU BAI,16.402,107.703,11.75,26.38,28.18,25.21,24.4,26.59,88.97,19.43,99.04,2.72,93.1,17.64,36.49,0.9,0.9,85.18
2017-10-08,PHU BAI,16.402,107.703,35.53,26.66,28.61,25.01,24.93,26.84,90.26,20.06,99.0,3.76,60.5,14.41,37.05,0.94,0.92,90.99
2017-10-09,PHU BAI,16.402,107.703,52.12,25.8,27.73,24.15,23.83,26.15,89.0,18.87,98.63,4.05,327.5,3.72,36.45,0.96,0.95,98.99
2017-10-10,PHU BAI,16.402,107.703,20.08,27.28,29.98,25.82,25.05,27.38,87.89,20.26,98.74,3.93,104.5,16.03,37.23,0.93,0.95,98.98
2017-10-11,PHU BAI,16.402,107.703,21.23,26.52,28.13,25.17,24.65,26.59,89.51,19.73,98.99,2.45,83.0,11.77,36.8,0.94,0.95,94.68
2017-10-12,PHU BAI,16.402,107.703,9.08,26.36,27.92,25.08,24.46,26.23,89.31,19.51,98.98,2.42,62.1,9.77,36.93,0.93,0.96,80.88
2017-10-13,PHU BAI,16.402,107.703,1.61,26.68,29.25,24.75,24.14,26.74,86.11,19.15,98.86,3.61,19.8,17.46,36.31,0.92,0.95,82.79
2017-10-14,PHU BAI,16.402,107.703,1.18,25.58,28.27,23.85,22.76,25.68,84.52,17.63,98.79,4.9,341.5,16.68,35.59,0.91,0.94,97.72
2017-10-15,PHU BAI,16.402,107.703,1.56,24.91,27.71,23.07,22.1,25.1,84.59,16.94,98.79,5.48,323.6,10.26,35.22,0.91,0.93,99.71
2017-10-16,PHU BAI,16.402,107.703,0.92,23.36,26.34,21.52,20.74,24.02,85.37,15.56,99.0,5.34,330.5,7.75,35.04,0.9,0.93,94.25
2017-10-17,PHU BAI,16.402,107.703,4.83,24.79,27.12,23.68,22.89,25.47,89.29,17.7,99.15,5.06,343.4,6.77,35.96,0.9,0.92,74.89
2017-10-18,PHU BAI,16.402,107.703,22.76,24.89,25.8,24.27,23.69,25.22,93.01,18.57,99.2,4.76,351.5,6.01,36.9,0.92,0.93,83.63
2017-10-19,PHU BAI,16.402,107.703,18.23,25.22,27.43,23.25,23.15,25.5,88.37,17.97,99.25,4.85,9.9,7.73,37.05,0.93,0.95,79.92
2017-10-20,PHU BAI,16.402,107.703,0.77,24.8,26.93,23.11,22.51,25.3,87.12,17.26,99.3,3.62,355.6,10.05,36.68,0.91,0.94,70.18
2017-10-21,PHU BAI,16.402,107.703,0.33,24.77,27.06,22.88,22.25,25.3,85.99,16.99,99.26,3.42,4.1,14.55,36.24,0.9,0.93,59.1
2017-10-22,PHU BAI,16.402,107.703,1.14,24.6,27.03,22.71,21.92,25.09,85.1,16.65,99.29,3.61,6.4,10.84,36.55,0.9,0.92,68.91
2017-10-23,PHU BAI,16.402,107.703,7.98,24.6,27.23,22.83,22.14,25.17,86.25,16.84,99.49,3.61,43.9,10.31,37.12,0.9,0.92,88.75
2017-10-24,PHU BAI,16.402,107.703,12.3,24.59,26.58,23.41,22.11,24.81,86.17,16.77,99.67,4.27,55.8,6.99,36.92,0.91,0.92,93.11
2017-10-25,PHU BAI,16.402,107.703,2.25,24.77,27.19,22.96,21.98,24.92,84.57,16.65,99.7,3.9,62.3,10.56,36.46,0.9,0.92,76.25
2017-10-26,PHU BAI,16.402,107.703,0.54,24.64,27.1,22.87,21.44,24.82,82.43,16.11,99.57,3.25,52.9,9.31,36.44,0.89,0.91,68.34
2017-10-27,PHU BAI,16.402,107.703,0.22,24.4,27.01,22.59,20.46,24.22,78.76,15.2,99.43,2.64,56.5,12.85,35.58,0.89,0.9,54.91
2017-10-28,PHU BAI,16.402,107.703,0.31,24.3,26.92,22.35,20.82,24.31,80.96,15.53,99.57,3.08,68.7,13.56,35.12,0.88,0.9,41.43
2017-10-29,PHU BAI,16.402,107.703,15.8,24.36,26.8,22.45,20.94,24.43,81.4,15.6,99.69,4.49,53.0,11.15,36.26,0.9,0.9,84.03
2017-10-30,PHU BAI,16.402,107.703,36.45,23.53,25.35,22.41,21.05,23.86,86.06,15.7,99.68,7.05,45.0,7.09,36.34,0.94,0.92,94.22
2017-10-31,PHU BAI,16.402,107.703,26.59,23.58,24.38,23.04,21.33,23.75,87.2,16.0,99.57,6.69,37.1,3.71,36.15,0.93,0.93,99.59
2017-11-01,PHU BAI,16.402,107.703,12.42,23.85,25.45,22.41,21.41,23.93,86.17,16.1,99.45,4.96,42.1,7.4,35.72,0.92,0.94,92.39
2017-11-02,PHU BAI,16.402,107.703,1.28,23.46,26.12,21.7,20.27,23.6,82.25,15.04,99.35,4.41,21.5,13.39,34.71,0.9,0.93,88.56
2017-11-03,PHU BAI,16.402,107.703,19.28,23.86,26.26,22.5,20.17,23.83,80.22,14.92,99.35,6.76,21.1,11.5,35.67,0.92,0.93,99.16
2017-11-04,PHU BAI,16.402,107.703,141.84,23.67,24.09,22.73,22.22,23.74,91.5,16.95,99.35,9.05,39.2,3.07,36.03,0.99,0.97,99.1
2017-11-05,PHU BAI,16.402,107.703,70.61,23.74,24.61,22.24,22.3,23.71,91.54,17.03,99.41,6.69,46.4,2.57,35.99,0.98,0.99,99.27
2017-11-06,PHU BAI,16.402,107.703,56.89,23.11,24.18,22.53,21.81,23.5,92.41,16.55,99.31,5.63,2.8,4.07,36.33,0.97,0.99,98.72
2017-11-07,PHU BAI,16.402,107.703,87.19,24.53,25.68,23.67,23.55,24.56,94.25,18.39,99.31,5.11,27.3,2.86,36.57,0.99,1.0,99.3
2017-11-08,PHU BAI,16.402,107.703,36.88,24.39,25.43,23.47,23.41,24.4,94.21,18.24,99.28,4.95,38.1,2.8,36.75,0.98,1.0,98.12
2017-11-09,PHU BAI,16.402,107.703,20.21,24.87,26.64,23.6,23.6,24.84,92.66,18.45,99.29,5.0,61.3,9.63,36.52,0.98,0.99,90.33
2017-11-10,PHU BAI,16.402,107.703,5.45,24.55,26.32,23.11,23.18,24.44,92.1,17.98,99.33,4.06,62.9,11.58,36.07,0.97,0.99,88.48
2017-11-11,PHU BAI,16.402,107.703,1.17,24.32,26.64,22.76,22.62,24.32,90.27,17.4,99.26,3.13,38.1,10.15,36.31,0.96,0.98,86.13
2017-11-12,PHU BAI,16.402,107.703,0.23,24.31,26.75,22.5,22.71,24.47,90.9,17.5,99.13,2.42,358.5,14.4,35.66,0.95,0.98,58.75
2017-11-13,PHU BAI,16.402,107.703,8.37,24.62,27.05,23.26,23.36,24.72,92.82,18.23,99.08,3.6,339.5,13.85,35.91,0.95,0.98,54.89
2017-11-14,PHU BAI,16.402,107.703,38.02,25.28,27.76,23.53,24.14,25.3,93.51,19.1,99.18,3.33,73.2,5.7,36.61,0.97,0.99,96.12
2017-11-15,PHU BAI,16.402,107.703,24.1,24.82,26.27,23.79,23.84,24.68,94.31,18.71,99.35,3.18,87.8,10.26,36.63,0.97,0.99,80.38
2017-11-16,PHU BAI,16.402,107.703,4.52,25.27,27.72,23.37,24.12,25.21,93.43,19.07,99.26,3.4,104.2,14.86,36.27,0.95,0.98,40.05
2017-11-17,PHU BAI,16.402,107.703,1.57,25.96,29.45,24.2,24.18,25.8,90.15,19.18,99.02,2.63,125.5,19.27,35.42,0.95,0.98,66.76
2017-11-18,PHU BAI,16.402,107.703,3.57,25.72,28.42,23.71,24.14,25.71,91.13,19.11,99.13,2.69,68.3,16.55,36.01,0.94,0.97,85.24
2017-11-19,PHU BAI,16.402,107.703,89.26,25.0,26.29,24.28,23.91,24.92,93.63,18.8,99.28,4.84,55.0,8.66,36.09,0.98,0.98,99.2
2017-11-20,PHU BAI,16.402,107.703,69.55,24.53,26.0,23.64,23.75,24.58,95.31,18.6,99.36,4.45,45.8,3.55,36.96,0.99,1.0,98.7
2017-11-21,PHU BAI,16.402,107.703,66.82,24.06,25.28,23.33,23.07,24.12,94.09,17.86,99.35,6.05,35.7,3.83,36.11,0.99,1.0,88.79
2017-11-22,PHU BAI,16.402,107.703,69.15,22.48,24.3,21.44,21.07,22.89,91.59,15.76,99.52,6.47,20.6,4.07,35.71,0.99,1.0,98.97
2017-11-23,PHU BAI,16.402,107.703,43.95,21.3,22.69,20.22,19.55,21.82,89.65,14.3,99.72,6.32,26.6,3.85,34.84,0.99,1.0,98.01
2017-11-24,PHU BAI,16.402,107.703,10.78,20.66,21.73,20.14,18.97,21.36,89.92,13.77,99.84,6.1,24.0,4.23,34.79,0.98,0.99,97.02
2017-11-25,PHU BAI,16.402,107.703,3.83,21.64,22.72,20.99,20.0,22.19,90.29,14.68,99.86,5.51,17.3,4.03,34.78,0.97,0.99,87.44
2017-11-26,PHU BAI,16.402,107.703,7.65,21.77,23.22,21.04,20.27,22.26,91.1,14.95,99.74,5.28,18.1,4.52,35.41,0.97,0.99,95.92
2017-11-27,PHU BAI,16.402,107.703,5.23,22.83,24.48,22.02,21.29,23.2,91.03,15.98,99.47,4.18,37.4,4.87,35.87,0.96,0.98,98.54
2017-11-28,PHU BAI,16.402,107.703,13.15,24.15,25.35,23.5,23.03,24.15,93.4,17.79,99.46,5.36,42.6,4.71,35.76,0.96,0.98,97.07
2017-11-29,PHU BAI,16.402,107.703,10.71,24.25,26.3,22.53,23.0,24.32,92.78,17.77,99.42,4.45,55.0,5.43,36.47,0.96,0.98,88.17
2017-11-30,PHU BAI,16.402,107.703,5.94,24.04,26.07,22.71,22.45,23.99,90.84,17.17,99.44,4.42,57.4,9.68,35.06,0.95,0.98,80.98
2017-12-01,PHU BAI,16.402,107.703,12.48,23.38,25.42,21.8,21.61,23.38,89.78,16.28,99.54,5.57,50.7,11.17,35.67,0.95,0.98,92.69
2017-12-02,PHU BAI,16.402,107.703,22.96,22.36,23.06,21.82,21.02,22.51,92.0,15.69,99.58,5.61,30.1,4.91,35.72,0.96,0.98,91.64
2017-12-03,PHU BAI,16.402,107.703,15.62,23.31,24.49,22.56,22.02,23.32,92.45,16.71,99.52,5.47,41.4,4.16,36.4,0.96,0.98,96.63
2017-12-04,PHU BAI,16.402,107.703,9.51,22.29,23.77,21.06,20.22,22.28,88.0,14.93,99.63,5.33,45.5,4.64,36.25,0.95,0.98,99.24
2017-12-05,PHU BAI,16.402,107.703,4.47,21.05,22.97,19.8,18.65,21.29,86.12,13.52,99.68,4.37,43.4,3.34,35.57,0.95,0.98,98.52
2017-12-06,PHU BAI,16.402,107.703,0.14,22.01,24.01,20.87,20.14,22.18,89.22,14.87,99.53,3.52,72.0,6.19,35.62,0.94,0.97,83.89
2017-12-07,PHU BAI,16.402,107.703,4.08,22.76,25.29,21.22,20.75,22.77,88.49,15.43,99.65,4.44,84.4,10.53,35.83,0.94,0.97,90.53
2017-12-08,PHU BAI,16.402,107.703,7.62,21.04,23.41,19.12,18.26,21.07,84.22,13.18,99.85,4.85,59.8,6.6,35.58,0.94,0.97,96.07
2017-12-09,PHU BAI,16.402,107.703,0.57,20.41,22.57,18.34,16.21,20.38,76.8,11.58,99.71,2.29,56.8,3.84,34.3,0.93,0.96,86.02
2017-12-10,PHU BAI,16.402,107.703,0.26,21.43,23.92,19.8,17.96,21.73,80.81,12.94,99.69,2.46,65.7,13.82,34.85,0.92,0.95,74.75
2017-12-11,PHU BAI,16.402,107.703,0.41,21.45,24.0,19.87,19.24,21.93,87.33,14.04,99.63,2.81,64.3,4.38,36.04,0.92,0.95,97.88
2017-12-12,PHU BAI,16.402,107.703,0.1,21.98,24.31,20.55,19.87,22.12,87.93,14.62,99.52,2.61,68.6,8.5,36.69,0.92,0.94,91.4
2017-12-13,PHU BAI,16.402,107.703,0.07,22.58,25.29,20.78,21.01,22.61,91.09,15.72,99.42,2.95,103.6,11.04,35.58,0.91,0.94,72.13
2017-12-14,PHU BAI,16.402,107.703,1.23,22.59,25.29,20.7,21.19,22.65,92.07,15.89,99.5,3.05,65.4,13.47,35.38,0.91,0.94,86.79
2017-12-15,PHU BAI,16.402,107.703,11.39,22.72,25.07,21.42,21.26,22.82,91.6,15.91,99.7,3.96,45.1,7.72,35.64,0.92,0.94,92.38
2017-12-16,PHU BAI,16.402,107.703,48.42,19.61,23.01,17.46,17.88,20.21,89.59,12.91,100.14,8.19,20.8,7.76,34.26,0.96,0.96,98.58
2017-12-17,PHU BAI,16.402,107.703,10.12,17.18,18.25,16.3,14.7,18.02,85.29,10.44,100.32,6.79,13.5,4.74,32.8,0.94,0.97,89.36
2017-12-18,PHU BAI,16.402,107.703,0.95,16.71,17.97,15.68,13.06,17.33,79.02,9.38,100.35,6.62,15.9,9.24,31.38,0.93,0.96,71.99
2017-12-19,PHU BAI,16.402,107.703,0.18,16.06,18.42,13.81,11.59,16.83,74.99,8.51,100.4,6.94,13.7,12.53,30.57,0.92,0.95,74.93
2017-12-20,PHU BAI,16.402,107.703,2.59,16.97,18.37,15.55,13.52,17.72,80.35,9.66,100.4,5.66,17.8,4.19,33.0,0.92,0.94,95.7
2017-12-21,PHU BAI,16.402,107.703,0.96,17.76,19.13,16.69,14.83,18.29,83.25,10.57,100.06,3.78,23.4,3.59,33.72,0.91,0.94,95.76
2017-12-22,PHU BAI,16.402,107.703,0.87,20.64,22.29,19.52,19.23,20.77,91.68,14.03,99.65,3.86,46.9,4.54,35.39,0.91,0.94,95.84
2017-12-23,PHU BAI,16.402,107.703,4.51,21.71,24.17,20.23,20.25,21.79,91.58,14.98,99.52,3.87,60.4,5.56,35.71,0.91,0.93,97.5
2017-12-24,PHU BAI,16.402,107.703,10.21,21.1,23.21,19.53,19.36,21.15,89.79,14.15,99.69,5.62,29.6,6.13,34.25,0.92,0.94,97.88
2017-12-25,PHU BAI,16.402,107.703,3.61,20.17,21.94,19.03,17.08,20.13,82.42,12.24,99.65,3.87,41.2,5.96,34.01,0.91,0.93,98.9
2017-12-26,PHU BAI,16.402,107.703,15.85,21.25,21.81,20.2,20.13,21.37,93.24,14.84,99.65,5.18,31.1,3.09,34.81,0.92,0.94,98.57
2017-12-27,PHU BAI,16.402,107.703,7.98,21.96,23.67,20.9,20.75,21.95,92.82,15.42,99.65,5.51,51.3,4.12,35.32,0.92,0.94,87.06
2017-12-28,PHU BAI,16.402,107.703,4.37,21.45,22.9,20.63,20.44,21.67,93.98,15.12,99.71,4.42,20.6,4.1,34.56,0.92,0.94,66.32
2017-12-29,PHU BAI,16.402,107.703,3.79,21.86,23.79,20.49,20.8,21.83,93.62,15.45,99.81,4.52,62.5,4.0,35.38,0.91,0.94,90.3
2017-12-30,PHU BAI,16.402,107.703,3.15,21.16,23.42,19.7,19.4,21.16,89.79,14.15,99.89,4.62,55.2,5.18,35.16,0.91,0.93,86.09
2017-12-31,PHU BAI,16.402,107.703,2.38,20.43,22.64,18.67,18.26,20.57,87.35,13.18,99.79,5.09,65.5,6.9,34.8,0.91,0.93,93.23
2018-01-01,PHU BAI,16.402,107.703,1.2,20.17,22.37,18.8,18.21,20.21,88.61,13.17,99.61,4.32,70.7,6.57,34.62,0.9,0.93,96.2
2018-01-02,PHU BAI,16.402,107.703,2.05,21.23,23.48,20.01,19.82,21.27,91.77,14.58,99.52,4.54,70.0,7.32,34.65,0.9,0.92,91.93
2018-01-03,PHU BAI,16.402,107.703,5.04,21.82,24.09,20.5,20.72,21.81,93.55,15.44,99.4,4.36,73.6,5.88,35.02,0.9,0.92,73.82
2018-01-04,PHU BAI,16.402,107.703,4.13,22.34,24.57,21.23,21.25,22.48,93.6,15.96,99.29,3.52,58.5,9.15,35.27,0.9,0.92,68.13
2018-01-05,PHU BAI,16.402,107.703,1.9,22.48,24.16,21.48,21.65,22.46,95.01,16.38,99.19,3.09,35.1,7.61,35.66,0.9,0.92,77.55
2018-01-06,PHU BAI,16.402,107.703,0.25,23.45,26.51,21.71,22.39,23.49,93.91,17.16,99.12,2.25,54.9,10.64,36.18,0.89,0.91,72.95
2018-01-07,PHU BAI,16.402,107.703,0.03,24.07,28.16,21.66,22.66,23.77,92.09,17.48,99.14,2.11,123.9,14.16,35.86,0.89,0.91,64.24
2018-01-08,PHU BAI,16.402,107.703,8.88,22.81,28.59,17.53,20.29,23.03,86.17,15.2,99.53,4.99,348.9,18.07,35.42,0.9,0.91,57.26
2018-01-09,PHU BAI,16.402,107.703,6.11,17.54,18.65,17.04,15.56,18.41,88.12,11.05,100.07,5.66,2.9,4.53,33.48,0.9,0.91,93.79
2018-01-10,PHU BAI,16.402,107.703,0.89,16.81,18.14,16.11,14.71,17.81,87.39,10.45,100.21,6.04,4.6,4.14,33.38,0.89,0.91,98.18
2018-01-11,PHU BAI,16.402,107.703,1.58,16.71,17.12,16.26,14.41,17.47,86.24,10.25,100.22,5.25,17.7,4.07,33.1,0.89,0.91,98.68
2018-01-12,PHU BAI,16.402,107.703,2.27,17.22,18.28,16.57,14.41,17.81,83.67,10.26,100.13,4.5,43.0,4.25,33.2,0.89,0.9,98.4
2018-01-13,PHU BAI,16.402,107.703,3.54,18.37,19.87,17.56,16.35,18.64,88.0,11.65,99.93,4.44,50.8,7.93,34.21,0.89,0.9,98.17
2018-01-14,PHU BAI,16.402,107.703,2.56,19.21,21.07,17.8,17.18,19.25,88.15,12.31,99.78,4.21,60.3,6.16,34.41,0.89,0.9,97.88
2018-01-15,PHU BAI,16.402,107.703,0.13,19.62,22.09,17.98,17.89,19.79,89.88,12.92,99.52,3.92,87.3,9.55,34.51,0.88,0.9,90.73
2018-01-16,PHU BAI,16.402,107.703,0.02,20.21,23.99,17.74,18.18,20.34,88.43,13.17,99.44,3.04,84.2,11.56,34.56,0.88,0.89,72.01
2018-01-17,PHU BAI,16.402,107.703,0.0,19.58,23.31,16.18,17.66,19.77,89.11,12.76,99.46,3.11,98.8,15.15,32.68,0.88,0.89,49.06
2018-01-18,PHU BAI,16.402,107.703,0.16,20.08,23.33,18.05,17.69,20.19,86.46,12.76,99.53,3.08,94.9,16.32,33.23,0.87,0.88,51.54
2018-01-19,PHU BAI,16.402,107.703,1.68,20.64,23.1,19.18,19.1,20.68,91.08,13.94,99.54,2.97,32.6,3.49,35.5,0.87,0.88,96.7
2018-01-20,PHU BAI,16.402,107.703,0.75,21.78,24.3,20.04,20.82,21.78,94.38,15.54,99.38,3.6,78.3,9.1,35.2,0.87,0.88,74.62
2018-01-21,PHU BAI,16.402,107.703,1.48,21.85,24.67,20.0,20.56,21.8,92.62,15.3,99.31,3.2,85.9,11.18,35.51,0.87,0.87,75.7
2018-01-22,PHU BAI,16.402,107.703,4.8,21.6,24.2,19.9,20.43,21.68,93.18,15.19,99.27,3.25,74.4,10.83,35.43,0.88,0.88,89.28
2018-01-23,PHU BAI,16.402,107.703,0.92,21.81,24.67,20.0,20.39,21.95,91.82,15.15,99.24,3.16,74.8,11.01,36.07,0.87,0.87,87.5
2018-01-24,PHU BAI,16.402,107.703,2.34,22.0,24.71,20.19,20.73,22.0,92.7,15.5,99.13,3.64,99.1,10.53,34.75,0.87,0.87,81.12
2018-01-25,PHU BAI,16.402,107.703,0.64,22.57,25.76,20.52,21.2,22.57,92.14,15.94,99.15,3.91,103.0,9.28,35.57,0.86,0.86,80.45
2018-01-26,PHU BAI,16.402,107.703,1.76,22.38,24.91,20.97,21.06,22.48,92.43,15.79,99.25,4.0,85.1,8.85,35.36,0.86,0.86,96.12
2018-01-27,PHU BAI,16.402,107.703,1.32,22.37,25.32,20.66,21.15,22.3,93.0,15.89,99.21,4.2,106.1,10.3,35.1,0.86,0.86,80.2
2018-01-28,PHU BAI,16.402,107.703,11.73,23.0,27.12,19.56,21.34,23.04,90.79,16.09,99.25,3.76,64.8,14.95,35.53,0.87,0.85,90.95
2018-01-29,PHU BAI,16.402,107.703,6.5,17.98,20.01,16.93,16.06,18.8,88.52,11.46,99.75,5.23,1.0,5.44,34.19,0.88,0.87,98.51
2018-01-30,PHU BAI,16.402,107.703,1.66,18.66,20.69,17.69,16.72,19.41,88.53,11.96,99.66,3.63,24.8,5.37,34.95,0.86,0.86,98.49
2018-01-31,PHU BAI,16.402,107.703,2.3,16.95,20.15,15.28,14.97,17.98,88.09,10.69,100.05,6.59,2.1,4.08,33.45,0.86,0.86,99.76
2018-02-01,PHU BAI,16.402,107.703,0.49,16.15,17.13,15.54,13.82,17.1,86.07,9.88,99.96,3.4,22.5,7.03,33.49,0.86,0.86,98.95
2018-02-02,PHU BAI,16.402,107.703,2.66,17.27,19.55,15.51,14.86,18.11,85.67,10.57,100.23,5.9,10.2,3.53,33.42,0.86,0.85,99.23
2018-02-03,PHU BAI,16.402,107.703,0.97,15.53,16.83,14.88,12.95,16.4,84.54,9.31,100.25,4.45,8.6,3.84,32.87,0.86,0.85,98.46
2018-02-04,PHU BAI,16.402,107.703,2.17,16.41,17.77,15.64,13.89,17.1,85.08,9.9,100.23,4.28,9.8,10.43,33.28,0.86,0.85,96.13
2018-02-05,PHU BAI,16.402,107.703,1.98,14.8,17.07,13.25,11.99,15.86,83.32,8.74,100.38,5.72,359.9,3.47,32.28,0.86,0.85,98.79
2018-02-06,PHU BAI,16.402,107.703,0.02,14.84,16.34,13.53,11.44,15.9,80.2,8.44,100.05,3.41,354.2,6.67,32.53,0.85,0.85,98.73
2018-02-07,PHU BAI,16.402,107.703,0.41,16.53,19.52,14.83,13.0,17.55,79.96,9.37,99.9,3.43,359.7,10.4,33.28,0.85,0.84,93.23
2018-02-08,PHU BAI,16.402,107.703,0.17,16.38,19.08,13.99,13.14,16.69,81.57,9.49,99.63,2.69,25.4,6.71,32.54,0.85,0.84,71.18
2018-02-09,PHU BAI,16.402,107.703,0.0,19.53,24.23,16.43,16.97,19.66,86.11,12.2,99.44,2.31,118.1,21.0,30.93,0.84,0.83,13.39
2018-02-10,PHU BAI,16.402,107.703,0.76,20.74,25.16,18.06,18.49,20.96,87.66,13.4,99.68,2.43,50.6,19.09,34.49,0.84,0.83,66.84
2018-02-11,PHU BAI,16.402,107.703,5.14,19.92,22.9,18.01,18.38,20.42,90.99,13.25,100.06,4.55,33.2,7.77,35.02,0.85,0.83,98.0
2018-02-12,PHU BAI,16.402,107.703,2.35,18.69,21.39,17.04,16.7,19.15,88.3,11.87,100.26,4.75,47.9,6.22,34.48,0.85,0.83,97.81
2018-02-13,PHU BAI,16.402,107.703,0.4,17.72,20.79,14.76,15.3,17.92,86.01,10.89,100.07,3.73,93.4,6.24,32.84,0.84,0.83,73.94
2018-02-14,PHU BAI,16.402,107.703,0.0,19.9,24.24,17.27,16.81,19.77,83.06,12.06,99.65,2.88,126.5,21.64,30.75,0.84,0.82,9.41
2018-02-15,PHU BAI,16.402,107.703,0.0,22.06,27.35,18.81,18.46,21.46,81.1,13.44,99.43,2.24,129.3,22.41,31.71,0.83,0.82,10.47
2018-02-16,PHU BAI,16.402,107.703,0.01,21.64,26.81,18.02,19.18,21.1,87.17,14.03,99.42,1.81,89.5,19.0,34.22,0.83,0.81,56.85
2018-02-17,PHU BAI,16.402,107.703,0.0,20.66,24.76,18.13,18.89,20.66,89.83,13.76,99.43,2.84,109.7,20.58,32.9,0.83,0.81,36.7
2018-02-18,PHU BAI,16.402,107.703,0.02,22.23,25.72,20.24,20.98,22.24,92.71,15.68,99.47,3.2,101.2,16.27,35.43,0.83,0.8,66.91
2018-02-19,PHU BAI,16.402,107.703,0.43,22.38,26.31,19.4,20.8,22.34,91.17,15.55,99.38,3.74,112.4,17.39,35.25,0.82,0.8,55.15
2018-02-20,PHU BAI,16.402,107.703,0.31,22.19,26.05,19.45,20.64,22.17,91.37,15.42,99.22,3.22,112.4,16.12,35.73,0.82,0.8,62.82
2018-02-21,PHU BAI,16.402,107.703,18.82,22.76,25.86,21.19,21.14,22.82,90.77,15.88,99.2,3.9,105.7,14.65,35.91,0.86,0.81,81.43
2018-02-22,PHU BAI,16.402,107.703,2.85,22.39,24.88,20.39,21.3,22.24,93.62,16.01,99.39,3.92,73.0,13.17,35.99,0.84,0.82,89.69
2018-02-23,PHU BAI,16.402,107.703,5.65,21.08,24.24,19.03,19.86,21.3,92.86,14.63,99.63,3.53,16.9,5.56,35.56,0.84,0.82,97.24
2018-02-24,PHU BAI,16.402,107.703,0.14,22.14,25.73,20.05,20.6,22.49,91.37,15.29,99.66,2.29,64.0,9.97,35.59,0.83,0.81,78.73
2018-02-25,PHU BAI,16.402,107.703,0.51,21.81,24.66,19.87,20.43,22.09,92.07,15.12,99.66,2.87,43.5,6.03,35.86,0.82,0.8,83.77
2018-02-26,PHU BAI,16.402,107.703,0.72,21.66,24.62,19.36,20.38,21.87,92.65,15.09,99.58,3.79,82.1,8.8,36.07,0.82,0.8,89.64
2018-02-27,PHU BAI,16.402,107.703,0.02,22.0,25.54,19.23,20.14,22.09,89.81,14.9,99.36,3.69,113.0,18.25,34.91,0.82,0.79,51.16
2018-02-28,PHU BAI,16.402,107.703,0.03,22.65,26.71,20.12,20.83,22.64,90.13,15.58,99.25,2.23,93.7,15.31,36.13,0.81,0.79,72.41
2018-03-01,PHU BAI,16.402,107.703,0.09,23.68,27.53,21.56,21.82,23.72,89.84,16.58,99.07,2.81,114.1,16.25,36.14,0.81,0.78,56.34
2018-03-02,PHU BAI,16.402,107.703,0.1,24.85,29.16,22.75,22.78,24.49,88.94,17.6,98.97,2.5,111.8,13.89,36.3,0.81,0.78,40.43
2018-03-03,PHU BAI,16.402,107.703,5.44,25.59,29.15,23.01,23.08,25.07,86.59,17.96,98.89,2.53,131.5,17.75,36.03,0.82,0.78,51.31
2018-03-04,PHU BAI,16.402,107.703,0.27,26.15,30.11,24.01,23.45,25.3,85.66,18.35,98.98,2.53,147.3,19.74,35.7,0.81,0.78,19.6
2018-03-05,PHU BAI,16.402,107.703,0.79,25.7,29.54,21.82,23.02,25.31,85.91,17.85,99.1,2.64,119.6,20.5,35.85,0.8,0.78,60.41
2018-03-06,PHU BAI,16.402,107.703,0.73,24.3,27.75,22.15,22.43,24.28,89.67,17.16,99.29,4.09,110.8,14.69,36.29,0.8,0.77,74.41
2018-03-07,PHU BAI,16.402,107.703,0.59,23.95,27.58,21.54,21.98,23.87,89.29,16.69,99.34,3.93,108.1,18.47,35.91,0.8,0.77,61.37
2018-03-08,PHU BAI,16.402,107.703,6.84,20.15,24.5,18.23,18.26,20.66,88.85,13.28,99.76,6.33,7.5,4.65,35.53,0.82,0.78,97.48
2018-03-09,PHU BAI,16.402,107.703,0.78,18.42,20.71,17.05,16.02,19.54,86.0,11.4,99.97,3.73,12.1,4.48,34.3,0.8,0.78,98.84
2018-03-10,PHU BAI,16.402,107.703,0.07,19.4,22.17,17.57,16.72,20.15,84.67,11.94,99.85,3.92,77.3,6.05,35.02,0.8,0.77,94.29
2018-03-11,PHU BAI,16.402,107.703,0.36,20.52,23.93,17.68,18.12,20.8,86.91,13.07,99.78,4.18,94.4,16.34,34.8,0.8,0.77,79.41
2018-03-12,PHU BAI,16.402,107.703,0.09,20.64,24.63,17.17,18.15,20.78,86.63,13.13,99.64,3.67,104.5,13.62,35.16,0.79,0.76,79.9
2018-03-13,PHU BAI,16.402,107.703,0.37,21.65,25.76,18.89,19.21,21.82,86.81,14.07,99.39,3.3,112.2,17.47,34.49,0.79,0.76,55.98
2018-03-14,PHU BAI,16.402,107.703,29.15,22.54,27.07,20.74,20.79,22.67,90.24,15.52,99.28,3.81,83.7,9.46,36.69,0.85,0.77,93.11
2018-03-15,PHU BAI,16.402,107.703,2.61,22.75,27.1,20.26,20.68,22.61,88.58,15.43,99.25,3.07,127.8,12.25,34.63,0.82,0.79,39.74
2018-03-16,PHU BAI,16.402,107.703,2.32,24.04,28.3,21.01,21.5,23.95,86.74,16.21,99.3,2.71,114.4,21.01,35.82,0.8,0.78,52.32
2018-03-17,PHU BAI,16.402,107.703,0.02,24.19,28.31,21.31,22.16,24.13,88.98,16.88,99.32,4.09,117.2,20.01,36.01,0.79,0.77,37.21
2018-03-18,PHU BAI,16.402,107.703,0.02,24.47,28.47,21.98,21.97,24.25,86.6,16.7,99.26,3.24,122.4,19.64,36.0,0.79,0.76,36.97
2018-03-19,PHU BAI,16.402,107.703,0.3,25.97,29.07,23.96,22.84,25.36,83.28,17.66,99.05,1.95,128.5,20.04,35.46,0.78,0.76,31.76
2018-03-20,PHU BAI,16.402,107.703,5.74,21.5,27.49,18.35,18.89,21.77,85.2,13.9,99.46,4.59,340.8,5.1,35.01,0.81,0.76,94.13
2018-03-21,PHU BAI,16.402,107.703,0.1,20.72,24.52,18.7,18.07,21.46,84.93,13.06,99.58,3.88,3.3,6.2,35.46,0.79,0.76,98.66
2018-03-22,PHU BAI,16.402,107.703,0.04,20.27,23.32,18.14,17.68,21.09,85.32,12.74,99.51,3.31,53.9,9.69,34.41,0.79,0.75,79.52
2018-03-23,PHU BAI,16.402,107.703,0.01,20.93,24.29,18.78,18.06,21.24,84.62,13.04,99.62,3.82,90.7,19.62,33.65,0.78,0.75,65.59
2018-03-24,PHU BAI,16.402,107.703,0.01,21.42,25.46,17.84,19.05,21.52,87.13,13.89,99.62,3.6,103.6,21.01,34.13,0.78,0.75,52.24
2018-03-25,PHU BAI,16.402,107.703,0.0,21.8,25.45,19.37,19.14,21.81,85.64,13.94,99.75,2.96,93.4,18.52,33.95,0.77,0.74,44.85
2018-03-26,PHU BAI,16.402,107.703,0.0,21.68,25.09,18.87,19.64,21.77,88.7,14.4,99.7,2.69,84.5,16.05,34.59,0.77,0.74,56.03
2018-03-27,PHU BAI,16.402,107.703,0.0,21.66,25.35,18.94,19.45,21.94,87.91,14.25,99.5,3.27,103.6,20.13,33.43,0.77,0.74,35.46
2018-03-28,PHU BAI,16.402,107.703,0.0,22.46,26.34,19.66,19.94,22.66,86.31,14.73,99.28,3.63,112.9,18.7,34.84,0.77,0.73,37.41
2018-03-29,PHU BAI,16.402,107.703,0.03,23.43,27.47,20.58,21.41,23.62,89.05,16.14,99.24,3.04,107.3,15.53,36.42,0.76,0.73,76.27
2018-03-30,PHU BAI,16.402,107.703,0.04,22.82,26.6,20.6,20.79,23.0,88.69,15.51,99.38,3.16,100.9,13.94,35.21,0.76,0.73,53.65
2018-03-31,PHU BAI,16.402,107.703,0.0,22.2,25.95,18.82,19.95,22.48,87.76,14.73,99.43,2.99,100.9,20.16,33.52,0.76,0.73,53.99
2018-04-01,PHU BAI,16.402,107.703,0.0,21.72,25.87,18.26,18.81,22.02,84.53,13.71,99.4,2.99,104.3,22.43,32.53,0.75,0.72,43.42
2018-04-02,PHU BAI,16.402,107.703,0.0,21.83,26.31,17.71,19.08,22.22,85.45,13.97,99.37,3.41,115.0,22.62,32.49,0.75,0.72,22.68
2018-04-03,PHU BAI,16.402,107.703,0.0,22.08,26.77,18.04,19.13,22.29,84.67,14.05,99.26,3.53,120.2,22.97,32.74,0.75,0.72,27.98
2018-04-04,PHU BAI,16.402,107.703,0.0,22.2,26.87,18.89,19.31,22.38,85.02,14.22,99.14,3.22,114.8,23.2,32.98,0.74,0.71,22.37
2018-04-05,PHU BAI,16.402,107.703,0.03,23.83,28.04,21.33,21.19,24.04,86.08,15.96,99.04,2.82,112.7,22.24,34.99,0.74,0.71,30.76
2018-04-06,PHU BAI,16.402,107.703,38.84,23.06,27.62,20.19,20.68,23.51,86.71,15.45,99.53,6.45,27.3,14.39,36.05,0.83,0.72,89.78
2018-04-07,PHU BAI,16.402,107.703,43.42,19.69,20.96,18.43,17.55,20.18,87.33,12.56,100.01,5.34,36.9,3.72,34.38,0.92,0.81,99.05
2018-04-08,PHU BAI,16.402,107.703,11.58,20.07,22.53,18.52,17.34,20.87,84.44,12.42,99.85,3.47,58.4,5.73,34.73,0.85,0.81,88.72
2018-04-09,PHU BAI,16.402,107.703,0.02,21.82,25.42,19.1,19.36,22.19,86.65,14.17,99.47,3.92,104.3,16.25,35.13,0.8,0.78,68.04
2018-04-10,PHU BAI,16.402,107.703,0.02,23.89,28.38,21.08,21.47,24.1,87.29,16.21,99.21,3.12,112.3,24.48,34.83,0.78,0.76,21.93
2018-04-11,PHU BAI,16.402,107.703,0.0,25.94,30.1,23.05,22.73,25.71,83.49,17.56,98.98,2.87,129.8,24.32,35.59,0.77,0.75,7.21
2018-04-12,PHU BAI,16.402,107.703,0.0,27.7,33.2,24.59,23.77,27.0,80.55,18.72,98.88,2.49,138.6,22.48,36.13,0.76,0.74,34.2
2018-04-13,PHU BAI,16.402,107.703,1.4,27.87,32.75,24.97,24.29,27.25,82.01,19.3,98.96,2.5,131.8,22.24,35.97,0.76,0.73,43.02
2018-04-14,PHU BAI,16.402,107.703,0.99,27.51,32.09,24.31,24.36,27.11,83.96,19.4,98.95,2.12,114.1,21.98,36.41,0.77,0.73,57.96
2018-04-15,PHU BAI,16.402,107.703,1.16,24.52,28.21,21.58,22.6,24.96,89.24,17.41,99.29,3.75,33.9,10.97,36.64,0.76,0.73,90.17
2018-04-16,PHU BAI,16.402,107.703,2.37,23.56,26.53,21.78,21.83,24.12,90.19,16.52,99.47,4.01,5.0,5.7,36.66,0.77,0.73,92.31
2018-04-17,PHU BAI,16.402,107.703,1.83,22.89,26.04,21.02,21.18,23.51,90.12,15.87,99.54,3.67,9.1,7.19,36.19,0.77,0.73,97.15
2018-04-18,PHU BAI,16.402,107.703,0.15,23.56,26.52,22.12,21.69,24.27,89.63,16.4,99.36,2.94,35.8,10.4,36.85,0.76,0.73,89.71
2018-04-19,PHU BAI,16.402,107.703,0.04,24.66,28.13,21.98,22.7,25.11,89.36,17.49,99.17,3.06,100.2,20.71,36.1,0.75,0.72,51.23
2018-04-20,PHU BAI,16.402,107.703,0.98,25.57,29.81,22.73,22.5,25.61,84.27,17.3,99.08,3.43,117.5,23.62,35.96,0.75,0.72,28.55
2018-04-21,PHU BAI,16.402,107.703,4.05,26.01,29.9,23.14,23.37,26.03,85.92,18.25,99.03,3.45,130.5,20.39,36.49,0.76,0.72,47.39
2018-04-22,PHU BAI,16.402,107.703,0.02,27.46,31.31,24.62,23.83,27.13,81.34,18.81,98.85,2.22,139.9,22.93,36.53,0.74,0.71,22.11
2018-04-23,PHU BAI,16.402,107.703,0.0,28.79,33.89,25.72,23.9,27.88,76.42,18.91,98.74,2.21,144.6,24.5,36.57,0.73,0.7,20.03
2018-04-24,PHU BAI,16.402,107.703,1.31,28.69,33.52,25.44,24.21,28.16,78.22,19.25,98.84,1.93,125.4,21.34,37.29,0.73,0.7,65.49
2018-04-25,PHU BAI,16.402,107.703,5.68,26.9,31.24,24.45,24.21,26.98,86.25,19.21,98.98,2.11,88.0,13.08,37.13,0.75,0.7,88.91
2018-04-26,PHU BAI,16.402,107.703,3.01,25.93,28.95,24.02,24.27,26.02,90.81,19.23,99.19,2.26,104.2,13.82,36.71,0.75,0.71,89.89
2018-04-27,PHU BAI,16.402,107.703,0.23,25.53,27.87,23.78,23.65,25.81,89.65,18.49,99.38,2.79,80.3,15.83,36.9,0.73,0.7,74.13
2018-04-28,PHU BAI,16.402,107.703,6.85,25.79,28.2,24.28,23.75,26.14,88.83,18.61,99.28,2.86,81.8,19.74,36.73,0.75,0.7,81.83
2018-04-29,PHU BAI,16.402,107.703,18.47,25.03,26.53,23.5,23.73,25.02,92.53,18.63,99.18,2.62,98.7,12.11,37.32,0.81,0.72,98.93
2018-04-30,PHU BAI,16.402,107.703,7.16,26.63,29.76,24.65,24.01,26.68,86.23,18.94,99.15,2.36,120.4,19.48,37.01,0.79,0.73,87.44
2018-05-01,PHU BAI,16.402,107.703,0.05,26.76,29.65,24.49,24.04,26.58,85.6,18.99,99.19,1.8,129.9,21.81,36.86,0.76,0.73,63.42
2018-05-02,PHU BAI,16.402,107.703,0.38,27.11,30.77,24.46,24.33,27.1,85.71,19.32,99.19,2.28,101.4,23.45,36.63,0.74,0.71,63.8
2018-05-03,PHU BAI,16.402,107.703,0.03,26.36,30.15,23.62,23.63,26.56,86.12,18.53,99.33,2.85,101.2,22.17,36.24,0.73,0.71,64.44
2018-05-04,PHU BAI,16.402,107.703,0.31,26.6,29.91,24.31,23.96,26.8,86.08,18.87,99.29,3.61,112.4,22.52,36.64,0.73,0.7,66.63
2018-05-05,PHU BAI,16.402,107.703,2.32,26.94,30.36,24.59,24.0,27.22,84.67,18.91,99.26,3.35,118.9,20.51,36.97,0.73,0.7,76.61
2018-05-06,PHU BAI,16.402,107.703,4.96,27.73,31.09,24.82,24.37,27.3,82.48,19.39,99.02,1.94,207.2,19.57,37.03,0.76,0.7,89.71
2018-05-07,PHU BAI,16.402,107.703,0.18,28.6,32.28,25.36,24.53,27.99,79.21,19.64,98.75,2.08,218.8,23.47,36.62,0.73,0.7,60.06
2018-05-08,PHU BAI,16.402,107.703,1.17,28.33,31.71,25.56,24.66,27.65,80.87,19.79,98.81,2.31,225.5,24.15,37.03,0.73,0.7,64.62
2018-05-09,PHU BAI,16.402,107.703,3.87,29.2,33.09,26.36,24.15,28.73,75.14,19.15,99.02,1.35,154.5,21.14,37.05,0.74,0.7,85.7
2018-05-10,PHU BAI,16.402,107.703,1.91,27.31,29.73,25.13,24.46,27.12,84.85,19.48,99.11,1.66,129.0,14.2,37.09,0.74,0.7,94.54
2018-05-11,PHU BAI,16.402,107.703,2.16,26.74,29.77,24.43,24.44,26.71,87.77,19.46,99.1,2.47,123.0,21.9,36.89,0.74,0.7,90.77
2018-05-12,PHU BAI,16.402,107.703,0.06,27.2,31.14,24.8,24.31,27.09,85.07,19.31,99.09,2.48,123.3,24.16,36.65,0.73,0.69,53.35
2018-05-13,PHU BAI,16.402,107.703,0.12,27.2,30.65,24.58,24.01,27.05,83.3,18.98,99.08,2.45,123.4,22.7,36.73,0.72,0.69,64.64
2018-05-14,PHU BAI,16.402,107.703,0.04,27.86,31.76,25.16,23.79,27.74,79.34,18.73,98.98,2.19,134.2,24.18,36.63,0.71,0.68,55.93
2018-05-15,PHU BAI,16.402,107.703,0.24,28.24,32.12,26.02,24.24,28.04,79.85,19.28,98.83,2.25,134.3,22.74,37.12,0.71,0.67,68.73
2018-05-16,PHU BAI,16.402,107.703,0.42,28.45,32.11,25.34,24.32,28.71,79.5,19.38,98.82,2.16,164.1,21.55,37.45,0.71,0.67,72.36
2018-05-17,PHU BAI,16.402,107.703,0.81,28.19,31.93,25.93,23.95,27.71,78.59,18.94,98.8,2.1,190.2,23.29,37.33,0.7,0.67,74.89
2018-05-18,PHU BAI,16.402,107.703,2.03,28.51,31.89,26.22,23.69,28.08,76.03,18.66,98.79,1.54,152.2,21.99,37.13,0.71,0.67,73.03
2018-05-19,PHU BAI,16.402,107.703,0.64,28.21,32.41,25.54,24.14,28.07,79.92,19.19,98.76,2.23,118.6,22.97,37.22,0.7,0.66,78.97
2018-05-20,PHU BAI,16.402,107.703,0.1,28.16,31.69,25.54,24.58,27.92,81.92,19.69,98.84,1.98,127.4,21.17,37.29,0.7,0.66,90.24
2018-05-21,PHU BAI,16.402,107.703,0.23,27.07,30.06,24.72,24.33,27.1,85.58,19.37,98.94,2.29,111.1,24.51,36.59,0.7,0.66,24.22
2018-05-22,PHU BAI,16.402,107.703,0.52,26.94,29.9,24.78,24.37,26.9,86.29,19.39,99.06,1.82,96.7,23.94,36.83,0.69,0.66,47.9
2018-05-23,PHU BAI,16.402,107.703,1.66,26.89,29.93,24.7,24.34,26.97,86.52,19.37,98.97,2.06,108.0,23.6,36.33,0.7,0.66,57.42
2018-05-24,PHU BAI,16.402,107.703,1.63,27.37,30.71,25.05,24.08,27.33,82.93,19.08,98.91,2.22,143.1,20.92,37.2,0.71,0.66,66.81
2018-05-25,PHU BAI,16.402,107.703,2.93,28.05,31.22,25.56,23.69,27.45,77.79,18.64,98.82,1.64,195.6,22.22,37.06,0.72,0.66,84.59
2018-05-26,PHU BAI,16.402,107.703,0.12,28.1,31.14,25.71,24.06,27.58,79.33,19.04,98.94,1.55,223.3,21.63,37.61,0.7,0.66,82.88
2018-05-27,PHU BAI,16.402,107.703,0.16,27.78,29.38,25.69,24.2,27.39,81.07,19.19,99.06,1.83,147.4,13.72,38.0,0.7,0.66,99.39
2018-05-28,PHU BAI,16.402,107.703,0.15,27.58,31.54,25.45,23.97,27.62,81.78,18.95,99.08,1.85,96.7,18.63,37.74,0.69,0.65,96.87
2018-05-29,PHU BAI,16.402,107.703,3.86,27.66,30.37,25.4,24.48,27.51,83.45,19.53,99.06,2.04,120.8,22.07,37.35,0.7,0.65,82.77
2018-05-30,PHU BAI,16.402,107.703,4.33,27.73,29.89,26.14,24.98,27.59,85.27,20.11,99.04,1.72,112.6,23.87,37.16,0.72,0.66,64.89
2018-05-31,PHU BAI,16.402,107.703,2.19,28.09,31.06,25.54,24.78,27.86,82.75,19.89,99.03,1.81,125.1,23.7,37.23,0.71,0.66,26.41
2018-06-01,PHU BAI,16.402,107.703,1.34,27.84,31.17,24.25,24.6,27.76,83.55,19.69,98.98,2.3,110.7,24.27,37.08,0.7,0.65,68.15
2018-06-02,PHU BAI,16.402,107.703,3.28,27.45,30.56,24.9,23.7,27.34,80.89,18.66,98.9,2.02,90.3,18.31,36.98,0.7,0.65,98.83
2018-06-03,PHU BAI,16.402,107.703,15.52,26.62,28.46,24.99,23.55,26.52,83.34,18.52,98.65,2.34,300.6,9.26,36.98,0.76,0.66,98.13
2018-06-04,PHU BAI,16.402,107.703,35.43,26.38,28.36,24.84,24.34,26.26,88.79,19.46,98.6,4.17,290.3,3.66,37.38,0.83,0.7,98.91
2018-06-05,PHU BAI,16.402,107.703,15.91,26.55,28.96,24.9,24.12,26.44,86.84,19.16,98.73,3.44,284.0,9.2,37.18,0.82,0.74,99.67
2018-06-06,PHU BAI,16.402,107.703,3.35,27.36,29.79,25.26,24.77,27.24,85.95,19.94,98.63,2.61,268.3,14.9,37.54,0.76,0.72,99.27
2018-06-07,PHU BAI,16.402,107.703,11.07,28.24,31.46,25.65,25.18,27.91,83.81,20.49,98.5,2.23,270.6,18.25,37.94,0.77,0.71,96.7
2018-06-08,PHU BAI,16.402,107.703,3.4,27.91,30.76,25.73,24.95,27.66,84.19,20.22,98.36,3.27,246.2,17.96,38.22,0.75,0.71,92.5
2018-06-09,PHU BAI,16.402,107.703,5.54,27.87,31.25,25.45,24.51,27.53,82.39,19.69,98.41,4.88,252.4,18.96,38.42,0.75,0.7,90.91
2018-06-10,PHU BAI,16.402,107.703,1.02,27.96,30.94,25.43,24.49,27.62,81.92,19.63,98.58,4.44,250.6,17.68,38.36,0.73,0.69,95.8
2018-06-11,PHU BAI,16.402,107.703,0.58,27.88,30.28,26.28,23.89,27.35,79.06,18.94,98.65,5.51,244.7,16.17,37.89,0.72,0.68,98.5
2018-06-12,PHU BAI,16.402,107.703,0.1,27.83,30.07,26.28,22.65,27.09,73.76,17.58,98.6,7.49,244.9,16.55,37.56,0.7,0.67,99.28
2018-06-13,PHU BAI,16.402,107.703,0.18,27.88,30.11,26.24,23.11,27.24,75.65,18.07,98.47,6.72,245.2,16.14,37.95,0.7,0.67,99.74
2018-06-14,PHU BAI,16.402,107.703,0.14,27.32,30.5,25.86,22.6,26.94,75.82,17.55,98.41,6.8,245.1,11.76,38.18,0.69,0.66,99.55
2018-06-15,PHU BAI,16.402,107.703,1.39,26.91,29.06,24.74,23.64,26.7,82.55,18.68,98.44,3.91,240.8,14.68,38.46,0.7,0.66,99.23
2018-06-16,PHU BAI,16.402,107.703,1.53,27.68,30.63,25.37,24.17,27.46,81.52,19.27,98.4,2.54,235.0,14.32,37.81,0.7,0.66,97.12
2018-06-17,PHU BAI,16.402,107.703,1.47,27.58,30.48,24.99,24.15,27.54,82.01,19.28,98.39,1.48,187.0,16.03,37.72,0.71,0.66,87.83
2018-06-18,PHU BAI,16.402,107.703,1.12,28.49,31.91,25.57,24.76,28.29,80.87,20.0,98.36,1.95,162.9,21.77,38.22,0.7,0.66,62.3
2018-06-19,PHU BAI,16.402,107.703,0.16,28.66,31.95,25.59,24.55,28.19,78.89,19.7,98.57,2.35,228.0,18.61,38.5,0.69,0.65,71.64
2018-06-20,PHU BAI,16.402,107.703,0.22,28.93,32.28,25.99,24.73,28.53,78.63,19.88,98.72,2.53,233.1,17.88,38.32,0.68,0.65,90.72
2018-06-21,PHU BAI,16.402,107.703,1.11,27.91,30.61,25.82,24.78,27.59,83.36,19.94,98.74,2.84,223.6,19.61,37.78,0.69,0.65,95.24
2018-06-22,PHU BAI,16.402,107.703,0.79,28.1,31.1,25.48,24.49,27.79,81.08,19.62,98.66,2.63,223.7,21.68,37.38,0.69,0.65,92.11
2018-06-23,PHU BAI,16.402,107.703,8.66,28.09,31.01,25.23,24.59,27.72,81.67,19.75,98.62,2.54,218.6,21.99,37.29,0.72,0.65,97.21
2018-06-24,PHU BAI,16.402,107.703,17.24,28.06,31.15,25.22,24.69,27.9,82.26,19.85,98.72,2.19,205.7,16.13,37.49,0.79,0.68,94.96
2018-06-25,PHU BAI,16.402,107.703,5.34,26.99,29.95,25.15,24.29,27.39,85.61,19.35,98.8,1.94,137.8,18.4,37.05,0.74,0.69,96.44
2018-06-26,PHU BAI,16.402,107.703,2.78,27.54,30.84,24.96,23.05,27.6,77.41,17.91,98.98,1.53,135.9,13.55,36.68,0.73,0.68,98.91
2018-06-27,PHU BAI,16.402,107.703,1.27,27.59,30.8,25.81,23.85,27.92,80.84,18.81,99.02,1.9,64.7,20.01,37.11,0.72,0.68,86.36
2018-06-28,PHU BAI,16.402,107.703,0.32,27.84,29.88,25.45,23.93,27.68,79.64,18.91,98.83,1.98,247.8,22.36,37.14,0.71,0.67,59.56
2018-06-29,PHU BAI,16.402,107.703,1.01,28.63,31.86,25.02,24.34,28.38,78.17,19.45,98.58,2.7,234.9,25.33,37.05,0.7,0.66,63.22
2018-06-30,PHU BAI,16.402,107.703,1.67,28.83,32.89,25.61,24.59,28.58,78.69,19.75,98.57,3.31,232.1,24.85,37.35,0.7,0.66,67.36
2018-07-01,PHU BAI,16.402,107.703,1.18,28.78,32.6,25.97,24.37,28.45,77.87,19.49,98.56,3.82,232.5,23.09,38.01,0.69,0.65,65.89
2018-07-02,PHU BAI,16.402,107.703,0.68,28.03,31.18,25.48,24.49,27.7,81.4,19.65,98.47,4.02,232.4,22.61,37.87,0.69,0.65,64.19
2018-07-03,PHU BAI,16.402,107.703,0.14,28.7,32.06,26.17,24.4,28.32,78.13,19.56,98.4,4.01,234.6,23.72,38.0,0.67,0.64,64.92
2018-07-04,PHU BAI,16.402,107.703,0.32,28.29,31.54,26.31,24.45,27.82,79.94,19.63,98.35,4.42,239.1,23.98,37.69,0.68,0.64,65.92
2018-07-05,PHU BAI,16.402,107.703,0.23,28.2,31.42,25.62,24.49,27.74,80.62,19.69,98.33,3.24,235.1,22.39,38.14,0.68,0.64,59.07
2018-07-06,PHU BAI,16.402,107.703,0.49,28.4,32.21,25.38,24.58,28.17,80.35,19.81,98.29,2.69,228.9,21.23,37.74,0.67,0.63,97.62
2018-07-07,PHU BAI,16.402,107.703,0.88,28.8,32.25,26.08,24.96,28.66,80.37,20.26,98.26,2.41,190.8,20.71,37.68,0.67,0.63,98.1
2018-07-08,PHU BAI,16.402,107.703,4.25,27.26,29.17,25.11,23.99,27.29,82.53,19.07,98.38,1.69,197.8,16.36,38.11,0.7,0.63,92.81
2018-07-09,PHU BAI,16.402,107.703,10.01,27.68,30.69,25.3,23.94,27.53,80.55,19.0,98.47,1.8,218.4,17.62,38.18,0.72,0.64,90.84
2018-07-10,PHU BAI,16.402,107.703,34.32,27.61,30.87,24.97,24.68,27.72,84.5,19.91,98.39,3.48,287.7,17.4,37.6,0.83,0.68,90.45
2018-07-11,PHU BAI,16.402,107.703,10.42,27.1,29.88,25.13,24.53,27.2,86.08,19.73,98.29,3.24,283.2,14.32,37.92,0.78,0.71,98.05
2018-07-12,PHU BAI,16.402,107.703,7.94,26.87,29.58,24.87,24.29,27.19,85.99,19.45,98.24,2.41,266.2,15.31,37.24,0.75,0.7,96.75
2018-07-13,PHU BAI,16.402,107.703,8.79,27.39,30.3,25.74,24.64,27.52,85.34,19.87,98.22,1.75,183.4,17.89,37.69,0.76,0.7,98.91
2018-07-14,PHU BAI,16.402,107.703,7.24,27.36,30.6,25.05,24.5,27.44,84.69,19.71,98.23,2.91,243.2,12.72,37.32,0.74,0.69,99.54
2018-07-15,PHU BAI,16.402,107.703,16.0,26.73,28.78,24.86,24.06,26.62,85.54,19.21,98.19,4.6,240.3,10.54,36.91,0.78,0.7,99.47
2018-07-16,PHU BAI,16.402,107.703,11.84,26.78,29.56,24.69,23.71,26.74,83.56,18.86,97.99,5.42,240.2,12.35,37.57,0.77,0.71,99.45
2018-07-17,PHU BAI,16.402,107.703,14.24,26.87,29.34,25.42,24.12,27.1,85.25,19.29,98.06,2.84,131.2,15.02,37.85,0.77,0.7,98.41
2018-07-18,PHU BAI,16.402,107.703,17.49,27.03,28.82,25.54,24.76,26.95,87.52,20.05,98.09,2.55,209.6,9.06,37.86,0.81,0.72,99.59
2018-07-19,PHU BAI,16.402,107.703,2.42,28.08,31.12,26.0,24.67,27.96,82.37,19.89,98.37,1.83,178.6,13.0,37.92,0.75,0.71,99.42
2018-07-20,PHU BAI,16.402,107.703,2.53,27.89,30.28,26.21,24.46,27.54,82.01,19.6,98.51,3.61,244.3,15.51,38.27,0.74,0.7,99.38
2018-07-21,PHU BAI,16.402,107.703,5.12,28.05,31.1,26.27,23.82,27.4,78.16,18.91,98.3,6.12,234.1,12.99,37.79,0.73,0.69,99.53
2018-07-22,PHU BAI,16.402,107.703,18.94,27.25,29.46,25.64,23.96,26.71,82.45,19.11,98.14,7.37,244.6,6.99,36.85,0.8,0.71,99.62
2018-07-23,PHU BAI,16.402,107.703,3.54,27.26,29.38,25.96,24.26,26.73,83.83,19.42,98.26,5.42,243.3,17.5,36.9,0.75,0.71,97.21
2018-07-24,PHU BAI,16.402,107.703,3.28,27.09,29.7,25.34,23.67,26.62,81.91,18.71,98.41,4.8,237.8,17.84,37.86,0.74,0.7,97.14
2018-07-25,PHU BAI,16.402,107.703,8.46,27.49,30.98,24.74,23.62,27.18,79.91,18.62,98.56,3.48,235.1,15.73,37.72,0.75,0.7,98.95
2018-07-26,PHU BAI,16.402,107.703,5.08,27.36,30.04,24.78,23.74,27.03,80.92,18.75,98.62,2.7,219.1,10.31,37.14,0.75,0.7,99.61
2018-07-27,PHU BAI,16.402,107.703,12.8,26.72,29.27,24.48,23.51,26.62,82.84,18.47,98.63,2.69,210.7,6.15,37.54,0.78,0.71,99.51
2018-07-28,PHU BAI,16.402,107.703,7.85,27.72,30.8,24.89,24.36,27.68,82.45,19.47,98.54,1.9,195.2,8.7,37.13,0.77,0.71,99.81
2018-07-29,PHU BAI,16.402,107.703,7.24,27.09,29.46,25.04,23.93,26.91,83.08,18.95,98.58,2.66,218.3,13.61,37.28,0.77,0.71,97.26
2018-07-30,PHU BAI,16.402,107.703,2.11,27.34,30.63,24.95,23.5,27.05,80.13,18.48,98.59,3.63,227.5,18.35,37.87,0.74,0.7,93.91
2018-07-31,PHU BAI,16.402,107.703,0.26,26.81,30.07,24.4,23.56,26.62,82.62,18.54,98.72,3.16,229.9,14.26,37.38,0.73,0.7,88.88
2018-08-01,PHU BAI,16.402,107.703,0.54,28.55,31.77,25.89,24.3,28.12,78.21,19.41,98.62,2.46,239.9,22.51,37.75,0.72,0.69,59.73
2018-08-02,PHU BAI,16.402,107.703,2.95,28.24,31.01,25.52,24.6,27.97,80.99,19.78,98.51,2.33,237.5,23.1,37.68,0.73,0.69,64.99
2018-08-03,PHU BAI,16.402,107.703,2.9,27.32,30.13,25.2,24.03,27.2,82.5,19.11,98.47,3.62,240.2,23.2,37.6,0.73,0.69,54.13
2018-08-04,PHU BAI,16.402,107.703,0.71,28.33,31.35,25.65,24.52,28.32,80.42,19.67,98.51,1.71,235.2,23.51,37.55,0.72,0.68,70.97
2018-08-05,PHU BAI,16.402,107.703,1.92,27.77,30.48,26.0,24.47,27.73,82.38,19.59,98.6,1.49,283.5,20.18,37.55,0.72,0.68,91.44
2018-08-06,PHU BAI,16.402,107.703,5.55,27.62,30.06,25.47,24.34,27.63,82.59,19.44,98.57,2.15,336.4,23.73,37.24,0.74,0.68,65.43
2018-08-07,PHU BAI,16.402,107.703,5.74,27.58,30.14,25.1,24.15,27.66,81.88,19.24,98.47,2.22,103.9,23.01,37.11,0.74,0.69,81.55
2018-08-08,PHU BAI,16.402,107.703,4.23,27.36,30.3,25.21,24.38,27.44,84.3,19.53,98.43,2.82,298.8,15.59,37.38,0.74,0.69,98.3
2018-08-09,PHU BAI,16.402,107.703,8.36,26.51,29.13,24.08,24.15,26.65,87.06,19.28,98.45,4.31,268.8,4.38,37.28,0.76,0.7,99.08
2018-08-10,PHU BAI,16.402,107.703,0.92,27.43,30.67,25.07,24.1,27.35,82.55,19.23,98.35,4.87,256.6,13.61,36.82,0.72,0.69,98.94
2018-08-11,PHU BAI,16.402,107.703,0.2,27.67,30.83,26.04,23.39,27.38,77.78,18.45,98.21,7.11,249.4,17.87,37.13,0.71,0.68,98.04
2018-08-12,PHU BAI,16.402,107.703,3.38,27.11,29.5,25.39,23.46,26.95,80.88,18.53,98.17,6.6,254.2,15.92,38.01,0.71,0.67,99.08
2018-08-13,PHU BAI,16.402,107.703,8.9,26.77,29.23,25.21,23.38,26.7,82.0,18.42,98.28,6.16,250.0,11.11,36.98,0.74,0.68,99.88
2018-08-14,PHU BAI,16.402,107.703,4.12,27.23,30.28,25.29,23.87,26.98,82.18,18.98,98.25,7.19,253.0,10.53,36.84,0.73,0.68,99.64
2018-08-15,PHU BAI,16.402,107.703,5.89,27.61,30.43,25.9,24.02,27.25,81.17,19.16,98.21,7.55,255.1,12.52,37.41,0.73,0.68,99.57
2018-08-16,PHU BAI,16.402,107.703,1.63,27.79,31.31,25.25,24.27,27.39,81.72,19.49,98.01,5.12,244.0,12.21,37.3,0.71,0.68,98.8
2018-08-17,PHU BAI,16.402,107.703,2.61,28.45,32.25,25.53,24.46,28.1,79.62,19.7,98.09,3.23,231.9,18.63,38.35,0.71,0.67,89.86
2018-08-18,PHU BAI,16.402,107.703,2.77,28.5,31.93,25.23,24.38,28.16,78.91,19.55,98.34,1.87,217.4,18.67,38.08,0.71,0.67,98.18
2018-08-19,PHU BAI,16.402,107.703,3.89,27.85,31.09,25.23,24.44,27.65,82.03,19.58,98.52,2.4,230.8,19.29,38.3,0.72,0.67,76.23
2018-08-20,PHU BAI,16.402,107.703,1.23,27.65,31.55,25.52,24.16,27.53,81.76,19.25,98.51,4.45,241.1,23.46,37.65,0.7,0.67,59.23
2018-08-21,PHU BAI,16.402,107.703,4.92,27.33,30.46,24.77,24.04,27.16,82.6,19.16,98.36,4.61,244.9,21.92,37.57,0.71,0.66,67.09
2018-08-22,PHU BAI,16.402,107.703,2.73,27.57,30.99,25.05,24.43,27.55,83.4,19.62,98.34,3.25,238.8,19.64,37.79,0.72,0.67,90.24
2018-08-23,PHU BAI,16.402,107.703,3.62,27.61,31.57,25.0,24.18,27.58,81.95,19.29,98.53,4.37,247.9,12.79,38.3,0.71,0.67,98.97
2018-08-24,PHU BAI,16.402,107.703,3.76,26.94,29.28,25.14,23.71,26.81,82.81,18.72,98.59,3.5,236.0,11.78,37.79,0.72,0.67,99.34
2018-08-25,PHU BAI,16.402,107.703,4.39,26.96,29.33,24.98,24.19,26.89,85.08,19.3,98.47,3.89,251.3,11.12,38.0,0.72,0.67,99.68
2018-08-26,PHU BAI,16.402,107.703,7.65,26.27,28.86,24.53,23.11,26.29,83.18,18.1,98.39,5.51,243.2,11.33,36.98,0.74,0.68,99.69
2018-08-27,PHU BAI,16.402,107.703,6.37,26.35,29.83,24.02,22.44,26.3,79.79,17.34,98.57,5.42,239.7,14.13,36.85,0.73,0.68,98.82
2018-08-28,PHU BAI,16.402,107.703,2.6,26.85,30.88,24.66,22.99,26.69,79.95,17.93,98.55,5.85,242.8,16.76,37.47,0.71,0.67,99.28
2018-08-29,PHU BAI,16.402,107.703,1.81,27.29,31.19,24.7,22.96,26.92,77.77,17.93,98.36,5.8,239.2,14.14,36.85,0.7,0.66,99.5
2018-08-30,PHU BAI,16.402,107.703,0.96,27.46,30.98,25.27,22.9,27.15,76.8,17.83,98.5,3.9,220.5,16.81,37.54,0.69,0.66,95.37
2018-08-31,PHU BAI,16.402,107.703,0.25,28.76,32.4,25.48,24.3,28.29,77.56,19.37,98.81,1.78,210.3,21.42,37.66,0.69,0.65,80.68
2018-09-01,PHU BAI,16.402,107.703,0.95,28.5,31.25,25.56,24.36,28.15,78.72,19.42,98.86,1.83,217.7,20.97,37.27,0.69,0.65,75.89
2018-09-02,PHU BAI,16.402,107.703,10.49,27.45,29.6,25.31,24.32,27.36,83.29,19.38,98.71,2.09,207.7,20.13,37.9,0.74,0.66,80.82
2018-09-03,PHU BAI,16.402,107.703,15.29,28.14,30.76,25.85,24.33,27.98,80.16,19.4,98.72,2.07,257.7,21.66,37.19,0.78,0.68,53.12
2018-09-04,PHU BAI,16.402,107.703,2.69,27.96,30.97,24.64,23.81,27.72,78.64,18.78,98.82,2.36,247.6,23.76,37.28,0.73,0.68,45.98
2018-09-05,PHU BAI,16.402,107.703,0.84,28.35,31.78,25.03,24.35,28.27,79.52,19.45,98.69,2.77,260.4,23.61,37.24,0.71,0.67,37.59
2018-09-06,PHU BAI,16.402,107.703,0.17,28.39,31.85,26.17,24.39,28.38,79.55,19.5,98.61,2.23,153.7,23.34,37.37,0.7,0.66,75.52
2018-09-07,PHU BAI,16.402,107.703,10.91,28.34,31.63,25.9,24.1,28.11,78.54,19.16,98.68,2.09,105.4,22.09,37.14,0.73,0.66,72.43
2018-09-08,PHU BAI,16.402,107.703,33.68,27.41,30.21,25.24,24.26,27.62,83.44,19.3,98.91,2.06,59.4,16.09,37.6,0.85,0.71,97.61
2018-09-09,PHU BAI,16.402,107.703,3.89,27.17,30.19,25.4,23.85,27.52,82.63,18.76,99.12,2.18,65.5,12.76,37.7,0.76,0.72,93.15
2018-09-10,PHU BAI,16.402,107.703,1.24,26.22,27.25,25.08,23.76,26.29,86.25,18.64,99.19,1.59,5.8,11.38,37.23,0.74,0.7,96.59
2018-09-11,PHU BAI,16.402,107.703,4.09,26.8,29.09,24.92,23.89,27.17,84.31,18.84,98.96,1.57,41.8,19.77,37.12,0.74,0.69,71.76
2018-09-12,PHU BAI,16.402,107.703,24.61,27.01,29.54,24.99,24.0,27.32,83.9,19.02,98.78,2.53,73.7,19.01,37.03,0.82,0.71,89.94
2018-09-13,PHU BAI,16.402,107.703,17.58,27.05,29.19,25.49,23.85,27.13,82.82,18.82,98.82,2.88,80.2,17.65,37.23,0.81,0.74,83.45
2018-09-14,PHU BAI,16.402,107.703,18.43,27.3,29.69,25.8,24.42,27.74,84.6,19.47,98.87,3.15,50.5,18.03,37.03,0.8,0.73,79.83
2018-09-15,PHU BAI,16.402,107.703,3.48,26.67,28.38,25.18,24.5,26.99,88.01,19.63,98.62,2.97,319.8,18.08,36.34,0.77,0.73,97.79
2018-09-16,PHU BAI,16.402,107.703,2.98,27.29,29.33,25.55,24.89,27.06,86.87,20.18,98.28,3.29,278.0,19.0,37.27,0.76,0.72,98.45
2018-09-17,PHU BAI,16.402,107.703,9.49,27.81,31.27,25.87,24.87,27.92,84.78,20.09,98.54,2.31,110.8,16.27,36.7,0.77,0.72,99.36
2018-09-18,PHU BAI,16.402,107.703,9.95,26.69,28.26,25.18,25.08,26.72,90.98,20.3,98.88,3.33,100.6,16.43,37.24,0.79,0.72,84.59
2018-09-19,PHU BAI,16.402,107.703,4.89,26.8,29.37,24.9,24.48,27.07,87.33,19.52,99.09,3.65,106.4,17.82,36.96,0.77,0.73,46.53
2018-09-20,PHU BAI,16.402,107.703,1.77,26.83,29.43,25.01,23.73,27.43,83.42,18.62,99.13,2.77,68.4,21.02,36.37,0.74,0.71,35.19
2018-09-21,PHU BAI,16.402,107.703,1.75,26.69,29.04,25.21,23.48,27.08,82.72,18.33,99.23,2.66,69.4,19.18,36.62,0.74,0.7,47.79
2018-09-22,PHU BAI,16.402,107.703,2.36,26.73,29.32,24.93,23.64,27.26,83.57,18.49,99.36,2.26,81.5,20.29,36.86,0.74,0.7,80.29
2018-09-23,PHU BAI,16.402,107.703,4.83,26.7,28.79,24.94,23.61,26.85,83.44,18.48,99.3,1.39,75.6,20.75,36.65,0.75,0.7,53.5
2018-09-24,PHU BAI,16.402,107.703,1.56,27.18,30.2,24.35,23.13,27.41,78.95,17.97,99.08,1.99,46.1,23.46,36.47,0.74,0.7,19.16
2018-09-25,PHU BAI,16.402,107.703,0.27,28.03,31.56,25.49,23.99,28.37,79.3,18.97,98.9,2.46,145.3,23.81,37.0,0.72,0.69,25.22
2018-09-26,PHU BAI,16.402,107.703,0.73,28.21,31.85,25.11,24.21,28.42,79.72,19.23,98.89,2.71,122.2,22.71,37.07,0.72,0.68,24.06
2018-09-27,PHU BAI,16.402,107.703,4.26,28.04,31.93,25.09,24.41,28.39,81.49,19.47,98.9,3.11,117.5,22.05,36.84,0.73,0.68,17.43
2018-09-28,PHU BAI,16.402,107.703,12.76,27.62,30.6,25.43,24.09,28.08,81.51,19.07,99.02,3.08,81.2,20.53,37.03,0.77,0.69,57.05
2018-09-29,PHU BAI,16.402,107.703,18.01,26.86,29.28,24.96,24.27,27.6,85.91,19.28,99.04,3.7,8.8,10.41,37.12,0.8,0.71,85.01
2018-09-30,PHU BAI,16.402,107.703,14.63,26.35,28.88,24.64,23.31,26.67,83.52,18.17,99.12,3.61,11.6,10.23,37.32,0.79,0.72,93.04
2018-10-01,PHU BAI,16.402,107.703,19.22,25.81,28.0,23.99,22.99,26.29,84.52,17.78,99.29,3.21,42.0,8.92,37.51,0.81,0.74,97.76
2018-10-02,PHU BAI,16.402,107.703,12.07,25.66,27.8,24.27,22.48,25.79,82.73,17.22,99.35,4.2,50.4,7.5,37.2,0.8,0.75,87.86
2018-10-03,PHU BAI,16.402,107.703,24.89,25.86,27.87,24.61,23.08,26.01,84.79,17.85,99.42,5.76,58.9,12.39,37.2,0.84,0.76,92.37
2018-10-04,PHU BAI,16.402,107.703,2.27,25.31,28.31,22.86,21.71,25.52,80.66,16.43,99.47,4.08,72.2,13.77,35.75,0.77,0.75,43.41
2018-10-05,PHU BAI,16.402,107.703,1.27,25.13,27.94,22.76,21.01,25.16,78.08,15.73,99.4,1.95,70.9,18.62,35.09,0.76,0.73,23.74
2018-10-06,PHU BAI,16.402,107.703,0.0,25.58,28.83,22.88,21.44,25.86,78.37,16.15,99.4,2.0,76.9,19.53,35.39,0.74,0.72,26.53
2018-10-07,PHU BAI,16.402,107.703,0.08,25.33,28.76,22.86,21.48,25.58,79.66,16.2,99.39,2.76,91.6,19.14,35.32,0.73,0.71,25.1
2018-10-08,PHU BAI,16.402,107.703,0.1,24.78,28.49,21.58,20.86,25.04,79.18,15.63,99.33,2.74,96.6,21.64,34.58,0.73,0.7,17.82
2018-10-09,PHU BAI,16.402,107.703,0.2,25.69,28.9,23.99,22.44,26.21,82.73,17.19,99.32,2.75,85.9,20.49,35.12,0.72,0.7,20.34
2018-10-10,PHU BAI,16.402,107.703,13.91,25.88,28.59,23.63,23.01,26.53,84.59,17.78,99.46,3.54,48.1,17.51,36.7,0.77,0.7,84.73
2018-10-11,PHU BAI,16.402,107.703,30.16,25.44,27.78,23.98,22.82,25.9,85.65,17.54,99.59,4.58,56.3,7.11,36.66,0.85,0.74,98.49
2018-10-12,PHU BAI,16.402,107.703,28.67,25.62,27.8,24.05,23.22,25.96,86.72,17.97,99.55,5.2,59.3,8.27,36.87,0.86,0.77,89.61
2018-10-13,PHU BAI,16.402,107.703,19.6,25.83,27.96,24.29,23.84,26.15,88.95,18.68,99.47,3.87,78.7,9.95,36.79,0.85,0.78,89.59
2018-10-14,PHU BAI,16.402,107.703,1.12,26.15,28.99,23.71,23.74,26.47,87.01,18.62,99.35,3.38,114.2,18.85,36.32,0.79,0.77,37.09
2018-10-15,PHU BAI,16.402,107.703,2.02,26.5,30.02,23.83,23.65,26.7,84.92,18.52,99.31,2.97,110.4,20.69,35.91,0.78,0.75,17.15
2018-10-16,PHU BAI,16.402,107.703,4.1,26.5,30.29,24.11,23.54,26.71,84.48,18.41,99.21,2.73,104.2,20.53,35.79,0.77,0.74,29.08
2018-10-17,PHU BAI,16.402,107.703,12.43,26.65,29.95,24.03,23.88,26.75,85.29,18.83,99.09,3.02,111.3,20.48,36.25,0.81,0.75,64.67
2018-10-18,PHU BAI,16.402,107.703,2.63,26.41,29.09,24.27,23.77,26.56,85.82,18.67,99.22,3.26,101.8,18.55,36.29,0.78,0.74,65.78
2018-10-19,PHU BAI,16.402,107.703,11.96,26.01,28.08,24.39,23.94,26.3,88.49,18.83,99.36,3.4,89.1,15.6,36.36,0.81,0.74,92.92
2018-10-20,PHU BAI,16.402,107.703,5.09,26.02,28.32,24.35,23.88,26.25,88.22,18.75,99.43,3.59,107.2,14.94,36.27,0.79,0.75,75.73
2018-10-21,PHU BAI,16.402,107.703,1.93,26.2,28.97,24.45,23.88,26.51,87.45,18.75,99.43,3.37,104.9,19.92,35.91,0.77,0.74,72.74
2018-10-22,PHU BAI,16.402,107.703,4.53,25.81,28.23,23.54,23.57,25.79,87.61,18.42,99.41,3.82,109.0,18.62,36.3,0.79,0.74,57.89
2018-10-23,PHU BAI,16.402,107.703,0.12,26.22,29.6,23.9,22.65,26.22,81.24,17.39,99.46,4.29,110.9,20.07,35.66,0.76,0.73,28.11
2018-10-24,PHU BAI,16.402,107.703,0.56,26.0,29.45,23.43,22.64,26.11,82.49,17.38,99.48,4.01,111.9,19.28,35.58,0.76,0.73,29.19
2018-10-25,PHU BAI,16.402,107.703,0.56,25.78,29.37,23.05,22.58,25.91,82.95,17.3,99.57,3.61,108.8,19.97,35.23,0.76,0.72,20.72
2018-10-26,PHU BAI,16.402,107.703,0.67,25.86,29.01,23.71,22.68,26.23,83.09,17.38,99.66,3.46,83.4,21.08,35.08,0.75,0.72,29.68
2018-10-27,PHU BAI,16.402,107.703,5.68,25.85,28.53,24.21,22.92,26.33,84.28,17.63,99.66,4.03,63.0,18.73,36.41,0.77,0.72,50.77
2018-10-28,PHU BAI,16.402,107.703,5.19,25.32,28.15,23.32,22.64,25.77,85.31,17.36,99.57,4.49,62.7,15.13,36.06,0.78,0.73,63.34
2018-10-29,PHU BAI,16.402,107.703,0.14,24.62,27.47,22.33,19.02,24.19,71.18,13.95,99.51,3.11,46.3,10.77,35.1,0.75,0.72,47.18
2018-10-30,PHU BAI,16.402,107.703,0.01,24.02,27.26,21.58,17.58,23.82,68.01,12.67,99.53,4.69,30.2,19.74,33.56,0.75,0.72,39.78
2018-10-31,PHU BAI,16.402,107.703,0.0,23.51,27.07,20.9,17.85,23.39,70.89,12.91,99.51,5.19,7.4,16.7,34.06,0.74,0.71,49.49
2018-11-01,PHU BAI,16.402,107.703,0.0,23.38,26.98,20.7,17.08,23.08,67.94,12.3,99.49,3.73,357.2,15.47,33.09,0.74,0.71,30.29
2018-11-02,PHU BAI,16.402,107.703,0.0,23.89,27.05,21.7,18.28,24.02,71.28,13.22,99.58,2.46,52.8,19.1,34.26,0.73,0.7,39.52
2018-11-03,PHU BAI,16.402,107.703,0.01,24.26,27.5,22.11,20.82,24.86,81.85,15.51,99.58,2.85,73.8,17.88,35.67,0.73,0.7,51.67
2018-11-04,PHU BAI,16.402,107.703,0.15,24.65,27.96,22.33,21.86,25.27,84.8,16.56,99.48,3.34,79.3,16.78,35.46,0.72,0.7,43.94
2018-11-05,PHU BAI,16.402,107.703,1.49,24.78,27.56,23.02,22.49,25.37,87.44,17.21,99.46,3.56,62.9,10.58,36.79,0.73,0.69,75.09
2018-11-06,PHU BAI,16.402,107.703,5.94,25.25,28.01,23.52,23.02,25.58,87.85,17.78,99.5,4.42,75.8,15.67,35.94,0.74,0.7,53.63
2018-11-07,PHU BAI,16.402,107.703,21.69,25.44,27.99,23.73,23.14,25.68,87.33,17.9,99.48,4.71,74.5,12.42,36.24,0.82,0.72,94.84
2018-11-08,PHU BAI,16.402,107.703,34.84,25.65,28.08,24.1,23.45,25.78,87.92,18.26,99.42,4.79,72.0,10.87,36.92,0.86,0.75,94.58
2018-11-09,PHU BAI,16.402,107.703,39.37,24.74,26.66,23.27,23.0,24.62,90.09,17.78,99.4,4.59,87.6,9.71,36.49,0.9,0.81,93.08
2018-11-10,PHU BAI,16.402,107.703,2.51,24.97,27.85,22.97,22.06,24.92,84.21,16.75,99.48,3.48,87.8,14.22,35.4,0.81,0.79,42.08
2018-11-11,PHU BAI,16.402,107.703,0.23,25.07,27.99,22.97,22.54,25.47,86.2,17.27,99.43,3.27,84.1,15.76,35.89,0.78,0.77,55.85
2018-11-12,PHU BAI,16.402,107.703,0.07,24.74,27.74,22.49,22.17,25.2,86.02,16.91,99.29,3.08,95.6,17.63,36.03,0.77,0.75,49.61
2018-11-13,PHU BAI,16.402,107.703,0.61,24.73,27.54,22.76,22.22,25.25,86.33,16.98,99.2,3.5,98.0,15.96,35.91,0.77,0.74,54.88
2018-11-14,PHU BAI,16.402,107.703,0.94,24.81,28.02,22.32,22.24,25.11,86.19,16.99,99.29,3.59,108.7,16.39,35.57,0.77,0.73,77.16
2018-11-15,PHU BAI,16.402,107.703,0.0,24.84,28.51,22.2,22.07,25.13,85.2,16.8,99.35,3.29,112.2,17.79,35.52,0.76,0.73,58.38
2018-11-16,PHU BAI,16.402,107.703,0.0,25.2,28.59,22.89,22.76,25.57,86.8,17.52,99.34,3.12,103.1,14.57,36.2,0.75,0.72,65.2
2018-11-17,PHU BAI,16.402,107.703,0.39,25.17,28.38,22.95,22.78,25.45,87.15,17.55,99.39,3.57,109.0,16.54,35.46,0.75,0.72,74.85
2018-11-18,PHU BAI,16.402,107.703,1.64,25.46,28.79,23.29,23.09,25.52,87.17,17.86,99.48,3.54,107.1,12.33,36.14,0.76,0.72,99.08
2018-11-19,PHU BAI,16.402,107.703,0.28,25.29,28.03,23.11,22.83,25.62,86.56,17.57,99.56,3.54,102.6,14.7,35.71,0.75,0.72,95.5
2018-11-20,PHU BAI,16.402,107.703,0.0,24.77,28.51,21.37,21.84,24.91,84.29,16.58,99.47,3.25,120.4,17.79,34.11,0.74,0.72,33.53
2018-11-21,PHU BAI,16.402,107.703,2.93,24.94,28.21,23.08,21.96,25.27,84.19,16.67,99.55,2.91,85.7,18.04,34.66,0.75,0.71,19.47
2018-11-22,PHU BAI,16.402,107.703,37.68,24.11,26.67,22.29,21.84,24.61,87.22,16.5,99.74,5.82,41.7,8.71,35.79,0.87,0.74,91.53
2018-11-23,PHU BAI,16.402,107.703,14.36,22.97,25.09,21.66,20.52,23.61,86.2,15.19,99.72,4.13,35.7,7.65,35.77,0.84,0.78,91.58
2018-11-24,PHU BAI,16.402,107.703,11.52,24.11,25.97,23.05,22.03,24.59,88.19,16.69,99.62,5.36,39.2,9.93,35.93,0.82,0.77,93.71
2018-11-25,PHU BAI,16.402,107.703,20.57,22.72,24.75,21.34,20.72,23.38,88.5,15.4,99.62,5.32,30.0,5.21,35.46,0.85,0.78,98.94
2018-11-26,PHU BAI,16.402,107.703,5.78,21.77,23.27,20.97,19.23,22.4,85.55,14.01,99.72,3.79,29.3,4.9,35.01,0.81,0.78,98.24
2018-11-27,PHU BAI,16.402,107.703,9.21,22.84,24.16,22.07,20.95,23.54,89.19,15.61,99.7,4.64,11.9,3.67,35.49,0.81,0.77,85.31
2018-11-28,PHU BAI,16.402,107.703,23.35,23.6,25.29,22.68,21.95,24.01,90.52,16.59,99.72,4.86,20.6,4.34,35.92,0.85,0.78,87.47
2018-11-29,PHU BAI,16.402,107.703,27.85,24.08,26.57,22.45,22.55,24.27,91.21,17.23,99.74,4.21,58.6,5.1,36.23,0.89,0.81,90.4
2018-11-30,PHU BAI,16.402,107.703,14.63,24.31,27.03,22.53,22.58,24.41,90.35,17.28,99.65,4.22,85.6,6.59,36.07,0.86,0.81,68.58
2018-12-01,PHU BAI,16.402,107.703,4.23,24.26,26.85,22.33,22.39,24.31,89.53,17.11,99.48,3.47,95.0,12.04,35.59,0.83,0.8,48.11
2018-12-02,PHU BAI,16.402,107.703,0.01,24.61,27.92,22.2,22.66,24.71,89.4,17.4,99.4,3.3,102.1,17.1,34.98,0.8,0.78,25.62
2018-12-03,PHU BAI,16.402,107.703,0.26,24.02,27.66,21.66,21.35,24.08,85.54,16.06,99.48,3.1,111.5,17.18,34.75,0.8,0.77,73.19
2018-12-04,PHU BAI,16.402,107.703,1.52,24.43,27.6,22.02,22.41,24.65,88.68,17.14,99.49,3.24,86.1,11.9,35.63,0.8,0.77,70.99
2018-12-05,PHU BAI,16.402,107.703,0.07,23.87,26.9,21.91,21.16,24.13,84.93,15.88,99.37,3.01,90.9,16.25,34.45,0.79,0.76,45.73
2018-12-06,PHU BAI,16.402,107.703,0.83,24.6,27.75,22.73,22.25,24.56,86.98,16.98,99.35,3.52,93.2,13.49,36.07,0.79,0.76,66.16
2018-12-07,PHU BAI,16.402,107.703,22.39,25.04,27.04,23.73,23.51,24.95,91.37,18.32,99.41,4.12,84.2,8.81,36.52,0.85,0.77,99.23
2018-12-08,PHU BAI,16.402,107.703,77.88,24.99,26.84,24.11,23.6,24.78,92.01,18.4,99.52,5.87,78.0,7.5,36.14,0.93,0.82,98.95
2018-12-09,PHU BAI,16.402,107.703,167.85,23.96,25.58,23.1,22.4,23.88,91.01,17.09,99.57,6.02,75.6,4.05,36.15,0.99,0.9,98.48
2018-12-10,PHU BAI,16.402,107.703,87.11,24.07,26.0,22.79,22.62,23.99,91.61,17.33,99.55,5.53,75.9,5.06,36.42,0.97,0.94,95.08
2018-12-11,PHU BAI,16.402,107.703,53.78,23.16,25.75,21.44,21.51,23.45,90.45,16.17,99.77,6.22,36.0,8.33,35.96,0.96,0.93,96.2
2018-12-12,PHU BAI,16.402,107.703,35.13,20.99,22.72,20.08,19.1,21.56,88.88,13.86,100.05,5.64,37.7,3.46,35.15,0.95,0.95,98.12
2018-12-13,PHU BAI,16.402,107.703,12.73,21.1,22.64,20.45,19.31,21.71,89.47,14.03,100.06,5.64,36.2,4.34,35.14,0.92,0.93,98.37
2018-12-14,PHU BAI,16.402,107.703,16.19,21.84,22.99,21.32,20.14,22.25,90.0,14.78,100.02,5.94,40.9,4.42,35.7,0.92,0.93,97.64
2018-12-15,PHU BAI,16.402,107.703,11.77,22.53,23.77,21.74,20.98,22.69,90.89,15.58,99.97,5.39,34.5,3.48,36.05,0.92,0.94,97.25
2018-12-16,PHU BAI,16.402,107.703,8.71,22.02,24.15,20.84,20.31,22.48,90.04,14.95,100.01,5.67,25.3,3.37,36.18,0.91,0.93,99.04
2018-12-17,PHU BAI,16.402,107.703,7.92,20.62,22.63,19.28,18.73,21.22,88.93,13.55,99.99,4.11,33.9,3.24,35.55,0.92,0.93,99.14
2018-12-18,PHU BAI,16.402,107.703,0.88,21.24,23.65,19.84,18.99,21.59,87.16,13.79,99.84,3.06,65.5,4.95,35.42,0.9,0.93,86.32
2018-12-19,PHU BAI,16.402,107.703,0.03,22.78,25.78,20.95,21.11,22.78,90.64,15.78,99.66,3.24,100.1,14.73,34.39,0.9,0.92,51.55
2018-12-20,PHU BAI,16.402,107.703,0.0,23.29,26.87,20.65,21.53,23.4,90.2,16.24,99.43,2.78,114.8,17.6,34.23,0.89,0.91,37.59
2018-12-21,PHU BAI,16.402,107.703,0.01,23.46,27.2,20.7,21.61,23.54,89.77,16.34,99.4,2.61,103.1,16.9,34.18,0.89,0.91,37.7
2018-12-22,PHU BAI,16.402,107.703,0.03,22.92,26.01,20.87,20.81,22.73,88.2,15.51,99.55,2.69,81.9,16.22,34.17,0.89,0.9,70.13
2018-12-23,PHU BAI,16.402,107.703,0.83,22.81,25.34,21.07,21.05,22.92,89.94,15.73,99.57,3.02,34.3,11.09,35.16,0.88,0.9,72.28
2018-12-24,PHU BAI,16.402,107.703,2.73,22.27,24.64,20.82,20.49,22.43,89.69,15.21,99.45,3.48,29.4,5.84,35.16,0.89,0.9,85.75
2018-12-25,PHU BAI,16.402,107.703,0.93,23.06,25.41,21.7,21.64,23.07,91.86,16.35,99.3,2.78,48.0,9.28,36.0,0.88,0.89,81.29
2018-12-26,PHU BAI,16.402,107.703,3.36,23.37,25.93,21.73,22.14,23.39,92.89,16.88,99.26,3.41,71.7,9.83,35.69,0.88,0.89,75.95
2018-12-27,PHU BAI,16.402,107.703,6.42,23.02,25.45,21.45,21.03,22.88,88.65,15.75,99.38,4.79,94.0,9.38,35.71,0.89,0.89,97.43
2018-12-28,PHU BAI,16.402,107.703,6.31,22.32,24.43,20.95,19.89,22.33,86.19,14.62,99.67,6.23,75.7,8.55,35.16,0.89,0.89,99.58
2018-12-29,PHU BAI,16.402,107.703,17.69,21.11,22.59,20.32,19.42,21.38,90.01,14.16,99.9,6.94,49.6,3.52,34.68,0.91,0.9,99.08
2018-12-30,PHU BAI,16.402,107.703,11.48,19.49,22.23,17.67,17.57,20.25,88.65,12.59,100.18,6.93,24.6,3.95,33.86,0.9,0.91,98.23
2018-12-31,PHU BAI,16.402,107.703,8.04,18.64,19.89,18.04,16.68,19.51,88.34,11.86,100.27,4.95,31.2,5.97,32.96,0.9,0.91,98.14
2019-01-01,PHU BAI,16.402,107.703,6.13,18.89,20.25,18.23,17.02,19.73,88.85,12.12,100.24,5.19,21.2,4.16,33.32,0.9,0.91,95.32
2019-01-02,PHU BAI,16.402,107.703,6.92,19.05,20.26,18.44,17.35,19.78,89.85,12.39,100.15,5.11,22.1,4.45,33.45,0.9,0.91,77.19
2019-01-03,PHU BAI,16.402,107.703,5.77,20.19,21.35,19.58,18.92,20.68,92.44,13.71,100.02,4.39,5.8,4.84,33.96,0.9,0.91,73.84
2019-01-04,PHU BAI,16.402,107.703,2.12,22.63,24.95,21.18,21.6,22.68,94.03,16.23,99.87,3.67,51.6,4.18,35.45,0.89,0.91,86.49
2019-01-05,PHU BAI,16.402,107.703,0.55,22.75,25.22,20.93,21.67,22.77,93.65,16.31,99.84,3.79,59.2,5.04,36.51,0.89,0.9,95.07
2019-01-06,PHU BAI,16.402,107.703,0.12,22.27,24.75,20.33,21.12,22.23,93.45,15.76,99.82,3.77,90.3,7.84,36.44,0.88,0.9,89.63
2019-01-07,PHU BAI,16.402,107.703,0.16,21.98,25.2,19.75,20.41,21.84,91.08,15.1,99.79,4.1,101.9,13.22,34.25,0.88,0.89,54.73
2019-01-08,PHU BAI,16.402,107.703,0.5,22.34,24.98,20.76,20.81,22.3,91.34,15.47,99.74,4.25,92.3,12.62,35.19,0.88,0.89,70.51
2019-01-09,PHU BAI,16.402,107.703,0.8,22.27,24.93,20.65,20.86,22.16,92.05,15.52,99.74,4.06,101.4,13.37,34.09,0.88,0.88,90.88
2019-01-10,PHU BAI,16.402,107.703,1.76,22.15,24.94,19.96,20.98,21.95,93.38,15.66,99.69,3.58,100.2,9.01,35.75,0.87,0.88,84.66
2019-01-11,PHU BAI,16.402,107.703,0.21,22.23,25.31,20.19,20.67,22.21,91.11,15.35,99.71,3.14,92.5,13.59,35.14,0.87,0.88,83.15
2019-01-12,PHU BAI,16.402,107.703,0.14,22.15,24.94,20.13,20.82,22.13,92.42,15.49,99.68,3.44,96.3,11.28,34.78,0.87,0.87,82.01
2019-01-13,PHU BAI,16.402,107.703,0.03,21.79,24.79,19.44,19.94,21.7,89.53,14.67,99.64,3.57,92.8,15.0,33.14,0.86,0.87,38.12
2019-01-14,PHU BAI,16.402,107.703,1.26,21.61,24.87,19.47,19.78,21.61,89.79,14.55,99.54,3.55,94.3,16.03,33.21,0.86,0.86,39.94
2019-01-15,PHU BAI,16.402,107.703,5.92,21.8,24.72,20.03,20.12,21.69,90.46,14.84,99.64,3.87,73.9,9.91,34.88,0.87,0.86,81.46
2019-01-16,PHU BAI,16.402,107.703,20.69,21.41,24.09,19.38,19.93,21.61,91.28,14.67,99.76,5.81,25.2,5.83,35.62,0.9,0.87,98.33
2019-01-17,PHU BAI,16.402,107.703,22.27,19.91,21.21,19.06,18.27,20.25,90.22,13.16,99.91,4.97,30.6,3.83,34.9,0.91,0.89,98.6
2019-01-18,PHU BAI,16.402,107.703,8.68,20.91,23.06,19.53,19.22,20.96,90.2,14.0,99.77,4.12,71.9,6.68,35.12,0.9,0.9,92.82
2019-01-19,PHU BAI,16.402,107.703,0.86,21.89,24.57,20.26,20.29,21.94,90.91,15.0,99.64,3.46,77.5,12.39,35.16,0.88,0.89,77.61
2019-01-20,PHU BAI,16.402,107.703,2.84,22.04,24.8,20.52,20.55,22.18,91.4,15.24,99.69,3.61,42.6,7.51,35.44,0.88,0.88,95.29
2019-01-21,PHU BAI,16.402,107.703,23.21,21.05,24.42,19.3,19.28,21.35,89.61,14.06,99.94,6.03,21.4,6.5,35.22,0.91,0.89,98.54
2019-01-22,PHU BAI,16.402,107.703,14.8,19.23,21.3,17.67,17.11,19.56,87.53,12.22,100.05,3.73,33.5,4.0,34.81,0.91,0.91,94.95
2019-01-23,PHU BAI,16.402,107.703,0.52,19.53,22.16,17.55,17.03,19.95,85.56,12.18,99.88,2.77,80.6,10.01,33.37,0.88,0.9,73.92
2019-01-24,PHU BAI,16.402,107.703,0.02,19.11,22.89,16.13,16.41,19.03,84.92,11.73,99.81,3.35,108.9,18.23,30.63,0.88,0.89,23.71
2019-01-25,PHU BAI,16.402,107.703,0.09,19.9,23.15,18.06,17.06,19.9,84.24,12.19,99.99,3.02,71.5,19.97,31.04,0.87,0.88,35.15
2019-01-26,PHU BAI,16.402,107.703,1.17,20.29,23.29,18.28,16.99,20.14,81.66,12.13,100.04,4.03,61.1,12.1,34.13,0.87,0.88,84.71
2019-01-27,PHU BAI,16.402,107.703,1.53,19.93,22.53,18.04,17.05,19.67,83.88,12.2,99.92,3.02,63.6,8.93,34.58,0.87,0.88,85.62
2019-01-28,PHU BAI,16.402,107.703,3.16,20.65,22.86,19.27,19.18,20.49,91.43,13.97,99.8,4.03,62.9,5.69,34.93,0.87,0.88,87.31
2019-01-29,PHU BAI,16.402,107.703,1.04,21.09,24.07,18.97,19.25,20.89,89.47,14.04,99.8,4.24,94.0,11.06,34.89,0.87,0.87,74.78
2019-01-30,PHU BAI,16.402,107.703,0.31,20.79,24.5,18.02,19.07,20.55,90.42,13.9,99.77,3.88,112.6,18.06,32.71,0.86,0.87,36.46
2019-01-31,PHU BAI,16.402,107.703,0.0,20.79,24.52,18.28,18.31,20.58,86.02,13.23,99.92,2.69,84.0,20.47,31.9,0.86,0.86,36.31
2019-02-01,PHU BAI,16.402,107.703,0.06,20.96,23.97,19.18,18.75,20.92,87.68,13.59,99.82,3.16,72.1,13.02,32.96,0.86,0.85,42.55
2019-02-02,PHU BAI,16.402,107.703,0.02,21.43,25.11,18.67,19.5,21.57,89.18,14.29,99.6,3.04,104.5,18.03,33.41,0.85,0.85,31.01
2019-02-03,PHU BAI,16.402,107.703,0.0,22.5,26.9,19.83,20.56,22.44,89.41,15.26,99.62,2.39,107.3,20.16,34.02,0.85,0.84,25.65
2019-02-04,PHU BAI,16.402,107.703,0.0,22.71,26.01,20.13,21.36,22.83,92.27,16.03,99.63,2.86,100.8,16.04,35.57,0.85,0.84,49.11
2019-02-05,PHU BAI,16.402,107.703,0.0,22.88,27.12,19.73,21.42,22.87,91.53,16.14,99.46,2.96,118.0,18.19,34.62,0.84,0.84,32.81
2019-02-06,PHU BAI,16.402,107.703,0.0,23.7,27.85,21.59,21.43,23.5,87.68,16.16,99.3,3.25,127.6,19.86,34.64,0.84,0.83,11.63
2019-02-07,PHU BAI,16.402,107.703,0.0,25.48,29.92,22.7,22.18,24.78,82.65,16.93,99.3,1.96,143.1,19.55,35.27,0.84,0.82,12.09
2019-02-08,PHU BAI,16.402,107.703,0.0,25.31,29.53,22.64,22.33,24.86,84.43,17.09,99.25,2.33,129.5,19.68,35.7,0.83,0.82,18.96
2019-02-09,PHU BAI,16.402,107.703,0.04,24.54,29.36,20.89,22.33,24.51,88.3,17.08,99.42,3.31,116.3,17.29,36.56,0.83,0.82,51.07
2019-02-10,PHU BAI,16.402,107.703,0.01,23.03,26.96,19.95,21.09,22.84,89.57,15.76,99.79,4.42,121.5,14.13,35.02,0.83,0.81,49.49
2019-02-11,PHU BAI,16.402,107.703,0.02,21.94,25.6,19.31,19.89,21.77,88.69,14.59,100.03,4.13,107.1,16.77,33.93,0.83,0.81,39.79
2019-02-12,PHU BAI,16.402,107.703,0.01,21.72,25.7,18.27,20.1,21.73,90.55,14.78,100.07,3.91,104.1,18.43,33.03,0.82,0.8,30.08
2019-02-13,PHU BAI,16.402,107.703,0.0,20.9,25.2,17.44,18.48,20.98,86.6,13.38,99.87,3.63,116.9,21.95,31.11,0.82,0.8,13.49
2019-02-14,PHU BAI,16.402,107.703,0.0,22.22,25.99,19.36,20.12,22.31,88.69,14.84,99.72,4.16,115.3,21.17,32.63,0.82,0.8,22.95
2019-02-15,PHU BAI,16.402,107.703,0.0,22.38,26.65,18.72,20.19,22.27,88.43,14.95,99.69,4.01,125.8,20.78,32.56,0.82,0.79,15.21
2019-02-16,PHU BAI,16.402,107.703,0.31,23.14,27.86,19.74,20.35,23.06,85.56,15.12,99.47,3.2,126.7,20.2,33.99,0.81,0.79,24.08
2019-02-17,PHU BAI,16.402,107.703,3.66,23.94,28.17,20.95,21.32,23.75,86.23,16.08,99.27,2.59,128.6,17.95,35.64,0.82,0.79,46.5
2019-02-18,PHU BAI,16.402,107.703,3.29,24.97,29.12,22.16,21.54,24.34,81.97,16.28,99.27,2.12,182.1,17.88,34.79,0.82,0.79,14.71
2019-02-19,PHU BAI,16.402,107.703,0.01,25.14,30.03,21.81,22.02,24.75,84.55,16.73,99.5,2.27,128.6,19.39,35.43,0.81,0.78,13.86
2019-02-20,PHU BAI,16.402,107.703,0.0,24.47,28.55,21.28,22.41,24.31,88.95,17.11,99.59,3.32,127.6,19.47,35.84,0.8,0.78,20.86
2019-02-21,PHU BAI,16.402,107.703,0.02,24.89,29.02,22.14,22.32,24.56,86.43,17.03,99.45,2.81,121.5,18.21,35.63,0.8,0.77,27.28
2019-02-22,PHU BAI,16.402,107.703,0.03,23.55,27.21,20.99,21.62,23.61,89.38,16.35,99.39,3.72,112.5,14.26,36.19,0.8,0.77,42.02
2019-02-23,PHU BAI,16.402,107.703,0.11,24.34,28.81,21.42,21.76,24.24,86.35,16.49,99.26,2.71,97.4,16.28,36.33,0.79,0.77,46.39
2019-02-24,PHU BAI,16.402,107.703,1.04,23.04,25.95,20.92,21.64,23.19,92.0,16.34,99.45,2.89,55.0,10.15,37.74,0.8,0.77,87.99
2019-02-25,PHU BAI,16.402,107.703,0.98,22.99,26.53,20.2,21.26,23.11,90.48,15.95,99.5,2.73,88.3,8.4,37.52,0.79,0.76,87.82
2019-02-26,PHU BAI,16.402,107.703,0.02,22.94,27.0,19.64,21.01,22.88,89.33,15.73,99.41,3.95,124.7,16.34,36.27,0.79,0.76,53.91
2019-02-27,PHU BAI,16.402,107.703,0.01,22.83,27.4,18.89,20.53,22.76,87.71,15.31,99.28,3.69,123.3,21.11,34.5,0.79,0.76,23.33
2019-02-28,PHU BAI,16.402,107.703,0.0,22.61,27.14,19.17,19.95,22.61,86.03,14.76,99.31,3.86,123.5,21.36,34.29,0.78,0.75,15.62
2019-03-01,PHU BAI,16.402,107.703,0.0,23.41,28.08,20.2,20.9,23.43,86.69,15.68,99.26,4.03,123.3,21.13,34.81,0.78,0.75,15.89
2019-03-02,PHU BAI,16.402,107.703,0.0,24.49,29.03,21.74,21.54,24.38,84.34,16.33,99.0,3.03,128.7,20.5,35.23,0.78,0.75,14.14
2019-03-03,PHU BAI,16.402,107.703,0.02,25.22,30.18,21.96,22.57,25.02,86.44,17.38,98.98,2.46,110.3,19.87,36.49,0.77,0.74,32.7
2019-03-04,PHU BAI,16.402,107.703,0.1,25.3,29.85,22.81,22.66,25.02,86.06,17.49,98.97,2.92,119.2,18.48,36.2,0.77,0.74,22.93
2019-03-05,PHU BAI,16.402,107.703,0.12,25.65,28.29,23.61,22.95,25.21,85.18,17.77,99.08,2.4,135.0,19.62,35.24,0.77,0.74,11.52
2019-03-06,PHU BAI,16.402,107.703,0.0,26.95,32.3,22.49,22.88,26.27,79.88,17.7,99.15,1.59,108.5,21.17,35.94,0.76,0.74,22.21
2019-03-07,PHU BAI,16.402,107.703,0.0,24.96,28.74,22.34,23.22,25.26,90.62,18.02,99.31,2.2,58.6,16.91,38.02,0.76,0.73,73.67
2019-03-08,PHU BAI,16.402,107.703,0.01,24.93,29.27,22.18,22.71,24.84,88.15,17.5,99.21,2.57,106.8,10.73,38.29,0.76,0.73,82.86
2019-03-09,PHU BAI,16.402,107.703,0.0,26.38,31.62,22.29,22.21,25.71,79.15,17.03,99.04,1.73,175.3,19.34,36.69,0.76,0.73,34.76
2019-03-10,PHU BAI,16.402,107.703,0.08,24.41,29.57,21.21,21.86,24.73,86.51,16.61,99.32,3.49,347.8,13.75,38.89,0.76,0.72,90.83
2019-03-11,PHU BAI,16.402,107.703,0.4,22.97,26.63,20.93,20.83,23.74,88.04,15.54,99.45,3.56,10.7,8.01,37.86,0.76,0.72,97.74
2019-03-12,PHU BAI,16.402,107.703,0.31,23.8,27.06,22.37,21.81,24.26,89.17,16.52,99.41,2.72,62.5,8.47,37.96,0.75,0.72,93.86
2019-03-13,PHU BAI,16.402,107.703,0.28,24.81,28.48,22.35,22.95,24.85,89.89,17.72,99.4,3.45,107.2,13.02,37.64,0.75,0.72,68.9
2019-03-14,PHU BAI,16.402,107.703,0.35,24.63,28.56,22.25,22.6,24.47,89.21,17.32,99.56,2.51,93.1,9.89,38.73,0.75,0.72,89.31
2019-03-15,PHU BAI,16.402,107.703,0.38,24.01,26.94,22.02,22.2,24.26,89.94,16.85,99.74,3.08,57.3,13.64,36.99,0.74,0.71,73.87
2019-03-16,PHU BAI,16.402,107.703,0.1,23.89,26.89,21.63,22.08,24.14,89.99,16.74,99.69,3.82,93.0,16.02,36.92,0.74,0.71,73.49
2019-03-17,PHU BAI,16.402,107.703,0.01,23.79,27.75,20.39,21.7,23.87,88.49,16.38,99.58,3.75,112.7,17.74,36.0,0.74,0.71,49.11
2019-03-18,PHU BAI,16.402,107.703,0.0,23.62,28.25,19.93,21.49,23.7,88.54,16.22,99.42,3.49,117.0,20.75,34.8,0.73,0.7,25.98
2019-03-19,PHU BAI,16.402,107.703,0.0,24.27,28.97,21.05,21.34,24.24,84.96,16.12,99.22,3.42,122.9,22.61,35.11,0.73,0.7,37.26
2019-03-20,PHU BAI,16.402,107.703,0.0,25.79,30.33,22.91,22.06,25.52,81.16,16.87,99.09,3.02,133.6,20.97,36.06,0.72,0.69,13.7
2019-03-21,PHU BAI,16.402,107.703,0.0,26.83,31.69,23.34,22.85,26.3,79.77,17.71,98.99,2.64,154.4,18.75,36.58,0.72,0.69,22.55
2019-03-22,PHU BAI,16.402,107.703,2.95,27.61,33.36,24.95,23.54,27.03,80.12,18.43,99.01,2.72,140.3,18.29,38.19,0.73,0.69,66.73
2019-03-23,PHU BAI,16.402,107.703,12.3,25.14,27.85,23.47,23.46,24.82,90.7,18.29,99.27,3.4,99.9,11.2,37.35,0.78,0.7,93.54
2019-03-24,PHU BAI,16.402,107.703,5.62,24.36,26.35,22.67,22.87,24.41,91.63,17.62,99.43,3.11,62.4,6.93,37.17,0.77,0.72,83.29
2019-03-25,PHU BAI,16.402,107.703,1.16,24.14,27.51,21.51,22.26,24.43,89.72,16.96,99.53,2.97,83.9,8.78,36.94,0.74,0.71,84.88
2019-03-26,PHU BAI,16.402,107.703,0.17,23.62,27.5,20.38,21.5,23.83,88.68,16.2,99.6,3.47,111.2,19.61,35.67,0.73,0.7,39.23
2019-03-27,PHU BAI,16.402,107.703,0.0,24.36,28.34,21.68,21.83,24.54,86.62,16.54,99.41,3.72,117.6,22.92,35.0,0.72,0.69,14.78
2019-03-28,PHU BAI,16.402,107.703,1.46,26.29,29.81,24.26,23.38,26.21,84.66,18.26,99.04,2.12,123.3,22.21,36.36,0.72,0.69,55.22
2019-03-29,PHU BAI,16.402,107.703,8.65,27.05,30.37,24.6,23.96,26.39,83.79,18.92,98.96,1.71,359.5,14.95,37.53,0.76,0.69,89.04
2019-03-30,PHU BAI,16.402,107.703,2.37,24.32,25.87,22.76,22.63,24.13,90.36,17.42,99.15,2.63,126.1,15.14,37.8,0.75,0.7,89.27
2019-03-31,PHU BAI,16.402,107.703,1.74,24.76,27.62,23.27,21.9,24.17,84.47,16.65,99.32,2.17,147.1,10.47,37.2,0.75,0.71,97.12
2019-04-01,PHU BAI,16.402,107.703,3.46,25.39,28.54,23.14,23.24,25.52,88.42,18.02,99.45,3.74,101.9,18.62,36.08,0.75,0.7,80.67
2019-04-02,PHU BAI,16.402,107.703,0.3,24.62,27.75,22.36,22.34,24.83,87.55,17.07,99.43,2.83,93.4,20.53,35.49,0.73,0.7,42.33
2019-04-03,PHU BAI,16.402,107.703,0.48,25.25,28.39,23.0,22.92,25.64,87.52,17.68,99.44,2.65,90.4,22.09,36.07,0.72,0.69,66.63
2019-04-04,PHU BAI,16.402,107.703,0.23,25.44,28.74,22.64,23.07,25.88,87.25,17.87,99.38,2.19,90.3,17.22,36.21,0.72,0.68,80.3
2019-04-05,PHU BAI,16.402,107.703,0.03,25.44,29.05,22.69,23.06,25.76,87.55,17.84,99.39,2.66,94.2,21.21,35.63,0.71,0.68,72.04
2019-04-06,PHU BAI,16.402,107.703,0.0,25.83,29.55,23.06,23.31,26.1,86.59,18.15,99.23,3.08,117.4,20.65,35.86,0.71,0.67,40.76
2019-04-07,PHU BAI,16.402,107.703,0.0,26.44,30.06,24.15,23.61,26.67,85.14,18.49,99.16,2.66,116.7,21.56,36.79,0.7,0.67,57.95
2019-04-08,PHU BAI,16.402,107.703,0.0,27.42,30.59,25.1,24.3,27.37,83.71,19.31,99.0,2.81,132.8,21.76,36.87,0.7,0.67,47.56
2019-04-09,PHU BAI,16.402,107.703,0.01,28.35,32.65,26.07,24.54,27.97,80.83,19.58,99.02,2.74,147.7,21.36,36.94,0.69,0.66,47.26
2019-04-10,PHU BAI,16.402,107.703,0.01,28.45,32.91,25.69,24.37,28.24,79.67,19.42,98.93,2.55,138.7,20.9,37.32,0.69,0.66,65.48
2019-04-11,PHU BAI,16.402,107.703,0.03,28.72,33.92,25.58,24.64,28.25,79.9,19.76,98.83,2.54,135.0,19.32,38.06,0.69,0.65,71.02
2019-04-12,PHU BAI,16.402,107.703,0.28,27.87,31.48,25.1,24.93,27.86,84.87,20.09,98.93,2.97,123.8,17.76,37.6,0.69,0.65,79.21
2019-04-13,PHU BAI,16.402,107.703,1.38,27.61,31.23,25.3,24.47,27.41,83.75,19.51,99.02,2.92,127.9,17.64,37.62,0.69,0.65,87.57
2019-04-14,PHU BAI,16.402,107.703,2.11,27.38,29.85,25.69,25.06,27.05,87.45,20.19,99.12,1.83,115.5,16.5,37.38,0.71,0.65,83.24
2019-04-15,PHU BAI,16.402,107.703,2.05,27.31,30.22,25.56,24.99,27.17,87.52,20.12,99.1,2.17,110.2,19.17,37.06,0.71,0.66,88.47
2019-04-16,PHU BAI,16.402,107.703,1.11,27.59,30.36,25.6,24.95,27.27,85.97,20.07,99.08,1.51,104.0,17.71,37.22,0.7,0.66,84.62
2019-04-17,PHU BAI,16.402,107.703,1.66,27.38,29.39,25.72,25.02,27.17,87.1,20.17,98.99,2.07,125.3,18.69,36.74,0.7,0.66,78.2
2019-04-18,PHU BAI,16.402,107.703,1.21,29.45,33.9,25.75,25.04,28.51,78.33,20.26,98.74,1.83,199.1,22.1,37.14,0.7,0.65,16.3
2019-04-19,PHU BAI,16.402,107.703,0.04,30.06,34.73,25.99,25.06,28.99,75.7,20.31,98.59,2.45,226.1,23.67,36.85,0.68,0.65,13.73
2019-04-20,PHU BAI,16.402,107.703,0.08,30.21,34.74,26.79,25.17,29.13,75.49,20.47,98.51,2.08,182.8,22.84,37.18,0.68,0.64,42.42
2019-04-21,PHU BAI,16.402,107.703,0.12,29.35,34.37,26.5,25.14,28.73,79.33,20.4,98.63,2.48,130.1,21.34,37.87,0.67,0.63,65.93
2019-04-22,PHU BAI,16.402,107.703,0.21,28.61,32.3,25.86,24.31,28.28,78.6,19.39,98.82,1.83,129.8,16.41,37.66,0.67,0.63,65.52
2019-04-23,PHU BAI,16.402,107.703,0.08,28.26,32.24,25.9,24.64,28.18,81.73,19.73,99.0,2.25,127.4,23.03,37.24,0.67,0.63,35.28
2019-04-24,PHU BAI,16.402,107.703,0.1,28.12,32.28,24.89,24.4,28.0,81.08,19.46,98.87,2.64,123.0,25.53,36.67,0.66,0.62,4.89
2019-04-25,PHU BAI,16.402,107.703,1.26,28.53,32.65,25.8,24.74,28.38,80.92,19.87,98.84,2.57,128.7,24.41,37.28,0.66,0.62,47.48
2019-04-26,PHU BAI,16.402,107.703,2.24,27.52,31.51,24.64,24.65,27.67,85.23,19.75,98.91,2.99,114.3,21.06,37.08,0.67,0.62,84.34
2019-04-27,PHU BAI,16.402,107.703,3.3,26.57,30.44,23.17,23.82,26.37,85.33,18.85,99.0,3.28,138.0,16.82,38.32,0.69,0.62,95.07
2019-04-28,PHU BAI,16.402,107.703,1.82,27.15,30.55,24.99,23.74,26.94,82.35,18.67,99.06,2.82,160.3,19.74,37.09,0.67,0.62,44.62
2019-04-29,PHU BAI,16.402,107.703,0.29,28.28,32.07,25.36,24.29,27.94,79.78,19.32,98.93,2.29,135.9,23.97,36.98,0.66,0.62,17.5
2019-04-30,PHU BAI,16.402,107.703,1.92,29.09,33.26,26.15,24.43,28.39,77.05,19.5,98.84,2.02,95.1,24.41,37.71,0.66,0.61,54.43
2019-05-01,PHU BAI,16.402,107.703,1.28,27.17,30.07,24.66,24.62,27.29,86.63,19.68,98.99,2.45,356.5,12.77,37.82,0.66,0.61,76.19
2019-05-02,PHU BAI,16.402,107.703,1.44,26.97,30.57,24.67,24.53,27.27,87.1,19.57,99.06,1.68,47.7,16.99,38.4,0.66,0.61,63.76
2019-05-03,PHU BAI,16.402,107.703,2.06,26.97,30.06,25.19,24.81,27.32,88.35,19.88,99.13,2.1,72.1,18.1,37.97,0.66,0.61,55.54
2019-05-04,PHU BAI,16.402,107.703,1.15,28.77,32.19,26.2,24.85,28.43,79.99,19.99,98.93,1.83,160.6,18.0,38.07,0.66,0.61,90.18
2019-05-05,PHU BAI,16.402,107.703,1.37,29.05,32.49,25.43,25.02,28.39,79.51,20.26,98.7,2.3,227.6,21.94,37.66,0.66,0.61,73.35
2019-05-06,PHU BAI,16.402,107.703,1.37,29.06,31.91,26.73,25.03,28.43,79.62,20.27,98.63,2.03,228.0,19.99,38.43,0.66,0.61,94.95
2019-05-07,PHU BAI,16.402,107.703,7.76,28.52,30.87,26.68,25.33,28.4,83.24,20.62,98.65,1.85,104.5,17.93,37.7,0.69,0.61,98.57
2019-05-08,PHU BAI,16.402,107.703,13.75,27.77,31.52,25.79,25.14,27.62,85.93,20.39,98.67,2.09,139.6,15.69,37.55,0.75,0.64,89.54
2019-05-09,PHU BAI,16.402,107.703,1.82,27.66,30.12,25.67,24.89,27.7,85.21,20.07,98.73,2.02,103.8,14.3,37.72,0.68,0.64,99.18
2019-05-10,PHU BAI,16.402,107.703,8.27,27.05,29.42,25.3,24.75,27.19,87.58,19.86,98.94,2.33,61.0,17.72,37.36,0.71,0.64,92.55
2019-05-11,PHU BAI,16.402,107.703,2.41,26.43,28.4,25.02,24.55,26.54,89.56,19.61,99.0,2.68,90.7,13.56,37.6,0.7,0.64,89.95
2019-05-12,PHU BAI,16.402,107.703,5.95,27.28,29.48,25.53,24.75,27.54,86.42,19.86,98.92,2.88,106.1,17.87,37.4,0.7,0.64,71.54
2019-05-13,PHU BAI,16.402,107.703,6.15,27.56,30.98,25.29,24.86,27.64,85.92,20.03,98.82,2.9,120.8,19.94,37.94,0.71,0.65,77.01
2019-05-14,PHU BAI,16.402,107.703,1.84,28.42,31.95,25.54,25.02,28.3,82.42,20.22,98.83,1.92,140.2,23.29,37.47,0.69,0.64,40.65
2019-05-15,PHU BAI,16.402,107.703,3.59,29.25,33.09,26.13,25.35,28.86,80.19,20.62,98.87,1.81,177.7,23.26,37.83,0.69,0.64,38.13
2019-05-16,PHU BAI,16.402,107.703,4.15,29.94,33.41,26.72,25.4,29.45,77.42,20.69,98.77,1.9,222.9,23.36,37.84,0.7,0.64,58.95
2019-05-17,PHU BAI,16.402,107.703,0.07,29.01,32.23,26.16,25.0,28.57,79.4,20.22,98.64,2.75,226.1,23.99,37.73,0.67,0.63,39.02
2019-05-18,PHU BAI,16.402,107.703,0.03,30.17,34.06,26.59,25.11,29.59,75.13,20.38,98.61,3.18,225.6,24.23,38.12,0.65,0.62,41.06
2019-05-19,PHU BAI,16.402,107.703,0.02,30.93,34.6,27.31,25.48,30.29,73.61,20.81,98.73,2.62,227.3,25.35,37.8,0.65,0.61,21.09
2019-05-20,PHU BAI,16.402,107.703,0.58,31.32,34.57,28.08,25.49,30.41,72.07,20.82,98.76,1.86,206.9,23.77,38.35,0.65,0.6,31.7
2019-05-21,PHU BAI,16.402,107.703,15.8,29.07,33.28,27.04,25.75,29.16,82.99,21.1,98.91,1.76,338.5,11.86,37.97,0.73,0.62,87.36
2019-05-22,PHU BAI,16.402,107.703,1.92,27.76,29.49,26.22,25.15,28.0,85.76,20.33,99.01,1.42,38.6,19.96,37.21,0.68,0.63,79.37
2019-05-23,PHU BAI,16.402,107.703,5.37,28.58,31.22,26.41,24.9,28.83,80.99,20.02,99.01,1.84,110.5,22.61,37.54,0.69,0.63,74.96
2019-05-24,PHU BAI,16.402,107.703,2.1,28.8,32.14,25.88,24.38,28.88,77.85,19.45,98.83,1.94,166.6,20.02,37.72,0.68,0.63,91.54
2019-05-25,PHU BAI,16.402,107.703,5.15,29.08,32.29,25.85,24.67,28.74,77.91,19.83,98.67,1.62,191.7,19.12,38.11,0.7,0.63,81.42
2019-05-26,PHU BAI,16.402,107.703,0.88,29.42,32.54,26.1,25.07,29.08,78.14,20.32,98.63,2.17,226.3,22.17,37.83,0.67,0.62,85.27
2019-05-27,PHU BAI,16.402,107.703,3.52,28.73,31.92,26.02,25.21,28.61,81.96,20.48,98.7,1.85,171.3,21.27,38.46,0.68,0.62,97.58
2019-05-28,PHU BAI,16.402,107.703,12.54,28.13,31.26,26.28,25.13,28.12,84.34,20.35,98.78,1.68,77.8,18.05,37.74,0.72,0.63,98.52
2019-05-29,PHU BAI,16.402,107.703,5.6,27.47,29.79,25.36,24.63,27.45,84.64,19.73,98.88,2.06,316.0,16.09,37.51,0.72,0.65,99.22
2019-05-30,PHU BAI,16.402,107.703,0.92,27.24,29.76,25.39,24.47,27.48,85.32,19.54,98.92,2.63,105.5,16.22,38.07,0.68,0.64,99.0
2019-05-31,PHU BAI,16.402,107.703,2.8,28.01,30.89,26.17,24.66,28.03,82.49,19.77,98.86,1.78,176.3,20.6,37.9,0.68,0.63,98.84
2019-06-01,PHU BAI,16.402,107.703,0.96,28.01,30.24,25.28,24.56,27.83,81.87,19.66,98.87,1.72,223.9,16.9,38.16,0.69,0.63,97.79
2019-06-02,PHU BAI,16.402,107.703,1.39,28.22,30.94,26.05,24.96,28.24,83.01,20.13,98.88,2.42,142.0,19.88,37.87,0.67,0.63,93.47
2019-06-03,PHU BAI,16.402,107.703,0.02,29.35,32.43,26.73,25.11,29.24,78.67,20.33,98.84,2.08,179.4,22.09,38.06,0.66,0.62,79.57
2019-06-04,PHU BAI,16.402,107.703,0.5,28.52,30.87,26.34,24.93,28.42,81.34,20.11,98.82,2.15,146.6,21.59,38.49,0.66,0.62,85.81
2019-06-05,PHU BAI,16.402,107.703,1.3,28.56,31.48,26.1,25.13,28.35,82.25,20.35,98.84,2.13,147.7,23.2,38.0,0.66,0.61,57.39
2019-06-06,PHU BAI,16.402,107.703,2.14,28.14,31.29,25.86,25.08,28.09,84.01,20.26,98.98,2.46,132.3,21.05,37.69,0.67,0.61,62.35
2019-06-07,PHU BAI,16.402,107.703,0.08,28.25,31.22,26.31,24.52,28.16,80.93,19.59,98.99,2.36,124.0,24.25,37.81,0.65,0.61,28.26
2019-06-08,PHU BAI,16.402,107.703,0.23,28.47,31.04,25.96,25.28,28.49,83.24,20.54,98.81,2.1,154.7,22.07,38.53,0.65,0.6,61.68
2019-06-09,PHU BAI,16.402,107.703,0.03,29.24,33.01,26.86,25.46,29.23,80.71,20.8,98.59,2.48,204.9,21.73,38.66,0.64,0.6,48.11
2019-06-10,PHU BAI,16.402,107.703,0.02,29.71,33.25,26.55,25.31,29.25,77.86,20.65,98.48,2.63,231.1,23.58,38.48,0.63,0.59,76.16
2019-06-11,PHU BAI,16.402,107.703,0.91,30.21,33.42,27.45,25.84,29.76,78.15,21.3,98.56,2.56,243.1,23.34,38.39,0.62,0.58,85.27
2019-06-12,PHU BAI,16.402,107.703,0.4,29.61,33.07,26.17,25.3,29.36,78.18,20.63,98.59,2.35,241.5,23.6,38.05,0.63,0.58,88.31
2019-06-13,PHU BAI,16.402,107.703,0.89,29.22,32.08,26.63,25.37,28.78,80.14,20.69,98.6,2.96,236.8,21.55,38.5,0.62,0.58,99.33
2019-06-14,PHU BAI,16.402,107.703,0.26,29.69,32.65,27.01,25.24,29.12,77.6,20.54,98.6,2.17,242.9,19.88,38.78,0.62,0.58,99.2
2019-06-15,PHU BAI,16.402,107.703,0.65,29.23,31.9,27.04,25.68,28.9,81.46,21.08,98.6,1.93,214.8,17.28,38.33,0.63,0.58,97.94
2019-06-16,PHU BAI,16.402,107.703,0.18,29.27,31.92,26.99,25.14,28.94,78.83,20.4,98.6,2.11,228.6,18.02,37.77,0.62,0.58,97.63
2019-06-17,PHU BAI,16.402,107.703,14.31,28.09,30.32,26.02,24.97,28.16,83.7,20.18,98.68,1.76,174.2,20.94,38.06,0.68,0.59,88.88
2019-06-18,PHU BAI,16.402,107.703,3.76,27.96,30.73,25.32,24.12,27.79,80.06,19.16,98.74,2.48,228.8,18.82,38.01,0.69,0.61,55.62
2019-06-19,PHU BAI,16.402,107.703,0.53,29.28,32.66,27.1,25.35,29.24,79.96,20.64,98.72,1.98,188.5,22.94,38.4,0.65,0.6,62.49
2019-06-20,PHU BAI,16.402,107.703,0.05,30.22,33.27,26.95,24.81,29.56,73.56,20.0,98.68,1.27,210.3,24.44,38.71,0.64,0.59,44.01
2019-06-21,PHU BAI,16.402,107.703,0.05,30.17,33.52,27.47,25.66,29.76,77.54,21.06,98.59,2.17,183.8,24.83,38.37,0.62,0.58,19.16
2019-06-22,PHU BAI,16.402,107.703,0.29,30.45,33.96,27.69,25.92,30.0,77.57,21.4,98.51,2.0,182.2,24.96,38.47,0.62,0.58,51.87
2019-06-23,PHU BAI,16.402,107.703,2.29,29.66,32.77,26.11,25.81,29.23,80.37,21.28,98.6,2.27,230.1,24.23,38.46,0.63,0.58,87.42
2019-06-24,PHU BAI,16.402,107.703,0.76,29.62,33.46,26.71,25.27,29.27,78.35,20.55,98.73,1.87,214.2,20.8,38.48,0.62,0.57,97.57
2019-06-25,PHU BAI,16.402,107.703,1.0,28.8,31.36,26.53,25.0,28.54,80.24,20.21,98.75,1.93,215.5,20.52,37.95,0.63,0.58,86.9
2019-06-26,PHU BAI,16.402,107.703,0.22,28.89,31.42,26.42,24.93,28.51,79.58,20.17,98.51,2.65,227.9,23.79,38.19,0.62,0.57,75.43
2019-06-27,PHU BAI,16.402,107.703,0.19,28.96,32.43,26.47,24.57,28.61,77.73,19.77,98.33,3.62,234.2,23.48,38.21,0.61,0.57,62.37
2019-06-28,PHU BAI,16.402,107.703,0.25,29.44,33.49,26.72,24.24,29.12,74.42,19.38,98.3,4.79,241.6,24.72,38.25,0.59,0.56,41.45
2019-06-29,PHU BAI,16.402,107.703,0.97,29.1,32.67,26.27,24.24,28.73,75.8,19.38,98.38,4.8,240.4,22.28,38.16,0.59,0.55,84.75
2019-06-30,PHU BAI,16.402,107.703,2.54,29.08,32.72,26.22,24.37,28.75,76.57,19.53,98.41,4.52,255.3,20.27,38.43,0.59,0.55,94.86
2019-07-01,PHU BAI,16.402,107.703,10.67,26.65,29.26,24.27,23.76,26.72,84.49,18.84,98.38,5.19,257.7,8.53,37.35,0.67,0.56,98.07
2019-07-02,PHU BAI,16.402,107.703,30.71,26.43,29.57,24.74,23.15,26.54,82.66,18.2,98.17,7.24,257.1,4.15,36.84,0.72,0.58,98.74
2019-07-03,PHU BAI,16.402,107.703,22.73,25.59,27.86,24.15,22.62,25.5,83.71,17.59,98.24,6.12,230.2,10.43,36.67,0.79,0.65,92.87
2019-07-04,PHU BAI,16.402,107.703,0.45,27.93,31.4,24.99,23.53,27.55,77.46,18.52,98.6,3.3,226.4,22.12,36.95,0.67,0.64,60.58
2019-07-05,PHU BAI,16.402,107.703,0.21,28.7,32.12,25.46,24.35,28.34,78.01,19.48,98.58,3.21,232.4,23.07,37.51,0.65,0.62,64.8
2019-07-06,PHU BAI,16.402,107.703,0.54,28.83,32.61,25.79,24.71,28.46,79.07,19.9,98.52,3.64,236.2,22.86,37.21,0.64,0.6,78.95
2019-07-07,PHU BAI,16.402,107.703,0.37,28.26,31.86,25.3,24.41,27.95,80.05,19.55,98.61,3.34,225.0,22.09,37.3,0.64,0.59,95.79
2019-07-08,PHU BAI,16.402,107.703,0.46,29.28,32.54,26.1,24.7,28.94,77.09,19.88,98.64,3.07,236.4,22.43,37.51,0.62,0.58,80.41
2019-07-09,PHU BAI,16.402,107.703,0.48,28.39,32.41,25.02,23.69,28.02,76.19,18.73,98.59,4.46,237.3,20.58,37.64,0.62,0.58,98.06
2019-07-10,PHU BAI,16.402,107.703,0.97,28.98,32.52,25.95,24.25,28.67,76.4,19.34,98.71,3.26,237.4,16.78,37.46,0.61,0.57,98.39
2019-07-11,PHU BAI,16.402,107.703,0.27,28.51,31.3,25.7,24.21,28.19,77.98,19.23,98.93,2.94,233.0,21.46,37.23,0.61,0.57,94.46
2019-07-12,PHU BAI,16.402,107.703,0.14,29.88,33.24,27.08,25.09,29.61,76.37,20.33,98.8,2.4,221.7,23.02,37.8,0.6,0.56,83.21
2019-07-13,PHU BAI,16.402,107.703,0.24,28.97,32.12,26.88,24.94,28.67,79.27,20.15,98.63,3.2,234.4,22.43,37.46,0.6,0.56,96.57
2019-07-14,PHU BAI,16.402,107.703,0.65,28.72,31.47,26.27,24.63,28.46,79.11,19.81,98.51,3.07,228.2,20.65,37.8,0.6,0.56,98.5
2019-07-15,PHU BAI,16.402,107.703,1.65,28.99,31.97,26.4,24.62,28.8,77.94,19.8,98.52,2.44,235.6,22.77,38.17,0.6,0.55,82.91
2019-07-16,PHU BAI,16.402,107.703,0.75,29.18,32.81,26.46,25.33,29.36,80.54,20.67,98.47,2.83,146.2,24.0,38.42,0.6,0.55,62.82
2019-07-17,PHU BAI,16.402,107.703,0.06,29.34,32.98,26.29,24.62,29.45,76.79,19.82,98.39,2.63,126.4,20.74,37.84,0.58,0.54,99.07
2019-07-18,PHU BAI,16.402,107.703,0.03,30.47,34.0,27.0,24.68,30.09,72.26,19.93,98.35,1.57,226.4,19.62,37.67,0.57,0.54,98.33
2019-07-19,PHU BAI,16.402,107.703,0.04,30.13,33.63,26.19,24.57,29.7,73.16,19.76,98.47,1.95,216.7,20.52,37.93,0.56,0.54,90.38
2019-07-20,PHU BAI,16.402,107.703,1.79,30.23,34.22,26.69,25.07,30.41,75.38,20.33,98.65,2.38,240.2,21.99,38.48,0.56,0.54,83.9
2019-07-21,PHU BAI,16.402,107.703,3.39,29.49,33.7,26.55,24.94,29.73,77.7,20.16,98.65,2.29,232.1,20.5,37.95,0.58,0.54,78.01
2019-07-22,PHU BAI,16.402,107.703,1.24,28.5,32.03,25.29,24.1,28.5,77.92,19.17,98.65,3.41,241.1,18.36,37.86,0.58,0.54,96.72
2019-07-23,PHU BAI,16.402,107.703,2.46,28.5,33.04,25.2,23.62,28.58,76.05,18.64,98.6,4.21,240.7,16.59,38.43,0.58,0.54,97.11
2019-07-24,PHU BAI,16.402,107.703,4.82,28.05,31.97,25.26,23.26,28.0,76.49,18.19,98.74,4.18,237.2,17.07,37.74,0.6,0.54,98.66
2019-07-25,PHU BAI,16.402,107.703,5.53,27.94,31.24,25.28,24.15,27.92,80.34,19.17,98.83,2.41,236.8,17.65,37.58,0.64,0.55,94.27
2019-07-26,PHU BAI,16.402,107.703,2.27,27.85,31.4,25.25,23.91,27.82,79.7,18.92,98.75,3.26,238.4,18.79,37.68,0.61,0.55,87.63
2019-07-27,PHU BAI,16.402,107.703,7.06,28.55,31.58,25.88,24.48,28.53,79.22,19.6,98.66,2.29,246.2,21.7,37.7,0.64,0.55,77.33
2019-07-28,PHU BAI,16.402,107.703,1.89,27.99,30.58,25.33,24.12,27.88,79.96,19.17,98.68,2.56,244.5,19.6,37.97,0.62,0.56,80.29
2019-07-29,PHU BAI,16.402,107.703,3.15,28.26,31.28,25.18,24.21,28.12,79.21,19.28,98.65,3.18,243.0,22.13,37.33,0.62,0.56,81.69
2019-07-30,PHU BAI,16.402,107.703,2.09,27.37,30.78,25.48,24.18,27.5,83.24,19.3,98.39,3.83,263.1,12.99,37.65,0.61,0.56,99.42
2019-07-31,PHU BAI,16.402,107.703,6.59,26.54,29.02,24.89,23.3,26.61,82.56,18.34,98.31,5.52,254.7,7.25,36.91,0.63,0.56,99.28
2019-08-01,PHU BAI,16.402,107.703,3.93,26.96,29.48,25.13,22.29,27.01,75.97,17.24,98.24,8.36,247.8,12.77,37.17,0.63,0.56,99.32
2019-08-02,PHU BAI,16.402,107.703,2.45,27.87,31.01,25.49,22.83,27.89,74.8,17.83,98.2,7.54,245.4,16.99,37.34,0.59,0.55,99.56
2019-08-03,PHU BAI,16.402,107.703,1.39,27.93,31.66,25.22,22.95,27.86,75.21,17.97,98.12,6.29,241.9,13.87,37.76,0.59,0.55,99.34
2019-08-04,PHU BAI,16.402,107.703,1.29,28.08,32.46,24.81,23.01,28.29,74.95,17.99,98.28,4.21,248.3,14.95,38.11,0.57,0.54,99.43
2019-08-05,PHU BAI,16.402,107.703,1.81,28.21,31.23,25.66,24.39,28.18,80.22,19.53,98.45,2.58,298.7,20.73,37.72,0.58,0.54,89.96
2019-08-06,PHU BAI,16.402,107.703,1.86,28.4,31.6,25.96,24.61,28.47,80.59,19.81,98.45,3.62,277.1,21.04,37.99,0.58,0.54,76.79
2019-08-07,PHU BAI,16.402,107.703,1.44,28.69,32.1,26.44,24.73,28.55,79.8,20.0,98.19,4.17,262.8,20.17,38.04,0.58,0.53,90.59
2019-08-08,PHU BAI,16.402,107.703,15.01,28.72,31.58,26.14,25.22,28.53,81.92,20.61,98.15,3.57,262.5,22.12,37.88,0.64,0.54,76.42
2019-08-09,PHU BAI,16.402,107.703,6.13,28.97,32.01,26.32,25.48,28.87,81.95,20.92,98.18,2.43,245.2,21.46,38.06,0.66,0.56,73.41
2019-08-10,PHU BAI,16.402,107.703,0.2,29.28,32.92,26.15,24.7,29.08,77.17,19.95,98.33,1.92,226.5,21.56,38.42,0.61,0.56,78.59
2019-08-11,PHU BAI,16.402,107.703,0.24,29.61,33.62,26.72,24.55,29.49,75.09,19.75,98.42,2.73,238.9,21.33,38.3,0.59,0.55,76.84
2019-08-12,PHU BAI,16.402,107.703,0.08,30.09,34.12,27.27,24.35,29.91,72.17,19.51,98.5,4.6,244.8,19.4,38.31,0.57,0.54,92.77
2019-08-13,PHU BAI,16.402,107.703,0.93,28.48,31.35,26.59,24.11,28.4,77.7,19.19,98.64,4.68,246.2,16.14,38.54,0.57,0.54,97.7
2019-08-14,PHU BAI,16.402,107.703,1.45,29.56,33.6,26.49,24.2,29.52,73.97,19.31,98.6,5.43,248.8,13.4,38.14,0.55,0.53,93.71
2019-08-15,PHU BAI,16.402,107.703,2.73,29.33,33.38,26.6,24.52,29.3,76.41,19.69,98.5,4.16,242.2,21.28,38.29,0.55,0.53,87.92
2019-08-16,PHU BAI,16.402,107.703,5.34,29.25,32.73,26.07,24.79,29.02,77.6,19.99,98.6,2.58,227.5,15.02,37.86,0.59,0.53,98.53
2019-08-17,PHU BAI,16.402,107.703,1.76,29.27,33.6,26.07,24.25,29.18,75.39,19.33,98.74,3.13,229.5,20.54,37.79,0.57,0.53,95.9
2019-08-18,PHU BAI,16.402,107.703,0.92,28.6,31.82,26.46,23.9,28.45,76.6,18.92,98.75,3.9,235.1,16.87,37.68,0.56,0.53,98.65
2019-08-19,PHU BAI,16.402,107.703,4.14,28.55,32.55,25.55,23.86,28.56,76.81,18.91,98.58,4.18,240.0,20.57,37.68,0.57,0.53,98.01
2019-08-20,PHU BAI,16.402,107.703,4.77,27.56,30.25,25.42,24.5,27.64,83.55,19.65,98.57,2.15,227.4,12.86,37.54,0.6,0.54,98.41
2019-08-21,PHU BAI,16.402,107.703,2.62,28.83,32.62,25.57,23.94,28.79,75.97,18.98,98.68,2.56,227.1,16.04,37.86,0.6,0.54,99.01
2019-08-22,PHU BAI,16.402,107.703,1.12,28.3,32.22,25.71,23.54,28.37,76.3,18.5,98.79,3.27,239.8,13.11,37.55,0.57,0.54,99.58
2019-08-23,PHU BAI,16.402,107.703,4.45,28.05,31.4,25.45,24.59,28.46,82.25,19.72,98.72,2.47,283.4,8.43,37.23,0.58,0.53,99.41
2019-08-24,PHU BAI,16.402,107.703,11.63,27.61,31.38,25.24,24.33,27.94,82.95,19.44,98.6,3.58,249.0,13.67,37.28,0.66,0.55,98.65
2019-08-25,PHU BAI,16.402,107.703,8.39,27.59,30.19,25.38,24.17,27.6,81.93,19.23,98.59,1.89,220.2,15.25,37.57,0.67,0.57,98.93
2019-08-26,PHU BAI,16.402,107.703,1.24,27.57,30.41,25.02,23.72,27.4,79.98,18.72,98.62,2.48,211.4,15.79,37.11,0.62,0.56,98.71
2019-08-27,PHU BAI,16.402,107.703,7.91,28.55,32.64,26.02,24.81,28.93,81.16,19.99,98.64,2.28,95.9,20.3,38.44,0.63,0.56,80.27
2019-08-28,PHU BAI,16.402,107.703,26.5,26.65,28.2,24.78,24.5,27.05,88.05,19.61,98.67,2.28,327.1,16.36,37.27,0.75,0.58,96.23
2019-08-29,PHU BAI,16.402,107.703,98.51,25.34,26.49,23.98,23.14,25.45,87.93,18.3,97.82,7.58,221.9,1.5,37.34,0.91,0.67,99.28
2019-08-30,PHU BAI,16.402,107.703,4.26,27.45,30.79,24.3,23.78,27.39,80.94,18.86,98.35,2.77,144.2,12.18,37.48,0.75,0.71,98.64
2019-08-31,PHU BAI,16.402,107.703,19.3,27.97,31.6,25.67,24.18,28.24,80.66,19.26,98.61,1.83,69.2,18.19,37.81,0.79,0.7,96.22
2019-09-01,PHU BAI,16.402,107.703,38.44,27.24,30.08,24.92,24.57,27.44,85.74,19.74,98.49,3.25,263.0,10.69,37.01,0.83,0.7,99.62
2019-09-02,PHU BAI,16.402,107.703,121.58,26.76,28.79,25.88,25.17,26.86,91.07,20.56,98.07,6.21,333.1,6.88,37.54,0.94,0.77,99.63
2019-09-03,PHU BAI,16.402,107.703,99.02,26.4,27.26,25.32,24.93,26.51,91.53,20.32,97.78,5.69,26.4,5.69,37.45,0.94,0.87,99.32
2019-09-04,PHU BAI,16.402,107.703,73.6,26.93,28.08,26.03,25.51,27.12,91.92,21.0,97.91,3.47,335.5,10.37,37.51,0.94,0.88,99.11
2019-09-05,PHU BAI,16.402,107.703,10.07,26.69,28.97,24.81,24.79,26.73,89.45,20.05,98.39,4.66,279.8,11.93,37.16,0.85,0.86,99.37
2019-09-06,PHU BAI,16.402,107.703,6.38,27.94,31.04,25.66,24.71,27.8,82.96,19.92,98.52,4.29,261.9,14.2,36.97,0.81,0.8,95.25
2019-09-07,PHU BAI,16.402,107.703,4.08,27.72,30.39,25.43,24.88,27.44,84.78,20.08,98.65,3.61,247.9,21.5,37.34,0.79,0.76,71.72
2019-09-08,PHU BAI,16.402,107.703,3.3,28.32,31.82,25.13,24.68,28.09,81.24,19.86,98.63,3.42,239.5,21.29,37.24,0.77,0.73,74.9
2019-09-09,PHU BAI,16.402,107.703,0.47,28.77,32.46,25.75,25.02,28.52,80.87,20.27,98.62,2.21,218.9,20.69,37.4,0.74,0.71,88.87
2019-09-10,PHU BAI,16.402,107.703,0.42,27.25,30.65,24.18,23.65,27.09,81.01,18.6,98.96,2.97,228.4,17.18,36.98,0.74,0.7,97.49
2019-09-11,PHU BAI,16.402,107.703,0.18,27.64,31.15,24.68,23.26,27.69,77.68,18.11,99.15,2.3,254.7,13.5,37.3,0.72,0.69,93.07
2019-09-12,PHU BAI,16.402,107.703,1.44,27.61,30.56,25.67,24.44,27.68,83.37,19.49,98.98,2.48,349.2,20.74,37.16,0.73,0.68,66.26
2019-09-13,PHU BAI,16.402,107.703,4.75,26.72,28.88,24.67,24.22,26.89,86.25,19.25,98.94,2.56,58.2,14.09,36.62,0.74,0.68,94.63
2019-09-14,PHU BAI,16.402,107.703,1.47,27.2,30.35,24.67,23.3,27.25,79.82,18.19,98.96,1.97,64.5,18.6,36.14,0.72,0.68,56.81
2019-09-15,PHU BAI,16.402,107.703,0.33,26.92,30.07,23.72,22.9,27.09,79.09,17.76,98.91,1.8,89.4,23.3,35.89,0.71,0.67,28.54
2019-09-16,PHU BAI,16.402,107.703,0.39,27.28,30.75,24.36,22.36,27.43,75.13,17.19,98.87,1.83,80.7,24.15,35.94,0.7,0.66,26.38
2019-09-17,PHU BAI,16.402,107.703,2.89,27.5,30.42,24.99,23.73,27.79,80.45,18.66,98.98,1.85,45.4,22.1,36.66,0.7,0.66,56.96
2019-09-18,PHU BAI,16.402,107.703,37.49,26.22,27.91,24.57,24.15,26.66,88.48,19.13,99.1,2.67,70.7,10.42,37.11,0.83,0.69,99.28
2019-09-19,PHU BAI,16.402,107.703,27.01,26.79,29.93,24.65,23.85,27.23,84.37,18.77,99.15,2.85,98.4,14.52,37.15,0.84,0.74,87.52
2019-09-20,PHU BAI,16.402,107.703,22.16,26.82,29.36,25.04,23.38,27.08,81.62,18.25,99.08,2.35,71.6,18.48,36.97,0.83,0.75,79.33
2019-09-21,PHU BAI,16.402,107.703,24.66,26.57,28.9,24.69,23.43,26.78,83.06,18.3,99.16,3.77,24.8,8.93,37.7,0.85,0.77,97.35
2019-09-22,PHU BAI,16.402,107.703,11.15,26.2,28.7,24.22,22.37,26.27,79.62,17.09,99.45,3.45,45.3,12.05,37.38,0.81,0.76,92.05
2019-09-23,PHU BAI,16.402,107.703,17.13,25.78,28.06,23.71,21.65,25.67,78.14,16.33,99.62,3.38,55.6,6.12,37.6,0.83,0.76,91.1
2019-09-24,PHU BAI,16.402,107.703,4.4,25.84,28.69,23.79,22.02,26.22,80.06,16.69,99.63,3.33,39.7,13.96,37.31,0.77,0.74,76.91
2019-09-25,PHU BAI,16.402,107.703,22.34,26.25,28.47,24.47,23.5,26.59,85.02,18.27,99.68,4.39,61.6,11.95,37.51,0.84,0.75,86.78
2019-09-26,PHU BAI,16.402,107.703,2.25,25.92,28.55,24.01,22.6,26.29,82.17,17.28,99.7,3.52,63.0,9.52,37.27,0.78,0.75,87.81
2019-09-27,PHU BAI,16.402,107.703,1.13,25.91,28.84,23.77,22.12,26.27,80.0,16.79,99.64,3.02,55.7,13.34,36.65,0.76,0.73,80.59
2019-09-28,PHU BAI,16.402,107.703,0.54,25.95,28.78,23.92,22.22,26.15,80.12,16.92,99.57,2.26,54.7,13.61,36.97,0.75,0.72,65.43
2019-09-29,PHU BAI,16.402,107.703,0.0,26.17,29.08,24.12,22.27,26.31,79.37,16.99,99.4,1.96,0.1,19.81,35.65,0.74,0.71,30.32
2019-09-30,PHU BAI,16.402,107.703,0.0,26.17,29.36,23.4,21.31,26.39,74.86,16.04,99.2,1.81,48.4,20.59,35.96,0.74,0.71,35.92
2019-10-01,PHU BAI,16.402,107.703,0.01,26.76,30.65,23.53,22.78,27.09,79.52,17.6,99.17,2.71,116.2,21.45,36.31,0.73,0.7,17.88
2019-10-02,PHU BAI,16.402,107.703,0.03,27.23,31.38,24.07,23.27,27.47,80.45,18.15,99.16,2.94,122.5,21.95,36.38,0.73,0.69,18.39
2019-10-03,PHU BAI,16.402,107.703,2.72,27.05,31.0,24.04,23.83,27.31,83.42,18.76,99.15,3.15,122.8,21.06,36.45,0.74,0.69,48.05
2019-10-04,PHU BAI,16.402,107.703,18.72,26.78,30.3,24.4,23.56,27.06,83.38,18.45,99.15,2.75,108.3,20.34,36.03,0.8,0.7,56.43
2019-10-05,PHU BAI,16.402,107.703,1.31,26.04,29.09,24.17,22.94,26.36,83.44,17.74,99.28,2.71,100.8,19.99,35.69,0.76,0.72,49.65
2019-10-06,PHU BAI,16.402,107.703,3.88,25.84,28.61,23.44,22.47,26.29,81.99,17.23,99.33,2.2,75.0,18.93,35.9,0.76,0.71,62.07
2019-10-07,PHU BAI,16.402,107.703,18.66,26.31,28.8,24.78,23.46,26.76,84.51,18.3,99.29,2.65,15.9,17.64,36.43,0.82,0.73,53.74
2019-10-08,PHU BAI,16.402,107.703,16.65,26.28,29.0,24.39,23.65,26.66,85.8,18.51,99.35,3.24,93.1,19.42,36.0,0.82,0.74,56.13
2019-10-09,PHU BAI,16.402,107.703,16.55,26.02,27.97,24.55,23.77,26.08,87.47,18.65,99.29,3.15,94.7,8.29,36.47,0.83,0.76,65.69
2019-10-10,PHU BAI,16.402,107.703,3.12,26.2,29.1,23.95,23.18,26.36,83.6,18.0,99.28,3.21,89.4,18.75,35.55,0.78,0.75,25.39
2019-10-11,PHU BAI,16.402,107.703,0.02,26.1,29.54,23.33,22.53,26.44,81.34,17.3,99.22,3.03,100.4,21.43,35.79,0.76,0.73,25.83
2019-10-12,PHU BAI,16.402,107.703,0.0,25.82,29.52,22.46,22.47,26.3,82.24,17.24,99.26,3.19,97.9,21.88,34.72,0.75,0.72,11.41
2019-10-13,PHU BAI,16.402,107.703,5.9,25.92,28.88,24.23,22.44,26.57,81.85,17.18,99.44,3.2,75.2,21.94,35.27,0.76,0.71,55.47
2019-10-14,PHU BAI,16.402,107.703,48.48,26.14,28.76,24.31,23.6,26.48,86.19,18.41,99.54,4.88,67.9,13.75,36.79,0.89,0.75,89.68
2019-10-15,PHU BAI,16.402,107.703,48.12,26.18,28.3,24.86,23.84,26.39,87.12,18.68,99.52,5.7,78.2,10.87,36.83,0.92,0.82,87.26
2019-10-16,PHU BAI,16.402,107.703,23.5,26.3,28.46,24.97,23.73,26.41,85.87,18.54,99.51,6.59,73.4,14.05,36.35,0.88,0.83,77.34
2019-10-17,PHU BAI,16.402,107.703,5.95,25.75,28.33,24.01,22.78,26.05,83.9,17.51,99.53,5.19,68.8,17.43,36.0,0.83,0.81,46.13
2019-10-18,PHU BAI,16.402,107.703,5.31,25.68,28.04,23.94,22.63,26.07,83.52,17.33,99.58,4.9,56.3,17.97,35.53,0.82,0.79,33.74
2019-10-19,PHU BAI,16.402,107.703,8.39,25.25,27.84,23.24,22.17,25.59,83.32,16.85,99.61,4.65,71.9,15.85,35.3,0.82,0.78,33.41
2019-10-20,PHU BAI,16.402,107.703,5.35,25.38,28.01,23.27,22.38,25.88,83.71,17.09,99.48,3.83,87.4,19.62,34.99,0.82,0.78,21.75
2019-10-21,PHU BAI,16.402,107.703,1.66,25.09,28.21,22.35,22.23,25.59,84.59,17.0,99.27,3.52,108.9,20.15,34.81,0.8,0.77,20.43
2019-10-22,PHU BAI,16.402,107.703,0.0,25.41,29.2,22.45,21.96,25.86,82.0,16.75,99.08,3.52,126.6,20.98,34.64,0.79,0.76,17.07
2019-10-23,PHU BAI,16.402,107.703,0.0,26.36,30.66,23.13,22.83,26.7,81.95,17.68,99.1,3.25,123.8,20.95,35.87,0.78,0.75,25.89
2019-10-24,PHU BAI,16.402,107.703,1.63,26.39,29.9,23.63,23.26,26.8,83.51,18.08,99.35,3.6,100.3,20.55,35.06,0.78,0.75,22.09
2019-10-25,PHU BAI,16.402,107.703,13.27,25.84,28.27,24.14,23.56,26.56,87.46,18.39,99.42,3.76,58.8,15.6,36.91,0.82,0.76,68.46
2019-10-26,PHU BAI,16.402,107.703,3.61,26.18,28.86,24.47,23.47,26.44,85.3,18.28,99.41,4.59,89.5,16.0,36.61,0.8,0.76,54.85
2019-10-27,PHU BAI,16.402,107.703,9.75,26.18,28.71,24.39,23.5,26.57,85.43,18.33,99.35,4.65,84.3,16.21,36.6,0.81,0.76,50.69
2019-10-28,PHU BAI,16.402,107.703,15.01,25.87,28.77,24.11,23.0,26.42,84.69,17.76,99.42,4.12,52.4,18.63,36.27,0.82,0.77,53.31
2019-10-29,PHU BAI,16.402,107.703,11.36,24.09,26.05,22.65,21.72,24.72,86.74,16.44,99.43,5.76,8.2,5.85,35.97,0.84,0.79,98.76
2019-10-30,PHU BAI,16.402,107.703,32.32,24.9,26.35,24.21,22.46,25.45,86.46,17.23,99.2,7.89,27.4,5.17,36.46,0.87,0.79,99.39
2019-10-31,PHU BAI,16.402,107.703,85.46,25.42,25.88,24.95,24.24,25.45,93.09,19.22,99.08,7.88,68.0,2.33,36.52,0.95,0.86,98.9
2019-11-01,PHU BAI,16.402,107.703,30.04,24.95,26.68,23.88,23.19,25.1,90.01,18.02,99.25,3.51,82.8,6.97,36.89,0.91,0.86,96.87
2019-11-02,PHU BAI,16.402,107.703,36.22,25.33,27.2,23.91,23.37,25.35,88.91,18.2,99.27,4.35,67.7,9.66,36.61,0.93,0.88,93.44
2019-11-03,PHU BAI,16.402,107.703,6.23,24.97,26.95,23.76,22.47,25.11,86.11,17.2,99.36,3.88,18.7,9.57,36.06,0.88,0.87,87.75
2019-11-04,PHU BAI,16.402,107.703,11.6,24.78,27.01,23.05,21.94,24.82,84.4,16.65,99.4,4.75,17.3,12.35,36.25,0.87,0.85,71.87
2019-11-05,PHU BAI,16.402,107.703,4.3,24.28,26.62,22.53,19.58,24.08,75.15,14.4,99.26,2.7,31.6,5.28,36.36,0.86,0.85,95.77
2019-11-06,PHU BAI,16.402,107.703,0.07,23.89,26.95,21.71,20.12,24.11,79.65,14.92,99.18,3.05,359.5,12.71,35.11,0.85,0.84,96.66
2019-11-07,PHU BAI,16.402,107.703,5.96,23.92,26.33,22.16,20.36,24.09,80.61,15.09,99.45,4.26,18.3,12.32,35.24,0.85,0.83,94.55
2019-11-08,PHU BAI,16.402,107.703,2.17,22.92,25.43,21.12,19.25,23.14,80.14,14.04,99.65,4.14,26.4,8.05,34.61,0.85,0.83,97.48
2019-11-09,PHU BAI,16.402,107.703,0.46,22.52,25.13,20.88,18.45,22.83,78.09,13.37,99.57,4.02,18.0,11.37,34.39,0.84,0.82,98.58
2019-11-10,PHU BAI,16.402,107.703,26.61,22.94,24.36,22.11,20.0,23.08,83.58,14.78,99.28,5.57,14.1,5.66,35.6,0.89,0.83,98.72
2019-11-11,PHU BAI,16.402,107.703,36.14,24.17,25.58,22.87,22.82,24.17,92.16,17.64,99.09,5.59,52.4,3.17,36.35,0.93,0.88,82.77
2019-11-12,PHU BAI,16.402,107.703,10.89,24.72,27.08,23.08,22.97,24.73,90.2,17.77,99.25,4.6,91.0,8.82,36.86,0.89,0.88,75.94
2019-11-13,PHU BAI,16.402,107.703,8.1,24.38,26.87,22.55,22.13,24.55,87.29,16.82,99.66,5.15,76.4,8.81,36.15,0.88,0.87,68.93
2019-11-14,PHU BAI,16.402,107.703,9.12,23.64,26.09,22.01,21.14,23.75,86.02,15.81,99.65,4.84,58.9,14.67,35.57,0.88,0.87,61.75
2019-11-15,PHU BAI,16.402,107.703,3.17,23.41,26.03,21.36,20.99,23.51,86.51,15.68,99.47,3.95,83.4,12.37,35.07,0.87,0.86,54.56
2019-11-16,PHU BAI,16.402,107.703,0.52,23.81,27.18,21.47,21.57,23.97,87.77,16.29,99.36,3.62,113.0,16.72,34.4,0.86,0.85,27.24
2019-11-17,PHU BAI,16.402,107.703,0.01,24.86,28.47,22.66,22.52,25.09,87.27,17.26,99.34,3.55,109.3,18.6,35.34,0.85,0.85,40.01
2019-11-18,PHU BAI,16.402,107.703,5.16,24.29,27.38,22.09,21.71,24.52,85.87,16.39,99.55,3.23,73.0,17.24,34.32,0.85,0.84,30.91
2019-11-19,PHU BAI,16.402,107.703,6.78,23.73,26.31,21.9,21.05,23.87,85.17,15.72,99.65,4.91,63.5,13.93,35.07,0.86,0.85,58.17
2019-11-20,PHU BAI,16.402,107.703,4.01,23.06,25.5,21.48,20.08,23.18,83.56,14.79,99.69,4.87,66.4,13.23,34.63,0.86,0.85,53.38
2019-11-21,PHU BAI,16.402,107.703,2.78,22.8,25.41,21.13,19.94,23.06,84.12,14.65,99.72,4.17,62.0,13.15,34.12,0.85,0.84,53.13
2019-11-22,PHU BAI,16.402,107.703,0.2,21.87,25.03,19.19,18.96,21.89,83.81,13.84,99.64,3.54,89.0,13.67,32.72,0.85,0.84,31.36
2019-11-23,PHU BAI,16.402,107.703,0.01,22.05,25.46,19.89,19.1,22.4,83.94,13.94,99.59,2.91,98.7,20.02,31.69,0.84,0.83,5.99
2019-11-24,PHU BAI,16.402,107.703,0.27,23.06,26.29,20.8,20.44,23.44,85.49,15.13,99.71,3.61,78.2,16.96,34.25,0.84,0.83,33.77
2019-11-25,PHU BAI,16.402,107.703,13.74,23.34,25.8,21.84,20.58,23.73,84.89,15.27,99.72,3.59,25.5,14.11,35.82,0.86,0.83,79.05
2019-11-26,PHU BAI,16.402,107.703,25.29,24.37,26.34,23.14,22.81,24.3,91.07,17.52,99.61,5.77,70.2,7.31,35.96,0.91,0.86,62.84
2019-11-27,PHU BAI,16.402,107.703,5.77,24.52,26.72,23.22,22.65,24.6,89.42,17.33,99.69,5.88,64.2,11.83,35.74,0.87,0.85,54.06
2019-11-28,PHU BAI,16.402,107.703,6.81,23.41,25.54,22.03,21.31,23.6,88.0,15.95,99.78,7.2,57.3,8.57,36.66,0.87,0.85,90.85
2019-11-29,PHU BAI,16.402,107.703,13.24,23.52,25.27,22.54,21.52,23.72,88.56,16.16,99.74,6.42,69.3,7.12,35.92,0.88,0.85,93.58
2019-11-30,PHU BAI,16.402,107.703,13.13,23.28,25.6,21.54,21.13,23.33,87.74,15.8,99.65,5.68,87.6,6.66,35.89,0.89,0.87,91.07
2019-12-01,PHU BAI,16.402,107.703,4.63,23.0,25.52,21.51,20.47,23.25,85.79,15.16,99.73,4.72,63.5,10.14,36.35,0.87,0.86,95.72
2019-12-02,PHU BAI,16.402,107.703,13.58,20.64,23.16,18.86,17.65,21.24,83.01,12.67,99.99,6.69,24.1,7.49,34.89,0.89,0.86,97.64
2019-12-03,PHU BAI,16.402,107.703,3.24,19.42,21.06,18.56,15.99,20.01,80.61,11.37,100.01,4.85,29.1,7.52,33.83,0.87,0.86,96.32
2019-12-04,PHU BAI,16.402,107.703,1.19,18.97,20.74,17.06,14.72,19.41,76.32,10.5,100.03,5.52,21.4,6.49,33.59,0.86,0.86,97.84
2019-12-05,PHU BAI,16.402,107.703,1.86,19.15,22.07,16.81,13.67,19.39,70.8,9.79,100.21,6.23,23.1,3.3,34.73,0.86,0.85,99.45
2019-12-06,PHU BAI,16.402,107.703,0.06,17.83,21.15,15.05,12.18,18.17,69.93,8.88,100.29,6.36,21.4,8.95,32.49,0.85,0.85,77.73
2019-12-07,PHU BAI,16.402,107.703,0.03,17.69,20.66,15.47,11.46,17.7,67.56,8.48,100.22,4.42,37.1,10.83,32.31,0.85,0.84,71.53
2019-12-08,PHU BAI,16.402,107.703,0.07,18.31,20.68,17.16,14.33,18.81,77.73,10.2,100.15,4.13,35.0,6.95,34.14,0.85,0.84,89.69
2019-12-09,PHU BAI,16.402,107.703,0.0,18.5,21.17,16.57,14.84,18.68,79.35,10.58,99.91,3.33,9.3,9.3,33.56,0.84,0.83,81.31
2019-12-10,PHU BAI,16.402,107.703,0.0,19.15,21.93,17.56,15.0,19.32,77.06,10.69,99.74,2.59,15.3,11.99,33.25,0.84,0.83,65.14
2019-12-11,PHU BAI,16.402,107.703,0.1,20.61,23.37,19.16,18.09,21.16,85.91,13.05,99.72,3.4,59.8,15.67,33.8,0.84,0.83,65.25
2019-12-12,PHU BAI,16.402,107.703,0.14,21.0,23.94,18.88,18.81,21.09,87.54,13.64,99.8,4.81,85.4,8.95,35.19,0.84,0.82,90.71
2019-12-13,PHU BAI,16.402,107.703,0.65,21.5,24.1,20.17,19.2,21.62,87.25,13.96,99.93,3.72,68.3,11.81,34.64,0.84,0.82,66.79
2019-12-14,PHU BAI,16.402,107.703,1.02,22.18,24.97,20.26,20.34,22.11,89.59,15.01,99.84,4.28,85.5,7.8,36.36,0.84,0.82,94.87
2019-12-15,PHU BAI,16.402,107.703,0.27,22.32,25.4,20.5,20.66,22.33,90.75,15.33,99.69,3.38,91.3,9.81,34.66,0.83,0.81,55.6
2019-12-16,PHU BAI,16.402,107.703,0.31,23.09,26.1,21.06,21.8,23.15,92.71,16.47,99.6,3.5,89.2,11.42,34.96,0.83,0.81,77.57
2019-12-17,PHU BAI,16.402,107.703,0.11,22.96,25.86,20.7,21.48,23.0,91.71,16.15,99.64,3.66,103.6,13.02,34.03,0.83,0.81,51.06
2019-12-18,PHU BAI,16.402,107.703,1.52,23.13,26.12,21.27,21.29,23.18,89.65,15.96,99.64,3.68,94.2,14.69,34.72,0.83,0.81,69.36
2019-12-19,PHU BAI,16.402,107.703,2.21,22.69,25.54,20.56,20.9,22.61,89.9,15.59,99.62,3.7,96.1,11.13,35.02,0.83,0.81,79.62
2019-12-20,PHU BAI,16.402,107.703,0.89,22.32,25.38,20.3,20.34,22.33,89.04,15.06,99.58,3.86,101.0,16.41,33.34,0.82,0.8,38.59
2019-12-21,PHU BAI,16.402,107.703,0.95,22.46,25.45,20.45,20.9,22.55,91.22,15.59,99.56,3.32,80.3,13.46,34.75,0.82,0.8,61.38
2019-12-22,PHU BAI,16.402,107.703,0.0,22.45,25.8,19.78,20.83,22.69,91.05,15.54,99.47,2.75,93.6,14.62,34.25,0.82,0.8,48.26
2019-12-23,PHU BAI,16.402,107.703,0.0,22.37,26.66,19.05,20.25,22.57,88.55,14.99,99.52,3.13,118.2,18.81,32.65,0.82,0.79,12.49
2019-12-24,PHU BAI,16.402,107.703,0.0,22.31,25.71,19.77,19.99,22.52,87.14,14.74,99.57,3.68,109.9,17.7,32.98,0.81,0.79,22.18
2019-12-25,PHU BAI,16.402,107.703,0.0,21.96,25.97,18.94,19.36,21.93,85.83,14.2,99.43,3.05,118.4,18.38,31.7,0.81,0.78,9.03
2019-12-26,PHU BAI,16.402,107.703,0.88,22.15,25.53,20.17,19.59,22.38,85.79,14.35,99.64,3.1,45.0,14.61,33.98,0.81,0.78,44.63
2019-12-27,PHU BAI,16.402,107.703,0.78,20.94,23.65,19.13,18.09,21.38,83.98,13.05,99.74,4.32,53.2,11.23,34.65,0.81,0.78,69.92
2019-12-28,PHU BAI,16.402,107.703,0.15,21.28,23.84,19.7,18.97,21.61,86.88,13.8,99.66,3.68,58.3,12.39,35.45,0.81,0.78,86.99
2019-12-29,PHU BAI,16.402,107.703,0.69,21.67,24.37,20.24,19.7,22.11,88.73,14.44,99.67,3.41,23.7,4.8,35.57,0.81,0.78,85.24
2019-12-30,PHU BAI,16.402,107.703,8.51,22.71,24.79,21.66,21.32,23.01,91.96,15.94,99.84,4.38,22.3,4.57,35.76,0.82,0.78,85.56
2019-12-31,PHU BAI,16.402,107.703,14.97,22.81,25.37,21.14,21.26,22.82,91.25,15.88,100.03,4.51,82.4,7.15,35.33,0.85,0.79,82.5
2020-01-01,PHU BAI,16.402,107.703,12.2,22.56,24.85,20.8,20.82,22.53,90.0,15.41,100.14,5.72,82.6,10.55,34.95,0.86,0.81,82.61
2020-01-02,PHU BAI,16.402,107.703,7.49,22.4,24.89,21.03,20.6,22.4,89.65,15.21,100.1,4.63,76.0,9.5,35.42,0.84,0.81,91.63
2020-01-03,PHU BAI,16.402,107.703,1.18,21.87,24.47,19.89,19.8,21.82,88.21,14.51,99.93,4.21,90.4,11.6,34.06,0.82,0.8,88.51
2020-01-04,PHU BAI,16.402,107.703,0.77,21.82,24.58,20.05,19.39,21.77,86.41,14.16,99.78,4.27,93.5,13.1,33.62,0.82,0.79,67.87
2020-01-05,PHU BAI,16.402,107.703,0.26,21.64,24.9,19.44,19.11,21.71,85.95,13.91,99.73,3.84,98.7,17.4,32.66,0.81,0.79,32.56
2020-01-06,PHU BAI,16.402,107.703,0.04,22.42,25.8,20.15,20.16,22.47,87.69,14.88,99.63,3.04,105.1,17.79,33.31,0.81,0.78,34.16
2020-01-07,PHU BAI,16.402,107.703,0.66,22.97,26.24,20.91,21.03,23.27,89.22,15.7,99.65,3.25,86.3,17.23,34.05,0.81,0.78,57.03
2020-01-08,PHU BAI,16.402,107.703,1.57,22.5,25.31,20.72,20.43,22.77,88.2,15.14,99.64,4.11,93.5,10.75,35.15,0.81,0.78,90.55
2020-01-09,PHU BAI,16.402,107.703,0.06,21.99,25.36,19.48,19.44,22.2,85.73,14.24,99.55,3.53,96.7,15.26,33.34,0.8,0.78,35.97
2020-01-10,PHU BAI,16.402,107.703,0.02,21.78,25.49,19.34,19.27,21.99,86.53,14.11,99.42,3.21,98.7,14.61,33.92,0.8,0.77,55.48
2020-01-11,PHU BAI,16.402,107.703,0.06,22.37,25.53,20.57,20.09,22.73,87.22,14.83,99.46,2.99,74.4,14.25,34.04,0.8,0.77,81.92
2020-01-12,PHU BAI,16.402,107.703,1.02,22.02,24.99,20.04,20.06,22.55,88.97,14.81,99.5,3.66,70.8,15.36,33.47,0.8,0.77,53.53
2020-01-13,PHU BAI,16.402,107.703,0.45,21.15,24.74,18.17,18.96,21.38,87.82,13.84,99.55,4.89,110.2,13.44,32.91,0.8,0.77,38.35
2020-01-14,PHU BAI,16.402,107.703,0.0,20.9,24.8,17.87,17.75,21.15,82.9,12.82,99.57,5.09,123.8,19.59,30.85,0.79,0.76,8.94
2020-01-15,PHU BAI,16.402,107.703,0.0,21.02,25.33,17.71,17.58,21.22,81.78,12.7,99.51,3.82,126.7,19.7,31.99,0.79,0.76,17.86
2020-01-16,PHU BAI,16.402,107.703,0.02,22.1,25.74,19.64,19.57,22.18,86.22,14.36,99.62,2.87,94.6,18.25,32.74,0.79,0.76,21.86
2020-01-17,PHU BAI,16.402,107.703,0.01,21.62,25.52,18.42,18.77,21.74,84.58,13.64,99.76,3.22,94.5,17.32,32.45,0.78,0.75,27.68
2020-01-18,PHU BAI,16.402,107.703,0.06,21.53,25.26,19.13,18.84,21.87,85.53,13.69,99.68,3.89,112.3,19.31,31.62,0.78,0.75,14.59
2020-01-19,PHU BAI,16.402,107.703,0.29,21.59,25.04,19.14,18.93,21.99,85.4,13.77,99.81,4.41,107.7,16.49,32.14,0.78,0.75,24.0
2020-01-20,PHU BAI,16.402,107.703,0.1,20.89,24.28,17.99,18.38,21.46,86.15,13.29,99.9,4.62,111.0,17.87,32.09,0.78,0.75,19.25
2020-01-21,PHU BAI,16.402,107.703,0.0,21.16,25.06,18.16,18.21,21.6,84.07,13.17,99.84,4.31,117.5,18.21,32.69,0.78,0.75,28.75
2020-01-22,PHU BAI,16.402,107.703,0.0,21.69,25.83,18.89,18.63,21.96,83.59,13.54,99.61,3.72,120.1,18.3,33.21,0.77,0.74,27.58
2020-01-23,PHU BAI,16.402,107.703,0.0,22.59,26.84,19.54,20.32,22.88,87.99,15.07,99.48,3.64,121.8,19.25,33.8,0.77,0.74,38.98
2020-01-24,PHU BAI,16.402,107.703,0.0,22.77,27.58,18.83,20.37,22.91,87.37,15.15,99.38,4.98,128.3,16.9,34.01,0.77,0.74,98.32
2020-01-25,PHU BAI,16.402,107.703,0.8,23.16,28.21,19.08,20.08,23.36,84.0,14.91,99.24,4.48,64.9,14.72,34.7,0.77,0.73,98.93
2020-01-26,PHU BAI,16.402,107.703,3.73,19.08,20.27,18.44,17.28,20.04,89.31,12.42,99.5,5.35,4.8,6.06,34.35,0.78,0.74,98.09
2020-01-27,PHU BAI,16.402,107.703,2.71,19.42,21.51,18.26,17.67,20.35,89.61,12.73,99.48,3.91,26.6,3.7,35.23,0.78,0.74,98.77
2020-01-28,PHU BAI,16.402,107.703,4.49,19.16,20.84,17.96,17.37,19.96,89.35,12.47,99.71,4.6,23.8,4.33,34.87,0.79,0.75,98.64
2020-01-29,PHU BAI,16.402,107.703,4.15,18.5,20.07,17.33,16.26,19.28,86.74,11.59,99.94,5.22,11.0,3.52,34.33,0.79,0.75,98.35
2020-01-30,PHU BAI,16.402,107.703,0.51,18.2,20.26,16.6,14.85,18.74,80.89,10.58,99.95,3.72,26.0,5.59,34.3,0.78,0.75,95.26
2020-01-31,PHU BAI,16.402,107.703,0.0,19.54,22.37,17.74,16.58,20.12,83.49,11.83,99.88,4.3,103.4,13.22,33.7,0.77,0.74,72.52
2020-02-01,PHU BAI,16.402,107.703,0.0,19.89,23.9,16.55,16.92,20.14,83.86,12.12,99.83,4.75,117.9,15.49,33.06,0.77,0.74,44.24
2020-02-02,PHU BAI,16.402,107.703,0.0,20.23,24.82,16.26,17.65,20.32,85.88,12.7,99.85,3.95,123.4,20.91,30.97,0.77,0.73,9.87
2020-02-03,PHU BAI,16.402,107.703,0.0,21.26,25.28,18.77,18.74,21.34,86.53,13.61,99.69,4.02,118.9,20.76,32.2,0.76,0.73,26.11
2020-02-04,PHU BAI,16.402,107.703,0.0,21.11,25.34,17.78,18.44,21.04,85.52,13.37,99.71,3.73,104.5,20.01,32.49,0.76,0.73,28.66
2020-02-05,PHU BAI,16.402,107.703,0.0,20.5,24.91,16.84,17.73,20.56,85.23,12.78,99.68,4.15,118.4,18.77,32.18,0.76,0.73,25.71
2020-02-06,PHU BAI,16.402,107.703,0.0,21.2,25.93,17.51,18.27,21.12,84.67,13.23,99.65,3.88,126.5,19.47,31.87,0.75,0.72,14.57
2020-02-07,PHU BAI,16.402,107.703,0.06,21.29,25.23,18.86,18.4,21.54,84.24,13.3,99.85,3.38,98.0,18.18,32.65,0.74,0.72,39.55
2020-02-08,PHU BAI,16.402,107.703,0.23,21.77,24.94,19.61,19.15,21.96,85.43,13.9,100.07,4.36,84.8,17.06,33.48,0.74,0.71,64.51
2020-02-09,PHU BAI,16.402,107.703,1.0,21.19,23.91,19.42,18.36,21.56,84.18,13.22,100.09,5.53,76.9,13.23,34.36,0.74,0.71,87.28
2020-02-10,PHU BAI,16.402,107.703,0.48,21.26,23.85,19.93,18.74,21.56,85.99,13.57,99.92,4.23,85.9,7.9,34.48,0.74,0.71,88.14
2020-02-11,PHU BAI,16.402,107.703,0.04,22.49,26.29,20.3,20.43,22.73,88.75,15.12,99.72,3.53,105.8,11.5,35.47,0.74,0.71,80.16
2020-02-12,PHU BAI,16.402,107.703,0.0,23.67,27.68,20.84,21.64,23.8,89.03,16.33,99.51,3.34,120.5,17.84,35.53,0.73,0.7,42.39
2020-02-13,PHU BAI,16.402,107.703,0.2,25.3,29.93,22.92,22.36,25.12,84.86,17.13,99.16,2.57,124.9,19.5,35.6,0.73,0.7,36.03
2020-02-14,PHU BAI,16.402,107.703,0.07,25.55,30.32,22.15,22.54,25.31,84.33,17.37,99.03,2.57,137.9,18.85,35.48,0.73,0.7,19.9
2020-02-15,PHU BAI,16.402,107.703,0.78,26.28,32.12,22.32,22.08,25.56,79.44,16.86,99.2,2.47,114.8,20.37,35.64,0.72,0.69,10.84
2020-02-16,PHU BAI,16.402,107.703,2.78,19.55,22.94,18.12,16.8,20.48,84.27,12.01,100.06,6.05,355.0,4.85,35.08,0.74,0.69,97.18
2020-02-17,PHU BAI,16.402,107.703,3.66,18.88,21.0,17.65,16.28,20.04,85.01,11.56,100.31,4.52,23.1,4.08,34.48,0.75,0.7,99.21
2020-02-18,PHU BAI,16.402,107.703,2.0,19.45,21.67,18.41,16.52,20.35,83.61,11.76,100.18,3.63,64.8,5.71,34.84,0.74,0.7,97.56
2020-02-19,PHU BAI,16.402,107.703,0.23,20.88,24.15,18.46,18.34,21.35,85.98,13.21,100.04,4.08,87.5,14.67,34.58,0.73,0.7,66.88
2020-02-20,PHU BAI,16.402,107.703,0.12,20.85,24.27,18.44,18.3,21.0,86.03,13.17,100.12,4.84,91.7,17.6,32.96,0.72,0.69,38.03
2020-02-21,PHU BAI,16.402,107.703,1.36,20.95,23.95,19.1,18.37,21.23,85.65,13.19,100.34,4.76,76.4,16.69,33.53,0.73,0.69,48.31
2020-02-22,PHU BAI,16.402,107.703,2.71,20.63,23.87,18.25,18.16,20.78,86.17,13.04,100.31,4.89,72.1,14.67,33.23,0.74,0.69,49.77
2020-02-23,PHU BAI,16.402,107.703,0.08,20.32,24.12,17.66,16.87,20.4,81.7,12.04,100.09,3.69,85.2,18.78,31.93,0.72,0.69,30.3
2020-02-24,PHU BAI,16.402,107.703,0.02,20.41,24.57,16.93,17.72,20.47,85.71,12.75,99.79,3.3,96.9,22.01,31.74,0.72,0.68,34.56
2020-02-25,PHU BAI,16.402,107.703,0.01,21.68,25.29,19.6,19.27,22.08,86.79,14.06,99.67,3.2,92.0,21.5,33.42,0.71,0.68,35.92
2020-02-26,PHU BAI,16.402,107.703,0.0,22.27,26.12,19.31,20.28,22.58,89.03,14.98,99.7,3.6,100.1,18.1,34.78,0.71,0.68,52.62
2020-02-27,PHU BAI,16.402,107.703,0.02,22.45,26.08,19.51,19.76,22.73,85.12,14.51,99.66,4.15,95.9,16.1,33.54,0.71,0.67,60.63
2020-02-28,PHU BAI,16.402,107.703,0.04,22.64,26.06,20.14,20.68,22.9,88.86,15.39,99.48,3.57,95.9,20.25,34.18,0.71,0.67,51.46
2020-02-29,PHU BAI,16.402,107.703,0.0,23.12,27.13,19.99,21.11,23.32,89.01,15.83,99.35,3.09,108.7,20.21,35.32,0.7,0.67,42.73
2020-03-01,PHU BAI,16.402,107.703,0.0,23.3,27.96,19.81,21.28,23.42,88.81,16.0,99.35,2.92,115.0,20.65,34.52,0.7,0.66,35.71
2020-03-02,PHU BAI,16.402,107.703,0.06,23.75,27.78,21.14,21.26,23.86,86.85,15.98,99.39,4.5,115.8,20.76,34.35,0.7,0.66,32.59
2020-03-03,PHU BAI,16.402,107.703,0.2,23.62,27.51,21.17,21.42,23.78,88.01,16.13,99.36,4.48,109.4,16.49,35.89,0.69,0.66,47.27
2020-03-04,PHU BAI,16.402,107.703,17.35,23.24,26.7,20.93,21.11,23.39,88.18,15.8,99.46,4.34,82.3,13.54,37.32,0.75,0.66,83.48
2020-03-05,PHU BAI,16.402,107.703,14.26,22.97,25.41,21.43,21.32,23.26,90.63,15.99,99.53,3.08,77.0,7.65,36.42,0.79,0.7,87.43
2020-03-06,PHU BAI,16.402,107.703,3.2,22.76,25.5,21.39,21.19,22.68,90.95,15.88,99.47,2.6,128.1,9.53,36.58,0.75,0.7,64.41
2020-03-07,PHU BAI,16.402,107.703,0.02,26.13,30.67,22.96,21.47,25.16,76.29,16.22,99.18,2.11,221.9,21.87,35.16,0.72,0.69,25.08
2020-03-08,PHU BAI,16.402,107.703,0.0,27.85,32.79,23.41,21.67,26.18,70.31,16.48,98.83,2.06,227.8,19.72,35.47,0.71,0.68,5.62
2020-03-09,PHU BAI,16.402,107.703,0.0,28.4,33.76,25.04,21.36,26.57,67.41,16.2,98.78,2.03,188.6,22.29,35.63,0.7,0.67,7.51
2020-03-10,PHU BAI,16.402,107.703,0.08,24.23,30.05,20.96,21.12,24.73,83.69,15.92,99.31,4.01,340.3,15.78,37.45,0.7,0.66,76.4
2020-03-11,PHU BAI,16.402,107.703,0.01,24.55,28.35,22.01,22.52,24.83,88.93,17.27,99.35,3.21,110.3,9.74,37.51,0.69,0.66,76.06
2020-03-12,PHU BAI,16.402,107.703,0.0,26.39,30.14,24.3,23.13,26.1,82.99,17.93,99.3,2.53,132.2,20.72,36.55,0.69,0.65,18.51
2020-03-13,PHU BAI,16.402,107.703,0.06,26.36,30.48,22.94,23.37,26.06,84.77,18.2,99.34,2.18,105.1,21.22,36.57,0.68,0.65,24.16
2020-03-14,PHU BAI,16.402,107.703,0.51,24.48,27.51,22.44,22.84,24.91,90.87,17.56,99.56,3.47,46.1,12.09,36.82,0.68,0.65,94.66
2020-03-15,PHU BAI,16.402,107.703,0.54,24.05,26.95,22.03,22.08,24.26,89.18,16.76,99.55,2.84,89.8,13.32,36.69,0.69,0.64,89.01
2020-03-16,PHU BAI,16.402,107.703,0.26,24.26,27.47,22.44,22.32,24.27,89.31,17.02,99.55,4.59,116.1,15.22,36.82,0.68,0.64,69.18
2020-03-17,PHU BAI,16.402,107.703,0.23,24.2,27.46,22.21,22.14,24.17,88.63,16.84,99.44,4.13,116.3,14.55,37.06,0.68,0.64,66.44
2020-03-18,PHU BAI,16.402,107.703,0.32,24.22,27.0,22.1,22.33,24.27,89.49,17.09,99.23,3.58,120.0,14.23,36.38,0.68,0.64,59.44
2020-03-19,PHU BAI,16.402,107.703,0.06,25.37,29.05,23.16,23.21,25.33,88.42,18.01,99.26,1.85,81.5,17.56,36.84,0.68,0.64,56.48
2020-03-20,PHU BAI,16.402,107.703,0.33,24.9,28.18,22.25,22.81,25.04,88.65,17.57,99.31,2.98,114.3,11.26,36.79,0.68,0.64,79.94
2020-03-21,PHU BAI,16.402,107.703,0.31,25.19,29.95,21.74,22.1,25.18,84.13,16.86,99.3,3.15,124.2,21.21,35.72,0.67,0.63,24.37
2020-03-22,PHU BAI,16.402,107.703,0.0,25.12,29.27,21.84,22.64,25.37,87.03,17.41,99.25,3.07,112.8,21.34,36.65,0.67,0.63,47.17
2020-03-23,PHU BAI,16.402,107.703,0.75,24.67,28.77,21.91,22.09,25.02,86.28,16.83,99.26,3.47,106.4,18.87,36.44,0.67,0.63,38.87
2020-03-24,PHU BAI,16.402,107.703,0.28,24.75,28.66,21.85,22.37,24.95,87.32,17.14,99.15,4.23,113.2,19.02,36.25,0.67,0.62,52.16
2020-03-25,PHU BAI,16.402,107.703,0.21,25.27,29.12,22.53,22.71,25.4,86.49,17.51,99.09,4.31,118.3,18.48,36.19,0.66,0.62,24.21
2020-03-26,PHU BAI,16.402,107.703,0.01,26.39,30.46,23.61,23.23,26.46,83.62,18.07,99.12,3.21,127.5,18.62,36.94,0.66,0.62,41.23
2020-03-27,PHU BAI,16.402,107.703,0.02,27.16,31.2,24.25,23.6,27.04,81.88,18.49,99.08,2.66,130.6,21.29,36.99,0.65,0.61,27.28
2020-03-28,PHU BAI,16.402,107.703,0.02,27.02,31.69,23.64,23.69,27.01,83.32,18.6,99.01,3.23,116.5,19.93,36.94,0.65,0.61,35.35
2020-03-29,PHU BAI,16.402,107.703,0.0,27.02,31.12,24.4,23.55,26.79,82.04,18.47,98.9,3.59,132.8,19.13,36.81,0.65,0.61,21.77
2020-03-30,PHU BAI,16.402,107.703,0.0,27.76,33.23,24.52,23.96,27.4,81.13,18.94,98.94,2.1,125.9,20.22,37.33,0.64,0.6,48.42
2020-03-31,PHU BAI,16.402,107.703,0.02,27.37,32.21,24.3,23.88,27.15,82.71,18.81,99.09,1.53,50.5,19.74,37.42,0.64,0.6,47.95
2020-04-01,PHU BAI,16.402,107.703,0.25,25.61,29.62,21.88,23.48,25.96,88.58,18.37,99.19,3.56,110.3,8.88,37.58,0.64,0.6,91.01
2020-04-02,PHU BAI,16.402,107.703,0.54,25.58,29.51,23.09,22.59,25.64,84.68,17.39,99.24,3.9,119.3,15.86,37.32,0.64,0.6,68.83
2020-04-03,PHU BAI,16.402,107.703,0.7,25.75,28.82,23.37,23.52,26.12,87.98,18.36,99.31,3.81,103.7,18.88,36.61,0.64,0.59,51.75
2020-04-04,PHU BAI,16.402,107.703,1.32,25.23,28.99,22.34,23.04,25.42,88.38,17.81,99.45,3.67,102.9,16.11,36.47,0.65,0.6,46.2
2020-04-05,PHU BAI,16.402,107.703,0.16,24.92,28.35,22.45,22.47,25.6,86.95,17.18,99.52,3.17,42.5,15.25,38.08,0.63,0.59,84.29
2020-04-06,PHU BAI,16.402,107.703,0.38,23.8,27.45,21.5,21.46,24.82,87.02,16.17,99.4,4.25,1.5,4.69,37.23,0.63,0.59,96.45
2020-04-07,PHU BAI,16.402,107.703,0.63,23.6,27.18,21.68,21.27,24.44,87.11,15.97,99.37,3.82,359.9,6.63,36.78,0.63,0.59,95.66
2020-04-08,PHU BAI,16.402,107.703,0.04,24.1,27.34,21.91,21.77,24.9,87.29,16.45,99.48,3.12,1.4,8.06,37.3,0.63,0.59,93.23
2020-04-09,PHU BAI,16.402,107.703,0.27,24.66,27.41,23.17,22.48,25.18,88.12,17.19,99.52,2.51,2.4,7.42,37.04,0.63,0.59,94.41
2020-04-10,PHU BAI,16.402,107.703,0.08,25.29,28.11,22.75,23.2,25.5,88.63,17.98,99.48,2.99,106.4,15.53,36.89,0.63,0.59,84.53
2020-04-11,PHU BAI,16.402,107.703,0.69,26.21,29.94,23.61,23.21,26.32,84.52,18.02,99.34,2.45,105.7,20.36,37.02,0.63,0.58,74.38
2020-04-12,PHU BAI,16.402,107.703,23.85,23.77,27.68,21.4,21.69,24.29,88.18,16.43,99.55,5.47,20.0,14.25,36.23,0.75,0.61,94.09
2020-04-13,PHU BAI,16.402,107.703,4.82,21.66,23.15,20.81,18.73,22.25,83.69,13.59,99.73,3.23,32.1,5.83,35.3,0.7,0.63,99.36
2020-04-14,PHU BAI,16.402,107.703,0.17,23.02,25.72,21.57,20.16,23.84,84.13,14.87,99.61,3.06,60.0,7.4,36.32,0.66,0.62,90.02
2020-04-15,PHU BAI,16.402,107.703,0.04,23.98,26.9,21.99,21.45,24.34,86.24,16.16,99.38,3.85,113.7,14.66,36.02,0.66,0.62,78.52
2020-04-16,PHU BAI,16.402,107.703,0.22,25.43,28.93,23.16,22.74,25.44,85.7,17.52,99.22,3.52,125.0,20.37,36.23,0.65,0.61,83.94
2020-04-17,PHU BAI,16.402,107.703,2.49,26.11,29.75,23.97,22.28,25.52,80.28,17.05,99.24,2.87,150.1,18.06,36.77,0.66,0.61,88.64
2020-04-18,PHU BAI,16.402,107.703,0.45,26.31,30.25,23.45,22.38,26.0,80.33,17.17,99.22,2.21,139.4,16.4,35.8,0.65,0.6,68.37
2020-04-19,PHU BAI,16.402,107.703,0.02,27.69,32.7,24.75,23.45,27.41,79.27,18.32,99.1,2.62,128.2,23.85,36.61,0.63,0.59,48.62
2020-04-20,PHU BAI,16.402,107.703,0.11,28.22,32.65,25.63,24.41,27.83,80.86,19.42,99.08,2.44,134.7,21.95,36.85,0.63,0.59,70.54
2020-04-21,PHU BAI,16.402,107.703,0.51,28.24,32.03,25.44,24.41,27.9,80.52,19.44,99.0,2.59,132.8,19.35,36.83,0.62,0.58,78.7
2020-04-22,PHU BAI,16.402,107.703,3.81,26.92,30.76,24.65,24.56,26.86,87.61,19.57,99.19,2.69,100.1,16.07,37.06,0.64,0.58,86.55
2020-04-23,PHU BAI,16.402,107.703,20.24,26.0,30.45,23.61,23.53,26.07,87.24,18.38,99.34,3.74,77.8,15.26,36.86,0.7,0.59,97.4
2020-04-24,PHU BAI,16.402,107.703,49.74,24.44,26.32,23.11,23.24,24.63,92.97,18.0,99.51,4.78,24.9,4.11,36.72,0.87,0.67,99.82
2020-04-25,PHU BAI,16.402,107.703,15.18,24.34,26.5,22.85,22.57,24.8,89.98,17.27,99.58,5.0,46.1,5.96,36.42,0.79,0.7,83.68
2020-04-26,PHU BAI,16.402,107.703,5.11,23.77,26.63,21.82,21.54,24.47,87.49,16.19,99.67,4.64,38.3,6.15,36.42,0.74,0.69,91.6
2020-04-27,PHU BAI,16.402,107.703,2.36,23.42,26.49,21.4,20.82,24.15,85.45,15.48,99.73,3.87,18.9,6.13,35.78,0.71,0.67,91.95
2020-04-28,PHU BAI,16.402,107.703,0.4,23.95,26.92,22.04,20.93,24.66,83.52,15.61,99.54,3.2,71.4,17.98,36.28,0.68,0.65,72.39
2020-04-29,PHU BAI,16.402,107.703,1.71,24.73,27.77,22.7,22.04,25.14,85.77,16.74,99.49,3.38,83.2,22.07,36.18,0.68,0.64,54.41
2020-04-30,PHU BAI,16.402,107.703,0.34,25.24,29.1,22.4,22.85,25.51,87.29,17.62,99.35,3.23,101.3,20.54,36.72,0.67,0.63,46.33
2020-05-01,PHU BAI,16.402,107.703,0.13,26.08,30.2,23.11,23.37,26.42,85.81,18.23,99.12,3.36,113.0,22.63,36.8,0.66,0.62,30.08
2020-05-02,PHU BAI,16.402,107.703,0.15,26.93,31.16,24.21,23.79,27.14,83.63,18.73,98.95,3.09,124.9,23.09,36.91,0.65,0.61,58.2
2020-05-03,PHU BAI,16.402,107.703,0.03,26.63,30.65,23.91,23.76,26.37,85.01,18.72,98.94,2.76,144.4,22.92,37.18,0.65,0.61,64.03
2020-05-04,PHU BAI,16.402,107.703,0.04,28.41,33.19,25.84,24.53,28.09,80.53,19.59,98.95,2.29,136.0,20.82,37.17,0.64,0.6,76.21
2020-05-05,PHU BAI,16.402,107.703,0.0,28.65,32.42,25.73,24.29,28.64,78.26,19.34,98.84,2.66,131.6,24.84,37.18,0.63,0.59,42.75
2020-05-06,PHU BAI,16.402,107.703,0.0,29.82,34.6,26.43,25.22,29.07,77.35,20.47,98.75,2.28,170.5,22.71,37.99,0.63,0.59,67.78
2020-05-07,PHU BAI,16.402,107.703,0.0,29.66,33.72,27.47,25.8,29.14,80.69,21.21,98.7,2.01,141.4,24.05,37.8,0.62,0.58,62.53
2020-05-08,PHU BAI,16.402,107.703,0.01,28.4,29.39,27.42,25.94,27.54,86.49,21.36,98.78,1.79,186.5,23.19,38.03,0.63,0.58,65.77
2020-05-09,PHU BAI,16.402,107.703,0.03,29.13,31.5,27.11,25.59,28.25,81.5,20.9,98.88,1.72,210.6,22.14,37.74,0.63,0.59,59.94
2020-05-10,PHU BAI,16.402,107.703,0.01,29.12,33.89,26.27,25.47,28.57,81.72,20.75,98.95,2.4,146.0,23.81,37.4,0.63,0.58,40.78
2020-05-11,PHU BAI,16.402,107.703,0.01,28.74,32.69,26.15,24.24,28.43,77.61,19.26,98.99,1.84,120.5,22.18,37.6,0.62,0.58,92.72
2020-05-12,PHU BAI,16.402,107.703,0.03,27.18,30.5,24.0,24.16,27.43,84.42,19.16,99.09,2.23,105.5,22.24,37.09,0.62,0.57,84.05
2020-05-13,PHU BAI,16.402,107.703,1.18,27.82,32.0,24.82,24.28,28.11,82.42,19.3,99.05,3.22,111.6,23.92,37.34,0.61,0.57,49.75
2020-05-14,PHU BAI,16.402,107.703,0.27,28.45,32.35,25.62,24.19,28.58,78.73,19.21,98.9,2.73,129.0,22.85,37.21,0.6,0.56,63.74
2020-05-15,PHU BAI,16.402,107.703,0.41,28.45,32.62,25.16,24.24,28.21,79.13,19.3,98.72,2.59,141.6,20.92,37.68,0.6,0.56,73.57
2020-05-16,PHU BAI,16.402,107.703,0.84,28.81,33.33,25.89,24.17,28.89,77.63,19.27,98.65,2.52,123.3,23.94,37.88,0.6,0.56,53.92
2020-05-17,PHU BAI,16.402,107.703,0.51,29.51,33.83,26.56,24.79,29.4,77.07,20.0,98.52,1.99,145.4,21.11,38.43,0.59,0.55,79.03
2020-05-18,PHU BAI,16.402,107.703,6.09,27.99,31.06,26.02,24.73,27.66,82.85,19.92,98.56,2.77,196.5,22.05,38.05,0.63,0.56,57.63
2020-05-19,PHU BAI,16.402,107.703,1.02,30.3,35.09,26.5,24.64,29.84,73.22,19.82,98.57,2.55,222.7,21.45,38.68,0.61,0.56,85.19
2020-05-20,PHU BAI,16.402,107.703,1.9,28.18,30.47,26.49,25.09,27.86,83.49,20.34,98.68,2.6,202.8,21.45,38.88,0.62,0.56,98.68
2020-05-21,PHU BAI,16.402,107.703,0.01,30.54,34.56,27.19,24.4,29.52,70.81,19.54,98.57,2.25,223.8,21.51,38.95,0.59,0.56,97.14
2020-05-22,PHU BAI,16.402,107.703,1.43,30.28,33.34,27.17,25.3,29.49,75.51,20.61,98.63,2.27,231.3,19.4,38.36,0.6,0.56,98.72
2020-05-23,PHU BAI,16.402,107.703,4.12,29.05,33.02,25.52,25.32,28.74,81.02,20.61,98.76,1.95,201.8,16.09,38.31,0.64,0.56,99.18
2020-05-24,PHU BAI,16.402,107.703,0.63,28.63,31.29,26.36,24.9,28.52,80.83,20.03,98.96,2.0,215.0,19.15,37.72,0.61,0.56,96.91
2020-05-25,PHU BAI,16.402,107.703,1.29,28.89,33.66,26.23,24.9,28.87,80.18,20.05,98.97,2.04,232.3,23.11,38.32,0.61,0.56,77.72
2020-05-26,PHU BAI,16.402,107.703,0.45,29.77,33.26,26.3,24.69,29.31,75.06,19.8,98.94,2.02,236.2,22.75,38.55,0.59,0.56,73.25
2020-05-27,PHU BAI,16.402,107.703,16.92,28.55,31.8,26.24,25.04,28.77,82.32,20.21,98.99,1.89,50.7,18.49,37.57,0.66,0.56,85.66
2020-05-28,PHU BAI,16.402,107.703,4.1,27.94,30.47,25.83,23.73,27.83,78.5,18.68,99.02,1.6,142.7,16.91,37.73,0.67,0.59,89.33
2020-05-29,PHU BAI,16.402,107.703,2.13,28.62,32.22,26.03,24.75,28.66,80.29,19.84,99.03,1.82,167.2,14.31,37.91,0.65,0.58,92.21
2020-05-30,PHU BAI,16.402,107.703,2.05,28.66,32.28,25.37,24.43,28.39,78.71,19.45,99.12,2.02,201.2,19.6,38.06,0.64,0.58,82.39
2020-05-31,PHU BAI,16.402,107.703,1.88,28.35,31.87,25.41,24.32,28.17,79.44,19.33,99.1,1.97,182.0,20.12,38.69,0.63,0.58,87.82
2020-06-01,PHU BAI,16.402,107.703,1.61,28.66,32.76,25.63,24.34,28.67,78.46,19.37,99.02,1.81,216.3,20.93,38.32,0.63,0.57,85.07
2020-06-02,PHU BAI,16.402,107.703,0.76,28.82,32.93,25.25,24.26,28.8,77.45,19.31,98.92,2.16,200.9,24.13,37.62,0.61,0.57,67.6
2020-06-03,PHU BAI,16.402,107.703,0.97,28.8,32.77,25.65,23.69,28.76,75.21,18.68,98.82,2.33,152.3,23.68,38.34,0.61,0.56,69.27
2020-06-04,PHU BAI,16.402,107.703,1.93,28.44,31.38,25.9,24.77,28.37,81.15,19.92,98.81,2.06,182.7,21.83,37.95,0.62,0.56,81.61
2020-06-05,PHU BAI,16.402,107.703,0.02,29.11,32.79,25.91,24.58,29.02,77.37,19.7,98.75,2.02,211.6,20.63,37.67,0.6,0.56,91.99
2020-06-06,PHU BAI,16.402,107.703,0.0,29.16,32.76,26.08,24.49,28.9,76.78,19.61,98.74,2.38,209.8,22.43,37.7,0.59,0.55,88.17
2020-06-07,PHU BAI,16.402,107.703,0.0,28.96,32.81,25.33,22.44,28.51,69.2,17.38,98.66,3.34,236.3,22.61,38.07,0.58,0.55,93.91
2020-06-08,PHU BAI,16.402,107.703,0.0,30.19,34.66,26.85,24.38,29.87,72.42,19.51,98.69,2.1,201.2,23.26,37.96,0.57,0.54,88.66
2020-06-09,PHU BAI,16.402,107.703,1.74,29.33,33.46,26.7,25.03,29.44,79.02,20.26,98.77,2.26,117.0,23.23,38.27,0.57,0.54,83.9
2020-06-10,PHU BAI,16.402,107.703,1.53,29.2,33.32,26.11,25.16,29.33,80.25,20.43,98.78,2.44,127.1,21.93,37.98,0.58,0.54,81.93
2020-06-11,PHU BAI,16.402,107.703,1.56,28.98,32.84,25.77,24.22,29.26,77.06,19.35,98.66,2.28,116.7,23.01,37.81,0.57,0.54,70.31
2020-06-12,PHU BAI,16.402,107.703,0.09,29.75,33.75,26.75,23.76,29.93,71.74,18.85,98.43,2.31,120.3,24.0,38.59,0.55,0.53,62.71
2020-06-13,PHU BAI,16.402,107.703,2.29,29.62,33.17,26.99,25.28,29.81,78.63,20.64,98.43,2.11,356.8,20.83,38.21,0.56,0.53,93.74
2020-06-14,PHU BAI,16.402,107.703,3.81,27.39,28.9,25.72,24.66,27.46,85.33,19.8,98.76,2.26,189.8,13.7,37.53,0.6,0.54,99.33
2020-06-15,PHU BAI,16.402,107.703,2.62,27.45,31.05,25.16,24.44,27.59,84.35,19.5,98.93,2.73,130.2,14.17,37.57,0.6,0.54,99.67
2020-06-16,PHU BAI,16.402,107.703,3.2,27.3,30.46,24.91,23.68,27.28,81.28,18.63,98.87,2.51,157.0,10.85,37.49,0.61,0.55,99.28
2020-06-17,PHU BAI,16.402,107.703,1.48,27.57,30.52,24.93,23.28,27.43,78.08,18.19,98.84,2.3,214.5,14.43,37.2,0.6,0.55,88.77
2020-06-18,PHU BAI,16.402,107.703,0.15,28.64,33.14,25.34,23.8,28.75,76.53,18.81,98.79,2.49,205.8,21.31,38.07,0.57,0.54,51.25
2020-06-19,PHU BAI,16.402,107.703,0.18,29.5,34.17,26.78,24.48,29.85,76.0,19.61,98.81,2.58,122.7,19.83,38.56,0.55,0.53,59.84
2020-06-20,PHU BAI,16.402,107.703,0.11,29.29,32.34,27.16,24.9,29.55,78.08,20.1,98.73,2.43,125.7,23.35,37.99,0.54,0.53,34.55
2020-06-21,PHU BAI,16.402,107.703,0.16,29.72,32.88,27.09,24.82,29.44,75.77,20.03,98.59,2.11,204.7,24.97,37.86,0.55,0.53,43.7
2020-06-22,PHU BAI,16.402,107.703,0.06,30.07,34.58,26.71,24.65,30.32,74.18,19.82,98.66,2.8,161.3,22.85,38.18,0.53,0.52,46.7
2020-06-23,PHU BAI,16.402,107.703,0.49,30.19,34.46,26.78,24.39,30.29,72.73,19.54,98.76,1.98,211.4,23.48,38.5,0.53,0.52,60.56
2020-06-24,PHU BAI,16.402,107.703,1.43,30.5,35.23,27.35,24.67,30.57,72.99,19.9,98.68,2.47,221.5,24.6,37.89,0.53,0.52,70.81
2020-06-25,PHU BAI,16.402,107.703,1.4,29.75,34.51,26.16,24.91,29.65,76.79,20.16,98.62,2.4,205.5,22.41,38.06,0.54,0.52,98.64
2020-06-26,PHU BAI,16.402,107.703,0.47,29.61,34.53,26.49,24.06,29.61,73.82,19.15,98.71,2.35,178.4,23.01,38.16,0.53,0.52,67.79
2020-06-27,PHU BAI,16.402,107.703,0.36,29.16,32.66,26.52,24.36,29.32,76.45,19.46,98.73,2.13,142.3,22.45,38.05,0.53,0.52,70.67
2020-06-28,PHU BAI,16.402,107.703,0.05,29.71,33.61,26.42,24.02,30.08,72.77,19.1,98.63,2.55,134.4,23.39,38.28,0.52,0.51,82.11
2020-06-29,PHU BAI,16.402,107.703,0.06,29.77,34.18,26.76,23.29,30.02,69.71,18.31,98.55,2.56,199.9,19.73,37.89,0.51,0.51,89.19
2020-06-30,PHU BAI,16.402,107.703,1.28,29.59,33.89,25.83,23.6,29.9,71.58,18.65,98.52,2.34,236.5,18.2,37.88,0.51,0.51,96.48
2020-07-01,PHU BAI,16.402,107.703,4.06,28.05,30.94,25.53,24.0,28.22,79.28,19.08,98.5,2.41,218.4,18.39,37.77,0.55,0.51,97.76
2020-07-02,PHU BAI,16.402,107.703,8.83,28.58,32.22,25.7,24.06,28.89,77.86,19.16,98.54,2.14,214.3,19.26,38.0,0.6,0.52,95.45
2020-07-03,PHU BAI,16.402,107.703,6.67,27.93,31.0,26.07,24.58,28.4,82.7,19.71,98.71,2.18,79.6,18.61,38.31,0.59,0.53,96.45
2020-07-04,PHU BAI,16.402,107.703,0.7,28.13,31.59,25.75,23.79,28.13,78.17,18.79,98.81,2.17,193.9,19.31,38.25,0.58,0.53,88.67
2020-07-05,PHU BAI,16.402,107.703,0.64,28.72,32.56,26.6,24.27,29.01,78.07,19.38,98.63,2.49,126.4,23.58,37.97,0.55,0.53,32.12
2020-07-06,PHU BAI,16.402,107.703,1.52,28.75,31.93,26.46,24.81,28.81,80.11,20.0,98.7,2.45,128.7,23.0,37.51,0.56,0.53,58.57
2020-07-07,PHU BAI,16.402,107.703,1.12,29.01,32.93,24.94,23.91,28.92,75.14,18.93,98.86,2.35,186.6,22.55,37.5,0.55,0.52,28.65
2020-07-08,PHU BAI,16.402,107.703,0.45,30.13,35.36,26.73,24.31,30.27,72.65,19.41,98.73,2.15,177.2,24.27,37.55,0.53,0.52,79.74
2020-07-09,PHU BAI,16.402,107.703,0.2,30.39,35.53,26.45,23.68,30.4,69.4,18.76,98.54,2.16,221.2,24.08,37.49,0.52,0.51,87.15
2020-07-10,PHU BAI,16.402,107.703,5.7,30.52,34.96,26.72,24.6,30.12,72.57,19.8,98.63,1.76,230.6,23.97,37.24,0.54,0.51,87.17
2020-07-11,PHU BAI,16.402,107.703,3.42,28.87,31.96,26.07,24.73,28.78,78.97,19.89,98.72,1.76,199.1,23.04,38.02,0.58,0.52,81.42
2020-07-12,PHU BAI,16.402,107.703,2.99,28.87,32.71,26.22,24.55,28.75,78.64,19.71,98.7,1.93,147.5,24.63,37.51,0.57,0.52,16.42
2020-07-13,PHU BAI,16.402,107.703,0.49,28.62,31.93,26.0,24.57,28.81,79.61,19.71,98.77,2.22,37.0,23.4,37.46,0.54,0.52,25.23
2020-07-14,PHU BAI,16.402,107.703,4.91,28.22,31.49,25.21,24.13,28.55,79.47,19.18,98.78,1.97,89.7,24.07,36.68,0.57,0.52,22.59
2020-07-15,PHU BAI,16.402,107.703,0.43,29.0,31.92,26.69,23.89,29.19,74.83,18.92,98.71,2.1,115.8,23.88,37.72,0.55,0.52,59.3
2020-07-16,PHU BAI,16.402,107.703,0.13,29.47,32.94,26.32,23.61,29.7,72.05,18.64,98.72,1.9,112.3,24.33,37.8,0.53,0.52,34.64
2020-07-17,PHU BAI,16.402,107.703,0.21,29.93,34.16,26.79,23.7,30.3,70.78,18.72,98.82,2.31,116.3,24.1,37.97,0.52,0.51,35.57
2020-07-18,PHU BAI,16.402,107.703,1.3,29.58,33.96,26.36,23.82,29.88,73.06,18.88,98.78,2.6,134.3,24.5,38.13,0.52,0.51,38.17
2020-07-19,PHU BAI,16.402,107.703,0.13,29.87,33.5,26.87,24.25,30.1,73.4,19.39,98.74,2.54,195.3,23.57,38.36,0.51,0.51,71.95
2020-07-20,PHU BAI,16.402,107.703,0.04,29.29,33.96,26.07,23.43,29.77,72.58,18.43,98.82,2.51,104.1,22.12,37.49,0.5,0.5,94.6
2020-07-21,PHU BAI,16.402,107.703,0.02,28.89,32.85,25.6,23.05,29.48,72.56,18.03,98.92,2.61,116.5,24.89,37.21,0.5,0.5,28.4
2020-07-22,PHU BAI,16.402,107.703,0.11,28.88,32.7,25.78,23.11,29.6,72.44,18.04,98.87,2.37,102.1,22.6,37.31,0.49,0.5,64.22
2020-07-23,PHU BAI,16.402,107.703,0.06,28.32,31.55,25.66,23.36,28.81,75.83,18.33,98.9,2.36,108.4,23.43,36.99,0.5,0.5,31.34
2020-07-24,PHU BAI,16.402,107.703,0.04,29.23,34.25,25.42,22.69,29.97,70.1,17.65,98.85,2.81,112.8,22.86,37.07,0.49,0.49,53.68
2020-07-25,PHU BAI,16.402,107.703,0.01,29.52,33.86,26.3,22.76,30.24,68.63,17.7,98.8,2.43,116.0,23.82,37.77,0.48,0.49,45.75
2020-07-26,PHU BAI,16.402,107.703,0.25,29.7,33.74,26.79,23.82,30.17,71.92,18.86,98.74,2.51,102.3,24.14,37.43,0.48,0.49,29.49
2020-07-27,PHU BAI,16.402,107.703,2.67,29.94,35.04,26.35,23.89,30.53,72.39,19.03,98.64,2.51,115.2,24.85,38.18,0.5,0.49,59.5
2020-07-28,PHU BAI,16.402,107.703,3.01,28.39,31.32,25.93,24.58,28.42,80.4,19.69,98.76,2.38,272.3,22.51,37.72,0.53,0.49,71.1
2020-07-29,PHU BAI,16.402,107.703,0.21,29.23,32.75,26.5,24.04,29.65,74.68,19.11,98.72,2.57,318.5,25.14,37.53,0.5,0.49,50.61
2020-07-30,PHU BAI,16.402,107.703,6.11,28.76,32.15,25.87,24.3,29.07,77.87,19.43,98.53,2.96,4.7,20.52,38.0,0.54,0.49,91.65
2020-07-31,PHU BAI,16.402,107.703,12.42,27.16,29.55,25.74,24.5,27.27,85.75,19.75,98.22,5.45,289.4,5.07,38.1,0.61,0.51,99.33
2020-08-01,PHU BAI,16.402,107.703,36.73,27.11,28.47,25.99,24.78,26.92,87.17,20.18,97.78,5.99,245.8,5.45,37.49,0.78,0.56,99.2
2020-08-02,PHU BAI,16.402,107.703,9.69,28.71,32.16,25.57,24.62,28.42,79.45,19.9,98.08,3.72,199.9,14.5,37.81,0.69,0.59,99.39
2020-08-03,PHU BAI,16.402,107.703,5.0,28.65,32.15,25.91,24.27,28.43,77.85,19.43,98.28,2.3,213.2,16.88,38.05,0.65,0.58,98.42
2020-08-04,PHU BAI,16.402,107.703,2.86,28.5,31.63,26.48,24.69,28.42,80.57,19.9,98.47,2.15,200.0,17.0,37.49,0.63,0.57,97.71
2020-08-05,PHU BAI,16.402,107.703,3.01,27.88,30.56,25.93,24.53,27.94,82.66,19.65,98.72,2.19,160.2,14.96,37.58,0.63,0.56,98.82
2020-08-06,PHU BAI,16.402,107.703,5.06,27.82,30.74,25.66,24.8,27.96,84.38,19.97,98.77,2.7,110.7,19.23,37.22,0.65,0.56,91.74
2020-08-07,PHU BAI,16.402,107.703,0.45,27.82,31.13,25.24,24.23,28.13,81.45,19.31,98.68,2.83,120.3,22.78,37.5,0.6,0.55,56.49
2020-08-08,PHU BAI,16.402,107.703,1.51,28.51,31.97,26.05,24.36,28.8,78.95,19.46,98.58,2.73,131.0,23.76,37.25,0.59,0.54,25.82
2020-08-09,PHU BAI,16.402,107.703,2.28,29.31,32.85,26.4,24.64,29.61,76.99,19.83,98.55,2.25,228.1,23.22,37.74,0.57,0.54,65.79
2020-08-10,PHU BAI,16.402,107.703,5.19,30.14,33.82,26.71,24.83,30.08,74.44,20.07,98.56,2.54,248.0,24.66,37.52,0.58,0.53,48.54
2020-08-11,PHU BAI,16.402,107.703,45.28,28.91,32.45,25.53,25.14,28.96,80.97,20.4,98.68,1.65,228.2,19.96,37.76,0.75,0.56,94.88
2020-08-12,PHU BAI,16.402,107.703,14.78,28.15,32.24,25.41,24.54,28.51,81.75,19.66,98.77,2.03,146.6,17.83,37.58,0.73,0.61,96.04
2020-08-13,PHU BAI,16.402,107.703,1.97,27.39,31.32,24.86,23.93,27.7,82.12,18.93,98.83,2.46,141.4,11.96,37.19,0.66,0.6,99.39
2020-08-14,PHU BAI,16.402,107.703,1.93,27.07,29.53,24.83,23.63,27.41,81.92,18.57,98.87,2.08,135.8,9.42,37.12,0.64,0.59,99.49
2020-08-15,PHU BAI,16.402,107.703,2.81,27.09,29.63,25.11,23.91,27.55,83.07,18.88,98.88,1.53,219.8,18.52,37.37,0.65,0.58,97.57
2020-08-16,PHU BAI,16.402,107.703,8.91,27.74,30.35,24.94,23.57,27.72,78.55,18.52,98.8,1.5,232.2,19.31,37.36,0.68,0.58,86.01
2020-08-17,PHU BAI,16.402,107.703,7.46,28.22,31.7,25.17,23.52,28.26,76.52,18.47,98.74,1.92,226.7,20.04,37.54,0.67,0.58,84.01
2020-08-18,PHU BAI,16.402,107.703,3.41,27.96,31.23,25.41,24.22,28.38,81.09,19.31,98.63,2.13,89.2,20.8,37.61,0.65,0.58,84.42
2020-08-19,PHU BAI,16.402,107.703,2.52,27.12,29.65,25.65,24.65,27.61,86.59,19.78,98.66,2.53,57.8,20.41,37.41,0.63,0.57,89.31
2020-08-20,PHU BAI,16.402,107.703,1.16,26.56,28.11,25.07,23.5,26.94,83.47,18.43,98.86,2.08,147.2,15.1,37.15,0.63,0.57,98.51
2020-08-21,PHU BAI,16.402,107.703,2.01,27.45,29.88,25.82,23.7,27.67,80.46,18.64,98.93,1.91,121.9,20.19,37.17,0.62,0.56,89.92
2020-08-22,PHU BAI,16.402,107.703,18.18,27.5,30.22,25.65,24.49,28.01,84.23,19.55,98.9,1.54,64.6,18.86,37.45,0.71,0.58,79.6
2020-08-23,PHU BAI,16.402,107.703,1.7,28.12,31.0,25.47,24.29,28.15,80.34,19.34,98.86,1.66,191.7,18.42,37.3,0.65,0.58,86.85
2020-08-24,PHU BAI,16.402,107.703,0.41,28.27,31.35,25.15,23.68,28.03,76.75,18.64,98.81,2.43,223.5,21.33,37.36,0.62,0.57,83.4
2020-08-25,PHU BAI,16.402,107.703,0.2,29.29,32.97,26.12,24.52,29.1,76.24,19.65,98.68,2.97,243.0,22.64,37.71,0.6,0.56,62.32
2020-08-26,PHU BAI,16.402,107.703,7.31,28.77,31.8,26.5,24.65,28.58,79.19,19.82,98.53,3.87,245.6,20.27,38.08,0.63,0.56,89.3
2020-08-27,PHU BAI,16.402,107.703,2.17,27.35,30.27,25.62,24.05,27.36,82.63,19.15,98.41,4.82,243.4,14.13,37.18,0.63,0.56,87.08
2020-08-28,PHU BAI,16.402,107.703,2.14,29.01,32.54,25.39,24.55,28.67,77.65,19.75,98.45,2.86,237.5,24.78,37.27,0.62,0.56,47.54
2020-08-29,PHU BAI,16.402,107.703,0.33,29.05,32.95,26.17,24.7,29.15,78.23,19.9,98.55,2.42,239.0,23.98,37.53,0.59,0.55,49.55
2020-08-30,PHU BAI,16.402,107.703,0.08,28.87,32.18,26.08,24.57,29.1,78.31,19.71,98.66,2.28,63.7,24.05,36.95,0.58,0.54,20.25
2020-08-31,PHU BAI,16.402,107.703,0.18,28.59,32.24,24.97,23.38,28.95,74.51,18.31,98.8,1.92,350.9,22.55,37.28,0.56,0.53,32.92
2020-09-01,PHU BAI,16.402,107.703,2.26,28.71,31.97,26.79,24.46,29.33,78.77,19.58,98.81,2.53,345.9,18.91,37.97,0.56,0.53,76.33
2020-09-02,PHU BAI,16.402,107.703,2.49,28.59,31.77,25.39,24.52,29.03,79.4,19.62,98.86,2.15,12.8,22.24,37.77,0.58,0.53,47.11
2020-09-03,PHU BAI,16.402,107.703,0.38,29.06,33.67,25.59,23.76,29.65,74.9,18.76,98.92,2.7,97.6,22.76,37.1,0.54,0.52,78.86
2020-09-04,PHU BAI,16.402,107.703,0.76,29.04,33.42,26.77,24.09,29.65,76.38,19.17,98.83,2.25,74.4,22.45,37.89,0.54,0.52,82.63
2020-09-05,PHU BAI,16.402,107.703,0.19,29.38,31.96,26.74,24.07,29.49,73.72,19.1,98.71,1.64,241.9,23.17,37.75,0.54,0.52,57.99
2020-09-06,PHU BAI,16.402,107.703,0.09,29.8,33.11,26.64,24.03,29.69,72.12,19.09,98.68,2.1,243.0,22.86,37.29,0.53,0.52,79.71
2020-09-07,PHU BAI,16.402,107.703,2.15,29.43,33.19,26.19,24.15,29.46,74.49,19.22,98.82,2.24,237.6,20.72,37.44,0.54,0.52,98.44
2020-09-08,PHU BAI,16.402,107.703,5.08,28.46,31.79,26.84,24.26,28.74,78.79,19.29,99.03,1.98,102.2,20.35,37.62,0.6,0.53,94.35
2020-09-09,PHU BAI,16.402,107.703,0.17,27.74,29.8,25.8,24.55,28.13,83.13,19.64,98.91,1.93,113.9,21.43,36.87,0.57,0.53,86.9
2020-09-10,PHU BAI,16.402,107.703,0.79,28.44,31.15,26.3,24.43,28.85,79.46,19.52,98.74,2.15,101.6,21.34,37.28,0.55,0.53,67.2
2020-09-11,PHU BAI,16.402,107.703,0.32,28.63,31.49,26.3,24.46,29.05,78.87,19.53,98.89,2.57,100.3,22.74,37.71,0.55,0.52,38.08
2020-09-12,PHU BAI,16.402,107.703,0.03,28.74,32.51,25.33,23.99,29.31,76.55,18.98,99.03,2.95,106.8,21.45,37.23,0.53,0.52,71.42
2020-09-13,PHU BAI,16.402,107.703,0.11,28.9,32.47,25.93,23.81,29.59,75.45,18.81,99.03,3.35,108.9,22.65,37.17,0.52,0.52,63.17
2020-09-14,PHU BAI,16.402,107.703,0.2,28.61,32.23,26.1,23.7,29.28,75.98,18.69,98.93,2.69,110.4,23.7,37.13,0.52,0.51,45.74
2020-09-15,PHU BAI,16.402,107.703,0.48,28.91,32.8,26.19,23.27,29.46,72.7,18.2,98.84,2.17,84.0,22.42,37.2,0.52,0.51,65.58
2020-09-16,PHU BAI,16.402,107.703,0.61,29.35,33.31,26.42,23.28,29.87,70.94,18.23,98.7,2.26,43.4,21.37,37.21,0.51,0.51,91.24
2020-09-17,PHU BAI,16.402,107.703,46.02,27.83,29.99,26.03,24.82,27.95,84.23,20.12,98.33,5.2,317.5,5.35,37.91,0.73,0.54,99.18
2020-09-18,PHU BAI,16.402,107.703,145.21,26.92,28.76,24.68,25.26,26.93,90.62,20.76,97.97,6.2,93.0,7.92,37.5,0.85,0.66,99.07
2020-09-19,PHU BAI,16.402,107.703,15.33,27.75,31.28,25.62,24.19,27.97,81.71,19.24,98.78,2.78,127.8,14.63,37.31,0.75,0.66,99.64
2020-09-20,PHU BAI,16.402,107.703,6.0,26.2,27.71,25.2,23.83,26.85,86.89,18.74,99.1,1.94,135.6,10.21,37.24,0.74,0.66,99.17
2020-09-21,PHU BAI,16.402,107.703,0.74,27.19,29.29,25.49,24.34,27.49,84.75,19.35,99.04,2.12,98.9,9.45,37.45,0.68,0.64,90.31
2020-09-22,PHU BAI,16.402,107.703,0.26,27.83,30.95,25.08,24.69,28.19,83.64,19.79,98.95,3.1,116.5,21.16,37.52,0.65,0.62,54.89
2020-09-23,PHU BAI,16.402,107.703,0.0,27.92,31.69,25.01,24.41,28.24,82.04,19.45,98.98,3.45,108.7,22.27,36.88,0.63,0.6,75.8
2020-09-24,PHU BAI,16.402,107.703,2.84,27.86,31.51,24.89,24.14,28.34,80.84,19.13,99.03,2.61,85.6,21.84,36.74,0.64,0.58,57.32
2020-09-25,PHU BAI,16.402,107.703,4.03,28.36,32.37,25.78,23.59,28.73,76.62,18.53,98.9,2.51,15.1,21.95,36.72,0.64,0.58,72.3
2020-09-26,PHU BAI,16.402,107.703,5.37,28.16,31.68,25.46,24.11,28.32,79.28,19.14,98.87,2.35,130.1,20.69,36.9,0.66,0.58,92.2
2020-09-27,PHU BAI,16.402,107.703,1.51,27.46,29.94,25.77,24.17,27.63,83.06,19.23,98.87,2.85,111.2,20.28,36.7,0.63,0.58,97.26
2020-09-28,PHU BAI,16.402,107.703,6.08,27.1,29.21,25.46,24.81,27.28,87.54,19.96,98.86,2.85,117.6,18.02,36.8,0.66,0.58,98.14
2020-09-29,PHU BAI,16.402,107.703,8.64,27.01,28.9,25.33,24.0,26.9,83.64,18.99,98.82,1.51,272.6,16.84,37.19,0.7,0.6,97.04
2020-09-30,PHU BAI,16.402,107.703,1.07,27.13,29.49,25.26,23.95,27.36,83.12,18.96,98.74,2.23,56.0,20.9,37.01,0.64,0.59,49.48
2020-10-01,PHU BAI,16.402,107.703,6.16,27.2,28.95,25.79,24.9,27.45,87.47,20.08,98.78,2.65,81.9,17.0,36.85,0.67,0.59,94.16
2020-10-02,PHU BAI,16.402,107.703,17.09,27.73,30.17,26.25,25.24,27.89,86.71,20.47,98.88,3.2,104.1,17.58,37.23,0.74,0.6,95.86
2020-10-03,PHU BAI,16.402,107.703,4.73,27.01,29.41,25.27,24.66,27.13,87.24,19.76,99.0,2.58,119.7,7.32,37.15,0.69,0.61,98.69
2020-10-04,PHU BAI,16.402,107.703,3.82,27.03,29.46,25.65,24.2,27.3,84.87,19.21,98.97,2.01,79.0,18.13,37.01,0.67,0.61,73.3
2020-10-05,PHU BAI,16.402,107.703,11.02,27.22,29.49,25.61,24.08,27.56,83.17,19.06,99.03,3.14,57.5,19.44,36.39,0.69,0.6,76.4
2020-10-06,PHU BAI,16.402,107.703,76.32,27.4,28.68,26.79,25.46,27.26,89.16,20.71,98.99,5.98,49.5,5.69,37.24,0.91,0.68,99.42
2020-10-07,PHU BAI,16.402,107.703,218.91,27.13,27.71,26.85,25.88,27.11,92.73,21.26,98.8,8.92,62.3,1.7,37.3,0.99,0.82,99.24
2020-10-08,PHU BAI,16.402,107.703,221.54,26.95,28.31,25.89,25.39,26.97,91.13,20.64,98.95,7.83,64.2,1.97,37.11,0.98,0.91,98.81
2020-10-09,PHU BAI,16.402,107.703,187.59,26.46,27.58,25.4,24.7,26.49,90.01,19.79,98.99,8.81,54.2,2.3,37.22,0.99,0.94,99.05
2020-10-10,PHU BAI,16.402,107.703,98.03,25.75,27.04,24.67,23.86,26.09,89.31,18.81,98.95,7.12,32.1,5.87,36.66,0.97,0.94,99.28
2020-10-11,PHU BAI,16.402,107.703,90.76,25.62,26.41,24.78,24.54,25.89,93.71,19.7,98.56,7.92,24.2,3.02,36.8,0.96,0.94,98.69
2020-10-12,PHU BAI,16.402,107.703,111.2,26.15,26.95,24.91,24.78,26.17,92.09,19.98,98.55,7.1,36.5,2.77,36.95,0.97,0.93,99.18
2020-10-13,PHU BAI,16.402,107.703,11.59,25.4,27.37,23.88,23.4,25.69,88.82,18.36,98.61,4.77,340.4,5.34,36.9,0.89,0.9,99.33
2020-10-14,PHU BAI,16.402,107.703,5.02,26.4,28.66,25.14,24.16,26.93,87.78,19.21,98.69,3.24,63.4,11.76,37.4,0.85,0.85,98.11
2020-10-15,PHU BAI,16.402,107.703,49.16,26.52,27.85,25.86,24.9,26.66,90.84,20.06,98.8,4.24,89.9,7.52,37.11,0.93,0.85,99.34
2020-10-16,PHU BAI,16.402,107.703,132.13,26.79,27.45,26.26,25.68,26.66,93.53,21.04,98.68,6.68,61.7,1.8,37.29,0.99,0.91,99.23
2020-10-17,PHU BAI,16.402,107.703,141.4,26.39,27.63,25.26,25.24,26.34,93.34,20.5,98.7,7.67,58.4,3.21,37.29,0.99,0.95,99.08
2020-10-18,PHU BAI,16.402,107.703,35.97,26.01,27.49,24.71,24.52,26.14,91.54,19.6,98.86,4.32,101.9,8.38,36.94,0.96,0.95,99.49
2020-10-19,PHU BAI,16.402,107.703,87.7,26.84,29.63,25.62,23.77,27.05,84.11,18.71,99.04,4.09,71.5,4.84,36.9,0.98,0.96,99.27
2020-10-20,PHU BAI,16.402,107.703,30.13,25.59,27.06,24.04,24.09,25.67,91.37,19.04,99.22,7.11,51.2,1.76,36.57,0.97,0.97,99.3
2020-10-21,PHU BAI,16.402,107.703,4.9,23.58,25.81,22.18,20.9,24.0,84.92,15.64,99.32,6.34,7.3,7.54,34.99,0.94,0.96,99.35
2020-10-22,PHU BAI,16.402,107.703,0.05,23.02,25.4,21.5,19.42,23.38,80.27,14.26,99.26,5.13,347.0,7.2,35.12,0.92,0.94,97.91
2020-10-23,PHU BAI,16.402,107.703,0.01,23.43,26.33,21.27,19.48,23.59,78.77,14.32,99.27,4.49,353.7,9.77,34.66,0.91,0.93,98.92
2020-10-24,PHU BAI,16.402,107.703,3.84,23.57,26.21,21.83,19.74,23.89,79.52,14.55,99.24,4.76,334.7,11.62,35.17,0.91,0.92,99.48
2020-10-25,PHU BAI,16.402,107.703,34.64,22.91,24.23,22.09,20.91,23.36,88.55,15.69,99.03,5.13,285.8,3.65,35.39,0.95,0.94,94.6
2020-10-26,PHU BAI,16.402,107.703,4.04,25.01,27.09,24.0,23.14,25.36,89.46,17.97,99.11,3.13,55.4,15.19,35.82,0.92,0.94,98.09
2020-10-27,PHU BAI,16.402,107.703,49.22,24.75,26.69,23.44,22.49,25.04,87.49,17.31,98.94,6.66,355.3,15.01,35.59,0.94,0.94,98.14
2020-10-28,PHU BAI,16.402,107.703,98.45,24.87,26.04,23.44,23.7,24.76,93.15,18.79,98.19,12.55,51.5,3.84,36.63,0.98,0.98,97.8
2020-10-29,PHU BAI,16.402,107.703,13.13,25.53,28.27,24.1,23.97,25.49,91.25,18.91,99.14,4.93,107.5,15.18,36.8,0.95,0.97,67.67
2020-10-30,PHU BAI,16.402,107.703,21.69,25.09,27.01,24.08,23.66,25.21,91.84,18.5,99.43,4.19,80.4,10.24,36.68,0.95,0.97,72.34
2020-10-31,PHU BAI,16.402,107.703,19.19,25.0,27.32,23.27,23.24,25.07,89.97,18.03,99.48,5.33,68.1,8.42,36.39,0.95,0.98,72.97
2020-11-01,PHU BAI,16.402,107.703,2.29,24.04,26.35,22.26,21.75,24.37,87.02,16.45,99.47,3.76,52.0,10.62,35.96,0.94,0.97,96.03
2020-11-02,PHU BAI,16.402,107.703,1.02,23.77,26.0,22.51,20.92,23.94,84.25,15.6,99.56,3.5,45.2,11.45,35.62,0.93,0.96,80.87
2020-11-03,PHU BAI,16.402,107.703,3.44,23.6,25.71,22.22,21.36,23.91,87.35,16.03,99.58,4.54,27.2,9.64,36.27,0.93,0.96,97.49
2020-11-04,PHU BAI,16.402,107.703,8.61,23.32,25.38,22.1,21.15,23.73,87.69,15.83,99.52,4.19,28.0,7.06,35.42,0.93,0.95,99.04
2020-11-05,PHU BAI,16.402,107.703,27.91,23.28,24.28,22.7,21.62,23.43,90.36,16.31,99.47,4.71,16.2,3.67,35.49,0.95,0.96,98.54
2020-11-06,PHU BAI,16.402,107.703,36.56,24.47,26.07,22.9,23.0,24.41,91.44,17.75,99.54,6.15,54.9,6.93,36.14,0.96,0.98,89.73
2020-11-07,PHU BAI,16.402,107.703,1.61,23.77,25.71,22.52,21.36,23.83,86.46,16.01,99.68,4.53,13.8,8.67,36.35,0.94,0.97,78.73
2020-11-08,PHU BAI,16.402,107.703,2.67,24.02,26.0,22.79,21.53,23.9,86.0,16.18,99.63,5.98,18.2,8.65,36.75,0.93,0.96,95.13
2020-11-09,PHU BAI,16.402,107.703,23.01,23.02,25.14,20.83,20.22,23.04,84.44,14.94,99.52,6.58,22.0,6.24,35.62,0.94,0.96,98.66
2020-11-10,PHU BAI,16.402,107.703,68.39,22.47,23.87,21.14,21.23,22.74,92.61,15.93,99.46,7.79,25.6,2.93,35.58,0.98,0.99,98.91
2020-11-11,PHU BAI,16.402,107.703,74.21,24.03,24.82,23.24,22.91,23.97,93.35,17.63,99.59,7.69,56.7,3.33,35.87,0.99,0.99,98.88
2020-11-12,PHU BAI,16.402,107.703,9.96,22.45,24.61,20.83,19.91,22.49,85.46,14.68,99.7,5.18,20.6,6.0,35.57,0.97,0.99,89.86
2020-11-13,PHU BAI,16.402,107.703,3.27,22.61,24.83,21.08,19.02,22.45,80.32,13.86,99.48,4.96,358.3,9.57,35.08,0.96,0.98,91.06
2020-11-14,PHU BAI,16.402,107.703,69.87,22.54,23.23,21.75,20.96,22.63,90.8,15.76,98.99,10.73,327.9,4.45,36.15,0.98,0.99,98.63
2020-11-15,PHU BAI,16.402,107.703,74.43,24.89,27.81,22.87,23.42,24.67,91.75,18.3,99.22,4.99,129.4,4.86,35.94,0.99,1.0,85.03
2020-11-16,PHU BAI,16.402,107.703,6.59,24.37,26.95,22.31,23.08,24.37,92.51,17.87,99.44,4.34,101.4,6.72,36.55,0.97,0.99,78.88
2020-11-17,PHU BAI,16.402,107.703,0.65,24.21,26.86,22.56,22.58,24.29,90.86,17.34,99.32,2.95,97.0,13.4,35.56,0.96,0.99,46.91
2020-11-18,PHU BAI,16.402,107.703,0.05,24.45,27.06,22.79,23.0,24.43,91.74,17.81,99.23,2.25,76.1,15.97,35.81,0.95,0.98,44.31
2020-11-19,PHU BAI,16.402,107.703,0.01,24.47,27.2,22.65,22.91,24.67,91.2,17.72,99.17,2.3,84.7,15.18,36.76,0.95,0.97,64.87
2020-11-20,PHU BAI,16.402,107.703,0.0,24.2,27.3,21.59,22.55,24.32,90.69,17.33,99.24,2.98,97.5,12.72,35.85,0.94,0.97,40.43
2020-11-21,PHU BAI,16.402,107.703,0.01,24.28,27.24,22.18,22.62,24.44,90.8,17.38,99.35,2.98,99.8,16.78,35.37,0.93,0.96,32.87
2020-11-22,PHU BAI,16.402,107.703,3.09,24.3,26.88,22.55,22.47,24.46,89.83,17.18,99.56,3.15,68.2,17.64,34.55,0.93,0.96,31.7
2020-11-23,PHU BAI,16.402,107.703,6.77,24.15,26.26,22.55,22.27,24.19,89.36,16.95,99.61,4.17,72.2,14.78,35.18,0.93,0.96,43.3
2020-11-24,PHU BAI,16.402,107.703,9.43,24.18,26.5,22.64,22.42,24.11,90.07,17.12,99.6,4.72,77.9,13.86,35.43,0.93,0.96,56.34
2020-11-25,PHU BAI,16.402,107.703,7.29,23.83,26.18,22.01,21.99,23.79,89.6,16.69,99.59,4.38,74.4,11.41,35.69,0.93,0.95,82.41
2020-11-26,PHU BAI,16.402,107.703,6.95,24.06,26.36,22.42,22.16,23.96,89.22,16.83,99.69,5.11,72.0,7.68,35.77,0.92,0.95,73.49
2020-11-27,PHU BAI,16.402,107.703,8.66,23.68,25.65,22.19,21.5,23.71,87.68,16.13,99.79,6.12,50.5,12.12,35.67,0.92,0.95,77.16
2020-11-28,PHU BAI,16.402,107.703,34.92,22.37,24.13,20.94,20.51,22.69,89.17,15.17,99.79,6.46,36.2,3.63,35.8,0.95,0.96,98.86
2020-11-29,PHU BAI,16.402,107.703,42.8,20.94,21.74,20.36,19.23,21.46,89.83,13.99,99.9,6.46,25.4,2.87,34.82,0.96,0.98,92.54
2020-11-30,PHU BAI,16.402,107.703,52.84,21.31,21.77,20.66,19.69,21.73,90.41,14.41,99.87,6.15,30.4,3.29,35.25,0.98,0.99,93.3
2020-12-01,PHU BAI,16.402,107.703,38.12,22.28,23.26,21.21,20.78,22.49,91.11,15.43,99.79,6.64,48.2,3.0,35.38,0.98,0.99,87.73
2020-12-02,PHU BAI,16.402,107.703,7.35,21.56,23.48,20.28,19.43,21.82,87.66,14.19,99.81,4.99,53.9,7.39,35.72,0.96,0.99,95.07
2020-12-03,PHU BAI,16.402,107.703,8.31,20.9,23.28,18.58,17.82,21.04,82.62,12.82,99.85,5.12,41.0,4.27,35.53,0.96,0.98,93.12
2020-12-04,PHU BAI,16.402,107.703,8.09,19.29,21.25,18.3,16.54,19.92,84.17,11.8,99.87,4.87,25.8,7.6,34.74,0.95,0.98,97.14
2020-12-05,PHU BAI,16.402,107.703,4.95,19.03,20.59,18.17,16.5,19.59,85.37,11.77,99.91,3.94,24.6,3.2,34.62,0.95,0.98,97.12
2020-12-06,PHU BAI,16.402,107.703,1.21,20.18,22.05,19.1,18.21,20.7,88.45,13.13,99.83,3.49,29.2,3.42,35.03,0.94,0.97,96.94
2020-12-07,PHU BAI,16.402,107.703,7.4,21.05,22.86,20.11,19.14,21.32,88.73,13.92,99.89,4.69,29.8,4.68,35.3,0.94,0.97,98.47
2020-12-08,PHU BAI,16.402,107.703,3.59,20.37,22.37,18.86,17.98,20.68,86.27,12.95,99.79,4.35,16.9,4.39,34.7,0.94,0.97,98.51
2020-12-09,PHU BAI,16.402,107.703,0.36,20.64,22.59,19.46,18.41,20.94,87.09,13.33,99.58,3.46,15.4,4.12,35.29,0.93,0.96,84.73
2020-12-10,PHU BAI,16.402,107.703,1.23,21.5,23.26,20.35,19.94,21.7,90.87,14.68,99.53,3.26,7.3,4.49,35.11,0.93,0.96,62.5
2020-12-11,PHU BAI,16.402,107.703,1.15,22.37,24.51,21.33,21.06,22.66,92.32,15.76,99.45,2.99,24.6,4.63,35.28,0.93,0.96,70.11
2020-12-12,PHU BAI,16.402,107.703,1.87,23.12,25.44,21.79,21.97,23.13,93.31,16.71,99.26,3.15,57.9,6.45,35.73,0.92,0.95,71.01
2020-12-13,PHU BAI,16.402,107.703,1.29,23.83,26.76,22.08,22.63,23.77,93.17,17.41,99.21,2.98,94.6,13.55,35.29,0.92,0.95,67.03
2020-12-14,PHU BAI,16.402,107.703,7.38,23.64,26.15,21.79,22.47,23.6,93.21,17.2,99.49,3.46,64.6,8.46,36.81,0.92,0.95,96.06
2020-12-15,PHU BAI,16.402,107.703,27.03,22.6,24.71,21.19,21.22,22.59,91.86,15.87,99.77,5.39,55.4,7.5,35.8,0.94,0.96,91.04
2020-12-16,PHU BAI,16.402,107.703,16.6,20.58,22.32,19.7,18.84,20.93,89.7,13.65,99.89,5.33,35.6,5.51,35.25,0.94,0.97,97.63
2020-12-17,PHU BAI,16.402,107.703,9.47,20.21,21.91,19.34,18.43,20.69,89.46,13.31,99.81,4.94,39.3,5.31,34.61,0.93,0.96,98.53
2020-12-18,PHU BAI,16.402,107.703,16.27,19.61,21.52,18.68,17.87,20.28,89.69,12.84,99.94,6.0,19.9,4.64,34.33,0.94,0.96,98.86
2020-12-19,PHU BAI,16.402,107.703,13.41,18.38,19.82,17.57,16.56,19.18,89.1,11.79,100.1,6.52,17.2,4.02,33.56,0.94,0.97,98.58
2020-12-20,PHU BAI,16.402,107.703,6.99,17.68,18.11,17.35,15.78,18.41,88.61,11.21,100.1,6.36,11.5,3.6,32.86,0.94,0.97,98.6
2020-12-21,PHU BAI,16.402,107.703,3.36,17.57,18.33,17.11,15.47,18.17,87.45,11.01,99.93,5.32,8.2,3.78,32.54,0.93,0.96,89.16
2020-12-22,PHU BAI,16.402,107.703,2.32,18.9,20.19,18.18,17.1,19.51,89.32,12.26,99.66,3.87,18.0,3.9,33.28,0.93,0.96,97.34
2020-12-23,PHU BAI,16.402,107.703,1.79,20.67,22.27,19.76,19.51,21.02,93.08,14.31,99.47,4.24,3.8,4.99,34.44,0.93,0.96,80.87
2020-12-24,PHU BAI,16.402,107.703,4.37,20.74,22.73,19.49,19.51,21.06,92.65,14.3,99.57,4.61,10.7,2.87,35.36,0.93,0.96,95.54
2020-12-25,PHU BAI,16.402,107.703,2.84,21.31,23.05,20.26,20.01,21.52,92.35,14.74,99.59,3.73,55.0,4.06,34.6,0.93,0.95,71.48
2020-12-26,PHU BAI,16.402,107.703,0.08,22.01,24.69,20.25,20.76,22.06,92.79,15.47,99.47,3.24,88.0,9.42,35.12,0.92,0.95,76.66
2020-12-27,PHU BAI,16.402,107.703,0.05,21.89,25.2,19.16,20.57,21.83,92.5,15.33,99.41,3.25,104.8,9.19,35.05,0.91,0.94,83.28
2020-12-28,PHU BAI,16.402,107.703,0.0,21.32,24.8,18.85,19.57,21.09,90.17,14.42,99.33,2.64,112.9,17.82,32.36,0.91,0.94,28.29
2020-12-29,PHU BAI,16.402,107.703,1.94,22.14,25.22,20.29,20.12,21.91,88.68,14.86,99.51,2.75,59.4,18.61,32.42,0.91,0.93,44.86
2020-12-30,PHU BAI,16.402,107.703,10.47,19.15,21.53,17.1,16.46,19.39,84.36,11.76,100.03,7.06,26.5,9.63,33.77,0.92,0.93,98.64
2020-12-31,PHU BAI,16.402,107.703,8.54,16.94,18.19,16.28,14.26,17.63,84.16,10.15,100.17,5.4,39.8,3.91,33.13,0.92,0.94,99.08
2021-01-01,PHU BAI,16.402,107.703,0.34,16.52,18.03,15.48,12.57,17.13,77.6,9.1,100.11,4.1,36.4,3.41,33.41,0.91,0.93,95.99
2021-01-02,PHU BAI,16.402,107.703,0.12,17.21,18.61,16.07,13.81,17.7,80.49,9.89,99.92,2.86,45.6,3.81,34.28,0.9,0.93,97.57
2021-01-03,PHU BAI,16.402,107.703,2.13,19.01,21.02,17.9,17.03,19.43,88.4,12.18,99.86,3.75,29.6,3.95,33.85,0.9,0.93,88.31
2021-01-04,PHU BAI,16.402,107.703,3.0,19.65,21.44,18.53,18.29,20.04,91.87,13.2,99.81,4.12,22.8,4.79,34.65,0.9,0.92,94.73
2021-01-05,PHU BAI,16.402,107.703,3.6,20.87,23.07,19.47,19.54,21.21,92.07,14.29,99.76,4.15,43.9,4.24,34.81,0.9,0.92,79.03
2021-01-06,PHU BAI,16.402,107.703,2.87,20.73,22.9,19.49,19.09,20.85,90.37,13.91,99.62,4.21,58.0,4.93,34.92,0.9,0.92,80.53
2021-01-07,PHU BAI,16.402,107.703,14.2,20.52,22.97,18.83,18.94,20.89,90.69,13.78,99.69,5.1,35.1,5.36,34.56,0.91,0.92,84.55
2021-01-08,PHU BAI,16.402,107.703,13.13,17.08,19.44,15.79,15.25,18.07,88.92,10.86,100.04,6.42,20.4,3.33,32.65,0.92,0.94,90.69
2021-01-09,PHU BAI,16.402,107.703,2.86,16.47,17.32,16.0,14.38,17.51,87.44,10.25,99.99,3.97,28.1,4.6,33.2,0.91,0.93,96.23
2021-01-10,PHU BAI,16.402,107.703,4.21,16.88,18.16,15.93,15.24,17.82,90.04,10.84,99.97,4.64,17.3,3.68,33.61,0.91,0.93,97.38
2021-01-11,PHU BAI,16.402,107.703,4.3,15.11,17.41,14.1,13.18,16.36,88.22,9.47,100.38,7.85,6.7,2.65,33.01,0.91,0.93,99.39
2021-01-12,PHU BAI,16.402,107.703,0.14,14.18,15.67,12.92,9.77,14.51,74.92,7.57,100.13,4.08,7.0,3.63,32.29,0.9,0.92,98.72
2021-01-13,PHU BAI,16.402,107.703,0.0,16.18,19.54,14.06,12.53,17.0,79.67,9.12,99.75,2.65,95.3,7.57,32.25,0.9,0.92,63.9
2021-01-14,PHU BAI,16.402,107.703,0.0,18.12,21.66,15.91,15.33,18.14,84.13,10.96,99.59,2.77,97.3,13.73,33.16,0.89,0.91,61.74
2021-01-15,PHU BAI,16.402,107.703,0.0,19.26,22.24,17.67,16.86,19.23,86.15,12.1,99.47,2.43,85.0,11.35,34.22,0.89,0.91,67.87
2021-01-16,PHU BAI,16.402,107.703,1.73,20.01,23.01,18.28,17.88,20.18,87.86,12.89,99.59,2.86,63.2,17.15,33.73,0.89,0.9,63.87
2021-01-17,PHU BAI,16.402,107.703,16.43,19.36,22.65,16.35,16.78,19.63,85.14,12.0,100.11,6.56,31.4,8.69,34.36,0.91,0.91,98.0
2021-01-18,PHU BAI,16.402,107.703,2.35,16.22,17.6,15.44,13.23,16.86,82.37,9.5,100.04,3.67,24.8,4.39,33.56,0.9,0.91,96.0
2021-01-19,PHU BAI,16.402,107.703,0.02,17.37,19.58,16.12,14.62,17.58,84.09,10.44,99.74,2.72,83.1,10.07,32.35,0.89,0.91,76.83
2021-01-20,PHU BAI,16.402,107.703,0.11,20.05,23.31,18.25,18.01,20.03,88.46,13.01,99.55,2.7,66.0,15.63,34.15,0.89,0.9,75.75
2021-01-21,PHU BAI,16.402,107.703,0.16,20.43,23.67,18.43,18.86,20.58,90.89,13.73,99.46,3.2,30.8,10.93,34.52,0.88,0.9,83.05
2021-01-22,PHU BAI,16.402,107.703,0.25,19.84,23.21,17.51,18.28,20.14,90.88,13.25,99.47,3.28,359.9,7.61,33.98,0.88,0.89,82.9
2021-01-23,PHU BAI,16.402,107.703,0.0,19.9,22.88,18.03,17.83,20.2,88.03,12.86,99.52,2.42,30.4,14.54,34.92,0.88,0.89,77.13
2021-01-24,PHU BAI,16.402,107.703,0.0,20.4,24.52,17.33,18.74,20.57,90.6,13.65,99.45,3.06,119.2,18.14,32.44,0.87,0.88,19.64
2021-01-25,PHU BAI,16.402,107.703,0.02,20.5,24.96,17.68,18.68,20.55,89.96,13.59,99.55,2.78,102.6,17.88,33.2,0.87,0.88,41.69
2021-01-26,PHU BAI,16.402,107.703,0.26,20.58,23.49,18.5,18.72,20.66,89.39,13.59,99.58,3.14,73.0,14.26,33.97,0.87,0.87,66.95
2021-01-27,PHU BAI,16.402,107.703,0.62,20.66,23.64,18.74,18.86,20.73,89.65,13.72,99.62,3.65,84.3,8.61,34.69,0.87,0.87,86.37
2021-01-28,PHU BAI,16.402,107.703,1.25,20.09,22.74,17.95,18.21,19.99,89.09,13.13,99.93,4.01,57.9,6.22,34.27,0.87,0.87,85.22
2021-01-29,PHU BAI,16.402,107.703,0.63,19.45,22.16,17.71,17.04,19.58,86.18,12.18,99.9,4.47,76.7,13.51,32.95,0.86,0.86,90.46
2021-01-30,PHU BAI,16.402,107.703,2.01,20.39,22.97,18.51,18.47,20.51,89.02,13.35,99.8,4.37,81.9,15.36,32.84,0.86,0.86,79.02
2021-01-31,PHU BAI,16.402,107.703,0.88,20.33,23.55,18.0,18.66,20.24,90.56,13.52,99.8,3.99,92.8,14.8,33.12,0.86,0.86,51.37
2021-02-01,PHU BAI,16.402,107.703,0.02,20.38,23.63,18.28,18.3,20.4,88.32,13.22,99.8,2.74,91.3,18.92,31.84,0.85,0.85,25.37
2021-02-02,PHU BAI,16.402,107.703,0.58,20.69,23.75,18.74,18.81,20.85,89.27,13.64,99.85,3.27,81.1,17.41,32.97,0.85,0.85,42.47
2021-02-03,PHU BAI,16.402,107.703,0.84,20.19,23.28,18.05,18.14,20.14,88.37,13.07,99.89,3.82,80.5,19.76,31.67,0.85,0.84,27.23
2021-02-04,PHU BAI,16.402,107.703,4.25,20.57,23.43,18.44,18.36,20.58,87.33,13.26,99.86,4.3,75.5,11.8,34.61,0.86,0.84,89.39
2021-02-05,PHU BAI,16.402,107.703,2.63,20.27,23.42,18.07,17.99,20.4,87.11,12.96,99.77,3.59,77.3,12.59,32.89,0.85,0.84,49.95
2021-02-06,PHU BAI,16.402,107.703,0.18,20.62,23.62,18.85,18.69,20.99,89.05,13.56,99.6,3.45,80.3,17.04,33.46,0.85,0.84,61.82
2021-02-07,PHU BAI,16.402,107.703,1.19,21.64,24.84,20.02,19.68,21.88,88.91,14.44,99.58,3.36,79.9,15.69,34.93,0.84,0.83,79.91
2021-02-08,PHU BAI,16.402,107.703,10.82,21.98,24.37,20.86,20.63,22.22,92.18,15.33,99.49,3.82,62.0,7.33,35.83,0.86,0.83,97.49
2021-02-09,PHU BAI,16.402,107.703,14.49,20.62,25.41,17.1,19.08,21.06,91.03,14.11,99.38,5.39,6.7,6.84,35.96,0.88,0.85,98.27
2021-02-10,PHU BAI,16.402,107.703,2.79,18.39,21.82,15.82,16.39,18.92,88.24,11.75,99.56,4.26,340.8,5.76,32.35,0.86,0.85,63.28
2021-02-11,PHU BAI,16.402,107.703,0.02,18.07,21.62,15.19,15.32,18.59,84.28,10.94,99.67,3.35,352.8,19.91,29.82,0.85,0.84,28.93
2021-02-12,PHU BAI,16.402,107.703,0.0,18.84,22.12,17.04,15.23,18.72,79.79,10.87,99.73,2.06,2.3,18.63,29.94,0.84,0.83,30.69
2021-02-13,PHU BAI,16.402,107.703,0.0,19.01,22.85,15.8,15.77,18.98,82.03,11.26,99.71,2.11,83.6,21.23,30.84,0.84,0.83,31.76
2021-02-14,PHU BAI,16.402,107.703,0.0,19.41,23.21,16.15,16.94,19.61,86.23,12.15,99.62,2.44,103.5,18.78,31.67,0.84,0.82,29.28
2021-02-15,PHU BAI,16.402,107.703,0.0,19.84,24.43,16.25,17.47,20.0,87.19,12.61,99.42,3.35,121.6,21.51,30.25,0.83,0.82,10.1
2021-02-16,PHU BAI,16.402,107.703,0.01,20.46,24.94,17.34,17.78,20.22,85.55,12.83,99.56,2.68,110.7,21.21,32.49,0.83,0.81,33.99
2021-02-17,PHU BAI,16.402,107.703,2.49,20.62,23.67,18.54,18.21,20.97,86.34,13.12,99.93,3.19,57.1,15.88,33.83,0.83,0.81,59.47
2021-02-18,PHU BAI,16.402,107.703,3.54,19.94,22.71,17.74,17.44,19.96,85.76,12.48,100.14,5.11,69.0,15.49,33.08,0.84,0.81,53.99
2021-02-19,PHU BAI,16.402,107.703,0.95,19.5,22.57,16.9,16.37,19.84,82.28,11.66,100.1,3.93,67.9,18.73,31.46,0.83,0.81,35.13
2021-02-20,PHU BAI,16.402,107.703,0.14,18.8,22.85,15.02,15.6,18.97,82.56,11.12,99.85,3.34,103.7,18.25,30.97,0.82,0.8,30.35
2021-02-21,PHU BAI,16.402,107.703,0.0,19.25,23.75,15.79,16.47,19.5,84.88,11.8,99.6,3.58,118.3,21.27,30.83,0.82,0.8,21.96
2021-02-22,PHU BAI,16.402,107.703,0.0,19.73,24.61,15.59,17.36,19.96,86.84,12.53,99.5,3.31,114.3,21.8,30.53,0.82,0.79,18.2
2021-02-23,PHU BAI,16.402,107.703,0.0,19.61,23.79,15.9,17.15,19.97,86.66,12.37,99.42,2.96,105.3,20.8,31.77,0.81,0.79,32.18
2021-02-24,PHU BAI,16.402,107.703,0.0,21.11,25.3,18.67,18.26,21.2,84.56,13.3,99.13,3.6,122.7,21.24,31.53,0.81,0.79,3.77
2021-02-25,PHU BAI,16.402,107.703,0.0,24.19,28.57,21.0,20.69,23.8,81.65,15.52,98.81,2.66,139.1,20.1,34.55,0.81,0.78,14.62
2021-02-26,PHU BAI,16.402,107.703,0.0,24.69,29.49,21.1,21.21,24.08,82.05,16.03,98.82,2.29,120.1,18.68,35.45,0.8,0.78,34.13
2021-02-27,PHU BAI,16.402,107.703,0.94,23.81,27.52,21.52,21.9,23.8,89.72,16.66,99.1,3.19,84.9,13.14,36.78,0.8,0.78,74.18
2021-02-28,PHU BAI,16.402,107.703,0.23,24.04,28.0,21.57,22.15,23.93,89.75,16.89,99.21,4.14,118.6,17.34,35.56,0.8,0.77,44.08
2021-03-01,PHU BAI,16.402,107.703,1.08,24.75,28.56,22.49,22.75,24.73,89.19,17.48,99.46,2.6,95.4,17.46,36.86,0.8,0.77,68.41
2021-03-02,PHU BAI,16.402,107.703,4.23,22.2,26.14,20.08,20.66,22.74,91.14,15.39,99.65,4.02,16.7,7.78,37.42,0.81,0.77,95.35
2021-03-03,PHU BAI,16.402,107.703,0.65,23.01,26.11,21.14,21.41,23.17,91.08,16.06,99.64,3.55,83.0,9.06,36.85,0.8,0.77,89.02
2021-03-04,PHU BAI,16.402,107.703,0.04,23.35,27.51,20.64,21.54,23.47,90.17,16.24,99.47,3.31,112.6,12.14,36.28,0.8,0.77,68.54
2021-03-05,PHU BAI,16.402,107.703,0.2,24.83,29.12,22.02,22.14,24.72,85.83,16.88,99.33,2.8,130.4,20.45,35.82,0.79,0.76,39.22
2021-03-06,PHU BAI,16.402,107.703,1.01,24.8,29.84,21.83,22.53,24.54,88.23,17.26,99.45,2.27,77.8,17.3,35.35,0.79,0.76,40.37
2021-03-07,PHU BAI,16.402,107.703,0.32,23.62,27.3,20.86,21.85,23.78,90.19,16.54,99.6,3.0,89.6,12.47,36.0,0.79,0.76,66.28
2021-03-08,PHU BAI,16.402,107.703,1.13,23.2,26.48,21.05,21.23,23.19,89.24,15.9,99.64,3.34,108.8,17.93,34.78,0.79,0.75,50.77
2021-03-09,PHU BAI,16.402,107.703,2.29,22.86,26.52,20.29,20.86,22.9,89.18,15.56,99.65,3.91,111.6,20.69,33.95,0.79,0.75,27.09
2021-03-10,PHU BAI,16.402,107.703,0.71,22.99,26.78,20.44,21.16,23.09,89.88,15.83,99.63,3.76,110.2,21.95,33.72,0.79,0.75,25.09
2021-03-11,PHU BAI,16.402,107.703,0.01,22.94,26.64,20.31,20.92,23.05,88.98,15.59,99.71,2.94,94.5,22.34,33.66,0.78,0.75,26.28
2021-03-12,PHU BAI,16.402,107.703,0.0,22.7,26.43,20.04,20.7,23.0,89.16,15.38,99.72,3.09,93.5,20.37,33.68,0.78,0.74,29.85
2021-03-13,PHU BAI,16.402,107.703,0.0,22.69,26.23,20.32,20.31,23.0,87.18,15.01,99.62,3.07,84.1,19.51,33.47,0.77,0.74,27.65
2021-03-14,PHU BAI,16.402,107.703,0.04,22.5,26.11,19.27,20.41,22.79,88.63,15.16,99.4,3.63,109.2,20.68,33.39,0.77,0.74,20.22
2021-03-15,PHU BAI,16.402,107.703,0.0,23.36,28.15,20.03,21.05,23.43,87.73,15.8,99.2,3.52,120.0,20.46,34.1,0.77,0.73,21.33
2021-03-16,PHU BAI,16.402,107.703,0.0,23.53,27.73,20.55,21.23,23.69,87.55,15.99,99.18,3.15,113.9,18.26,35.36,0.76,0.73,44.89
2021-03-17,PHU BAI,16.402,107.703,0.0,23.73,27.52,20.82,21.45,23.88,87.65,16.22,99.16,3.1,115.3,19.83,34.31,0.76,0.73,43.28
2021-03-18,PHU BAI,16.402,107.703,0.0,23.82,28.5,20.3,20.99,23.76,85.25,15.76,99.1,3.3,122.9,21.28,34.27,0.75,0.72,71.11
2021-03-19,PHU BAI,16.402,107.703,0.0,24.47,28.72,21.71,22.14,24.54,87.58,16.93,98.97,2.98,115.5,21.09,34.82,0.75,0.72,20.42
2021-03-20,PHU BAI,16.402,107.703,0.05,25.1,29.14,22.73,22.99,25.13,88.84,17.84,98.92,3.01,109.1,18.98,35.83,0.75,0.72,58.56
2021-03-21,PHU BAI,16.402,107.703,22.87,23.59,26.89,21.27,21.77,23.92,89.66,16.5,99.47,5.25,32.3,14.38,35.82,0.81,0.73,88.78
2021-03-22,PHU BAI,16.402,107.703,24.72,20.67,22.75,19.42,18.84,21.37,89.25,13.66,99.92,5.34,24.6,5.41,35.37,0.87,0.78,98.12
2021-03-23,PHU BAI,16.402,107.703,1.81,21.56,24.1,20.13,19.47,22.27,88.04,14.22,99.71,4.04,49.1,4.96,36.07,0.79,0.77,97.7
2021-03-24,PHU BAI,16.402,107.703,0.21,22.77,25.68,21.02,20.8,23.32,89.02,15.51,99.4,3.75,74.0,10.23,36.67,0.78,0.75,88.93
2021-03-25,PHU BAI,16.402,107.703,0.05,23.76,27.12,21.32,21.9,23.94,89.88,16.63,99.3,4.01,103.4,16.74,36.11,0.77,0.74,62.53
2021-03-26,PHU BAI,16.402,107.703,0.05,24.29,28.13,21.5,22.31,24.28,89.28,17.08,99.16,4.11,117.3,18.4,35.71,0.77,0.74,39.99
2021-03-27,PHU BAI,16.402,107.703,0.0,25.33,29.44,22.89,23.03,25.27,87.68,17.89,98.95,2.99,120.7,19.34,35.9,0.76,0.73,82.04
2021-03-28,PHU BAI,16.402,107.703,0.0,25.82,29.05,24.02,23.38,25.38,86.84,18.29,98.86,2.35,119.7,16.9,36.7,0.76,0.73,74.16
2021-03-29,PHU BAI,16.402,107.703,0.0,27.43,30.9,24.5,23.64,26.57,80.4,18.63,98.64,2.04,170.0,19.88,36.79,0.76,0.73,42.0
2021-03-30,PHU BAI,16.402,107.703,0.0,28.26,33.92,24.31,23.32,27.31,76.07,18.3,98.52,2.3,169.9,20.65,36.36,0.75,0.72,18.54
2021-03-31,PHU BAI,16.402,107.703,0.49,28.23,34.09,25.11,23.81,27.46,78.52,18.85,98.5,2.67,163.7,20.49,37.09,0.75,0.71,34.86
2021-04-01,PHU BAI,16.402,107.703,1.13,28.54,33.54,25.37,23.8,27.16,76.77,18.81,98.59,2.27,174.4,19.94,37.13,0.75,0.71,60.9
2021-04-02,PHU BAI,16.402,107.703,5.6,26.74,31.08,23.73,24.37,26.45,87.55,19.42,98.85,2.51,117.4,5.08,37.3,0.77,0.72,93.15
2021-04-03,PHU BAI,16.402,107.703,0.08,25.36,28.88,22.55,23.63,25.57,90.51,18.54,99.03,3.49,100.5,19.48,36.24,0.74,0.71,50.25
2021-04-04,PHU BAI,16.402,107.703,0.04,24.47,28.4,21.17,22.51,24.66,89.17,17.28,99.26,3.77,100.1,19.01,34.8,0.74,0.71,48.04
2021-04-05,PHU BAI,16.402,107.703,0.01,24.09,27.64,21.52,22.14,24.27,89.2,16.85,99.45,3.28,92.8,23.15,34.01,0.73,0.7,26.97
2021-04-06,PHU BAI,16.402,107.703,0.59,24.47,27.67,22.34,22.45,24.74,89.21,17.17,99.5,3.21,86.7,22.47,34.7,0.73,0.7,27.34
2021-04-07,PHU BAI,16.402,107.703,0.54,24.77,28.13,22.19,22.84,25.09,89.53,17.61,99.31,3.48,98.9,21.19,35.25,0.73,0.7,35.37
2021-04-08,PHU BAI,16.402,107.703,0.07,24.63,28.35,21.7,22.36,24.95,87.88,17.15,99.21,2.89,102.9,22.15,34.67,0.72,0.69,14.44
2021-04-09,PHU BAI,16.402,107.703,0.99,24.63,27.79,22.09,22.29,25.09,87.39,17.02,99.38,2.93,86.3,22.95,34.87,0.72,0.69,28.75
2021-04-10,PHU BAI,16.402,107.703,2.66,24.7,27.73,22.44,22.67,25.19,88.94,17.39,99.52,3.56,88.2,18.39,35.79,0.73,0.69,60.64
2021-04-11,PHU BAI,16.402,107.703,0.25,25.07,28.37,22.73,22.66,25.4,87.02,17.38,99.55,4.15,102.8,20.93,35.62,0.72,0.68,39.73
2021-04-12,PHU BAI,16.402,107.703,0.0,24.84,28.78,21.42,22.49,25.16,87.45,17.23,99.39,3.67,111.2,24.0,35.34,0.71,0.68,31.72
2021-04-13,PHU BAI,16.402,107.703,0.0,24.93,29.01,21.74,22.5,25.26,87.03,17.26,99.26,3.3,114.9,22.84,35.77,0.71,0.68,63.22
2021-04-14,PHU BAI,16.402,107.703,0.02,25.94,29.89,23.36,22.86,26.2,84.01,17.67,99.1,2.9,115.5,19.12,35.88,0.71,0.67,83.81
2021-04-15,PHU BAI,16.402,107.703,0.1,25.69,28.39,23.61,23.58,25.68,88.45,18.47,99.03,2.81,121.3,19.57,36.29,0.71,0.67,78.69
2021-04-16,PHU BAI,16.402,107.703,0.12,24.99,27.88,22.34,23.13,25.0,89.79,17.96,99.19,3.01,111.8,16.29,36.42,0.71,0.67,92.63
2021-04-17,PHU BAI,16.402,107.703,0.13,24.94,28.75,22.19,22.4,25.22,86.51,17.13,99.4,2.66,96.7,17.56,36.02,0.71,0.67,75.58
2021-04-18,PHU BAI,16.402,107.703,0.04,25.42,28.97,23.19,22.42,25.9,84.4,17.2,99.2,2.88,106.5,23.8,35.66,0.7,0.67,58.26
2021-04-19,PHU BAI,16.402,107.703,0.93,25.96,29.06,23.84,23.35,26.07,85.97,18.23,99.0,2.79,129.7,20.22,36.67,0.7,0.66,75.13
2021-04-20,PHU BAI,16.402,107.703,1.18,26.68,30.47,24.0,23.76,26.71,84.88,18.69,98.97,2.63,117.3,20.42,35.87,0.7,0.66,51.94
2021-04-21,PHU BAI,16.402,107.703,0.1,26.55,29.91,23.97,23.88,26.69,85.87,18.83,99.02,3.27,119.7,22.67,36.45,0.69,0.66,63.81
2021-04-22,PHU BAI,16.402,107.703,0.03,26.54,29.43,24.2,24.05,26.61,86.67,19.04,98.89,2.79,119.8,21.21,36.49,0.69,0.66,72.07
2021-04-23,PHU BAI,16.402,107.703,0.05,27.0,30.59,24.83,23.59,26.59,82.37,18.54,98.8,2.53,146.8,21.1,37.14,0.69,0.65,46.71
2021-04-24,PHU BAI,16.402,107.703,0.09,27.96,31.88,25.08,24.44,27.48,82.09,19.51,98.8,2.71,140.6,22.27,37.24,0.69,0.65,42.0
2021-04-25,PHU BAI,16.402,107.703,1.04,27.48,31.66,24.69,24.82,27.24,86.36,19.93,98.92,2.27,111.9,19.31,37.68,0.69,0.65,84.73
2021-04-26,PHU BAI,16.402,107.703,15.63,26.39,29.56,24.25,24.58,26.09,90.07,19.64,98.98,3.61,120.1,18.29,37.25,0.74,0.66,96.33
2021-04-27,PHU BAI,16.402,107.703,11.01,24.82,26.5,22.78,23.35,24.63,91.74,18.17,99.32,2.41,111.5,10.32,36.68,0.77,0.69,76.13
2021-04-28,PHU BAI,16.402,107.703,13.83,25.61,29.05,23.34,23.0,25.69,86.32,17.78,99.41,2.48,91.3,21.67,36.12,0.75,0.69,63.68
2021-04-29,PHU BAI,16.402,107.703,39.05,24.99,27.95,22.9,23.14,25.37,89.79,17.93,99.37,2.75,23.6,17.11,36.35,0.86,0.75,83.21
2021-04-30,PHU BAI,16.402,107.703,0.38,24.62,26.39,22.63,22.77,24.82,89.63,17.54,99.26,2.16,90.1,17.56,37.04,0.76,0.74,67.02
2021-05-01,PHU BAI,16.402,107.703,0.18,25.89,28.77,24.01,23.79,26.04,88.62,18.66,99.25,2.48,95.2,20.1,36.97,0.74,0.71,81.11
2021-05-02,PHU BAI,16.402,107.703,0.3,26.47,29.4,24.29,24.49,26.53,89.18,19.51,99.12,3.09,124.2,22.89,36.41,0.73,0.7,68.05
2021-05-03,PHU BAI,16.402,107.703,0.01,26.77,29.61,24.92,24.18,26.63,86.05,19.17,98.99,3.18,136.7,21.98,36.56,0.72,0.69,84.94
2021-05-04,PHU BAI,16.402,107.703,0.01,27.12,31.06,24.02,24.41,27.04,85.76,19.48,98.97,2.44,123.7,23.09,36.28,0.72,0.68,77.01
2021-05-05,PHU BAI,16.402,107.703,0.01,27.14,31.43,24.4,23.91,27.27,83.67,18.88,99.09,3.57,110.4,23.87,36.29,0.71,0.67,81.87
2021-05-06,PHU BAI,16.402,107.703,0.02,26.28,29.19,23.69,24.06,26.31,88.11,19.0,99.38,2.8,101.0,19.29,35.93,0.7,0.67,81.02
2021-05-07,PHU BAI,16.402,107.703,0.0,25.65,29.52,22.32,22.47,25.58,83.46,17.31,99.26,2.93,132.9,21.04,35.58,0.7,0.66,49.06
2021-05-08,PHU BAI,16.402,107.703,0.0,27.06,31.25,24.27,23.01,27.09,79.85,17.9,98.99,2.5,125.2,25.34,36.27,0.69,0.66,53.14
2021-05-09,PHU BAI,16.402,107.703,0.35,27.5,31.18,25.14,24.21,27.06,82.73,19.24,98.88,2.37,163.4,23.05,36.93,0.69,0.65,57.66
2021-05-10,PHU BAI,16.402,107.703,0.43,28.5,33.05,25.99,23.59,28.06,76.2,18.56,98.84,2.43,141.7,19.88,37.04,0.68,0.65,77.09
2021-05-11,PHU BAI,16.402,107.703,0.17,28.75,33.05,26.32,25.0,28.44,81.19,20.19,98.79,2.01,140.3,19.96,37.19,0.68,0.64,80.34
2021-05-12,PHU BAI,16.402,107.703,0.0,28.87,32.45,26.31,24.99,28.75,80.81,20.2,98.75,1.77,134.3,18.45,37.81,0.68,0.64,66.42
2021-05-13,PHU BAI,16.402,107.703,0.09,27.87,31.13,25.69,25.19,27.7,85.9,20.43,98.72,2.24,121.9,21.58,37.51,0.68,0.64,62.64
2021-05-14,PHU BAI,16.402,107.703,0.13,28.15,31.64,25.71,25.33,27.97,85.32,20.6,98.74,2.64,126.7,21.42,37.77,0.68,0.64,77.03
2021-05-15,PHU BAI,16.402,107.703,0.0,28.04,30.85,26.22,25.28,27.54,85.37,20.53,98.78,1.98,153.0,21.31,37.6,0.68,0.64,56.47
2021-05-16,PHU BAI,16.402,107.703,0.01,28.1,32.47,24.98,24.74,28.0,82.95,19.87,98.85,2.85,123.0,24.47,37.18,0.67,0.63,26.85
2021-05-17,PHU BAI,16.402,107.703,0.02,28.16,31.41,25.5,25.37,27.98,85.4,20.63,98.86,3.05,127.8,24.61,37.21,0.67,0.63,39.1
2021-05-18,PHU BAI,16.402,107.703,0.29,27.93,31.87,25.07,25.16,27.69,85.49,20.39,98.82,2.85,132.2,23.45,37.63,0.67,0.63,75.29
2021-05-19,PHU BAI,16.402,107.703,0.29,28.68,33.13,25.81,25.26,28.19,82.53,20.53,98.71,2.73,148.4,23.02,37.78,0.66,0.62,65.33
2021-05-20,PHU BAI,16.402,107.703,0.14,28.8,33.34,26.27,25.42,28.53,82.98,20.7,98.8,2.1,128.9,20.81,37.29,0.66,0.62,95.62
2021-05-21,PHU BAI,16.402,107.703,0.08,28.87,32.83,26.44,25.01,28.18,80.41,20.22,98.71,2.15,186.0,24.21,37.98,0.66,0.62,44.21
2021-05-22,PHU BAI,16.402,107.703,0.25,29.05,33.57,26.16,24.74,28.59,78.69,19.92,98.57,2.38,149.1,23.31,37.72,0.65,0.61,35.1
2021-05-23,PHU BAI,16.402,107.703,0.96,28.26,32.26,25.89,25.05,27.79,83.47,20.28,98.67,2.18,124.3,23.94,37.29,0.66,0.61,34.47
2021-05-24,PHU BAI,16.402,107.703,5.73,27.08,29.6,24.66,24.71,27.31,87.55,19.86,98.82,2.65,82.2,15.58,37.7,0.68,0.61,89.7
2021-05-25,PHU BAI,16.402,107.703,4.73,27.05,29.79,25.38,24.62,26.97,87.06,19.74,98.78,2.35,115.8,20.44,37.7,0.69,0.62,75.82
2021-05-26,PHU BAI,16.402,107.703,1.25,27.07,30.06,24.85,24.69,27.31,87.31,19.83,98.77,2.62,96.9,22.21,37.4,0.67,0.62,38.69
2021-05-27,PHU BAI,16.402,107.703,2.33,27.75,30.35,25.76,25.26,27.78,86.82,20.51,98.82,2.72,115.8,19.9,37.98,0.67,0.62,74.0
2021-05-28,PHU BAI,16.402,107.703,0.38,28.66,32.37,26.37,25.22,28.61,82.43,20.43,98.91,2.35,112.4,20.41,38.14,0.66,0.62,77.27
2021-05-29,PHU BAI,16.402,107.703,0.16,29.33,32.98,27.1,25.72,29.11,81.6,21.07,98.81,1.9,158.5,23.94,37.98,0.65,0.61,67.76
2021-05-30,PHU BAI,16.402,107.703,0.02,29.22,32.52,26.15,24.94,28.76,78.19,20.16,98.63,2.34,223.9,24.19,37.74,0.65,0.61,51.93
2021-05-31,PHU BAI,16.402,107.703,0.06,29.08,31.58,27.32,25.11,28.61,79.48,20.37,98.59,2.62,218.6,24.68,37.59,0.65,0.61,61.74
2021-06-01,PHU BAI,16.402,107.703,0.02,28.85,30.69,26.63,25.47,28.33,82.12,20.82,98.63,2.4,215.7,24.2,37.61,0.65,0.61,77.94
2021-06-02,PHU BAI,16.402,107.703,0.0,29.97,33.36,27.75,26.25,29.61,81.25,21.81,98.6,1.89,155.6,22.78,37.74,0.65,0.6,91.25
2021-06-03,PHU BAI,16.402,107.703,0.57,28.7,30.35,26.99,26.07,28.26,85.73,21.56,98.71,2.55,217.5,20.69,37.9,0.65,0.61,94.2
2021-06-04,PHU BAI,16.402,107.703,5.48,28.8,32.25,26.46,26.04,28.56,85.46,21.5,98.74,3.44,312.0,21.43,37.65,0.68,0.61,97.66
2021-06-05,PHU BAI,16.402,107.703,3.79,27.74,30.71,25.8,25.16,27.97,86.22,20.4,98.72,1.85,198.7,7.49,37.89,0.69,0.62,98.77
2021-06-06,PHU BAI,16.402,107.703,1.11,29.13,32.64,26.22,24.68,28.81,77.91,19.87,98.59,1.95,234.8,20.5,37.66,0.66,0.62,95.58
2021-06-07,PHU BAI,16.402,107.703,1.24,28.34,31.76,25.52,24.4,28.35,79.93,19.5,98.7,2.19,167.6,16.62,37.57,0.66,0.61,99.37
2021-06-08,PHU BAI,16.402,107.703,5.1,27.62,29.87,25.55,23.74,27.66,79.9,18.71,98.75,1.66,163.0,14.93,37.36,0.68,0.61,99.57
2021-06-09,PHU BAI,16.402,107.703,2.21,27.55,30.11,25.08,23.71,27.45,79.92,18.69,98.67,1.61,216.6,16.61,36.95,0.67,0.62,96.9
2021-06-10,PHU BAI,16.402,107.703,2.53,27.54,30.19,25.45,23.95,27.45,81.2,19.0,98.49,2.61,234.6,19.66,37.59,0.67,0.62,92.6
2021-06-11,PHU BAI,16.402,107.703,15.1,27.5,29.94,26.01,24.7,27.6,85.06,19.9,98.41,1.9,315.0,13.91,37.7,0.73,0.63,99.27
2021-06-12,PHU BAI,16.402,107.703,27.8,26.4,28.46,24.5,23.87,26.41,86.01,18.99,98.37,3.95,236.8,2.08,36.8,0.8,0.67,98.95
2021-06-13,PHU BAI,16.402,107.703,2.29,27.95,30.86,24.89,23.32,27.69,76.72,18.27,98.62,3.04,218.3,14.24,37.54,0.71,0.67,97.8
2021-06-14,PHU BAI,16.402,107.703,0.7,28.27,31.51,25.2,23.67,27.99,76.74,18.68,98.61,2.45,221.0,17.11,37.6,0.69,0.65,89.27
2021-06-15,PHU BAI,16.402,107.703,0.1,28.62,32.26,25.2,24.44,28.3,78.67,19.6,98.55,2.79,238.1,19.24,38.15,0.67,0.64,65.15
2021-06-16,PHU BAI,16.402,107.703,0.08,28.3,31.11,25.3,24.36,27.9,79.54,19.44,98.78,2.63,228.8,20.28,37.8,0.67,0.63,67.81
2021-06-17,PHU BAI,16.402,107.703,0.01,28.87,32.25,25.9,24.44,28.66,77.73,19.52,98.89,2.46,218.4,23.96,37.44,0.66,0.62,42.82
2021-06-18,PHU BAI,16.402,107.703,0.01,28.89,32.34,25.42,24.68,28.57,78.59,19.81,98.84,2.72,231.5,24.17,37.36,0.66,0.62,43.62
2021-06-19,PHU BAI,16.402,107.703,0.0,28.99,32.84,25.6,24.61,28.55,77.95,19.76,98.69,3.72,234.6,25.43,37.2,0.65,0.61,28.38
2021-06-20,PHU BAI,16.402,107.703,0.0,28.91,32.3,26.09,24.6,28.47,78.17,19.77,98.55,3.62,233.4,24.9,37.47,0.64,0.6,43.4
2021-06-21,PHU BAI,16.402,107.703,0.02,29.82,32.98,26.8,25.4,29.32,77.7,20.75,98.52,3.15,236.6,25.21,37.42,0.64,0.6,68.82
2021-06-22,PHU BAI,16.402,107.703,0.6,29.31,32.82,26.38,25.21,29.13,79.37,20.49,98.69,2.13,229.5,22.13,37.33,0.64,0.6,94.95
2021-06-23,PHU BAI,16.402,107.703,0.41,28.53,31.19,26.15,24.61,28.17,79.65,19.74,98.73,2.63,230.8,23.11,37.16,0.64,0.6,79.42
2021-06-24,PHU BAI,16.402,107.703,1.59,28.58,31.73,26.03,24.6,28.52,79.8,19.74,98.68,1.71,172.5,21.36,37.19,0.65,0.6,93.16
2021-06-25,PHU BAI,16.402,107.703,2.09,28.77,31.72,26.05,24.67,28.5,79.06,19.82,98.67,1.7,192.3,20.64,37.76,0.66,0.6,79.55
2021-06-26,PHU BAI,16.402,107.703,0.41,28.81,31.67,25.92,24.26,28.36,76.77,19.3,98.85,1.79,221.7,19.54,37.52,0.65,0.6,80.88
2021-06-27,PHU BAI,16.402,107.703,0.27,30.0,33.15,26.72,24.98,29.56,75.14,20.19,98.79,1.98,232.5,24.11,37.57,0.64,0.59,67.73
2021-06-28,PHU BAI,16.402,107.703,0.08,28.64,31.81,25.48,24.41,28.14,78.44,19.52,98.68,3.7,232.1,22.52,37.49,0.63,0.59,80.7
2021-06-29,PHU BAI,16.402,107.703,0.04,29.31,33.2,26.27,24.22,28.91,74.82,19.32,98.61,2.36,229.3,24.08,37.4,0.63,0.59,78.27
2021-06-30,PHU BAI,16.402,107.703,0.01,29.01,32.88,25.52,23.98,28.65,74.97,19.02,98.69,2.32,221.7,22.44,37.56,0.63,0.58,93.57
2021-07-01,PHU BAI,16.402,107.703,0.01,30.46,34.37,26.33,24.39,29.96,71.0,19.52,98.68,2.39,232.5,22.59,38.0,0.61,0.58,91.55
2021-07-02,PHU BAI,16.402,107.703,0.02,30.36,33.72,26.91,25.02,30.03,73.9,20.24,98.74,2.32,229.6,23.62,37.83,0.61,0.57,75.68
2021-07-03,PHU BAI,16.402,107.703,0.01,29.98,33.76,26.97,25.02,29.77,75.53,20.27,98.66,2.0,222.8,25.43,37.77,0.61,0.57,37.27
2021-07-04,PHU BAI,16.402,107.703,0.01,30.09,33.36,27.84,24.81,29.79,74.17,20.02,98.64,1.9,132.8,22.88,38.03,0.6,0.56,68.59
2021-07-05,PHU BAI,16.402,107.703,4.45,28.92,31.41,26.76,24.89,28.88,79.25,20.11,98.58,2.11,110.5,20.3,37.59,0.63,0.56,80.44
2021-07-06,PHU BAI,16.402,107.703,10.41,28.22,31.21,25.66,24.37,28.55,80.49,19.49,98.54,2.61,329.2,6.84,37.69,0.69,0.58,99.33
2021-07-07,PHU BAI,16.402,107.703,6.32,27.16,29.52,25.11,24.34,27.43,84.8,19.45,98.61,3.01,226.4,5.72,36.85,0.68,0.59,97.21
2021-07-08,PHU BAI,16.402,107.703,3.0,27.17,30.0,24.92,24.46,27.36,85.48,19.55,98.77,4.23,121.8,18.1,37.26,0.65,0.59,48.46
2021-07-09,PHU BAI,16.402,107.703,4.89,27.09,29.61,25.0,24.46,27.3,85.91,19.53,98.85,5.08,118.5,23.83,36.81,0.66,0.59,47.91
2021-07-10,PHU BAI,16.402,107.703,1.51,27.21,29.99,25.35,24.41,27.39,85.16,19.46,98.94,4.44,117.2,23.18,37.02,0.64,0.59,28.92
2021-07-11,PHU BAI,16.402,107.703,1.14,27.22,29.72,24.91,24.2,27.35,84.16,19.21,99.04,3.51,123.7,24.92,36.66,0.64,0.59,38.61
2021-07-12,PHU BAI,16.402,107.703,1.64,27.35,30.26,25.09,24.56,27.49,85.33,19.63,98.96,3.32,118.2,23.26,37.61,0.64,0.58,57.53
2021-07-13,PHU BAI,16.402,107.703,1.94,27.84,31.93,25.2,24.13,27.99,81.35,19.16,98.84,2.75,129.8,23.69,37.33,0.63,0.58,47.25
2021-07-14,PHU BAI,16.402,107.703,1.92,27.57,30.97,24.42,24.48,27.75,84.06,19.59,98.78,3.64,120.8,24.53,36.82,0.63,0.58,46.41
2021-07-15,PHU BAI,16.402,107.703,1.13,27.48,31.31,25.08,23.86,27.7,81.6,18.85,98.9,2.79,111.1,22.89,37.12,0.62,0.57,65.84
2021-07-16,PHU BAI,16.402,107.703,1.25,27.05,29.44,24.88,24.1,27.23,84.18,19.1,98.9,2.16,41.1,18.88,36.99,0.62,0.57,76.77
2021-07-17,PHU BAI,16.402,107.703,1.35,28.71,31.83,26.23,24.67,28.72,79.4,19.84,98.59,2.25,285.1,23.98,37.33,0.61,0.56,70.37
2021-07-18,PHU BAI,16.402,107.703,4.22,27.92,30.61,25.8,24.71,27.92,83.13,19.91,98.43,2.54,222.0,21.67,37.62,0.63,0.56,82.42
2021-07-19,PHU BAI,16.402,107.703,3.4,27.58,30.11,25.13,24.31,27.49,82.67,19.44,98.48,3.57,247.7,20.27,37.48,0.64,0.57,98.19
2021-07-20,PHU BAI,16.402,107.703,1.94,27.31,30.13,25.25,23.79,27.19,81.52,18.82,98.54,3.8,241.7,20.03,37.47,0.63,0.57,97.73
2021-07-21,PHU BAI,16.402,107.703,2.98,27.48,30.24,25.43,24.16,27.33,82.53,19.26,98.46,3.72,244.8,15.66,38.0,0.63,0.57,99.15
2021-07-22,PHU BAI,16.402,107.703,6.1,27.28,29.6,25.45,23.59,26.99,80.6,18.63,98.38,5.45,245.4,12.14,37.88,0.64,0.57,99.84
2021-07-23,PHU BAI,16.402,107.703,14.16,27.36,30.66,25.68,23.2,26.99,78.52,18.23,98.21,7.41,247.8,9.4,37.48,0.7,0.58,99.46
2021-07-24,PHU BAI,16.402,107.703,10.11,26.94,29.7,25.13,22.29,26.64,76.13,17.25,98.14,6.9,239.9,13.36,37.91,0.68,0.59,99.33
2021-07-25,PHU BAI,16.402,107.703,14.21,27.23,30.79,24.78,22.71,27.03,76.76,17.68,98.28,6.51,241.7,12.17,37.31,0.72,0.62,99.3
2021-07-26,PHU BAI,16.402,107.703,0.54,28.06,31.91,25.3,23.83,27.73,78.57,18.93,98.29,4.77,245.7,20.04,38.26,0.64,0.6,82.42
2021-07-27,PHU BAI,16.402,107.703,0.42,28.55,32.09,26.23,23.96,28.19,76.98,19.09,98.22,5.08,246.3,22.93,37.74,0.62,0.58,75.78
2021-07-28,PHU BAI,16.402,107.703,2.2,28.32,30.92,26.23,24.67,27.93,81.06,19.9,98.22,3.74,244.2,21.57,38.44,0.63,0.58,94.0
2021-07-29,PHU BAI,16.402,107.703,1.92,28.25,30.84,26.8,24.64,27.93,81.33,19.85,98.36,4.18,240.1,21.12,38.41,0.63,0.58,90.49
2021-07-30,PHU BAI,16.402,107.703,2.15,28.33,31.28,26.03,24.99,27.95,82.42,20.28,98.44,4.14,241.3,15.96,38.55,0.63,0.58,96.34
2021-07-31,PHU BAI,16.402,107.703,4.61,28.35,32.27,25.38,24.19,28.08,78.72,19.34,98.34,5.68,238.9,21.38,38.46,0.64,0.57,93.97
2021-08-01,PHU BAI,16.402,107.703,1.57,27.88,30.37,26.35,24.01,27.67,79.89,19.13,98.28,5.55,246.4,17.06,37.93,0.62,0.57,99.29
2021-08-02,PHU BAI,16.402,107.703,1.88,28.39,31.62,26.23,24.17,28.04,78.57,19.32,98.29,5.43,249.1,14.44,38.3,0.61,0.57,99.35
2021-08-03,PHU BAI,16.402,107.703,1.46,27.9,30.31,26.19,24.26,27.73,81.03,19.39,98.41,5.45,249.7,15.28,38.17,0.61,0.56,98.44
2021-08-04,PHU BAI,16.402,107.703,0.81,28.07,31.13,26.4,24.03,27.77,79.05,19.14,98.41,5.47,244.0,17.63,37.84,0.6,0.56,98.62
2021-08-05,PHU BAI,16.402,107.703,3.03,28.6,31.97,26.46,24.11,28.22,77.38,19.23,98.4,6.49,244.4,19.3,37.85,0.6,0.55,93.29
2021-08-06,PHU BAI,16.402,107.703,0.91,28.56,31.44,26.68,23.81,28.15,75.96,18.86,98.49,6.39,244.3,22.49,37.82,0.59,0.55,81.24
2021-08-07,PHU BAI,16.402,107.703,0.28,29.14,32.91,26.15,24.4,28.76,76.3,19.53,98.57,4.87,238.0,22.12,37.57,0.58,0.54,89.81
2021-08-08,PHU BAI,16.402,107.703,1.12,29.97,34.07,26.44,25.4,29.73,77.55,20.75,98.62,2.94,233.8,22.13,37.86,0.57,0.54,92.31
2021-08-09,PHU BAI,16.402,107.703,0.57,29.82,33.61,26.84,25.57,29.69,78.83,20.97,98.53,2.54,243.8,22.56,38.27,0.57,0.54,91.97
2021-08-10,PHU BAI,16.402,107.703,0.51,29.55,33.13,27.23,24.56,29.47,75.86,19.73,98.61,1.85,133.4,21.76,38.17,0.57,0.54,95.33
2021-08-11,PHU BAI,16.402,107.703,1.59,28.07,31.67,25.81,24.58,28.16,81.8,19.67,98.9,1.73,196.7,20.29,37.68,0.58,0.54,90.81
2021-08-12,PHU BAI,16.402,107.703,3.23,28.66,31.4,26.04,25.05,28.61,81.49,20.23,98.94,1.65,213.6,20.47,37.75,0.61,0.54,95.29
2021-08-13,PHU BAI,16.402,107.703,1.04,27.3,29.28,25.37,24.22,27.57,83.41,19.29,98.68,2.63,208.0,19.52,37.33,0.6,0.55,90.11
2021-08-14,PHU BAI,16.402,107.703,12.25,27.8,30.12,25.82,24.27,27.87,81.38,19.33,98.7,1.91,205.6,17.64,37.5,0.65,0.55,92.8
2021-08-15,PHU BAI,16.402,107.703,6.3,27.36,30.16,24.32,23.15,27.27,78.36,18.0,99.05,2.41,204.3,19.22,37.34,0.68,0.58,84.92
2021-08-16,PHU BAI,16.402,107.703,0.28,28.12,31.69,25.66,23.16,28.21,75.34,17.98,99.22,2.07,219.4,22.97,37.56,0.62,0.57,76.97
2021-08-17,PHU BAI,16.402,107.703,0.3,28.93,32.4,26.15,23.89,29.04,75.21,18.84,99.06,2.19,138.9,24.98,37.15,0.6,0.56,28.69
2021-08-18,PHU BAI,16.402,107.703,0.41,29.14,32.68,26.07,24.35,29.3,76.34,19.42,98.83,2.49,126.2,24.92,37.64,0.59,0.55,56.34
2021-08-19,PHU BAI,16.402,107.703,0.3,29.35,33.6,26.41,24.29,29.49,75.36,19.36,98.87,2.6,112.3,22.19,37.17,0.58,0.54,90.89
2021-08-20,PHU BAI,16.402,107.703,0.35,28.35,32.14,25.34,23.53,28.75,76.63,18.48,98.99,2.67,118.7,23.5,36.72,0.57,0.54,29.65
2021-08-21,PHU BAI,16.402,107.703,0.76,28.99,33.7,26.07,23.97,29.37,75.5,18.97,98.88,3.01,151.2,24.85,37.39,0.56,0.53,59.08
2021-08-22,PHU BAI,16.402,107.703,0.83,29.45,33.51,26.33,24.67,29.83,76.63,19.84,98.71,2.64,118.8,22.5,37.75,0.55,0.53,63.38
2021-08-23,PHU BAI,16.402,107.703,0.74,29.27,32.31,25.61,24.27,29.17,75.39,19.37,98.66,2.27,251.8,24.14,37.33,0.55,0.53,35.17
2021-08-24,PHU BAI,16.402,107.703,1.0,28.62,32.22,25.99,24.12,28.92,77.79,19.2,98.65,2.51,123.4,23.81,37.47,0.55,0.53,48.18
2021-08-25,PHU BAI,16.402,107.703,0.78,28.15,31.48,25.52,23.77,28.52,78.27,18.81,98.7,2.72,108.7,23.29,37.49,0.55,0.53,48.28
2021-08-26,PHU BAI,16.402,107.703,3.09,27.88,31.66,24.53,23.08,28.58,76.67,18.01,98.87,3.51,112.9,21.67,36.89,0.56,0.53,60.52
2021-08-27,PHU BAI,16.402,107.703,5.93,26.95,29.92,24.75,23.31,27.4,81.39,18.24,98.94,3.68,120.3,21.72,36.79,0.61,0.53,75.85
2021-08-28,PHU BAI,16.402,107.703,2.7,26.98,29.9,24.72,23.47,27.67,82.01,18.4,98.95,2.82,94.0,22.88,36.4,0.59,0.54,69.89
2021-08-29,PHU BAI,16.402,107.703,15.09,27.09,29.78,25.31,24.58,27.83,86.54,19.66,98.95,4.0,77.3,15.61,37.32,0.68,0.55,89.52
2021-08-30,PHU BAI,16.402,107.703,3.87,26.74,29.18,24.92,23.67,27.09,83.5,18.59,99.04,2.51,108.9,15.2,37.17,0.64,0.56,98.77
2021-08-31,PHU BAI,16.402,107.703,5.83,26.61,28.95,24.78,23.58,26.96,83.77,18.48,99.03,1.78,84.3,11.5,37.39,0.66,0.57,93.33
2021-09-01,PHU BAI,16.402,107.703,9.96,27.6,31.08,25.28,24.0,28.08,81.68,18.98,98.94,2.06,52.4,21.73,36.75,0.67,0.57,71.22
2021-09-02,PHU BAI,16.402,107.703,10.68,26.4,28.14,25.25,23.31,26.6,83.33,18.2,98.87,1.75,128.8,18.8,37.03,0.7,0.58,98.08
2021-09-03,PHU BAI,16.402,107.703,11.76,26.69,29.13,25.09,23.86,26.87,84.61,18.85,98.76,2.26,116.8,16.68,37.34,0.72,0.6,96.14
2021-09-04,PHU BAI,16.402,107.703,3.06,26.63,29.37,24.48,23.97,26.98,85.72,18.96,98.82,1.49,220.4,16.03,36.87,0.66,0.6,99.24
2021-09-05,PHU BAI,16.402,107.703,5.48,27.62,30.93,25.44,23.95,27.98,81.42,18.94,98.94,3.36,95.2,20.92,37.22,0.66,0.59,77.79
2021-09-06,PHU BAI,16.402,107.703,6.48,26.79,28.72,25.53,24.6,27.01,87.91,19.66,99.03,2.62,74.5,19.23,37.2,0.67,0.59,86.24
2021-09-07,PHU BAI,16.402,107.703,38.59,26.12,28.34,24.37,23.71,26.6,86.73,18.68,98.83,2.62,86.3,9.1,37.16,0.8,0.63,99.34
2021-09-08,PHU BAI,16.402,107.703,48.17,26.87,28.81,25.48,24.72,27.06,88.17,19.86,98.77,5.05,114.5,19.42,37.01,0.85,0.68,90.43
2021-09-09,PHU BAI,16.402,107.703,19.61,26.61,28.74,24.86,24.35,26.66,87.5,19.4,98.93,3.02,98.2,15.74,36.67,0.82,0.73,93.2
2021-09-10,PHU BAI,16.402,107.703,80.77,26.46,28.55,24.93,24.24,26.73,87.93,19.32,98.77,4.09,301.0,7.18,36.75,0.82,0.72,99.32
2021-09-11,PHU BAI,16.402,107.703,135.05,27.05,28.64,25.69,25.59,27.04,91.7,21.02,98.38,6.98,347.8,3.46,36.82,0.96,0.81,99.26
2021-09-12,PHU BAI,16.402,107.703,71.25,27.25,28.59,26.23,25.52,27.22,90.26,20.92,98.33,4.74,356.5,4.58,37.84,0.95,0.88,99.08
2021-09-13,PHU BAI,16.402,107.703,34.93,27.11,28.37,25.88,25.63,27.19,91.63,21.02,98.51,6.22,59.9,10.63,37.99,0.91,0.88,91.85
2021-09-14,PHU BAI,16.402,107.703,14.53,27.16,29.32,25.51,25.4,27.27,90.28,20.65,98.96,3.05,111.5,20.21,37.76,0.86,0.84,88.11
2021-09-15,PHU BAI,16.402,107.703,8.21,27.19,30.08,25.17,24.8,27.3,87.21,19.91,99.08,3.62,124.8,21.57,36.69,0.83,0.8,92.09
2021-09-16,PHU BAI,16.402,107.703,8.6,27.07,30.28,24.91,24.39,27.34,85.88,19.43,99.02,2.6,112.5,20.92,37.06,0.81,0.78,73.85
2021-09-17,PHU BAI,16.402,107.703,1.76,27.27,29.97,24.9,24.23,27.36,83.84,19.23,99.03,2.06,102.2,22.61,36.77,0.77,0.75,36.11
2021-09-18,PHU BAI,16.402,107.703,0.66,27.49,30.51,25.25,23.58,27.6,79.85,18.51,99.07,2.15,118.5,22.32,36.58,0.76,0.73,81.85
2021-09-19,PHU BAI,16.402,107.703,6.04,27.03,29.4,25.58,24.23,27.52,85.26,19.25,98.99,2.84,78.9,16.89,37.04,0.77,0.72,91.87
2021-09-20,PHU BAI,16.402,107.703,12.03,26.64,28.59,25.3,24.61,26.94,88.67,19.68,98.95,4.03,93.9,17.74,37.06,0.79,0.72,89.5
2021-09-21,PHU BAI,16.402,107.703,16.7,26.62,28.81,24.92,24.24,27.22,86.99,19.26,98.91,2.94,89.7,18.68,36.56,0.82,0.74,85.01
2021-09-22,PHU BAI,16.402,107.703,18.07,26.04,27.4,24.86,24.21,26.43,89.71,19.22,98.94,3.28,89.4,15.1,36.89,0.82,0.75,91.6
2021-09-23,PHU BAI,16.402,107.703,85.71,26.83,27.53,26.31,25.1,27.12,90.22,20.3,98.82,6.5,46.7,5.08,37.0,0.93,0.79,98.72
2021-09-24,PHU BAI,16.402,107.703,36.28,26.55,28.31,25.14,24.85,26.61,90.42,20.02,98.75,7.61,112.2,16.05,37.1,0.89,0.84,95.86
2021-09-25,PHU BAI,16.402,107.703,12.96,25.99,28.1,24.3,23.92,26.09,88.44,18.88,99.04,3.61,119.9,17.76,36.51,0.86,0.83,83.47
2021-09-26,PHU BAI,16.402,107.703,7.65,25.93,28.08,24.08,23.64,26.37,87.36,18.53,99.08,2.53,91.2,20.23,36.23,0.84,0.81,43.38
2021-09-27,PHU BAI,16.402,107.703,1.49,26.59,29.66,24.33,23.24,26.86,82.18,18.1,99.11,2.04,55.9,22.6,36.2,0.8,0.79,30.53
2021-09-28,PHU BAI,16.402,107.703,0.84,26.83,29.36,24.82,24.0,27.19,84.58,18.95,99.06,2.26,39.6,20.71,36.74,0.8,0.77,58.12
2021-09-29,PHU BAI,16.402,107.703,0.26,26.8,30.31,23.53,23.55,27.23,82.96,18.47,98.98,2.45,107.3,22.48,36.22,0.79,0.76,25.81
2021-09-30,PHU BAI,16.402,107.703,0.04,26.66,30.7,23.2,23.23,27.02,82.4,18.1,99.03,2.63,109.4,23.84,35.56,0.78,0.75,15.65
2021-10-01,PHU BAI,16.402,107.703,6.29,26.75,30.69,23.39,22.95,27.07,80.65,17.81,99.04,2.55,111.5,22.75,35.89,0.79,0.75,11.85
2021-10-02,PHU BAI,16.402,107.703,26.5,26.91,30.4,24.28,23.68,27.4,83.26,18.61,99.05,3.18,105.0,22.3,35.89,0.85,0.77,56.61
2021-10-03,PHU BAI,16.402,107.703,2.78,26.98,30.23,25.17,23.5,27.31,81.97,18.4,99.06,3.15,97.8,20.66,35.95,0.8,0.77,57.66
2021-10-04,PHU BAI,16.402,107.703,19.14,26.91,28.83,25.29,24.75,27.13,88.06,19.85,99.0,3.46,51.2,15.18,36.73,0.85,0.78,86.75
2021-10-05,PHU BAI,16.402,107.703,24.3,26.56,28.69,24.91,24.53,26.65,88.67,19.61,98.91,3.81,66.0,13.19,36.85,0.85,0.79,98.85
2021-10-06,PHU BAI,16.402,107.703,89.84,26.5,27.12,26.0,25.24,26.61,92.7,20.52,98.55,4.76,15.2,3.78,37.02,0.97,0.85,99.04
2021-10-07,PHU BAI,16.402,107.703,46.1,27.06,28.06,26.18,25.46,26.83,90.94,20.86,98.32,6.44,335.7,4.75,37.31,0.94,0.9,99.25
2021-10-08,PHU BAI,16.402,107.703,37.98,25.67,27.32,24.1,24.01,25.69,90.63,19.15,98.34,6.95,295.1,3.73,36.92,0.93,0.9,99.41
2021-10-09,PHU BAI,16.402,107.703,4.25,26.73,30.01,24.44,23.88,26.74,84.84,18.93,98.48,5.1,298.6,15.96,36.78,0.88,0.87,94.42
2021-10-10,PHU BAI,16.402,107.703,33.28,27.87,31.11,26.18,24.96,28.11,85.02,20.22,98.51,2.93,95.1,17.34,37.31,0.91,0.87,89.62
2021-10-11,PHU BAI,16.402,107.703,17.55,27.05,29.28,25.57,25.05,27.06,88.93,20.29,98.62,3.45,79.4,17.74,36.82,0.89,0.87,90.93
2021-10-12,PHU BAI,16.402,107.703,20.34,24.4,26.27,23.22,22.07,24.76,86.87,16.94,98.65,6.79,337.4,7.14,35.85,0.91,0.89,99.14
2021-10-13,PHU BAI,16.402,107.703,27.08,22.51,24.21,21.58,20.63,23.32,89.18,15.56,98.36,6.51,276.1,4.02,34.82,0.92,0.9,98.9
2021-10-14,PHU BAI,16.402,107.703,11.01,25.8,29.42,23.12,22.59,26.21,83.09,17.48,98.63,2.76,80.3,9.21,37.46,0.9,0.89,99.15
2021-10-15,PHU BAI,16.402,107.703,53.84,25.81,26.91,25.12,24.51,26.02,92.5,19.59,98.85,3.72,43.7,10.2,37.44,0.94,0.91,99.45
2021-10-16,PHU BAI,16.402,107.703,178.24,25.44,26.67,24.75,24.16,25.73,92.51,19.14,98.99,9.82,19.0,3.47,37.05,0.99,0.96,99.17
2021-10-17,PHU BAI,16.402,107.703,88.44,25.55,26.34,24.43,24.53,25.59,94.09,19.59,99.11,7.29,65.5,2.11,36.96,0.98,0.99,98.97
2021-10-18,PHU BAI,16.402,107.703,10.08,25.85,27.14,24.99,24.5,25.76,92.29,19.48,99.43,3.89,95.9,5.19,36.8,0.96,0.99,98.64
2021-10-19,PHU BAI,16.402,107.703,2.45,25.84,27.51,24.65,24.52,25.88,92.42,19.47,99.55,2.71,87.8,4.86,36.59,0.95,0.98,66.97
2021-10-20,PHU BAI,16.402,107.703,0.89,25.73,28.12,23.67,23.99,25.91,90.34,18.89,99.43,2.65,106.1,15.03,37.21,0.94,0.97,62.89
2021-10-21,PHU BAI,16.402,107.703,22.12,26.01,28.89,24.22,24.24,26.26,90.15,19.17,99.4,3.39,47.4,20.26,36.01,0.95,0.97,25.1
2021-10-22,PHU BAI,16.402,107.703,102.47,24.8,27.21,23.16,23.25,25.21,91.0,18.02,99.62,6.59,30.3,5.04,36.21,0.99,0.99,91.29
2021-10-23,PHU BAI,16.402,107.703,104.7,23.57,24.92,22.95,21.84,24.1,89.96,16.48,99.74,6.47,17.1,5.27,35.77,0.99,1.0,84.04
2021-10-24,PHU BAI,16.402,107.703,39.86,23.25,24.45,22.48,21.32,23.57,88.88,15.97,99.67,5.9,13.0,4.49,36.43,0.98,1.0,97.79
2021-10-25,PHU BAI,16.402,107.703,7.92,23.21,25.18,21.75,20.83,23.5,86.48,15.54,99.5,3.67,24.1,6.99,35.84,0.97,0.99,97.02
2021-10-26,PHU BAI,16.402,107.703,19.52,24.46,26.1,23.44,22.58,24.82,89.28,17.32,99.39,5.1,13.6,10.26,36.12,0.97,0.99,97.86
2021-10-27,PHU BAI,16.402,107.703,62.68,25.45,26.79,24.67,24.28,25.42,93.2,19.22,99.3,5.24,57.1,7.05,36.92,0.98,0.99,99.45
2021-10-28,PHU BAI,16.402,107.703,16.29,25.04,26.47,24.05,23.89,25.05,93.36,18.76,99.44,3.73,95.8,9.48,36.5,0.98,0.99,86.29
2021-10-29,PHU BAI,16.402,107.703,15.14,25.1,26.37,23.94,23.92,25.14,93.11,18.76,99.56,3.13,71.1,8.12,36.9,0.98,0.99,83.79
2021-10-30,PHU BAI,16.402,107.703,17.28,25.36,27.46,23.94,23.91,25.38,91.73,18.76,99.53,3.64,81.9,11.91,36.97,0.97,0.99,74.52
2021-10-31,PHU BAI,16.402,107.703,20.63,25.41,27.41,23.96,23.76,25.46,90.61,18.58,99.52,3.68,86.4,12.59,36.45,0.97,0.99,68.76
2021-11-01,PHU BAI,16.402,107.703,7.99,24.85,27.13,23.14,23.34,24.82,91.44,18.13,99.53,3.77,93.7,11.75,36.12,0.96,0.99,51.69
2021-11-02,PHU BAI,16.402,107.703,3.79,25.06,27.42,23.27,23.42,25.01,90.75,18.23,99.51,3.4,77.0,16.3,35.43,0.95,0.98,37.26
2021-11-03,PHU BAI,16.402,107.703,1.94,25.17,27.4,23.51,23.11,25.27,88.42,17.88,99.43,2.83,75.1,18.16,35.46,0.95,0.98,34.55
2021-11-04,PHU BAI,16.402,107.703,0.96,25.14,27.85,23.0,23.12,25.19,88.85,17.92,99.32,2.95,102.7,15.24,35.85,0.94,0.97,81.63
2021-11-05,PHU BAI,16.402,107.703,0.01,25.17,28.16,22.83,23.12,25.39,88.69,17.97,99.09,3.07,111.5,19.54,35.43,0.93,0.96,28.53
2021-11-06,PHU BAI,16.402,107.703,0.04,25.38,29.32,22.38,23.1,25.56,87.55,17.97,98.99,3.1,105.6,18.66,35.73,0.92,0.96,22.87
2021-11-07,PHU BAI,16.402,107.703,21.36,25.32,27.72,23.87,22.6,25.39,85.06,17.37,99.23,3.38,51.1,18.61,35.45,0.93,0.95,42.54
2021-11-08,PHU BAI,16.402,107.703,83.07,22.73,24.8,21.28,20.66,23.12,88.08,15.37,99.62,7.0,16.2,4.82,35.13,0.97,0.98,83.45
2021-11-09,PHU BAI,16.402,107.703,12.16,21.91,23.29,21.11,19.45,22.47,85.96,14.2,99.74,4.81,17.2,3.0,35.31,0.95,0.98,95.38
2021-11-10,PHU BAI,16.402,107.703,5.29,21.63,23.19,20.76,19.0,22.16,85.01,13.82,99.69,4.33,16.6,4.35,34.8,0.94,0.98,92.3
2021-11-11,PHU BAI,16.402,107.703,0.52,22.71,24.52,21.75,20.29,23.08,86.18,15.0,99.56,3.57,50.4,4.64,35.5,0.94,0.97,98.31
2021-11-12,PHU BAI,16.402,107.703,11.42,23.55,25.37,22.17,21.42,23.84,87.86,16.08,99.61,5.19,28.4,7.06,35.3,0.94,0.97,98.47
2021-11-13,PHU BAI,16.402,107.703,10.62,22.28,23.16,21.75,20.05,22.61,87.15,14.76,99.64,4.54,28.9,3.53,35.37,0.94,0.97,98.64
2021-11-14,PHU BAI,16.402,107.703,10.56,22.93,24.09,22.2,20.84,23.26,88.07,15.54,99.52,3.84,42.9,3.99,35.96,0.94,0.97,98.89
2021-11-15,PHU BAI,16.402,107.703,11.48,23.96,25.76,22.67,22.35,23.94,90.67,17.09,99.35,4.72,68.0,4.83,36.2,0.94,0.97,86.99
2021-11-16,PHU BAI,16.402,107.703,13.96,24.85,26.47,24.01,23.41,24.94,91.76,18.21,99.38,4.78,58.5,10.38,36.52,0.94,0.97,96.17
2021-11-17,PHU BAI,16.402,107.703,26.12,25.08,26.69,24.14,23.88,25.02,93.0,18.73,99.44,5.58,51.4,7.99,36.94,0.95,0.98,96.75
2021-11-18,PHU BAI,16.402,107.703,4.87,23.7,25.7,22.3,22.0,23.83,90.19,16.74,99.26,4.44,38.6,5.73,36.76,0.94,0.97,96.55
2021-11-19,PHU BAI,16.402,107.703,0.14,23.74,26.63,21.61,21.89,23.86,89.62,16.66,99.06,3.08,102.9,13.45,35.74,0.93,0.96,51.13
2021-11-20,PHU BAI,16.402,107.703,0.01,23.96,27.27,21.22,22.2,24.01,90.34,16.99,99.14,3.28,117.5,17.77,34.99,0.93,0.96,23.87
2021-11-21,PHU BAI,16.402,107.703,1.0,24.53,27.38,22.62,22.93,24.57,91.13,17.72,99.3,3.02,96.2,18.72,34.76,0.92,0.95,21.82
2021-11-22,PHU BAI,16.402,107.703,35.58,23.91,26.83,21.77,22.03,24.27,89.3,16.74,99.55,6.04,33.6,13.6,35.84,0.95,0.96,78.81
2021-11-23,PHU BAI,16.402,107.703,33.89,21.74,23.02,20.89,19.97,22.2,89.59,14.68,99.75,5.91,34.9,4.22,35.22,0.96,0.98,92.44
2021-11-24,PHU BAI,16.402,107.703,17.87,21.54,22.97,20.88,19.55,22.14,88.4,14.29,99.75,5.34,25.0,3.38,35.34,0.95,0.98,92.37
2021-11-25,PHU BAI,16.402,107.703,6.43,21.57,23.44,20.37,19.25,22.05,86.65,14.04,99.68,3.97,30.9,2.95,35.79,0.94,0.97,98.65
2021-11-26,PHU BAI,16.402,107.703,2.64,21.99,24.16,20.83,19.41,22.28,85.35,14.18,99.69,4.31,18.1,6.19,35.09,0.94,0.97,98.0
2021-11-27,PHU BAI,16.402,107.703,8.0,22.51,23.72,21.91,20.27,22.71,87.16,14.96,99.69,5.86,25.2,6.11,35.8,0.94,0.96,96.55
2021-11-28,PHU BAI,16.402,107.703,26.59,22.66,23.51,22.18,21.12,22.87,90.99,15.79,99.56,6.4,28.1,4.87,35.74,0.95,0.97,93.04
2021-11-29,PHU BAI,16.402,107.703,26.48,22.41,23.21,21.78,20.44,22.41,88.5,15.14,99.6,6.07,26.2,4.16,35.61,0.96,0.98,98.48
2021-11-30,PHU BAI,16.402,107.703,4.31,21.95,23.99,20.37,18.98,21.74,83.27,13.78,99.83,5.78,24.1,11.28,34.44,0.95,0.97,86.26
2021-12-01,PHU BAI,16.402,107.703,1.17,20.36,22.77,18.9,16.79,20.54,80.03,11.99,99.9,4.24,28.0,3.78,35.0,0.94,0.97,94.68
2021-12-02,PHU BAI,16.402,107.703,0.66,19.6,21.84,18.13,16.33,19.94,81.35,11.66,99.99,4.53,31.6,7.08,34.48,0.93,0.96,96.93
2021-12-03,PHU BAI,16.402,107.703,0.48,19.34,21.84,16.62,14.36,18.65,73.06,10.3,100.0,3.61,36.9,10.31,32.73,0.93,0.96,64.07
2021-12-04,PHU BAI,16.402,107.703,0.03,19.03,21.57,17.36,14.22,18.93,74.27,10.2,99.93,4.2,26.7,14.05,32.03,0.92,0.95,58.88
2021-12-05,PHU BAI,16.402,107.703,0.1,20.03,21.92,18.79,17.26,20.19,84.02,12.38,99.83,5.04,22.3,4.1,35.49,0.92,0.95,97.68
2021-12-06,PHU BAI,16.402,107.703,0.04,19.46,21.86,17.88,15.07,19.13,75.95,10.77,99.87,3.73,10.2,4.72,34.41,0.91,0.94,83.12
2021-12-07,PHU BAI,16.402,107.703,0.47,19.81,22.14,18.53,16.43,19.99,81.11,11.74,99.85,3.44,28.8,6.87,33.81,0.91,0.93,80.84
2021-12-08,PHU BAI,16.402,107.703,6.59,22.07,23.64,20.88,20.77,21.93,92.35,15.43,99.82,5.34,49.2,3.99,35.78,0.91,0.93,94.07
2021-12-09,PHU BAI,16.402,107.703,4.93,21.81,24.63,19.79,19.63,21.55,87.56,14.38,99.93,5.09,80.3,11.75,34.56,0.91,0.93,62.31
2021-12-10,PHU BAI,16.402,107.703,0.83,21.2,23.72,19.37,18.48,21.05,84.66,13.36,99.82,3.92,72.4,13.79,33.49,0.9,0.93,47.11
2021-12-11,PHU BAI,16.402,107.703,8.94,21.96,24.06,20.61,19.96,21.98,88.52,14.66,99.83,4.66,42.3,10.77,35.04,0.91,0.93,81.4
2021-12-12,PHU BAI,16.402,107.703,11.36,21.89,24.14,20.1,19.64,21.75,87.07,14.37,99.89,5.39,50.4,5.71,35.58,0.92,0.93,98.9
2021-12-13,PHU BAI,16.402,107.703,7.41,20.94,22.97,19.88,18.53,21.06,86.19,13.4,99.8,5.04,39.8,7.19,35.23,0.91,0.93,93.49
2021-12-14,PHU BAI,16.402,107.703,5.55,21.4,23.4,20.33,19.72,21.5,90.21,14.47,99.54,4.1,42.9,4.24,35.11,0.91,0.93,87.59
2021-12-15,PHU BAI,16.402,107.703,0.44,22.23,24.53,20.89,20.97,22.18,92.66,15.68,99.42,3.24,55.6,7.59,35.65,0.9,0.93,87.52
2021-12-16,PHU BAI,16.402,107.703,0.48,22.64,25.36,20.74,21.16,22.61,91.39,15.85,99.51,3.14,45.3,7.67,35.97,0.9,0.92,92.02
2021-12-17,PHU BAI,16.402,107.703,10.91,22.18,24.43,20.81,20.51,22.07,90.25,15.2,99.72,5.83,29.8,6.22,35.35,0.91,0.92,98.27
2021-12-18,PHU BAI,16.402,107.703,18.99,20.73,22.85,18.64,18.45,20.75,86.73,13.35,99.82,6.73,36.4,4.76,34.33,0.92,0.93,96.85
2021-12-19,PHU BAI,16.402,107.703,15.99,18.9,20.03,18.37,16.83,19.39,87.83,12.05,99.69,6.56,352.6,3.68,33.38,0.93,0.94,99.04
2021-12-20,PHU BAI,16.402,107.703,2.02,19.37,21.42,18.12,17.66,19.9,89.91,12.72,99.59,4.77,332.8,4.76,34.22,0.91,0.94,96.24
2021-12-21,PHU BAI,16.402,107.703,0.39,19.93,22.08,18.73,17.95,20.27,88.36,12.94,99.66,3.87,355.3,4.75,34.95,0.9,0.93,98.38
2021-12-22,PHU BAI,16.402,107.703,1.32,20.98,23.11,19.8,18.74,21.19,87.09,13.61,99.58,3.09,23.0,4.83,34.99,0.9,0.92,96.74
2021-12-23,PHU BAI,16.402,107.703,0.53,21.5,23.63,20.4,19.98,21.64,91.16,14.72,99.5,2.8,76.8,5.66,35.38,0.9,0.92,95.64
2021-12-24,PHU BAI,16.402,107.703,10.06,22.26,24.22,21.36,21.05,22.33,92.91,15.73,99.54,3.61,62.5,7.59,35.68,0.91,0.92,82.26
2021-12-25,PHU BAI,16.402,107.703,62.87,22.52,24.17,21.55,21.29,22.32,92.67,15.94,99.69,5.92,67.7,4.91,35.73,0.96,0.94,97.47
2021-12-26,PHU BAI,16.402,107.703,63.12,22.01,24.13,19.84,20.66,21.97,92.02,15.33,99.89,6.64,52.2,4.07,35.34,0.97,0.98,87.67
2021-12-27,PHU BAI,16.402,107.703,33.82,19.25,20.28,18.52,17.83,19.72,91.44,12.78,100.14,6.83,18.4,5.52,33.99,0.96,0.98,77.31
2021-12-28,PHU BAI,16.402,107.703,17.58,20.69,21.58,19.56,19.63,20.96,93.58,14.34,99.96,5.4,32.1,5.44,34.31,0.96,0.98,54.84
2021-12-29,PHU BAI,16.402,107.703,6.57,21.73,23.49,20.43,20.43,21.81,92.27,15.06,100.04,5.81,44.3,5.43,35.74,0.95,0.97,93.75
2021-12-30,PHU BAI,16.402,107.703,3.27,20.7,22.43,19.51,19.05,20.74,90.22,13.79,100.18,5.39,45.9,6.51,34.76,0.94,0.97,88.14
2021-12-31,PHU BAI,16.402,107.703,2.55,20.7,22.33,19.85,18.95,20.66,89.7,13.71,100.1,4.86,53.6,8.6,35.16,0.94,0.97,90.74
2022-01-01,PHU BAI,16.402,107.703,4.02,21.32,23.37,19.96,19.64,21.17,90.2,14.34,100.02,5.44,57.1,6.66,34.84,0.94,0.96,83.45
2022-01-02,PHU BAI,16.402,107.703,3.94,20.96,22.81,19.75,19.18,20.77,89.54,13.95,99.91,5.35,59.6,5.37,35.02,0.93,0.96,97.0
2022-01-03,PHU BAI,16.402,107.703,3.13,20.8,23.07,19.57,19.16,20.69,90.41,13.95,99.79,4.2,66.4,6.69,34.57,0.93,0.96,87.18
2022-01-04,PHU BAI,16.402,107.703,0.29,21.31,23.63,19.74,20.05,21.17,92.62,14.76,99.66,3.41,47.7,9.07,35.28,0.92,0.95,89.67
2022-01-05,PHU BAI,16.402,107.703,0.27,21.28,23.82,19.53,20.08,21.15,92.98,14.81,99.62,2.95,56.7,6.98,35.66,0.92,0.95,87.41
2022-01-06,PHU BAI,16.402,107.703,0.8,21.4,24.2,19.49,19.85,21.26,91.01,14.59,99.75,3.69,84.5,15.27,33.23,0.92,0.94,37.06
2022-01-07,PHU BAI,16.402,107.703,4.32,21.03,23.64,19.47,19.2,20.76,89.52,13.99,99.84,3.33,77.4,17.0,33.25,0.91,0.94,46.37
2022-01-08,PHU BAI,16.402,107.703,10.03,21.62,24.15,20.02,20.23,21.52,91.9,14.94,99.67,3.59,72.3,9.05,34.85,0.92,0.94,76.61
2022-01-09,PHU BAI,16.402,107.703,1.53,21.69,24.41,19.8,20.26,21.54,91.71,14.99,99.55,2.99,84.3,13.71,34.22,0.91,0.94,60.04
2022-01-10,PHU BAI,16.402,107.703,1.25,21.9,25.26,19.72,20.25,21.66,90.7,14.97,99.63,2.95,97.2,18.45,33.66,0.91,0.93,35.88
2022-01-11,PHU BAI,16.402,107.703,4.21,20.14,23.12,18.47,18.55,20.51,90.58,13.44,99.83,4.55,16.4,5.57,35.18,0.91,0.93,96.74
2022-01-12,PHU BAI,16.402,107.703,0.5,20.88,23.63,19.05,19.19,21.01,90.23,13.96,99.84,3.46,72.5,8.13,35.45,0.9,0.93,89.44
2022-01-13,PHU BAI,16.402,107.703,0.06,20.82,23.66,18.89,19.0,20.66,89.58,13.8,99.87,3.38,79.6,12.15,34.21,0.9,0.92,69.97
2022-01-14,PHU BAI,16.402,107.703,0.01,20.33,23.99,16.94,18.9,20.31,91.68,13.77,99.73,3.59,113.6,13.88,34.06,0.89,0.92,60.08
2022-01-15,PHU BAI,16.402,107.703,0.02,20.34,24.35,17.63,18.38,20.28,89.2,13.32,99.73,3.3,122.2,18.54,31.52,0.89,0.91,20.27
2022-01-16,PHU BAI,16.402,107.703,0.61,21.5,24.96,19.34,19.61,21.27,89.43,14.38,99.7,3.24,99.8,16.44,34.02,0.89,0.9,49.03
2022-01-17,PHU BAI,16.402,107.703,2.85,21.44,24.59,19.22,19.63,21.72,89.68,14.38,99.82,4.54,26.0,13.86,34.42,0.89,0.9,71.47
2022-01-18,PHU BAI,16.402,107.703,7.14,19.87,21.88,18.59,18.52,20.18,91.87,13.4,99.81,5.5,15.1,4.05,34.97,0.89,0.9,96.6
2022-01-19,PHU BAI,16.402,107.703,4.36,20.2,22.73,18.7,18.08,20.51,87.76,13.04,99.65,3.96,54.3,4.94,35.0,0.89,0.9,97.78
2022-01-20,PHU BAI,16.402,107.703,1.18,20.94,23.63,19.26,18.8,21.04,87.86,13.67,99.52,3.86,89.7,12.37,35.11,0.88,0.9,83.39
2022-01-21,PHU BAI,16.402,107.703,0.42,21.3,24.51,18.74,19.56,21.28,90.3,14.38,99.41,3.66,111.4,9.94,35.33,0.88,0.89,89.23
2022-01-22,PHU BAI,16.402,107.703,0.45,22.31,26.41,19.59,20.43,22.27,89.7,15.22,99.12,3.11,118.9,17.53,34.42,0.88,0.89,26.73
2022-01-23,PHU BAI,16.402,107.703,1.51,23.23,27.72,20.79,21.22,23.06,89.12,15.97,99.15,1.98,109.6,12.16,35.61,0.87,0.88,54.75
2022-01-24,PHU BAI,16.402,107.703,0.29,23.12,26.48,21.26,21.62,23.08,91.71,16.34,99.25,2.11,60.8,13.7,35.87,0.87,0.88,58.86
2022-01-25,PHU BAI,16.402,107.703,0.03,22.47,25.71,20.47,21.4,22.4,93.72,16.11,99.37,2.79,75.2,12.54,36.06,0.87,0.87,69.47
2022-01-26,PHU BAI,16.402,107.703,0.0,22.07,25.77,18.89,20.38,21.99,90.64,15.15,99.44,2.85,108.7,18.21,33.6,0.87,0.87,30.77
2022-01-27,PHU BAI,16.402,107.703,0.0,21.94,25.37,19.75,20.1,21.98,89.88,14.85,99.47,2.68,92.6,20.39,32.34,0.86,0.86,17.09
2022-01-28,PHU BAI,16.402,107.703,0.0,22.26,25.48,20.05,20.67,22.39,91.13,15.4,99.35,3.12,96.9,18.95,33.43,0.86,0.86,34.4
2022-01-29,PHU BAI,16.402,107.703,2.19,22.77,26.06,20.67,20.75,22.81,88.77,15.49,99.22,2.89,93.4,18.64,35.16,0.86,0.85,47.47
2022-01-30,PHU BAI,16.402,107.703,4.28,21.28,23.33,20.27,20.2,21.58,93.55,14.97,99.33,4.59,20.2,5.05,36.56,0.87,0.86,95.39
2022-01-31,PHU BAI,16.402,107.703,1.99,21.28,25.34,18.72,19.7,21.74,90.8,14.55,99.44,4.83,3.4,4.98,36.97,0.86,0.86,98.73
2022-02-01,PHU BAI,16.402,107.703,0.34,20.04,22.54,18.7,18.48,20.63,90.88,13.4,99.56,3.9,354.6,6.23,35.86,0.86,0.85,96.78
2022-02-02,PHU BAI,16.402,107.703,1.28,21.71,25.07,19.58,20.17,22.2,91.12,14.9,99.58,4.42,22.9,7.21,36.28,0.85,0.85,96.93
2022-02-03,PHU BAI,16.402,107.703,1.39,19.51,21.8,18.35,17.99,20.21,90.91,12.97,99.74,4.67,5.7,5.83,35.14,0.85,0.85,98.86
2022-02-04,PHU BAI,16.402,107.703,3.5,19.46,21.82,18.22,17.77,20.18,89.98,12.77,99.89,5.05,27.8,5.19,33.58,0.86,0.85,83.86
2022-02-05,PHU BAI,16.402,107.703,3.13,20.22,22.14,19.18,18.33,20.65,88.93,13.22,99.86,5.09,63.9,6.03,34.77,0.86,0.85,96.84
2022-02-06,PHU BAI,16.402,107.703,0.37,20.99,23.72,18.83,19.19,21.17,89.9,14.01,99.61,4.37,103.6,12.64,34.8,0.85,0.84,80.01
2022-02-07,PHU BAI,16.402,107.703,0.01,22.7,26.81,20.16,20.98,22.79,90.42,15.69,99.41,2.67,104.8,18.42,34.6,0.84,0.83,30.87
2022-02-08,PHU BAI,16.402,107.703,2.98,23.23,26.61,20.88,21.66,23.36,91.16,16.36,99.46,3.5,100.7,13.63,36.94,0.85,0.83,83.51
2022-02-09,PHU BAI,16.402,107.703,7.22,22.94,25.87,21.02,21.63,23.11,92.53,16.31,99.53,3.36,70.0,8.77,37.18,0.86,0.84,97.18
2022-02-10,PHU BAI,16.402,107.703,0.16,22.61,25.69,20.51,21.34,22.75,92.78,16.05,99.41,3.64,94.8,9.93,36.45,0.84,0.83,83.64
2022-02-11,PHU BAI,16.402,107.703,0.19,22.45,25.66,20.31,20.85,22.58,90.94,15.57,99.36,4.13,94.4,12.55,35.42,0.84,0.83,85.94
2022-02-12,PHU BAI,16.402,107.703,0.69,22.06,24.68,20.66,20.13,22.19,89.12,14.9,99.24,4.03,94.1,12.34,35.37,0.84,0.82,84.6
2022-02-13,PHU BAI,16.402,107.703,4.44,22.7,26.07,19.88,21.17,22.94,91.23,15.93,99.18,4.6,53.6,12.06,36.75,0.84,0.82,90.53
2022-02-14,PHU BAI,16.402,107.703,1.21,20.85,22.88,20.0,19.45,21.29,91.77,14.24,99.5,4.37,22.1,5.53,35.18,0.84,0.82,86.09
2022-02-15,PHU BAI,16.402,107.703,0.2,21.91,24.55,20.4,20.27,22.15,90.68,15.01,99.38,4.14,72.1,6.06,36.04,0.83,0.82,97.23
2022-02-16,PHU BAI,16.402,107.703,0.57,22.35,24.58,20.99,21.04,22.48,92.46,15.79,99.13,3.53,96.0,7.29,36.15,0.83,0.81,86.82
2022-02-17,PHU BAI,16.402,107.703,1.02,24.0,27.27,21.96,22.33,24.09,90.74,17.12,99.02,2.83,113.2,13.29,37.13,0.83,0.81,82.45
2022-02-18,PHU BAI,16.402,107.703,0.37,24.59,28.3,22.57,22.82,24.53,90.29,17.62,99.12,3.09,117.9,18.81,36.32,0.83,0.8,54.01
2022-02-19,PHU BAI,16.402,107.703,3.79,21.87,28.95,17.65,19.51,22.41,86.82,14.64,99.4,5.42,346.9,14.94,36.03,0.83,0.8,79.22
2022-02-20,PHU BAI,16.402,107.703,5.89,17.55,19.53,16.71,15.64,18.72,88.61,11.17,99.72,5.72,4.8,5.4,33.65,0.84,0.81,97.93
2022-02-21,PHU BAI,16.402,107.703,2.67,17.81,19.7,16.89,15.77,18.89,87.87,11.23,99.9,5.09,9.9,3.8,34.21,0.84,0.81,98.72
2022-02-22,PHU BAI,16.402,107.703,0.23,18.18,20.5,17.0,15.76,19.35,85.87,11.19,100.15,6.01,0.8,5.65,33.53,0.83,0.8,93.36
2022-02-23,PHU BAI,16.402,107.703,0.74,17.05,18.02,16.4,15.13,18.03,88.53,10.74,100.28,5.5,9.4,5.21,33.19,0.82,0.8,98.89
2022-02-24,PHU BAI,16.402,107.703,0.93,17.54,18.74,16.76,15.7,18.39,89.06,11.15,100.25,4.7,28.8,4.99,33.13,0.82,0.8,93.93
2022-02-25,PHU BAI,16.402,107.703,0.38,19.42,21.4,18.45,17.36,20.14,87.99,12.4,100.06,4.42,52.8,6.61,33.61,0.82,0.8,83.89
2022-02-26,PHU BAI,16.402,107.703,0.96,20.15,22.93,18.28,18.07,20.78,87.96,13.0,99.97,4.32,43.1,6.53,34.24,0.82,0.79,82.34
2022-02-27,PHU BAI,16.402,107.703,0.47,20.24,23.47,18.06,17.78,20.73,86.04,12.79,99.75,3.71,89.4,7.75,34.29,0.82,0.79,86.31
2022-02-28,PHU BAI,16.402,107.703,0.01,21.43,25.39,18.65,19.57,21.76,89.45,14.36,99.57,3.67,104.0,15.87,34.72,0.81,0.79,72.26
2022-03-01,PHU BAI,16.402,107.703,0.23,22.19,25.92,19.65,20.57,22.55,90.96,15.26,99.59,3.54,78.9,17.83,36.04,0.81,0.78,79.9
2022-03-02,PHU BAI,16.402,107.703,0.24,22.01,25.22,19.9,20.32,22.4,90.45,15.02,99.61,3.46,72.8,14.51,35.0,0.81,0.78,64.35
2022-03-03,PHU BAI,16.402,107.703,0.01,21.91,25.48,19.02,20.4,22.24,91.28,15.14,99.44,3.23,97.8,14.97,34.9,0.8,0.78,55.87
2022-03-04,PHU BAI,16.402,107.703,0.01,22.72,26.67,20.29,20.93,23.0,90.15,15.67,99.26,3.07,98.0,20.27,35.65,0.8,0.77,59.4
2022-03-05,PHU BAI,16.402,107.703,0.01,23.33,26.91,21.12,21.76,23.38,91.1,16.5,99.18,2.87,102.3,14.53,36.29,0.8,0.77,69.27
2022-03-06,PHU BAI,16.402,107.703,0.38,24.2,28.03,21.4,22.59,24.23,91.2,17.37,99.24,2.9,103.0,15.0,36.59,0.79,0.77,74.1
2022-03-07,PHU BAI,16.402,107.703,7.67,22.58,26.18,19.98,21.1,22.77,91.43,15.81,99.57,3.93,51.4,7.58,35.97,0.82,0.78,91.64
2022-03-08,PHU BAI,16.402,107.703,0.07,20.52,24.18,17.6,17.31,20.9,82.37,12.45,99.5,3.99,95.1,17.52,33.61,0.8,0.77,69.34
2022-03-09,PHU BAI,16.402,107.703,0.0,20.51,24.27,17.44,17.65,20.9,84.24,12.74,99.39,3.75,105.9,18.13,33.48,0.79,0.77,50.69
2022-03-10,PHU BAI,16.402,107.703,0.02,21.12,24.91,18.41,18.65,21.32,86.66,13.59,99.34,3.2,101.3,20.57,33.37,0.79,0.76,58.04
2022-03-11,PHU BAI,16.402,107.703,0.02,21.88,25.48,19.33,20.16,22.22,90.14,14.94,99.22,3.26,103.0,19.67,33.83,0.79,0.76,37.93
2022-03-12,PHU BAI,16.402,107.703,0.0,21.59,25.91,17.83,19.62,21.8,88.77,14.48,99.17,3.38,112.2,19.88,33.31,0.78,0.75,37.67
2022-03-13,PHU BAI,16.402,107.703,0.0,21.74,25.98,18.73,19.58,21.99,88.28,14.45,99.16,2.96,112.6,22.25,33.34,0.78,0.75,36.43
2022-03-14,PHU BAI,16.402,107.703,0.02,22.9,26.72,20.45,20.81,23.17,88.63,15.58,99.1,2.62,99.1,20.18,34.96,0.78,0.75,47.11
2022-03-15,PHU BAI,16.402,107.703,0.1,23.26,26.37,21.03,21.37,23.55,89.56,16.13,99.02,2.54,96.8,13.73,36.29,0.78,0.74,86.17
2022-03-16,PHU BAI,16.402,107.703,0.82,23.45,27.17,21.57,21.35,23.59,88.46,16.13,98.97,2.79,120.6,8.39,36.06,0.78,0.74,77.21
2022-03-17,PHU BAI,16.402,107.703,1.32,24.88,27.57,23.34,22.49,24.18,86.7,17.32,98.91,1.32,188.8,14.34,36.19,0.78,0.74,78.01
2022-03-18,PHU BAI,16.402,107.703,5.41,24.98,28.17,23.36,22.81,24.55,88.02,17.68,98.93,1.54,102.2,8.19,36.84,0.8,0.75,99.22
2022-03-19,PHU BAI,16.402,107.703,1.2,24.8,27.95,22.76,22.35,24.89,86.74,17.17,98.89,2.81,110.5,18.26,36.42,0.78,0.75,88.3
2022-03-20,PHU BAI,16.402,107.703,0.11,26.33,30.98,23.79,22.9,25.84,82.23,17.74,98.93,2.44,148.0,17.53,36.79,0.77,0.74,68.56
2022-03-21,PHU BAI,16.402,107.703,0.37,25.75,29.34,23.71,23.26,25.52,86.63,18.1,99.1,1.81,133.5,18.02,36.78,0.77,0.74,77.95
2022-03-22,PHU BAI,16.402,107.703,0.79,26.65,30.88,24.3,23.77,26.43,84.99,18.67,99.13,2.11,123.7,19.21,36.39,0.76,0.73,76.39
2022-03-23,PHU BAI,16.402,107.703,6.36,25.29,28.61,23.17,23.77,25.45,91.51,18.68,99.13,3.36,26.8,17.33,36.69,0.79,0.74,79.86
2022-03-24,PHU BAI,16.402,107.703,10.25,25.31,28.2,23.58,23.67,25.2,90.85,18.58,99.05,2.59,104.3,13.17,37.08,0.8,0.74,57.64
2022-03-25,PHU BAI,16.402,107.703,5.78,27.65,31.09,24.53,24.06,26.75,81.53,19.03,99.04,1.24,197.7,21.63,36.72,0.8,0.76,72.22
2022-03-26,PHU BAI,16.402,107.703,0.2,27.93,31.08,24.79,23.93,26.76,79.37,18.88,99.1,1.76,225.4,22.23,35.84,0.78,0.75,50.82
2022-03-27,PHU BAI,16.402,107.703,3.81,25.58,32.38,22.15,22.55,25.61,84.56,17.36,99.29,4.72,329.8,20.32,36.34,0.78,0.74,74.29
2022-03-28,PHU BAI,16.402,107.703,5.83,22.9,24.96,21.53,21.03,23.62,89.28,15.72,99.49,4.27,357.8,6.98,35.67,0.79,0.75,83.05
2022-03-29,PHU BAI,16.402,107.703,6.73,24.45,27.02,22.96,22.78,24.81,90.7,17.54,99.33,3.62,57.7,10.68,36.85,0.8,0.75,80.06
2022-03-30,PHU BAI,16.402,107.703,11.22,24.66,27.53,22.61,22.95,24.81,90.52,17.75,99.3,3.03,72.9,11.64,36.57,0.81,0.75,84.33
2022-03-31,PHU BAI,16.402,107.703,75.03,24.1,26.51,22.62,22.64,24.15,91.61,17.39,99.39,5.01,77.7,6.32,36.41,0.93,0.8,99.31
2022-04-01,PHU BAI,16.402,107.703,163.32,23.13,25.03,20.6,21.88,23.39,92.64,16.58,99.62,7.05,31.9,3.97,35.57,0.99,0.89,99.96
2022-04-02,PHU BAI,16.402,107.703,47.1,19.63,20.51,19.0,17.95,20.54,90.02,12.9,100.0,7.87,10.6,5.73,34.05,0.95,0.92,97.65
2022-04-03,PHU BAI,16.402,107.703,10.23,19.87,21.62,18.89,17.46,20.88,86.03,12.52,99.9,4.43,23.7,5.89,33.73,0.89,0.89,85.03
2022-04-04,PHU BAI,16.402,107.703,4.55,21.9,24.09,20.61,19.62,22.61,86.97,14.33,99.92,4.32,45.9,6.47,34.86,0.87,0.86,88.31
2022-04-05,PHU BAI,16.402,107.703,14.26,22.11,24.95,20.39,20.05,22.98,88.3,14.75,99.8,3.87,24.7,8.04,35.03,0.88,0.85,87.73
2022-04-06,PHU BAI,16.402,107.703,0.34,22.48,25.33,20.52,20.09,23.19,86.46,14.8,99.69,3.01,9.3,14.16,35.03,0.85,0.85,82.34
2022-04-07,PHU BAI,16.402,107.703,0.0,22.41,25.29,20.12,19.47,22.81,83.67,14.25,99.61,2.44,22.2,20.54,32.95,0.85,0.83,57.6
2022-04-08,PHU BAI,16.402,107.703,0.0,22.09,25.83,19.27,18.94,22.22,82.94,13.81,99.47,2.41,68.9,22.65,31.86,0.84,0.83,18.39
2022-04-09,PHU BAI,16.402,107.703,0.0,21.57,25.64,17.91,18.01,21.81,81.12,13.06,99.27,2.55,95.9,25.01,30.86,0.83,0.82,11.3
2022-04-10,PHU BAI,16.402,107.703,0.0,22.98,27.38,20.13,20.42,23.22,86.37,15.21,99.14,2.62,104.2,21.81,33.28,0.83,0.81,28.3
2022-04-11,PHU BAI,16.402,107.703,0.0,23.69,27.41,21.04,21.44,23.91,87.83,16.22,99.03,2.75,114.1,19.87,33.93,0.83,0.81,22.3
2022-04-12,PHU BAI,16.402,107.703,0.01,25.97,29.9,23.35,22.81,25.8,83.46,17.68,98.76,2.34,126.0,21.18,35.59,0.82,0.8,47.51
2022-04-13,PHU BAI,16.402,107.703,0.03,26.21,30.15,23.73,23.49,26.03,85.69,18.42,98.75,1.71,57.8,14.36,36.46,0.82,0.8,82.69
2022-04-14,PHU BAI,16.402,107.703,0.0,25.77,28.83,23.24,23.88,25.93,89.79,18.85,98.84,2.38,97.2,20.28,36.2,0.82,0.79,63.38
2022-04-15,PHU BAI,16.402,107.703,0.31,26.15,29.93,23.47,24.08,26.17,88.99,19.07,98.9,3.49,114.2,20.35,35.58,0.81,0.79,59.64
2022-04-16,PHU BAI,16.402,107.703,2.66,25.82,29.36,22.97,23.9,25.74,89.54,18.85,98.97,4.56,116.7,19.99,35.84,0.82,0.79,68.01
2022-04-17,PHU BAI,16.402,107.703,1.49,24.66,28.37,22.24,22.66,24.79,89.16,17.45,99.25,3.23,96.7,20.37,34.51,0.81,0.79,55.06
2022-04-18,PHU BAI,16.402,107.703,3.44,24.21,27.45,21.86,22.26,24.81,89.23,16.97,99.48,3.66,34.1,17.18,35.99,0.82,0.79,89.21
2022-04-19,PHU BAI,16.402,107.703,0.92,23.57,26.42,21.67,21.65,24.38,89.21,16.33,99.51,4.17,11.0,5.79,35.74,0.81,0.78,82.11
2022-04-20,PHU BAI,16.402,107.703,1.39,23.63,25.79,22.17,22.06,24.24,91.04,16.77,99.34,3.72,31.9,7.84,35.47,0.81,0.78,63.95
2022-04-21,PHU BAI,16.402,107.703,0.53,24.98,28.09,23.12,23.05,25.36,89.42,17.85,99.2,2.94,93.1,14.94,36.15,0.8,0.78,59.19
2022-04-22,PHU BAI,16.402,107.703,0.31,26.54,29.75,24.39,24.1,26.61,86.96,19.05,99.05,2.66,118.8,20.93,36.62,0.8,0.77,65.14
2022-04-23,PHU BAI,16.402,107.703,0.02,26.8,29.7,24.97,24.16,26.57,85.89,19.15,98.92,2.41,131.1,23.05,36.15,0.8,0.77,33.57
2022-04-24,PHU BAI,16.402,107.703,0.02,28.02,31.87,25.33,24.52,27.44,82.1,19.61,98.76,2.28,146.5,23.23,36.5,0.79,0.76,31.01
2022-04-25,PHU BAI,16.402,107.703,0.04,28.55,32.75,25.81,24.71,27.83,80.54,19.84,98.75,2.18,150.9,22.72,36.83,0.78,0.76,63.56
2022-04-26,PHU BAI,16.402,107.703,0.01,29.13,33.08,25.76,24.82,28.02,78.53,19.99,98.71,1.7,203.9,22.5,37.15,0.78,0.75,34.12
2022-04-27,PHU BAI,16.402,107.703,0.01,27.95,32.59,24.61,24.99,27.55,85.05,20.18,98.78,2.71,127.2,22.34,36.22,0.78,0.75,53.48
2022-04-28,PHU BAI,16.402,107.703,0.37,27.24,31.58,24.55,24.32,26.96,85.01,19.37,98.89,2.75,119.3,24.09,35.64,0.77,0.74,67.85
2022-04-29,PHU BAI,16.402,107.703,4.73,26.58,29.71,23.63,24.13,26.46,86.86,19.12,99.0,3.15,118.4,19.52,36.61,0.79,0.75,96.99
2022-04-30,PHU BAI,16.402,107.703,19.99,25.78,27.72,24.63,24.24,25.89,91.39,19.25,98.92,4.27,81.9,11.79,36.9,0.84,0.76,99.1
2022-05-01,PHU BAI,16.402,107.703,29.21,23.97,26.05,22.78,22.68,24.21,92.5,17.51,99.0,4.58,45.0,10.3,35.83,0.88,0.79,99.19
2022-05-02,PHU BAI,16.402,107.703,21.5,22.5,23.49,21.67,20.87,23.08,90.45,15.59,99.32,6.53,8.2,6.3,35.41,0.88,0.82,99.64
2022-05-03,PHU BAI,16.402,107.703,1.59,22.19,23.3,21.42,20.26,22.84,88.81,14.99,99.43,4.61,4.6,4.74,35.43,0.82,0.8,99.77
2022-05-04,PHU BAI,16.402,107.703,0.17,23.19,25.45,21.77,20.42,23.93,84.46,15.15,99.35,2.86,5.2,7.37,35.75,0.81,0.79,84.47
2022-05-05,PHU BAI,16.402,107.703,0.42,24.5,27.11,23.13,22.49,25.29,88.85,17.27,99.12,3.17,23.0,13.69,36.09,0.8,0.78,71.75
2022-05-06,PHU BAI,16.402,107.703,1.48,25.47,28.01,24.21,23.87,25.82,91.1,18.79,99.08,3.03,52.6,12.55,36.95,0.8,0.77,90.31
2022-05-07,PHU BAI,16.402,107.703,1.68,25.44,27.96,23.89,24.09,25.53,92.42,19.05,99.11,3.21,94.8,17.66,36.3,0.8,0.77,86.72
2022-05-08,PHU BAI,16.402,107.703,4.56,25.6,28.2,23.5,23.71,25.75,89.51,18.62,99.13,3.43,104.5,18.06,36.57,0.81,0.77,88.16
2022-05-09,PHU BAI,16.402,107.703,1.39,26.12,28.88,24.56,24.27,26.14,89.85,19.27,99.03,3.35,116.8,19.55,36.92,0.8,0.77,87.43
2022-05-10,PHU BAI,16.402,107.703,3.34,27.81,31.11,25.71,24.61,27.34,83.19,19.7,98.88,1.69,159.0,18.21,37.15,0.8,0.77,91.15
2022-05-11,PHU BAI,16.402,107.703,0.48,28.25,31.52,25.47,25.03,27.88,83.33,20.21,98.8,1.64,195.4,21.28,37.19,0.79,0.76,53.47
2022-05-12,PHU BAI,16.402,107.703,2.36,27.25,29.43,25.11,24.74,26.73,86.37,19.88,98.72,2.28,205.6,20.42,37.04,0.8,0.76,84.31
2022-05-13,PHU BAI,16.402,107.703,1.23,28.14,31.35,25.47,24.7,27.59,82.12,19.85,98.67,2.54,226.8,15.39,37.39,0.79,0.76,95.55
2022-05-14,PHU BAI,16.402,107.703,8.46,27.81,31.1,25.57,25.45,27.66,87.44,20.72,98.89,1.97,133.6,20.0,37.62,0.81,0.76,87.34
2022-05-15,PHU BAI,16.402,107.703,12.03,27.8,31.29,24.43,24.89,27.64,84.98,20.03,98.97,3.25,305.2,19.38,37.56,0.83,0.78,84.8
2022-05-16,PHU BAI,16.402,107.703,6.63,24.63,27.18,23.42,22.71,25.17,89.09,17.49,99.17,5.48,352.7,7.34,36.31,0.82,0.78,85.93
2022-05-17,PHU BAI,16.402,107.703,1.78,24.28,26.14,23.15,22.29,25.17,88.71,17.03,99.21,3.34,25.5,6.83,36.24,0.8,0.77,97.87
2022-05-18,PHU BAI,16.402,107.703,0.31,25.73,27.52,24.57,23.91,26.17,89.74,18.81,99.16,3.81,56.2,10.85,36.78,0.79,0.77,80.86
2022-05-19,PHU BAI,16.402,107.703,0.53,25.68,28.04,23.92,23.65,25.85,88.77,18.54,99.08,2.45,99.0,12.77,37.01,0.79,0.76,85.6
2022-05-20,PHU BAI,16.402,107.703,5.59,26.35,28.95,24.04,23.9,26.75,86.68,18.88,98.84,2.74,82.4,19.19,36.93,0.8,0.76,83.83
2022-05-21,PHU BAI,16.402,107.703,18.49,26.89,30.35,25.01,24.34,26.96,86.54,19.45,98.58,2.23,79.1,18.65,37.14,0.84,0.77,92.5
2022-05-22,PHU BAI,16.402,107.703,6.2,27.51,31.27,25.48,25.04,27.46,87.07,20.35,98.26,2.1,118.4,18.24,37.13,0.82,0.78,99.45
2022-05-23,PHU BAI,16.402,107.703,2.88,27.41,30.87,25.12,24.95,27.32,86.97,20.2,98.49,1.95,108.5,17.8,37.29,0.8,0.77,99.45
2022-05-24,PHU BAI,16.402,107.703,0.34,26.68,28.19,25.39,24.67,26.67,88.86,19.78,98.83,1.43,145.4,14.31,37.12,0.8,0.77,97.53
2022-05-25,PHU BAI,16.402,107.703,0.4,27.61,30.4,25.13,24.08,27.46,81.59,19.11,98.75,1.83,169.8,18.86,36.93,0.79,0.76,96.37
2022-05-26,PHU BAI,16.402,107.703,4.59,27.38,31.08,24.74,24.55,27.23,85.06,19.73,98.49,2.04,178.5,19.99,37.14,0.8,0.76,92.93
2022-05-27,PHU BAI,16.402,107.703,7.4,27.55,31.65,25.35,24.69,27.48,84.97,19.91,98.34,2.1,122.4,19.61,37.31,0.81,0.77,83.47
2022-05-28,PHU BAI,16.402,107.703,0.53,27.36,30.54,24.52,23.99,27.3,82.33,19.07,98.43,2.06,233.0,21.63,36.94,0.79,0.76,55.28
2022-05-29,PHU BAI,16.402,107.703,0.3,28.26,32.2,25.13,24.27,28.03,79.82,19.37,98.52,2.23,192.5,22.02,37.62,0.79,0.76,55.21
2022-05-30,PHU BAI,16.402,107.703,0.75,28.07,31.6,25.63,24.36,27.92,81.06,19.49,98.53,2.17,141.3,22.01,37.3,0.78,0.75,62.86
2022-05-31,PHU BAI,16.402,107.703,0.59,27.98,30.56,26.18,25.05,27.86,84.44,20.28,98.64,1.73,113.4,19.26,37.21,0.78,0.75,79.56
2022-06-01,PHU BAI,16.402,107.703,0.86,29.29,33.38,25.75,24.54,29.78,77.16,19.73,98.65,1.35,161.8,22.03,37.41,0.77,0.75,72.07
2022-06-02,PHU BAI,16.402,107.703,1.7,28.14,31.38,25.67,24.77,27.8,82.3,19.94,98.65,1.75,211.3,20.81,37.2,0.78,0.75,92.12
2022-06-03,PHU BAI,16.402,107.703,1.35,28.11,31.73,24.83,24.46,27.81,81.13,19.57,98.68,2.27,226.4,19.1,37.26,0.78,0.75,84.82
2022-06-04,PHU BAI,16.402,107.703,0.37,27.55,31.45,24.45,23.46,27.17,79.15,18.42,98.71,3.27,227.2,24.55,36.12,0.77,0.74,67.57
2022-06-05,PHU BAI,16.402,107.703,0.08,28.12,31.56,25.39,24.34,27.7,80.48,19.46,98.57,2.72,231.8,23.46,36.66,0.77,0.74,73.56
2022-06-06,PHU BAI,16.402,107.703,0.12,28.85,31.79,25.53,24.78,28.3,79.14,19.99,98.52,1.84,245.5,21.84,37.39,0.77,0.74,90.12
2022-06-07,PHU BAI,16.402,107.703,1.5,27.84,30.79,24.92,24.21,27.51,80.99,19.29,98.65,1.88,225.3,21.88,36.87,0.77,0.74,90.03
2022-06-08,PHU BAI,16.402,107.703,1.69,27.41,29.68,25.39,24.17,27.17,82.72,19.22,98.68,2.6,226.5,12.91,36.82,0.77,0.74,99.71
2022-06-09,PHU BAI,16.402,107.703,0.08,27.44,29.53,25.46,24.02,27.21,81.91,19.05,98.67,2.57,214.3,18.84,36.94,0.77,0.74,96.37
2022-06-10,PHU BAI,16.402,107.703,0.65,26.8,28.55,24.94,24.31,26.84,86.3,19.4,98.68,3.14,201.8,18.94,36.49,0.77,0.74,99.08
2022-06-11,PHU BAI,16.402,107.703,1.8,27.8,30.71,25.16,24.59,27.46,82.98,19.72,98.74,2.37,219.7,21.54,36.8,0.77,0.74,99.15
2022-06-12,PHU BAI,16.402,107.703,3.52,29.35,32.82,26.42,25.12,28.94,78.81,20.34,98.78,1.74,218.8,22.95,37.48,0.78,0.74,82.98
2022-06-13,PHU BAI,16.402,107.703,2.08,29.27,32.39,26.26,25.07,28.95,78.89,20.31,98.74,1.6,204.8,22.05,37.36,0.77,0.73,93.51
2022-06-14,PHU BAI,16.402,107.703,4.82,28.95,31.88,26.58,24.96,28.69,79.64,20.16,98.82,1.22,199.0,20.6,37.38,0.78,0.74,92.44
2022-06-15,PHU BAI,16.402,107.703,7.08,27.56,29.64,25.34,24.49,27.63,83.65,19.54,98.96,1.78,304.6,16.86,37.01,0.79,0.75,98.82
2022-06-16,PHU BAI,16.402,107.703,0.26,28.59,31.75,25.7,24.19,28.42,78.04,19.22,98.91,1.66,250.1,22.28,36.96,0.77,0.74,79.42
2022-06-17,PHU BAI,16.402,107.703,0.14,29.21,32.69,25.93,24.17,29.13,75.35,19.23,98.8,1.96,218.8,23.67,37.07,0.77,0.74,45.79
2022-06-18,PHU BAI,16.402,107.703,0.31,28.26,31.43,25.45,24.45,27.76,80.25,19.56,98.7,3.32,221.6,23.87,36.55,0.76,0.73,78.31
2022-06-19,PHU BAI,16.402,107.703,0.08,29.09,32.63,25.91,24.89,28.63,78.74,20.13,98.56,2.96,227.8,23.72,36.97,0.76,0.73,65.33
2022-06-20,PHU BAI,16.402,107.703,0.18,28.87,32.49,25.62,24.95,28.53,79.93,20.21,98.47,2.14,215.7,23.93,36.98,0.76,0.72,71.16
2022-06-21,PHU BAI,16.402,107.703,0.07,29.31,33.69,25.52,24.47,28.76,76.16,19.65,98.54,2.6,213.7,24.97,36.9,0.75,0.72,69.24
2022-06-22,PHU BAI,16.402,107.703,1.5,28.07,32.11,25.92,24.5,27.9,81.71,19.59,98.87,2.57,156.8,19.65,36.8,0.75,0.71,89.5
2022-06-23,PHU BAI,16.402,107.703,0.77,27.75,31.24,25.63,24.07,27.95,81.4,19.1,98.91,2.24,126.2,22.4,36.49,0.75,0.71,67.36
2022-06-24,PHU BAI,16.402,107.703,0.81,27.59,31.0,25.22,24.28,27.92,82.77,19.34,98.76,2.59,106.0,21.7,36.48,0.74,0.71,78.36
2022-06-25,PHU BAI,16.402,107.703,0.43,27.53,29.97,25.7,24.32,27.58,83.12,19.39,98.77,2.3,139.5,19.63,36.95,0.74,0.71,88.29
2022-06-26,PHU BAI,16.402,107.703,0.28,27.63,30.33,25.84,24.82,27.65,85.06,19.93,98.95,2.25,80.7,22.57,36.96,0.74,0.7,37.56
2022-06-27,PHU BAI,16.402,107.703,0.12,29.19,32.8,25.63,24.39,28.89,76.35,19.49,98.78,2.06,232.8,24.46,36.88,0.73,0.7,44.81
2022-06-28,PHU BAI,16.402,107.703,0.18,29.07,32.7,26.2,25.15,28.62,79.98,20.47,98.47,2.93,243.7,22.8,37.23,0.72,0.69,85.05
2022-06-29,PHU BAI,16.402,107.703,0.03,28.26,30.75,25.87,25.0,27.88,82.77,20.32,98.26,2.82,248.3,23.18,37.12,0.73,0.69,85.93
2022-06-30,PHU BAI,16.402,107.703,6.07,27.8,30.19,25.9,25.4,27.58,87.02,20.81,98.2,3.03,277.1,19.51,37.25,0.74,0.69,96.32
2022-07-01,PHU BAI,16.402,107.703,4.01,26.86,28.77,25.15,24.95,26.79,89.36,20.28,98.18,3.21,271.6,4.1,36.9,0.76,0.7,98.9
2022-07-02,PHU BAI,16.402,107.703,1.73,26.52,28.72,24.95,23.4,26.26,83.1,18.49,98.2,5.54,242.5,8.81,36.58,0.74,0.71,99.19
2022-07-03,PHU BAI,16.402,107.703,1.13,28.19,31.95,25.47,24.52,27.71,80.89,19.73,98.3,3.73,235.2,17.68,37.12,0.73,0.7,99.15
2022-07-04,PHU BAI,16.402,107.703,0.34,28.75,32.08,25.73,25.22,28.21,81.67,20.57,98.33,2.58,237.5,20.69,37.25,0.73,0.69,97.6
2022-07-05,PHU BAI,16.402,107.703,2.08,28.88,32.18,26.01,24.96,28.09,80.0,20.19,98.53,1.67,229.9,21.38,37.41,0.73,0.69,96.87
2022-07-06,PHU BAI,16.402,107.703,0.49,28.74,31.81,25.67,24.63,28.19,79.17,19.78,98.62,1.86,215.7,19.69,37.32,0.73,0.69,99.09
2022-07-07,PHU BAI,16.402,107.703,2.13,28.66,31.97,25.82,25.06,28.01,81.41,20.3,98.65,1.57,178.0,12.82,37.3,0.73,0.69,98.78
2022-07-08,PHU BAI,16.402,107.703,0.66,28.38,32.0,25.64,24.43,28.52,80.37,19.58,98.63,1.89,161.9,21.52,37.07,0.72,0.69,91.16
2022-07-09,PHU BAI,16.402,107.703,5.59,27.36,30.21,25.38,23.9,27.3,81.92,18.95,98.54,1.92,111.7,17.8,36.68,0.74,0.69,95.32
2022-07-10,PHU BAI,16.402,107.703,12.15,26.41,28.55,24.8,24.17,27.04,87.69,19.24,98.51,2.71,350.9,6.28,36.72,0.77,0.7,99.57
2022-07-11,PHU BAI,16.402,107.703,6.63,26.75,28.37,25.91,24.53,26.88,87.79,19.7,98.46,2.54,48.9,15.06,36.85,0.77,0.71,58.48
2022-07-12,PHU BAI,16.402,107.703,6.69,27.32,29.95,25.71,25.0,27.46,87.38,20.26,98.39,5.0,104.7,21.8,36.84,0.76,0.71,69.37
2022-07-13,PHU BAI,16.402,107.703,8.25,26.77,28.81,25.33,24.94,26.77,89.83,20.21,98.35,3.34,98.9,20.87,36.76,0.77,0.71,80.6
2022-07-14,PHU BAI,16.402,107.703,17.37,27.35,29.29,26.07,25.13,27.53,87.88,20.42,98.45,2.75,83.1,20.83,37.31,0.81,0.73,69.48
2022-07-15,PHU BAI,16.402,107.703,0.47,28.28,31.79,26.1,25.15,28.36,83.76,20.42,98.6,2.57,126.7,21.23,37.88,0.75,0.72,62.81
2022-07-16,PHU BAI,16.402,107.703,0.89,28.44,30.76,26.52,25.86,28.51,86.23,21.28,98.68,1.92,55.6,20.76,37.78,0.74,0.71,90.67
2022-07-17,PHU BAI,16.402,107.703,0.47,28.46,31.21,26.48,25.39,28.32,83.73,20.71,98.63,2.66,239.2,23.22,37.32,0.74,0.71,67.2
2022-07-18,PHU BAI,16.402,107.703,0.21,29.15,32.59,26.24,25.41,28.83,80.7,20.76,98.51,1.84,201.3,24.48,37.51,0.74,0.7,65.02
2022-07-19,PHU BAI,16.402,107.703,0.48,28.71,32.11,26.16,25.53,28.65,83.65,20.91,98.52,2.07,128.7,21.6,37.57,0.73,0.7,88.97
2022-07-20,PHU BAI,16.402,107.703,3.0,27.91,30.66,25.8,25.21,27.99,85.5,20.48,98.68,3.72,114.1,20.23,37.39,0.74,0.69,78.06
2022-07-21,PHU BAI,16.402,107.703,4.43,27.14,30.8,24.25,23.77,27.38,82.35,18.73,99.0,3.23,134.1,20.34,36.79,0.75,0.7,78.96
2022-07-22,PHU BAI,16.402,107.703,0.77,27.04,29.56,25.23,24.04,27.32,84.03,19.01,99.09,2.73,123.4,24.02,36.03,0.73,0.69,56.34
2022-07-23,PHU BAI,16.402,107.703,0.02,27.21,29.95,24.23,23.77,27.4,81.96,18.74,98.99,2.41,132.3,23.91,36.13,0.73,0.69,37.33
2022-07-24,PHU BAI,16.402,107.703,0.21,27.52,31.36,24.54,23.41,27.7,79.33,18.34,98.89,2.91,125.5,26.12,35.11,0.71,0.68,9.29
2022-07-25,PHU BAI,16.402,107.703,0.42,27.68,31.59,24.9,23.59,27.78,79.13,18.53,98.9,2.37,126.8,25.86,35.42,0.71,0.67,10.62
2022-07-26,PHU BAI,16.402,107.703,0.01,27.89,31.9,24.67,23.48,28.01,77.84,18.41,98.83,2.33,134.0,26.19,35.27,0.7,0.66,10.17
2022-07-27,PHU BAI,16.402,107.703,0.25,28.04,31.72,25.53,24.13,28.07,80.07,19.16,98.81,2.36,128.2,24.01,35.9,0.7,0.66,36.33
2022-07-28,PHU BAI,16.402,107.703,3.0,28.12,30.89,25.87,24.5,28.06,81.14,19.6,98.79,2.16,146.1,22.62,36.59,0.71,0.66,39.37
2022-07-29,PHU BAI,16.402,107.703,6.21,28.21,30.78,26.09,25.14,28.11,83.74,20.41,98.65,2.23,224.0,23.68,36.67,0.73,0.66,55.65
2022-07-30,PHU BAI,16.402,107.703,5.0,28.21,30.91,25.02,24.87,27.99,82.42,20.11,98.59,2.17,251.5,22.74,36.85,0.73,0.67,65.78
2022-07-31,PHU BAI,16.402,107.703,3.45,28.39,31.73,25.68,24.85,28.42,81.85,20.06,98.57,1.94,223.2,20.94,37.44,0.72,0.67,66.68
2022-08-01,PHU BAI,16.402,107.703,3.05,27.76,30.26,26.12,24.74,27.89,84.09,19.89,98.67,1.78,69.2,22.03,36.59,0.72,0.68,76.82
2022-08-02,PHU BAI,16.402,107.703,1.98,27.73,30.37,25.61,23.95,27.75,80.23,18.93,98.82,2.34,291.1,20.57,36.97,0.72,0.67,67.54
2022-08-03,PHU BAI,16.402,107.703,4.72,27.46,29.66,25.03,24.45,27.47,83.94,19.54,98.81,2.2,257.1,22.69,36.64,0.73,0.67,71.57
2022-08-04,PHU BAI,16.402,107.703,4.52,28.23,31.36,25.06,24.41,28.14,80.34,19.52,98.66,2.51,231.3,22.58,36.77,0.73,0.68,80.72
2022-08-05,PHU BAI,16.402,107.703,17.19,26.87,30.45,24.51,24.28,27.21,85.97,19.38,98.59,1.81,234.3,16.49,36.92,0.78,0.69,91.99
2022-08-06,PHU BAI,16.402,107.703,1.68,27.47,31.09,25.16,24.61,27.77,84.98,19.77,98.56,2.09,93.6,16.39,37.01,0.73,0.69,99.18
2022-08-07,PHU BAI,16.402,107.703,11.05,27.15,29.62,25.36,24.28,27.38,84.88,19.4,98.56,2.52,304.6,17.13,36.81,0.76,0.69,99.58
2022-08-08,PHU BAI,16.402,107.703,29.34,26.63,28.51,25.22,24.99,26.79,90.83,20.27,98.44,4.74,298.8,1.72,36.82,0.84,0.73,99.62
2022-08-09,PHU BAI,16.402,107.703,10.68,25.86,27.29,24.31,23.78,26.09,88.4,18.86,98.37,4.75,292.9,3.77,36.16,0.8,0.74,99.28
2022-08-10,PHU BAI,16.402,107.703,0.91,27.89,31.23,25.18,23.92,27.75,79.68,19.0,98.32,2.73,235.0,15.65,36.86,0.75,0.72,99.49
2022-08-11,PHU BAI,16.402,107.703,4.37,28.28,31.92,25.13,24.07,28.01,78.56,19.14,98.59,1.94,198.0,12.41,37.28,0.75,0.71,99.59
2022-08-12,PHU BAI,16.402,107.703,3.61,27.95,31.32,25.29,24.16,28.03,80.51,19.21,98.8,1.64,170.4,15.63,36.99,0.76,0.71,94.32
2022-08-13,PHU BAI,16.402,107.703,3.55,28.08,31.16,25.5,24.39,28.11,80.84,19.45,98.84,1.81,183.3,21.9,37.21,0.74,0.7,60.24
2022-08-14,PHU BAI,16.402,107.703,5.4,28.76,31.41,26.22,24.51,28.49,78.25,19.61,98.79,1.68,256.3,23.96,37.08,0.76,0.71,68.92
2022-08-15,PHU BAI,16.402,107.703,3.0,28.58,31.25,25.64,24.33,28.38,78.36,19.42,98.71,2.18,229.8,23.44,36.78,0.75,0.7,68.15
2022-08-16,PHU BAI,16.402,107.703,0.83,28.32,31.48,25.86,24.73,28.38,81.53,19.9,98.67,2.35,183.6,21.15,37.32,0.73,0.7,78.31
2022-08-17,PHU BAI,16.402,107.703,3.38,27.91,31.05,24.87,24.02,27.83,79.8,19.06,98.67,2.49,228.8,18.11,36.9,0.74,0.7,81.71
2022-08-18,PHU BAI,16.402,107.703,8.94,28.74,31.91,25.76,24.39,28.61,77.92,19.51,98.57,1.94,227.7,20.94,37.39,0.76,0.7,72.62
2022-08-19,PHU BAI,16.402,107.703,29.24,28.05,30.89,25.39,24.73,28.08,82.49,19.93,98.48,2.63,241.0,18.81,37.36,0.83,0.72,87.55
2022-08-20,PHU BAI,16.402,107.703,14.43,27.26,29.61,25.27,24.62,27.52,85.78,19.82,98.38,2.6,164.6,8.89,37.28,0.82,0.75,99.39
2022-08-21,PHU BAI,16.402,107.703,3.15,28.4,32.28,25.5,24.61,28.58,80.59,19.77,98.57,2.22,159.3,17.11,37.4,0.77,0.74,62.63
2022-08-22,PHU BAI,16.402,107.703,0.72,28.04,31.42,26.28,24.77,28.17,82.86,19.92,98.74,2.16,118.9,22.56,37.17,0.75,0.72,83.6
2022-08-23,PHU BAI,16.402,107.703,0.64,28.39,31.09,25.77,24.8,28.26,81.21,19.95,98.73,2.34,273.2,23.21,36.81,0.75,0.71,79.83
2022-08-24,PHU BAI,16.402,107.703,0.25,28.17,30.59,25.36,23.89,27.93,77.93,18.94,98.51,2.01,232.1,17.76,36.79,0.74,0.71,96.14
2022-08-25,PHU BAI,16.402,107.703,2.52,27.86,31.48,24.88,23.72,27.98,78.85,18.75,98.48,2.58,200.5,11.36,36.83,0.74,0.71,99.58
2022-08-26,PHU BAI,16.402,107.703,2.24,28.28,32.24,24.27,23.44,28.25,75.91,18.36,98.89,2.19,203.9,16.64,37.21,0.74,0.7,90.07
2022-08-27,PHU BAI,16.402,107.703,1.12,27.86,30.92,25.88,22.84,27.72,74.89,17.7,98.97,2.16,134.5,24.66,36.1,0.74,0.7,33.52
2022-08-28,PHU BAI,16.402,107.703,0.03,28.27,31.48,25.49,23.51,28.23,76.12,18.47,98.91,2.48,127.2,25.22,35.88,0.72,0.69,32.37
2022-08-29,PHU BAI,16.402,107.703,0.48,27.91,30.96,25.65,23.92,28.12,80.01,18.9,99.06,3.09,111.7,23.31,36.09,0.72,0.68,72.38
2022-08-30,PHU BAI,16.402,107.703,0.82,27.79,30.92,25.46,24.79,28.09,84.15,19.91,98.94,2.18,90.7,24.15,36.2,0.72,0.68,20.59
2022-08-31,PHU BAI,16.402,107.703,0.04,28.03,30.73,25.36,23.88,27.94,78.6,18.86,98.8,1.99,78.6,24.7,36.5,0.71,0.68,36.81
2022-09-01,PHU BAI,16.402,107.703,6.2,28.31,31.22,25.75,24.67,28.65,81.2,19.78,98.9,2.06,40.5,22.61,36.93,0.73,0.68,56.99
2022-09-02,PHU BAI,16.402,107.703,2.27,28.38,31.72,25.75,24.57,28.85,80.74,19.7,98.81,1.95,6.9,20.97,37.01,0.72,0.68,81.18
2022-09-03,PHU BAI,16.402,107.703,0.36,28.4,30.87,26.97,25.05,28.48,82.46,20.27,98.72,2.01,333.6,20.25,37.18,0.71,0.68,89.28
2022-09-04,PHU BAI,16.402,107.703,5.22,27.69,30.27,25.1,24.07,27.75,81.03,19.08,98.8,2.5,272.1,23.27,36.91,0.73,0.68,53.04
2022-09-05,PHU BAI,16.402,107.703,6.85,28.08,30.69,26.52,24.38,28.13,80.56,19.44,98.84,2.74,346.4,20.96,37.17,0.75,0.69,80.88
2022-09-06,PHU BAI,16.402,107.703,18.67,27.99,30.66,25.97,24.13,28.01,79.89,19.12,98.93,2.8,33.5,18.2,37.32,0.78,0.69,91.92
2022-09-07,PHU BAI,16.402,107.703,59.46,26.64,27.92,25.39,24.67,26.98,88.97,19.74,99.02,4.47,72.9,4.44,36.75,0.9,0.77,99.51
2022-09-08,PHU BAI,16.402,107.703,18.78,27.12,29.76,25.61,24.67,27.43,86.83,19.73,99.12,4.37,112.8,15.4,36.98,0.83,0.78,99.07
2022-09-09,PHU BAI,16.402,107.703,27.47,27.4,29.31,25.62,25.21,27.47,87.94,20.37,99.19,3.51,106.5,17.67,36.92,0.87,0.8,85.52
2022-09-10,PHU BAI,16.402,107.703,8.78,26.85,28.65,24.82,24.48,27.07,86.89,19.51,99.15,3.03,95.8,16.1,36.72,0.82,0.79,66.01
2022-09-11,PHU BAI,16.402,107.703,1.51,27.0,29.64,24.83,23.89,27.67,83.49,18.83,99.05,2.76,78.7,22.44,35.83,0.78,0.76,36.17
2022-09-12,PHU BAI,16.402,107.703,0.37,27.18,30.1,24.67,23.24,27.47,79.32,18.11,99.01,2.18,68.6,22.46,35.88,0.77,0.74,47.77
2022-09-13,PHU BAI,16.402,107.703,1.56,27.05,30.45,23.98,22.77,27.45,78.08,17.6,99.05,2.27,90.2,22.3,35.96,0.76,0.73,67.69
2022-09-14,PHU BAI,16.402,107.703,5.18,27.05,31.0,24.48,23.41,27.57,81.05,18.29,99.02,2.36,93.7,20.57,36.02,0.77,0.73,64.89
2022-09-15,PHU BAI,16.402,107.703,1.18,27.64,31.66,24.82,23.32,27.93,78.19,18.23,98.8,2.74,204.4,22.01,36.06,0.75,0.72,54.44
2022-09-16,PHU BAI,16.402,107.703,9.4,28.53,32.45,25.53,24.43,28.7,79.3,19.55,98.65,2.62,162.5,23.8,36.9,0.78,0.72,52.38
2022-09-17,PHU BAI,16.402,107.703,14.3,28.24,30.77,25.58,24.06,28.09,78.31,19.08,98.75,1.95,263.6,21.7,36.72,0.8,0.73,35.53
2022-09-18,PHU BAI,16.402,107.703,5.67,27.54,30.55,25.24,23.87,27.9,80.69,18.85,98.83,2.28,350.3,21.33,36.36,0.79,0.74,63.42
2022-09-19,PHU BAI,16.402,107.703,0.09,27.57,30.95,24.58,24.19,27.8,82.18,19.24,98.77,2.72,66.6,21.58,36.23,0.76,0.73,76.58
2022-09-20,PHU BAI,16.402,107.703,2.54,27.87,31.0,25.77,24.03,28.35,80.25,19.04,98.82,2.6,88.4,21.74,36.06,0.76,0.72,81.96
2022-09-21,PHU BAI,16.402,107.703,4.59,27.09,29.59,25.3,24.01,27.55,83.61,19.01,98.86,2.65,94.9,15.12,37.03,0.77,0.73,97.63
2022-09-22,PHU BAI,16.402,107.703,38.93,26.18,27.12,25.16,24.47,26.59,90.3,19.53,98.88,3.87,78.5,7.14,36.62,0.87,0.76,99.77
2022-09-23,PHU BAI,16.402,107.703,13.35,26.03,27.32,24.93,24.01,26.6,88.61,18.99,98.92,2.63,89.5,6.01,36.46,0.83,0.79,99.77
2022-09-24,PHU BAI,16.402,107.703,26.13,26.25,27.43,25.12,24.07,26.64,87.99,19.08,98.85,2.43,77.4,7.23,36.86,0.86,0.79,99.35
2022-09-25,PHU BAI,16.402,107.703,25.12,26.42,28.11,25.35,24.1,26.72,87.19,19.08,98.97,3.26,86.4,8.15,36.77,0.88,0.82,93.22
2022-09-26,PHU BAI,16.402,107.703,9.64,25.98,27.56,24.33,23.5,26.11,86.26,18.42,98.91,2.89,347.9,8.75,36.24,0.85,0.81,99.26
2022-09-27,PHU BAI,16.402,107.703,61.17,26.47,27.7,25.52,24.76,26.66,90.37,20.04,98.14,10.46,343.7,3.31,36.75,0.89,0.81,99.27
2022-09-28,PHU BAI,16.402,107.703,52.44,26.31,27.48,25.01,24.59,26.27,90.25,19.87,97.92,8.68,89.8,11.72,36.61,0.91,0.86,99.47
2022-09-29,PHU BAI,16.402,107.703,9.96,26.6,29.03,24.88,23.92,26.56,85.61,18.95,98.64,3.49,116.9,12.65,36.82,0.86,0.83,99.51
2022-09-30,PHU BAI,16.402,107.703,8.58,26.95,29.71,25.48,24.65,27.06,87.65,19.77,98.85,3.32,104.8,16.4,37.05,0.85,0.82,92.48
2022-10-01,PHU BAI,16.402,107.703,21.61,27.0,29.87,25.3,24.49,27.13,86.88,19.57,98.98,2.94,119.0,14.84,36.59,0.88,0.83,98.51
2022-10-02,PHU BAI,16.402,107.703,17.5,25.98,27.65,24.58,24.27,26.12,90.3,19.27,99.04,3.89,105.6,16.68,36.16,0.89,0.85,96.35
2022-10-03,PHU BAI,16.402,107.703,2.01,25.91,27.95,24.32,23.96,26.26,89.12,18.89,99.19,3.04,94.8,18.26,35.81,0.85,0.84,56.8
2022-10-04,PHU BAI,16.402,107.703,4.23,25.96,27.55,24.54,23.79,26.15,87.86,18.67,99.31,2.12,75.7,14.9,36.03,0.85,0.83,86.9
2022-10-05,PHU BAI,16.402,107.703,13.21,26.04,28.06,24.8,23.7,26.25,87.12,18.56,99.31,1.62,80.4,16.17,36.39,0.86,0.83,87.21
2022-10-06,PHU BAI,16.402,107.703,12.93,26.13,28.3,24.67,24.11,26.27,88.72,19.04,99.31,2.03,66.7,8.48,36.45,0.88,0.85,78.6
2022-10-07,PHU BAI,16.402,107.703,9.8,25.75,28.19,23.81,23.45,26.16,87.24,18.3,99.31,2.26,67.8,16.72,35.88,0.87,0.85,89.24
2022-10-08,PHU BAI,16.402,107.703,30.93,26.42,28.73,25.19,24.03,26.77,87.02,18.93,99.34,2.52,66.9,13.94,36.33,0.9,0.86,99.01
2022-10-09,PHU BAI,16.402,107.703,108.08,26.24,27.14,25.31,24.68,26.17,91.02,19.65,99.51,4.79,51.1,7.22,37.09,0.98,0.91,98.66
2022-10-10,PHU BAI,16.402,107.703,62.61,24.42,25.64,23.31,22.46,24.63,88.77,17.16,99.63,6.29,27.0,6.61,35.99,0.97,0.95,99.63
2022-10-11,PHU BAI,16.402,107.703,7.22,24.41,26.41,22.8,21.5,24.67,83.99,16.17,99.52,4.37,20.0,7.5,36.65,0.92,0.94,92.17
2022-10-12,PHU BAI,16.402,107.703,1.33,24.07,26.51,22.45,20.52,24.25,80.7,15.28,99.42,4.1,16.5,5.67,35.89,0.9,0.92,91.04
2022-10-13,PHU BAI,16.402,107.703,34.81,24.13,26.45,22.46,20.32,24.35,79.35,15.08,99.23,4.88,1.9,9.78,35.11,0.91,0.92,98.5
2022-10-14,PHU BAI,16.402,107.703,346.02,24.55,25.79,23.09,23.43,24.86,93.41,18.42,98.77,7.89,14.1,2.22,36.03,1.0,0.97,98.77
2022-10-15,PHU BAI,16.402,107.703,94.07,25.67,26.33,24.85,24.34,25.57,92.29,19.39,98.91,6.81,66.4,6.1,37.1,0.98,1.0,97.27
2022-10-16,PHU BAI,16.402,107.703,2.55,24.27,27.23,21.85,20.42,23.96,79.21,15.21,99.3,4.73,1.3,9.88,34.58,0.95,0.99,80.75
2022-10-17,PHU BAI,16.402,107.703,0.05,24.42,27.2,22.66,20.39,24.08,78.39,15.17,99.26,5.58,348.8,12.9,35.26,0.94,0.97,96.81
2022-10-18,PHU BAI,16.402,107.703,16.71,24.0,26.78,22.01,20.43,24.12,80.81,15.18,99.26,6.83,354.6,12.37,35.73,0.94,0.97,98.57
2022-10-19,PHU BAI,16.402,107.703,22.44,21.96,22.7,21.4,20.38,22.79,90.84,15.15,99.27,6.91,335.0,4.16,35.13,0.96,0.98,86.16
2022-10-20,PHU BAI,16.402,107.703,4.09,22.31,25.22,20.4,20.65,23.46,90.6,15.42,99.44,5.18,304.6,5.21,35.22,0.94,0.97,87.16
2022-10-21,PHU BAI,16.402,107.703,32.11,25.31,27.51,22.06,23.75,25.85,91.2,18.6,99.48,3.53,12.8,8.69,36.92,0.95,0.97,97.41
2022-10-22,PHU BAI,16.402,107.703,20.57,24.24,25.6,23.11,22.1,24.17,87.76,16.81,99.53,4.3,29.2,5.16,36.08,0.96,0.99,97.71
2022-10-23,PHU BAI,16.402,107.703,0.22,24.97,27.33,23.12,21.58,24.65,81.49,16.3,99.45,2.33,9.5,12.8,35.72,0.94,0.97,81.07
2022-10-24,PHU BAI,16.402,107.703,47.28,24.59,26.06,23.5,22.28,24.81,87.34,17.04,99.33,2.87,18.7,11.16,36.04,0.96,0.97,83.3
2022-10-25,PHU BAI,16.402,107.703,60.35,25.31,26.16,24.68,24.25,25.16,93.72,19.18,99.34,5.82,75.5,3.29,36.69,0.98,1.0,99.32
2022-10-26,PHU BAI,16.402,107.703,10.35,24.78,26.69,23.16,23.02,24.73,89.92,17.81,99.37,4.95,78.9,13.96,36.13,0.96,0.99,89.17
2022-10-27,PHU BAI,16.402,107.703,3.05,24.4,26.82,22.14,22.02,24.55,86.66,16.74,99.39,4.05,75.7,12.03,35.19,0.95,0.98,98.23
2022-10-28,PHU BAI,16.402,107.703,0.93,23.83,25.95,22.0,21.55,24.01,87.14,16.26,99.38,4.58,59.9,14.66,34.61,0.94,0.98,98.61
2022-10-29,PHU BAI,16.402,107.703,1.44,24.03,25.83,22.81,21.78,24.03,87.28,16.5,99.3,5.11,32.2,9.0,35.4,0.94,0.97,99.06
2022-10-30,PHU BAI,16.402,107.703,0.2,23.76,26.04,22.43,21.23,23.8,85.79,15.96,99.26,5.38,2.3,9.17,34.67,0.93,0.96,98.81
2022-10-31,PHU BAI,16.402,107.703,0.16,23.19,25.42,21.85,19.75,23.09,80.91,14.56,99.33,7.02,350.3,13.8,34.22,0.92,0.96,96.79
2022-11-01,PHU BAI,16.402,107.703,0.13,22.28,24.57,20.39,18.58,22.07,79.62,13.53,99.31,5.12,345.0,11.43,33.53,0.92,0.95,93.8
2022-11-02,PHU BAI,16.402,107.703,0.0,22.46,25.84,18.85,17.25,21.88,72.8,12.46,99.25,3.27,332.1,19.3,31.72,0.91,0.94,71.6
2022-11-03,PHU BAI,16.402,107.703,0.03,22.56,25.64,20.84,18.22,22.27,76.76,13.2,99.43,2.69,339.3,20.26,32.03,0.91,0.93,23.59
2022-11-04,PHU BAI,16.402,107.703,0.27,23.27,25.77,21.71,20.8,23.63,86.22,15.48,99.62,3.38,25.0,17.14,34.31,0.9,0.93,43.02
2022-11-05,PHU BAI,16.402,107.703,0.16,23.65,25.75,22.0,21.47,23.98,87.67,16.12,99.71,3.79,24.2,11.97,35.56,0.9,0.92,75.08
2022-11-06,PHU BAI,16.402,107.703,0.08,23.27,25.84,21.27,20.73,23.55,85.71,15.41,99.64,3.83,14.7,12.5,34.65,0.9,0.92,58.33
2022-11-07,PHU BAI,16.402,107.703,0.02,22.88,25.39,21.02,20.31,23.35,85.58,15.02,99.59,3.32,1.7,15.15,33.26,0.89,0.91,35.96
2022-11-08,PHU BAI,16.402,107.703,0.09,23.58,26.22,22.1,21.74,24.01,89.68,16.43,99.52,3.92,17.2,13.41,35.47,0.89,0.9,81.53
2022-11-09,PHU BAI,16.402,107.703,2.92,24.6,27.03,23.16,23.03,24.88,91.12,17.78,99.49,3.76,39.4,10.57,35.88,0.89,0.9,65.79
2022-11-10,PHU BAI,16.402,107.703,3.63,24.6,27.11,22.93,22.91,24.8,90.49,17.67,99.45,3.5,64.1,10.51,35.59,0.89,0.9,58.34
2022-11-11,PHU BAI,16.402,107.703,3.13,24.47,27.02,22.31,22.26,24.59,87.54,16.99,99.45,3.55,71.8,15.95,34.37,0.89,0.9,56.02
2022-11-12,PHU BAI,16.402,107.703,6.61,24.45,26.33,23.5,22.87,24.67,91.02,17.63,99.35,3.84,49.5,9.69,35.73,0.89,0.9,83.16
2022-11-13,PHU BAI,16.402,107.703,9.77,25.17,27.27,23.8,23.84,25.23,92.44,18.71,99.36,4.22,75.8,12.09,36.07,0.9,0.9,67.76
2022-11-14,PHU BAI,16.402,107.703,4.28,25.33,27.58,23.76,23.88,25.5,91.84,18.76,99.35,3.92,78.7,14.05,36.18,0.89,0.9,59.24
2022-11-15,PHU BAI,16.402,107.703,4.78,25.06,27.53,23.29,23.44,25.25,90.85,18.28,99.28,3.43,76.0,14.92,35.26,0.89,0.9,33.81
2022-11-16,PHU BAI,16.402,107.703,1.8,25.11,27.77,23.44,23.33,25.38,90.12,18.17,99.19,3.08,90.6,15.45,35.23,0.88,0.89,32.31
2022-11-17,PHU BAI,16.402,107.703,2.23,25.31,27.73,23.52,23.54,25.42,90.07,18.4,99.21,3.43,89.1,12.17,35.94,0.88,0.89,55.98
2022-11-18,PHU BAI,16.402,107.703,2.77,25.23,27.97,23.22,23.32,25.2,89.46,18.14,99.31,3.25,80.4,17.49,35.16,0.88,0.88,68.72
2022-11-19,PHU BAI,16.402,107.703,21.84,25.17,26.68,24.14,23.86,25.16,92.47,18.75,99.21,4.51,58.5,12.59,35.9,0.91,0.89,97.92
2022-11-20,PHU BAI,16.402,107.703,34.57,25.28,27.14,24.16,23.8,25.23,91.56,18.72,99.04,5.41,60.5,10.47,36.12,0.93,0.91,95.87
2022-11-21,PHU BAI,16.402,107.703,45.9,24.63,26.04,23.68,23.53,24.62,93.65,18.45,98.91,3.98,18.0,5.14,36.13,0.96,0.95,99.49
2022-11-22,PHU BAI,16.402,107.703,24.66,25.27,27.73,23.82,23.96,25.29,92.6,18.94,98.96,3.3,97.8,11.73,36.55,0.94,0.96,97.93
2022-11-23,PHU BAI,16.402,107.703,10.53,25.41,27.34,24.13,24.2,25.48,93.1,19.17,99.1,3.31,94.0,10.68,36.48,0.93,0.95,94.9
2022-11-24,PHU BAI,16.402,107.703,27.71,25.45,27.94,23.53,23.99,25.47,91.83,18.91,99.26,3.72,107.2,14.52,35.82,0.94,0.96,94.72
2022-11-25,PHU BAI,16.402,107.703,3.05,25.51,27.68,24.12,24.03,25.55,91.7,18.94,99.32,3.45,102.3,15.98,36.04,0.93,0.96,60.23
2022-11-26,PHU BAI,16.402,107.703,4.09,25.16,27.44,23.22,23.64,25.33,91.37,18.54,99.18,3.57,114.8,11.48,36.17,0.93,0.95,85.18
2022-11-27,PHU BAI,16.402,107.703,0.13,25.73,29.06,23.45,23.3,25.73,86.86,18.19,99.03,2.94,134.3,16.69,35.87,0.92,0.95,61.94
2022-11-28,PHU BAI,16.402,107.703,0.01,26.21,29.56,24.23,23.92,26.23,87.74,18.85,99.14,2.33,123.5,17.45,35.69,0.91,0.94,23.99
2022-11-29,PHU BAI,16.402,107.703,0.0,25.61,28.9,22.5,23.76,25.6,89.86,18.68,99.22,2.66,116.8,18.26,34.43,0.91,0.94,15.97
2022-11-30,PHU BAI,16.402,107.703,0.83,25.68,28.3,24.14,23.72,25.79,89.24,18.58,99.38,3.59,88.4,17.3,35.2,0.9,0.93,38.82
2022-12-01,PHU BAI,16.402,107.703,38.58,24.15,27.14,22.01,22.55,24.57,90.72,17.31,99.48,6.79,35.5,12.93,35.45,0.94,0.94,81.48
2022-12-02,PHU BAI,16.402,107.703,59.4,22.02,23.05,21.31,20.47,22.73,90.83,15.18,99.52,6.25,27.8,3.6,34.97,0.97,0.97,99.58
2022-12-03,PHU BAI,16.402,107.703,34.21,23.15,24.16,22.64,21.76,23.63,91.83,16.44,99.47,4.68,35.7,4.99,35.76,0.96,0.99,93.34
2022-12-04,PHU BAI,16.402,107.703,28.8,23.96,25.63,22.88,22.37,24.21,90.77,17.05,99.57,5.4,41.7,8.28,36.01,0.96,0.98,93.1
2022-12-05,PHU BAI,16.402,107.703,39.79,21.99,23.86,20.82,20.3,22.54,90.07,15.01,99.69,6.42,26.9,3.64,34.9,0.97,0.99,87.62
2022-12-06,PHU BAI,16.402,107.703,14.79,21.56,22.96,20.92,19.67,22.15,88.96,14.43,99.59,4.54,44.0,3.94,34.15,0.96,0.99,80.39
2022-12-07,PHU BAI,16.402,107.703,9.42,22.79,23.92,22.19,21.21,23.11,90.79,15.89,99.51,5.42,37.4,5.26,35.63,0.96,0.98,92.47
2022-12-08,PHU BAI,16.402,107.703,15.2,23.24,25.16,21.88,21.62,23.32,90.56,16.31,99.47,5.06,54.7,5.65,35.67,0.96,0.98,93.42
2022-12-09,PHU BAI,16.402,107.703,14.9,22.49,24.81,20.66,20.45,22.61,88.3,15.19,99.42,4.01,63.8,4.57,35.33,0.96,0.98,95.49
2022-12-10,PHU BAI,16.402,107.703,14.8,22.01,24.34,20.52,20.25,22.57,89.77,14.99,99.45,3.42,49.7,11.82,34.53,0.96,0.98,81.49
2022-12-11,PHU BAI,16.402,107.703,4.51,21.09,22.91,19.82,18.9,21.46,87.21,13.76,99.57,4.5,31.5,6.68,34.78,0.95,0.98,91.93
2022-12-12,PHU BAI,16.402,107.703,1.08,19.74,21.88,17.94,16.51,20.03,81.54,11.81,99.78,5.61,15.2,7.04,33.56,0.94,0.97,82.42
2022-12-13,PHU BAI,16.402,107.703,0.1,18.87,21.44,17.01,15.22,19.25,79.53,10.86,99.81,4.51,15.4,10.67,32.0,0.94,0.97,62.15
2022-12-14,PHU BAI,16.402,107.703,0.14,19.18,21.39,17.76,15.72,19.56,80.43,11.21,99.82,4.34,10.3,6.28,33.67,0.93,0.96,86.54
2022-12-15,PHU BAI,16.402,107.703,0.02,20.02,22.16,18.95,16.87,20.12,82.07,12.11,99.48,2.48,26.3,4.48,33.82,0.93,0.96,72.94
2022-12-16,PHU BAI,16.402,107.703,21.01,21.82,23.73,20.2,20.07,22.13,89.91,14.81,99.56,4.32,25.1,5.76,34.66,0.94,0.96,77.07
2022-12-17,PHU BAI,16.402,107.703,41.89,17.96,21.01,16.08,15.86,18.8,87.42,11.32,100.24,8.96,21.1,2.86,33.28,0.97,0.98,99.58
2022-12-18,PHU BAI,16.402,107.703,3.33,16.59,17.06,16.16,13.9,17.59,84.11,9.93,100.06,4.8,37.2,2.72,32.77,0.94,0.98,99.36
2022-12-19,PHU BAI,16.402,107.703,0.37,17.86,18.84,16.98,15.43,18.52,85.8,11.03,99.66,3.58,44.2,4.24,33.66,0.94,0.97,96.19
2022-12-20,PHU BAI,16.402,107.703,8.51,21.04,22.55,20.0,19.52,21.27,91.07,14.31,99.47,4.1,38.7,7.08,34.47,0.94,0.96,87.28
2022-12-21,PHU BAI,16.402,107.703,9.23,19.47,21.89,17.96,17.01,19.55,85.66,12.26,99.57,5.03,11.6,3.74,34.5,0.95,0.97,96.6
2022-12-22,PHU BAI,16.402,107.703,0.01,19.64,21.32,18.11,15.64,19.14,77.66,11.2,99.54,3.06,14.7,8.82,33.27,0.93,0.96,89.42
2022-12-23,PHU BAI,16.402,107.703,0.96,19.59,21.84,18.19,16.4,19.73,81.91,11.73,99.68,3.58,67.8,8.22,33.54,0.93,0.96,85.34
2022-12-24,PHU BAI,16.402,107.703,3.4,19.54,22.03,17.69,16.33,19.37,81.83,11.67,99.82,4.74,69.5,11.76,32.41,0.93,0.95,78.14
2022-12-25,PHU BAI,16.402,107.703,1.68,19.54,22.16,17.88,16.38,19.48,82.15,11.69,99.91,3.84,78.4,15.05,31.43,0.92,0.95,44.5
2022-12-26,PHU BAI,16.402,107.703,2.51,20.17,22.8,18.27,17.48,20.31,84.67,12.52,99.96,4.14,75.6,13.42,32.67,0.92,0.95,85.04
2022-12-27,PHU BAI,16.402,107.703,3.23,20.14,22.56,18.64,17.67,20.15,85.82,12.69,99.89,4.12,76.1,11.76,32.75,0.92,0.94,64.16
2022-12-28,PHU BAI,16.402,107.703,9.7,21.21,22.94,20.43,19.42,21.22,89.54,14.15,99.9,5.35,47.3,8.02,34.71,0.92,0.94,95.81
2022-12-29,PHU BAI,16.402,107.703,12.35,19.86,21.55,18.44,18.2,20.16,90.05,13.08,100.13,6.62,26.9,2.84,34.53,0.93,0.95,99.08
2022-12-30,PHU BAI,16.402,107.703,6.82,18.54,20.27,17.5,16.38,19.01,87.26,11.64,100.21,4.75,32.8,2.88,33.94,0.92,0.95,98.37
2022-12-31,PHU BAI,16.402,107.703,2.08,18.54,20.12,17.5,15.97,18.93,85.08,11.34,100.15,4.27,31.0,5.93,33.52,0.92,0.94,95.46
2023-01-01,PHU BAI,16.402,107.703,2.27,18.93,20.58,18.11,17.19,19.54,89.65,12.27,100.07,4.35,23.4,3.57,33.05,0.91,0.94,85.74
2023-01-02,PHU BAI,16.402,107.703,4.98,19.51,21.06,18.83,17.96,20.07,90.7,12.88,100.1,4.91,8.6,3.9,33.77,0.91,0.94,86.31
2023-01-03,PHU BAI,16.402,107.703,5.66,19.48,21.17,18.64,17.84,20.0,90.21,12.79,100.05,4.64,22.8,3.59,33.74,0.92,0.94,97.43
2023-01-04,PHU BAI,16.402,107.703,5.4,20.37,21.9,19.7,18.83,20.75,90.88,13.63,99.95,4.78,40.0,5.28,34.17,0.92,0.94,97.43
2023-01-05,PHU BAI,16.402,107.703,4.49,20.88,22.81,19.61,19.25,20.93,90.3,13.99,100.02,5.24,48.2,5.92,34.06,0.91,0.94,99.41
2023-01-06,PHU BAI,16.402,107.703,5.03,19.57,21.14,18.23,17.17,19.56,85.93,12.26,100.06,5.67,25.2,8.05,33.81,0.91,0.94,98.24
2023-01-07,PHU BAI,16.402,107.703,5.51,19.58,21.45,18.42,16.87,19.65,84.57,12.06,99.78,3.37,30.7,3.34,33.73,0.91,0.94,99.28
2023-01-08,PHU BAI,16.402,107.703,3.67,20.62,21.96,19.91,19.47,20.87,93.12,14.23,99.7,3.99,4.2,3.89,34.78,0.91,0.93,98.44
2023-01-09,PHU BAI,16.402,107.703,2.41,21.35,23.1,20.37,20.51,21.5,94.92,15.2,99.68,4.18,6.6,4.21,34.9,0.91,0.93,89.62
2023-01-10,PHU BAI,16.402,107.703,1.46,21.71,24.42,20.0,20.71,21.96,94.06,15.42,99.54,3.63,8.3,3.91,35.5,0.91,0.93,97.27
2023-01-11,PHU BAI,16.402,107.703,3.04,21.85,24.49,20.33,20.7,22.06,93.25,15.42,99.38,2.84,31.3,7.12,34.96,0.91,0.93,84.92
2023-01-12,PHU BAI,16.402,107.703,3.82,22.53,26.46,20.62,20.82,22.68,90.36,15.57,99.24,2.32,87.0,5.97,35.21,0.9,0.93,89.54
2023-01-13,PHU BAI,16.402,107.703,0.05,23.92,27.91,20.0,21.34,23.17,85.92,16.12,99.1,2.37,248.2,17.47,32.98,0.9,0.92,13.63
2023-01-14,PHU BAI,16.402,107.703,0.0,24.27,28.61,20.61,19.51,22.6,75.48,14.41,98.99,2.05,244.2,20.23,31.52,0.89,0.91,4.66
2023-01-15,PHU BAI,16.402,107.703,1.85,22.22,27.57,19.38,19.35,22.31,84.7,14.22,99.38,4.94,345.0,19.64,33.01,0.89,0.91,40.27
2023-01-16,PHU BAI,16.402,107.703,2.61,18.56,20.2,17.61,16.73,19.12,89.04,11.94,99.87,4.81,18.7,4.01,33.23,0.89,0.91,88.07
2023-01-17,PHU BAI,16.402,107.703,4.57,19.1,21.18,18.09,17.07,19.66,87.98,12.18,100.04,5.41,31.0,6.7,33.83,0.89,0.9,98.37
2023-01-18,PHU BAI,16.402,107.703,3.78,17.84,19.3,16.86,15.79,18.35,87.86,11.22,100.08,4.03,36.6,4.89,32.96,0.89,0.91,98.17
2023-01-19,PHU BAI,16.402,107.703,1.04,18.69,21.26,16.86,16.45,19.27,86.86,11.74,99.95,3.69,43.2,8.45,33.95,0.89,0.9,98.23
2023-01-20,PHU BAI,16.402,107.703,0.42,19.02,21.73,17.55,16.57,19.38,85.71,11.83,99.9,3.36,38.0,8.06,33.23,0.88,0.9,98.56
2023-01-21,PHU BAI,16.402,107.703,0.29,20.15,22.72,18.71,18.45,20.32,90.24,13.37,99.58,2.75,72.3,6.37,34.05,0.88,0.89,89.19
2023-01-22,PHU BAI,16.402,107.703,0.09,21.58,24.78,19.68,20.37,21.64,92.98,15.1,99.4,2.98,82.8,17.07,34.46,0.88,0.89,74.37
2023-01-23,PHU BAI,16.402,107.703,16.84,22.21,24.83,20.37,20.95,22.32,92.67,15.64,99.51,4.83,51.6,11.35,35.66,0.89,0.89,94.21
2023-01-24,PHU BAI,16.402,107.703,33.28,17.69,20.11,16.15,15.75,18.29,88.32,11.22,100.08,7.62,21.7,4.13,33.23,0.94,0.92,98.8
2023-01-25,PHU BAI,16.402,107.703,7.1,17.3,18.98,16.54,14.72,17.7,84.84,10.51,99.76,3.1,43.9,6.07,32.18,0.91,0.93,84.42
2023-01-26,PHU BAI,16.402,107.703,3.27,20.09,22.6,18.81,18.19,20.41,89.07,13.15,99.59,3.96,66.6,11.74,34.47,0.9,0.91,89.47
2023-01-27,PHU BAI,16.402,107.703,25.72,18.59,21.76,16.48,16.78,19.1,89.13,12.02,99.94,7.92,19.8,6.45,33.74,0.93,0.92,98.88
2023-01-28,PHU BAI,16.402,107.703,10.43,16.27,17.16,15.58,13.75,16.82,84.95,9.84,100.03,5.44,25.0,3.61,33.09,0.92,0.93,98.63
2023-01-29,PHU BAI,16.402,107.703,0.29,15.94,17.85,14.55,11.71,15.88,76.19,8.61,100.11,4.32,25.6,4.28,32.02,0.9,0.93,82.93
2023-01-30,PHU BAI,16.402,107.703,0.0,16.11,19.03,13.59,11.4,16.22,73.88,8.46,99.85,2.71,52.3,8.19,30.29,0.9,0.92,49.83
2023-01-31,PHU BAI,16.402,107.703,0.01,18.66,21.68,16.33,16.78,18.83,89.39,12.09,99.42,2.7,108.5,20.24,31.05,0.89,0.91,36.37
2023-02-01,PHU BAI,16.402,107.703,0.12,20.94,24.62,18.75,19.52,20.99,92.02,14.36,99.32,2.8,113.7,20.28,32.66,0.89,0.91,36.29
2023-02-02,PHU BAI,16.402,107.703,2.8,22.56,25.4,20.62,21.52,22.46,93.94,16.23,99.45,3.73,92.4,8.05,35.15,0.89,0.91,71.11
2023-02-03,PHU BAI,16.402,107.703,1.72,22.2,25.16,20.22,20.91,22.01,92.66,15.62,99.44,3.75,109.2,15.37,34.08,0.89,0.9,47.29
2023-02-04,PHU BAI,16.402,107.703,1.23,22.64,26.1,20.58,21.19,22.47,91.79,15.91,99.28,3.62,111.5,15.81,34.37,0.88,0.9,50.57
2023-02-05,PHU BAI,16.402,107.703,0.03,23.13,26.72,21.18,21.49,23.05,90.81,16.22,99.24,3.47,114.3,17.27,34.9,0.88,0.89,49.51
2023-02-06,PHU BAI,16.402,107.703,0.0,22.66,25.77,20.81,21.13,22.26,91.3,15.88,99.16,2.89,124.3,15.94,34.29,0.88,0.89,32.34
2023-02-07,PHU BAI,16.402,107.703,0.0,23.52,27.01,21.16,22.0,23.34,91.57,16.74,99.24,3.29,112.4,14.01,35.53,0.87,0.88,63.73
2023-02-08,PHU BAI,16.402,107.703,0.01,23.13,27.08,20.35,21.59,22.83,91.47,16.34,99.22,4.11,119.8,16.31,34.31,0.87,0.87,42.25
2023-02-09,PHU BAI,16.402,107.703,0.01,23.46,27.53,20.88,21.72,23.26,90.52,16.47,99.22,3.45,116.1,18.35,35.16,0.87,0.87,53.35
2023-02-10,PHU BAI,16.402,107.703,0.0,23.66,27.31,21.15,21.84,23.47,89.93,16.6,99.22,3.69,124.0,18.75,34.55,0.86,0.86,28.31
2023-02-11,PHU BAI,16.402,107.703,0.0,24.71,28.7,21.81,21.91,24.31,85.07,16.69,99.1,2.8,134.9,20.11,33.9,0.86,0.86,18.7
2023-02-12,PHU BAI,16.402,107.703,0.0,25.94,30.72,22.7,22.2,24.95,80.76,16.98,99.1,2.18,153.3,19.44,34.55,0.85,0.85,27.01
2023-02-13,PHU BAI,16.402,107.703,1.19,25.33,30.31,22.22,22.75,24.7,86.66,17.54,99.2,2.05,66.3,18.54,34.57,0.85,0.84,65.99
2023-02-14,PHU BAI,16.402,107.703,29.35,21.52,25.13,19.42,20.18,21.75,92.09,14.97,99.59,6.14,14.9,7.23,35.27,0.91,0.86,97.67
2023-02-15,PHU BAI,16.402,107.703,37.65,21.31,22.75,20.15,19.87,21.32,91.39,14.57,99.86,6.76,52.9,3.99,35.31,0.94,0.9,98.88
2023-02-16,PHU BAI,16.402,107.703,7.38,20.74,22.84,19.05,18.63,20.77,87.78,13.47,99.96,5.22,64.6,7.33,34.63,0.89,0.9,91.26
2023-02-17,PHU BAI,16.402,107.703,0.48,20.74,23.33,19.23,18.74,20.95,88.55,13.58,99.76,3.67,49.6,7.93,34.52,0.88,0.89,88.7
2023-02-18,PHU BAI,16.402,107.703,1.22,21.75,24.89,19.73,19.86,21.88,89.27,14.6,99.6,3.11,68.7,15.85,34.69,0.87,0.88,81.88
2023-02-19,PHU BAI,16.402,107.703,5.87,21.39,24.05,19.67,19.54,21.57,89.44,14.29,99.71,3.7,21.0,11.68,34.52,0.88,0.87,90.32
2023-02-20,PHU BAI,16.402,107.703,1.73,21.12,23.94,18.8,19.04,21.27,88.22,13.85,99.75,3.43,56.1,5.39,34.6,0.87,0.87,89.41
2023-02-21,PHU BAI,16.402,107.703,0.56,20.84,23.7,18.83,18.24,20.81,85.17,13.17,99.87,4.4,77.4,9.62,34.19,0.86,0.87,80.29
2023-02-22,PHU BAI,16.402,107.703,1.98,20.81,23.71,18.78,18.49,20.79,86.78,13.38,99.76,4.24,75.8,12.88,34.02,0.86,0.86,80.42
2023-02-23,PHU BAI,16.402,107.703,1.12,20.04,23.89,16.65,17.95,19.93,88.41,12.98,99.62,3.15,94.8,18.46,31.67,0.86,0.86,39.89
2023-02-24,PHU BAI,16.402,107.703,4.0,20.71,23.54,19.11,18.49,21.05,87.44,13.35,99.92,4.33,44.1,17.71,33.7,0.86,0.85,72.7
2023-02-25,PHU BAI,16.402,107.703,6.55,19.67,21.99,18.16,17.09,19.8,85.22,12.16,100.34,6.14,34.9,5.48,34.24,0.87,0.86,97.67
2023-02-26,PHU BAI,16.402,107.703,3.3,18.58,20.35,17.49,15.95,18.84,84.76,11.3,100.41,5.43,45.5,11.48,33.75,0.86,0.86,95.35
2023-02-27,PHU BAI,16.402,107.703,4.05,19.55,21.78,18.52,17.47,19.96,87.91,12.48,100.19,4.56,43.3,5.17,34.27,0.86,0.85,97.84
2023-02-28,PHU BAI,16.402,107.703,1.81,20.28,22.97,18.25,18.62,20.46,90.45,13.45,100.01,3.86,62.3,6.53,34.38,0.86,0.85,89.7
2023-03-01,PHU BAI,16.402,107.703,0.33,20.4,23.61,18.23,18.62,20.49,89.83,13.44,100.07,3.54,62.8,14.82,33.85,0.85,0.85,72.0
2023-03-02,PHU BAI,16.402,107.703,0.13,19.84,23.28,17.24,17.64,19.7,87.59,12.64,100.13,3.44,68.6,11.67,32.14,0.85,0.84,50.55
2023-03-03,PHU BAI,16.402,107.703,0.18,20.71,23.65,18.78,18.59,20.72,88.28,13.4,100.2,3.82,70.5,19.43,32.22,0.85,0.84,41.18
2023-03-04,PHU BAI,16.402,107.703,0.31,20.47,23.37,18.47,18.03,20.55,86.17,12.93,100.21,3.89,75.6,17.54,32.2,0.84,0.83,40.2
2023-03-05,PHU BAI,16.402,107.703,0.23,20.08,22.93,17.84,17.63,20.03,86.23,12.63,100.07,3.59,76.6,12.6,33.05,0.84,0.83,61.18
2023-03-06,PHU BAI,16.402,107.703,0.1,19.9,23.63,17.07,17.52,19.88,87.01,12.57,99.89,3.36,99.7,20.44,30.85,0.84,0.82,23.6
2023-03-07,PHU BAI,16.402,107.703,0.03,19.7,24.17,15.33,17.02,19.74,85.57,12.24,99.83,3.32,119.9,19.09,30.78,0.83,0.82,28.04
2023-03-08,PHU BAI,16.402,107.703,0.01,20.77,24.57,18.52,18.22,20.56,85.9,13.16,99.79,2.69,100.1,22.75,32.13,0.83,0.81,32.96
2023-03-09,PHU BAI,16.402,107.703,0.02,20.64,23.98,17.03,18.81,20.61,89.57,13.67,99.77,2.46,70.3,11.78,33.06,0.83,0.81,53.06
2023-03-10,PHU BAI,16.402,107.703,0.0,20.42,24.66,17.02,18.4,20.67,88.63,13.35,99.58,3.3,117.6,22.42,31.22,0.82,0.8,17.38
2023-03-11,PHU BAI,16.402,107.703,0.09,21.16,25.12,18.68,18.93,21.02,87.77,13.79,99.66,2.87,98.6,19.81,32.82,0.82,0.8,47.56
2023-03-12,PHU BAI,16.402,107.703,3.56,21.82,24.87,19.88,20.0,22.06,89.83,14.71,99.81,3.22,64.6,13.61,34.93,0.82,0.8,90.22
2023-03-13,PHU BAI,16.402,107.703,3.63,21.35,24.46,19.23,19.39,21.59,88.8,14.16,99.73,4.17,50.3,10.76,34.5,0.83,0.8,96.82
2023-03-14,PHU BAI,16.402,107.703,0.25,21.27,24.63,18.62,19.31,21.52,89.08,14.14,99.43,3.83,104.8,10.0,33.52,0.82,0.8,58.24
2023-03-15,PHU BAI,16.402,107.703,0.03,21.95,25.79,19.22,20.13,22.1,89.92,14.87,99.5,3.77,109.8,20.93,32.92,0.82,0.79,33.6
2023-03-16,PHU BAI,16.402,107.703,0.02,21.95,25.61,18.68,20.22,22.0,90.21,14.95,99.58,3.75,110.1,18.13,33.54,0.81,0.79,54.8
2023-03-17,PHU BAI,16.402,107.703,0.0,22.44,26.44,19.5,20.41,22.76,88.76,15.15,99.46,3.31,103.8,21.56,33.08,0.81,0.78,38.17
2023-03-18,PHU BAI,16.402,107.703,0.0,22.14,26.19,19.27,20.21,22.44,89.25,14.98,99.35,3.47,107.2,22.01,33.26,0.81,0.78,37.61
2023-03-19,PHU BAI,16.402,107.703,0.0,23.16,27.13,20.54,20.88,23.07,87.58,15.67,99.14,3.33,121.9,19.43,33.38,0.8,0.78,80.42
2023-03-20,PHU BAI,16.402,107.703,0.0,24.98,28.79,22.96,22.21,24.71,85.2,17.01,98.97,2.72,134.9,19.82,34.25,0.8,0.77,18.6
2023-03-21,PHU BAI,16.402,107.703,0.0,27.45,33.0,23.07,22.28,26.04,74.81,17.11,98.79,2.51,193.2,21.58,34.98,0.79,0.77,18.23
2023-03-22,PHU BAI,16.402,107.703,0.0,27.5,33.41,23.7,22.71,26.27,76.52,17.6,98.7,3.0,189.3,21.67,35.05,0.79,0.76,20.21
2023-03-23,PHU BAI,16.402,107.703,0.2,28.39,33.77,24.73,23.55,27.11,76.45,18.51,98.73,2.49,190.4,20.22,36.44,0.79,0.76,68.22
2023-03-24,PHU BAI,16.402,107.703,0.64,27.6,32.29,24.57,24.16,27.04,82.44,19.18,98.86,2.68,137.7,20.98,35.97,0.79,0.76,46.45
2023-03-25,PHU BAI,16.402,107.703,0.85,27.2,31.65,24.84,23.95,26.81,83.26,18.92,98.92,2.35,118.3,20.39,36.33,0.78,0.75,50.12
2023-03-26,PHU BAI,16.402,107.703,1.19,25.23,28.45,22.69,23.5,25.35,90.47,18.38,99.06,3.05,80.0,13.82,36.83,0.79,0.75,63.76
2023-03-27,PHU BAI,16.402,107.703,0.8,24.72,28.77,22.65,23.16,24.95,91.33,17.97,99.26,3.41,36.0,8.3,36.97,0.79,0.75,91.6
2023-03-28,PHU BAI,16.402,107.703,0.55,24.23,27.58,22.28,22.68,24.63,91.38,17.41,99.42,2.84,47.3,6.66,36.28,0.78,0.75,89.2
2023-03-29,PHU BAI,16.402,107.703,1.3,24.29,27.83,22.1,22.64,24.7,90.83,17.39,99.3,2.74,61.2,8.93,36.62,0.78,0.75,85.97
2023-03-30,PHU BAI,16.402,107.703,0.31,24.21,27.75,21.91,22.52,24.6,90.68,17.29,99.12,2.66,80.8,9.79,36.53,0.78,0.75,77.23
2023-03-31,PHU BAI,16.402,107.703,0.38,25.06,28.99,22.53,23.07,25.22,89.3,17.9,99.08,2.86,105.9,15.63,36.36,0.78,0.74,74.8
2023-04-01,PHU BAI,16.402,107.703,0.03,26.01,29.72,23.62,23.68,26.02,87.57,18.59,98.98,2.94,116.6,18.4,36.05,0.77,0.74,70.51
2023-04-02,PHU BAI,16.402,107.703,0.89,26.9,30.77,24.48,23.3,26.12,81.44,18.2,98.85,2.47,163.3,18.67,35.94,0.77,0.74,74.42
2023-04-03,PHU BAI,16.402,107.703,1.14,27.5,32.59,23.86,23.51,26.87,80.19,18.46,98.8,2.55,160.6,20.85,35.75,0.77,0.73,50.4
2023-04-04,PHU BAI,16.402,107.703,0.77,28.33,33.31,24.8,23.6,27.19,76.62,18.57,98.72,2.42,188.2,22.74,36.13,0.76,0.73,33.1
2023-04-05,PHU BAI,16.402,107.703,0.0,29.06,33.97,24.93,23.76,27.88,74.35,18.74,98.79,2.51,197.8,21.91,36.64,0.75,0.72,51.23
2023-04-06,PHU BAI,16.402,107.703,0.98,28.32,33.06,24.5,24.22,27.44,79.81,19.21,99.0,1.76,98.8,19.81,36.79,0.75,0.72,48.12
2023-04-07,PHU BAI,16.402,107.703,9.43,25.86,28.92,23.73,24.35,26.12,91.6,19.3,99.37,3.18,74.6,14.58,37.35,0.79,0.73,84.52
2023-04-08,PHU BAI,16.402,107.703,0.62,24.73,28.26,22.22,22.67,24.99,88.93,17.38,99.61,3.51,61.6,11.99,37.13,0.77,0.73,90.35
2023-04-09,PHU BAI,16.402,107.703,0.11,24.61,27.6,22.59,22.94,25.1,90.77,17.69,99.43,3.02,79.3,11.86,36.06,0.76,0.73,69.43
2023-04-10,PHU BAI,16.402,107.703,0.01,26.06,29.63,24.07,23.72,26.02,87.44,18.62,99.09,3.35,122.2,17.07,36.4,0.75,0.72,49.98
2023-04-11,PHU BAI,16.402,107.703,0.0,27.09,30.05,25.12,24.3,26.58,85.12,19.32,98.96,2.53,128.0,19.51,36.37,0.75,0.72,32.4
2023-04-12,PHU BAI,16.402,107.703,0.05,26.26,29.04,24.27,24.61,26.13,90.91,19.67,99.01,3.14,105.6,12.46,37.42,0.75,0.72,81.06
2023-04-13,PHU BAI,16.402,107.703,0.16,26.51,29.95,24.5,24.65,26.44,89.88,19.74,98.94,3.16,116.5,12.29,37.11,0.75,0.72,91.61
2023-04-14,PHU BAI,16.402,107.703,0.97,26.56,28.81,25.04,24.78,26.09,90.1,19.9,98.89,1.85,113.1,19.85,36.54,0.75,0.72,55.08
2023-04-15,PHU BAI,16.402,107.703,7.39,25.56,27.66,23.86,24.55,25.36,94.15,19.61,98.97,2.24,46.1,9.33,37.26,0.78,0.73,98.44
2023-04-16,PHU BAI,16.402,107.703,0.22,25.58,27.93,24.25,24.17,25.64,92.07,19.15,99.0,2.22,76.5,9.42,36.76,0.76,0.73,97.11
2023-04-17,PHU BAI,16.402,107.703,0.02,27.04,30.37,24.56,24.47,26.45,86.1,19.52,98.94,2.19,167.2,18.06,36.23,0.75,0.72,22.86
2023-04-18,PHU BAI,16.402,107.703,0.0,29.06,33.73,24.89,24.05,27.71,75.56,19.07,98.76,2.3,209.2,22.62,35.79,0.74,0.71,2.3
2023-04-19,PHU BAI,16.402,107.703,0.01,29.38,34.09,25.46,24.05,28.08,74.04,19.14,98.4,3.68,222.5,22.72,35.65,0.73,0.7,3.41
2023-04-20,PHU BAI,16.402,107.703,1.62,29.67,33.48,26.26,24.97,28.52,76.7,20.24,98.35,2.85,216.1,21.32,36.79,0.73,0.7,6.24
2023-04-21,PHU BAI,16.402,107.703,2.73,29.16,33.24,25.78,24.53,27.79,76.87,19.68,98.54,2.46,202.6,22.59,36.83,0.74,0.7,54.27
2023-04-22,PHU BAI,16.402,107.703,1.63,29.16,33.72,26.37,24.22,28.28,75.77,19.29,98.72,1.94,160.6,22.3,37.01,0.74,0.7,65.37
2023-04-23,PHU BAI,16.402,107.703,1.14,28.42,31.39,26.03,24.39,28.13,79.39,19.43,99.02,1.23,126.4,18.55,37.31,0.74,0.7,80.72
2023-04-24,PHU BAI,16.402,107.703,0.45,26.73,30.12,23.99,23.95,26.76,85.55,18.89,99.17,2.45,110.2,24.41,35.45,0.73,0.7,33.68
2023-04-25,PHU BAI,16.402,107.703,2.65,25.76,28.69,23.76,23.62,26.25,88.46,18.49,99.25,3.1,49.0,20.45,36.28,0.73,0.69,67.38
2023-04-26,PHU BAI,16.402,107.703,4.28,25.31,27.99,23.9,23.58,25.7,90.32,18.43,99.23,3.65,46.0,12.66,36.59,0.74,0.7,81.99
2023-04-27,PHU BAI,16.402,107.703,0.4,25.67,28.32,23.71,23.77,25.88,89.64,18.66,99.19,3.74,104.1,18.53,35.92,0.73,0.69,43.15
2023-04-28,PHU BAI,16.402,107.703,0.25,26.08,29.36,23.4,24.1,26.24,89.26,19.07,99.08,3.13,114.0,21.6,35.82,0.72,0.69,58.3
2023-04-29,PHU BAI,16.402,107.703,4.61,26.27,30.02,23.74,23.82,26.44,86.95,18.75,99.09,2.83,96.7,21.53,36.22,0.73,0.69,75.46
2023-04-30,PHU BAI,16.402,107.703,7.42,24.52,26.78,22.95,22.28,24.81,87.34,17.04,99.24,2.83,15.7,10.45,35.65,0.77,0.7,74.75
2023-05-01,PHU BAI,16.402,107.703,0.12,25.33,28.1,23.28,23.13,25.85,88.09,17.94,99.23,3.19,87.8,18.0,35.78,0.73,0.7,45.24
2023-05-02,PHU BAI,16.402,107.703,0.0,25.97,29.86,23.14,23.14,26.16,85.22,17.97,99.22,4.11,115.4,24.74,34.71,0.72,0.69,16.98
2023-05-03,PHU BAI,16.402,107.703,0.0,27.34,31.39,24.64,24.37,27.56,84.54,19.39,99.04,3.37,123.1,25.09,35.9,0.71,0.68,28.1
2023-05-04,PHU BAI,16.402,107.703,0.0,29.64,34.32,26.05,24.59,28.87,75.29,19.75,98.63,2.68,178.6,22.88,36.76,0.7,0.67,12.41
2023-05-05,PHU BAI,16.402,107.703,0.0,30.43,35.63,26.64,24.7,29.44,72.83,19.94,98.34,3.09,194.7,23.49,37.67,0.69,0.66,33.33
2023-05-06,PHU BAI,16.402,107.703,0.02,30.97,36.12,27.28,25.2,29.73,72.64,20.56,98.26,3.1,202.0,24.5,37.65,0.68,0.65,19.37
2023-05-07,PHU BAI,16.402,107.703,1.96,31.23,35.79,26.92,25.97,30.17,75.22,21.5,98.4,2.43,233.7,23.56,38.45,0.69,0.65,58.72
2023-05-08,PHU BAI,16.402,107.703,4.45,27.23,29.49,25.66,25.94,27.32,92.73,21.34,98.91,2.59,30.7,17.04,36.67,0.72,0.66,99.18
2023-05-09,PHU BAI,16.402,107.703,0.96,26.35,28.75,24.51,24.43,26.63,89.48,19.48,98.99,2.27,97.9,17.88,36.74,0.7,0.66,90.12
2023-05-10,PHU BAI,16.402,107.703,4.0,27.14,30.34,25.07,24.7,27.47,86.94,19.79,99.04,2.2,100.6,16.27,37.3,0.71,0.66,96.75
2023-05-11,PHU BAI,16.402,107.703,29.78,26.28,28.37,24.45,24.28,26.68,89.02,19.26,99.19,2.8,58.3,15.23,37.3,0.81,0.69,94.35
2023-05-12,PHU BAI,16.402,107.703,44.3,25.67,26.42,25.15,24.38,25.86,92.51,19.36,99.18,2.06,33.1,12.44,37.29,0.89,0.76,99.33
2023-05-13,PHU BAI,16.402,107.703,10.43,25.65,27.99,23.58,23.83,26.25,89.72,18.73,99.2,3.4,3.8,8.62,37.26,0.81,0.77,90.87
2023-05-14,PHU BAI,16.402,107.703,3.61,25.67,28.2,24.43,23.55,26.24,88.18,18.42,99.13,3.3,348.4,12.03,37.04,0.77,0.74,93.92
2023-05-15,PHU BAI,16.402,107.703,0.68,27.28,30.71,24.71,24.22,27.44,83.91,19.22,99.03,2.47,133.0,19.29,36.75,0.76,0.73,82.78
2023-05-16,PHU BAI,16.402,107.703,1.85,29.26,33.38,25.43,24.49,28.57,76.35,19.57,98.89,2.95,227.3,23.25,36.98,0.74,0.71,70.03
2023-05-17,PHU BAI,16.402,107.703,0.1,29.59,33.88,25.58,24.06,28.8,73.19,19.09,98.82,3.74,226.7,24.2,36.64,0.72,0.7,31.89
2023-05-18,PHU BAI,16.402,107.703,0.0,30.02,34.14,25.96,24.39,29.11,72.73,19.48,98.72,3.61,222.6,23.7,36.65,0.71,0.68,9.86
2023-05-19,PHU BAI,16.402,107.703,0.07,30.29,34.65,27.41,25.01,29.64,74.46,20.23,98.66,2.67,175.9,22.7,37.85,0.71,0.67,35.67
2023-05-20,PHU BAI,16.402,107.703,0.21,30.4,34.21,27.23,25.14,29.72,74.47,20.39,98.71,2.18,167.7,21.8,37.9,0.7,0.67,52.19
2023-05-21,PHU BAI,16.402,107.703,0.01,29.46,32.72,27.01,25.23,28.75,78.46,20.47,98.85,2.38,207.0,22.83,37.53,0.71,0.67,57.16
2023-05-22,PHU BAI,16.402,107.703,0.0,29.48,32.89,26.86,25.03,28.82,77.64,20.23,98.83,2.97,226.9,23.61,37.65,0.7,0.67,67.88
2023-05-23,PHU BAI,16.402,107.703,0.4,29.29,31.81,26.69,25.2,28.58,79.08,20.43,98.84,2.52,220.9,22.55,37.19,0.7,0.66,46.23
2023-05-24,PHU BAI,16.402,107.703,2.86,27.57,30.55,25.83,24.59,27.74,84.22,19.66,98.93,1.64,209.5,18.74,36.86,0.72,0.67,74.2
2023-05-25,PHU BAI,16.402,107.703,0.11,27.73,31.3,25.57,24.45,27.78,83.0,19.5,98.98,2.3,161.1,19.92,37.22,0.71,0.67,79.48
2023-05-26,PHU BAI,16.402,107.703,0.24,27.87,31.07,25.82,24.81,28.01,84.0,19.93,98.92,2.41,103.4,21.04,37.33,0.7,0.66,51.43
2023-05-27,PHU BAI,16.402,107.703,0.63,27.4,30.33,25.12,24.47,27.6,84.57,19.56,98.84,2.72,109.8,22.83,36.72,0.7,0.66,41.67
2023-05-28,PHU BAI,16.402,107.703,3.92,27.35,29.57,25.72,25.25,27.43,88.59,20.49,98.83,2.88,88.4,19.71,37.01,0.72,0.66,54.87
2023-05-29,PHU BAI,16.402,107.703,1.16,27.69,30.33,25.41,25.01,28.0,85.59,20.21,98.84,2.98,93.2,20.94,37.34,0.7,0.66,46.42
2023-05-30,PHU BAI,16.402,107.703,0.02,27.94,30.97,25.18,24.35,28.14,81.41,19.44,98.7,2.34,102.7,21.57,36.84,0.69,0.65,63.94
2023-05-31,PHU BAI,16.402,107.703,0.03,29.79,33.08,26.39,25.19,29.29,76.99,20.5,98.5,2.58,245.7,24.3,37.19,0.68,0.65,30.47
2023-06-01,PHU BAI,16.402,107.703,0.11,30.08,33.65,27.23,25.15,29.41,75.59,20.44,98.47,3.43,225.3,24.58,37.45,0.68,0.64,37.02
2023-06-02,PHU BAI,16.402,107.703,3.25,30.02,33.61,26.63,25.45,29.5,77.32,20.79,98.62,2.48,226.4,23.59,37.96,0.69,0.64,59.74
2023-06-03,PHU BAI,16.402,107.703,5.25,29.86,33.26,27.05,25.17,29.43,76.65,20.41,98.75,1.75,215.2,22.43,37.98,0.71,0.65,55.14
2023-06-04,PHU BAI,16.402,107.703,5.86,28.78,31.84,26.21,25.41,28.77,82.6,20.72,98.69,2.1,103.9,22.89,37.7,0.72,0.65,56.73
2023-06-05,PHU BAI,16.402,107.703,0.81,28.22,30.58,26.0,25.13,28.26,83.65,20.39,98.61,1.83,322.7,21.62,37.3,0.69,0.65,90.47
2023-06-06,PHU BAI,16.402,107.703,19.56,27.81,29.82,26.35,25.45,27.94,87.14,20.77,98.61,2.07,342.3,18.81,37.34,0.76,0.66,98.71
2023-06-07,PHU BAI,16.402,107.703,3.23,27.88,30.03,25.96,24.42,27.64,81.73,19.51,98.73,1.71,227.1,12.01,37.39,0.74,0.68,99.54
2023-06-08,PHU BAI,16.402,107.703,2.26,28.4,31.21,25.51,24.62,28.23,80.46,19.79,98.63,2.22,233.2,19.11,37.37,0.72,0.68,91.48
2023-06-09,PHU BAI,16.402,107.703,1.52,28.11,31.03,25.81,24.54,27.97,81.29,19.7,98.48,2.89,242.9,19.31,37.27,0.71,0.67,92.58
2023-06-10,PHU BAI,16.402,107.703,0.94,28.33,31.63,25.62,25.04,28.19,82.85,20.34,98.38,3.55,262.6,20.49,37.36,0.7,0.66,87.44
2023-06-11,PHU BAI,16.402,107.703,0.48,27.57,30.23,25.37,24.36,27.44,82.87,19.51,98.43,3.72,242.8,21.82,37.18,0.7,0.66,84.47
2023-06-12,PHU BAI,16.402,107.703,0.04,28.53,31.73,26.25,24.78,28.3,80.62,20.0,98.5,2.27,220.0,21.8,37.39,0.69,0.65,78.19
2023-06-13,PHU BAI,16.402,107.703,0.23,28.28,30.73,25.87,24.44,27.86,80.01,19.56,98.61,3.33,229.7,20.71,37.28,0.69,0.65,93.01
2023-06-14,PHU BAI,16.402,107.703,0.74,28.57,31.31,26.26,24.65,28.28,79.8,19.78,98.74,3.39,242.5,16.8,37.55,0.68,0.65,98.16
2023-06-15,PHU BAI,16.402,107.703,11.93,28.54,31.37,25.94,24.66,28.23,80.06,19.79,98.71,2.55,221.1,18.85,37.46,0.73,0.65,84.14
2023-06-16,PHU BAI,16.402,107.703,6.04,27.61,29.93,25.95,24.88,27.81,85.3,20.04,98.74,2.34,190.4,21.08,37.39,0.74,0.67,76.54
2023-06-17,PHU BAI,16.402,107.703,10.11,28.54,31.73,25.75,25.14,28.64,82.42,20.38,98.79,1.99,202.9,22.65,37.72,0.73,0.67,65.51
2023-06-18,PHU BAI,16.402,107.703,2.23,28.2,31.44,25.68,24.03,27.93,78.67,19.05,98.79,2.89,230.2,18.97,37.21,0.72,0.67,84.86
2023-06-19,PHU BAI,16.402,107.703,0.95,29.08,32.16,26.14,24.62,28.71,77.45,19.76,98.72,2.18,221.9,22.81,37.24,0.71,0.66,37.14
2023-06-20,PHU BAI,16.402,107.703,0.02,29.58,32.91,26.15,24.71,29.08,75.81,19.86,98.74,1.99,218.3,24.84,37.41,0.69,0.66,44.08
2023-06-21,PHU BAI,16.402,107.703,0.01,29.37,33.02,26.0,24.99,29.22,77.87,20.2,98.81,2.42,221.7,23.69,37.21,0.69,0.65,28.39
2023-06-22,PHU BAI,16.402,107.703,0.01,29.98,33.56,26.55,24.99,29.52,75.35,20.21,98.74,2.55,224.9,25.13,37.6,0.68,0.64,37.83
2023-06-23,PHU BAI,16.402,107.703,0.1,29.65,32.77,27.07,25.51,29.34,79.05,20.86,98.66,2.37,216.0,23.47,37.72,0.68,0.64,74.72
2023-06-24,PHU BAI,16.402,107.703,0.43,29.05,31.68,26.36,25.43,29.04,81.41,20.75,98.65,1.38,243.1,18.86,37.67,0.68,0.64,97.5
2023-06-25,PHU BAI,16.402,107.703,0.62,27.96,30.25,26.58,24.94,28.01,83.98,20.13,98.73,2.19,50.9,19.73,37.11,0.68,0.64,98.66
2023-06-26,PHU BAI,16.402,107.703,0.08,28.0,30.53,26.37,25.04,28.11,84.43,20.25,98.76,2.21,100.0,19.76,37.11,0.68,0.64,94.41
2023-06-27,PHU BAI,16.402,107.703,0.04,27.26,28.66,25.87,25.22,27.42,88.67,20.44,98.88,2.51,104.9,22.33,36.68,0.68,0.64,58.85
2023-06-28,PHU BAI,16.402,107.703,0.08,28.41,31.25,26.04,25.15,28.44,82.99,20.36,98.87,2.37,136.1,22.5,37.39,0.67,0.63,39.9
2023-06-29,PHU BAI,16.402,107.703,0.34,28.67,30.82,26.18,25.1,28.55,81.37,20.34,98.71,2.17,207.2,21.57,37.35,0.67,0.63,56.35
2023-06-30,PHU BAI,16.402,107.703,0.56,29.31,32.96,26.37,25.32,29.03,79.69,20.64,98.61,2.46,213.9,23.16,37.4,0.67,0.62,48.47
2023-07-01,PHU BAI,16.402,107.703,0.3,29.34,33.21,26.55,25.5,29.19,80.48,20.83,98.73,2.25,191.5,21.55,37.98,0.66,0.62,74.51
2023-07-02,PHU BAI,16.402,107.703,1.11,27.99,31.14,25.55,24.66,28.19,82.74,19.77,98.83,2.46,162.6,21.94,37.26,0.67,0.62,83.14
2023-07-03,PHU BAI,16.402,107.703,0.26,28.3,31.51,25.76,24.68,28.37,81.31,19.79,98.87,2.38,181.1,15.29,37.56,0.67,0.62,98.46
2023-07-04,PHU BAI,16.402,107.703,0.38,28.3,31.78,25.2,24.4,28.08,80.03,19.47,98.87,1.8,214.5,17.77,37.41,0.66,0.62,72.04
2023-07-05,PHU BAI,16.402,107.703,0.61,28.55,31.68,25.86,24.55,28.37,79.45,19.64,98.87,2.58,171.2,25.57,36.61,0.66,0.61,24.69
2023-07-06,PHU BAI,16.402,107.703,0.03,29.17,32.94,25.81,24.58,28.95,77.05,19.68,98.9,2.33,154.3,24.45,37.21,0.65,0.61,60.18
2023-07-07,PHU BAI,16.402,107.703,0.02,29.22,33.09,27.18,25.06,29.02,79.16,20.24,98.93,2.54,140.4,25.21,37.17,0.64,0.6,22.64
2023-07-08,PHU BAI,16.402,107.703,0.8,29.16,31.89,26.1,25.4,28.84,80.73,20.65,98.93,1.55,219.1,23.73,37.3,0.64,0.6,26.62
2023-07-09,PHU BAI,16.402,107.703,1.02,28.54,32.45,26.6,24.98,28.58,81.83,20.14,98.94,2.15,191.7,21.43,37.25,0.65,0.6,42.99
2023-07-10,PHU BAI,16.402,107.703,0.05,28.04,30.69,26.17,24.42,28.04,81.16,19.48,98.91,1.91,205.9,23.75,36.96,0.65,0.6,43.79
2023-07-11,PHU BAI,16.402,107.703,0.13,29.3,32.3,26.73,24.53,29.01,76.16,19.61,98.86,2.02,200.9,22.65,37.52,0.64,0.59,63.48
2023-07-12,PHU BAI,16.402,107.703,0.15,29.15,32.49,25.88,24.1,28.46,74.83,19.13,98.82,2.26,228.6,22.6,37.13,0.63,0.59,46.13
2023-07-13,PHU BAI,16.402,107.703,0.13,30.31,33.84,26.62,24.94,29.59,73.87,20.14,98.68,2.26,239.9,24.35,37.68,0.62,0.59,71.99
2023-07-14,PHU BAI,16.402,107.703,2.74,30.15,33.6,26.43,25.34,29.65,76.26,20.67,98.54,2.82,260.6,23.6,37.8,0.63,0.58,81.5
2023-07-15,PHU BAI,16.402,107.703,6.02,28.64,32.68,25.12,24.7,28.43,79.95,19.95,98.38,4.06,257.0,22.38,37.48,0.65,0.58,82.73
2023-07-16,PHU BAI,16.402,107.703,2.89,27.07,28.8,25.4,24.84,27.1,87.72,20.13,98.21,3.37,277.1,15.83,36.92,0.65,0.59,99.8
2023-07-17,PHU BAI,16.402,107.703,1.15,27.34,29.67,25.7,24.41,27.06,84.1,19.65,98.12,5.28,248.8,10.9,37.08,0.64,0.59,99.68
2023-07-18,PHU BAI,16.402,107.703,1.12,28.46,31.0,25.86,24.92,28.15,81.6,20.2,98.26,2.38,205.9,18.71,37.56,0.63,0.59,94.05
2023-07-19,PHU BAI,16.402,107.703,2.05,27.94,30.59,26.06,25.16,27.96,85.34,20.45,98.47,2.17,104.8,20.25,37.55,0.64,0.59,71.83
2023-07-20,PHU BAI,16.402,107.703,5.68,27.51,29.45,25.88,25.35,27.53,88.24,20.66,98.64,3.05,92.2,21.7,37.36,0.66,0.59,57.02
2023-07-21,PHU BAI,16.402,107.703,3.5,27.49,29.69,25.86,25.28,27.44,88.11,20.53,98.87,2.96,110.7,24.34,36.71,0.67,0.6,24.6
2023-07-22,PHU BAI,16.402,107.703,0.69,27.32,29.83,25.25,25.04,27.35,87.61,20.21,99.01,3.18,119.2,22.24,36.77,0.65,0.6,50.24
2023-07-23,PHU BAI,16.402,107.703,0.37,27.65,30.62,25.11,24.18,27.87,81.9,19.2,98.85,2.77,114.1,22.18,36.93,0.64,0.59,57.69
2023-07-24,PHU BAI,16.402,107.703,0.72,27.85,30.79,25.56,24.57,28.0,82.94,19.69,98.72,2.62,97.1,22.99,36.94,0.63,0.59,54.71
2023-07-25,PHU BAI,16.402,107.703,1.06,27.53,29.96,25.25,24.77,27.76,85.24,19.93,98.71,3.13,99.3,18.91,37.15,0.63,0.59,72.83
2023-07-26,PHU BAI,16.402,107.703,0.32,28.24,31.28,25.94,24.74,28.48,81.76,19.91,98.56,2.63,137.5,24.03,36.74,0.62,0.58,59.94
2023-07-27,PHU BAI,16.402,107.703,0.49,29.55,33.14,26.42,25.42,29.15,79.06,20.85,98.25,3.88,253.8,22.98,37.55,0.61,0.57,88.0
2023-07-28,PHU BAI,16.402,107.703,1.66,29.12,32.1,26.82,25.4,28.67,80.77,20.83,98.12,3.54,245.4,20.41,37.86,0.62,0.57,89.36
2023-07-29,PHU BAI,16.402,107.703,5.18,29.18,32.05,26.74,25.82,28.95,82.61,21.31,98.33,2.32,226.2,20.01,38.3,0.65,0.57,83.16
2023-07-30,PHU BAI,16.402,107.703,2.96,28.09,30.23,25.45,25.08,27.96,83.91,20.36,98.52,2.26,217.7,18.59,37.59,0.65,0.58,91.35
2023-07-31,PHU BAI,16.402,107.703,2.55,27.95,30.94,24.98,24.14,27.75,80.24,19.23,98.61,3.64,242.1,14.92,37.33,0.64,0.58,99.66
2023-08-01,PHU BAI,16.402,107.703,2.59,27.78,31.25,25.4,23.5,27.61,78.18,18.48,98.59,4.3,249.9,9.67,37.19,0.63,0.58,99.41
2023-08-02,PHU BAI,16.402,107.703,7.79,27.22,30.4,25.23,23.13,27.08,78.68,18.08,98.54,5.41,246.9,10.09,37.15,0.66,0.58,99.71
2023-08-03,PHU BAI,16.402,107.703,6.55,27.26,29.86,25.48,23.62,26.9,80.78,18.63,98.55,5.36,236.6,12.1,37.23,0.67,0.59,99.44
2023-08-04,PHU BAI,16.402,107.703,3.15,28.1,31.34,26.05,24.16,27.62,79.63,19.22,98.77,4.36,231.9,11.92,37.48,0.65,0.59,99.04
2023-08-05,PHU BAI,16.402,107.703,0.36,28.5,32.35,26.19,23.3,27.98,74.19,18.25,98.71,5.64,240.3,20.71,36.9,0.62,0.58,91.18
2023-08-06,PHU BAI,16.402,107.703,0.17,29.2,33.43,26.22,23.6,28.67,72.6,18.63,98.47,5.88,245.5,19.8,37.53,0.6,0.57,89.05
2023-08-07,PHU BAI,16.402,107.703,0.12,28.78,32.9,25.85,22.99,28.3,71.84,17.95,98.49,5.36,243.1,20.67,37.06,0.59,0.56,61.16
2023-08-08,PHU BAI,16.402,107.703,0.07,28.93,33.23,26.06,23.01,28.6,71.55,17.94,98.66,4.62,241.1,22.44,36.81,0.58,0.55,44.38
2023-08-09,PHU BAI,16.402,107.703,0.16,29.16,33.61,25.37,23.1,28.91,71.0,18.02,98.78,4.07,237.4,23.88,36.66,0.57,0.54,57.63
2023-08-10,PHU BAI,16.402,107.703,0.11,30.15,34.87,26.38,24.39,29.9,72.47,19.52,98.64,3.41,240.0,24.26,37.44,0.55,0.54,38.42
2023-08-11,PHU BAI,16.402,107.703,0.3,29.38,32.89,26.71,24.41,29.11,75.3,19.55,98.53,3.37,238.4,20.87,38.22,0.56,0.54,85.16
2023-08-12,PHU BAI,16.402,107.703,0.06,29.1,32.82,26.51,24.46,28.9,76.59,19.61,98.51,3.15,246.3,16.86,38.06,0.56,0.54,92.97
2023-08-13,PHU BAI,16.402,107.703,1.25,29.59,32.69,26.26,24.77,29.24,76.04,19.98,98.53,2.24,239.6,21.48,37.92,0.57,0.54,54.96
2023-08-14,PHU BAI,16.402,107.703,1.7,29.68,32.96,26.54,24.53,29.26,74.83,19.7,98.62,2.21,238.2,19.38,37.83,0.58,0.54,75.22
2023-08-15,PHU BAI,16.402,107.703,0.49,29.58,33.35,26.69,25.05,29.39,77.63,20.29,98.74,2.13,236.5,22.95,37.83,0.57,0.54,67.27
2023-08-16,PHU BAI,16.402,107.703,2.97,29.25,33.4,25.93,24.86,29.43,78.36,20.05,98.81,2.03,213.8,22.76,37.8,0.58,0.54,59.7
2023-08-17,PHU BAI,16.402,107.703,0.51,29.49,33.14,26.89,24.77,29.64,76.72,19.95,98.72,2.54,227.4,24.12,37.65,0.58,0.54,41.71
2023-08-18,PHU BAI,16.402,107.703,0.04,29.2,32.22,27.15,25.61,29.21,81.65,21.0,98.6,2.16,14.1,24.11,37.51,0.57,0.54,43.93
2023-08-19,PHU BAI,16.402,107.703,0.25,28.59,31.02,25.99,25.32,28.48,82.92,20.62,98.65,1.79,236.2,23.54,37.04,0.57,0.54,71.58
2023-08-20,PHU BAI,16.402,107.703,0.66,28.56,32.1,25.82,24.75,28.93,80.63,19.92,98.69,2.49,90.1,23.0,36.76,0.57,0.54,77.31
2023-08-21,PHU BAI,16.402,107.703,0.85,28.67,32.39,25.57,23.53,28.94,74.85,18.49,98.77,2.19,232.9,17.76,37.31,0.57,0.53,96.43
2023-08-22,PHU BAI,16.402,107.703,2.08,29.14,32.82,26.18,24.42,29.22,76.63,19.53,98.7,2.5,256.8,21.22,37.41,0.58,0.53,88.34
2023-08-23,PHU BAI,16.402,107.703,1.38,29.3,33.03,26.43,24.87,29.35,77.99,20.09,98.6,2.66,255.8,21.12,37.35,0.57,0.53,93.91
2023-08-24,PHU BAI,16.402,107.703,1.41,27.9,30.26,26.22,24.76,27.97,83.38,19.93,98.71,1.93,197.9,18.08,37.19,0.58,0.54,95.78
2023-08-25,PHU BAI,16.402,107.703,0.03,28.83,31.97,26.21,24.29,28.72,77.02,19.37,98.72,2.07,243.8,22.83,36.98,0.57,0.54,74.06
2023-08-26,PHU BAI,16.402,107.703,0.42,29.38,32.9,26.33,24.7,29.2,76.66,19.88,98.59,2.59,244.4,22.23,37.63,0.56,0.53,84.84
2023-08-27,PHU BAI,16.402,107.703,1.0,28.43,32.22,25.58,23.81,28.33,76.87,18.88,98.41,4.23,238.0,21.62,37.24,0.56,0.53,74.33
2023-08-28,PHU BAI,16.402,107.703,5.59,28.99,32.85,25.52,24.31,29.08,76.89,19.48,98.35,3.02,248.5,19.61,37.8,0.59,0.53,88.08
2023-08-29,PHU BAI,16.402,107.703,4.86,27.83,30.92,25.95,24.5,27.99,82.85,19.69,98.45,5.44,270.4,13.79,37.53,0.6,0.54,98.93
2023-08-30,PHU BAI,16.402,107.703,8.59,27.29,29.1,26.21,25.29,27.51,88.9,20.57,98.63,3.77,1.7,9.71,37.53,0.63,0.55,97.28
2023-08-31,PHU BAI,16.402,107.703,16.41,26.87,28.98,24.83,24.68,27.1,87.85,19.84,98.65,3.96,339.9,7.15,37.19,0.72,0.57,99.47
2023-09-01,PHU BAI,16.402,107.703,0.6,27.65,30.94,25.17,24.04,28.05,81.18,19.09,98.6,3.8,308.9,18.77,37.16,0.62,0.57,64.26
2023-09-02,PHU BAI,16.402,107.703,0.71,28.41,32.1,25.4,24.3,28.47,79.31,19.45,98.45,3.28,286.6,19.78,37.42,0.6,0.56,72.29
2023-09-03,PHU BAI,16.402,107.703,4.39,28.51,32.45,25.8,23.94,28.67,77.09,19.02,98.41,2.61,355.4,23.26,36.81,0.61,0.55,60.91
2023-09-04,PHU BAI,16.402,107.703,14.16,27.23,28.82,25.92,24.29,27.56,84.41,19.39,98.6,2.36,347.2,16.2,37.45,0.69,0.57,87.19
2023-09-05,PHU BAI,16.402,107.703,39.67,28.27,31.39,26.28,25.69,28.56,86.45,21.06,98.69,2.63,6.2,15.54,38.07,0.78,0.6,96.08
2023-09-06,PHU BAI,16.402,107.703,10.17,27.84,30.56,25.76,24.71,28.18,83.52,19.83,98.82,1.8,170.7,14.21,37.64,0.74,0.65,94.48
2023-09-07,PHU BAI,16.402,107.703,9.17,27.51,28.86,26.06,25.04,27.51,86.5,20.23,98.82,1.93,222.8,19.12,37.59,0.72,0.64,80.68
2023-09-08,PHU BAI,16.402,107.703,4.71,28.11,30.76,25.81,24.85,28.14,83.02,20.01,98.76,1.78,132.7,16.55,37.71,0.71,0.64,91.51
2023-09-09,PHU BAI,16.402,107.703,7.6,28.02,31.38,26.25,25.23,28.15,85.39,20.5,98.64,2.01,58.4,17.95,37.29,0.7,0.63,95.26
2023-09-10,PHU BAI,16.402,107.703,23.92,28.35,31.18,26.05,24.87,28.33,82.09,20.08,98.64,1.89,154.2,15.91,37.32,0.77,0.65,98.96
2023-09-11,PHU BAI,16.402,107.703,1.03,27.92,30.7,25.39,24.33,27.79,81.14,19.42,98.67,2.46,228.9,13.56,37.26,0.68,0.64,99.41
2023-09-12,PHU BAI,16.402,107.703,3.2,27.66,31.0,24.89,23.93,27.55,80.58,18.95,98.71,3.62,235.1,15.84,37.43,0.68,0.63,98.31
2023-09-13,PHU BAI,16.402,107.703,6.31,27.92,30.75,25.23,24.25,27.72,80.99,19.33,98.68,3.6,249.3,16.74,37.52,0.67,0.62,98.5
2023-09-14,PHU BAI,16.402,107.703,37.1,27.39,30.39,25.56,25.01,27.79,87.28,20.21,98.7,2.63,330.3,10.33,37.26,0.78,0.63,99.17
2023-09-15,PHU BAI,16.402,107.703,5.38,25.97,27.04,24.82,24.66,26.39,92.49,19.77,98.86,3.16,347.8,15.14,36.83,0.73,0.67,97.49
2023-09-16,PHU BAI,16.402,107.703,4.81,27.37,30.03,25.75,24.73,27.68,85.91,19.83,98.92,2.12,60.8,14.08,37.09,0.72,0.65,98.97
2023-09-17,PHU BAI,16.402,107.703,1.63,27.66,29.96,26.13,24.81,27.84,84.77,19.93,98.93,2.12,102.1,6.08,37.23,0.69,0.64,97.61
2023-09-18,PHU BAI,16.402,107.703,0.08,27.68,30.39,25.93,24.28,27.94,82.33,19.27,99.11,2.06,103.2,21.17,36.88,0.67,0.63,63.37
2023-09-19,PHU BAI,16.402,107.703,1.35,27.23,29.41,25.27,24.14,27.43,83.52,19.11,99.15,1.99,121.2,23.22,36.51,0.67,0.62,28.91
2023-09-20,PHU BAI,16.402,107.703,5.04,27.69,30.31,25.16,24.55,27.94,83.67,19.61,99.05,2.52,102.0,23.34,36.26,0.69,0.62,57.89
2023-09-21,PHU BAI,16.402,107.703,0.35,27.95,31.13,25.5,24.62,28.33,82.76,19.7,99.06,2.71,113.1,22.57,36.41,0.65,0.61,33.6
2023-09-22,PHU BAI,16.402,107.703,0.9,27.94,30.77,26.11,24.76,28.24,83.3,19.86,99.02,2.56,84.5,22.16,36.27,0.65,0.61,24.86
2023-09-23,PHU BAI,16.402,107.703,3.03,28.0,30.54,25.58,24.27,28.2,80.5,19.29,98.97,1.69,43.9,19.56,36.73,0.64,0.6,83.43
2023-09-24,PHU BAI,16.402,107.703,67.38,26.89,28.35,26.01,25.0,27.21,89.49,20.21,98.74,3.82,357.0,10.17,37.26,0.82,0.63,99.03
2023-09-25,PHU BAI,16.402,107.703,164.49,26.98,27.66,26.21,25.69,27.09,92.59,21.14,98.3,6.68,36.6,2.75,37.25,0.95,0.78,99.14
2023-09-26,PHU BAI,16.402,107.703,25.4,27.75,31.06,25.74,25.03,27.68,85.67,20.3,98.54,4.09,120.1,14.66,37.4,0.85,0.8,98.97
2023-09-27,PHU BAI,16.402,107.703,40.55,27.46,30.26,26.05,24.02,27.52,81.97,19.0,98.91,1.78,82.2,13.46,36.86,0.85,0.78,99.21
2023-09-28,PHU BAI,16.402,107.703,31.69,26.63,28.91,24.95,24.02,26.9,85.58,18.96,99.11,1.42,61.5,13.6,36.9,0.87,0.82,98.86
2023-09-29,PHU BAI,16.402,107.703,3.2,27.02,29.6,25.2,24.42,27.37,86.06,19.41,99.21,2.12,352.0,14.64,36.91,0.79,0.77,93.56
2023-09-30,PHU BAI,16.402,107.703,12.73,26.74,28.91,24.85,24.37,26.89,86.9,19.38,99.11,2.16,338.0,20.44,36.38,0.81,0.76,46.0
2023-10-01,PHU BAI,16.402,107.703,0.52,27.14,29.88,25.17,23.87,27.52,82.52,18.81,99.03,1.73,44.1,19.95,35.76,0.75,0.73,43.66
2023-10-02,PHU BAI,16.402,107.703,1.5,27.33,29.45,25.84,24.26,27.62,83.46,19.25,99.09,1.76,47.6,19.32,36.71,0.74,0.71,62.85
2023-10-03,PHU BAI,16.402,107.703,9.9,27.38,29.09,26.29,25.38,27.39,88.88,20.6,99.07,1.92,47.0,4.26,37.2,0.78,0.71,97.49
2023-10-04,PHU BAI,16.402,107.703,2.02,27.33,30.02,25.17,24.82,27.6,86.35,19.93,99.05,1.8,82.4,7.7,37.29,0.74,0.7,90.5
2023-10-05,PHU BAI,16.402,107.703,1.62,27.52,29.75,25.73,24.41,27.76,83.44,19.45,98.97,1.77,97.2,20.74,36.53,0.73,0.69,60.62
2023-10-06,PHU BAI,16.402,107.703,25.09,28.34,31.62,25.98,25.12,28.6,83.13,20.29,98.97,2.15,49.8,18.42,37.33,0.82,0.72,82.75
2023-10-07,PHU BAI,16.402,107.703,7.7,27.86,30.54,26.34,24.91,28.18,84.26,20.0,99.1,1.73,29.3,18.22,37.13,0.77,0.72,98.53
2023-10-08,PHU BAI,16.402,107.703,36.05,26.85,29.59,24.98,24.32,27.32,86.47,19.3,99.24,3.66,21.6,13.17,37.29,0.86,0.74,98.06
2023-10-09,PHU BAI,16.402,107.703,18.26,26.29,28.66,24.92,23.96,26.81,87.12,18.85,99.37,4.43,7.9,7.68,37.15,0.84,0.77,95.89
2023-10-10,PHU BAI,16.402,107.703,32.87,26.26,28.12,25.17,23.91,26.65,87.03,18.77,99.39,4.73,16.6,3.77,37.07,0.87,0.78,97.17
2023-10-11,PHU BAI,16.402,107.703,58.06,26.21,27.86,24.97,24.45,26.37,90.05,19.4,99.43,4.16,23.2,8.3,36.9,0.93,0.83,98.29
2023-10-12,PHU BAI,16.402,107.703,146.8,26.33,27.34,25.62,25.08,26.52,92.79,20.15,99.41,5.29,33.9,3.47,36.99,0.97,0.87,99.29
2023-10-13,PHU BAI,16.402,107.703,110.29,25.75,27.25,24.55,23.69,26.01,88.43,18.54,99.35,2.98,68.3,1.91,36.38,0.97,0.92,98.87
2023-10-14,PHU BAI,16.402,107.703,143.11,25.37,26.77,24.36,23.81,25.75,91.02,18.7,99.19,4.28,36.9,4.93,36.39,0.99,0.94,99.47
2023-10-15,PHU BAI,16.402,107.703,37.27,25.65,27.31,24.71,23.34,25.92,87.15,18.18,99.17,4.94,17.9,7.65,36.5,0.95,0.93,98.61
2023-10-16,PHU BAI,16.402,107.703,50.27,26.17,27.69,25.29,24.32,26.3,89.54,19.3,99.15,6.35,0.7,6.03,36.86,0.96,0.94,99.64
2023-10-17,PHU BAI,16.402,107.703,81.35,26.46,28.14,25.83,24.85,26.55,90.97,19.95,99.07,6.4,352.7,4.29,36.96,0.97,0.95,99.37
2023-10-18,PHU BAI,16.402,107.703,68.34,25.5,26.46,24.48,24.2,25.58,92.47,19.2,99.04,5.62,281.9,3.02,36.52,0.97,0.97,98.88
2023-10-19,PHU BAI,16.402,107.703,0.25,26.66,29.3,25.22,24.34,26.52,87.25,19.31,99.21,2.37,310.1,14.92,36.84,0.92,0.95,94.83
2023-10-20,PHU BAI,16.402,107.703,7.76,25.58,28.82,23.4,23.32,25.83,87.39,18.15,99.44,4.52,353.3,15.14,36.58,0.93,0.94,79.21
2023-10-21,PHU BAI,16.402,107.703,6.08,24.47,26.53,23.31,22.69,25.04,89.94,17.4,99.64,5.53,336.9,9.87,35.75,0.92,0.94,71.6
2023-10-22,PHU BAI,16.402,107.703,20.01,25.32,27.25,23.9,23.84,25.63,91.57,18.68,99.53,4.55,345.7,8.57,36.96,0.94,0.94,98.51
2023-10-23,PHU BAI,16.402,107.703,103.77,25.63,26.95,24.9,24.59,25.83,93.95,19.57,99.37,4.31,14.0,4.5,36.74,0.99,0.97,99.65
2023-10-24,PHU BAI,16.402,107.703,29.23,25.72,26.97,24.93,24.61,25.6,93.54,19.62,99.31,3.88,52.5,6.61,36.56,0.97,0.99,99.15
2023-10-25,PHU BAI,16.402,107.703,9.64,26.03,28.08,24.78,23.97,25.92,88.43,18.86,99.34,2.41,45.4,14.47,36.62,0.96,0.98,86.21
2023-10-26,PHU BAI,16.402,107.703,1.43,26.1,28.39,24.48,24.0,26.23,88.3,18.89,99.32,2.02,65.1,13.4,36.52,0.94,0.97,82.17
2023-10-27,PHU BAI,16.402,107.703,3.84,26.26,28.67,24.8,24.11,26.24,88.06,19.03,99.29,1.77,24.9,14.18,36.54,0.94,0.97,64.91
2023-10-28,PHU BAI,16.402,107.703,2.39,26.35,29.02,24.41,24.1,26.59,87.73,19.02,99.29,2.04,63.2,14.29,36.53,0.93,0.96,84.45
2023-10-29,PHU BAI,16.402,107.703,24.15,26.32,28.56,24.91,24.58,26.43,90.34,19.57,99.35,2.96,82.6,15.35,36.38,0.94,0.96,91.78
2023-10-30,PHU BAI,16.402,107.703,58.03,25.72,27.28,24.68,24.27,25.64,91.69,19.18,99.52,4.39,62.2,9.9,36.49,0.98,0.98,97.37
2023-10-31,PHU BAI,16.402,107.703,26.95,24.96,26.45,23.62,23.02,24.76,88.92,17.75,99.62,4.38,50.4,11.74,36.15,0.97,0.99,91.04
2023-11-01,PHU BAI,16.402,107.703,13.17,24.84,26.03,24.08,23.08,24.96,89.94,17.82,99.55,4.0,25.8,14.2,36.19,0.96,0.99,86.18
2023-11-02,PHU BAI,16.402,107.703,9.02,25.41,27.24,24.16,23.74,25.44,90.48,18.59,99.35,3.2,51.1,6.49,36.65,0.96,0.99,94.6
2023-11-03,PHU BAI,16.402,107.703,2.74,25.65,27.88,24.18,23.97,25.83,90.53,18.89,99.21,3.23,91.7,14.76,35.94,0.95,0.98,50.32
2023-11-04,PHU BAI,16.402,107.703,1.04,25.99,28.3,24.57,24.1,25.96,89.5,19.03,99.25,2.71,87.8,18.53,35.33,0.94,0.97,22.57
2023-11-05,PHU BAI,16.402,107.703,3.8,26.0,27.86,24.5,24.35,26.08,90.64,19.3,99.35,2.44,48.0,18.29,36.17,0.94,0.97,65.03
2023-11-06,PHU BAI,16.402,107.703,11.67,25.8,28.08,24.19,24.04,25.94,90.13,18.93,99.42,2.93,76.0,14.41,36.32,0.94,0.97,87.75
2023-11-07,PHU BAI,16.402,107.703,67.51,25.66,28.26,23.35,23.98,25.65,90.68,18.94,99.38,2.93,104.9,8.71,36.51,0.98,0.98,99.32
2023-11-08,PHU BAI,16.402,107.703,23.48,25.94,28.23,24.47,24.02,26.1,89.25,18.94,99.29,2.96,84.9,10.63,36.46,0.97,0.99,78.9
2023-11-09,PHU BAI,16.402,107.703,6.79,26.02,28.45,24.41,24.01,26.19,88.82,18.91,99.35,2.74,89.0,15.34,36.51,0.95,0.98,74.36
2023-11-10,PHU BAI,16.402,107.703,1.42,26.28,28.78,24.53,24.55,26.54,90.37,19.52,99.47,2.62,87.1,17.32,36.32,0.95,0.98,61.32
2023-11-11,PHU BAI,16.402,107.703,1.19,25.98,28.49,24.31,24.08,26.17,89.37,18.96,99.57,2.39,80.8,17.83,35.78,0.94,0.97,36.02
2023-11-12,PHU BAI,16.402,107.703,21.94,26.42,28.0,25.38,24.67,26.65,90.11,19.61,99.62,4.35,76.5,14.41,36.37,0.95,0.97,71.3
2023-11-13,PHU BAI,16.402,107.703,50.96,25.55,26.83,24.4,23.95,25.54,90.81,18.76,99.76,7.59,59.7,6.22,36.66,0.97,0.99,99.14
2023-11-14,PHU BAI,16.402,107.703,124.43,25.07,25.91,24.7,23.58,25.25,91.36,18.33,99.76,6.76,46.9,4.9,36.69,0.98,0.99,97.28
2023-11-15,PHU BAI,16.402,107.703,112.74,25.44,26.94,24.62,23.78,25.32,90.48,18.54,99.83,5.97,61.0,5.64,36.75,0.99,1.0,94.92
2023-11-16,PHU BAI,16.402,107.703,39.72,23.25,26.39,20.58,21.14,23.64,87.8,15.82,100.17,8.73,21.9,9.95,35.7,0.98,1.0,93.75
2023-11-17,PHU BAI,16.402,107.703,2.45,20.23,22.27,18.63,16.27,20.61,78.1,11.57,100.2,5.1,24.0,6.67,33.75,0.97,0.99,80.06
2023-11-18,PHU BAI,16.402,107.703,0.15,20.8,22.76,19.6,17.08,21.35,79.36,12.2,100.01,3.95,32.1,10.86,33.27,0.96,0.98,58.79
2023-11-19,PHU BAI,16.402,107.703,0.53,21.67,23.5,20.55,18.88,22.0,84.1,13.7,99.79,4.05,35.0,8.89,34.66,0.95,0.98,91.68
2023-11-20,PHU BAI,16.402,107.703,0.78,22.25,24.67,20.21,19.54,22.36,84.64,14.32,99.72,4.01,56.3,7.78,34.74,0.94,0.97,76.46
2023-11-21,PHU BAI,16.402,107.703,0.28,22.86,25.11,21.63,20.14,22.98,84.83,14.88,99.48,3.01,74.1,13.58,34.17,0.94,0.97,58.96
2023-11-22,PHU BAI,16.402,107.703,4.77,23.69,26.23,21.79,21.66,23.77,88.55,16.37,99.41,3.6,79.8,8.94,35.6,0.93,0.96,96.2
2023-11-23,PHU BAI,16.402,107.703,9.49,23.44,26.05,21.6,20.95,23.34,86.05,15.66,99.55,4.58,82.3,15.49,33.9,0.94,0.96,49.98
2023-11-24,PHU BAI,16.402,107.703,1.52,22.95,25.2,21.52,19.7,23.06,81.97,14.44,99.7,4.1,64.3,15.61,33.65,0.93,0.96,67.24
2023-11-25,PHU BAI,16.402,107.703,32.57,24.03,25.19,23.31,22.47,24.13,90.96,17.17,99.62,4.89,53.8,5.82,36.28,0.95,0.96,96.48
2023-11-26,PHU BAI,16.402,107.703,27.06,23.47,25.62,21.76,21.42,23.36,88.25,16.1,99.72,5.48,69.0,5.49,35.91,0.96,0.98,94.4
2023-11-27,PHU BAI,16.402,107.703,0.61,22.2,24.55,20.63,18.78,22.31,81.04,13.63,99.72,3.55,44.5,12.91,33.24,0.93,0.97,57.07
2023-11-28,PHU BAI,16.402,107.703,1.02,22.73,24.37,21.92,20.04,22.82,85.09,14.78,99.6,3.76,51.6,13.75,34.81,0.93,0.96,74.83
2023-11-29,PHU BAI,16.402,107.703,6.3,24.03,25.94,22.85,22.6,24.09,91.82,17.31,99.56,3.71,35.4,6.04,35.75,0.93,0.96,69.87
2023-11-30,PHU BAI,16.402,107.703,28.7,25.26,27.01,24.45,24.04,25.3,92.97,18.88,99.6,4.4,60.5,9.24,36.78,0.95,0.96,92.46
2023-12-01,PHU BAI,16.402,107.703,57.28,24.53,25.8,23.68,23.19,24.32,92.15,17.94,99.63,6.76,64.9,8.98,36.46,0.98,0.99,92.7
2023-12-02,PHU BAI,16.402,107.703,22.31,24.27,25.64,23.53,22.89,24.18,91.97,17.59,99.68,6.33,66.6,8.06,36.21,0.96,0.99,99.41
2023-12-03,PHU BAI,16.402,107.703,13.81,24.11,25.99,22.78,22.73,24.08,91.99,17.43,99.62,4.88,60.5,9.8,35.24,0.96,0.98,88.16
2023-12-04,PHU BAI,16.402,107.703,13.25,24.17,26.31,22.64,22.75,24.16,91.8,17.48,99.51,4.17,49.4,6.35,35.84,0.96,0.98,75.09
2023-12-05,PHU BAI,16.402,107.703,3.55,23.84,25.98,22.27,22.23,23.76,90.78,16.94,99.48,3.6,75.9,8.24,35.1,0.95,0.98,50.78
2023-12-06,PHU BAI,16.402,107.703,14.73,23.87,26.13,22.47,22.2,24.03,90.45,16.87,99.66,4.8,32.3,11.23,35.86,0.95,0.98,84.18
2023-12-07,PHU BAI,16.402,107.703,8.09,22.25,24.17,20.84,20.19,22.45,88.03,14.91,99.63,3.79,16.6,3.37,35.65,0.95,0.98,91.8
2023-12-08,PHU BAI,16.402,107.703,0.01,22.98,26.05,20.74,20.76,23.27,87.65,15.48,99.45,2.38,103.0,12.43,34.45,0.94,0.97,86.86
2023-12-09,PHU BAI,16.402,107.703,0.01,23.46,26.75,21.3,21.58,23.61,89.44,16.33,99.22,2.87,120.5,14.86,34.29,0.93,0.96,59.0
2023-12-10,PHU BAI,16.402,107.703,0.14,24.25,28.13,21.57,22.37,24.33,89.71,17.16,99.21,2.84,119.8,16.76,33.98,0.93,0.96,21.48
2023-12-11,PHU BAI,16.402,107.703,2.75,24.26,27.58,21.91,22.62,24.37,90.81,17.39,99.39,2.71,101.7,15.19,34.71,0.92,0.95,46.98
2023-12-12,PHU BAI,16.402,107.703,0.19,23.73,26.51,21.83,21.94,23.69,89.83,16.64,99.53,3.71,73.4,13.68,34.13,0.92,0.95,45.99
2023-12-13,PHU BAI,16.402,107.703,0.57,23.86,26.37,22.15,22.15,23.91,90.37,16.83,99.64,3.49,89.6,14.14,34.09,0.91,0.94,35.64
2023-12-14,PHU BAI,16.402,107.703,0.09,24.67,27.39,22.98,22.99,24.66,90.74,17.73,99.56,3.02,94.2,14.88,34.92,0.91,0.94,55.38
2023-12-15,PHU BAI,16.402,107.703,0.08,24.8,28.09,22.71,23.15,24.88,90.83,17.94,99.47,2.71,100.7,15.58,34.99,0.9,0.93,54.06
2023-12-16,PHU BAI,16.402,107.703,28.14,23.09,26.66,21.18,21.23,23.66,89.32,15.92,99.78,5.97,18.3,13.95,35.02,0.93,0.94,71.93
2023-12-17,PHU BAI,16.402,107.703,44.71,22.26,23.01,21.55,20.7,22.71,90.79,15.34,99.85,6.7,43.0,4.88,35.48,0.96,0.97,94.67
2023-12-18,PHU BAI,16.402,107.703,14.89,23.57,25.78,22.27,22.03,23.64,91.13,16.68,99.76,4.63,60.0,8.22,35.7,0.94,0.97,87.81
2023-12-19,PHU BAI,16.402,107.703,36.77,22.91,25.55,21.24,21.22,23.34,90.25,15.87,99.85,5.89,33.4,11.51,35.25,0.96,0.97,85.63
2023-12-20,PHU BAI,16.402,107.703,51.97,20.03,22.21,18.63,18.08,20.77,88.49,13.01,100.06,6.83,24.5,4.46,34.18,0.97,0.99,95.55
2023-12-21,PHU BAI,16.402,107.703,47.69,18.35,19.66,17.5,16.43,19.35,88.49,11.67,100.28,7.09,26.0,4.26,33.62,0.98,0.99,99.14
2023-12-22,PHU BAI,16.402,107.703,18.77,17.41,17.81,17.13,15.7,18.56,89.72,11.12,100.47,6.75,26.9,5.28,32.51,0.97,0.99,98.99
2023-12-23,PHU BAI,16.402,107.703,9.46,18.17,18.87,17.78,16.52,19.15,90.09,11.72,100.44,6.0,32.5,4.32,32.57,0.97,0.99,87.85
2023-12-24,PHU BAI,16.402,107.703,6.84,17.93,19.26,16.59,15.75,18.79,87.01,11.16,100.5,5.96,22.9,3.55,33.1,0.96,0.98,99.3
2023-12-25,PHU BAI,16.402,107.703,0.93,18.64,19.84,17.85,15.45,19.17,81.82,10.97,100.24,3.32,40.2,3.66,33.66,0.95,0.98,98.86
2023-12-26,PHU BAI,16.402,107.703,2.04,20.91,22.78,20.01,19.02,21.18,88.94,13.77,100.15,4.09,40.8,5.64,34.75,0.95,0.97,98.47
2023-12-27,PHU BAI,16.402,107.703,5.53,21.62,23.07,20.88,20.24,21.73,91.84,14.88,100.05,4.49,38.5,4.53,34.18,0.95,0.97,58.29
2023-12-28,PHU BAI,16.402,107.703,8.48,22.5,24.13,21.42,21.3,22.49,92.92,15.93,99.85,4.7,52.0,4.98,34.98,0.95,0.97,67.77
2023-12-29,PHU BAI,16.402,107.703,8.31,22.9,24.71,21.6,21.89,22.86,94.02,16.55,99.69,4.22,62.4,4.38,35.06,0.95,0.97,62.88
2023-12-30,PHU BAI,16.402,107.703,2.82,22.81,25.17,21.13,21.63,22.78,93.12,16.3,99.62,3.8,68.1,6.14,34.78,0.94,0.97,65.85
2023-12-31,PHU BAI,16.402,107.703,1.07,22.48,24.91,20.72,21.15,22.42,92.19,15.82,99.65,3.39,68.9,8.99,34.7,0.93,0.96,78.09
2024-01-01,PHU BAI,16.402,107.703,1.67,22.41,24.83,20.98,21.04,22.24,92.07,15.71,99.63,3.42,76.0,9.61,34.61,0.93,0.96,65.1
2024-01-02,PHU BAI,16.402,107.703,3.88,22.64,25.11,20.82,21.3,22.43,92.16,15.99,99.59,3.89,86.4,8.31,34.55,0.93,0.96,69.23
2024-01-03,PHU BAI,16.402,107.703,6.33,21.78,24.6,19.42,19.86,21.63,88.99,14.61,99.74,4.31,78.6,13.74,34.19,0.93,0.95,73.51
2024-01-04,PHU BAI,16.402,107.703,3.33,20.89,23.57,18.99,18.87,20.84,88.43,13.71,99.75,4.33,95.1,11.93,33.01,0.92,0.95,56.85
2024-01-05,PHU BAI,16.402,107.703,0.11,21.32,24.04,19.75,19.29,21.29,88.58,14.07,99.75,3.92,100.0,14.83,32.51,0.92,0.95,57.03
2024-01-06,PHU BAI,16.402,107.703,0.36,21.55,24.36,19.59,19.25,21.39,86.93,14.03,99.78,4.1,80.9,12.56,33.38,0.91,0.94,54.59
2024-01-07,PHU BAI,16.402,107.703,0.35,21.38,24.08,19.38,19.48,21.3,89.24,14.24,99.72,3.87,93.0,8.91,34.14,0.91,0.93,73.03
2024-01-08,PHU BAI,16.402,107.703,0.02,21.78,24.92,19.27,20.07,21.87,90.35,14.8,99.6,3.33,104.4,15.36,33.09,0.9,0.93,35.08
2024-01-09,PHU BAI,16.402,107.703,0.08,22.03,25.12,20.19,20.18,22.21,89.51,14.91,99.52,3.09,97.4,15.79,33.22,0.9,0.92,38.55
2024-01-10,PHU BAI,16.402,107.703,0.23,22.21,25.08,20.07,20.5,22.14,90.29,15.21,99.53,4.42,102.3,15.63,34.26,0.9,0.92,63.19
2024-01-11,PHU BAI,16.402,107.703,0.02,21.63,24.96,19.11,19.76,21.59,89.4,14.53,99.61,4.53,111.1,11.78,33.89,0.89,0.91,57.82
2024-01-12,PHU BAI,16.402,107.703,0.15,21.46,24.55,19.51,19.42,21.4,88.58,14.21,99.59,3.96,108.4,15.14,32.8,0.89,0.91,32.58
2024-01-13,PHU BAI,16.402,107.703,1.85,21.14,24.04,19.03,19.03,21.07,88.04,13.86,99.72,4.22,97.3,13.51,32.78,0.89,0.9,49.59
2024-01-14,PHU BAI,16.402,107.703,3.94,21.23,23.96,19.42,19.13,21.12,88.08,13.92,99.81,3.93,84.6,13.75,33.23,0.89,0.9,85.83
2024-01-15,PHU BAI,16.402,107.703,2.3,21.4,24.08,19.77,19.47,21.37,88.98,14.24,99.77,4.57,84.9,13.95,33.07,0.89,0.9,48.46
2024-01-16,PHU BAI,16.402,107.703,0.57,21.48,24.21,19.72,19.29,21.37,87.67,14.07,99.74,4.26,94.6,15.71,32.53,0.88,0.89,48.69
2024-01-17,PHU BAI,16.402,107.703,0.17,21.69,24.79,19.53,19.53,21.66,87.82,14.3,99.63,3.98,93.4,15.32,32.77,0.88,0.89,42.33
2024-01-18,PHU BAI,16.402,107.703,0.13,21.35,24.98,18.28,19.05,21.33,87.16,13.9,99.56,3.15,100.0,18.43,32.22,0.87,0.88,30.31
2024-01-19,PHU BAI,16.402,107.703,0.0,20.87,24.94,17.16,18.32,20.89,86.01,13.3,99.5,2.89,111.7,18.64,31.29,0.87,0.88,27.9
2024-01-20,PHU BAI,16.402,107.703,0.0,20.85,24.89,17.97,18.38,20.9,86.56,13.33,99.62,3.15,111.3,19.86,30.56,0.87,0.87,31.48
2024-01-21,PHU BAI,16.402,107.703,0.35,21.46,24.86,19.29,18.94,21.49,86.34,13.78,99.72,4.1,112.6,19.88,31.63,0.86,0.87,19.64
2024-01-22,PHU BAI,16.402,107.703,15.12,20.93,25.49,17.58,18.38,21.6,85.74,13.32,100.03,6.13,18.9,16.41,33.18,0.89,0.87,62.82
2024-01-23,PHU BAI,16.402,107.703,11.55,17.83,18.75,17.13,15.86,18.75,88.25,11.25,100.33,5.45,35.0,6.84,32.53,0.9,0.88,85.44
2024-01-24,PHU BAI,16.402,107.703,7.17,18.58,19.8,17.84,16.42,19.38,87.23,11.65,100.34,5.41,42.7,6.5,33.36,0.89,0.88,92.42
2024-01-25,PHU BAI,16.402,107.703,4.75,19.23,20.63,18.52,17.44,19.94,89.35,12.44,100.35,5.52,45.4,5.32,33.48,0.88,0.88,87.84
2024-01-26,PHU BAI,16.402,107.703,0.5,20.5,22.43,19.48,18.81,20.73,90.06,13.58,100.25,4.66,71.2,4.32,34.96,0.87,0.88,97.49
2024-01-27,PHU BAI,16.402,107.703,0.11,20.77,23.19,19.37,19.04,21.32,89.86,13.78,100.16,4.85,51.4,4.29,34.94,0.87,0.87,98.56
2024-01-28,PHU BAI,16.402,107.703,0.11,20.87,23.26,19.43,19.19,21.31,90.29,13.92,100.11,4.51,61.2,6.47,35.01,0.87,0.87,97.53
2024-01-29,PHU BAI,16.402,107.703,0.02,21.57,24.47,19.49,19.5,21.81,88.18,14.23,99.91,3.57,94.9,6.35,34.88,0.86,0.86,90.39
2024-01-30,PHU BAI,16.402,107.703,0.0,21.33,24.89,18.66,19.38,21.59,89.14,14.15,99.78,3.17,108.7,13.69,33.87,0.86,0.86,68.91
2024-01-31,PHU BAI,16.402,107.703,0.0,22.36,25.87,20.0,20.71,22.47,90.84,15.39,99.65,3.14,115.5,17.06,34.08,0.86,0.85,43.86
2024-02-01,PHU BAI,16.402,107.703,0.0,22.93,27.18,20.21,21.32,22.89,91.17,16.0,99.59,2.98,117.2,15.06,34.78,0.85,0.85,48.94
2024-02-02,PHU BAI,16.402,107.703,0.02,22.97,27.14,20.05,21.3,22.95,90.82,16.0,99.52,3.33,119.3,14.46,34.53,0.85,0.84,46.02
2024-02-03,PHU BAI,16.402,107.703,0.18,23.18,27.58,20.55,21.0,23.0,88.27,15.71,99.48,3.76,126.2,15.27,34.4,0.85,0.84,49.83
2024-02-04,PHU BAI,16.402,107.703,1.36,24.23,28.76,21.88,22.09,23.95,88.4,16.79,99.51,2.47,129.1,14.87,35.06,0.84,0.83,29.43
2024-02-05,PHU BAI,16.402,107.703,0.01,24.43,28.62,21.52,22.52,24.29,89.77,17.22,99.56,3.0,113.8,14.47,35.36,0.84,0.83,43.73
2024-02-06,PHU BAI,16.402,107.703,0.04,23.98,27.79,21.41,22.39,23.91,91.19,17.1,99.53,3.47,114.5,12.47,36.19,0.84,0.82,65.78
2024-02-07,PHU BAI,16.402,107.703,0.08,24.28,27.92,21.72,22.56,24.23,90.61,17.3,99.37,2.43,85.0,10.41,37.12,0.84,0.82,88.35
2024-02-08,PHU BAI,16.402,107.703,0.7,21.31,25.73,18.92,19.88,21.97,91.64,14.71,99.65,4.39,3.4,8.02,36.01,0.83,0.82,95.97
2024-02-09,PHU BAI,16.402,107.703,1.07,19.29,22.06,17.64,17.55,20.05,89.61,12.57,100.19,5.4,9.1,5.2,34.31,0.83,0.82,96.26
2024-02-10,PHU BAI,16.402,107.703,0.41,18.74,20.88,17.64,16.59,19.64,87.41,11.77,100.45,4.73,14.9,4.5,33.94,0.83,0.81,98.15
2024-02-11,PHU BAI,16.402,107.703,0.25,19.22,21.88,17.48,16.78,19.87,85.82,11.93,100.38,3.7,34.9,4.65,34.42,0.83,0.81,98.99
2024-02-12,PHU BAI,16.402,107.703,0.04,20.11,23.07,17.99,17.82,20.41,87.35,12.77,100.17,3.55,86.1,8.76,33.02,0.83,0.81,66.21
2024-02-13,PHU BAI,16.402,107.703,0.0,20.58,24.06,18.1,18.45,20.7,88.18,13.32,99.93,3.69,104.8,16.97,32.91,0.82,0.8,51.03
2024-02-14,PHU BAI,16.402,107.703,0.0,21.67,25.39,19.23,19.93,21.82,90.35,14.64,99.72,3.36,103.6,16.59,34.48,0.82,0.8,63.71
2024-02-15,PHU BAI,16.402,107.703,0.0,21.89,25.18,19.37,20.17,22.11,90.23,14.84,99.88,3.13,64.3,16.65,34.32,0.82,0.8,61.74
2024-02-16,PHU BAI,16.402,107.703,0.0,20.99,24.9,17.71,19.17,21.2,89.84,13.98,99.75,2.97,84.7,15.64,32.9,0.82,0.79,46.43
2024-02-17,PHU BAI,16.402,107.703,0.0,22.18,26.45,19.81,19.98,22.36,88.02,14.76,99.39,3.43,120.3,18.74,33.01,0.81,0.79,27.82
2024-02-18,PHU BAI,16.402,107.703,0.0,24.72,29.49,21.74,21.27,24.3,82.09,16.01,99.3,2.66,139.0,19.97,34.23,0.81,0.78,49.16
2024-02-19,PHU BAI,16.402,107.703,0.0,25.0,29.74,22.0,21.83,24.52,83.54,16.57,99.25,2.6,135.2,17.15,34.63,0.8,0.78,51.14
2024-02-20,PHU BAI,16.402,107.703,0.0,25.95,31.24,22.27,22.43,25.31,82.04,17.21,99.16,2.3,147.3,18.04,34.93,0.8,0.77,18.29
2024-02-21,PHU BAI,16.402,107.703,0.0,26.15,31.62,23.12,22.78,25.59,83.05,17.56,99.23,2.35,133.4,20.4,34.79,0.79,0.77,10.06
2024-02-22,PHU BAI,16.402,107.703,0.01,25.45,29.62,22.55,23.07,25.37,87.63,17.84,99.39,2.78,113.9,20.05,35.13,0.79,0.77,22.78
2024-02-23,PHU BAI,16.402,107.703,0.13,24.0,27.86,21.04,22.29,24.08,90.38,17.01,99.62,4.49,102.0,9.6,35.88,0.79,0.76,65.2
2024-02-24,PHU BAI,16.402,107.703,0.01,22.44,25.99,19.99,20.31,22.31,88.49,14.99,99.79,3.3,83.3,18.64,33.26,0.79,0.76,39.34
2024-02-25,PHU BAI,16.402,107.703,0.48,22.51,25.7,20.21,20.65,22.9,89.62,15.32,99.76,3.52,58.8,17.5,34.75,0.79,0.76,72.2
2024-02-26,PHU BAI,16.402,107.703,1.63,22.74,25.69,21.33,20.91,23.14,89.77,15.56,99.75,4.28,57.7,16.69,35.47,0.79,0.76,81.45
2024-02-27,PHU BAI,16.402,107.703,2.28,22.29,25.27,20.59,20.94,22.62,92.25,15.6,99.7,4.42,46.0,6.79,34.92,0.8,0.76,76.68
2024-02-28,PHU BAI,16.402,107.703,0.03,22.18,25.98,19.6,20.44,22.49,90.25,15.16,99.48,3.21,95.0,13.45,35.04,0.79,0.76,77.06
2024-02-29,PHU BAI,16.402,107.703,0.55,22.96,26.57,20.78,21.18,23.41,90.08,15.85,99.59,3.68,53.5,14.09,36.31,0.78,0.75,88.66
2024-03-01,PHU BAI,16.402,107.703,1.62,20.36,24.01,18.45,18.57,21.27,89.59,13.46,99.83,5.18,7.2,5.77,34.03,0.79,0.75,84.05
2024-03-02,PHU BAI,16.402,107.703,1.03,20.04,22.56,18.82,18.15,20.85,88.94,13.08,99.82,4.05,42.6,7.81,33.54,0.79,0.75,82.42
2024-03-03,PHU BAI,16.402,107.703,0.01,22.25,25.83,19.98,20.27,22.5,89.12,15.03,99.33,3.46,116.0,14.44,34.34,0.78,0.75,57.13
2024-03-04,PHU BAI,16.402,107.703,0.0,26.27,31.98,22.68,21.66,25.12,76.98,16.46,98.97,2.65,200.1,22.21,34.19,0.77,0.74,11.4
2024-03-05,PHU BAI,16.402,107.703,0.0,27.79,33.11,22.98,22.31,26.18,73.26,17.18,98.78,3.13,221.7,21.63,34.72,0.77,0.74,6.47
2024-03-06,PHU BAI,16.402,107.703,0.0,25.42,32.93,20.72,21.54,25.09,81.39,16.32,99.03,3.25,317.8,20.25,35.01,0.76,0.73,40.08
2024-03-07,PHU BAI,16.402,107.703,0.48,23.2,26.17,21.7,21.64,23.71,91.2,16.36,99.35,3.8,350.6,6.4,36.92,0.77,0.73,98.61
2024-03-08,PHU BAI,16.402,107.703,0.26,23.22,26.08,21.18,21.87,23.37,92.43,16.56,99.47,4.11,86.2,5.96,36.51,0.77,0.73,93.1
2024-03-09,PHU BAI,16.402,107.703,0.26,23.93,27.38,21.82,22.13,24.2,90.16,16.83,99.45,3.2,90.9,9.86,36.59,0.76,0.73,88.56
2024-03-10,PHU BAI,16.402,107.703,0.41,23.37,26.12,21.48,21.89,23.43,91.71,16.55,99.67,2.7,70.0,7.51,36.24,0.76,0.73,90.01
2024-03-11,PHU BAI,16.402,107.703,1.01,21.83,25.59,19.14,20.19,22.45,90.53,14.94,99.79,3.96,359.4,5.54,35.55,0.76,0.73,89.88
2024-03-12,PHU BAI,16.402,107.703,0.05,22.73,25.76,21.05,20.91,23.29,89.87,15.58,99.62,2.99,80.1,13.43,35.49,0.76,0.73,79.65
2024-03-13,PHU BAI,16.402,107.703,0.01,24.42,28.62,21.86,22.37,24.5,89.05,17.09,99.39,3.6,112.1,19.04,35.43,0.75,0.72,42.38
2024-03-14,PHU BAI,16.402,107.703,1.84,25.18,29.17,22.9,22.91,25.16,87.91,17.69,99.3,3.6,111.9,13.0,37.01,0.76,0.72,85.04
2024-03-15,PHU BAI,16.402,107.703,0.43,24.63,28.3,22.9,22.61,24.52,88.9,17.35,99.35,3.51,123.0,8.17,36.56,0.75,0.72,74.32
2024-03-16,PHU BAI,16.402,107.703,0.0,23.95,26.67,21.73,21.88,23.55,88.47,16.6,99.43,3.09,133.2,11.19,35.78,0.75,0.72,76.01
2024-03-17,PHU BAI,16.402,107.703,0.01,24.57,28.9,21.5,22.02,24.6,86.49,16.75,99.35,3.06,116.4,18.09,34.75,0.74,0.71,39.61
2024-03-18,PHU BAI,16.402,107.703,0.05,24.78,29.26,21.46,22.5,24.68,87.83,17.25,99.32,3.44,111.4,17.49,34.95,0.73,0.71,52.97
2024-03-19,PHU BAI,16.402,107.703,2.69,24.15,26.91,22.29,22.27,24.29,89.55,16.94,99.7,4.82,52.1,16.52,36.03,0.74,0.7,81.09
2024-03-20,PHU BAI,16.402,107.703,3.69,22.76,25.67,20.74,20.75,23.21,88.63,15.39,99.87,4.72,41.9,4.86,36.17,0.75,0.71,99.34
2024-03-21,PHU BAI,16.402,107.703,0.33,22.77,25.96,20.34,20.77,23.14,89.06,15.49,99.38,3.48,101.2,14.43,34.51,0.74,0.71,64.45
2024-03-22,PHU BAI,16.402,107.703,0.0,25.48,29.67,23.24,22.42,25.44,84.08,17.21,99.0,3.02,130.6,20.1,35.27,0.73,0.7,30.1
2024-03-23,PHU BAI,16.402,107.703,0.14,26.54,30.25,24.27,23.48,26.24,84.13,18.36,99.03,2.5,130.9,20.96,35.66,0.73,0.69,16.65
2024-03-24,PHU BAI,16.402,107.703,0.23,26.09,30.99,23.24,23.41,25.84,86.21,18.25,99.22,2.49,119.5,18.5,35.82,0.72,0.69,34.37
2024-03-25,PHU BAI,16.402,107.703,0.02,25.91,30.16,22.7,23.44,25.8,87.02,18.26,99.3,2.88,117.1,17.78,35.7,0.72,0.69,45.53
2024-03-26,PHU BAI,16.402,107.703,0.01,25.05,28.64,22.09,22.75,25.14,87.79,17.47,99.56,4.16,107.8,18.91,34.65,0.71,0.68,75.11
2024-03-27,PHU BAI,16.402,107.703,0.21,25.42,29.72,22.98,22.95,25.39,86.87,17.71,99.43,3.27,120.5,22.1,35.31,0.71,0.68,45.79
2024-03-28,PHU BAI,16.402,107.703,3.37,26.29,29.01,24.25,23.57,25.82,85.41,18.41,99.27,1.38,112.5,17.54,36.51,0.73,0.68,87.1
2024-03-29,PHU BAI,16.402,107.703,4.24,25.71,28.51,24.33,24.07,25.49,90.93,18.98,99.31,3.0,118.3,14.77,36.47,0.74,0.69,88.05
2024-03-30,PHU BAI,16.402,107.703,0.12,27.43,31.13,24.8,23.69,26.79,80.63,18.57,99.26,2.33,154.3,18.43,36.66,0.72,0.69,57.06
2024-03-31,PHU BAI,16.402,107.703,0.01,28.95,34.26,24.82,23.61,27.84,74.28,18.54,99.0,2.54,191.9,22.19,36.23,0.71,0.68,11.92
2024-04-01,PHU BAI,16.402,107.703,0.0,28.9,34.59,24.36,23.33,27.69,73.74,18.27,98.79,3.11,199.2,22.12,35.84,0.7,0.67,11.94
2024-04-02,PHU BAI,16.402,107.703,0.0,29.09,35.23,24.92,23.96,27.99,75.46,18.99,98.71,2.7,181.9,23.26,36.16,0.69,0.66,7.2
2024-04-03,PHU BAI,16.402,107.703,0.0,29.26,34.74,25.12,24.31,28.11,75.96,19.36,98.82,2.52,170.8,22.37,36.54,0.69,0.66,8.14
2024-04-04,PHU BAI,16.402,107.703,0.0,28.86,34.33,24.96,24.55,28.0,79.18,19.65,98.82,2.32,140.6,22.78,36.05,0.69,0.65,4.98
2024-04-05,PHU BAI,16.402,107.703,0.0,27.84,32.81,24.8,24.17,27.55,81.7,19.19,98.85,2.84,124.8,21.82,35.95,0.68,0.65,19.89
2024-04-06,PHU BAI,16.402,107.703,0.0,27.14,30.78,24.71,24.53,27.03,86.16,19.6,98.89,2.55,122.2,20.65,36.21,0.68,0.65,26.48
2024-04-07,PHU BAI,16.402,107.703,0.15,27.78,32.0,25.36,24.87,27.47,84.96,20.01,98.88,2.06,118.4,20.26,36.48,0.68,0.64,23.53
2024-04-08,PHU BAI,16.402,107.703,0.87,26.49,29.95,24.26,24.75,26.68,90.58,19.82,99.16,2.25,46.5,15.81,37.04,0.68,0.64,76.27
2024-04-09,PHU BAI,16.402,107.703,0.39,25.74,28.57,23.61,24.13,25.94,91.14,19.04,99.38,2.86,73.6,14.75,36.75,0.68,0.64,88.0
2024-04-10,PHU BAI,16.402,107.703,0.0,25.25,28.67,22.6,23.1,25.47,88.59,17.89,99.42,2.84,104.2,17.42,35.69,0.68,0.64,74.12
2024-04-11,PHU BAI,16.402,107.703,0.01,25.34,28.85,22.63,23.31,25.56,89.1,18.13,99.37,3.1,112.1,22.43,35.01,0.67,0.64,36.91
2024-04-12,PHU BAI,16.402,107.703,0.0,25.9,30.24,22.34,23.46,25.98,87.24,18.34,99.18,3.62,119.7,22.28,34.98,0.67,0.63,25.7
2024-04-13,PHU BAI,16.402,107.703,0.0,26.58,30.94,23.43,23.04,26.36,81.88,17.93,99.03,2.74,132.6,23.07,34.01,0.67,0.63,42.07
2024-04-14,PHU BAI,16.402,107.703,0.0,27.58,32.31,23.58,23.51,27.07,79.62,18.44,99.05,2.54,139.5,22.89,34.66,0.67,0.63,40.58
2024-04-15,PHU BAI,16.402,107.703,0.0,27.22,31.89,23.61,23.9,27.08,83.19,18.85,99.11,2.94,125.0,23.95,34.91,0.66,0.62,40.26
2024-04-16,PHU BAI,16.402,107.703,0.0,26.97,30.95,24.09,23.3,26.82,81.34,18.21,98.95,2.99,132.9,21.31,35.32,0.66,0.62,44.24
2024-04-17,PHU BAI,16.402,107.703,0.8,28.69,33.38,25.58,24.55,28.11,79.25,19.64,98.84,2.4,156.0,20.43,37.11,0.66,0.62,38.62
2024-04-18,PHU BAI,16.402,107.703,2.35,28.99,33.99,25.76,24.7,28.47,79.01,19.86,98.69,2.92,143.4,20.08,37.17,0.67,0.62,33.5
2024-04-19,PHU BAI,16.402,107.703,0.39,29.26,35.16,25.63,24.53,28.67,77.44,19.68,98.61,2.94,154.5,19.75,37.17,0.65,0.61,35.99
2024-04-20,PHU BAI,16.402,107.703,0.03,30.0,35.33,27.06,24.55,29.24,74.12,19.71,98.59,2.75,165.7,22.6,37.2,0.64,0.61,28.1
2024-04-21,PHU BAI,16.402,107.703,0.0,28.58,33.23,26.15,24.17,27.85,77.98,19.24,98.69,3.35,168.1,20.11,37.08,0.64,0.6,54.67
2024-04-22,PHU BAI,16.402,107.703,0.0,29.89,34.92,26.58,24.75,29.22,75.25,19.93,98.66,2.69,151.7,22.36,37.31,0.64,0.6,19.99
2024-04-23,PHU BAI,16.402,107.703,0.0,30.08,35.72,26.5,25.14,29.41,76.65,20.39,98.68,2.28,165.2,20.65,37.92,0.63,0.59,60.87
2024-04-24,PHU BAI,16.402,107.703,0.0,29.43,33.96,26.6,24.47,29.04,76.04,19.6,98.73,2.37,138.7,18.05,37.77,0.63,0.59,71.37
2024-04-25,PHU BAI,16.402,107.703,0.14,30.66,36.08,27.07,24.35,29.81,70.51,19.49,98.54,2.86,185.0,21.14,37.34,0.62,0.59,16.71
2024-04-26,PHU BAI,16.402,107.703,0.38,31.69,36.66,27.27,24.15,30.16,65.63,19.26,98.49,3.45,215.4,22.1,37.75,0.61,0.58,41.88
2024-04-27,PHU BAI,16.402,107.703,0.0,31.84,37.44,27.4,24.17,30.5,65.71,19.3,98.49,3.29,206.1,22.55,37.16,0.6,0.57,9.19
2024-04-28,PHU BAI,16.402,107.703,0.01,31.99,37.76,27.64,24.42,30.88,65.9,19.53,98.69,3.31,183.1,24.13,37.85,0.6,0.57,17.52
2024-04-29,PHU BAI,16.402,107.703,0.0,31.73,37.91,27.41,24.58,30.76,67.66,19.76,98.6,3.31,184.3,22.19,37.38,0.59,0.56,8.23
2024-04-30,PHU BAI,16.402,107.703,0.0,32.54,38.67,28.24,23.76,31.04,62.1,18.87,98.37,3.35,210.9,24.18,37.59,0.58,0.56,18.86
2024-05-01,PHU BAI,16.402,107.703,12.92,30.34,37.35,26.0,24.99,29.85,75.56,20.24,98.6,2.4,275.1,21.84,37.86,0.64,0.56,51.79
2024-05-02,PHU BAI,16.402,107.703,17.35,28.21,32.41,25.72,25.63,28.43,86.53,20.97,98.86,2.8,107.3,18.11,38.1,0.74,0.6,82.01
2024-05-03,PHU BAI,16.402,107.703,22.69,28.47,32.36,25.67,24.94,28.71,82.33,20.12,98.89,2.86,126.2,7.76,38.07,0.74,0.62,99.33
2024-05-04,PHU BAI,16.402,107.703,12.03,29.22,33.97,26.61,25.0,28.68,79.02,20.22,98.69,2.29,169.4,10.53,37.39,0.74,0.65,56.95
2024-05-05,PHU BAI,16.402,107.703,0.82,28.6,32.92,25.94,25.25,28.34,83.1,20.47,98.89,2.1,116.5,16.11,37.18,0.67,0.64,89.88
2024-05-06,PHU BAI,16.402,107.703,3.29,27.69,31.03,24.94,25.16,27.85,86.78,20.33,99.13,3.36,114.7,18.84,37.25,0.68,0.63,84.76
2024-05-07,PHU BAI,16.402,107.703,2.46,26.79,30.29,24.02,24.5,27.22,87.92,19.5,99.28,2.7,92.6,19.3,36.18,0.68,0.62,78.72
2024-05-08,PHU BAI,16.402,107.703,0.04,26.16,30.11,23.06,23.19,26.51,84.84,18.05,99.23,3.01,105.2,21.84,35.25,0.65,0.61,62.46
2024-05-09,PHU BAI,16.402,107.703,0.11,26.93,30.66,24.08,24.33,27.46,86.7,19.32,99.26,3.05,98.2,24.54,35.52,0.64,0.6,61.98
2024-05-10,PHU BAI,16.402,107.703,0.06,26.99,30.57,24.59,23.84,27.46,83.91,18.75,99.24,3.09,109.9,22.62,35.96,0.63,0.59,71.82
2024-05-11,PHU BAI,16.402,107.703,0.12,28.06,31.64,25.46,24.61,28.42,82.37,19.64,99.2,2.55,108.3,20.39,37.03,0.63,0.59,78.03
2024-05-12,PHU BAI,16.402,107.703,0.79,27.86,30.96,25.58,24.5,27.92,82.95,19.56,99.12,2.24,113.0,22.25,36.81,0.63,0.59,69.92
2024-05-13,PHU BAI,16.402,107.703,4.3,27.24,29.52,25.32,24.9,27.61,87.28,20.0,99.16,2.24,59.9,17.52,37.25,0.66,0.59,85.29
2024-05-14,PHU BAI,16.402,107.703,1.3,27.41,30.12,25.56,24.68,27.93,85.36,19.72,99.18,2.37,71.0,16.37,37.08,0.64,0.59,72.09
2024-05-15,PHU BAI,16.402,107.703,0.49,28.22,31.64,25.8,24.86,28.86,82.74,19.92,99.26,2.77,83.3,20.84,37.33,0.62,0.58,73.49
2024-05-16,PHU BAI,16.402,107.703,25.49,27.65,30.53,25.93,24.96,28.2,85.73,20.06,99.14,2.92,65.5,19.62,37.54,0.71,0.59,79.27
2024-05-17,PHU BAI,16.402,107.703,7.76,28.03,30.72,26.18,24.89,28.24,83.43,20.02,98.98,1.95,97.3,16.73,37.74,0.72,0.63,92.04
2024-05-18,PHU BAI,16.402,107.703,0.54,27.67,29.22,26.17,25.29,27.83,86.99,20.56,98.68,2.5,135.4,19.21,37.48,0.67,0.62,89.31
2024-05-19,PHU BAI,16.402,107.703,4.36,29.92,33.4,26.5,25.28,29.32,77.04,20.6,98.51,1.92,234.5,21.61,37.58,0.67,0.62,99.09
2024-05-20,PHU BAI,16.402,107.703,35.7,28.31,32.12,25.95,25.61,28.34,86.01,20.96,98.7,2.16,336.5,12.45,37.7,0.81,0.65,99.01
2024-05-21,PHU BAI,16.402,107.703,11.72,26.93,29.07,25.61,24.85,27.37,88.45,19.98,98.9,3.13,348.8,15.83,37.53,0.75,0.67,94.34
2024-05-22,PHU BAI,16.402,107.703,12.8,26.91,29.66,24.57,24.48,27.53,86.85,19.54,98.92,2.23,44.4,14.89,37.46,0.75,0.67,98.04
2024-05-23,PHU BAI,16.402,107.703,14.16,25.6,27.05,24.89,23.24,26.21,86.77,18.1,98.95,1.21,73.9,11.27,36.85,0.78,0.68,95.34
2024-05-24,PHU BAI,16.402,107.703,3.42,26.92,28.63,25.5,24.29,27.2,85.69,19.3,98.98,1.93,94.1,19.5,37.45,0.72,0.67,81.08
2024-05-25,PHU BAI,16.402,107.703,1.05,28.36,31.27,26.4,25.78,28.47,86.24,21.13,98.92,3.04,108.3,21.58,37.91,0.7,0.66,75.94
2024-05-26,PHU BAI,16.402,107.703,0.47,29.2,31.65,26.78,25.7,28.81,81.7,21.06,98.8,1.77,222.9,21.24,37.81,0.69,0.65,76.95
2024-05-27,PHU BAI,16.402,107.703,0.0,29.89,33.48,27.14,25.43,29.46,77.37,20.8,98.57,3.54,241.1,23.23,38.28,0.67,0.64,72.81
2024-05-28,PHU BAI,16.402,107.703,6.29,28.82,31.61,26.4,25.48,28.36,82.43,20.85,98.55,3.93,235.6,15.45,38.16,0.69,0.63,99.54
2024-05-29,PHU BAI,16.402,107.703,3.87,28.74,31.12,26.52,25.82,28.24,84.33,21.31,98.45,3.53,235.8,19.41,37.74,0.71,0.64,98.94
2024-05-30,PHU BAI,16.402,107.703,1.59,28.93,31.92,26.58,25.82,28.59,83.71,21.32,98.41,3.55,248.0,14.12,37.97,0.68,0.63,98.61
2024-05-31,PHU BAI,16.402,107.703,2.45,28.24,30.6,26.05,25.39,28.04,84.75,20.69,98.71,2.58,212.5,4.78,37.7,0.68,0.63,99.36
2024-06-01,PHU BAI,16.402,107.703,3.42,28.25,30.94,25.84,25.21,28.23,83.91,20.4,99.03,1.37,189.3,15.47,38.04,0.7,0.64,95.28
2024-06-02,PHU BAI,16.402,107.703,1.04,29.38,32.2,26.33,24.9,29.19,77.49,20.05,98.91,1.94,222.6,19.86,38.06,0.68,0.63,80.63
2024-06-03,PHU BAI,16.402,107.703,10.46,28.29,31.12,26.06,25.08,28.11,83.06,20.29,98.8,3.4,225.4,19.57,37.73,0.71,0.63,85.74
2024-06-04,PHU BAI,16.402,107.703,3.53,29.54,32.87,27.0,26.03,29.29,81.97,21.5,98.75,2.01,197.5,22.33,38.19,0.71,0.64,74.54
2024-06-05,PHU BAI,16.402,107.703,1.96,29.91,32.61,27.09,25.83,29.36,79.22,21.21,98.89,1.8,233.9,18.3,38.15,0.68,0.64,91.98
2024-06-06,PHU BAI,16.402,107.703,0.26,29.23,32.01,26.26,25.13,29.07,79.2,20.34,98.9,1.68,219.5,19.35,37.43,0.67,0.63,97.19
2024-06-07,PHU BAI,16.402,107.703,14.92,29.19,32.32,26.69,25.37,29.0,80.5,20.67,98.7,1.56,205.6,19.67,37.86,0.74,0.64,92.75
2024-06-08,PHU BAI,16.402,107.703,1.64,28.81,31.48,26.39,25.16,28.71,81.19,20.42,98.62,1.57,175.1,17.69,38.05,0.7,0.64,97.18
2024-06-09,PHU BAI,16.402,107.703,12.38,28.06,30.72,26.31,25.42,28.21,85.87,20.73,98.68,1.37,158.6,18.68,37.8,0.74,0.65,93.86
2024-06-10,PHU BAI,16.402,107.703,11.99,28.93,32.07,26.5,25.03,28.97,80.1,20.22,98.84,1.55,179.7,19.96,37.57,0.76,0.67,90.48
2024-06-11,PHU BAI,16.402,107.703,0.19,29.53,32.56,26.57,24.94,29.26,76.89,20.11,98.86,2.12,222.8,19.92,38.09,0.69,0.66,81.68
2024-06-12,PHU BAI,16.402,107.703,0.14,29.28,32.44,26.38,25.16,28.94,78.92,20.39,98.83,2.93,234.0,20.37,38.02,0.68,0.64,81.84
2024-06-13,PHU BAI,16.402,107.703,0.03,29.1,32.71,26.05,24.5,28.85,76.7,19.66,98.66,3.81,239.3,23.28,37.34,0.67,0.63,48.08
2024-06-14,PHU BAI,16.402,107.703,0.62,27.59,31.8,24.05,23.2,27.73,77.44,18.24,98.63,4.89,225.7,23.82,36.57,0.66,0.62,67.94
2024-06-15,PHU BAI,16.402,107.703,0.12,29.62,33.69,26.57,25.19,29.55,78.0,20.51,98.59,3.05,220.9,22.57,37.45,0.66,0.62,78.74
2024-06-16,PHU BAI,16.402,107.703,0.19,30.03,32.69,27.1,25.28,29.71,76.32,20.57,98.66,1.62,215.8,22.03,37.76,0.66,0.61,98.1
2024-06-17,PHU BAI,16.402,107.703,0.33,30.27,34.12,26.93,25.51,29.96,76.66,20.87,98.66,1.99,221.3,23.01,37.91,0.65,0.61,85.05
2024-06-18,PHU BAI,16.402,107.703,0.3,29.61,32.73,26.39,25.28,29.4,78.16,20.6,98.57,2.51,230.6,20.24,37.61,0.65,0.61,96.88
2024-06-19,PHU BAI,16.402,107.703,0.91,29.74,33.22,26.53,25.18,29.57,77.2,20.49,98.48,2.36,230.6,22.42,38.05,0.65,0.6,76.13
2024-06-20,PHU BAI,16.402,107.703,0.56,29.88,32.75,27.04,25.2,29.6,76.63,20.51,98.46,2.27,225.0,23.26,37.99,0.64,0.6,52.17
2024-06-21,PHU BAI,16.402,107.703,0.39,28.99,32.07,26.46,25.38,29.02,81.54,20.77,98.43,2.59,124.9,22.46,37.64,0.64,0.59,36.98
2024-06-22,PHU BAI,16.402,107.703,1.26,28.41,31.48,26.46,25.21,28.71,83.47,20.55,98.46,2.26,116.2,20.6,37.61,0.65,0.59,88.29
2024-06-23,PHU BAI,16.402,107.703,4.65,29.06,31.58,26.56,24.4,29.01,76.54,19.54,98.48,1.67,227.0,7.73,37.79,0.67,0.6,99.75
2024-06-24,PHU BAI,16.402,107.703,4.33,28.77,31.87,26.34,24.63,28.87,78.89,19.79,98.57,1.75,165.5,14.33,37.71,0.67,0.6,99.26
2024-06-25,PHU BAI,16.402,107.703,1.64,28.34,30.86,25.98,25.02,28.69,82.89,20.25,98.71,2.41,122.8,17.7,37.78,0.66,0.6,98.43
2024-06-26,PHU BAI,16.402,107.703,1.79,27.68,30.19,26.16,24.73,28.0,84.41,19.84,98.92,2.87,117.9,11.28,36.99,0.66,0.6,96.41
2024-06-27,PHU BAI,16.402,107.703,2.02,28.48,31.54,26.6,25.16,28.79,82.86,20.35,98.93,3.63,119.3,20.15,37.5,0.65,0.6,67.22
2024-06-28,PHU BAI,16.402,107.703,0.94,28.92,32.3,26.33,25.16,29.04,80.91,20.38,98.84,2.13,167.6,22.0,37.61,0.65,0.6,59.88
2024-06-29,PHU BAI,16.402,107.703,0.92,29.52,33.68,26.5,25.21,29.37,78.68,20.47,98.83,2.05,195.9,22.93,37.91,0.64,0.59,64.74
2024-06-30,PHU BAI,16.402,107.703,0.18,28.54,30.76,26.43,24.76,28.39,80.49,19.9,98.84,2.59,218.1,21.9,37.23,0.64,0.59,88.74
2024-07-01,PHU BAI,16.402,107.703,0.13,28.5,32.05,25.69,24.37,28.29,78.86,19.48,98.64,3.2,227.0,20.36,37.43,0.63,0.59,82.99
2024-07-02,PHU BAI,16.402,107.703,0.44,29.47,33.69,26.77,24.96,29.32,77.67,20.18,98.67,2.27,168.9,21.94,37.36,0.62,0.58,94.98
2024-07-03,PHU BAI,16.402,107.703,1.34,28.14,31.03,25.95,24.87,28.18,83.12,20.02,98.93,2.43,117.4,19.08,36.86,0.64,0.58,98.25
2024-07-04,PHU BAI,16.402,107.703,0.84,27.07,29.61,25.3,24.6,27.49,86.6,19.69,98.94,1.66,231.8,19.45,37.13,0.64,0.58,81.97
2024-07-05,PHU BAI,16.402,107.703,0.08,28.22,31.8,26.28,24.3,28.57,80.22,19.37,98.76,2.73,120.5,22.48,37.51,0.62,0.58,54.86
2024-07-06,PHU BAI,16.402,107.703,0.06,27.78,30.57,25.71,24.5,27.98,82.94,19.6,98.77,2.74,133.9,22.93,36.97,0.62,0.57,34.62
2024-07-07,PHU BAI,16.402,107.703,0.1,28.32,31.98,25.72,24.66,28.58,81.38,19.79,98.81,2.62,134.6,24.1,36.81,0.62,0.57,56.72
2024-07-08,PHU BAI,16.402,107.703,0.45,28.34,31.39,25.83,24.91,28.49,82.16,20.09,98.77,2.28,288.1,21.71,37.37,0.61,0.57,66.12
2024-07-09,PHU BAI,16.402,107.703,0.1,28.75,32.43,25.95,24.4,28.96,78.26,19.48,98.85,1.95,213.7,22.41,37.38,0.61,0.56,73.77
2024-07-10,PHU BAI,16.402,107.703,2.14,29.53,33.6,26.14,24.44,29.57,75.41,19.53,98.81,2.2,207.7,22.84,37.66,0.61,0.56,78.45
2024-07-11,PHU BAI,16.402,107.703,2.81,29.41,33.17,26.29,24.57,29.13,76.32,19.73,98.58,2.35,224.9,22.03,38.12,0.62,0.56,61.6
2024-07-12,PHU BAI,16.402,107.703,0.77,28.65,31.19,25.83,24.6,28.33,79.11,19.79,98.42,2.24,247.2,21.92,37.47,0.61,0.56,76.2
2024-07-13,PHU BAI,16.402,107.703,2.0,28.55,31.96,26.41,24.83,28.65,81.01,20.08,98.37,2.32,109.5,20.77,37.77,0.61,0.56,71.27
2024-07-14,PHU BAI,16.402,107.703,43.18,27.92,30.44,26.33,25.05,28.3,85.04,20.35,98.43,3.04,356.1,4.62,37.46,0.78,0.59,99.26
2024-07-15,PHU BAI,16.402,107.703,23.59,27.07,28.46,25.25,25.66,27.06,92.01,21.14,98.3,4.7,51.2,13.94,37.26,0.8,0.66,90.05
2024-07-16,PHU BAI,16.402,107.703,3.2,27.35,29.72,25.32,24.76,27.56,86.11,19.98,98.51,2.88,110.5,17.86,37.13,0.7,0.65,98.95
2024-07-17,PHU BAI,16.402,107.703,14.24,27.52,30.26,25.7,24.9,27.75,86.05,20.14,98.47,2.8,108.7,13.48,37.38,0.74,0.65,99.55
2024-07-18,PHU BAI,16.402,107.703,33.08,27.47,30.61,26.09,25.0,27.64,86.79,20.23,98.58,2.19,139.0,13.67,37.33,0.8,0.67,98.62
2024-07-19,PHU BAI,16.402,107.703,10.06,28.47,30.61,26.42,25.03,27.99,81.88,20.29,98.55,1.41,186.5,17.43,37.81,0.77,0.7,95.81
2024-07-20,PHU BAI,16.402,107.703,3.08,28.03,30.58,26.12,25.31,28.03,85.46,20.59,98.63,2.2,346.7,18.89,37.32,0.72,0.68,93.64
2024-07-21,PHU BAI,16.402,107.703,1.56,27.83,30.26,25.99,25.6,27.72,87.86,21.0,98.51,3.71,295.0,10.95,37.41,0.7,0.66,99.12
2024-07-22,PHU BAI,16.402,107.703,1.94,28.45,31.5,26.51,25.16,27.99,82.67,20.47,98.42,4.43,253.2,14.34,37.56,0.69,0.64,99.23
2024-07-23,PHU BAI,16.402,107.703,2.74,28.16,31.11,26.49,24.1,27.63,78.99,19.24,98.24,6.31,243.5,12.63,37.66,0.68,0.63,99.42
2024-07-24,PHU BAI,16.402,107.703,0.38,28.42,31.01,26.74,23.6,27.72,75.44,18.73,98.02,6.53,242.4,15.04,37.84,0.66,0.62,99.15
2024-07-25,PHU BAI,16.402,107.703,0.28,28.32,30.89,26.47,23.41,27.77,74.97,18.51,98.01,7.41,247.0,17.0,37.66,0.65,0.61,92.45
2024-07-26,PHU BAI,16.402,107.703,1.02,28.58,31.5,26.36,24.41,28.17,78.5,19.65,98.21,5.84,247.8,15.4,37.83,0.65,0.6,95.74
2024-07-27,PHU BAI,16.402,107.703,0.38,29.31,32.75,26.54,25.29,28.86,79.55,20.64,98.44,3.29,239.7,20.0,37.92,0.64,0.6,97.58
2024-07-28,PHU BAI,16.402,107.703,0.42,28.02,30.17,25.9,25.1,27.82,84.34,20.39,98.48,2.46,220.6,11.22,37.51,0.65,0.6,99.59
2024-07-29,PHU BAI,16.402,107.703,0.9,28.51,31.72,26.07,24.59,28.25,80.05,19.76,98.58,2.27,201.1,12.06,37.62,0.64,0.59,99.75
2024-07-30,PHU BAI,16.402,107.703,0.99,28.44,31.14,25.94,24.25,28.14,78.53,19.32,98.68,2.5,227.8,10.85,37.53,0.64,0.59,99.54
2024-07-31,PHU BAI,16.402,107.703,0.74,28.72,32.41,25.82,24.41,28.35,78.14,19.49,98.85,2.87,223.4,12.61,37.75,0.64,0.59,99.48
2024-08-01,PHU BAI,16.402,107.703,1.21,28.4,32.51,25.01,23.6,28.23,76.18,18.54,98.9,3.12,231.8,13.71,37.33,0.63,0.58,97.7
2024-08-02,PHU BAI,16.402,107.703,1.17,29.07,32.67,25.9,24.48,28.91,77.13,19.57,98.88,2.53,230.2,16.81,37.75,0.63,0.58,82.5
2024-08-03,PHU BAI,16.402,107.703,1.56,28.2,31.1,25.05,24.12,28.26,79.2,19.11,98.97,2.35,223.3,23.02,36.82,0.64,0.58,49.18
2024-08-04,PHU BAI,16.402,107.703,0.07,29.37,33.4,25.69,23.93,29.41,73.85,18.93,98.9,2.04,209.2,24.43,36.52,0.62,0.57,18.28
2024-08-05,PHU BAI,16.402,107.703,0.06,29.34,32.73,26.98,24.42,29.42,75.73,19.51,98.8,2.15,145.8,24.11,36.83,0.61,0.57,14.44
2024-08-06,PHU BAI,16.402,107.703,0.04,28.93,32.48,26.34,24.4,28.93,77.66,19.5,98.75,2.45,139.1,23.96,36.68,0.61,0.57,31.78
2024-08-07,PHU BAI,16.402,107.703,1.4,29.28,32.65,26.69,25.09,29.55,79.06,20.29,98.84,2.31,144.9,23.97,37.2,0.61,0.56,24.5
2024-08-08,PHU BAI,16.402,107.703,0.73,30.04,33.87,26.31,25.05,29.95,75.58,20.27,98.79,1.97,224.3,24.79,37.54,0.6,0.56,25.42
2024-08-09,PHU BAI,16.402,107.703,0.21,30.42,34.25,27.27,25.16,30.16,74.44,20.45,98.64,2.27,229.1,24.88,38.07,0.59,0.55,39.89
2024-08-10,PHU BAI,16.402,107.703,0.93,30.42,34.26,27.33,25.65,30.14,76.49,21.07,98.49,2.87,232.2,24.08,38.07,0.59,0.55,36.51
2024-08-11,PHU BAI,16.402,107.703,3.34,28.81,31.87,26.35,25.53,28.75,82.85,20.93,98.39,2.86,231.9,22.54,37.52,0.62,0.56,73.77
2024-08-12,PHU BAI,16.402,107.703,2.51,29.76,33.6,26.5,25.27,29.63,77.59,20.59,98.52,2.53,235.1,19.16,37.81,0.62,0.56,98.21
2024-08-13,PHU BAI,16.402,107.703,0.31,30.03,33.97,26.96,25.36,30.09,77.06,20.66,98.71,1.98,207.3,20.27,38.0,0.6,0.56,88.77
2024-08-14,PHU BAI,16.402,107.703,6.07,29.62,32.97,27.19,25.31,29.82,78.66,20.6,98.73,2.04,137.1,20.1,38.07,0.62,0.55,87.73
2024-08-15,PHU BAI,16.402,107.703,33.52,28.11,29.47,26.5,24.92,28.18,83.0,20.12,98.65,2.08,212.6,21.86,37.18,0.77,0.59,75.04
2024-08-16,PHU BAI,16.402,107.703,4.68,29.34,32.5,26.72,25.78,29.49,81.76,21.2,98.71,1.55,260.7,19.73,38.0,0.71,0.62,85.48
2024-08-17,PHU BAI,16.402,107.703,0.36,28.64,30.89,25.86,24.96,28.67,80.89,20.13,98.89,1.89,217.4,17.95,37.19,0.66,0.62,97.5
2024-08-18,PHU BAI,16.402,107.703,0.07,29.9,33.58,26.95,25.6,29.76,78.45,20.95,98.8,2.03,223.4,19.85,37.76,0.65,0.6,89.94
2024-08-19,PHU BAI,16.402,107.703,2.39,29.05,32.18,26.4,25.6,28.81,82.0,20.95,98.78,2.82,235.7,22.85,37.23,0.65,0.6,82.21
2024-08-20,PHU BAI,16.402,107.703,2.58,28.77,31.63,25.58,24.61,28.6,78.93,19.72,98.89,2.66,221.8,17.14,37.02,0.66,0.6,95.35
2024-08-21,PHU BAI,16.402,107.703,1.52,28.76,32.57,25.84,24.93,28.87,80.41,20.07,99.01,1.61,218.9,21.69,37.04,0.65,0.59,64.46
2024-08-22,PHU BAI,16.402,107.703,0.27,28.83,32.73,26.61,24.44,28.79,78.18,19.49,99.04,2.58,149.5,23.56,37.04,0.63,0.59,62.42
2024-08-23,PHU BAI,16.402,107.703,1.15,28.82,32.22,25.87,24.55,28.89,78.48,19.61,99.1,2.23,273.9,20.23,37.06,0.63,0.58,90.87
2024-08-24,PHU BAI,16.402,107.703,0.74,28.66,32.1,26.22,23.91,28.69,76.25,18.88,99.0,2.45,205.3,22.09,36.69,0.62,0.58,77.85
2024-08-25,PHU BAI,16.402,107.703,2.26,28.3,30.15,26.09,24.75,28.24,81.21,19.88,98.86,1.65,279.7,21.03,36.61,0.64,0.58,55.25
2024-08-26,PHU BAI,16.402,107.703,0.12,28.74,32.71,25.18,24.41,28.97,78.35,19.5,98.83,3.04,177.6,23.27,36.89,0.61,0.57,57.03
2024-08-27,PHU BAI,16.402,107.703,0.39,29.26,33.22,26.7,24.78,29.66,78.01,19.96,98.82,2.7,270.2,23.78,37.39,0.6,0.56,55.89
2024-08-28,PHU BAI,16.402,107.703,0.09,29.99,33.83,26.82,24.61,30.13,74.07,19.77,98.69,2.66,261.4,24.48,37.29,0.59,0.55,42.46
2024-08-29,PHU BAI,16.402,107.703,0.42,29.87,33.43,26.5,24.64,29.89,74.42,19.8,98.67,2.69,267.5,23.48,37.04,0.58,0.55,30.68
2024-08-30,PHU BAI,16.402,107.703,0.83,29.43,33.25,26.68,25.16,29.71,78.87,20.43,98.72,2.88,329.7,20.88,37.45,0.58,0.54,84.53
2024-08-31,PHU BAI,16.402,107.703,0.14,28.76,32.4,25.83,24.27,29.4,77.54,19.34,98.73,2.04,7.1,18.74,37.22,0.57,0.54,73.32
2024-09-01,PHU BAI,16.402,107.703,0.14,28.55,31.37,26.4,24.5,29.32,79.24,19.59,98.78,2.69,93.6,23.05,36.85,0.56,0.54,63.01
2024-09-02,PHU BAI,16.402,107.703,2.88,28.66,31.65,26.17,24.72,29.24,80.05,19.87,98.84,2.56,94.7,20.23,37.28,0.58,0.54,89.38
2024-09-03,PHU BAI,16.402,107.703,71.13,28.3,31.93,25.34,24.45,28.8,80.64,19.57,98.74,2.45,351.3,20.27,36.76,0.73,0.56,88.3
2024-09-04,PHU BAI,16.402,107.703,19.05,28.77,31.48,26.49,25.47,28.85,82.66,20.83,98.43,2.4,292.1,22.11,37.16,0.77,0.65,87.78
2024-09-05,PHU BAI,16.402,107.703,1.92,28.73,31.67,26.48,25.35,28.46,82.45,20.76,98.26,3.74,276.0,19.06,37.05,0.68,0.63,97.2
2024-09-06,PHU BAI,16.402,107.703,7.97,28.16,30.08,27.17,25.41,27.84,85.11,20.85,98.17,5.85,255.2,8.38,37.61,0.71,0.63,98.77
2024-09-07,PHU BAI,16.402,107.703,0.1,28.77,32.3,26.47,24.02,28.16,75.9,19.14,98.37,5.34,228.1,12.86,37.2,0.65,0.62,98.64
2024-09-08,PHU BAI,16.402,107.703,0.1,29.98,33.88,26.21,24.87,29.58,74.95,20.09,98.61,2.72,217.0,19.73,38.03,0.63,0.6,96.94
2024-09-09,PHU BAI,16.402,107.703,1.07,29.09,32.56,26.35,25.35,28.86,80.95,20.67,98.64,1.88,161.7,20.19,37.85,0.64,0.59,93.39
2024-09-10,PHU BAI,16.402,107.703,3.66,28.49,30.8,26.4,24.96,28.57,81.74,20.15,98.75,1.71,87.1,8.3,37.45,0.65,0.59,98.93
2024-09-11,PHU BAI,16.402,107.703,3.26,27.89,29.62,25.54,23.74,27.82,78.29,18.69,98.89,1.27,291.2,6.81,37.07,0.66,0.59,97.18
2024-09-12,PHU BAI,16.402,107.703,8.89,28.31,31.81,25.9,24.85,28.98,82.33,20.02,98.73,2.07,349.8,21.28,37.44,0.68,0.59,75.39
2024-09-13,PHU BAI,16.402,107.703,12.09,27.8,30.64,25.89,25.4,28.07,87.11,20.74,98.54,2.49,314.0,17.35,37.67,0.73,0.61,79.44
2024-09-14,PHU BAI,16.402,107.703,4.83,27.61,30.25,26.12,25.15,28.08,86.81,20.45,98.4,2.63,353.8,16.99,37.62,0.68,0.61,87.76
2024-09-15,PHU BAI,16.402,107.703,6.96,27.16,29.22,25.37,24.55,27.4,85.86,19.73,98.4,2.43,10.1,16.12,36.91,0.68,0.61,88.38
2024-09-16,PHU BAI,16.402,107.703,11.87,27.52,29.91,25.51,24.83,27.88,85.43,20.06,98.48,2.86,3.4,18.03,36.95,0.71,0.62,79.72
2024-09-17,PHU BAI,16.402,107.703,56.62,27.37,29.79,25.9,24.58,27.87,85.08,19.75,98.43,2.36,23.2,16.35,36.93,0.81,0.64,95.72
2024-09-18,PHU BAI,16.402,107.703,133.39,26.97,28.24,26.04,25.19,27.08,90.02,20.54,98.21,4.39,329.6,2.36,36.96,0.96,0.77,99.01
2024-09-19,PHU BAI,16.402,107.703,106.84,27.14,29.02,25.63,25.46,27.07,90.64,20.99,97.89,4.34,161.0,5.84,37.44,0.95,0.87,95.04
2024-09-20,PHU BAI,16.402,107.703,24.79,27.55,30.98,25.48,24.81,28.01,85.51,20.03,98.39,1.87,354.7,16.78,37.41,0.87,0.85,90.63
2024-09-21,PHU BAI,16.402,107.703,41.21,27.56,30.72,25.07,24.68,27.82,84.82,19.87,98.54,2.08,251.9,16.48,37.03,0.9,0.84,97.84
2024-09-22,PHU BAI,16.402,107.703,34.79,27.2,29.64,25.04,24.45,27.25,85.18,19.55,98.68,1.96,192.9,9.93,37.21,0.9,0.84,99.7
2024-09-23,PHU BAI,16.402,107.703,8.47,27.12,30.19,24.79,23.98,27.17,83.5,18.95,99.0,1.42,169.1,8.31,36.94,0.83,0.81,99.22
2024-09-24,PHU BAI,16.402,107.703,12.35,26.62,29.01,25.06,23.44,27.07,83.26,18.3,99.17,1.55,36.5,9.32,36.76,0.83,0.79,97.2
2024-09-25,PHU BAI,16.402,107.703,1.29,26.38,28.82,24.76,24.05,26.72,87.08,18.97,99.22,2.5,53.1,19.21,36.38,0.79,0.76,61.33
2024-09-26,PHU BAI,16.402,107.703,0.15,27.33,30.47,25.05,24.36,27.72,84.43,19.35,99.21,2.85,104.9,20.9,36.01,0.76,0.74,28.51
2024-09-27,PHU BAI,16.402,107.703,0.28,27.25,30.45,25.05,24.17,27.47,83.76,19.15,99.12,2.77,129.3,22.03,36.26,0.75,0.72,45.63
2024-09-28,PHU BAI,16.402,107.703,0.26,28.31,31.51,26.64,24.75,28.4,81.67,19.86,98.97,1.98,122.5,22.28,36.97,0.75,0.71,29.35
2024-09-29,PHU BAI,16.402,107.703,0.45,28.68,31.11,26.55,25.47,28.53,83.12,20.76,98.87,1.76,168.2,20.73,37.39,0.75,0.71,59.79
2024-09-30,PHU BAI,16.402,107.703,1.1,29.05,32.21,26.74,25.61,29.24,82.47,20.96,98.77,1.63,78.0,21.72,37.5,0.74,0.7,63.13
2024-10-01,PHU BAI,16.402,107.703,5.24,28.5,30.64,26.92,25.09,28.43,82.24,20.26,98.97,2.79,30.0,20.14,37.29,0.75,0.7,63.12
2024-10-02,PHU BAI,16.402,107.703,10.08,25.99,27.46,24.7,23.42,26.24,85.71,18.26,99.34,5.74,8.4,9.24,36.87,0.79,0.72,91.22
2024-10-03,PHU BAI,16.402,107.703,0.36,25.41,27.61,23.84,21.42,25.7,78.79,16.11,99.44,4.07,5.1,6.63,36.54,0.75,0.71,84.89
2024-10-04,PHU BAI,16.402,107.703,0.97,25.35,28.21,23.13,21.22,25.55,77.95,15.96,99.41,3.45,17.6,4.78,36.65,0.74,0.71,77.49
2024-10-05,PHU BAI,16.402,107.703,0.56,25.84,28.46,24.05,22.51,26.44,82.09,17.25,99.35,3.07,28.5,7.43,37.02,0.73,0.7,90.93
2024-10-06,PHU BAI,16.402,107.703,8.28,26.35,28.66,25.0,23.44,26.79,84.4,18.26,99.35,4.14,7.2,11.44,37.32,0.75,0.7,93.31
2024-10-07,PHU BAI,16.402,107.703,75.1,26.65,28.36,25.29,24.6,26.55,88.51,19.57,99.42,4.57,48.9,5.13,37.21,0.95,0.77,98.67
2024-10-08,PHU BAI,16.402,107.703,25.83,26.24,28.72,24.43,23.75,26.35,86.36,18.61,99.38,3.7,44.6,13.5,36.62,0.88,0.82,73.01
2024-10-09,PHU BAI,16.402,107.703,6.38,26.01,28.29,24.27,22.99,26.28,83.71,17.76,99.3,3.57,33.1,8.48,37.0,0.83,0.8,85.46
2024-10-10,PHU BAI,16.402,107.703,5.72,25.87,28.43,24.34,23.1,26.11,84.97,17.9,99.26,3.8,13.9,7.99,36.98,0.8,0.77,82.28
2024-10-11,PHU BAI,16.402,107.703,19.69,26.19,28.57,24.55,24.03,26.34,87.99,18.95,99.24,4.26,67.4,7.38,37.03,0.85,0.78,89.13
2024-10-12,PHU BAI,16.402,107.703,7.21,26.45,29.14,24.6,23.62,26.62,84.73,18.46,99.33,3.4,80.6,13.18,36.83,0.81,0.77,68.81
2024-10-13,PHU BAI,16.402,107.703,6.87,26.15,28.83,23.86,23.2,26.13,83.97,18.03,99.27,2.59,35.9,15.61,36.18,0.81,0.77,60.44
2024-10-14,PHU BAI,16.402,107.703,4.98,26.54,28.94,25.01,24.53,26.99,88.89,19.55,99.15,3.2,12.0,12.19,37.16,0.8,0.76,72.01
2024-10-15,PHU BAI,16.402,107.703,3.67,26.7,28.91,25.22,24.64,27.07,88.63,19.68,99.16,2.5,51.2,17.17,36.46,0.79,0.76,81.4
2024-10-16,PHU BAI,16.402,107.703,4.37,26.66,28.98,25.17,24.15,27.19,86.4,19.08,99.23,3.36,44.0,15.39,36.31,0.79,0.76,94.57
2024-10-17,PHU BAI,16.402,107.703,4.01,26.06,28.07,24.48,23.77,26.25,87.27,18.66,99.21,2.16,94.2,17.51,36.03,0.8,0.76,73.91
2024-10-18,PHU BAI,16.402,107.703,4.2,26.58,29.42,24.37,23.92,27.04,85.7,18.84,99.2,2.63,92.7,18.17,36.14,0.79,0.76,70.83
2024-10-19,PHU BAI,16.402,107.703,5.73,26.73,29.32,25.09,24.31,27.22,86.91,19.25,99.35,3.06,70.3,17.34,36.31,0.79,0.76,47.76
2024-10-20,PHU BAI,16.402,107.703,47.13,26.68,28.07,25.68,24.9,26.99,90.06,19.94,99.38,4.17,42.9,5.48,36.91,0.88,0.78,96.97
2024-10-21,PHU BAI,16.402,107.703,84.15,25.93,27.03,25.19,24.76,26.04,93.17,19.79,99.29,4.25,34.6,4.45,36.59,0.95,0.86,98.79
2024-10-22,PHU BAI,16.402,107.703,10.27,26.26,28.37,24.54,24.07,26.39,87.85,18.98,99.33,4.46,54.4,13.74,36.51,0.87,0.86,92.02
2024-10-23,PHU BAI,16.402,107.703,1.22,25.46,28.32,23.28,22.53,25.74,83.93,17.29,99.35,5.08,15.7,10.47,35.79,0.83,0.83,98.98
2024-10-24,PHU BAI,16.402,107.703,0.2,24.0,27.37,21.47,19.62,24.0,76.72,14.48,99.15,4.61,333.1,11.66,33.77,0.82,0.81,97.25
2024-10-25,PHU BAI,16.402,107.703,0.03,23.94,27.78,21.19,19.22,24.03,75.58,14.14,98.93,4.44,317.9,17.87,32.79,0.81,0.8,91.0
2024-10-26,PHU BAI,16.402,107.703,55.57,24.29,26.48,22.72,21.27,24.42,83.88,16.19,98.47,9.39,316.9,5.7,35.75,0.91,0.82,99.32
2024-10-27,PHU BAI,16.402,107.703,181.17,25.08,26.42,24.25,23.96,25.06,93.48,19.14,97.98,6.32,18.6,2.63,36.43,0.98,0.9,98.91
2024-10-28,PHU BAI,16.402,107.703,63.18,24.95,25.86,23.74,23.36,25.33,90.93,18.34,98.49,5.39,14.3,8.01,36.75,0.97,0.92,99.09
2024-10-29,PHU BAI,16.402,107.703,52.14,24.72,26.09,23.91,23.46,24.99,92.75,18.42,98.71,8.02,328.7,4.7,36.65,0.96,0.94,84.56
2024-10-30,PHU BAI,16.402,107.703,75.74,24.85,26.44,23.65,23.37,25.06,91.45,18.25,99.03,6.45,351.1,2.89,36.71,0.99,0.95,99.29
2024-10-31,PHU BAI,16.402,107.703,6.12,24.14,26.97,21.58,21.71,24.02,86.37,16.5,99.08,3.54,327.9,10.47,34.68,0.93,0.95,58.53
2024-11-01,PHU BAI,16.402,107.703,0.03,24.59,27.63,22.69,21.34,24.41,82.51,16.05,99.32,3.9,356.7,19.28,34.12,0.91,0.93,59.45
2024-11-02,PHU BAI,16.402,107.703,20.21,24.58,26.78,23.32,22.12,24.77,86.43,16.8,99.54,4.78,23.3,11.14,36.09,0.92,0.92,94.1
2024-11-03,PHU BAI,16.402,107.703,48.55,24.24,26.12,23.13,22.55,24.17,90.32,17.27,99.49,3.69,39.8,3.73,35.91,0.96,0.95,98.6
2024-11-04,PHU BAI,16.402,107.703,73.93,25.14,25.95,24.52,23.93,25.12,92.92,18.79,99.42,5.65,39.5,3.93,36.52,0.97,0.97,93.41
2024-11-05,PHU BAI,16.402,107.703,50.09,24.73,25.38,24.02,23.43,24.55,92.36,18.2,99.56,6.19,41.0,4.02,36.31,0.97,0.99,98.64
2024-11-06,PHU BAI,16.402,107.703,13.05,24.3,25.55,23.33,22.26,24.17,88.39,16.93,99.66,6.05,50.1,9.25,36.19,0.95,0.98,91.39
2024-11-07,PHU BAI,16.402,107.703,14.46,23.57,25.82,21.54,21.07,23.53,85.86,15.74,99.72,5.37,63.9,12.95,35.48,0.95,0.98,77.08
2024-11-08,PHU BAI,16.402,107.703,1.86,22.55,25.28,20.03,19.09,22.37,80.86,13.95,99.61,3.27,27.4,8.33,34.3,0.94,0.97,65.9
2024-11-09,PHU BAI,16.402,107.703,0.0,22.59,25.26,20.33,18.85,22.66,79.64,13.73,99.5,2.82,335.8,16.14,33.65,0.93,0.96,46.53
2024-11-10,PHU BAI,16.402,107.703,0.04,23.79,26.52,22.26,21.24,23.88,86.04,15.94,99.45,3.61,329.4,14.97,35.63,0.92,0.95,83.03
2024-11-11,PHU BAI,16.402,107.703,16.89,24.79,26.77,23.67,23.12,24.89,90.53,17.92,99.26,6.15,355.0,7.49,36.47,0.93,0.95,97.87
2024-11-12,PHU BAI,16.402,107.703,21.13,24.71,26.54,23.38,23.49,24.72,92.92,18.35,99.18,4.35,41.7,7.35,36.34,0.95,0.97,97.38
2024-11-13,PHU BAI,16.402,107.703,1.25,24.55,27.15,22.67,22.65,24.62,89.2,17.44,99.18,3.0,81.7,10.43,35.61,0.92,0.96,55.71
2024-11-14,PHU BAI,16.402,107.703,0.01,24.93,28.43,22.66,22.71,25.05,87.71,17.5,99.16,2.09,98.2,17.56,35.56,0.92,0.95,37.79
2024-11-15,PHU BAI,16.402,107.703,0.0,25.06,28.23,22.25,22.61,25.11,86.6,17.44,99.09,2.08,107.9,16.69,34.71,0.91,0.94,24.61
2024-11-16,PHU BAI,16.402,107.703,0.0,24.82,28.45,22.14,22.49,24.89,87.3,17.3,99.23,2.16,105.9,18.08,33.94,0.91,0.94,19.48
2024-11-17,PHU BAI,16.402,107.703,4.39,24.81,27.21,23.48,22.64,25.14,87.99,17.39,99.38,3.01,39.6,17.92,34.72,0.91,0.93,50.71
2024-11-18,PHU BAI,16.402,107.703,17.03,25.28,27.02,24.21,23.34,25.31,89.05,18.12,99.45,5.66,60.1,11.54,36.35,0.92,0.93,79.45
2024-11-19,PHU BAI,16.402,107.703,19.49,24.13,26.49,22.7,21.95,24.2,87.67,16.63,99.55,5.15,43.5,8.87,35.99,0.93,0.94,91.35
2024-11-20,PHU BAI,16.402,107.703,31.69,23.42,25.04,22.45,21.48,23.82,88.86,16.15,99.56,5.36,23.9,8.97,35.31,0.95,0.96,80.52
2024-11-21,PHU BAI,16.402,107.703,23.6,23.43,24.97,22.66,21.68,23.77,89.9,16.35,99.53,5.46,32.2,6.86,35.52,0.94,0.96,82.14
2024-11-22,PHU BAI,16.402,107.703,31.33,24.07,25.6,23.4,22.44,24.23,90.59,17.13,99.55,6.34,51.6,6.25,35.97,0.95,0.98,91.3
2024-11-23,PHU BAI,16.402,107.703,9.06,23.87,25.3,23.16,22.26,23.95,90.66,16.93,99.63,6.05,59.9,6.0,36.05,0.94,0.97,96.6
2024-11-24,PHU BAI,16.402,107.703,28.81,24.5,26.1,23.56,22.99,24.51,91.33,17.73,99.53,5.4,60.5,7.37,36.38,0.95,0.97,99.16
2024-11-25,PHU BAI,16.402,107.703,41.32,24.96,26.84,23.79,23.67,24.86,92.56,18.49,99.48,4.73,66.6,4.81,36.17,0.97,0.99,92.75
2024-11-26,PHU BAI,16.402,107.703,34.09,24.03,26.13,22.3,22.44,23.91,90.75,17.16,99.59,6.51,67.5,8.32,35.86,0.97,0.99,97.63
2024-11-27,PHU BAI,16.402,107.703,13.92,22.62,24.72,20.75,20.41,22.81,87.31,15.1,99.77,6.21,48.0,10.91,34.7,0.96,0.99,94.04
2024-11-28,PHU BAI,16.402,107.703,0.98,20.69,22.54,18.7,17.29,20.88,80.83,12.36,100.05,5.21,39.2,8.46,34.23,0.95,0.98,96.88
2024-11-29,PHU BAI,16.402,107.703,0.18,20.6,22.79,19.17,16.39,20.85,77.02,11.69,99.82,3.83,59.6,6.87,33.84,0.94,0.97,84.07
2024-11-30,PHU BAI,16.402,107.703,0.0,21.18,23.41,19.68,18.41,21.61,84.31,13.34,99.48,3.57,69.8,9.31,34.32,0.93,0.97,79.6
2024-12-01,PHU BAI,16.402,107.703,0.01,22.14,24.62,20.8,19.79,22.4,86.65,14.58,99.29,2.79,75.1,13.79,33.69,0.93,0.96,59.28
2024-12-02,PHU BAI,16.402,107.703,0.37,22.95,25.6,21.08,21.07,23.08,89.32,15.79,99.34,3.56,65.8,14.34,34.12,0.92,0.95,50.14
2024-12-03,PHU BAI,16.402,107.703,1.03,22.98,25.73,21.13,20.95,23.09,88.44,15.68,99.4,3.75,73.9,12.86,34.23,0.92,0.95,79.74
2024-12-04,PHU BAI,16.402,107.703,0.85,22.82,25.28,20.99,20.43,22.84,86.46,15.16,99.4,3.14,62.8,13.65,33.94,0.91,0.94,84.14
2024-12-05,PHU BAI,16.402,107.703,4.22,22.91,24.76,21.87,21.14,23.06,89.74,15.84,99.36,3.67,53.9,14.61,34.21,0.92,0.94,73.46
2024-12-06,PHU BAI,16.402,107.703,7.63,23.32,25.49,21.66,21.32,23.23,88.53,16.03,99.39,4.51,79.7,8.18,35.47,0.92,0.94,84.41
2024-12-07,PHU BAI,16.402,107.703,5.41,23.16,25.49,21.69,20.92,23.27,87.27,15.6,99.6,4.37,60.4,10.18,34.88,0.91,0.94,64.6
2024-12-08,PHU BAI,16.402,107.703,4.77,21.84,23.83,20.46,19.49,22.16,86.47,14.24,99.75,5.27,50.6,5.75,34.55,0.91,0.94,86.39
2024-12-09,PHU BAI,16.402,107.703,2.9,22.16,23.74,21.27,20.36,22.44,89.53,15.08,99.5,4.51,57.9,6.81,34.82,0.91,0.93,97.33
2024-12-10,PHU BAI,16.402,107.703,6.77,23.46,25.63,22.48,21.78,23.57,90.42,16.5,99.31,3.96,66.1,8.5,35.47,0.91,0.93,96.55
2024-12-11,PHU BAI,16.402,107.703,65.3,23.58,24.41,23.1,22.53,23.53,93.72,17.26,99.35,5.66,42.3,5.06,35.76,0.97,0.96,99.54
2024-12-12,PHU BAI,16.402,107.703,41.22,22.98,24.47,22.24,21.68,23.09,92.34,16.38,99.45,6.42,45.3,3.66,35.8,0.96,0.98,96.64
2024-12-13,PHU BAI,16.402,107.703,48.15,21.19,22.53,20.22,19.8,21.61,91.64,14.53,99.77,6.7,27.6,3.07,34.88,0.97,0.99,98.35
2024-12-14,PHU BAI,16.402,107.703,42.84,19.38,21.09,18.24,17.58,20.14,89.21,12.59,100.11,7.41,32.7,2.84,33.34,0.98,0.99,99.53
2024-12-15,PHU BAI,16.402,107.703,12.71,18.3,19.36,17.79,16.19,19.1,87.44,11.51,100.17,5.26,30.9,2.99,33.44,0.96,0.99,95.97
2024-12-16,PHU BAI,16.402,107.703,2.75,18.41,19.63,17.61,16.32,19.21,87.59,11.62,100.0,3.76,37.4,2.47,34.31,0.96,0.98,99.21
2024-12-17,PHU BAI,16.402,107.703,1.33,20.2,22.06,19.05,18.07,20.66,87.6,13.01,99.82,3.63,50.3,4.37,34.77,0.95,0.98,90.41
2024-12-18,PHU BAI,16.402,107.703,5.4,20.31,22.39,18.93,17.95,20.45,86.25,12.93,99.83,4.92,39.4,5.89,34.9,0.95,0.98,97.67
2024-12-19,PHU BAI,16.402,107.703,8.17,19.96,21.84,18.55,17.61,20.17,86.32,12.64,99.83,5.16,51.5,3.82,34.55,0.95,0.98,97.26
2024-12-20,PHU BAI,16.402,107.703,2.96,19.25,21.13,17.93,16.77,19.55,85.54,12.0,99.74,4.53,61.4,5.1,34.22,0.94,0.97,96.65
2024-12-21,PHU BAI,16.402,107.703,0.7,19.24,21.69,17.73,15.85,19.43,80.7,11.31,99.83,4.19,52.8,8.32,32.87,0.94,0.97,98.35
2024-12-22,PHU BAI,16.402,107.703,1.64,19.25,21.44,18.01,15.53,19.65,79.42,11.08,99.72,3.87,34.8,8.51,32.96,0.93,0.96,98.54
2024-12-23,PHU BAI,16.402,107.703,8.92,19.68,21.28,18.82,17.86,20.25,89.19,12.85,99.73,4.97,25.5,4.23,33.69,0.94,0.96,89.38
2024-12-24,PHU BAI,16.402,107.703,4.15,19.26,20.65,18.55,16.9,19.6,86.26,12.08,99.84,4.22,22.5,3.94,33.51,0.93,0.96,97.81
2024-12-25,PHU BAI,16.402,107.703,4.51,20.42,21.74,19.78,19.1,20.87,92.1,13.89,99.81,4.33,14.9,4.23,34.59,0.93,0.96,97.22
2024-12-26,PHU BAI,16.402,107.703,8.91,21.38,22.64,20.57,20.32,21.63,93.59,14.97,99.9,4.63,19.7,4.11,34.23,0.93,0.96,73.74
2024-12-27,PHU BAI,16.402,107.703,37.04,20.94,22.78,19.43,19.68,21.3,92.4,14.37,100.09,5.91,23.6,4.04,34.49,0.95,0.97,86.57
2024-12-28,PHU BAI,16.402,107.703,20.47,18.58,19.56,17.98,16.87,19.16,89.72,12.02,100.2,5.27,32.6,2.28,34.09,0.95,0.98,99.3
2024-12-29,PHU BAI,16.402,107.703,1.27,19.35,21.23,18.36,17.42,19.83,88.67,12.48,99.92,3.77,65.6,4.97,34.24,0.94,0.97,92.6
2024-12-30,PHU BAI,16.402,107.703,2.6,20.2,22.47,18.9,18.23,20.51,88.51,13.15,99.85,4.16,44.8,9.2,34.11,0.94,0.97,93.82
2024-12-31,PHU BAI,16.402,107.703,2.66,19.53,21.24,18.47,17.62,19.89,88.68,12.66,99.78,4.51,20.1,4.56,34.02,0.93,0.96,96.0
2025-01-01,PHU BAI,16.402,107.703,0.2,19.64,21.66,18.23,17.19,19.92,85.72,12.34,99.63,3.23,34.4,3.63,34.15,0.93,0.96,93.15
2025-01-02,PHU BAI,16.402,107.703,3.71,19.75,21.49,18.62,17.97,20.21,89.47,12.94,99.72,3.17,30.0,3.41,34.38,0.93,0.96,97.68
2025-01-03,PHU BAI,16.402,107.703,1.91,19.57,21.82,17.64,16.24,19.09,81.26,11.6,99.82,3.6,39.5,4.98,34.36,0.92,0.95,95.32
2025-01-04,PHU BAI,16.402,107.703,0.28,19.04,21.4,17.55,16.12,19.26,83.46,11.49,99.82,3.62,40.5,12.39,32.81,0.92,0.95,73.78
2025-01-05,PHU BAI,16.402,107.703,0.07,18.76,21.72,16.87,15.08,17.96,79.2,10.79,99.84,3.38,10.0,13.61,32.09,0.91,0.94,70.88
2025-01-06,PHU BAI,16.402,107.703,0.05,19.31,22.16,17.44,17.06,19.43,87.24,12.22,99.69,3.45,77.5,15.34,32.14,0.91,0.94,52.76
2025-01-07,PHU BAI,16.402,107.703,0.05,20.18,22.98,18.19,18.42,20.31,89.84,13.33,99.64,3.67,79.7,16.52,32.3,0.91,0.93,43.99
2025-01-08,PHU BAI,16.402,107.703,3.68,20.76,22.97,19.52,18.89,20.78,89.23,13.72,99.71,4.04,73.4,16.75,33.4,0.91,0.93,66.65
2025-01-09,PHU BAI,16.402,107.703,8.16,20.68,22.9,19.17,18.95,20.47,89.91,13.75,99.96,5.2,63.5,6.56,34.83,0.91,0.93,98.68
2025-01-10,PHU BAI,16.402,107.703,7.16,18.97,21.13,16.89,16.21,18.98,83.95,11.51,100.36,6.22,57.8,7.44,33.53,0.91,0.93,86.1
2025-01-11,PHU BAI,16.402,107.703,6.76,17.13,18.62,15.37,14.06,17.49,82.07,9.99,100.55,6.42,29.7,7.73,32.9,0.91,0.93,91.98
2025-01-12,PHU BAI,16.402,107.703,0.83,16.3,17.9,15.27,12.89,17.04,80.35,9.27,100.25,3.61,43.4,6.78,32.63,0.9,0.93,90.04
2025-01-13,PHU BAI,16.402,107.703,0.11,18.04,19.58,16.61,15.68,18.27,86.23,11.18,99.89,3.21,70.0,12.61,32.57,0.9,0.92,83.06
2025-01-14,PHU BAI,16.402,107.703,7.82,20.17,22.03,19.1,18.91,20.51,92.59,13.72,99.87,3.98,8.8,5.57,34.22,0.91,0.92,82.15
2025-01-15,PHU BAI,16.402,107.703,24.48,19.58,21.4,18.42,18.23,19.9,91.79,13.13,100.1,6.3,29.6,3.74,34.22,0.93,0.94,97.04
2025-01-16,PHU BAI,16.402,107.703,7.39,18.14,20.21,16.64,15.02,18.17,82.05,10.68,100.18,4.42,38.9,3.62,33.9,0.92,0.94,99.22
2025-01-17,PHU BAI,16.402,107.703,2.02,18.02,20.72,16.42,15.09,18.4,83.22,10.75,99.85,3.51,72.6,6.89,34.15,0.91,0.93,97.13
2025-01-18,PHU BAI,16.402,107.703,0.83,18.37,21.29,16.44,15.85,18.56,85.32,11.31,99.75,3.21,67.2,10.56,33.37,0.9,0.93,83.27
2025-01-19,PHU BAI,16.402,107.703,0.13,18.47,21.48,16.1,15.73,18.73,84.17,11.25,99.58,2.57,25.0,10.35,32.94,0.9,0.92,80.25
2025-01-20,PHU BAI,16.402,107.703,0.03,18.46,21.37,16.37,14.64,18.31,78.49,10.47,99.57,2.11,26.5,14.06,32.13,0.9,0.92,78.37
2025-01-21,PHU BAI,16.402,107.703,0.0,18.39,21.9,15.96,15.56,18.44,84.15,11.13,99.51,2.65,90.0,12.74,32.18,0.89,0.91,66.61
2025-01-22,PHU BAI,16.402,107.703,0.0,18.53,22.5,15.86,16.08,18.36,86.05,11.52,99.54,2.48,97.5,18.25,30.62,0.89,0.91,46.52
2025-01-23,PHU BAI,16.402,107.703,0.0,19.36,22.91,16.98,17.1,19.07,87.17,12.31,99.41,2.18,107.2,18.62,30.31,0.89,0.9,43.99
2025-01-24,PHU BAI,16.402,107.703,0.0,20.75,25.46,17.87,18.42,20.48,87.37,13.44,99.22,2.96,121.9,19.31,30.67,0.88,0.89,16.19
2025-01-25,PHU BAI,16.402,107.703,0.27,21.02,25.78,17.88,18.9,20.79,88.66,13.81,99.4,2.95,105.0,16.66,33.01,0.88,0.89,51.53
2025-01-26,PHU BAI,16.402,107.703,15.12,17.62,22.51,15.39,15.76,18.43,88.78,11.31,99.99,7.55,6.7,12.04,32.86,0.9,0.89,88.17
2025-01-27,PHU BAI,16.402,107.703,4.59,15.84,16.9,15.22,13.64,16.74,86.78,9.76,100.02,3.62,25.6,4.87,32.75,0.89,0.9,99.18
2025-01-28,PHU BAI,16.402,107.703,4.24,16.99,18.73,16.13,14.82,17.67,87.08,10.53,100.19,3.85,30.8,6.58,33.27,0.89,0.9,98.85
2025-01-29,PHU BAI,16.402,107.703,4.12,18.02,20.46,16.53,15.96,18.44,87.88,11.35,100.0,3.39,66.2,8.27,32.97,0.89,0.9,81.25
2025-01-30,PHU BAI,16.402,107.703,0.01,18.66,22.58,15.06,16.62,18.66,88.75,11.93,99.54,3.3,109.1,19.63,29.88,0.88,0.89,20.93
2025-01-31,PHU BAI,16.402,107.703,0.0,19.52,23.89,16.3,17.03,19.04,86.26,12.28,99.33,2.24,122.9,20.45,29.27,0.88,0.89,23.07
2025-02-01,PHU BAI,16.402,107.703,0.0,20.58,24.74,17.79,15.85,19.47,75.24,11.5,99.17,2.13,126.2,20.68,29.46,0.87,0.88,7.87
2025-02-02,PHU BAI,16.402,107.703,0.18,20.56,25.17,17.63,17.98,20.1,86.61,13.06,99.3,2.14,106.4,18.62,33.15,0.87,0.87,55.83
2025-02-03,PHU BAI,16.402,107.703,23.2,19.92,23.51,17.77,18.08,20.35,89.32,13.07,99.81,5.53,19.0,13.89,34.39,0.9,0.88,87.92
2025-02-04,PHU BAI,16.402,107.703,12.53,17.57,19.17,16.4,15.49,17.9,87.58,11.03,99.87,3.82,43.2,4.23,33.27,0.91,0.9,93.2
2025-02-05,PHU BAI,16.402,107.703,0.04,19.04,22.73,15.92,16.67,19.03,86.69,11.95,99.56,3.32,109.5,18.46,33.11,0.88,0.89,66.63
2025-02-06,PHU BAI,16.402,107.703,0.26,19.88,23.67,17.41,17.78,19.67,88.47,12.84,99.51,3.13,107.1,18.51,32.1,0.87,0.88,42.74
2025-02-07,PHU BAI,16.402,107.703,17.22,20.26,23.36,18.35,18.56,20.62,90.09,13.44,99.84,5.22,26.7,11.45,34.26,0.9,0.89,94.27
2025-02-08,PHU BAI,16.402,107.703,11.4,18.19,20.2,17.0,16.13,18.62,87.7,11.47,100.03,5.23,44.8,6.3,33.48,0.9,0.9,99.04
2025-02-09,PHU BAI,16.402,107.703,1.3,17.4,19.07,16.23,14.79,17.71,84.7,10.53,99.94,3.91,47.9,9.22,32.79,0.88,0.89,87.16
2025-02-10,PHU BAI,16.402,107.703,0.62,18.6,21.07,17.29,16.28,18.81,86.51,11.62,99.79,3.02,43.7,6.26,32.98,0.88,0.89,90.23
2025-02-11,PHU BAI,16.402,107.703,0.1,20.26,22.36,19.3,19.05,20.29,92.83,13.87,99.62,3.08,48.5,9.99,34.0,0.87,0.88,73.87
2025-02-12,PHU BAI,16.402,107.703,2.49,21.27,24.2,19.72,20.09,21.58,93.06,14.81,99.62,3.18,21.2,9.61,34.1,0.87,0.88,62.76
2025-02-13,PHU BAI,16.402,107.703,3.9,20.69,23.42,18.93,19.63,20.81,93.64,14.4,99.65,3.44,24.7,5.94,34.39,0.88,0.88,78.3
2025-02-14,PHU BAI,16.402,107.703,0.94,21.36,24.22,19.33,20.26,21.46,93.66,15.0,99.46,3.1,83.0,9.75,34.48,0.87,0.88,78.03
2025-02-15,PHU BAI,16.402,107.703,0.03,22.27,25.9,19.91,21.15,22.35,93.21,15.87,99.35,3.24,96.4,19.06,34.6,0.87,0.87,61.05
2025-02-16,PHU BAI,16.402,107.703,0.12,21.66,25.46,18.89,20.42,21.67,92.78,15.13,99.65,3.73,96.4,19.01,33.22,0.86,0.87,42.82
2025-02-17,PHU BAI,16.402,107.703,0.1,21.16,24.43,18.76,19.26,21.24,89.28,14.04,99.78,3.77,93.9,19.81,33.27,0.86,0.86,48.01
2025-02-18,PHU BAI,16.402,107.703,0.18,21.26,24.11,19.33,19.73,21.48,91.2,14.45,99.79,3.83,73.8,15.71,34.02,0.86,0.86,65.44
2025-02-19,PHU BAI,16.402,107.703,0.22,20.84,24.03,18.63,19.19,20.94,90.68,13.98,99.75,4.26,90.4,14.59,34.06,0.85,0.85,71.11
2025-02-20,PHU BAI,16.402,107.703,0.81,21.45,24.36,19.75,20.07,21.57,92.13,14.76,99.76,3.96,78.8,11.92,34.11,0.85,0.85,74.01
2025-02-21,PHU BAI,16.402,107.703,1.17,21.56,24.1,20.05,20.24,21.72,92.3,14.91,99.83,4.48,75.5,11.48,34.42,0.85,0.84,78.44
2025-02-22,PHU BAI,16.402,107.703,1.25,21.86,24.58,20.29,20.56,21.99,92.52,15.21,99.88,4.41,75.7,10.97,34.49,0.85,0.84,84.59
2025-02-23,PHU BAI,16.402,107.703,4.82,21.85,24.4,20.24,20.38,21.92,91.39,15.01,100.12,6.21,62.0,8.21,35.12,0.85,0.84,97.6
2025-02-24,PHU BAI,16.402,107.703,8.87,20.38,22.38,19.23,18.67,20.56,89.89,13.45,100.27,5.98,59.7,5.41,33.78,0.87,0.84,88.55
2025-02-25,PHU BAI,16.402,107.703,4.32,20.91,23.34,19.55,19.38,21.21,91.03,14.07,100.21,4.6,52.7,5.91,34.81,0.86,0.85,97.04
2025-02-26,PHU BAI,16.402,107.703,0.51,21.27,24.24,19.5,19.67,21.64,90.79,14.37,99.95,3.7,74.4,10.22,34.94,0.85,0.84,95.26
2025-02-27,PHU BAI,16.402,107.703,0.05,21.28,24.43,18.81,19.56,21.63,90.17,14.32,99.63,3.17,99.2,8.69,34.97,0.84,0.83,88.16
2025-02-28,PHU BAI,16.402,107.703,0.02,21.99,25.67,19.26,20.23,22.17,90.17,14.97,99.47,3.51,113.9,13.12,34.61,0.84,0.83,78.79
2025-03-01,PHU BAI,16.402,107.703,0.01,22.85,27.78,19.64,20.5,22.68,87.34,15.31,99.18,3.21,123.7,18.75,33.36,0.84,0.82,44.58
2025-03-02,PHU BAI,16.402,107.703,0.02,24.77,29.15,22.02,21.44,24.13,82.5,16.25,99.0,2.4,128.9,21.8,34.29,0.83,0.82,26.42
2025-03-03,PHU BAI,16.402,107.703,0.03,25.58,29.46,23.09,22.8,25.09,85.2,17.65,98.95,2.31,125.6,18.7,35.53,0.83,0.81,56.62
2025-03-04,PHU BAI,16.402,107.703,0.0,26.57,30.66,23.58,22.98,25.74,81.46,17.85,98.86,2.06,153.2,18.67,35.65,0.82,0.81,23.32
2025-03-05,PHU BAI,16.402,107.703,1.08,26.0,30.14,23.52,23.68,25.64,87.91,18.59,99.01,2.0,86.2,17.89,36.07,0.82,0.8,50.4
2025-03-06,PHU BAI,16.402,107.703,8.37,21.36,25.97,18.72,19.96,21.98,91.73,14.88,99.61,5.96,13.6,4.12,35.4,0.84,0.81,96.76
2025-03-07,PHU BAI,16.402,107.703,2.75,19.89,21.62,19.05,18.27,20.82,90.38,13.18,99.74,4.56,11.2,6.59,34.1,0.83,0.81,87.42
2025-03-08,PHU BAI,16.402,107.703,0.92,20.89,22.59,19.73,19.42,21.48,91.3,14.17,99.77,4.19,55.1,7.52,34.87,0.83,0.81,92.12
2025-03-09,PHU BAI,16.402,107.703,0.21,21.97,24.86,20.19,20.06,22.56,89.3,14.74,99.85,3.82,67.9,9.82,35.6,0.82,0.8,95.03
2025-03-10,PHU BAI,16.402,107.703,0.73,22.48,25.05,20.77,21.04,22.94,91.77,15.69,99.73,3.66,70.0,7.85,35.49,0.82,0.8,90.24
2025-03-11,PHU BAI,16.402,107.703,1.02,23.4,26.56,21.13,21.86,23.71,91.44,16.58,99.4,3.48,96.3,9.7,35.66,0.82,0.79,88.68
2025-03-12,PHU BAI,16.402,107.703,1.94,24.36,28.21,22.25,22.65,24.41,90.59,17.43,99.18,3.54,110.6,14.84,36.46,0.82,0.79,96.11
2025-03-13,PHU BAI,16.402,107.703,0.49,24.75,28.58,22.17,22.64,24.54,88.6,17.42,99.18,2.89,126.5,13.23,35.97,0.81,0.79,91.41
2025-03-14,PHU BAI,16.402,107.703,0.0,25.51,30.12,22.65,22.97,25.27,86.79,17.76,99.21,2.57,125.5,17.59,35.41,0.81,0.78,48.7
2025-03-15,PHU BAI,16.402,107.703,0.77,25.51,30.42,22.19,23.07,25.31,87.34,17.86,99.33,2.52,2.1,21.09,35.75,0.8,0.78,51.94
2025-03-16,PHU BAI,16.402,107.703,5.46,19.64,21.51,18.58,17.71,20.48,88.7,12.74,99.76,5.36,357.8,4.49,33.74,0.82,0.78,97.66
2025-03-17,PHU BAI,16.402,107.703,4.98,20.09,22.5,18.57,17.89,21.07,87.28,12.86,99.83,3.75,22.2,7.17,34.88,0.83,0.79,99.55
2025-03-18,PHU BAI,16.402,107.703,3.75,19.04,21.79,17.54,16.8,20.12,86.84,11.98,100.15,5.84,6.1,6.17,34.23,0.82,0.79,99.85
2025-03-19,PHU BAI,16.402,107.703,1.89,18.63,20.79,17.29,15.55,19.38,82.35,11.02,100.33,4.41,12.2,5.57,34.02,0.81,0.79,99.38
2025-03-20,PHU BAI,16.402,107.703,0.7,19.41,22.38,17.42,14.22,19.33,72.26,10.14,100.26,3.23,44.6,8.22,33.23,0.81,0.78,91.56
2025-03-21,PHU BAI,16.402,107.703,0.04,19.41,23.02,16.61,15.73,19.92,79.84,11.18,100.09,2.68,79.7,13.71,32.37,0.8,0.78,70.06
2025-03-22,PHU BAI,16.402,107.703,0.0,20.17,23.62,17.67,17.33,20.8,84.34,12.41,99.88,3.07,86.4,17.59,33.69,0.8,0.77,67.24
2025-03-23,PHU BAI,16.402,107.703,0.28,20.68,24.52,17.87,18.18,20.84,86.22,13.15,99.64,2.59,101.5,20.99,32.28,0.8,0.77,33.05
2025-03-24,PHU BAI,16.402,107.703,0.03,21.21,25.18,18.17,18.8,21.52,86.66,13.73,99.3,2.45,107.7,21.98,32.4,0.79,0.76,28.12
2025-03-25,PHU BAI,16.402,107.703,0.0,22.7,27.66,19.71,19.37,22.44,82.4,14.34,98.86,2.85,121.7,22.49,31.38,0.79,0.76,11.33
2025-03-26,PHU BAI,16.402,107.703,0.0,25.0,29.17,22.37,21.53,24.76,81.92,16.39,98.63,2.53,137.4,20.52,34.0,0.78,0.76,17.57
2025-03-27,PHU BAI,16.402,107.703,0.02,27.51,33.45,23.61,22.75,26.16,76.59,17.68,98.52,2.44,176.8,19.98,35.49,0.78,0.75,9.46
2025-03-28,PHU BAI,16.402,107.703,0.19,26.15,30.75,22.73,23.26,25.79,85.29,18.16,98.86,2.37,109.8,19.58,35.94,0.78,0.75,67.36
2025-03-29,PHU BAI,16.402,107.703,4.26,24.09,27.76,21.63,22.49,24.47,91.05,17.27,99.34,4.76,41.1,11.87,36.23,0.79,0.75,90.42
2025-03-30,PHU BAI,16.402,107.703,3.35,20.58,23.22,18.93,18.82,21.45,89.69,13.68,99.72,5.23,5.9,8.52,33.93,0.79,0.75,69.85
2025-03-31,PHU BAI,16.402,107.703,2.33,20.35,22.75,18.98,18.4,21.44,88.64,13.3,99.69,4.27,15.8,10.77,33.98,0.79,0.76,89.03
2025-04-01,PHU BAI,16.402,107.703,0.94,19.49,22.01,17.62,17.17,20.71,86.53,12.31,99.74,4.45,2.9,9.61,33.71,0.79,0.75,91.28
2025-04-02,PHU BAI,16.402,107.703,0.01,20.69,23.51,18.83,18.37,21.8,86.77,13.27,99.78,3.16,38.3,7.57,35.0,0.78,0.75,96.33
2025-04-03,PHU BAI,16.402,107.703,0.0,21.11,24.48,18.54,18.62,21.93,86.06,13.51,99.65,3.09,80.9,8.39,35.17,0.78,0.75,88.25
2025-04-04,PHU BAI,16.402,107.703,0.0,22.76,26.93,20.27,20.44,23.02,87.37,15.2,99.31,3.19,104.5,15.07,34.52,0.77,0.74,47.58
2025-04-05,PHU BAI,16.402,107.703,0.63,23.68,28.14,21.59,21.66,24.14,88.99,16.37,99.32,2.75,48.3,15.02,35.81,0.77,0.74,75.06
2025-04-06,PHU BAI,16.402,107.703,2.28,22.4,23.9,21.44,21.48,22.36,94.52,16.16,99.46,2.47,62.9,9.0,35.52,0.78,0.74,85.7
2025-04-07,PHU BAI,16.402,107.703,0.3,24.0,27.76,21.28,22.44,24.17,91.41,17.15,99.53,3.16,94.2,12.01,36.14,0.77,0.74,82.93
2025-04-08,PHU BAI,16.402,107.703,0.04,23.84,28.16,20.65,21.57,23.9,87.71,16.28,99.41,3.52,116.5,17.89,35.01,0.76,0.73,74.32
2025-04-09,PHU BAI,16.402,107.703,0.05,25.4,29.46,23.29,22.56,25.39,85.0,17.36,99.06,2.7,123.0,19.9,35.98,0.76,0.73,78.18
2025-04-10,PHU BAI,16.402,107.703,0.04,26.68,30.62,23.31,22.81,25.78,79.9,17.67,98.81,1.98,190.4,11.48,36.33,0.76,0.73,85.57
2025-04-11,PHU BAI,16.402,107.703,0.0,27.24,32.05,24.35,23.44,26.52,80.72,18.38,98.78,2.43,162.5,22.97,36.09,0.75,0.72,39.85
2025-04-12,PHU BAI,16.402,107.703,28.17,26.99,32.49,20.69,22.94,26.4,79.85,17.86,99.1,4.05,326.4,20.62,36.58,0.82,0.73,89.27
2025-04-13,PHU BAI,16.402,107.703,9.84,20.94,22.41,19.78,17.88,21.11,82.62,12.9,99.57,3.51,345.3,5.43,34.31,0.82,0.77,89.63
2025-04-14,PHU BAI,16.402,107.703,0.11,21.74,25.22,19.72,18.83,22.63,83.81,13.71,99.49,2.42,347.8,15.64,34.16,0.78,0.76,87.96
2025-04-15,PHU BAI,16.402,107.703,0.0,22.92,26.15,20.65,19.65,23.64,82.36,14.46,99.3,2.48,73.1,23.74,33.59,0.77,0.74,69.44
2025-04-16,PHU BAI,16.402,107.703,0.01,25.32,29.23,22.99,22.49,25.59,85.14,17.29,98.99,2.84,117.9,19.18,35.17,0.76,0.73,92.85
2025-04-17,PHU BAI,16.402,107.703,0.26,28.11,32.13,24.62,23.33,26.65,75.95,18.23,98.83,2.29,199.3,21.15,36.51,0.76,0.73,72.8
2025-04-18,PHU BAI,16.402,107.703,1.49,28.14,33.3,24.69,24.61,27.55,82.62,19.7,98.86,2.64,146.8,21.76,37.13,0.76,0.72,70.81
2025-04-19,PHU BAI,16.402,107.703,0.97,27.78,32.79,25.59,24.84,27.42,85.01,19.97,98.89,2.5,129.6,22.63,36.84,0.76,0.72,66.89
2025-04-20,PHU BAI,16.402,107.703,0.01,26.29,28.48,24.53,23.75,25.6,86.08,18.71,99.02,2.13,169.7,22.6,35.78,0.76,0.72,64.82
2025-04-21,PHU BAI,16.402,107.703,0.0,28.13,32.41,25.26,23.86,27.54,78.64,18.79,99.1,2.25,144.6,22.1,36.48,0.74,0.71,61.31
2025-04-22,PHU BAI,16.402,107.703,0.07,28.58,33.41,25.37,23.98,27.83,77.32,18.94,98.99,2.39,184.2,21.42,36.69,0.73,0.71,59.79
2025-04-23,PHU BAI,16.402,107.703,0.02,27.73,32.45,24.56,23.7,27.0,79.65,18.65,98.88,2.36,167.4,22.9,36.15,0.73,0.7,53.96
2025-04-24,PHU BAI,16.402,107.703,0.13,28.4,33.42,25.26,24.16,27.67,78.91,19.18,98.84,2.68,173.3,22.95,36.57,0.73,0.7,34.48
2025-04-25,PHU BAI,16.402,107.703,5.04,26.91,31.9,24.27,24.32,26.74,86.64,19.31,99.07,2.29,328.4,12.39,37.24,0.75,0.7,90.3
2025-04-26,PHU BAI,16.402,107.703,0.02,25.98,28.86,23.87,24.24,26.07,90.52,19.2,99.19,2.63,111.1,18.1,36.31,0.73,0.7,75.15
2025-04-27,PHU BAI,16.402,107.703,0.0,26.77,30.37,24.01,24.06,26.73,85.73,19.02,99.12,2.58,125.8,19.34,35.95,0.73,0.7,85.79
2025-04-28,PHU BAI,16.402,107.703,0.05,26.19,29.82,23.71,23.98,26.33,88.41,18.92,99.14,2.36,80.5,22.15,35.37,0.72,0.69,81.03
2025-04-29,PHU BAI,16.402,107.703,0.01,25.27,29.16,21.79,22.91,25.72,87.46,17.72,99.25,2.19,76.5,22.26,35.21,0.72,0.69,54.38
2025-04-30,PHU BAI,16.402,107.703,0.0,25.71,29.23,23.49,22.95,26.05,85.85,17.78,99.24,2.91,102.1,22.37,35.21,0.71,0.68,61.71
2025-05-01,PHU BAI,16.402,107.703,0.05,26.19,29.2,24.03,23.88,26.6,87.5,18.76,99.33,2.52,65.8,23.35,35.69,0.71,0.68,45.44
2025-05-02,PHU BAI,16.402,107.703,0.01,25.98,29.55,22.88,23.3,26.48,85.71,18.17,99.11,2.79,100.2,22.36,35.51,0.71,0.67,47.47
2025-05-03,PHU BAI,16.402,107.703,0.01,27.61,31.48,25.25,23.94,27.81,81.33,18.91,98.93,2.65,140.1,20.27,36.19,0.7,0.67,80.43
2025-05-04,PHU BAI,16.402,107.703,0.03,27.75,31.34,24.79,23.98,27.5,80.65,18.99,98.83,2.7,167.2,19.47,36.84,0.7,0.67,74.51
2025-05-05,PHU BAI,16.402,107.703,0.08,28.56,32.86,26.22,24.68,28.3,80.54,19.81,98.79,2.56,144.1,21.09,37.43,0.7,0.66,73.83
2025-05-06,PHU BAI,16.402,107.703,0.01,28.65,32.4,26.36,24.9,28.42,81.0,20.08,98.75,2.32,142.3,21.84,37.58,0.69,0.66,87.17
2025-05-07,PHU BAI,16.402,107.703,1.15,29.26,33.16,26.1,24.85,28.64,77.94,20.06,98.61,2.23,173.2,18.32,37.69,0.7,0.66,92.21
2025-05-08,PHU BAI,16.402,107.703,0.52,29.85,34.0,26.78,24.97,29.09,75.91,20.19,98.6,2.1,190.9,19.99,37.59,0.69,0.65,95.45
2025-05-09,PHU BAI,16.402,107.703,1.02,29.42,33.78,26.52,24.73,28.92,77.23,19.88,98.73,2.25,146.1,19.63,37.85,0.69,0.65,94.57
2025-05-10,PHU BAI,16.402,107.703,19.41,27.4,30.69,25.63,25.11,27.66,87.82,20.3,98.89,2.97,63.7,17.38,37.36,0.76,0.66,97.98
2025-05-11,PHU BAI,16.402,107.703,18.83,25.09,26.47,23.81,23.73,25.36,92.13,18.67,98.99,4.65,14.1,8.9,36.56,0.8,0.71,93.61
2025-05-12,PHU BAI,16.402,107.703,1.59,25.65,28.18,24.3,23.39,26.46,87.54,18.26,99.0,3.53,49.7,5.74,37.0,0.73,0.7,94.96
2025-05-13,PHU BAI,16.402,107.703,0.07,25.92,28.05,24.6,24.17,26.23,90.2,19.14,99.06,2.96,95.6,10.21,36.94,0.73,0.69,98.11
2025-05-14,PHU BAI,16.402,107.703,0.26,26.7,29.13,24.95,24.58,27.01,88.45,19.6,99.14,2.73,106.0,16.77,37.27,0.72,0.68,95.96
2025-05-15,PHU BAI,16.402,107.703,0.93,27.03,29.9,24.79,24.4,27.01,86.04,19.43,99.12,2.0,124.6,13.42,36.74,0.72,0.68,96.7
2025-05-16,PHU BAI,16.402,107.703,0.44,27.5,30.73,25.4,24.28,27.68,83.5,19.29,99.05,1.98,109.3,21.65,36.93,0.71,0.67,78.2
2025-05-17,PHU BAI,16.402,107.703,0.03,27.17,29.55,25.61,24.78,27.12,87.12,19.86,99.06,2.05,168.6,22.04,36.55,0.71,0.67,63.06
2025-05-18,PHU BAI,16.402,107.703,0.05,27.21,30.43,24.93,24.63,27.13,86.57,19.71,98.98,2.16,137.4,22.19,36.46,0.71,0.67,73.59
2025-05-19,PHU BAI,16.402,107.703,0.17,28.02,31.23,25.9,25.11,27.95,84.68,20.3,98.87,1.87,126.1,20.0,37.11,0.7,0.66,85.72
2025-05-20,PHU BAI,16.402,107.703,0.38,27.63,30.24,26.19,24.51,27.63,83.74,19.59,98.88,2.31,146.2,21.9,37.32,0.7,0.66,76.35
2025-05-21,PHU BAI,16.402,107.703,0.02,28.44,31.73,25.9,25.0,28.15,82.34,20.2,98.83,2.09,131.5,22.73,37.16,0.69,0.65,66.11
2025-05-22,PHU BAI,16.402,107.703,0.15,28.04,31.07,25.75,25.03,28.12,84.33,20.26,98.65,2.13,119.7,23.35,36.94,0.69,0.65,75.52
2025-05-23,PHU BAI,16.402,107.703,0.06,27.36,30.93,24.4,24.55,27.44,85.54,19.71,98.68,2.53,117.4,21.71,36.26,0.69,0.65,94.28
2025-05-24,PHU BAI,16.402,107.703,0.42,27.82,31.07,25.72,24.58,27.91,83.88,19.73,98.95,3.49,98.4,22.39,36.24,0.68,0.64,85.21
2025-05-25,PHU BAI,16.402,107.703,4.62,27.21,29.83,25.19,24.97,27.51,87.96,20.09,99.15,4.08,75.8,21.16,37.16,0.7,0.64,81.07
2025-05-26,PHU BAI,16.402,107.703,5.86,26.82,29.39,24.61,24.45,27.21,87.25,19.47,99.15,3.63,89.7,12.32,37.24,0.71,0.65,92.18
2025-05-27,PHU BAI,16.402,107.703,5.61,26.71,29.78,24.11,24.13,27.15,86.22,19.13,98.98,3.21,98.9,15.28,36.81,0.72,0.65,87.98
2025-05-28,PHU BAI,16.402,107.703,2.74,27.17,30.23,24.85,24.31,27.43,85.15,19.38,98.79,2.35,76.8,19.45,36.75,0.7,0.65,91.21
2025-05-29,PHU BAI,16.402,107.703,0.68,27.34,30.6,24.88,24.77,27.73,86.3,19.93,98.74,2.51,5.9,19.58,37.11,0.68,0.64,87.5
2025-05-30,PHU BAI,16.402,107.703,1.4,27.73,30.58,25.19,25.14,27.77,86.08,20.36,98.84,1.98,287.1,16.04,37.47,0.68,0.64,95.0
2025-05-31,PHU BAI,16.402,107.703,0.2,27.72,31.01,25.15,24.31,27.21,81.99,19.39,98.75,3.47,239.0,21.06,36.9,0.68,0.64,87.63
2025-06-01,PHU BAI,16.402,107.703,0.02,28.46,32.04,25.73,24.06,27.66,77.47,19.13,98.6,4.34,239.4,23.97,37.25,0.67,0.63,49.33
2025-06-02,PHU BAI,16.402,107.703,0.11,28.86,33.06,25.02,24.09,28.25,76.01,19.22,98.53,4.51,243.0,24.34,37.4,0.66,0.62,58.42
2025-06-03,PHU BAI,16.402,107.703,11.43,27.82,31.16,25.17,24.67,27.74,83.45,19.82,98.67,2.83,230.4,21.95,37.11,0.71,0.63,83.43
2025-06-04,PHU BAI,16.402,107.703,1.63,28.23,31.04,26.22,25.17,28.29,84.08,20.39,98.82,2.0,87.9,20.47,37.42,0.7,0.64,97.98
2025-06-05,PHU BAI,16.402,107.703,0.48,27.8,29.94,26.3,25.28,27.81,86.46,20.51,98.86,2.19,131.1,20.95,37.54,0.68,0.64,68.14
2025-06-06,PHU BAI,16.402,107.703,0.05,28.89,32.21,26.83,25.6,28.89,83.02,20.94,98.76,2.19,141.2,22.17,37.94,0.68,0.63,61.99
2025-06-07,PHU BAI,16.402,107.703,0.07,28.79,32.33,26.03,25.38,28.88,82.45,20.68,98.71,2.45,151.9,23.33,37.73,0.67,0.63,40.06
2025-06-08,PHU BAI,16.402,107.703,0.05,29.32,32.99,26.51,24.3,29.06,75.26,19.41,98.61,1.96,224.2,22.58,37.66,0.66,0.62,33.58
2025-06-09,PHU BAI,16.402,107.703,0.38,29.15,32.07,26.71,25.31,28.99,80.35,20.63,98.53,1.94,297.2,22.85,37.59,0.66,0.62,67.21
2025-06-10,PHU BAI,16.402,107.703,96.61,27.89,30.04,26.22,25.62,27.98,87.83,21.03,98.48,2.95,322.1,15.41,37.35,0.82,0.65,92.94
2025-06-11,PHU BAI,16.402,107.703,124.04,27.13,28.63,26.07,25.39,27.12,90.37,20.81,98.26,6.58,298.2,3.91,37.04,0.93,0.76,99.2
2025-06-12,PHU BAI,16.402,107.703,271.62,26.54,27.49,25.9,24.8,26.4,90.31,20.17,97.99,8.62,270.7,2.56,37.06,0.98,0.87,99.15
2025-06-13,PHU BAI,16.402,107.703,35.45,26.77,28.56,25.34,24.6,26.5,87.99,19.85,98.33,6.14,248.7,1.77,37.14,0.91,0.9,99.26
2025-06-14,PHU BAI,16.402,107.703,1.88,28.33,31.84,25.9,24.9,27.94,81.99,20.12,98.59,3.66,233.2,15.07,37.26,0.83,0.83,97.62
2025-06-15,PHU BAI,16.402,107.703,0.09,28.05,30.41,25.88,24.83,27.9,83.02,20.0,98.72,2.64,217.3,20.99,36.98,0.8,0.79,86.26
2025-06-16,PHU BAI,16.402,107.703,0.66,28.82,31.82,26.32,25.4,28.54,82.25,20.69,98.8,1.82,203.7,23.39,37.65,0.78,0.76,70.61
2025-06-17,PHU BAI,16.402,107.703,0.47,29.14,32.64,26.3,25.24,29.05,80.34,20.5,98.86,1.9,170.2,23.41,37.32,0.78,0.74,81.38
2025-06-18,PHU BAI,16.402,107.703,0.59,29.11,32.19,25.71,24.75,28.91,78.11,19.9,98.81,1.83,215.3,20.22,37.29,0.77,0.73,95.15
2025-06-19,PHU BAI,16.402,107.703,0.16,28.76,32.95,25.84,24.99,28.7,80.9,20.2,98.78,2.41,172.1,22.52,37.14,0.75,0.72,94.17
2025-06-20,PHU BAI,16.402,107.703,1.04,28.85,31.89,26.29,25.14,28.74,80.89,20.38,98.72,1.84,133.3,21.34,37.65,0.75,0.72,93.22
2025-06-21,PHU BAI,16.402,107.703,2.31,28.28,31.76,25.79,25.18,28.4,83.98,20.42,98.76,2.42,107.9,20.87,37.5,0.76,0.72,57.65
2025-06-22,PHU BAI,16.402,107.703,1.22,28.29,31.78,26.25,25.28,28.46,84.41,20.54,98.74,2.81,117.0,21.22,37.54,0.75,0.71,73.79
2025-06-23,PHU BAI,16.402,107.703,0.05,28.1,31.35,26.03,24.53,28.3,81.78,19.66,98.66,2.54,115.1,22.37,37.18,0.74,0.71,69.83
2025-06-24,PHU BAI,16.402,107.703,0.65,28.31,31.8,25.84,24.68,28.52,81.51,19.82,98.76,2.53,112.6,22.06,37.34,0.74,0.7,47.92
2025-06-25,PHU BAI,16.402,107.703,0.67,27.7,31.42,24.48,24.04,28.02,81.09,19.09,98.74,2.55,114.7,23.11,36.41,0.73,0.7,69.59
2025-06-26,PHU BAI,16.402,107.703,8.04,27.7,31.23,25.35,24.83,27.91,84.9,20.01,98.69,2.8,119.9,20.44,36.99,0.76,0.7,81.71
2025-06-27,PHU BAI,16.402,107.703,2.54,27.24,29.05,24.98,23.97,27.06,82.46,18.99,98.71,1.63,228.5,16.24,36.92,0.75,0.71,91.12
2025-06-28,PHU BAI,16.402,107.703,0.69,28.4,32.1,25.18,24.01,28.31,77.72,19.07,98.53,1.58,193.7,18.07,37.27,0.74,0.7,97.8
2025-06-29,PHU BAI,16.402,107.703,1.87,28.32,30.99,25.46,24.68,28.05,81.05,19.88,98.47,1.9,228.7,18.25,37.26,0.74,0.7,98.8
2025-06-30,PHU BAI,16.402,107.703,2.61,28.36,31.21,25.93,24.95,28.25,82.16,20.18,98.55,2.08,220.6,18.22,37.11,0.74,0.7,98.47
2025-07-01,PHU BAI,16.402,107.703,14.44,28.08,31.58,25.64,24.35,28.41,80.9,19.44,98.68,1.88,145.3,13.74,37.33,0.79,0.71,98.36
2025-07-02,PHU BAI,16.402,107.703,7.83,27.58,29.98,25.43,24.04,27.64,81.54,19.06,98.78,2.0,279.9,20.64,36.82,0.79,0.72,91.38
2025-07-03,PHU BAI,16.402,107.703,14.05,28.12,30.27,25.74,23.55,27.79,76.59,18.53,98.71,1.2,266.6,10.62,37.26,0.81,0.73,97.53
2025-07-04,PHU BAI,16.402,107.703,7.57,26.4,27.58,24.98,24.51,26.76,89.37,19.64,98.61,2.21,274.8,18.67,36.93,0.79,0.74,83.45
2025-07-05,PHU BAI,16.402,107.703,17.49,27.75,29.97,25.62,24.94,27.54,84.88,20.16,98.56,2.01,271.0,20.33,37.35,0.81,0.74,85.92
2025-07-06,PHU BAI,16.402,107.703,2.01,28.06,30.65,25.67,24.87,27.73,82.97,20.07,98.61,1.57,258.8,16.48,37.13,0.78,0.74,98.64
2025-07-07,PHU BAI,16.402,107.703,0.44,28.97,31.63,26.23,24.84,28.61,78.82,20.04,98.62,2.17,233.5,20.87,37.62,0.76,0.73,85.28
2025-07-08,PHU BAI,16.402,107.703,1.27,27.92,30.74,25.6,24.75,27.64,83.24,19.94,98.54,4.27,243.2,19.76,37.36,0.76,0.72,98.68
2025-07-09,PHU BAI,16.402,107.703,0.46,28.44,31.66,26.36,24.34,28.04,78.89,19.53,98.33,6.19,249.5,13.42,37.86,0.74,0.71,98.45
2025-07-10,PHU BAI,16.402,107.703,2.43,27.95,31.37,25.27,24.49,27.61,81.94,19.72,98.16,4.76,249.1,17.83,37.18,0.75,0.71,96.8
2025-07-11,PHU BAI,16.402,107.703,0.25,28.61,31.74,25.83,24.84,28.24,80.43,20.11,98.28,2.76,256.8,11.85,37.81,0.74,0.7,99.15
2025-07-12,PHU BAI,16.402,107.703,3.09,28.2,31.47,25.74,24.98,28.21,83.13,20.21,98.62,2.27,176.3,17.87,37.87,0.75,0.7,79.44
2025-07-13,PHU BAI,16.402,107.703,0.95,28.55,31.4,26.58,25.17,28.61,82.37,20.42,98.68,1.9,116.2,20.35,38.03,0.74,0.7,68.76
2025-07-14,PHU BAI,16.402,107.703,2.95,28.58,31.11,25.81,24.79,28.22,80.34,19.98,98.61,1.58,235.1,22.52,37.55,0.74,0.7,78.72
2025-07-15,PHU BAI,16.402,107.703,4.71,29.18,32.68,26.21,25.84,29.2,82.77,21.31,98.49,1.93,236.1,21.72,37.74,0.75,0.7,91.67
2025-07-16,PHU BAI,16.402,107.703,0.39,28.35,31.57,25.24,24.83,28.26,81.7,20.04,98.59,3.09,242.0,22.75,37.2,0.74,0.7,63.89
2025-07-17,PHU BAI,16.402,107.703,0.14,29.07,32.64,25.73,24.92,28.84,78.93,20.17,98.53,3.44,255.9,24.72,37.49,0.72,0.69,50.76
2025-07-18,PHU BAI,16.402,107.703,0.05,28.17,30.81,26.46,24.47,27.81,80.55,19.7,98.26,5.32,252.6,23.76,36.64,0.72,0.69,74.83
2025-07-19,PHU BAI,16.402,107.703,2.11,28.08,31.19,25.67,24.57,27.76,81.8,19.86,97.97,5.33,253.9,20.54,37.26,0.72,0.68,91.86
2025-07-20,PHU BAI,16.402,107.703,3.47,27.16,29.32,25.59,24.63,26.99,86.26,19.92,97.97,5.36,250.6,12.76,37.13,0.74,0.68,99.85
2025-07-21,PHU BAI,16.402,107.703,1.39,27.79,30.07,26.15,23.35,27.3,77.01,18.47,97.93,8.12,243.4,9.32,36.88,0.72,0.68,99.76
2025-07-22,PHU BAI,16.402,107.703,0.57,28.15,31.15,25.98,23.58,27.57,76.65,18.7,97.95,6.4,235.4,11.3,37.62,0.71,0.67,99.29
2025-07-23,PHU BAI,16.402,107.703,1.15,28.81,32.16,26.13,24.69,28.36,79.02,19.96,98.22,3.69,240.9,16.1,37.87,0.71,0.67,98.43
2025-07-24,PHU BAI,16.402,107.703,8.18,27.29,29.59,25.43,24.43,27.13,84.76,19.59,98.37,3.58,249.4,12.01,37.35,0.74,0.67,99.86
2025-07-25,PHU BAI,16.402,107.703,12.9,26.5,28.46,25.25,23.94,26.47,86.06,19.03,98.41,5.06,250.8,10.09,37.27,0.77,0.69,98.84
2025-07-26,PHU BAI,16.402,107.703,8.39,27.35,29.6,25.9,24.77,27.15,85.95,20.01,98.37,4.68,255.3,15.46,37.51,0.78,0.7,91.52
2025-07-27,PHU BAI,16.402,107.703,4.71,27.92,31.03,25.87,24.44,27.64,81.68,19.61,98.33,4.21,242.3,11.13,37.93,0.75,0.7,99.47
2025-07-28,PHU BAI,16.402,107.703,6.94,28.25,31.39,26.06,24.27,27.79,79.45,19.44,98.25,5.46,246.1,9.04,37.85,0.76,0.7,99.41
2025-07-29,PHU BAI,16.402,107.703,1.56,28.45,31.66,26.48,24.92,27.92,81.58,20.21,98.26,4.7,244.9,13.03,37.85,0.73,0.69,98.55
2025-07-30,PHU BAI,16.402,107.703,3.44,27.53,29.41,26.21,24.25,27.05,82.5,19.41,98.32,5.93,245.2,13.3,37.45,0.74,0.69,98.28
2025-07-31,PHU BAI,16.402,107.703,0.43,28.46,31.35,26.84,24.54,27.82,79.62,19.76,98.3,5.46,245.2,16.77,37.65,0.72,0.68,92.77
2025-08-01,PHU BAI,16.402,107.703,0.04,28.87,32.19,25.95,24.83,28.31,79.27,20.08,98.38,4.24,236.3,20.49,37.58,0.71,0.67,76.69
2025-08-02,PHU BAI,16.402,107.703,0.01,29.29,32.92,26.44,25.11,28.71,78.59,20.42,98.53,3.8,240.1,22.92,37.41,0.7,0.67,77.11
2025-08-03,PHU BAI,16.402,107.703,0.13,28.7,31.77,26.33,25.0,28.02,80.73,20.26,98.61,4.07,241.5,20.52,37.34,0.7,0.66,89.09
2025-08-04,PHU BAI,16.402,107.703,0.06,28.66,32.24,25.64,25.02,28.11,81.14,20.29,98.59,3.55,230.0,24.31,36.43,0.7,0.66,76.51
2025-08-05,PHU BAI,16.402,107.703,0.04,29.54,33.58,25.38,25.05,29.06,77.6,20.32,98.64,2.38,222.6,22.57,37.03,0.69,0.65,96.5
2025-08-06,PHU BAI,16.402,107.703,2.48,29.34,32.71,25.95,24.93,28.83,77.8,20.13,98.76,1.68,211.0,20.51,37.21,0.7,0.65,98.16
2025-08-07,PHU BAI,16.402,107.703,7.45,28.93,31.8,26.04,24.77,28.65,78.59,19.88,98.93,1.28,198.4,22.33,37.12,0.74,0.66,71.59
2025-08-08,PHU BAI,16.402,107.703,5.49,29.18,32.05,26.05,24.46,28.9,76.35,19.51,98.98,2.06,232.1,23.28,37.31,0.73,0.67,67.63
2025-08-09,PHU BAI,16.402,107.703,0.4,28.74,31.56,25.51,24.48,28.54,78.3,19.57,98.83,2.5,238.3,22.47,37.41,0.7,0.66,76.96
2025-08-10,PHU BAI,16.402,107.703,0.84,28.41,31.47,25.88,24.59,28.42,80.32,19.72,98.71,2.4,191.0,22.84,37.26,0.7,0.66,60.69
2025-08-11,PHU BAI,16.402,107.703,0.42,28.24,31.19,26.22,24.97,28.62,82.9,20.18,98.65,1.92,114.0,23.72,37.33,0.7,0.65,48.65
2025-08-12,PHU BAI,16.402,107.703,0.07,27.96,30.57,26.32,24.65,28.25,82.61,19.76,98.78,2.07,39.3,24.07,37.03,0.7,0.65,67.21
2025-08-13,PHU BAI,16.402,107.703,8.05,27.65,29.91,25.28,24.62,27.54,83.84,19.75,98.77,2.72,259.0,23.91,36.86,0.73,0.66,75.58
2025-08-14,PHU BAI,16.402,107.703,22.18,27.96,30.65,25.92,24.69,28.14,82.89,19.86,98.62,2.31,195.3,23.37,36.67,0.8,0.68,74.34
2025-08-15,PHU BAI,16.402,107.703,4.27,27.06,29.39,25.43,24.04,27.25,83.95,19.1,98.63,2.22,89.3,19.11,36.54,0.76,0.7,90.9
2025-08-16,PHU BAI,16.402,107.703,11.87,27.2,30.02,25.39,24.16,27.82,84.19,19.25,98.61,2.94,331.3,15.03,36.74,0.76,0.69,94.74
2025-08-17,PHU BAI,16.402,107.703,49.6,26.22,27.74,25.05,24.78,26.6,91.8,19.97,98.62,3.46,299.8,6.39,36.63,0.88,0.75,99.12
2025-08-18,PHU BAI,16.402,107.703,10.47,27.03,29.84,24.67,23.58,26.97,81.6,18.52,98.82,2.96,235.2,12.84,36.78,0.81,0.76,98.82
2025-08-19,PHU BAI,16.402,107.703,0.03,28.09,31.27,25.31,24.61,28.01,82.0,19.7,98.91,2.12,172.1,20.96,37.12,0.76,0.73,85.18
2025-08-20,PHU BAI,16.402,107.703,0.33,27.55,30.43,25.82,24.42,27.43,83.61,19.47,98.98,2.17,133.6,22.45,36.58,0.75,0.71,82.94
2025-08-21,PHU BAI,16.402,107.703,0.21,27.35,30.81,24.19,24.06,27.39,82.84,19.08,99.01,2.86,133.8,23.73,36.04,0.74,0.7,81.46
2025-08-22,PHU BAI,16.402,107.703,0.14,27.26,30.59,25.55,23.79,27.52,82.04,18.76,98.9,2.7,118.4,21.67,36.84,0.73,0.69,81.7
2025-08-23,PHU BAI,16.402,107.703,1.03,27.07,29.99,25.26,24.4,27.3,85.86,19.48,98.77,2.88,319.4,19.88,36.61,0.73,0.69,94.68
2025-08-24,PHU BAI,16.402,107.703,46.43,26.05,27.98,24.61,23.83,26.11,87.77,18.94,98.35,7.42,274.0,6.75,36.42,0.85,0.72,99.51
