date,location,latitude,longitude,precipitationCorrected,temperature2m,temperature2mMax,temperature2mMin,dewPoint2m,earthSkinTemperature,relativeHumidity2m,specificHumidity2m,surfacePressure,windSpeed10m,windDirection10m,shortwaveDownwardIrradiance,longwaveDownwardIrradiance,surfaceSoilWetness,rootZoneSoilWetness,cloudFraction
2015-01-01,PLEIKU,14.005,108.017,0.23,18.12,23.73,14.22,11.52,18.29,68.7,9.06,94.66,3.2,48.2,12.83,30.6,0.47,0.58,67.97
2015-01-02,PLEIKU,14.005,108.017,1.87,19.76,25.92,16.45,14.73,20.01,75.8,11.12,94.64,2.93,53.7,9.55,31.55,0.47,0.58,96.32
2015-01-03,PLEIKU,14.005,108.017,1.95,20.36,27.35,16.46,16.13,20.57,79.05,12.16,94.47,2.66,64.4,9.84,32.42,0.48,0.58,82.69
2015-01-04,PLEIKU,14.005,108.017,0.02,22.41,29.55,17.68,16.75,22.68,73.57,12.69,94.29,1.98,89.4,13.39,32.1,0.46,0.58,89.4
2015-01-05,PLEIKU,14.005,108.017,0.0,23.57,30.9,18.61,17.99,23.89,74.58,13.76,94.23,1.64,105.6,16.39,32.26,0.46,0.58,80.01
2015-01-06,PLEIKU,14.005,108.017,0.19,24.22,32.04,19.61,18.09,24.55,72.63,13.87,94.23,2.11,84.1,15.86,33.31,0.45,0.58,64.9
2015-01-07,PLEIKU,14.005,108.017,1.05,22.68,29.91,18.92,17.15,22.94,73.23,13.0,94.43,2.95,68.1,9.79,34.19,0.46,0.58,92.65
2015-01-08,PLEIKU,14.005,108.017,0.89,21.59,27.89,18.0,16.6,21.77,75.2,12.53,94.57,3.57,66.8,6.61,33.86,0.46,0.58,93.99
2015-01-09,PLEIKU,14.005,108.017,1.41,21.16,28.16,17.12,15.99,21.41,75.98,12.06,94.55,2.96,67.3,8.7,33.16,0.46,0.58,89.5
2015-01-10,PLEIKU,14.005,108.017,2.45,20.93,28.37,16.7,16.59,21.2,79.51,12.53,94.53,2.67,66.4,8.57,33.53,0.47,0.58,91.11
2015-01-11,PLEIKU,14.005,108.017,1.07,20.69,27.51,17.02,15.51,20.95,74.45,11.69,94.52,2.52,64.2,8.18,32.55,0.46,0.58,85.83
2015-01-12,PLEIKU,14.005,108.017,0.0,20.54,28.59,14.8,13.63,20.8,66.49,10.38,94.5,2.51,51.9,14.48,31.44,0.46,0.58,62.44
2015-01-13,PLEIKU,14.005,108.017,0.0,19.75,29.18,13.16,11.67,20.14,63.22,9.09,94.56,2.59,54.9,14.69,30.67,0.45,0.58,63.54
2015-01-14,PLEIKU,14.005,108.017,0.0,17.46,26.85,11.32,9.4,17.79,63.69,7.8,94.68,2.77,56.3,13.7,29.4,0.44,0.57,58.66
2015-01-15,PLEIKU,14.005,108.017,0.0,16.88,26.84,9.68,7.98,17.22,62.16,7.13,94.64,2.23,58.4,15.73,29.37,0.44,0.57,58.37
2015-01-16,PLEIKU,14.005,108.017,0.34,17.8,26.25,12.9,10.82,18.11,68.99,8.65,94.62,2.78,54.6,15.09,31.89,0.43,0.57,76.12
2015-01-17,PLEIKU,14.005,108.017,0.46,18.64,25.43,13.94,13.19,18.85,73.13,10.04,94.66,3.21,57.4,8.86,32.03,0.43,0.57,90.68
2015-01-18,PLEIKU,14.005,108.017,0.1,19.54,26.1,15.42,12.94,19.83,69.22,9.96,94.63,2.89,58.1,14.23,32.0,0.43,0.57,85.95
2015-01-19,PLEIKU,14.005,108.017,0.0,16.96,23.05,12.67,11.84,17.15,74.46,9.17,94.69,2.54,61.9,11.14,30.29,0.43,0.57,77.88
2015-01-20,PLEIKU,14.005,108.017,0.0,19.62,29.29,13.1,11.02,20.05,64.07,8.74,94.7,1.52,62.8,18.06,28.73,0.42,0.57,71.67
2015-01-21,PLEIKU,14.005,108.017,0.0,20.75,30.06,14.24,12.23,21.17,64.75,9.5,94.79,2.06,62.8,20.27,28.49,0.42,0.57,28.26
2015-01-22,PLEIKU,14.005,108.017,0.0,20.3,30.28,13.43,11.57,20.74,64.68,9.11,94.69,1.97,74.7,18.37,29.46,0.41,0.57,38.94
2015-01-23,PLEIKU,14.005,108.017,0.0,19.93,29.88,13.21,11.44,20.36,65.31,9.03,94.47,1.73,85.8,20.16,28.8,0.41,0.57,29.89
2015-01-24,PLEIKU,14.005,108.017,0.0,20.91,31.37,13.62,11.66,21.25,63.19,9.18,94.51,1.43,88.7,20.02,28.8,0.4,0.57,18.68
2015-01-25,PLEIKU,14.005,108.017,0.0,21.48,32.72,13.17,10.79,21.83,60.03,8.75,94.55,1.49,79.8,21.63,27.83,0.4,0.57,3.19
2015-01-26,PLEIKU,14.005,108.017,0.0,21.94,32.8,14.02,10.8,22.26,59.22,8.82,94.48,1.81,80.0,22.19,27.34,0.39,0.57,1.98
2015-01-27,PLEIKU,14.005,108.017,0.0,22.07,32.35,15.21,12.06,22.47,61.85,9.54,94.36,2.16,88.3,22.38,27.27,0.39,0.56,0.98
2015-01-28,PLEIKU,14.005,108.017,0.0,22.01,32.14,14.89,13.37,22.43,65.02,10.27,94.37,2.08,85.9,20.66,29.4,0.38,0.56,20.87
2015-01-29,PLEIKU,14.005,108.017,0.0,22.26,32.67,14.88,13.31,22.68,64.06,10.23,94.47,2.32,79.0,19.84,30.88,0.38,0.56,46.11
2015-01-30,PLEIKU,14.005,108.017,0.01,20.95,30.47,15.05,11.81,21.29,63.71,9.35,94.65,2.8,64.7,19.96,29.77,0.38,0.56,45.24
2015-01-31,PLEIKU,14.005,108.017,0.54,20.13,28.34,15.38,13.45,20.44,69.92,10.22,94.71,3.13,63.5,13.24,31.81,0.38,0.56,79.99
2015-02-01,PLEIKU,14.005,108.017,0.82,20.19,27.52,15.48,14.7,20.43,74.39,11.07,94.72,3.08,65.9,10.22,33.45,0.38,0.56,88.28
2015-02-02,PLEIKU,14.005,108.017,0.23,21.2,29.07,15.68,14.66,21.48,70.68,11.04,94.8,3.04,67.3,11.74,32.1,0.38,0.56,70.16
2015-02-03,PLEIKU,14.005,108.017,0.26,20.97,29.68,15.43,13.94,21.32,68.63,10.54,94.8,2.87,64.9,14.43,31.21,0.38,0.56,59.02
2015-02-04,PLEIKU,14.005,108.017,0.02,19.47,27.82,14.01,12.39,19.79,67.66,9.51,94.74,3.06,60.9,11.58,30.84,0.38,0.56,55.3
2015-02-05,PLEIKU,14.005,108.017,0.04,19.21,26.96,14.29,12.33,19.53,69.1,9.49,94.75,2.99,60.8,13.68,30.99,0.38,0.56,63.66
2015-02-06,PLEIKU,14.005,108.017,0.07,18.95,26.49,13.97,12.66,19.26,71.26,9.7,94.72,2.88,69.4,13.98,31.81,0.38,0.56,78.98
2015-02-07,PLEIKU,14.005,108.017,0.15,19.86,28.28,14.39,12.81,20.23,68.89,9.81,94.65,2.5,72.7,12.83,30.61,0.38,0.56,62.73
2015-02-08,PLEIKU,14.005,108.017,0.36,19.02,26.33,14.75,13.03,19.33,72.43,9.94,94.74,2.94,66.2,14.3,32.14,0.38,0.56,82.58
2015-02-09,PLEIKU,14.005,108.017,0.25,18.88,27.05,13.2,12.51,19.2,70.97,9.6,94.73,2.89,66.5,9.39,31.7,0.38,0.56,79.19
2015-02-10,PLEIKU,14.005,108.017,0.12,19.1,27.6,13.0,12.17,19.49,69.62,9.44,94.52,2.51,72.5,13.96,29.56,0.38,0.56,46.25
2015-02-11,PLEIKU,14.005,108.017,0.0,20.37,30.2,13.21,11.03,20.79,62.47,8.82,94.47,2.22,70.4,22.0,28.42,0.37,0.56,18.18
2015-02-12,PLEIKU,14.005,108.017,0.0,20.47,29.25,14.56,12.55,20.86,65.84,9.69,94.41,2.62,73.7,18.17,30.03,0.37,0.56,42.9
2015-02-13,PLEIKU,14.005,108.017,0.0,21.31,30.41,15.58,13.28,21.74,66.16,10.19,94.36,2.36,89.3,18.82,30.61,0.37,0.56,46.98
2015-02-14,PLEIKU,14.005,108.017,0.0,22.33,32.04,15.61,13.47,22.74,63.7,10.32,94.26,1.67,110.4,19.72,30.25,0.37,0.56,35.41
2015-02-15,PLEIKU,14.005,108.017,0.0,23.56,33.41,16.58,14.02,24.0,62.54,10.75,94.35,1.64,98.5,20.49,31.43,0.37,0.56,36.46
2015-02-16,PLEIKU,14.005,108.017,0.0,23.29,33.75,15.78,13.95,23.72,62.96,10.64,94.34,2.17,84.8,21.36,31.15,0.36,0.56,40.93
2015-02-17,PLEIKU,14.005,108.017,0.02,23.52,33.65,17.06,14.72,23.97,64.9,11.21,94.33,2.17,87.4,21.65,30.78,0.36,0.56,39.82
2015-02-18,PLEIKU,14.005,108.017,0.02,24.3,33.67,18.43,15.98,24.73,66.51,12.2,94.38,2.47,90.8,16.02,33.76,0.36,0.56,81.08
2015-02-19,PLEIKU,14.005,108.017,0.0,23.31,31.12,17.96,16.7,23.66,69.71,12.62,94.46,1.89,83.9,14.59,33.33,0.36,0.56,93.28
2015-02-20,PLEIKU,14.005,108.017,0.0,24.51,33.11,18.67,15.53,24.99,63.13,11.82,94.38,2.02,97.7,19.22,33.24,0.36,0.56,74.79
2015-02-21,PLEIKU,14.005,108.017,0.01,24.92,33.75,18.55,16.3,25.41,64.6,12.39,94.34,1.83,104.8,19.92,32.08,0.36,0.56,38.37
2015-02-22,PLEIKU,14.005,108.017,0.02,25.27,33.96,18.97,15.89,25.7,62.07,12.1,94.4,1.82,107.6,19.78,32.76,0.35,0.56,49.82
2015-02-23,PLEIKU,14.005,108.017,0.0,26.06,35.58,18.88,16.34,26.58,61.84,12.46,94.32,1.75,103.9,21.75,32.55,0.35,0.56,30.32
2015-02-24,PLEIKU,14.005,108.017,0.0,26.13,35.33,18.99,15.73,26.61,59.03,11.98,94.23,1.61,113.5,21.01,32.79,0.35,0.56,40.22
2015-02-25,PLEIKU,14.005,108.017,0.0,25.86,35.94,18.13,15.65,26.3,60.22,11.91,94.19,1.83,108.0,21.89,31.46,0.34,0.56,28.28
2015-02-26,PLEIKU,14.005,108.017,0.0,25.91,35.94,18.51,14.77,26.38,58.64,11.4,94.2,1.83,112.9,23.56,30.25,0.34,0.56,14.78
2015-02-27,PLEIKU,14.005,108.017,0.11,26.14,35.85,19.78,16.04,26.62,61.61,12.33,94.27,2.25,102.2,24.48,31.28,0.33,0.56,20.09
2015-02-28,PLEIKU,14.005,108.017,0.02,25.9,35.24,19.71,16.47,26.32,62.82,12.61,94.35,2.7,95.2,22.26,31.71,0.33,0.56,37.83
2015-03-01,PLEIKU,14.005,108.017,0.0,24.64,33.94,18.57,16.11,25.04,65.13,12.26,94.45,3.0,79.7,21.24,31.45,0.33,0.55,33.66
2015-03-02,PLEIKU,14.005,108.017,0.0,25.05,35.02,18.49,15.71,25.52,63.31,11.99,94.25,1.98,101.4,23.14,31.3,0.32,0.55,24.22
2015-03-03,PLEIKU,14.005,108.017,0.0,26.17,34.81,19.93,15.64,26.6,57.19,11.91,94.11,1.41,141.9,20.95,32.71,0.32,0.55,13.89
2015-03-04,PLEIKU,14.005,108.017,0.0,25.96,35.01,18.91,15.93,26.43,59.13,12.09,94.26,1.75,105.1,18.52,32.72,0.32,0.55,26.97
2015-03-05,PLEIKU,14.005,108.017,0.0,25.68,35.3,18.9,14.87,26.17,59.27,11.46,94.35,2.09,104.9,25.19,30.8,0.31,0.55,7.36
2015-03-06,PLEIKU,14.005,108.017,0.0,26.16,36.23,19.23,15.89,26.69,60.39,12.14,94.3,2.19,101.7,25.39,30.66,0.31,0.55,22.81
2015-03-07,PLEIKU,14.005,108.017,0.0,25.27,35.1,18.7,15.44,25.75,60.53,11.72,94.36,2.41,100.6,22.66,30.39,0.31,0.55,43.99
2015-03-08,PLEIKU,14.005,108.017,0.0,25.39,35.52,18.41,15.36,25.83,61.89,11.77,94.46,2.26,98.6,23.94,31.0,0.31,0.55,17.66
2015-03-09,PLEIKU,14.005,108.017,0.0,25.7,36.01,18.72,16.57,26.18,63.94,12.6,94.56,2.66,96.2,24.86,30.44,0.31,0.55,22.01
2015-03-10,PLEIKU,14.005,108.017,0.0,24.04,33.96,17.57,13.6,24.44,60.74,10.57,94.57,2.92,82.9,25.89,29.25,0.3,0.55,15.23
2015-03-11,PLEIKU,14.005,108.017,0.0,24.36,33.51,17.93,15.27,24.77,63.95,11.67,94.61,2.75,80.7,21.24,31.07,0.3,0.55,21.72
2015-03-12,PLEIKU,14.005,108.017,0.11,24.79,33.56,19.02,17.16,25.19,67.38,13.03,94.52,2.59,86.7,18.42,33.53,0.3,0.55,52.07
2015-03-13,PLEIKU,14.005,108.017,0.2,25.38,33.83,19.87,17.43,25.81,66.33,13.26,94.53,2.16,102.1,17.55,32.83,0.31,0.55,34.67
2015-03-14,PLEIKU,14.005,108.017,0.0,24.1,30.19,19.13,17.02,24.39,67.7,12.88,94.6,1.51,82.5,20.0,32.63,0.31,0.55,22.68
2015-03-15,PLEIKU,14.005,108.017,0.0,25.87,34.49,19.97,15.0,26.32,56.9,11.46,94.49,1.41,107.7,20.46,33.2,0.3,0.55,41.99
2015-03-16,PLEIKU,14.005,108.017,0.0,24.17,31.42,17.72,14.32,24.22,59.16,10.96,94.41,1.0,122.1,20.12,32.59,0.3,0.55,30.58
2015-03-17,PLEIKU,14.005,108.017,0.0,27.03,36.07,20.01,12.63,27.23,44.3,9.78,94.15,1.24,144.8,21.1,32.77,0.3,0.55,31.04
2015-03-18,PLEIKU,14.005,108.017,0.0,27.37,36.51,19.87,15.75,27.74,55.02,12.04,94.11,1.49,120.6,20.98,32.99,0.29,0.55,18.65
2015-03-19,PLEIKU,14.005,108.017,0.0,26.83,36.8,18.5,16.01,27.27,58.06,12.16,94.2,1.59,101.3,21.73,32.55,0.29,0.55,18.28
2015-03-20,PLEIKU,14.005,108.017,0.0,24.79,36.05,17.44,13.54,25.27,59.15,10.53,94.36,2.41,95.1,26.7,29.26,0.29,0.55,4.3
2015-03-21,PLEIKU,14.005,108.017,0.0,24.35,34.08,15.79,15.18,24.82,63.46,11.57,94.46,2.59,82.4,23.75,31.53,0.29,0.55,34.44
2015-03-22,PLEIKU,14.005,108.017,0.0,24.14,33.87,17.21,13.24,24.61,57.16,10.18,94.42,2.64,76.5,23.98,30.1,0.29,0.55,47.05
2015-03-23,PLEIKU,14.005,108.017,0.66,24.18,32.26,18.55,15.39,24.56,64.76,11.77,94.41,2.72,76.3,24.31,31.07,0.29,0.55,33.42
2015-03-24,PLEIKU,14.005,108.017,3.05,23.91,31.11,19.37,17.05,24.27,70.1,12.95,94.55,3.13,70.3,15.45,34.77,0.33,0.55,89.98
2015-03-25,PLEIKU,14.005,108.017,6.44,24.23,31.47,19.82,18.67,24.56,74.92,14.3,94.64,3.07,71.1,12.3,34.6,0.41,0.57,93.35
2015-03-26,PLEIKU,14.005,108.017,0.82,24.62,32.07,20.39,18.11,24.97,70.46,13.79,94.69,3.23,69.9,16.59,34.03,0.41,0.57,91.31
2015-03-27,PLEIKU,14.005,108.017,0.65,24.28,32.12,19.24,17.96,24.61,71.46,13.67,94.6,3.13,75.4,13.99,33.26,0.41,0.57,97.31
2015-03-28,PLEIKU,14.005,108.017,0.65,24.5,32.43,19.49,17.93,24.95,70.93,13.67,94.45,2.64,76.4,18.0,33.1,0.41,0.57,63.24
2015-03-29,PLEIKU,14.005,108.017,0.02,25.86,34.46,20.4,17.91,26.34,66.15,13.68,94.35,2.38,90.2,21.13,33.35,0.41,0.56,73.9
2015-03-30,PLEIKU,14.005,108.017,0.01,26.34,35.22,19.84,17.26,26.9,63.89,13.24,94.32,2.01,97.1,22.3,32.54,0.4,0.56,45.62
2015-03-31,PLEIKU,14.005,108.017,0.0,26.9,36.82,19.15,15.75,27.4,59.06,12.16,94.27,1.97,113.2,26.33,31.85,0.39,0.56,29.83
2015-04-01,PLEIKU,14.005,108.017,0.0,27.97,37.37,21.41,15.64,28.53,54.23,12.08,94.12,1.39,132.3,24.7,33.02,0.38,0.56,45.41
2015-04-02,PLEIKU,14.005,108.017,0.0,28.47,36.53,21.94,18.5,28.95,59.0,14.29,93.92,1.27,159.6,23.12,33.58,0.38,0.56,52.21
2015-04-03,PLEIKU,14.005,108.017,0.0,28.64,36.1,22.29,19.1,29.04,60.29,14.85,93.84,1.35,175.0,19.7,34.03,0.37,0.56,55.41
2015-04-04,PLEIKU,14.005,108.017,0.0,28.57,36.02,22.58,19.17,29.03,60.47,14.87,93.95,1.3,139.1,20.77,34.12,0.37,0.56,70.15
2015-04-05,PLEIKU,14.005,108.017,0.0,25.08,31.86,18.97,16.91,25.0,63.29,12.86,94.06,1.12,77.5,20.61,33.97,0.36,0.56,71.29
2015-04-06,PLEIKU,14.005,108.017,0.0,27.68,37.25,19.31,15.07,28.18,53.97,11.69,94.1,1.26,110.3,23.2,34.21,0.35,0.56,29.48
2015-04-07,PLEIKU,14.005,108.017,0.0,27.11,38.0,18.32,13.86,27.67,54.42,10.91,94.18,2.25,89.2,27.32,31.4,0.34,0.55,20.12
2015-04-08,PLEIKU,14.005,108.017,0.01,25.48,35.54,18.73,14.2,25.94,57.72,10.96,94.3,2.83,72.3,25.19,30.73,0.33,0.55,18.11
2015-04-09,PLEIKU,14.005,108.017,0.01,26.9,36.28,20.34,16.82,27.44,60.81,12.9,94.28,2.52,74.5,20.59,33.6,0.32,0.55,60.11
2015-04-10,PLEIKU,14.005,108.017,0.0,26.9,36.0,20.14,17.17,27.42,60.89,13.13,94.3,2.48,70.1,21.9,32.83,0.32,0.55,37.43
2015-04-11,PLEIKU,14.005,108.017,0.06,26.67,35.01,20.7,17.48,27.17,61.94,13.36,94.4,2.21,70.1,20.52,33.92,0.32,0.55,46.83
2015-04-12,PLEIKU,14.005,108.017,1.8,24.87,33.52,19.25,17.95,25.2,68.54,13.65,94.54,2.85,48.7,12.7,34.99,0.33,0.55,94.1
2015-04-13,PLEIKU,14.005,108.017,1.61,23.07,31.82,16.85,14.99,23.44,63.2,11.31,94.5,3.59,54.3,11.59,32.14,0.37,0.56,51.12
2015-04-14,PLEIKU,14.005,108.017,0.0,21.68,29.69,15.67,12.79,22.07,61.94,9.83,94.5,3.19,65.8,21.61,30.09,0.36,0.56,27.11
2015-04-15,PLEIKU,14.005,108.017,0.0,24.08,34.27,16.06,11.82,24.52,53.48,9.3,94.42,2.21,91.2,25.14,30.04,0.35,0.56,17.55
2015-04-16,PLEIKU,14.005,108.017,0.0,27.01,37.21,19.67,14.35,27.54,55.52,11.23,94.33,1.58,112.7,25.72,31.56,0.34,0.55,16.77
2015-04-17,PLEIKU,14.005,108.017,0.0,27.76,37.02,20.66,16.6,28.3,57.32,12.72,94.13,1.48,130.6,24.27,32.31,0.33,0.55,6.64
2015-04-18,PLEIKU,14.005,108.017,0.0,29.21,37.55,21.98,16.75,29.66,50.8,12.78,94.07,1.42,212.3,23.99,33.27,0.32,0.55,23.14
2015-04-19,PLEIKU,14.005,108.017,0.0,30.81,39.32,24.01,17.55,31.27,48.69,13.42,94.07,1.35,187.4,23.82,34.0,0.31,0.55,32.41
2015-04-20,PLEIKU,14.005,108.017,0.0,30.96,37.77,25.25,17.6,31.22,47.43,13.48,94.02,1.24,231.1,23.23,33.93,0.3,0.55,22.92
2015-04-21,PLEIKU,14.005,108.017,0.18,28.76,37.03,22.07,19.08,29.16,60.32,14.77,94.12,1.6,64.9,15.17,34.66,0.3,0.55,81.12
2015-04-22,PLEIKU,14.005,108.017,0.05,27.98,36.55,21.7,17.87,28.44,59.83,13.75,94.28,2.56,92.5,20.7,33.9,0.3,0.55,81.39
2015-04-23,PLEIKU,14.005,108.017,0.04,27.05,35.25,21.13,17.79,27.55,60.93,13.58,94.38,2.59,77.8,22.39,33.42,0.3,0.55,67.53
2015-04-24,PLEIKU,14.005,108.017,0.08,26.5,35.22,20.19,17.31,26.98,62.15,13.19,94.35,2.63,71.8,21.37,33.33,0.3,0.55,39.5
2015-04-25,PLEIKU,14.005,108.017,1.58,26.12,34.71,19.7,17.93,26.59,66.3,13.71,94.32,2.75,70.2,19.83,34.32,0.31,0.55,49.73
2015-04-26,PLEIKU,14.005,108.017,1.53,25.65,33.96,19.48,18.06,26.12,67.02,13.79,94.34,2.72,72.8,19.38,32.83,0.36,0.56,40.83
2015-04-27,PLEIKU,14.005,108.017,0.0,27.7,36.77,21.28,17.58,28.23,60.22,13.52,94.25,2.15,95.9,25.07,33.34,0.35,0.55,32.03
2015-04-28,PLEIKU,14.005,108.017,0.0,28.38,36.85,22.06,18.86,28.98,61.54,14.6,94.18,1.41,115.2,23.63,34.09,0.34,0.55,33.7
2015-04-29,PLEIKU,14.005,108.017,0.0,28.72,36.96,22.28,17.92,29.26,57.15,13.79,94.19,1.37,119.1,22.44,33.7,0.33,0.55,69.38
2015-04-30,PLEIKU,14.005,108.017,0.02,27.93,35.49,22.06,18.33,28.42,59.73,14.09,94.16,1.08,123.9,24.1,34.17,0.32,0.55,71.99
2015-05-01,PLEIKU,14.005,108.017,0.03,28.11,34.42,23.18,19.0,28.64,60.77,14.7,94.07,0.82,126.1,19.31,34.34,0.31,0.55,87.91
2015-05-02,PLEIKU,14.005,108.017,0.0,26.68,33.14,22.67,19.93,26.95,68.87,15.58,94.14,1.21,244.7,19.21,34.17,0.31,0.55,72.3
2015-05-03,PLEIKU,14.005,108.017,0.0,27.49,33.61,22.77,19.62,27.74,64.65,15.26,94.15,1.33,239.4,22.43,34.65,0.31,0.55,61.27
2015-05-04,PLEIKU,14.005,108.017,0.0,28.77,36.12,23.15,18.88,29.09,57.84,14.56,94.1,1.34,202.5,23.35,33.9,0.3,0.55,36.58
2015-05-05,PLEIKU,14.005,108.017,0.0,29.17,37.49,22.76,19.16,29.74,59.42,14.89,93.94,1.2,108.7,20.24,33.77,0.3,0.55,80.2
2015-05-06,PLEIKU,14.005,108.017,0.0,28.72,35.59,23.75,19.94,29.08,61.93,15.61,93.96,1.12,230.6,20.33,33.57,0.3,0.55,67.54
2015-05-07,PLEIKU,14.005,108.017,0.0,27.71,32.79,23.09,19.6,27.65,62.83,15.25,94.02,1.26,220.0,18.61,33.93,0.3,0.55,84.84
2015-05-08,PLEIKU,14.005,108.017,0.0,29.26,35.94,23.87,18.74,29.63,55.82,14.49,93.91,1.27,236.4,20.22,34.69,0.3,0.55,68.05
2015-05-09,PLEIKU,14.005,108.017,0.0,26.81,31.77,22.26,19.95,27.01,67.46,15.57,94.0,1.19,265.8,22.4,34.3,0.3,0.55,73.53
2015-05-10,PLEIKU,14.005,108.017,0.0,28.71,35.07,22.89,18.79,29.07,57.89,14.51,94.03,1.22,188.9,22.01,35.11,0.29,0.55,79.15
2015-05-11,PLEIKU,14.005,108.017,0.0,28.68,35.12,23.19,19.6,29.13,61.42,15.28,94.1,1.64,114.8,15.59,35.94,0.29,0.55,93.84
2015-05-12,PLEIKU,14.005,108.017,0.04,25.1,29.2,21.59,17.51,24.96,64.3,13.35,94.24,1.0,132.9,19.55,34.54,0.29,0.55,84.67
2015-05-13,PLEIKU,14.005,108.017,0.0,28.89,37.01,22.53,18.75,29.41,59.18,14.51,94.16,1.5,135.1,20.35,34.13,0.29,0.55,61.51
2015-05-14,PLEIKU,14.005,108.017,0.0,28.81,37.41,22.46,19.28,29.39,60.6,14.93,94.21,1.14,135.5,23.27,33.77,0.29,0.55,74.53
2015-05-15,PLEIKU,14.005,108.017,0.0,26.83,32.31,22.64,18.79,27.0,63.35,14.49,94.23,1.22,181.1,23.86,33.99,0.29,0.55,60.86
2015-05-16,PLEIKU,14.005,108.017,0.0,29.64,37.21,24.25,18.98,30.11,56.96,14.76,94.01,1.27,182.2,20.51,34.81,0.29,0.55,72.64
2015-05-17,PLEIKU,14.005,108.017,0.23,26.09,32.82,22.4,20.56,26.37,73.81,16.18,94.01,1.17,165.9,16.45,34.05,0.29,0.55,59.95
2015-05-18,PLEIKU,14.005,108.017,0.84,29.05,34.76,24.49,18.99,29.33,56.58,14.7,93.98,1.33,227.2,18.79,34.48,0.31,0.55,47.4
2015-05-19,PLEIKU,14.005,108.017,0.2,29.37,35.01,24.54,19.74,29.61,57.63,15.37,93.97,1.86,247.4,20.6,34.75,0.31,0.55,79.78
2015-05-20,PLEIKU,14.005,108.017,0.38,27.31,31.15,23.91,21.23,27.46,70.24,16.83,94.1,1.88,248.1,10.8,34.59,0.31,0.55,99.74
2015-05-21,PLEIKU,14.005,108.017,0.0,27.95,32.6,24.27,20.87,28.13,67.21,16.51,94.08,1.33,224.2,21.58,33.98,0.31,0.55,88.81
2015-05-22,PLEIKU,14.005,108.017,0.01,27.56,33.17,23.45,21.02,27.82,69.86,16.65,94.03,1.93,226.3,21.92,34.64,0.31,0.55,79.44
2015-05-23,PLEIKU,14.005,108.017,0.0,27.5,32.37,24.09,19.07,27.71,61.17,14.72,94.07,1.71,246.9,22.88,33.76,0.31,0.55,86.42
2015-05-24,PLEIKU,14.005,108.017,0.01,28.75,34.11,24.01,19.49,28.74,58.77,15.13,93.99,1.42,224.8,22.21,34.73,0.31,0.55,92.44
2015-05-25,PLEIKU,14.005,108.017,0.22,28.65,34.12,23.48,20.08,28.93,61.9,15.7,94.03,1.81,225.3,22.41,34.28,0.31,0.55,57.44
2015-05-26,PLEIKU,14.005,108.017,0.26,27.91,32.01,24.43,19.75,28.11,62.12,15.36,94.1,1.91,232.3,24.17,33.72,0.32,0.55,31.89
2015-05-27,PLEIKU,14.005,108.017,0.0,28.8,34.23,24.07,17.34,29.07,51.54,13.23,93.99,2.11,239.4,22.54,34.49,0.31,0.55,55.76
2015-05-28,PLEIKU,14.005,108.017,0.0,30.52,36.58,25.4,17.79,30.88,48.25,13.63,93.86,1.91,226.7,24.78,33.57,0.3,0.55,19.73
2015-05-29,PLEIKU,14.005,108.017,0.0,29.68,35.38,25.08,18.68,30.0,53.44,14.41,93.99,1.82,227.5,25.08,33.6,0.3,0.55,16.23
2015-05-30,PLEIKU,14.005,108.017,0.02,29.12,34.12,24.47,19.32,29.39,56.68,14.96,94.0,1.66,232.6,23.57,33.95,0.3,0.55,19.6
2015-05-31,PLEIKU,14.005,108.017,0.05,29.81,36.67,24.86,19.32,30.22,55.88,15.0,93.89,1.2,224.2,23.48,34.47,0.29,0.55,57.82
2015-06-01,PLEIKU,14.005,108.017,0.81,28.78,34.84,23.36,19.55,29.06,60.82,15.26,93.92,1.34,183.7,23.08,34.33,0.3,0.55,56.88
2015-06-02,PLEIKU,14.005,108.017,0.77,28.77,35.1,23.88,19.15,29.14,58.36,14.82,94.04,1.35,220.6,22.49,33.67,0.33,0.55,26.1
2015-06-03,PLEIKU,14.005,108.017,0.0,28.54,34.32,23.12,18.63,28.65,57.51,14.36,94.08,1.08,178.9,23.48,33.55,0.33,0.55,26.84
2015-06-04,PLEIKU,14.005,108.017,0.0,29.84,37.92,23.07,18.25,30.37,54.42,14.09,93.99,1.2,119.1,23.65,34.01,0.32,0.55,34.97
2015-06-05,PLEIKU,14.005,108.017,0.0,28.91,34.66,23.66,19.49,29.22,59.3,15.17,93.92,1.1,231.6,21.62,34.31,0.31,0.55,86.78
2015-06-06,PLEIKU,14.005,108.017,0.0,28.94,37.0,22.78,19.18,29.42,59.6,14.88,93.93,1.18,200.7,21.23,34.21,0.31,0.55,81.95
2015-06-07,PLEIKU,14.005,108.017,0.0,28.74,34.59,23.85,18.04,29.1,54.4,13.82,94.0,1.35,212.8,24.97,33.3,0.31,0.55,20.87
2015-06-08,PLEIKU,14.005,108.017,0.0,28.4,34.94,23.12,19.01,28.76,59.66,14.73,93.99,1.22,209.2,24.06,34.19,0.3,0.55,49.45
2015-06-09,PLEIKU,14.005,108.017,0.0,28.61,35.18,23.71,18.71,28.81,57.8,14.49,93.97,1.18,205.0,23.18,34.48,0.3,0.55,23.6
2015-06-10,PLEIKU,14.005,108.017,0.0,30.6,37.58,24.6,18.88,31.06,52.7,14.61,93.95,1.44,209.1,24.9,33.65,0.3,0.55,22.43
2015-06-11,PLEIKU,14.005,108.017,0.0,28.98,35.1,24.52,18.91,29.16,56.77,14.63,93.99,1.03,211.5,22.4,33.95,0.3,0.55,46.46
2015-06-12,PLEIKU,14.005,108.017,0.0,29.93,37.98,23.87,17.57,30.36,51.19,13.49,93.95,1.18,149.1,23.75,34.93,0.29,0.55,32.47
2015-06-13,PLEIKU,14.005,108.017,0.0,28.03,33.58,23.22,19.54,28.36,61.7,15.19,93.92,1.27,215.1,21.86,34.35,0.29,0.55,60.72
2015-06-14,PLEIKU,14.005,108.017,0.0,28.15,33.62,23.25,19.35,28.48,61.08,15.02,93.93,1.39,204.5,23.14,34.2,0.29,0.55,37.33
2015-06-15,PLEIKU,14.005,108.017,0.01,28.4,36.51,22.34,17.97,28.91,57.79,13.85,93.95,1.44,130.6,23.28,33.73,0.29,0.55,57.43
2015-06-16,PLEIKU,14.005,108.017,0.05,27.96,33.69,23.04,18.75,28.34,59.96,14.49,93.92,1.55,146.6,20.51,34.22,0.29,0.55,71.01
2015-06-17,PLEIKU,14.005,108.017,0.08,28.51,35.47,23.13,18.72,29.03,58.71,14.5,93.77,1.49,192.2,20.75,34.31,0.29,0.55,83.48
2015-06-18,PLEIKU,14.005,108.017,0.03,27.11,34.12,22.77,20.03,27.55,68.53,15.73,93.75,1.12,238.4,18.98,34.51,0.29,0.55,81.12
2015-06-19,PLEIKU,14.005,108.017,0.19,25.92,30.34,22.31,20.22,26.15,72.46,15.88,93.81,1.28,234.9,14.7,34.92,0.29,0.55,99.41
2015-06-20,PLEIKU,14.005,108.017,3.58,26.06,32.09,21.85,20.72,26.29,75.52,16.42,93.74,2.03,252.9,10.99,34.67,0.32,0.55,99.42
2015-06-21,PLEIKU,14.005,108.017,3.81,23.89,27.04,22.45,21.58,23.97,87.36,17.27,93.72,2.72,246.6,4.32,34.07,0.45,0.56,99.18
2015-06-22,PLEIKU,14.005,108.017,0.63,24.5,27.38,22.12,20.74,24.63,80.27,16.4,93.67,3.4,244.2,9.17,33.81,0.45,0.56,99.42
2015-06-23,PLEIKU,14.005,108.017,0.53,25.83,30.54,21.79,19.02,26.04,67.5,14.72,93.75,3.63,247.4,11.34,34.12,0.44,0.56,99.81
2015-06-24,PLEIKU,14.005,108.017,0.51,25.83,30.51,22.09,19.41,26.07,69.0,15.05,93.89,3.35,249.9,15.25,34.72,0.43,0.56,88.91
2015-06-25,PLEIKU,14.005,108.017,0.06,26.84,32.56,22.38,19.31,27.13,65.85,14.98,93.91,3.06,250.5,19.36,35.16,0.42,0.56,78.18
2015-06-26,PLEIKU,14.005,108.017,0.14,26.61,31.54,22.12,19.51,26.89,67.26,15.15,94.02,2.72,250.0,20.46,34.5,0.4,0.56,60.23
2015-06-27,PLEIKU,14.005,108.017,0.0,28.05,34.98,22.15,18.04,28.43,56.85,13.78,94.16,2.23,252.3,22.27,33.64,0.39,0.56,21.12
2015-06-28,PLEIKU,14.005,108.017,0.0,29.59,36.55,24.18,18.05,29.99,52.87,13.84,94.24,2.14,254.4,24.96,34.15,0.37,0.55,17.4
2015-06-29,PLEIKU,14.005,108.017,0.0,29.15,35.18,24.34,18.15,29.47,53.54,13.92,94.13,2.04,248.2,23.42,33.72,0.36,0.55,23.61
2015-06-30,PLEIKU,14.005,108.017,0.0,28.7,34.12,24.21,18.77,28.96,56.42,14.46,94.01,1.89,247.7,24.23,33.83,0.35,0.55,33.64
2015-07-01,PLEIKU,14.005,108.017,0.0,29.42,35.18,24.64,18.42,29.75,53.1,14.16,93.89,2.11,255.5,23.64,33.55,0.34,0.55,19.75
2015-07-02,PLEIKU,14.005,108.017,0.0,29.32,34.9,24.65,19.44,29.63,56.59,15.12,93.77,2.0,250.6,23.72,34.39,0.33,0.55,40.99
2015-07-03,PLEIKU,14.005,108.017,0.0,28.74,35.52,24.15,20.08,29.09,61.73,15.75,93.67,1.89,255.4,22.17,34.58,0.33,0.55,75.36
2015-07-04,PLEIKU,14.005,108.017,0.0,28.33,35.36,23.62,20.63,28.67,65.58,16.32,93.57,1.73,239.6,20.89,35.18,0.33,0.55,75.83
2015-07-05,PLEIKU,14.005,108.017,0.02,26.79,31.96,22.46,19.26,26.97,64.56,14.98,93.66,2.32,254.8,20.15,34.72,0.32,0.55,85.39
2015-07-06,PLEIKU,14.005,108.017,0.8,26.29,31.11,22.22,20.06,26.49,70.29,15.74,93.64,1.9,246.8,15.88,34.65,0.32,0.55,95.17
2015-07-07,PLEIKU,14.005,108.017,3.02,24.56,27.73,22.34,21.12,24.68,81.9,16.81,93.59,2.19,251.0,15.05,35.08,0.39,0.56,97.16
2015-07-08,PLEIKU,14.005,108.017,2.4,23.35,27.21,21.04,20.24,23.46,83.58,15.92,93.67,2.01,252.4,14.37,35.02,0.41,0.56,98.88
2015-07-09,PLEIKU,14.005,108.017,1.87,24.21,28.87,20.87,20.68,24.34,82.04,16.38,93.5,2.2,251.1,13.88,35.05,0.43,0.56,90.23
2015-07-10,PLEIKU,14.005,108.017,0.74,25.86,32.09,21.56,16.48,26.16,58.42,12.59,93.59,2.32,266.3,19.58,35.06,0.42,0.56,87.42
2015-07-11,PLEIKU,14.005,108.017,1.04,27.76,34.45,23.0,19.9,28.06,65.53,15.64,93.6,2.5,254.9,18.49,35.61,0.42,0.56,88.05
2015-07-12,PLEIKU,14.005,108.017,1.44,24.8,27.88,22.75,21.75,24.92,84.1,17.49,93.62,1.95,249.7,16.17,34.99,0.45,0.56,80.47
2015-07-13,PLEIKU,14.005,108.017,1.41,26.75,32.76,22.77,21.26,27.02,74.54,16.98,93.61,2.28,236.2,14.96,35.44,0.47,0.56,94.84
2015-07-14,PLEIKU,14.005,108.017,0.11,26.2,30.84,23.1,21.12,26.44,75.1,16.81,93.66,2.15,231.4,18.46,35.42,0.46,0.56,94.1
2015-07-15,PLEIKU,14.005,108.017,0.29,25.77,29.7,22.88,21.28,25.94,77.64,16.96,93.75,2.58,240.0,12.14,34.97,0.45,0.56,99.39
2015-07-16,PLEIKU,14.005,108.017,0.02,26.45,30.56,22.96,20.64,26.64,71.66,16.29,93.77,2.39,248.8,9.75,35.16,0.44,0.56,99.37
2015-07-17,PLEIKU,14.005,108.017,0.16,26.25,31.3,22.83,20.5,26.49,72.85,16.17,93.86,2.4,247.6,11.12,34.59,0.42,0.56,99.53
2015-07-18,PLEIKU,14.005,108.017,1.02,24.65,28.87,21.79,20.7,24.81,80.15,16.34,93.89,2.71,248.5,10.24,34.02,0.42,0.56,99.79
2015-07-19,PLEIKU,14.005,108.017,0.64,24.19,28.97,20.98,18.74,24.37,72.92,14.44,93.97,3.19,241.8,9.85,33.56,0.42,0.56,99.8
2015-07-20,PLEIKU,14.005,108.017,0.87,25.46,31.06,21.24,18.89,25.73,69.64,14.59,94.07,2.2,240.2,13.19,33.43,0.42,0.56,99.7
2015-07-21,PLEIKU,14.005,108.017,0.76,26.48,32.34,22.52,19.5,26.76,67.82,15.12,94.25,2.11,247.0,19.71,33.31,0.43,0.56,99.09
2015-07-22,PLEIKU,14.005,108.017,0.0,27.67,34.87,22.09,18.17,27.96,59.71,13.93,94.22,1.84,270.7,23.53,33.26,0.41,0.56,87.26
2015-07-23,PLEIKU,14.005,108.017,0.0,26.65,32.08,21.78,19.03,26.87,64.73,14.66,94.21,1.74,253.7,22.44,32.69,0.39,0.56,50.0
2015-07-24,PLEIKU,14.005,108.017,0.01,29.16,36.41,22.59,17.47,29.54,53.1,13.37,94.07,1.85,263.3,24.3,32.9,0.38,0.55,82.04
2015-07-25,PLEIKU,14.005,108.017,0.14,27.38,33.42,22.32,18.48,27.63,60.99,14.21,94.09,1.97,261.6,17.38,33.61,0.36,0.55,98.96
2015-07-26,PLEIKU,14.005,108.017,0.58,26.55,32.15,22.03,19.42,26.83,67.55,15.06,94.27,1.86,256.7,16.2,33.61,0.37,0.55,98.97
2015-07-27,PLEIKU,14.005,108.017,0.04,26.32,31.79,21.14,17.42,26.51,61.1,13.27,94.34,1.47,245.8,15.2,34.32,0.36,0.55,99.7
2015-07-28,PLEIKU,14.005,108.017,0.5,26.23,33.43,21.51,18.46,26.64,66.06,14.19,94.29,0.81,252.7,12.18,33.5,0.36,0.55,99.88
2015-07-29,PLEIKU,14.005,108.017,0.29,24.55,29.63,21.16,17.4,24.7,65.99,13.22,94.3,1.01,271.3,13.22,33.65,0.36,0.55,99.87
2015-07-30,PLEIKU,14.005,108.017,0.44,25.43,31.67,21.19,17.98,25.65,66.62,13.8,94.25,1.2,285.5,11.84,34.64,0.36,0.55,99.95
2015-07-31,PLEIKU,14.005,108.017,0.2,25.25,30.29,21.19,17.18,25.1,63.09,13.08,94.18,1.2,291.1,12.44,33.85,0.36,0.55,99.83
2015-08-01,PLEIKU,14.005,108.017,0.27,27.74,34.95,22.6,18.1,28.21,59.66,13.92,94.1,1.16,230.1,17.44,34.02,0.35,0.55,90.19
2015-08-02,PLEIKU,14.005,108.017,0.05,26.89,33.1,22.07,18.8,27.21,64.36,14.53,94.12,1.17,194.1,19.25,34.13,0.35,0.55,82.76
2015-08-03,PLEIKU,14.005,108.017,0.87,26.89,33.79,22.35,19.6,27.29,68.09,15.29,94.04,1.17,204.9,20.13,34.13,0.35,0.55,85.62
2015-08-04,PLEIKU,14.005,108.017,2.55,25.65,31.12,22.05,20.52,25.87,75.4,16.17,93.94,1.42,243.6,19.48,34.73,0.4,0.56,83.9
2015-08-05,PLEIKU,14.005,108.017,0.0,27.14,34.52,22.58,19.77,27.56,67.57,15.48,93.71,1.49,234.3,21.56,34.81,0.41,0.56,73.4
2015-08-06,PLEIKU,14.005,108.017,0.4,27.32,34.39,22.63,20.36,27.65,69.5,16.08,93.65,1.32,248.8,20.31,34.82,0.39,0.56,73.99
2015-08-07,PLEIKU,14.005,108.017,0.09,26.73,33.47,22.76,20.66,27.0,72.37,16.36,93.67,1.22,219.1,21.33,34.49,0.38,0.56,75.88
2015-08-08,PLEIKU,14.005,108.017,0.0,26.94,32.42,22.35,19.89,27.15,67.71,15.62,93.6,1.83,246.1,22.02,34.26,0.37,0.55,89.3
2015-08-09,PLEIKU,14.005,108.017,0.16,27.67,34.64,22.39,19.71,28.08,65.11,15.44,93.55,2.0,230.8,21.28,34.55,0.36,0.55,93.46
2015-08-10,PLEIKU,14.005,108.017,3.03,26.46,32.23,22.5,20.9,26.71,74.61,16.62,93.77,1.26,235.5,19.98,35.21,0.39,0.55,83.66
2015-08-11,PLEIKU,14.005,108.017,4.52,25.4,29.85,22.83,21.89,25.56,82.16,17.57,93.92,1.39,209.2,11.44,35.17,0.46,0.57,98.1
2015-08-12,PLEIKU,14.005,108.017,0.15,26.06,30.77,22.82,20.68,26.25,73.75,16.29,94.08,1.59,244.6,18.51,34.93,0.45,0.56,95.78
2015-08-13,PLEIKU,14.005,108.017,0.02,27.61,32.83,22.95,20.93,27.73,69.09,16.56,94.07,1.41,235.1,19.73,34.07,0.44,0.56,78.95
2015-08-14,PLEIKU,14.005,108.017,0.0,29.07,36.39,23.62,18.41,29.29,57.33,14.34,94.07,1.6,233.1,22.5,34.18,0.43,0.56,56.5
2015-08-15,PLEIKU,14.005,108.017,0.0,28.07,33.91,23.43,20.09,28.35,64.92,15.74,94.18,1.87,240.8,22.93,34.62,0.42,0.56,65.61
2015-08-16,PLEIKU,14.005,108.017,0.37,28.22,33.98,23.39,19.9,28.38,63.44,15.56,94.11,1.27,254.5,21.79,34.2,0.41,0.56,59.42
2015-08-17,PLEIKU,14.005,108.017,0.39,27.03,32.73,22.78,19.91,27.27,67.45,15.55,94.1,1.63,264.5,20.68,34.25,0.42,0.56,39.73
2015-08-18,PLEIKU,14.005,108.017,0.0,28.36,35.4,23.78,20.33,28.74,65.17,16.0,93.94,1.28,232.4,23.25,34.08,0.41,0.56,33.78
2015-08-19,PLEIKU,14.005,108.017,0.0,28.06,33.66,23.59,20.74,28.32,66.95,16.4,93.9,1.59,249.9,24.09,34.02,0.4,0.56,28.29
2015-08-20,PLEIKU,14.005,108.017,0.0,27.5,32.62,23.11,21.06,27.74,69.85,16.7,93.92,1.91,245.4,22.03,34.67,0.39,0.56,74.95
2015-08-21,PLEIKU,14.005,108.017,0.0,29.74,37.32,23.95,18.19,30.16,54.54,14.14,93.83,2.4,245.5,21.13,34.29,0.37,0.55,83.95
2015-08-22,PLEIKU,14.005,108.017,0.07,27.27,31.66,23.25,19.67,27.52,65.14,15.36,93.82,2.81,254.0,18.37,34.69,0.36,0.55,88.82
2015-08-23,PLEIKU,14.005,108.017,0.96,27.25,32.55,22.71,19.99,27.51,67.26,15.67,93.8,2.66,254.0,17.94,34.6,0.36,0.55,81.05
2015-08-24,PLEIKU,14.005,108.017,1.77,26.24,31.67,22.55,20.4,26.44,72.51,16.07,93.82,2.04,252.4,18.32,34.99,0.39,0.56,85.6
2015-08-25,PLEIKU,14.005,108.017,0.8,25.22,30.0,21.73,20.84,25.41,77.98,16.47,93.94,1.78,241.8,18.96,34.23,0.4,0.56,86.53
2015-08-26,PLEIKU,14.005,108.017,1.83,24.38,29.17,21.51,21.0,24.52,83.01,16.61,94.09,1.86,238.2,15.11,34.22,0.42,0.56,99.68
2015-08-27,PLEIKU,14.005,108.017,0.1,25.47,30.51,21.87,20.07,25.68,74.08,15.68,94.1,1.94,248.0,16.65,33.91,0.42,0.56,92.22
2015-08-28,PLEIKU,14.005,108.017,0.09,26.38,31.23,22.35,20.02,26.65,70.1,15.66,94.0,2.2,246.0,19.41,34.6,0.41,0.56,90.28
2015-08-29,PLEIKU,14.005,108.017,0.27,27.8,33.35,23.28,20.12,28.1,65.52,15.77,93.95,2.46,242.8,17.55,34.53,0.39,0.56,92.93
2015-08-30,PLEIKU,14.005,108.017,2.13,26.25,31.71,22.99,20.92,26.45,75.07,16.57,94.05,2.31,251.2,17.61,34.59,0.41,0.56,97.59
2015-08-31,PLEIKU,14.005,108.017,1.09,25.13,30.37,21.47,20.09,25.32,75.87,15.74,94.08,2.05,253.2,13.08,34.65,0.44,0.56,99.37
2015-09-01,PLEIKU,14.005,108.017,0.37,26.06,31.65,21.98,19.83,26.36,71.06,15.47,94.03,2.55,253.3,18.1,34.18,0.43,0.56,94.88
2015-09-02,PLEIKU,14.005,108.017,0.31,26.85,33.23,21.61,18.52,26.78,62.61,14.23,94.08,1.68,262.6,19.06,33.9,0.42,0.56,96.72
2015-09-03,PLEIKU,14.005,108.017,0.58,27.43,33.69,22.63,20.0,27.66,66.87,15.62,94.22,1.12,244.2,22.1,34.36,0.42,0.56,75.65
2015-09-04,PLEIKU,14.005,108.017,0.01,26.98,33.84,22.58,20.64,27.25,71.08,16.23,94.3,1.0,196.1,17.62,34.27,0.41,0.56,52.41
2015-09-05,PLEIKU,14.005,108.017,0.0,27.53,33.11,22.87,19.84,27.57,65.23,15.43,94.28,1.04,248.7,22.17,33.52,0.39,0.56,37.93
2015-09-06,PLEIKU,14.005,108.017,3.32,27.91,34.79,21.95,19.62,28.14,64.63,15.32,94.12,1.32,256.7,23.63,33.85,0.42,0.56,37.87
2015-09-07,PLEIKU,14.005,108.017,2.54,27.83,35.66,22.72,20.88,28.14,70.53,16.61,93.94,1.2,284.8,24.56,34.61,0.48,0.56,57.16
2015-09-08,PLEIKU,14.005,108.017,0.37,27.21,34.02,22.76,20.45,27.54,70.21,16.14,93.94,0.91,210.6,21.83,34.42,0.46,0.56,74.68
2015-09-09,PLEIKU,14.005,108.017,0.08,26.12,32.22,21.58,18.97,26.38,67.63,14.66,94.09,1.79,92.8,17.25,34.34,0.45,0.56,99.08
2015-09-10,PLEIKU,14.005,108.017,0.41,25.45,30.21,22.01,19.89,25.68,73.69,15.52,94.19,0.88,156.6,14.43,35.0,0.45,0.56,92.14
2015-09-11,PLEIKU,14.005,108.017,0.15,25.25,29.98,21.97,19.98,25.47,74.58,15.61,94.11,0.79,207.6,15.42,34.49,0.44,0.56,99.01
2015-09-12,PLEIKU,14.005,108.017,0.11,26.02,32.1,21.45,20.28,26.29,73.45,15.9,94.07,1.08,239.4,19.44,34.08,0.44,0.56,94.1
2015-09-13,PLEIKU,14.005,108.017,4.4,24.65,29.51,20.56,19.34,24.67,74.67,15.03,93.96,1.0,316.6,14.36,35.34,0.45,0.56,98.31
2015-09-14,PLEIKU,14.005,108.017,8.24,22.68,26.1,21.22,21.13,22.72,91.22,16.86,93.41,3.48,227.1,3.09,34.79,0.58,0.58,99.07
2015-09-15,PLEIKU,14.005,108.017,1.37,24.11,28.02,21.49,21.31,24.18,85.45,17.01,93.6,1.39,176.2,14.21,34.55,0.54,0.58,98.55
2015-09-16,PLEIKU,14.005,108.017,0.65,25.18,30.0,21.89,20.2,25.43,76.15,15.9,93.75,1.48,134.5,14.11,34.45,0.52,0.58,99.29
2015-09-17,PLEIKU,14.005,108.017,0.16,24.44,28.16,20.65,20.91,24.46,81.74,16.49,94.25,1.42,174.7,16.68,33.59,0.51,0.57,92.39
2015-09-18,PLEIKU,14.005,108.017,0.08,26.92,33.87,21.56,19.47,27.15,67.63,15.12,94.4,0.82,135.4,22.01,34.22,0.5,0.57,37.52
2015-09-19,PLEIKU,14.005,108.017,0.0,27.66,36.55,20.13,18.75,28.08,63.71,14.47,94.19,1.61,63.3,24.93,32.93,0.48,0.57,13.69
2015-09-20,PLEIKU,14.005,108.017,0.05,28.61,37.55,22.08,18.35,29.09,59.67,14.21,94.0,1.15,86.4,25.58,33.39,0.46,0.56,15.33
2015-09-21,PLEIKU,14.005,108.017,0.58,28.46,37.84,22.37,19.16,28.91,62.97,14.94,93.86,1.2,88.4,24.47,34.21,0.45,0.56,60.5
2015-09-22,PLEIKU,14.005,108.017,0.83,28.0,36.15,22.36,19.55,28.41,64.99,15.3,93.98,1.39,168.7,22.59,34.05,0.45,0.56,54.85
2015-09-23,PLEIKU,14.005,108.017,0.22,27.81,34.61,23.28,20.39,28.1,67.34,16.08,93.97,1.5,247.8,21.9,34.66,0.44,0.56,60.98
2015-09-24,PLEIKU,14.005,108.017,0.02,26.53,31.16,22.92,19.54,26.78,66.96,15.18,93.96,1.79,253.3,22.46,33.89,0.43,0.56,33.06
2015-09-25,PLEIKU,14.005,108.017,0.03,27.44,34.06,22.98,20.45,27.79,68.55,16.14,93.79,1.39,241.5,21.43,34.59,0.42,0.56,59.05
2015-09-26,PLEIKU,14.005,108.017,0.0,27.75,35.15,22.45,20.45,28.14,68.15,16.14,93.85,1.36,159.3,19.99,33.76,0.4,0.56,34.05
2015-09-27,PLEIKU,14.005,108.017,0.0,28.53,35.52,22.97,19.04,28.93,60.58,14.83,93.9,1.16,110.2,23.86,33.33,0.39,0.56,20.07
2015-09-28,PLEIKU,14.005,108.017,0.0,28.3,36.06,23.15,18.9,28.73,60.74,14.68,93.96,0.91,189.2,22.8,34.29,0.38,0.56,60.92
2015-09-29,PLEIKU,14.005,108.017,0.0,25.25,29.15,21.92,20.41,25.43,75.68,16.02,94.11,1.0,260.9,17.22,35.11,0.37,0.56,96.6
2015-09-30,PLEIKU,14.005,108.017,0.0,27.66,34.18,23.21,19.88,28.06,65.66,15.51,94.23,1.04,129.6,19.65,34.1,0.37,0.55,86.47
2015-10-01,PLEIKU,14.005,108.017,3.45,26.16,31.27,22.42,20.79,26.37,74.93,16.39,94.28,0.81,104.8,21.12,34.16,0.4,0.55,73.48
2015-10-02,PLEIKU,14.005,108.017,5.13,25.26,30.82,22.06,20.91,25.49,79.76,16.56,94.2,1.23,100.8,18.82,35.18,0.49,0.57,93.41
2015-10-03,PLEIKU,14.005,108.017,10.74,23.7,28.61,20.97,20.57,23.85,84.43,16.18,94.15,1.78,165.3,16.53,33.86,0.57,0.57,96.77
2015-10-04,PLEIKU,14.005,108.017,9.66,23.07,26.67,21.0,21.59,23.11,91.85,17.18,94.3,1.76,242.4,11.53,34.31,0.68,0.6,99.58
2015-10-05,PLEIKU,14.005,108.017,0.07,24.38,29.72,20.65,19.92,24.47,78.42,15.5,94.39,1.11,226.2,15.53,33.73,0.59,0.6,97.8
2015-10-06,PLEIKU,14.005,108.017,0.27,25.73,31.64,21.07,19.87,25.87,73.31,15.49,94.31,1.07,128.5,18.05,34.05,0.58,0.59,90.49
2015-10-07,PLEIKU,14.005,108.017,0.31,27.32,35.25,22.09,19.57,27.67,67.59,15.25,94.27,1.43,106.6,20.93,33.74,0.56,0.58,40.83
2015-10-08,PLEIKU,14.005,108.017,0.08,26.21,33.21,20.94,19.32,26.41,69.67,14.98,94.22,1.17,132.4,20.15,33.9,0.56,0.58,58.92
2015-10-09,PLEIKU,14.005,108.017,0.0,27.43,35.14,22.07,19.55,27.74,66.85,15.26,94.14,0.9,203.8,20.69,34.46,0.54,0.58,56.42
2015-10-10,PLEIKU,14.005,108.017,1.76,26.73,33.28,21.77,19.86,26.91,69.93,15.52,94.21,1.29,249.3,19.82,34.83,0.54,0.57,81.0
2015-10-11,PLEIKU,14.005,108.017,2.85,23.49,28.83,20.3,20.63,23.58,85.14,16.2,94.37,1.67,345.7,15.94,34.35,0.57,0.58,96.55
2015-10-12,PLEIKU,14.005,108.017,0.18,24.01,28.14,21.04,20.61,24.1,82.51,16.15,94.45,1.5,53.1,12.89,33.51,0.55,0.58,92.83
2015-10-13,PLEIKU,14.005,108.017,0.07,25.47,32.39,21.08,20.05,25.72,75.09,15.61,94.42,1.59,78.3,18.5,33.25,0.54,0.57,53.76
2015-10-14,PLEIKU,14.005,108.017,6.66,25.3,32.69,21.19,19.08,25.56,73.3,14.8,94.36,2.13,58.8,20.75,33.62,0.56,0.57,73.02
2015-10-15,PLEIKU,14.005,108.017,3.36,22.37,27.31,18.55,19.5,22.42,84.82,15.11,94.36,1.89,45.2,8.26,33.94,0.6,0.59,92.85
2015-10-16,PLEIKU,14.005,108.017,0.09,25.12,33.9,19.2,17.18,25.46,66.08,13.08,94.26,2.06,58.6,14.18,33.12,0.55,0.58,45.47
2015-10-17,PLEIKU,14.005,108.017,0.0,25.99,34.79,20.12,17.68,26.43,65.02,13.53,94.22,1.76,61.9,14.72,33.22,0.52,0.58,58.02
2015-10-18,PLEIKU,14.005,108.017,0.0,25.28,34.15,18.78,15.4,25.66,59.13,11.7,94.26,1.27,56.6,20.16,31.83,0.5,0.57,96.7
2015-10-19,PLEIKU,14.005,108.017,0.0,26.68,35.98,20.13,16.13,27.08,56.98,12.26,94.12,0.98,114.4,20.43,31.79,0.49,0.57,84.16
2015-10-20,PLEIKU,14.005,108.017,0.0,26.83,35.76,20.05,17.72,27.26,61.47,13.55,94.03,0.98,106.4,19.0,33.02,0.47,0.57,79.33
2015-10-21,PLEIKU,14.005,108.017,0.2,26.84,35.88,19.91,16.95,27.27,60.55,12.95,94.12,1.36,92.1,20.86,32.81,0.46,0.57,26.11
2015-10-22,PLEIKU,14.005,108.017,0.51,26.34,35.02,21.18,18.12,26.86,65.14,13.92,94.19,1.57,83.6,18.45,33.47,0.46,0.56,53.06
2015-10-23,PLEIKU,14.005,108.017,0.02,25.52,33.86,20.39,15.91,25.86,60.03,12.14,94.24,1.98,67.6,19.46,32.16,0.45,0.56,47.76
2015-10-24,PLEIKU,14.005,108.017,0.01,25.09,33.42,19.73,16.43,25.47,64.12,12.53,94.34,2.3,70.8,18.4,32.06,0.44,0.56,23.22
2015-10-25,PLEIKU,14.005,108.017,1.38,25.69,33.84,20.34,17.87,26.05,67.4,13.7,94.43,2.34,76.9,17.74,33.28,0.44,0.56,53.8
2015-10-26,PLEIKU,14.005,108.017,2.26,24.89,32.28,20.6,19.44,25.15,75.84,15.07,94.43,1.87,71.4,12.96,33.86,0.45,0.56,82.35
2015-10-27,PLEIKU,14.005,108.017,0.91,25.65,34.05,19.83,18.48,25.99,69.54,14.18,94.4,2.46,74.8,17.68,32.91,0.45,0.56,52.97
2015-10-28,PLEIKU,14.005,108.017,0.34,25.47,34.07,19.31,18.36,25.81,69.54,14.06,94.43,2.5,76.0,20.1,32.1,0.45,0.56,21.83
2015-10-29,PLEIKU,14.005,108.017,0.02,25.77,34.75,19.86,17.42,26.14,66.4,13.33,94.48,2.36,74.3,22.1,31.86,0.44,0.56,19.93
2015-10-30,PLEIKU,14.005,108.017,0.78,25.59,34.09,19.79,17.58,25.91,66.69,13.44,94.48,2.67,66.6,20.72,32.34,0.43,0.56,33.67
2015-10-31,PLEIKU,14.005,108.017,2.7,24.98,32.84,20.35,18.16,25.3,71.11,13.93,94.51,2.64,62.1,15.86,34.2,0.44,0.56,73.4
2015-11-01,PLEIKU,14.005,108.017,8.02,24.88,32.07,21.2,19.75,25.12,76.63,15.33,94.49,3.09,64.0,14.63,34.06,0.51,0.57,81.43
2015-11-02,PLEIKU,14.005,108.017,14.86,24.06,30.45,20.24,19.9,24.21,80.29,15.45,94.44,3.14,63.1,5.98,34.37,0.61,0.59,98.32
2015-11-03,PLEIKU,14.005,108.017,15.35,23.9,30.25,20.63,20.39,24.02,83.2,15.94,94.38,2.54,59.1,10.07,34.25,0.68,0.61,96.31
2015-11-04,PLEIKU,14.005,108.017,23.22,23.83,29.0,21.5,21.24,23.9,86.79,16.83,94.24,2.88,63.5,8.54,34.08,0.71,0.63,99.47
2015-11-05,PLEIKU,14.005,108.017,8.3,22.31,25.96,20.11,21.04,22.29,92.82,16.64,94.25,2.34,78.5,4.4,33.92,0.72,0.66,98.04
2015-11-06,PLEIKU,14.005,108.017,2.5,23.2,28.18,20.15,20.48,23.31,86.31,16.04,94.32,1.57,87.2,11.66,33.6,0.66,0.65,82.13
2015-11-07,PLEIKU,14.005,108.017,2.3,24.38,30.54,20.88,20.11,24.58,79.93,15.69,94.42,1.94,80.1,16.31,33.66,0.64,0.64,68.41
2015-11-08,PLEIKU,14.005,108.017,4.14,23.1,27.2,19.82,20.63,23.17,87.12,16.17,94.46,1.9,68.5,13.5,34.43,0.65,0.64,73.88
2015-11-09,PLEIKU,14.005,108.017,0.21,24.24,31.22,19.51,19.56,24.45,78.05,15.15,94.33,2.29,69.1,13.59,33.06,0.62,0.63,44.79
2015-11-10,PLEIKU,14.005,108.017,1.95,24.6,31.54,20.1,19.69,24.84,77.57,15.3,94.27,2.38,69.8,15.13,34.09,0.61,0.62,79.11
2015-11-11,PLEIKU,14.005,108.017,6.43,24.2,30.61,20.61,20.43,24.39,82.05,15.99,94.37,2.43,77.2,11.96,33.98,0.64,0.62,90.41
2015-11-12,PLEIKU,14.005,108.017,0.93,24.23,30.59,19.96,19.94,24.45,79.71,15.5,94.43,2.29,85.0,14.97,33.18,0.61,0.62,63.15
2015-11-13,PLEIKU,14.005,108.017,0.01,25.82,33.32,20.98,20.0,26.11,74.75,15.66,94.34,1.83,95.4,18.36,32.93,0.59,0.61,52.21
2015-11-14,PLEIKU,14.005,108.017,0.0,25.17,32.57,20.28,19.45,25.46,74.53,15.09,94.27,1.99,92.0,17.31,32.81,0.59,0.6,32.94
2015-11-15,PLEIKU,14.005,108.017,0.1,24.77,32.37,19.34,19.0,25.05,74.49,14.66,94.29,2.06,88.8,17.22,32.6,0.58,0.6,24.94
2015-11-16,PLEIKU,14.005,108.017,0.02,24.69,32.76,19.35,18.4,24.95,73.43,14.18,94.28,1.87,94.4,17.92,32.54,0.57,0.59,23.34
2015-11-17,PLEIKU,14.005,108.017,0.44,25.48,34.09,20.17,18.13,25.8,70.46,14.0,94.33,1.88,86.5,20.01,32.11,0.55,0.59,17.26
2015-11-18,PLEIKU,14.005,108.017,2.14,24.94,32.52,20.34,19.77,25.22,76.88,15.38,94.44,2.35,77.5,15.15,33.64,0.56,0.59,54.32
2015-11-19,PLEIKU,14.005,108.017,0.99,24.22,31.44,19.42,18.22,24.5,73.38,13.96,94.39,2.5,66.3,16.65,33.5,0.54,0.59,44.65
2015-11-20,PLEIKU,14.005,108.017,0.85,23.83,31.05,19.09,18.68,24.09,76.37,14.34,94.32,2.37,68.0,16.63,32.37,0.54,0.59,42.91
2015-11-21,PLEIKU,14.005,108.017,0.43,24.14,31.35,19.51,18.43,24.45,73.75,14.13,94.28,2.4,69.1,16.1,32.7,0.52,0.58,52.99
2015-11-22,PLEIKU,14.005,108.017,0.76,24.07,31.11,19.47,18.2,24.35,73.38,13.95,94.29,2.56,65.8,17.21,32.73,0.51,0.58,51.46
2015-11-23,PLEIKU,14.005,108.017,2.37,24.07,30.71,20.08,18.81,24.34,76.23,14.51,94.3,2.37,64.1,12.57,34.14,0.51,0.58,75.57
2015-11-24,PLEIKU,14.005,108.017,2.89,24.12,31.11,20.19,19.53,24.35,78.57,15.13,94.27,2.56,66.4,9.41,34.56,0.52,0.59,80.21
2015-11-25,PLEIKU,14.005,108.017,1.42,24.23,31.2,20.02,18.78,24.48,74.41,14.44,94.32,3.13,64.7,9.43,34.04,0.51,0.58,83.06
2015-11-26,PLEIKU,14.005,108.017,1.6,22.56,28.61,19.06,17.47,22.76,75.49,13.27,94.42,3.39,64.6,10.26,33.81,0.51,0.58,78.58
2015-11-27,PLEIKU,14.005,108.017,5.18,23.12,29.68,19.66,18.66,23.35,79.22,14.32,94.47,2.94,66.5,8.93,34.04,0.52,0.58,91.95
2015-11-28,PLEIKU,14.005,108.017,6.02,23.28,29.27,20.67,19.65,23.43,82.46,15.19,94.63,3.01,66.4,9.59,33.75,0.56,0.59,88.76
2015-11-29,PLEIKU,14.005,108.017,2.94,23.77,30.08,20.48,19.4,23.9,79.12,14.97,94.58,2.96,60.7,10.7,34.19,0.58,0.6,72.88
2015-11-30,PLEIKU,14.005,108.017,0.66,24.53,31.65,20.0,19.52,24.76,76.6,15.09,94.46,2.73,68.7,9.41,33.93,0.56,0.59,69.71
2015-12-01,PLEIKU,14.005,108.017,0.05,24.14,31.96,18.98,18.46,24.43,74.09,14.12,94.44,2.32,75.0,14.12,33.32,0.54,0.59,54.09
2015-12-02,PLEIKU,14.005,108.017,0.0,24.04,32.7,18.19,16.87,24.33,70.01,12.84,94.48,2.38,70.1,19.44,31.79,0.52,0.59,20.45
2015-12-03,PLEIKU,14.005,108.017,0.0,23.65,31.17,19.06,17.26,23.91,71.65,13.13,94.5,2.83,70.0,18.77,31.75,0.5,0.58,35.02
2015-12-04,PLEIKU,14.005,108.017,0.05,23.43,30.44,18.93,17.79,23.69,74.29,13.54,94.47,2.67,74.9,16.12,32.04,0.49,0.58,39.14
2015-12-05,PLEIKU,14.005,108.017,1.12,25.05,32.88,19.85,18.49,25.39,71.57,14.22,94.44,2.23,71.8,15.54,33.91,0.49,0.58,64.22
2015-12-06,PLEIKU,14.005,108.017,7.71,22.61,30.3,18.07,18.09,22.81,78.42,13.77,94.52,3.22,50.9,10.69,33.59,0.53,0.58,75.03
2015-12-07,PLEIKU,14.005,108.017,8.83,21.95,28.29,19.01,18.1,22.11,80.87,13.77,94.56,3.37,51.6,9.08,33.54,0.59,0.6,91.88
2015-12-08,PLEIKU,14.005,108.017,7.81,23.03,29.26,19.58,20.1,23.18,85.57,15.64,94.45,2.31,59.3,9.26,34.12,0.63,0.61,83.18
2015-12-09,PLEIKU,14.005,108.017,0.73,24.72,32.21,20.12,20.23,24.98,79.58,15.82,94.37,1.35,78.9,15.84,34.3,0.6,0.61,72.41
2015-12-10,PLEIKU,14.005,108.017,0.01,24.65,32.35,19.84,18.97,24.97,73.84,14.6,94.33,1.79,78.3,11.21,35.44,0.58,0.6,82.32
2015-12-11,PLEIKU,14.005,108.017,0.02,24.34,31.88,19.4,18.85,24.69,74.95,14.5,94.31,1.7,90.1,13.46,34.03,0.56,0.6,66.89
2015-12-12,PLEIKU,14.005,108.017,0.0,24.24,31.94,19.0,18.24,24.59,73.18,13.96,94.31,1.84,92.7,17.61,32.65,0.54,0.59,41.37
2015-12-13,PLEIKU,14.005,108.017,0.0,24.68,33.01,19.13,17.96,25.02,70.76,13.74,94.34,1.96,78.4,18.24,32.14,0.53,0.59,35.2
2015-12-14,PLEIKU,14.005,108.017,0.1,23.6,32.32,18.09,15.89,23.91,68.57,12.15,94.32,2.31,61.2,18.83,30.88,0.51,0.59,31.61
2015-12-15,PLEIKU,14.005,108.017,1.02,23.33,31.01,18.95,17.8,23.62,75.33,13.57,94.42,2.72,63.8,11.58,34.03,0.51,0.59,84.05
2015-12-16,PLEIKU,14.005,108.017,3.45,20.18,27.62,15.11,16.31,20.33,80.33,12.32,94.55,3.34,51.5,7.06,32.56,0.52,0.59,96.49
2015-12-17,PLEIKU,14.005,108.017,1.45,17.7,23.28,15.0,13.22,17.91,76.77,10.04,94.71,3.42,45.0,6.63,32.21,0.52,0.59,85.95
2015-12-18,PLEIKU,14.005,108.017,1.13,19.9,26.39,16.44,14.73,20.12,75.13,11.09,94.71,3.18,53.7,9.79,32.27,0.51,0.59,95.37
2015-12-19,PLEIKU,14.005,108.017,7.46,20.33,25.89,17.78,16.9,20.44,82.39,12.74,94.67,3.26,47.7,8.6,32.65,0.54,0.59,93.56
2015-12-20,PLEIKU,14.005,108.017,17.72,21.0,26.51,18.37,17.98,21.04,84.33,13.67,94.5,2.98,40.7,9.75,33.24,0.67,0.61,94.41
2015-12-21,PLEIKU,14.005,108.017,2.88,21.64,26.08,19.61,19.58,21.71,89.06,15.11,94.53,2.24,61.2,6.77,33.78,0.64,0.62,94.9
2015-12-22,PLEIKU,14.005,108.017,0.56,22.27,28.63,18.18,18.76,22.42,82.87,14.37,94.64,2.29,70.9,9.81,32.99,0.61,0.62,68.2
2015-12-23,PLEIKU,14.005,108.017,0.0,23.8,31.17,18.79,18.71,24.02,77.05,14.36,94.52,1.96,85.7,16.57,32.06,0.6,0.61,41.26
2015-12-24,PLEIKU,14.005,108.017,0.0,23.47,31.63,16.17,18.02,23.71,75.49,13.76,94.54,2.2,83.2,19.09,30.95,0.59,0.61,50.72
2015-12-25,PLEIKU,14.005,108.017,0.03,21.95,29.8,17.43,15.22,22.19,71.12,11.59,94.6,2.62,67.6,17.73,32.07,0.58,0.6,57.41
2015-12-26,PLEIKU,14.005,108.017,0.01,22.12,29.08,17.94,17.45,22.33,78.18,13.22,94.67,2.43,73.2,13.35,31.87,0.57,0.6,79.17
2015-12-27,PLEIKU,14.005,108.017,0.04,22.25,29.78,17.42,16.87,22.5,75.58,12.73,94.83,2.52,67.2,15.8,31.37,0.56,0.59,47.0
2015-12-28,PLEIKU,14.005,108.017,1.12,21.71,28.66,17.78,16.48,21.96,76.13,12.41,94.93,2.65,69.2,17.33,32.15,0.55,0.59,64.1
2015-12-29,PLEIKU,14.005,108.017,1.14,20.87,27.84,16.86,16.71,21.09,80.4,12.59,94.8,2.54,69.6,8.36,32.95,0.55,0.59,75.51
2015-12-30,PLEIKU,14.005,108.017,0.63,21.22,27.87,17.48,16.57,21.45,77.98,12.48,94.79,2.83,65.0,10.09,33.44,0.53,0.59,82.25
2015-12-31,PLEIKU,14.005,108.017,1.09,20.82,27.76,16.69,15.85,21.01,76.51,11.91,94.85,3.4,60.5,12.55,32.62,0.53,0.59,75.92
2016-01-01,PLEIKU,14.005,108.017,1.03,21.08,27.62,17.3,16.14,21.31,76.4,12.13,94.84,3.0,54.5,13.88,33.16,0.52,0.59,72.29
2016-01-02,PLEIKU,14.005,108.017,1.0,22.22,29.59,17.43,17.46,22.49,77.04,13.21,94.7,2.38,56.5,11.55,32.8,0.52,0.59,61.0
2016-01-03,PLEIKU,14.005,108.017,0.21,23.73,31.32,18.92,18.0,24.06,73.83,13.7,94.63,1.96,67.7,10.75,33.89,0.51,0.59,57.02
2016-01-04,PLEIKU,14.005,108.017,0.01,24.29,31.75,19.35,18.39,24.62,73.55,14.07,94.58,1.73,94.8,16.69,33.1,0.5,0.58,57.25
2016-01-05,PLEIKU,14.005,108.017,0.0,24.56,32.5,18.92,17.75,24.96,70.38,13.52,94.52,1.39,92.1,16.86,32.65,0.49,0.58,37.05
2016-01-06,PLEIKU,14.005,108.017,0.02,23.84,31.42,18.87,17.01,24.15,70.13,12.92,94.62,2.28,77.1,18.27,32.61,0.48,0.58,37.84
2016-01-07,PLEIKU,14.005,108.017,1.11,23.83,31.21,19.05,17.61,24.18,72.94,13.42,94.65,2.19,84.7,16.01,32.57,0.48,0.58,80.66
2016-01-08,PLEIKU,14.005,108.017,3.18,22.36,29.86,18.21,17.71,22.66,78.79,13.46,94.59,2.21,78.8,13.92,33.38,0.49,0.58,79.84
2016-01-09,PLEIKU,14.005,108.017,3.36,21.71,28.82,18.18,17.92,21.97,81.7,13.62,94.55,2.27,94.5,9.12,33.54,0.52,0.59,78.04
2016-01-10,PLEIKU,14.005,108.017,0.06,23.42,30.85,18.41,17.46,23.71,73.19,13.27,94.44,1.48,108.8,16.95,31.38,0.5,0.58,69.56
2016-01-11,PLEIKU,14.005,108.017,0.06,25.08,33.7,19.26,17.41,25.48,67.86,13.27,94.43,1.33,94.1,16.88,32.8,0.49,0.58,62.86
2016-01-12,PLEIKU,14.005,108.017,1.7,23.74,31.31,18.69,18.19,24.07,75.31,13.9,94.43,2.07,89.6,15.21,33.23,0.49,0.58,65.87
2016-01-13,PLEIKU,14.005,108.017,1.28,22.97,30.74,19.07,18.27,23.25,78.19,13.96,94.42,2.23,88.2,15.89,33.42,0.5,0.58,64.8
2016-01-14,PLEIKU,14.005,108.017,0.01,24.27,31.93,19.41,18.32,24.63,73.67,14.05,94.35,2.03,93.5,15.92,32.61,0.49,0.58,45.26
2016-01-15,PLEIKU,14.005,108.017,0.06,25.2,33.09,20.18,18.32,25.57,70.27,14.08,94.17,1.37,102.2,17.92,32.54,0.48,0.58,65.99
2016-01-16,PLEIKU,14.005,108.017,0.98,25.03,32.18,20.12,18.32,25.2,70.23,14.08,94.13,1.11,133.2,12.01,34.19,0.48,0.58,78.2
2016-01-17,PLEIKU,14.005,108.017,4.07,25.67,32.31,21.07,20.32,25.69,75.79,15.98,94.1,1.09,137.0,13.79,33.67,0.53,0.58,88.99
2016-01-18,PLEIKU,14.005,108.017,2.68,24.04,30.98,20.03,20.54,24.2,82.97,16.13,94.23,1.43,88.0,9.37,34.82,0.58,0.59,76.59
2016-01-19,PLEIKU,14.005,108.017,0.0,24.76,32.52,19.78,19.41,25.05,75.54,15.0,94.39,1.94,82.8,11.6,34.83,0.56,0.58,77.14
2016-01-20,PLEIKU,14.005,108.017,0.0,25.06,32.99,19.66,19.15,25.36,73.78,14.75,94.49,2.12,94.9,15.86,33.78,0.54,0.58,58.23
2016-01-21,PLEIKU,14.005,108.017,0.0,25.3,33.81,19.79,17.45,25.62,68.46,13.44,94.43,2.0,95.9,19.75,32.04,0.52,0.58,23.7
2016-01-22,PLEIKU,14.005,108.017,0.15,25.59,34.48,19.58,17.87,25.99,68.01,13.65,94.52,1.76,88.4,19.81,33.25,0.5,0.58,39.52
2016-01-23,PLEIKU,14.005,108.017,2.75,21.13,32.38,14.09,15.14,21.41,72.08,11.5,94.75,3.62,57.0,13.51,32.45,0.5,0.58,60.94
2016-01-24,PLEIKU,14.005,108.017,4.02,15.37,21.99,11.36,10.82,15.58,75.95,8.54,95.1,4.17,45.7,11.92,29.86,0.52,0.58,68.6
2016-01-25,PLEIKU,14.005,108.017,1.72,14.95,18.61,12.46,11.06,15.12,78.28,8.68,95.01,3.74,49.2,10.47,30.26,0.52,0.58,77.28
2016-01-26,PLEIKU,14.005,108.017,0.06,18.96,25.38,14.75,13.21,19.23,71.35,10.03,94.78,3.04,54.8,11.59,31.17,0.51,0.58,68.78
2016-01-27,PLEIKU,14.005,108.017,0.18,21.18,28.78,16.0,15.78,21.5,74.09,11.88,94.61,2.53,68.2,7.69,33.02,0.49,0.58,81.82
2016-01-28,PLEIKU,14.005,108.017,0.36,24.07,31.71,18.87,18.31,24.44,74.13,14.01,94.44,1.85,92.2,12.76,33.73,0.49,0.58,59.62
2016-01-29,PLEIKU,14.005,108.017,0.0,25.29,33.76,19.86,18.21,25.71,69.96,13.97,94.44,1.94,88.9,16.91,34.62,0.48,0.58,65.15
2016-01-30,PLEIKU,14.005,108.017,0.0,24.53,32.42,19.51,17.83,24.91,70.6,13.61,94.44,2.42,87.7,15.47,33.13,0.47,0.58,54.2
2016-01-31,PLEIKU,14.005,108.017,0.02,24.19,32.09,18.81,17.25,24.55,70.13,13.14,94.43,2.41,90.2,18.23,32.52,0.46,0.57,48.76
2016-02-01,PLEIKU,14.005,108.017,0.01,23.62,32.89,17.11,15.63,23.97,65.16,11.83,94.49,2.97,60.8,19.15,32.31,0.45,0.57,48.45
2016-02-02,PLEIKU,14.005,108.017,0.05,20.72,28.95,15.24,13.72,21.02,66.91,10.39,94.58,3.52,51.5,13.11,31.23,0.44,0.57,91.89
2016-02-03,PLEIKU,14.005,108.017,0.25,21.43,28.77,17.46,15.05,21.78,70.5,11.36,94.57,3.17,62.9,12.85,31.78,0.44,0.57,71.71
2016-02-04,PLEIKU,14.005,108.017,0.44,21.89,29.81,17.37,15.8,22.2,71.58,11.9,94.51,3.17,63.1,12.38,33.17,0.44,0.57,79.5
2016-02-05,PLEIKU,14.005,108.017,0.32,20.83,28.51,15.73,14.24,21.08,67.99,10.78,94.5,3.41,53.4,10.69,32.64,0.44,0.57,79.65
2016-02-06,PLEIKU,14.005,108.017,0.02,18.06,26.16,13.0,10.56,18.36,63.88,8.43,94.72,3.85,44.9,11.69,30.73,0.43,0.57,71.35
2016-02-07,PLEIKU,14.005,108.017,0.01,15.53,21.83,11.73,8.76,15.83,66.12,7.45,94.83,3.56,44.7,10.98,30.01,0.43,0.57,73.13
2016-02-08,PLEIKU,14.005,108.017,0.06,17.49,24.6,13.18,11.42,17.83,71.15,8.95,94.62,2.78,54.4,11.82,30.36,0.43,0.57,75.06
2016-02-09,PLEIKU,14.005,108.017,0.03,20.51,29.53,14.2,13.21,20.9,68.22,10.09,94.45,2.34,71.2,15.21,30.08,0.43,0.57,59.13
2016-02-10,PLEIKU,14.005,108.017,0.0,22.98,32.28,16.54,15.02,23.36,67.53,11.44,94.37,1.63,100.2,21.64,29.36,0.42,0.57,57.35
2016-02-11,PLEIKU,14.005,108.017,0.0,24.73,33.51,18.58,16.27,25.21,66.05,12.45,94.34,1.47,110.0,21.04,29.27,0.42,0.57,70.43
2016-02-12,PLEIKU,14.005,108.017,0.0,25.28,34.53,18.73,16.22,25.41,63.78,12.38,94.3,1.39,126.6,21.43,29.18,0.41,0.57,68.17
2016-02-13,PLEIKU,14.005,108.017,0.0,25.4,35.0,18.44,14.65,25.58,60.48,11.41,94.35,1.21,118.2,20.02,30.11,0.4,0.57,67.7
2016-02-14,PLEIKU,14.005,108.017,0.0,25.7,35.12,18.27,16.04,26.07,61.92,12.2,94.45,1.8,97.7,22.67,30.6,0.4,0.57,8.8
2016-02-15,PLEIKU,14.005,108.017,0.71,23.44,32.86,17.02,14.51,23.76,63.31,11.0,94.66,2.96,65.6,17.66,33.38,0.4,0.56,57.17
2016-02-16,PLEIKU,14.005,108.017,2.06,21.91,29.83,17.2,16.62,22.19,75.57,12.52,94.76,3.12,67.9,11.43,33.34,0.41,0.57,75.98
2016-02-17,PLEIKU,14.005,108.017,0.06,22.27,30.2,17.13,15.28,22.62,69.07,11.51,94.72,3.06,74.0,14.76,32.35,0.4,0.57,63.82
2016-02-18,PLEIKU,14.005,108.017,0.0,22.73,30.97,17.07,15.48,23.13,68.81,11.7,94.63,2.77,82.5,14.55,30.98,0.4,0.57,65.27
2016-02-19,PLEIKU,14.005,108.017,0.0,23.32,32.41,17.84,15.02,23.74,64.94,11.34,94.65,2.61,84.1,21.85,30.29,0.4,0.57,37.37
2016-02-20,PLEIKU,14.005,108.017,0.06,22.03,30.72,15.71,14.73,22.37,66.82,11.1,94.7,3.01,66.4,14.38,32.95,0.4,0.57,71.18
2016-02-21,PLEIKU,14.005,108.017,0.05,22.77,30.87,17.73,16.2,23.16,70.95,12.23,94.68,2.55,83.1,15.88,32.11,0.4,0.57,50.96
2016-02-22,PLEIKU,14.005,108.017,0.0,24.91,34.83,17.81,16.05,25.4,64.11,12.14,94.65,2.15,84.3,22.35,31.42,0.39,0.56,21.96
2016-02-23,PLEIKU,14.005,108.017,0.31,23.62,32.42,18.53,15.63,23.99,66.89,11.85,94.66,3.12,72.0,19.25,34.44,0.39,0.56,55.96
2016-02-24,PLEIKU,14.005,108.017,1.3,22.17,30.16,17.03,15.91,22.46,70.92,11.96,94.81,3.82,55.1,8.6,33.62,0.39,0.56,85.48
2016-02-25,PLEIKU,14.005,108.017,1.52,21.23,27.88,17.78,15.56,21.49,72.45,11.67,94.91,3.83,50.3,10.5,32.84,0.4,0.56,95.66
2016-02-26,PLEIKU,14.005,108.017,0.58,20.91,28.34,16.14,14.05,21.18,66.72,10.61,94.86,3.84,48.9,12.65,32.48,0.4,0.57,78.36
2016-02-27,PLEIKU,14.005,108.017,0.0,20.52,29.08,15.23,13.42,20.85,66.5,10.16,94.83,3.36,55.4,14.06,32.3,0.4,0.56,77.48
2016-02-28,PLEIKU,14.005,108.017,0.05,21.43,30.37,15.3,13.69,21.85,65.2,10.35,94.84,3.08,64.4,15.46,32.78,0.39,0.56,74.9
2016-02-29,PLEIKU,14.005,108.017,0.02,19.88,29.86,13.22,10.94,20.26,60.21,8.65,94.8,3.26,55.7,13.54,30.27,0.39,0.56,93.06
2016-03-01,PLEIKU,14.005,108.017,0.18,21.25,30.25,15.56,13.7,21.66,66.91,10.4,94.66,2.79,62.1,16.17,31.84,0.39,0.56,63.56
2016-03-02,PLEIKU,14.005,108.017,0.53,22.23,30.86,16.91,15.42,22.64,69.54,11.6,94.68,2.93,69.3,12.6,32.54,0.39,0.56,80.84
2016-03-03,PLEIKU,14.005,108.017,0.01,22.35,31.17,15.72,14.38,22.78,65.86,10.86,94.6,2.44,78.9,17.77,31.48,0.39,0.56,48.1
2016-03-04,PLEIKU,14.005,108.017,0.0,24.25,34.15,17.29,14.82,24.74,62.33,11.27,94.42,2.04,93.4,23.0,30.72,0.38,0.56,23.44
2016-03-05,PLEIKU,14.005,108.017,0.0,24.93,35.48,17.06,14.57,25.44,60.32,11.11,94.37,1.95,92.1,24.37,31.84,0.38,0.56,26.06
2016-03-06,PLEIKU,14.005,108.017,0.0,24.71,34.97,17.11,14.29,25.15,59.84,10.92,94.37,2.17,94.0,23.32,32.25,0.38,0.56,36.0
2016-03-07,PLEIKU,14.005,108.017,0.0,25.54,35.66,18.18,14.38,25.78,55.81,10.93,94.25,1.47,101.1,23.46,32.73,0.37,0.56,6.74
2016-03-08,PLEIKU,14.005,108.017,0.0,27.27,37.48,19.63,14.6,27.51,52.8,11.22,94.13,1.13,108.4,23.26,32.16,0.37,0.56,35.95
2016-03-09,PLEIKU,14.005,108.017,0.27,27.84,37.58,20.79,16.35,28.03,55.65,12.49,94.16,1.14,124.7,20.97,33.12,0.36,0.56,27.82
2016-03-10,PLEIKU,14.005,108.017,1.62,27.27,37.72,19.72,18.3,27.67,63.25,14.06,94.36,1.93,68.4,18.69,35.94,0.39,0.56,69.11
2016-03-11,PLEIKU,14.005,108.017,0.04,24.05,32.94,17.79,15.8,24.42,63.96,11.93,94.48,2.89,75.7,12.14,34.25,0.4,0.56,80.15
2016-03-12,PLEIKU,14.005,108.017,0.0,25.5,34.05,19.43,17.96,25.96,67.85,13.73,94.34,2.14,102.5,17.99,33.53,0.39,0.56,48.79
2016-03-13,PLEIKU,14.005,108.017,0.0,26.75,35.53,20.4,16.14,27.08,56.88,12.24,94.36,1.38,112.8,21.03,33.47,0.39,0.56,30.02
2016-03-14,PLEIKU,14.005,108.017,0.0,25.52,34.42,18.2,17.47,25.91,64.97,13.28,94.36,2.2,87.2,12.76,35.27,0.38,0.56,69.7
2016-03-15,PLEIKU,14.005,108.017,0.0,26.25,35.5,19.67,17.86,26.8,65.0,13.65,94.26,1.51,106.1,18.05,34.71,0.38,0.56,52.05
2016-03-16,PLEIKU,14.005,108.017,0.0,27.21,36.41,19.9,16.35,27.66,56.67,12.41,94.21,1.35,110.3,20.91,33.23,0.37,0.56,27.34
2016-03-17,PLEIKU,14.005,108.017,0.0,27.54,37.65,19.32,15.9,28.01,55.65,12.1,94.19,1.82,108.5,22.13,32.59,0.36,0.56,18.49
2016-03-18,PLEIKU,14.005,108.017,0.0,27.57,38.21,18.8,14.4,27.85,51.03,11.02,94.12,1.5,115.8,23.43,31.51,0.35,0.56,12.41
2016-03-19,PLEIKU,14.005,108.017,0.0,28.23,39.36,19.09,13.15,28.69,49.62,10.44,94.16,1.47,112.7,25.53,30.68,0.34,0.56,10.85
2016-03-20,PLEIKU,14.005,108.017,0.0,27.53,38.65,18.86,13.36,27.89,50.38,10.45,94.15,1.5,122.5,26.37,30.14,0.33,0.55,3.83
2016-03-21,PLEIKU,14.005,108.017,0.0,28.06,38.6,19.61,15.15,28.54,53.28,11.65,94.04,1.55,121.9,23.98,31.21,0.33,0.55,5.62
2016-03-22,PLEIKU,14.005,108.017,0.0,27.61,37.89,19.43,15.67,28.08,54.84,11.95,94.02,1.6,117.6,23.03,31.78,0.32,0.55,13.74
2016-03-23,PLEIKU,14.005,108.017,0.0,28.46,38.04,21.65,15.73,28.93,51.93,12.03,94.18,1.37,110.2,21.63,34.06,0.32,0.55,52.44
2016-03-24,PLEIKU,14.005,108.017,0.06,27.54,36.48,19.9,17.16,28.03,57.93,13.04,94.41,1.83,76.8,13.34,35.72,0.32,0.55,78.23
2016-03-25,PLEIKU,14.005,108.017,0.18,23.53,33.13,16.7,15.01,24.02,61.58,11.31,94.72,2.91,59.4,9.44,34.07,0.32,0.55,83.07
2016-03-26,PLEIKU,14.005,108.017,0.29,23.37,32.85,16.84,14.87,23.84,63.49,11.19,94.72,2.82,71.7,13.36,34.65,0.32,0.55,80.55
2016-03-27,PLEIKU,14.005,108.017,0.48,21.98,30.77,16.51,14.39,22.39,65.54,10.83,94.79,3.27,62.9,10.55,33.29,0.33,0.55,78.49
2016-03-28,PLEIKU,14.005,108.017,0.01,22.37,31.73,15.98,14.18,22.82,64.59,10.7,94.73,2.78,76.1,14.2,32.81,0.33,0.55,74.25
2016-03-29,PLEIKU,14.005,108.017,0.0,23.74,34.2,15.82,13.83,24.22,60.2,10.49,94.63,2.48,85.4,19.64,31.46,0.33,0.55,36.75
2016-03-30,PLEIKU,14.005,108.017,0.0,25.46,35.5,18.54,14.69,25.93,58.91,11.24,94.52,2.23,101.3,23.9,30.78,0.32,0.55,16.28
2016-03-31,PLEIKU,14.005,108.017,0.0,25.73,35.22,18.67,16.53,26.19,62.95,12.55,94.37,2.14,98.1,23.09,32.23,0.32,0.55,37.79
2016-04-01,PLEIKU,14.005,108.017,0.0,26.97,37.29,19.53,15.97,27.52,57.67,12.16,94.24,2.04,103.8,24.67,32.25,0.32,0.55,46.44
2016-04-02,PLEIKU,14.005,108.017,0.0,26.98,36.32,20.05,16.7,27.47,58.86,12.69,94.33,2.07,106.0,23.16,31.93,0.32,0.55,70.39
2016-04-03,PLEIKU,14.005,108.017,0.0,27.68,36.55,20.41,16.45,28.2,55.55,12.5,94.29,1.58,111.8,21.75,33.14,0.31,0.55,57.23
2016-04-04,PLEIKU,14.005,108.017,0.0,26.25,32.35,21.49,15.62,26.5,55.37,11.92,94.22,1.12,116.2,18.65,34.18,0.31,0.55,88.97
2016-04-05,PLEIKU,14.005,108.017,0.0,25.87,31.12,20.93,18.08,26.06,64.54,13.83,94.23,1.03,81.9,16.24,33.91,0.31,0.55,81.27
2016-04-06,PLEIKU,14.005,108.017,0.0,28.27,36.92,21.35,17.77,28.79,57.04,13.57,94.2,1.57,106.6,21.5,33.9,0.31,0.55,41.11
2016-04-07,PLEIKU,14.005,108.017,0.0,28.97,37.96,21.95,16.66,29.5,52.74,12.72,94.2,1.61,109.0,21.84,34.17,0.31,0.55,35.24
2016-04-08,PLEIKU,14.005,108.017,0.0,28.07,38.32,19.71,14.82,28.58,51.92,11.41,94.21,1.84,105.5,23.06,34.19,0.3,0.55,29.0
2016-04-09,PLEIKU,14.005,108.017,0.0,28.66,38.1,21.29,15.83,29.12,51.6,12.09,94.16,1.26,122.2,25.0,33.67,0.3,0.55,37.12
2016-04-10,PLEIKU,14.005,108.017,0.0,30.0,37.3,24.27,18.36,30.21,52.23,14.12,94.03,1.38,224.2,20.17,34.34,0.3,0.55,27.57
2016-04-11,PLEIKU,14.005,108.017,0.0,30.64,38.13,24.55,19.1,31.11,53.52,14.82,93.95,1.41,88.0,21.06,36.09,0.3,0.55,69.87
2016-04-12,PLEIKU,14.005,108.017,0.0,28.42,35.55,23.87,15.97,28.64,51.03,12.34,93.93,1.02,129.2,18.46,34.91,0.3,0.55,75.22
2016-04-13,PLEIKU,14.005,108.017,0.0,30.37,38.55,23.16,16.41,30.6,45.49,12.58,93.84,1.85,238.4,22.54,33.3,0.29,0.55,15.96
2016-04-14,PLEIKU,14.005,108.017,0.0,30.83,40.03,22.93,14.96,31.19,41.96,11.5,93.98,1.6,234.3,24.93,32.49,0.29,0.55,6.18
2016-04-15,PLEIKU,14.005,108.017,0.0,31.23,40.41,24.52,16.33,31.61,46.05,12.62,94.05,1.51,216.6,25.45,33.52,0.28,0.55,22.26
2016-04-16,PLEIKU,14.005,108.017,0.11,31.46,39.65,24.83,18.37,31.93,50.01,14.21,94.05,1.53,151.0,22.6,35.49,0.28,0.55,66.56
2016-04-17,PLEIKU,14.005,108.017,0.43,30.34,39.07,23.1,15.79,30.78,46.84,12.16,94.09,1.42,110.4,19.67,34.87,0.29,0.55,93.85
2016-04-18,PLEIKU,14.005,108.017,2.49,27.32,34.58,22.28,19.14,27.67,65.1,14.86,94.29,1.83,91.0,15.09,35.16,0.34,0.55,83.17
2016-04-19,PLEIKU,14.005,108.017,0.0,27.45,36.23,20.93,16.77,27.92,57.97,12.81,94.37,2.67,97.0,23.75,32.73,0.36,0.55,30.23
2016-04-20,PLEIKU,14.005,108.017,0.0,28.23,37.19,21.81,18.18,28.73,59.34,13.96,94.29,2.34,101.0,24.99,32.5,0.35,0.55,38.93
2016-04-21,PLEIKU,14.005,108.017,0.0,28.4,37.57,20.98,17.48,28.9,56.68,13.36,94.16,1.76,111.6,25.02,33.33,0.34,0.55,31.71
2016-04-22,PLEIKU,14.005,108.017,0.01,29.16,37.26,22.87,18.05,29.66,55.56,13.92,94.06,1.33,153.5,22.63,33.44,0.34,0.55,34.57
2016-04-23,PLEIKU,14.005,108.017,0.01,29.21,36.71,22.76,18.7,29.65,57.31,14.48,93.98,1.34,165.8,19.46,33.73,0.33,0.55,53.41
2016-04-24,PLEIKU,14.005,108.017,0.0,30.13,38.15,23.12,17.56,30.54,51.57,13.52,93.95,1.61,161.5,22.3,35.03,0.32,0.55,37.42
2016-04-25,PLEIKU,14.005,108.017,0.0,30.0,37.65,24.06,18.13,30.55,52.84,13.93,94.09,1.19,87.2,21.82,35.17,0.32,0.55,61.95
2016-04-26,PLEIKU,14.005,108.017,0.12,30.27,37.73,24.96,18.32,30.66,52.24,14.14,94.05,0.93,102.0,20.94,35.21,0.32,0.55,52.99
2016-04-27,PLEIKU,14.005,108.017,6.1,28.68,35.24,23.28,20.03,28.8,63.59,15.77,93.95,1.13,322.6,18.54,36.22,0.35,0.55,81.25
2016-04-28,PLEIKU,14.005,108.017,12.26,26.36,32.36,22.72,22.22,26.33,80.36,17.96,94.11,0.9,103.7,16.46,35.04,0.64,0.58,92.97
2016-04-29,PLEIKU,14.005,108.017,7.12,25.9,31.59,21.35,20.75,25.86,76.2,16.39,94.21,1.36,108.2,14.68,34.89,0.65,0.59,97.71
2016-04-30,PLEIKU,14.005,108.017,0.18,27.58,36.07,21.65,18.45,27.71,63.16,14.31,94.11,0.94,144.6,19.53,33.7,0.57,0.59,68.21
2016-05-01,PLEIKU,14.005,108.017,0.0,28.08,34.81,22.57,20.29,28.31,66.71,15.96,94.09,1.16,211.1,21.03,34.93,0.56,0.58,82.61
2016-05-02,PLEIKU,14.005,108.017,1.24,27.59,34.36,22.84,20.93,27.78,70.31,16.56,94.12,1.31,184.3,18.83,34.4,0.57,0.58,85.91
2016-05-03,PLEIKU,14.005,108.017,19.57,26.39,32.39,21.89,21.41,26.57,77.41,17.08,94.15,0.99,73.3,18.67,35.46,0.69,0.6,93.8
2016-05-04,PLEIKU,14.005,108.017,0.01,27.61,35.06,22.2,20.45,27.69,69.63,16.14,94.14,1.05,153.3,23.11,34.26,0.6,0.61,66.26
2016-05-05,PLEIKU,14.005,108.017,0.97,28.26,36.28,22.21,20.35,28.5,67.52,16.04,94.09,1.4,116.6,22.02,34.32,0.58,0.6,78.15
2016-05-06,PLEIKU,14.005,108.017,2.36,28.06,36.07,22.18,20.11,28.28,67.27,15.85,94.04,0.9,105.1,18.5,34.77,0.59,0.59,93.82
2016-05-07,PLEIKU,14.005,108.017,0.0,28.35,37.24,21.74,19.38,28.62,64.41,15.14,94.07,1.46,117.7,26.45,33.26,0.56,0.59,21.63
2016-05-08,PLEIKU,14.005,108.017,0.01,29.01,37.59,22.6,19.47,29.34,61.69,15.19,94.12,1.36,133.5,25.36,34.29,0.55,0.58,54.26
2016-05-09,PLEIKU,14.005,108.017,0.03,28.72,35.82,23.39,21.01,28.94,66.77,16.68,94.1,0.9,231.9,21.45,34.64,0.55,0.58,87.31
2016-05-10,PLEIKU,14.005,108.017,0.03,28.42,33.99,23.82,21.84,28.29,70.0,17.56,93.98,1.28,263.2,20.08,35.9,0.55,0.58,81.35
2016-05-11,PLEIKU,14.005,108.017,5.83,28.59,36.6,23.28,21.83,28.82,71.49,17.59,93.86,0.98,122.3,18.82,34.96,0.58,0.57,81.57
2016-05-12,PLEIKU,14.005,108.017,7.42,26.16,30.69,22.56,22.54,26.04,82.06,18.33,93.96,0.91,208.3,19.44,34.69,0.65,0.59,89.24
2016-05-13,PLEIKU,14.005,108.017,1.64,27.36,35.71,21.09,19.63,27.59,67.72,15.31,94.11,1.11,88.2,12.78,35.35,0.59,0.59,98.88
2016-05-14,PLEIKU,14.005,108.017,0.0,28.57,37.38,21.88,19.43,28.94,63.94,15.18,94.18,1.69,96.2,20.95,34.45,0.56,0.59,61.06
2016-05-15,PLEIKU,14.005,108.017,0.0,28.69,37.91,21.28,18.09,29.03,58.31,13.92,94.09,1.67,74.7,24.19,33.8,0.55,0.58,62.9
2016-05-16,PLEIKU,14.005,108.017,6.47,27.07,35.58,20.96,17.31,27.38,63.83,13.52,94.07,1.66,73.4,23.5,34.06,0.59,0.58,40.32
2016-05-17,PLEIKU,14.005,108.017,7.27,27.45,35.72,22.54,19.87,27.75,70.14,15.74,94.07,1.36,100.7,19.2,35.09,0.63,0.6,79.56
2016-05-18,PLEIKU,14.005,108.017,2.98,27.15,33.73,23.21,21.52,27.31,74.84,17.21,94.07,0.91,141.2,16.95,34.79,0.6,0.59,93.65
2016-05-19,PLEIKU,14.005,108.017,1.82,26.58,32.31,22.57,21.87,26.65,77.83,17.58,93.95,1.25,239.9,17.98,34.7,0.59,0.59,86.29
2016-05-20,PLEIKU,14.005,108.017,0.64,26.13,31.79,22.7,21.41,26.29,77.53,17.08,93.89,1.74,255.9,19.33,34.47,0.58,0.59,99.22
2016-05-21,PLEIKU,14.005,108.017,4.4,26.9,33.01,22.99,22.3,27.01,78.93,18.08,93.97,1.43,270.4,18.61,34.88,0.59,0.59,99.17
2016-05-22,PLEIKU,14.005,108.017,3.43,26.29,32.19,22.72,21.73,26.41,78.9,17.44,93.99,0.86,183.6,17.01,35.13,0.6,0.59,99.61
2016-05-23,PLEIKU,14.005,108.017,11.92,26.63,33.63,22.3,21.99,26.83,79.35,17.75,93.93,1.13,157.9,19.16,34.77,0.64,0.6,99.16
2016-05-24,PLEIKU,14.005,108.017,16.68,25.39,29.1,22.77,23.12,25.42,88.21,18.99,93.77,1.69,222.5,19.22,35.0,0.72,0.62,97.58
2016-05-25,PLEIKU,14.005,108.017,13.57,24.5,27.76,22.82,22.43,24.54,89.14,18.18,93.84,1.72,243.5,11.83,34.46,0.74,0.65,99.57
2016-05-26,PLEIKU,14.005,108.017,9.1,24.39,27.5,22.81,22.94,24.3,91.99,18.75,93.87,1.41,232.3,15.18,34.73,0.72,0.66,98.43
2016-05-27,PLEIKU,14.005,108.017,4.82,24.46,28.15,22.08,22.57,24.48,89.93,18.31,94.01,2.01,225.6,16.98,34.82,0.68,0.65,98.38
2016-05-28,PLEIKU,14.005,108.017,3.04,24.31,27.69,22.59,22.67,24.3,91.14,18.43,94.0,1.66,227.3,15.9,35.12,0.68,0.65,96.89
2016-05-29,PLEIKU,14.005,108.017,0.72,24.95,29.55,22.34,21.99,24.92,85.03,17.68,93.97,1.28,206.1,19.27,35.62,0.65,0.64,72.33
2016-05-30,PLEIKU,14.005,108.017,1.42,25.34,30.41,22.35,22.05,25.39,83.78,17.72,94.09,1.48,239.8,22.98,34.15,0.64,0.63,62.84
2016-05-31,PLEIKU,14.005,108.017,0.83,26.22,31.46,22.54,21.98,26.24,79.52,17.63,94.17,1.35,227.5,24.38,34.1,0.62,0.62,68.13
2016-06-01,PLEIKU,14.005,108.017,0.35,26.29,32.04,21.78,21.36,26.37,76.83,16.99,94.13,1.58,242.8,23.8,33.83,0.61,0.61,61.58
2016-06-02,PLEIKU,14.005,108.017,0.42,26.77,32.76,22.63,21.27,26.9,74.54,16.92,94.03,1.62,239.9,24.49,34.15,0.6,0.61,48.67
2016-06-03,PLEIKU,14.005,108.017,1.46,26.21,31.4,22.3,21.53,26.31,77.58,17.17,94.08,1.74,246.4,19.99,34.7,0.6,0.6,83.2
2016-06-04,PLEIKU,14.005,108.017,0.72,26.87,32.49,23.08,21.53,27.0,74.96,17.18,94.09,1.6,239.8,19.22,34.61,0.6,0.6,71.96
2016-06-05,PLEIKU,14.005,108.017,0.15,25.91,29.8,22.84,22.01,25.93,80.25,17.68,94.09,1.43,231.3,18.98,34.76,0.59,0.6,82.28
2016-06-06,PLEIKU,14.005,108.017,2.15,26.67,33.08,22.43,21.31,26.85,75.75,16.97,94.08,1.49,236.9,23.08,34.64,0.59,0.6,66.61
2016-06-07,PLEIKU,14.005,108.017,3.24,24.4,26.74,22.44,22.77,24.43,90.85,18.51,94.1,1.68,233.5,17.64,34.18,0.62,0.6,87.22
2016-06-08,PLEIKU,14.005,108.017,2.68,25.97,31.53,22.44,21.81,26.09,80.37,17.5,94.0,1.71,251.2,13.97,34.8,0.6,0.6,99.58
2016-06-09,PLEIKU,14.005,108.017,0.66,26.38,33.0,21.97,20.7,26.44,74.24,16.36,93.96,1.9,259.4,13.86,34.51,0.59,0.6,99.36
2016-06-10,PLEIKU,14.005,108.017,1.25,26.61,31.46,22.93,21.76,26.71,77.07,17.45,93.99,1.56,250.4,19.28,34.4,0.58,0.6,86.94
2016-06-11,PLEIKU,14.005,108.017,1.0,26.09,31.07,22.88,21.89,26.2,79.47,17.57,94.04,1.35,247.8,23.06,34.89,0.59,0.59,77.54
2016-06-12,PLEIKU,14.005,108.017,1.16,27.07,32.93,22.79,21.28,27.21,73.3,16.93,94.03,1.8,237.0,21.05,34.73,0.58,0.59,88.52
2016-06-13,PLEIKU,14.005,108.017,2.68,26.4,31.9,22.94,21.73,26.53,77.7,17.41,93.95,1.9,245.0,20.93,34.65,0.59,0.59,72.27
2016-06-14,PLEIKU,14.005,108.017,1.23,25.03,29.03,22.47,21.53,25.1,82.21,17.2,93.93,1.73,241.5,23.77,35.3,0.59,0.59,58.0
2016-06-15,PLEIKU,14.005,108.017,1.29,25.39,29.55,22.46,21.64,25.47,81.33,17.33,93.92,1.66,251.0,22.91,34.29,0.59,0.59,70.86
2016-06-16,PLEIKU,14.005,108.017,1.35,25.1,29.45,21.94,21.41,25.19,81.67,17.07,93.94,1.33,242.1,19.64,35.02,0.59,0.59,71.83
2016-06-17,PLEIKU,14.005,108.017,4.53,25.72,30.65,22.4,21.37,25.63,79.1,17.03,94.05,1.02,190.1,20.19,34.19,0.61,0.59,36.36
2016-06-18,PLEIKU,14.005,108.017,3.67,25.8,31.94,21.57,21.17,25.88,78.29,16.81,94.11,1.16,149.1,22.5,33.86,0.62,0.6,70.8
2016-06-19,PLEIKU,14.005,108.017,0.01,25.34,32.15,20.01,17.57,25.07,64.72,13.42,94.07,1.81,88.5,23.27,33.78,0.58,0.6,85.48
2016-06-20,PLEIKU,14.005,108.017,3.72,25.75,33.21,20.83,19.36,25.94,72.62,15.12,93.93,1.05,122.3,21.27,34.06,0.6,0.59,93.95
2016-06-21,PLEIKU,14.005,108.017,33.98,25.34,31.39,21.5,20.91,25.35,79.63,16.61,93.91,0.99,132.3,17.55,34.29,0.77,0.64,99.16
2016-06-22,PLEIKU,14.005,108.017,7.47,24.33,28.87,21.59,22.13,24.37,88.7,17.86,93.88,1.01,184.1,17.54,34.29,0.69,0.65,97.91
2016-06-23,PLEIKU,14.005,108.017,7.83,24.31,28.41,22.03,22.21,24.3,89.1,17.94,93.88,1.34,227.5,19.26,34.32,0.7,0.65,86.32
2016-06-24,PLEIKU,14.005,108.017,14.1,23.21,25.58,21.87,21.83,23.23,92.27,17.5,93.93,1.93,247.1,17.51,34.7,0.73,0.66,98.01
2016-06-25,PLEIKU,14.005,108.017,18.45,23.13,25.58,21.78,22.02,23.09,93.66,17.69,93.97,1.61,244.3,11.52,34.9,0.77,0.68,99.82
2016-06-26,PLEIKU,14.005,108.017,23.11,23.22,25.1,21.34,22.63,23.15,96.46,18.44,93.74,1.45,236.4,10.84,35.23,0.83,0.71,97.99
2016-06-27,PLEIKU,14.005,108.017,13.55,22.72,25.19,21.35,21.65,22.74,93.86,17.35,93.71,1.98,223.5,12.85,35.74,0.8,0.73,96.34
2016-06-28,PLEIKU,14.005,108.017,9.39,23.45,26.94,21.28,22.28,23.48,93.48,18.02,93.82,1.49,208.1,13.69,34.69,0.79,0.73,97.3
2016-06-29,PLEIKU,14.005,108.017,1.27,24.37,28.81,21.09,21.5,24.44,85.2,17.15,94.05,2.16,227.2,15.88,34.64,0.73,0.71,91.0
2016-06-30,PLEIKU,14.005,108.017,0.07,23.74,27.01,22.11,21.65,23.74,88.63,17.29,94.08,1.72,225.0,19.89,34.9,0.7,0.69,77.84
2016-07-01,PLEIKU,14.005,108.017,0.07,25.06,29.46,22.41,22.16,25.1,85.32,17.86,94.02,1.76,243.9,19.47,34.38,0.69,0.68,91.43
2016-07-02,PLEIKU,14.005,108.017,0.02,24.21,27.01,22.09,21.6,24.23,86.13,17.21,94.17,1.71,259.7,20.45,34.4,0.67,0.66,84.9
2016-07-03,PLEIKU,14.005,108.017,0.25,24.21,28.0,21.42,21.43,24.21,85.48,17.04,94.13,1.65,258.9,21.88,34.09,0.66,0.66,91.41
2016-07-04,PLEIKU,14.005,108.017,4.39,24.11,28.33,21.27,21.7,24.15,87.51,17.36,93.95,1.94,258.6,19.74,34.63,0.67,0.65,91.99
2016-07-05,PLEIKU,14.005,108.017,6.0,22.98,26.77,20.53,21.2,23.0,90.4,16.86,93.89,2.33,258.2,13.3,34.14,0.69,0.65,99.65
2016-07-06,PLEIKU,14.005,108.017,1.26,22.22,26.6,18.9,19.93,22.27,87.78,15.57,93.93,1.86,269.3,14.34,33.91,0.67,0.65,79.56
2016-07-07,PLEIKU,14.005,108.017,6.22,24.59,29.32,21.78,21.35,24.67,83.95,17.03,93.9,1.84,246.7,19.69,34.72,0.68,0.65,68.18
2016-07-08,PLEIKU,14.005,108.017,8.79,24.09,28.13,21.83,22.25,24.12,90.29,17.99,93.81,2.15,246.2,16.74,34.96,0.71,0.66,88.74
2016-07-09,PLEIKU,14.005,108.017,7.4,23.79,27.97,21.67,21.84,23.83,89.71,17.56,93.76,2.41,250.9,19.82,34.56,0.71,0.66,91.65
2016-07-10,PLEIKU,14.005,108.017,6.0,23.56,26.65,21.56,22.23,23.57,92.56,17.98,93.72,2.06,248.4,18.78,34.32,0.71,0.67,86.93
2016-07-11,PLEIKU,14.005,108.017,4.28,23.98,27.62,21.87,22.2,24.01,90.44,17.94,93.82,2.58,245.7,18.0,34.6,0.69,0.66,90.39
2016-07-12,PLEIKU,14.005,108.017,2.24,23.49,27.06,21.06,21.53,23.52,89.47,17.19,93.89,1.97,261.6,15.66,34.11,0.68,0.66,90.49
2016-07-13,PLEIKU,14.005,108.017,3.41,24.92,29.59,22.18,21.92,24.99,84.99,17.62,93.85,1.89,244.4,18.9,35.32,0.67,0.65,57.9
2016-07-14,PLEIKU,14.005,108.017,2.04,24.99,29.48,22.12,22.54,24.82,87.47,18.29,93.95,1.5,245.0,22.07,34.14,0.68,0.65,31.06
2016-07-15,PLEIKU,14.005,108.017,0.1,24.86,28.65,22.28,22.76,24.88,88.91,18.52,94.01,1.34,247.5,24.01,33.82,0.66,0.65,34.06
2016-07-16,PLEIKU,14.005,108.017,0.21,25.58,30.21,22.3,22.52,25.62,84.79,18.24,94.1,1.3,254.4,22.98,34.41,0.65,0.64,32.71
2016-07-17,PLEIKU,14.005,108.017,0.52,25.45,29.72,22.56,22.49,25.42,84.94,18.22,94.05,1.24,273.2,22.32,33.89,0.65,0.64,61.1
2016-07-18,PLEIKU,14.005,108.017,0.91,24.61,28.44,22.08,22.47,24.61,88.71,18.2,93.95,1.33,248.1,23.59,34.08,0.65,0.64,64.57
2016-07-19,PLEIKU,14.005,108.017,0.54,24.89,29.41,21.91,21.5,24.48,82.46,17.16,93.97,1.04,254.6,24.25,33.39,0.64,0.63,58.89
2016-07-20,PLEIKU,14.005,108.017,6.24,26.08,31.68,22.1,21.59,26.14,79.03,17.26,94.01,0.98,186.6,23.11,33.5,0.65,0.63,46.32
2016-07-21,PLEIKU,14.005,108.017,9.25,25.96,33.67,21.38,21.56,25.9,79.78,17.22,94.16,0.88,140.9,21.8,33.89,0.72,0.65,59.77
2016-07-22,PLEIKU,14.005,108.017,1.55,24.61,29.6,21.22,21.0,24.67,82.39,16.63,94.15,0.72,127.3,24.89,33.91,0.67,0.65,73.32
2016-07-23,PLEIKU,14.005,108.017,5.06,24.27,29.23,20.5,21.16,24.31,84.52,16.79,94.09,1.03,265.8,20.89,34.07,0.68,0.65,57.22
2016-07-24,PLEIKU,14.005,108.017,12.08,25.53,30.44,21.92,22.08,25.33,83.14,17.81,94.03,1.05,276.7,23.36,33.96,0.73,0.66,72.92
2016-07-25,PLEIKU,14.005,108.017,0.77,24.36,27.93,20.98,22.07,24.28,87.95,17.78,93.99,0.93,287.6,19.6,34.23,0.68,0.66,75.86
2016-07-26,PLEIKU,14.005,108.017,7.3,24.44,29.21,21.3,21.19,24.5,83.92,16.87,93.89,1.09,214.2,19.67,34.05,0.69,0.66,83.4
2016-07-27,PLEIKU,14.005,108.017,5.61,23.22,27.14,20.62,21.25,23.16,89.56,16.91,93.94,1.2,271.3,19.39,33.59,0.72,0.67,98.46
2016-07-28,PLEIKU,14.005,108.017,2.63,24.25,29.3,21.16,21.36,24.28,85.53,17.0,93.99,1.31,215.3,19.55,33.99,0.68,0.66,90.62
2016-07-29,PLEIKU,14.005,108.017,1.07,24.56,29.99,21.08,20.72,24.61,81.74,16.35,94.05,1.36,232.2,21.08,34.81,0.67,0.65,63.11
2016-07-30,PLEIKU,14.005,108.017,7.4,25.19,29.72,21.99,21.91,25.09,83.69,17.63,93.92,0.94,244.0,24.34,34.05,0.69,0.65,67.54
2016-07-31,PLEIKU,14.005,108.017,4.36,25.2,30.41,21.67,22.38,25.14,86.07,18.2,93.75,1.13,241.4,23.59,33.99,0.7,0.66,82.03
2016-08-01,PLEIKU,14.005,108.017,2.31,25.2,30.85,21.11,21.79,25.26,83.68,17.6,93.62,1.34,265.8,19.89,34.91,0.68,0.66,98.2
2016-08-02,PLEIKU,14.005,108.017,2.47,24.79,29.82,21.76,21.95,24.85,85.78,17.74,93.53,1.7,260.6,19.85,33.73,0.67,0.65,99.0
2016-08-03,PLEIKU,14.005,108.017,17.37,23.84,27.74,21.11,21.9,23.78,89.78,17.66,93.66,1.23,254.9,18.47,34.33,0.75,0.66,93.04
2016-08-04,PLEIKU,14.005,108.017,7.18,23.33,27.08,21.4,21.71,23.35,91.22,17.38,93.88,1.64,242.7,20.64,34.14,0.73,0.68,89.31
2016-08-05,PLEIKU,14.005,108.017,0.99,24.21,28.47,21.41,21.74,24.18,87.38,17.41,93.95,1.41,250.3,19.57,35.0,0.69,0.67,62.99
2016-08-06,PLEIKU,14.005,108.017,19.51,24.86,29.59,21.72,21.91,24.91,85.32,17.62,93.85,1.64,243.7,20.74,34.59,0.75,0.67,62.8
2016-08-07,PLEIKU,14.005,108.017,18.83,23.44,26.78,21.64,22.05,23.48,92.37,17.75,93.88,2.0,246.5,20.3,33.97,0.82,0.72,72.63
2016-08-08,PLEIKU,14.005,108.017,9.8,24.26,28.63,21.55,22.28,24.31,89.66,18.01,93.88,2.04,256.7,18.57,34.68,0.77,0.72,81.82
2016-08-09,PLEIKU,14.005,108.017,12.8,24.36,28.49,22.12,22.43,24.41,90.0,18.21,93.77,2.01,264.9,19.8,34.6,0.78,0.72,77.03
2016-08-10,PLEIKU,14.005,108.017,25.63,23.36,26.24,21.45,22.29,23.36,93.91,18.04,93.74,2.02,260.0,18.19,34.83,0.84,0.73,94.0
2016-08-11,PLEIKU,14.005,108.017,34.87,23.32,26.24,20.75,22.37,23.32,94.54,18.15,93.78,2.42,246.3,17.86,34.7,0.9,0.78,90.26
2016-08-12,PLEIKU,14.005,108.017,14.76,23.73,26.95,21.69,22.4,23.76,92.59,18.18,93.72,2.42,248.9,14.05,34.42,0.85,0.79,99.38
2016-08-13,PLEIKU,14.005,108.017,13.6,24.17,28.15,21.73,22.38,24.21,90.41,18.18,93.59,3.19,246.6,13.61,34.69,0.83,0.78,99.32
2016-08-14,PLEIKU,14.005,108.017,19.36,23.94,26.79,22.09,22.68,23.96,92.94,18.53,93.52,2.63,247.5,13.15,35.43,0.85,0.78,99.68
2016-08-15,PLEIKU,14.005,108.017,14.51,24.08,27.56,21.68,22.44,24.1,91.11,18.26,93.53,2.65,249.6,13.65,34.79,0.84,0.79,98.33
2016-08-16,PLEIKU,14.005,108.017,14.98,24.18,27.83,21.72,22.21,24.22,89.59,17.98,93.6,2.83,252.4,15.1,34.98,0.83,0.78,96.99
2016-08-17,PLEIKU,14.005,108.017,11.11,24.06,27.5,21.95,22.34,24.1,90.78,18.15,93.51,2.84,252.9,10.13,35.14,0.82,0.78,99.71
2016-08-18,PLEIKU,14.005,108.017,14.76,23.9,27.32,21.83,22.44,23.91,91.98,18.29,93.35,3.47,245.0,7.17,34.16,0.84,0.78,99.44
2016-08-19,PLEIKU,14.005,108.017,7.94,24.07,27.25,21.89,22.52,24.08,91.52,18.34,93.57,2.81,235.2,14.22,34.56,0.81,0.78,96.04
2016-08-20,PLEIKU,14.005,108.017,3.56,25.13,29.51,22.39,22.82,25.04,88.12,18.64,93.78,1.88,256.4,19.59,34.98,0.78,0.76,69.06
2016-08-21,PLEIKU,14.005,108.017,7.37,24.72,28.57,22.09,22.95,24.55,90.62,18.81,93.68,1.4,272.5,20.98,34.93,0.79,0.75,80.02
2016-08-22,PLEIKU,14.005,108.017,5.77,24.5,27.98,22.15,22.88,24.45,91.41,18.75,93.65,1.47,253.6,18.6,34.87,0.79,0.76,86.97
2016-08-23,PLEIKU,14.005,108.017,10.47,23.38,26.01,21.55,22.36,23.23,94.09,18.14,93.63,1.32,249.1,14.82,35.06,0.8,0.76,98.85
2016-08-24,PLEIKU,14.005,108.017,21.68,23.63,27.17,21.46,22.32,23.6,92.79,18.11,93.62,1.29,218.8,16.38,35.44,0.86,0.78,92.45
2016-08-25,PLEIKU,14.005,108.017,8.58,24.64,28.83,22.37,22.56,24.59,89.27,18.34,93.79,1.63,255.1,20.1,34.53,0.82,0.78,86.17
2016-08-26,PLEIKU,14.005,108.017,9.67,22.92,24.92,20.99,22.4,22.85,96.78,18.15,93.94,1.69,231.4,19.7,34.97,0.83,0.79,90.56
2016-08-27,PLEIKU,14.005,108.017,15.57,24.74,29.41,22.27,22.62,24.8,89.12,18.36,94.03,1.5,253.4,19.43,34.78,0.84,0.79,82.86
2016-08-28,PLEIKU,14.005,108.017,7.91,23.63,26.9,21.48,22.43,23.52,93.25,18.16,93.97,1.24,229.0,18.01,34.4,0.83,0.8,74.42
2016-08-29,PLEIKU,14.005,108.017,4.6,24.62,28.66,21.75,22.23,24.31,87.45,17.93,94.0,1.35,236.1,20.3,34.64,0.81,0.78,91.36
2016-08-30,PLEIKU,14.005,108.017,10.09,24.26,27.71,22.32,22.49,24.18,90.46,18.19,94.12,1.29,234.7,20.45,35.37,0.83,0.78,88.03
2016-08-31,PLEIKU,14.005,108.017,3.21,24.13,27.39,22.28,22.14,24.15,89.5,17.81,94.14,1.53,253.8,18.73,34.32,0.8,0.78,82.52
2016-09-01,PLEIKU,14.005,108.017,2.23,23.59,27.0,21.39,21.87,23.47,90.67,17.54,93.97,1.6,260.6,19.06,34.52,0.79,0.78,96.33
2016-09-02,PLEIKU,14.005,108.017,4.26,24.38,27.89,21.91,22.6,24.41,90.45,18.37,93.84,2.01,254.7,18.39,35.12,0.8,0.77,91.95
2016-09-03,PLEIKU,14.005,108.017,1.67,23.85,27.41,21.86,22.29,23.84,91.59,18.01,93.93,1.95,266.0,18.88,34.58,0.78,0.77,98.5
2016-09-04,PLEIKU,14.005,108.017,33.23,24.21,27.96,21.93,22.57,24.23,91.26,18.33,93.9,1.77,266.4,17.33,35.0,0.85,0.78,97.55
2016-09-05,PLEIKU,14.005,108.017,33.74,23.2,25.26,21.49,22.52,23.2,95.99,18.27,93.94,1.5,252.0,11.55,34.45,0.92,0.84,98.16
2016-09-06,PLEIKU,14.005,108.017,5.44,24.15,27.83,22.23,22.37,24.1,90.48,18.08,93.97,1.52,238.7,17.48,34.33,0.84,0.82,85.91
2016-09-07,PLEIKU,14.005,108.017,4.51,23.83,27.37,21.77,22.16,23.72,90.93,17.85,94.03,1.38,253.3,18.3,34.12,0.83,0.81,97.97
2016-09-08,PLEIKU,14.005,108.017,0.74,23.19,25.56,21.65,21.71,23.1,91.71,17.33,94.13,1.38,235.5,19.23,33.79,0.81,0.8,85.96
2016-09-09,PLEIKU,14.005,108.017,3.99,23.72,26.85,21.56,22.0,23.7,90.73,17.66,94.07,1.54,254.8,20.14,34.23,0.81,0.79,94.72
2016-09-10,PLEIKU,14.005,108.017,11.86,23.7,26.62,21.79,22.48,23.67,93.21,18.22,93.88,1.21,242.2,18.98,34.83,0.84,0.8,85.41
2016-09-11,PLEIKU,14.005,108.017,22.96,23.79,26.19,21.87,22.52,23.54,92.91,18.34,93.77,0.7,283.0,18.09,35.04,0.88,0.82,90.97
2016-09-12,PLEIKU,14.005,108.017,95.75,22.88,26.17,20.4,21.89,22.86,94.35,17.69,93.54,2.89,230.1,3.12,34.46,0.97,0.87,99.3
2016-09-13,PLEIKU,14.005,108.017,9.87,22.51,26.12,20.57,21.06,22.54,92.04,16.71,93.84,2.16,212.2,15.23,34.33,0.9,0.89,85.76
2016-09-14,PLEIKU,14.005,108.017,2.29,23.79,28.24,21.18,21.43,23.69,87.79,17.07,93.95,1.67,270.8,18.26,34.25,0.86,0.86,97.61
2016-09-15,PLEIKU,14.005,108.017,14.11,24.18,27.79,21.8,22.45,24.09,90.65,18.2,93.87,1.23,243.4,18.28,35.95,0.88,0.85,85.59
2016-09-16,PLEIKU,14.005,108.017,11.32,23.53,26.12,21.38,22.74,23.41,95.43,18.56,93.78,1.15,170.5,15.73,35.36,0.89,0.86,89.42
2016-09-17,PLEIKU,14.005,108.017,44.94,24.95,29.66,21.81,22.46,24.98,87.52,18.24,93.86,0.89,105.0,19.85,34.6,0.92,0.87,78.92
2016-09-18,PLEIKU,14.005,108.017,13.11,24.79,28.88,21.91,22.26,24.71,87.34,18.05,93.88,0.73,167.7,17.76,35.24,0.91,0.89,88.03
2016-09-19,PLEIKU,14.005,108.017,24.17,22.88,26.03,20.48,21.47,22.86,92.29,17.16,93.91,1.28,72.3,17.78,34.39,0.92,0.88,81.26
2016-09-20,PLEIKU,14.005,108.017,27.82,24.21,28.98,21.46,21.83,24.26,88.0,17.52,93.98,1.21,77.9,17.42,34.33,0.94,0.9,93.47
2016-09-21,PLEIKU,14.005,108.017,16.92,23.6,27.62,20.95,21.57,23.59,89.44,17.23,94.08,1.16,73.0,18.37,34.27,0.92,0.91,99.49
2016-09-22,PLEIKU,14.005,108.017,10.15,23.08,26.88,20.65,21.61,23.1,91.97,17.26,94.01,1.45,71.3,10.91,34.41,0.91,0.9,99.52
2016-09-23,PLEIKU,14.005,108.017,4.77,23.05,25.61,20.86,22.09,23.04,94.48,17.81,93.89,1.55,73.7,15.07,34.15,0.9,0.9,98.29
2016-09-24,PLEIKU,14.005,108.017,6.24,24.5,28.56,21.51,21.95,24.46,87.2,17.69,93.88,1.27,91.1,18.04,33.96,0.89,0.89,94.15
2016-09-25,PLEIKU,14.005,108.017,13.47,24.36,29.26,20.68,22.28,24.34,89.39,18.05,93.94,0.98,71.1,19.52,34.49,0.91,0.9,92.61
2016-09-26,PLEIKU,14.005,108.017,3.43,24.14,28.25,21.08,21.71,23.95,87.33,17.4,93.94,1.06,59.5,16.13,34.26,0.89,0.89,66.0
2016-09-27,PLEIKU,14.005,108.017,6.25,24.84,30.0,21.57,22.57,24.85,88.55,18.36,93.88,0.85,213.5,21.05,34.23,0.89,0.89,75.34
2016-09-28,PLEIKU,14.005,108.017,3.2,24.93,28.9,22.37,22.97,24.84,89.7,18.83,93.78,0.92,289.7,19.2,34.21,0.89,0.89,98.77
2016-09-29,PLEIKU,14.005,108.017,12.41,24.28,27.72,22.02,22.73,24.12,91.74,18.57,93.79,0.83,338.9,16.39,34.46,0.91,0.89,98.89
2016-09-30,PLEIKU,14.005,108.017,14.41,23.8,27.83,20.93,22.03,23.67,90.58,17.77,93.85,0.96,50.9,10.82,34.41,0.92,0.91,99.68
2016-10-01,PLEIKU,14.005,108.017,1.92,23.13,27.57,19.18,20.42,23.04,86.08,16.07,93.98,1.19,44.1,11.87,34.45,0.89,0.9,83.45
2016-10-02,PLEIKU,14.005,108.017,2.9,25.06,30.55,21.24,21.45,24.94,82.49,17.14,93.93,0.74,227.8,18.71,34.22,0.89,0.89,62.49
2016-10-03,PLEIKU,14.005,108.017,4.17,25.16,29.86,21.59,22.15,24.91,85.43,17.97,93.9,0.88,247.8,16.51,34.59,0.89,0.89,76.06
2016-10-04,PLEIKU,14.005,108.017,9.37,24.09,27.57,21.97,22.38,23.97,90.64,18.12,93.89,1.02,219.3,15.73,35.34,0.9,0.89,97.12
2016-10-05,PLEIKU,14.005,108.017,11.61,24.29,27.88,21.23,22.34,24.23,89.82,18.12,93.88,0.98,55.4,17.23,34.39,0.92,0.9,95.54
2016-10-06,PLEIKU,14.005,108.017,18.28,24.08,28.03,20.73,21.67,23.84,87.64,17.37,93.97,0.73,28.9,14.09,34.56,0.93,0.91,98.95
2016-10-07,PLEIKU,14.005,108.017,27.93,24.19,28.01,20.99,21.75,24.14,87.62,17.45,93.99,0.98,58.7,13.86,34.5,0.95,0.93,99.38
2016-10-08,PLEIKU,14.005,108.017,12.45,24.06,28.8,20.9,22.16,24.09,90.17,17.88,94.0,0.83,67.6,14.13,34.33,0.93,0.93,97.2
2016-10-09,PLEIKU,14.005,108.017,12.45,23.35,27.2,20.22,21.67,23.37,91.01,17.35,93.97,1.03,73.3,16.81,34.08,0.93,0.93,72.32
2016-10-10,PLEIKU,14.005,108.017,14.55,23.81,28.84,20.27,21.56,23.84,88.52,17.24,93.93,1.29,64.3,17.02,34.02,0.94,0.94,77.79
2016-10-11,PLEIKU,14.005,108.017,8.64,23.35,26.58,21.12,21.86,23.36,91.9,17.55,93.91,1.54,62.8,13.81,34.9,0.93,0.94,97.07
2016-10-12,PLEIKU,14.005,108.017,4.18,23.35,28.45,19.54,21.42,23.34,89.85,17.13,93.84,1.44,50.3,15.13,33.87,0.92,0.94,96.43
2016-10-13,PLEIKU,14.005,108.017,11.62,24.63,29.82,21.18,21.93,24.67,86.49,17.67,93.76,0.85,184.3,14.93,34.01,0.93,0.93,94.42
2016-10-14,PLEIKU,14.005,108.017,13.37,24.34,27.58,22.02,22.3,24.29,89.23,18.05,93.85,0.99,138.5,16.24,34.42,0.94,0.94,97.98
2016-10-15,PLEIKU,14.005,108.017,27.41,23.64,27.41,20.42,22.48,23.69,93.62,18.29,93.91,1.27,80.9,11.27,34.86,0.96,0.95,99.29
2016-10-16,PLEIKU,14.005,108.017,13.15,23.55,28.98,19.88,21.64,23.56,89.92,17.36,93.86,1.83,59.5,6.88,33.98,0.95,0.96,98.49
2016-10-17,PLEIKU,14.005,108.017,1.13,24.5,29.42,21.3,21.81,24.38,86.34,17.55,93.73,0.94,346.0,14.97,34.02,0.93,0.95,99.43
2016-10-18,PLEIKU,14.005,108.017,0.92,24.33,28.95,21.22,21.68,24.36,86.65,17.39,93.72,1.4,255.2,15.04,33.71,0.92,0.94,99.38
2016-10-19,PLEIKU,14.005,108.017,0.45,24.41,29.02,21.3,21.57,24.37,85.84,17.29,93.78,0.85,215.3,15.93,34.27,0.92,0.94,57.36
2016-10-20,PLEIKU,14.005,108.017,6.84,24.21,27.96,21.69,22.28,24.24,89.84,18.05,93.72,1.32,242.2,18.44,35.56,0.92,0.94,90.08
2016-10-21,PLEIKU,14.005,108.017,8.07,22.86,25.55,21.06,22.04,22.75,95.21,17.74,93.91,1.36,257.2,12.9,34.19,0.93,0.94,99.56
2016-10-22,PLEIKU,14.005,108.017,6.67,23.97,28.42,20.51,21.45,23.84,87.28,17.16,93.95,0.79,63.3,15.16,34.58,0.93,0.94,96.58
2016-10-23,PLEIKU,14.005,108.017,11.48,23.47,28.53,19.84,20.58,23.48,85.82,16.24,93.96,1.11,76.6,10.15,34.09,0.94,0.94,94.59
2016-10-24,PLEIKU,14.005,108.017,5.64,23.4,28.39,20.65,21.29,23.47,89.08,16.94,93.98,1.42,90.2,17.8,33.76,0.93,0.95,60.62
2016-10-25,PLEIKU,14.005,108.017,3.74,23.59,27.38,21.25,22.05,23.59,91.55,17.71,94.15,1.94,90.5,8.29,33.93,0.93,0.94,83.71
2016-10-26,PLEIKU,14.005,108.017,2.06,23.12,28.26,19.99,20.97,23.12,88.75,16.53,94.35,2.05,70.4,13.09,34.08,0.92,0.94,81.51
2016-10-27,PLEIKU,14.005,108.017,1.41,23.02,27.89,19.36,20.88,23.02,88.64,16.45,94.4,1.87,64.2,14.38,33.67,0.92,0.93,60.15
2016-10-28,PLEIKU,14.005,108.017,0.98,22.76,26.99,20.16,20.91,22.76,89.93,16.48,94.32,1.65,57.9,14.78,33.63,0.91,0.93,79.6
2016-10-29,PLEIKU,14.005,108.017,8.16,22.94,26.4,21.24,21.0,22.93,89.56,16.55,94.33,1.97,62.9,13.94,33.84,0.92,0.93,95.69
2016-10-30,PLEIKU,14.005,108.017,18.97,21.22,23.57,18.9,20.61,21.19,96.28,16.17,94.38,1.87,54.8,5.73,33.54,0.95,0.95,99.46
2016-10-31,PLEIKU,14.005,108.017,7.14,22.88,27.8,20.28,20.86,22.91,89.37,16.42,94.35,1.97,62.5,10.98,33.76,0.93,0.94,95.02
2016-11-01,PLEIKU,14.005,108.017,25.11,23.01,25.14,21.74,22.2,22.94,95.15,17.85,94.25,2.95,57.3,4.01,33.69,0.96,0.96,98.06
2016-11-02,PLEIKU,14.005,108.017,42.92,22.48,25.07,20.78,21.37,22.4,93.53,16.97,94.29,3.23,58.5,7.05,34.82,0.98,0.98,99.0
2016-11-03,PLEIKU,14.005,108.017,25.32,21.61,24.49,19.93,20.46,21.56,93.25,16.03,94.25,2.9,53.5,6.74,33.98,0.97,0.98,98.79
2016-11-04,PLEIKU,14.005,108.017,7.93,21.84,26.6,19.13,20.32,21.83,91.58,15.94,94.11,2.4,53.7,9.88,33.68,0.95,0.98,98.48
2016-11-05,PLEIKU,14.005,108.017,9.96,22.57,26.25,20.38,21.42,22.57,93.47,17.07,94.03,2.01,65.0,9.04,34.69,0.96,0.98,76.47
2016-11-06,PLEIKU,14.005,108.017,1.46,23.16,26.73,20.77,21.64,23.15,91.56,17.26,94.18,1.97,77.5,12.7,34.34,0.95,0.97,91.19
2016-11-07,PLEIKU,14.005,108.017,2.14,24.14,28.77,21.39,22.07,24.17,89.15,17.71,94.3,1.66,93.8,13.44,34.46,0.94,0.97,60.21
2016-11-08,PLEIKU,14.005,108.017,5.64,23.19,26.61,20.68,22.11,23.17,93.91,17.75,94.4,1.77,88.2,15.74,34.04,0.95,0.97,65.95
2016-11-09,PLEIKU,14.005,108.017,2.49,22.15,27.54,19.14,20.19,22.12,89.64,15.75,94.43,2.36,67.4,13.87,33.33,0.94,0.97,82.06
2016-11-10,PLEIKU,14.005,108.017,1.24,22.23,27.14,19.13,20.1,22.25,88.79,15.65,94.44,2.12,58.7,16.48,33.7,0.93,0.96,60.3
2016-11-11,PLEIKU,14.005,108.017,7.67,22.86,27.39,20.34,20.81,22.86,89.29,16.35,94.43,2.07,69.8,12.64,34.15,0.94,0.96,76.56
2016-11-12,PLEIKU,14.005,108.017,5.59,22.76,28.01,19.34,20.93,22.75,90.31,16.49,94.45,2.14,69.6,12.15,33.72,0.93,0.96,57.92
2016-11-13,PLEIKU,14.005,108.017,0.53,22.86,28.39,18.8,20.54,22.87,87.97,16.11,94.39,1.95,67.0,16.57,32.89,0.93,0.95,40.2
2016-11-14,PLEIKU,14.005,108.017,0.14,23.17,29.21,18.74,20.33,23.19,85.83,15.91,94.33,1.63,53.8,20.4,31.82,0.92,0.94,28.58
2016-11-15,PLEIKU,14.005,108.017,0.02,22.01,27.95,18.24,19.27,22.02,85.99,14.87,94.33,2.03,51.6,19.5,32.13,0.92,0.94,34.46
2016-11-16,PLEIKU,14.005,108.017,4.31,22.47,27.78,19.48,19.99,22.5,87.12,15.56,94.3,1.99,49.2,16.12,33.64,0.92,0.93,71.79
2016-11-17,PLEIKU,14.005,108.017,9.02,22.77,26.93,20.23,21.42,22.76,92.59,17.03,94.15,1.8,56.7,11.57,33.59,0.93,0.94,59.8
2016-11-18,PLEIKU,14.005,108.017,3.36,23.08,28.55,19.53,21.09,23.11,89.62,16.72,94.07,1.65,70.3,15.78,34.07,0.92,0.93,58.85
2016-11-19,PLEIKU,14.005,108.017,6.1,22.08,25.73,19.58,20.75,22.09,92.56,16.36,94.09,1.83,61.2,11.76,34.41,0.92,0.93,93.18
2016-11-20,PLEIKU,14.005,108.017,6.26,22.88,28.02,19.36,21.02,22.9,90.23,16.66,94.05,1.66,66.8,10.26,34.25,0.92,0.93,91.97
2016-11-21,PLEIKU,14.005,108.017,3.71,23.31,27.5,20.67,21.66,23.34,91.18,17.33,94.01,1.42,74.2,14.13,34.37,0.92,0.93,53.77
2016-11-22,PLEIKU,14.005,108.017,2.81,23.54,27.98,20.95,21.87,23.57,91.13,17.53,94.1,1.5,96.1,13.51,34.07,0.92,0.93,55.5
2016-11-23,PLEIKU,14.005,108.017,2.91,22.92,28.02,19.38,21.2,22.92,90.85,16.82,94.19,1.72,76.7,15.9,33.45,0.91,0.93,47.85
2016-11-24,PLEIKU,14.005,108.017,0.11,21.44,25.88,18.31,19.27,21.41,88.6,14.9,94.16,1.58,59.3,19.18,32.17,0.91,0.92,32.27
2016-11-25,PLEIKU,14.005,108.017,0.65,22.09,27.48,18.41,19.71,22.12,87.71,15.35,94.12,1.39,64.9,15.32,33.15,0.91,0.92,40.68
2016-11-26,PLEIKU,14.005,108.017,0.28,22.28,29.02,16.73,19.07,22.32,83.52,14.84,94.17,1.7,39.3,15.91,33.31,0.9,0.91,46.87
2016-11-27,PLEIKU,14.005,108.017,0.04,20.87,27.06,16.54,17.84,20.9,84.16,13.62,94.32,2.02,47.0,13.21,32.38,0.9,0.91,57.75
2016-11-28,PLEIKU,14.005,108.017,3.97,21.25,26.46,18.63,18.58,21.28,86.03,14.22,94.43,2.4,45.8,13.09,33.94,0.9,0.9,71.56
2016-11-29,PLEIKU,14.005,108.017,15.82,22.34,26.93,20.14,20.52,22.34,90.2,16.05,94.42,2.65,50.8,9.2,34.4,0.91,0.91,93.61
2016-11-30,PLEIKU,14.005,108.017,45.08,22.7,26.64,19.94,21.39,22.66,92.61,16.97,94.48,2.73,52.8,3.0,33.94,0.97,0.94,96.3
2016-12-01,PLEIKU,14.005,108.017,11.75,21.01,25.7,18.08,19.2,20.97,89.9,14.81,94.51,3.19,47.6,7.35,33.77,0.93,0.94,92.98
2016-12-02,PLEIKU,14.005,108.017,14.75,22.59,26.34,20.71,21.17,22.57,92.06,16.71,94.47,2.7,59.6,7.02,33.98,0.94,0.94,89.81
2016-12-03,PLEIKU,14.005,108.017,7.08,22.59,26.83,20.33,20.91,22.56,90.99,16.45,94.46,2.35,67.8,11.28,34.03,0.93,0.94,89.66
2016-12-04,PLEIKU,14.005,108.017,7.9,21.86,25.26,19.69,20.77,21.85,93.69,16.33,94.37,2.27,63.5,8.8,34.58,0.93,0.94,97.94
2016-12-05,PLEIKU,14.005,108.017,28.18,22.34,26.85,19.82,20.8,22.35,91.54,16.35,94.39,2.41,62.3,7.15,34.42,0.95,0.94,99.16
2016-12-06,PLEIKU,14.005,108.017,16.99,21.33,24.59,19.49,20.15,21.29,93.16,15.7,94.37,2.82,63.4,5.6,33.93,0.95,0.95,99.16
2016-12-07,PLEIKU,14.005,108.017,11.8,21.69,25.39,19.55,20.29,21.68,92.12,15.86,94.24,2.61,59.8,6.36,34.35,0.94,0.95,99.37
2016-12-08,PLEIKU,14.005,108.017,3.98,20.4,25.22,16.63,18.77,20.37,90.84,14.49,94.16,2.32,49.6,5.2,33.09,0.93,0.95,83.42
2016-12-09,PLEIKU,14.005,108.017,0.03,19.56,25.41,15.43,16.84,19.58,85.42,12.81,94.14,2.18,47.2,12.82,31.81,0.93,0.94,60.49
2016-12-10,PLEIKU,14.005,108.017,0.0,20.67,26.09,17.29,18.12,20.7,86.43,13.88,94.11,1.93,40.6,11.74,32.92,0.92,0.94,95.77
2016-12-11,PLEIKU,14.005,108.017,10.84,22.4,26.64,19.49,20.64,22.42,90.36,16.27,93.99,1.98,51.2,7.73,34.31,0.93,0.94,98.46
2016-12-12,PLEIKU,14.005,108.017,23.1,21.78,24.34,20.02,21.35,21.75,97.33,17.0,94.02,1.56,45.7,4.31,33.83,0.96,0.96,99.63
2016-12-13,PLEIKU,14.005,108.017,21.04,22.26,24.66,20.89,21.79,22.23,97.14,17.47,94.0,2.25,61.3,2.96,33.52,0.96,0.96,99.16
2016-12-14,PLEIKU,14.005,108.017,21.07,22.27,24.57,20.44,21.78,22.23,97.0,17.44,94.15,2.4,70.6,4.9,34.21,0.96,0.97,99.42
2016-12-15,PLEIKU,14.005,108.017,48.58,21.65,24.09,20.07,21.01,21.59,96.1,16.6,94.34,2.92,70.4,2.9,33.43,0.98,0.98,98.83
2016-12-16,PLEIKU,14.005,108.017,19.33,19.77,23.23,17.59,18.43,19.7,92.12,14.12,94.51,3.53,51.7,4.71,32.97,0.97,0.98,98.53
2016-12-17,PLEIKU,14.005,108.017,4.86,20.27,24.56,17.99,18.28,20.27,89.02,13.94,94.5,2.95,54.0,8.92,32.7,0.95,0.98,99.29
2016-12-18,PLEIKU,14.005,108.017,8.47,21.3,25.4,19.37,19.97,21.29,92.53,15.52,94.43,2.38,57.8,7.7,33.61,0.96,0.98,91.75
2016-12-19,PLEIKU,14.005,108.017,3.52,21.67,26.18,18.94,20.03,21.67,90.97,15.6,94.34,2.2,62.1,8.53,33.33,0.95,0.97,86.2
2016-12-20,PLEIKU,14.005,108.017,0.97,21.77,27.14,18.08,19.61,21.78,88.55,15.21,94.29,2.09,64.2,10.94,34.03,0.94,0.97,95.52
2016-12-21,PLEIKU,14.005,108.017,0.66,21.88,27.46,18.61,19.62,21.91,88.17,15.21,94.35,1.97,64.2,12.38,33.2,0.94,0.96,57.42
2016-12-22,PLEIKU,14.005,108.017,0.85,21.26,26.58,18.29,19.03,21.25,88.22,14.65,94.31,2.27,58.5,10.63,34.18,0.93,0.96,80.28
2016-12-23,PLEIKU,14.005,108.017,2.08,21.76,26.99,18.69,19.7,21.75,89.05,15.28,94.27,2.4,58.9,7.83,34.49,0.93,0.95,91.06
2016-12-24,PLEIKU,14.005,108.017,2.04,21.42,27.11,17.47,19.51,21.41,89.87,15.13,94.29,2.18,67.1,9.01,33.19,0.93,0.95,92.26
2016-12-25,PLEIKU,14.005,108.017,0.05,20.66,26.19,16.76,18.29,20.66,87.69,13.98,94.34,1.95,64.5,14.54,31.28,0.92,0.94,81.55
2016-12-26,PLEIKU,14.005,108.017,0.31,20.8,26.61,17.02,18.16,20.81,86.33,13.87,94.34,2.05,49.1,14.93,31.48,0.92,0.94,91.96
2016-12-27,PLEIKU,14.005,108.017,1.25,18.43,23.19,14.44,16.29,18.38,87.84,12.34,94.36,3.07,47.9,7.69,31.78,0.91,0.93,96.88
2016-12-28,PLEIKU,14.005,108.017,0.36,18.28,23.46,15.6,14.91,18.31,81.32,11.26,94.46,2.91,37.2,10.46,31.68,0.91,0.93,97.51
2016-12-29,PLEIKU,14.005,108.017,0.93,18.19,23.3,15.21,15.33,18.17,83.9,11.57,94.52,3.43,43.6,10.59,32.17,0.91,0.92,91.79
2016-12-30,PLEIKU,14.005,108.017,4.06,19.39,22.87,17.58,17.67,19.36,90.1,13.42,94.48,2.82,44.1,6.68,33.19,0.91,0.92,95.64
2016-12-31,PLEIKU,14.005,108.017,9.16,21.35,25.94,19.03,19.91,21.33,91.94,15.46,94.46,2.65,63.6,7.53,33.27,0.92,0.93,79.56
2017-01-01,PLEIKU,14.005,108.017,1.8,21.63,26.45,19.2,19.42,21.61,87.94,15.0,94.44,2.93,60.4,7.59,33.65,0.91,0.92,93.56
2017-01-02,PLEIKU,14.005,108.017,0.62,21.86,26.87,18.69,19.25,21.84,85.86,14.84,94.43,2.88,60.3,9.94,33.77,0.9,0.91,91.1
2017-01-03,PLEIKU,14.005,108.017,0.41,20.36,25.13,17.74,17.67,20.36,85.69,13.42,94.37,2.71,58.6,12.37,33.07,0.9,0.91,92.93
2017-01-04,PLEIKU,14.005,108.017,0.68,21.23,26.39,17.96,19.19,21.23,88.94,14.81,94.27,2.25,65.3,9.94,33.16,0.9,0.9,96.53
2017-01-05,PLEIKU,14.005,108.017,0.37,21.09,26.58,17.62,18.49,21.09,86.24,14.17,94.24,2.39,65.2,13.36,33.51,0.89,0.9,89.65
2017-01-06,PLEIKU,14.005,108.017,1.09,21.14,26.42,17.94,18.9,21.18,88.06,14.56,94.14,2.11,63.4,9.99,32.89,0.89,0.9,67.95
2017-01-07,PLEIKU,14.005,108.017,1.77,21.59,26.76,18.17,19.41,21.6,88.56,15.05,94.07,1.86,75.7,11.0,33.73,0.89,0.89,75.4
2017-01-08,PLEIKU,14.005,108.017,1.28,21.14,26.57,17.5,19.17,21.16,89.5,14.83,94.12,1.83,67.6,12.39,33.55,0.89,0.89,66.9
2017-01-09,PLEIKU,14.005,108.017,0.2,21.19,26.96,17.44,18.51,21.21,86.17,14.2,94.18,2.05,63.5,11.42,33.09,0.88,0.89,72.56
2017-01-10,PLEIKU,14.005,108.017,0.7,21.56,26.87,18.46,18.99,21.57,86.62,14.62,94.23,2.28,74.5,11.9,32.89,0.88,0.88,88.54
2017-01-11,PLEIKU,14.005,108.017,0.2,21.1,25.96,18.02,18.67,21.1,87.46,14.34,94.22,1.73,69.7,15.45,32.25,0.88,0.88,95.35
2017-01-12,PLEIKU,14.005,108.017,0.41,22.17,27.03,18.51,19.72,22.17,87.27,15.35,94.07,1.49,51.0,15.23,32.33,0.87,0.87,84.22
2017-01-13,PLEIKU,14.005,108.017,2.82,20.94,25.72,17.27,18.97,20.96,89.25,14.66,94.1,1.82,43.1,10.13,33.19,0.87,0.87,99.5
2017-01-14,PLEIKU,14.005,108.017,5.79,20.09,24.31,17.52,18.51,20.09,91.21,14.19,94.24,2.0,48.3,5.44,32.92,0.88,0.88,99.31
2017-01-15,PLEIKU,14.005,108.017,8.59,21.26,25.62,18.46,19.99,21.26,92.89,15.57,94.29,1.81,56.7,7.95,33.75,0.89,0.88,98.99
2017-01-16,PLEIKU,14.005,108.017,3.09,21.61,26.73,18.67,19.57,21.62,89.03,15.16,94.32,2.57,69.9,8.48,33.65,0.88,0.88,90.24
2017-01-17,PLEIKU,14.005,108.017,0.13,20.62,25.66,17.45,17.54,20.61,83.61,13.3,94.51,2.76,66.0,12.93,31.5,0.87,0.87,72.28
2017-01-18,PLEIKU,14.005,108.017,0.01,19.84,25.72,16.15,16.88,19.85,84.72,12.74,94.62,2.33,56.0,16.01,30.75,0.87,0.87,61.71
2017-01-19,PLEIKU,14.005,108.017,0.41,20.72,26.81,16.71,17.77,20.75,84.48,13.51,94.55,2.3,58.3,13.38,32.65,0.87,0.86,76.11
2017-01-20,PLEIKU,14.005,108.017,1.65,20.32,25.83,17.34,17.54,20.35,85.31,13.28,94.6,2.62,58.6,12.56,32.99,0.86,0.86,88.22
2017-01-21,PLEIKU,14.005,108.017,2.53,20.18,25.13,17.51,17.61,20.17,85.92,13.33,94.77,3.22,60.1,10.45,33.26,0.86,0.86,82.62
2017-01-22,PLEIKU,14.005,108.017,0.89,19.3,24.92,15.93,16.46,19.28,84.77,12.38,94.75,3.2,58.9,9.02,33.06,0.86,0.85,89.78
2017-01-23,PLEIKU,14.005,108.017,1.15,19.74,25.15,16.83,16.98,19.75,85.36,12.81,94.68,2.76,52.1,9.84,32.73,0.86,0.85,79.48
2017-01-24,PLEIKU,14.005,108.017,4.28,21.25,26.5,18.42,19.05,21.28,88.34,14.62,94.64,2.38,52.9,11.06,33.78,0.86,0.85,82.57
2017-01-25,PLEIKU,14.005,108.017,7.28,21.26,26.79,18.13,19.11,21.25,88.26,14.7,94.68,3.1,59.6,10.26,33.45,0.87,0.86,91.78
2017-01-26,PLEIKU,14.005,108.017,0.55,18.39,24.24,13.88,15.3,18.35,83.38,11.52,94.72,3.19,56.1,12.41,31.61,0.86,0.85,63.81
2017-01-27,PLEIKU,14.005,108.017,0.28,16.89,22.81,12.86,13.44,16.93,82.12,10.19,94.61,2.52,54.6,16.46,29.62,0.85,0.85,55.14
2017-01-28,PLEIKU,14.005,108.017,0.05,18.57,25.48,14.3,14.66,18.64,80.75,11.09,94.44,1.43,60.1,20.02,29.03,0.85,0.84,60.7
2017-01-29,PLEIKU,14.005,108.017,0.0,20.59,26.8,16.12,17.16,20.56,82.75,13.02,94.43,1.08,69.1,17.8,31.03,0.85,0.84,83.18
2017-01-30,PLEIKU,14.005,108.017,0.0,19.16,25.39,14.17,15.81,19.21,82.65,11.95,94.4,1.92,57.2,15.15,30.53,0.84,0.84,91.87
2017-01-31,PLEIKU,14.005,108.017,0.8,20.08,26.03,16.31,16.9,20.17,83.78,12.81,94.38,1.75,47.4,15.82,32.67,0.84,0.83,88.97
2017-02-01,PLEIKU,14.005,108.017,5.65,21.44,26.88,18.93,19.24,21.46,88.17,14.83,94.44,2.98,59.3,9.32,33.32,0.85,0.83,98.75
2017-02-02,PLEIKU,14.005,108.017,5.71,20.25,24.22,18.07,18.54,20.24,90.3,14.18,94.44,2.69,52.6,9.19,33.08,0.85,0.84,99.46
2017-02-03,PLEIKU,14.005,108.017,8.61,20.51,24.39,17.98,19.03,20.53,91.71,14.65,94.35,2.07,63.1,9.1,32.72,0.87,0.85,78.48
2017-02-04,PLEIKU,14.005,108.017,1.09,22.06,27.66,18.01,19.6,22.06,87.16,15.22,94.23,1.22,54.7,12.71,33.16,0.85,0.84,65.37
2017-02-05,PLEIKU,14.005,108.017,0.0,19.74,27.06,13.24,16.06,19.73,81.98,12.2,94.2,1.58,18.7,21.96,28.99,0.84,0.84,26.31
2017-02-06,PLEIKU,14.005,108.017,0.0,17.95,25.87,10.9,12.45,17.76,74.81,9.67,94.23,1.3,35.8,23.92,27.02,0.84,0.83,4.96
2017-02-07,PLEIKU,14.005,108.017,0.0,18.99,26.55,12.98,14.74,18.99,80.02,11.26,94.24,1.56,45.4,23.18,28.46,0.83,0.83,46.82
2017-02-08,PLEIKU,14.005,108.017,0.09,19.64,27.26,14.88,15.0,19.66,78.97,11.4,94.33,1.65,46.4,22.84,29.44,0.83,0.82,39.44
2017-02-09,PLEIKU,14.005,108.017,3.05,19.83,26.07,15.43,16.81,19.88,84.8,12.72,94.4,2.26,54.6,17.45,32.53,0.83,0.82,64.22
2017-02-10,PLEIKU,14.005,108.017,5.09,18.74,25.17,14.99,16.19,18.77,86.75,12.21,94.58,2.65,55.8,11.7,32.07,0.84,0.82,79.25
2017-02-11,PLEIKU,14.005,108.017,3.29,18.15,23.67,15.11,15.54,18.18,86.0,11.66,94.81,3.07,56.4,9.13,32.28,0.84,0.82,85.9
2017-02-12,PLEIKU,14.005,108.017,0.21,17.38,22.31,13.6,14.21,17.4,83.19,10.68,94.9,2.92,56.3,11.82,31.37,0.83,0.82,85.82
2017-02-13,PLEIKU,14.005,108.017,0.51,17.56,23.32,14.0,14.14,17.61,82.42,10.63,94.96,2.73,55.6,14.82,31.63,0.82,0.82,73.91
2017-02-14,PLEIKU,14.005,108.017,0.75,18.38,24.4,14.8,15.46,18.43,84.8,11.58,94.98,2.66,59.9,11.96,32.48,0.82,0.81,84.01
2017-02-15,PLEIKU,14.005,108.017,0.11,17.48,23.96,13.05,14.06,17.54,82.38,10.59,94.83,2.59,54.8,12.85,30.42,0.82,0.81,60.91
2017-02-16,PLEIKU,14.005,108.017,0.0,18.04,24.45,13.93,14.64,18.12,82.86,11.02,94.66,2.2,60.7,18.42,30.71,0.81,0.8,53.26
2017-02-17,PLEIKU,14.005,108.017,0.01,19.27,26.23,15.03,15.52,19.37,81.13,11.67,94.67,2.03,62.0,16.15,31.91,0.81,0.8,66.62
2017-02-18,PLEIKU,14.005,108.017,0.01,19.84,26.59,15.41,16.3,19.92,81.82,12.28,94.65,2.14,59.4,13.58,31.37,0.81,0.8,55.69
2017-02-19,PLEIKU,14.005,108.017,0.05,21.22,28.02,16.75,17.37,21.15,80.93,13.22,94.36,1.23,79.2,20.68,31.56,0.8,0.79,57.35
2017-02-20,PLEIKU,14.005,108.017,0.07,22.2,27.68,18.32,18.44,22.14,81.67,14.15,94.28,1.11,96.4,19.27,32.93,0.8,0.79,74.12
2017-02-21,PLEIKU,14.005,108.017,0.03,23.02,29.19,19.04,20.02,23.07,84.99,15.58,94.37,1.36,98.3,18.14,33.79,0.8,0.79,52.04
2017-02-22,PLEIKU,14.005,108.017,0.15,22.83,27.53,18.95,20.11,22.77,85.83,15.68,94.36,1.27,87.7,19.19,34.06,0.8,0.79,94.33
2017-02-23,PLEIKU,14.005,108.017,3.34,23.14,29.9,18.35,19.79,23.16,83.73,15.36,94.45,1.63,86.8,22.14,32.73,0.81,0.79,73.06
2017-02-24,PLEIKU,14.005,108.017,3.24,22.04,28.39,18.15,19.11,22.1,85.24,14.7,94.53,2.1,74.3,14.59,33.43,0.81,0.79,97.19
2017-02-25,PLEIKU,14.005,108.017,0.15,21.88,28.36,17.4,18.27,21.93,81.39,13.99,94.42,2.27,64.7,12.05,33.97,0.79,0.79,72.03
2017-02-26,PLEIKU,14.005,108.017,0.13,19.97,26.1,15.88,16.31,20.01,80.61,12.32,94.47,2.8,53.5,13.91,32.41,0.79,0.78,70.41
2017-02-27,PLEIKU,14.005,108.017,0.49,20.3,26.28,16.66,16.77,20.35,81.77,12.65,94.56,2.99,57.5,12.33,33.39,0.79,0.78,77.3
2017-02-28,PLEIKU,14.005,108.017,0.22,20.13,26.35,16.17,16.72,20.2,82.55,12.63,94.46,2.68,61.7,11.93,32.43,0.78,0.78,62.74
2017-03-01,PLEIKU,14.005,108.017,0.08,19.7,25.12,15.93,15.94,19.73,79.82,12.02,94.51,3.02,56.8,14.05,31.75,0.78,0.77,58.07
2017-03-02,PLEIKU,14.005,108.017,0.01,19.4,25.95,14.67,15.79,19.44,81.59,11.91,94.42,2.56,63.5,15.31,31.71,0.78,0.77,61.48
2017-03-03,PLEIKU,14.005,108.017,0.0,19.33,26.6,13.64,15.48,19.42,81.16,11.7,94.24,1.94,71.9,21.22,29.19,0.77,0.77,35.94
2017-03-04,PLEIKU,14.005,108.017,0.0,19.91,27.92,14.87,14.91,19.71,77.15,11.31,94.18,1.51,77.6,25.56,28.42,0.77,0.76,3.28
2017-03-05,PLEIKU,14.005,108.017,0.0,21.97,29.91,16.49,17.06,21.67,77.56,13.01,94.13,1.24,66.8,24.47,30.08,0.77,0.76,15.73
2017-03-06,PLEIKU,14.005,108.017,0.0,21.89,29.91,15.9,17.29,21.93,79.25,13.19,94.18,1.57,68.0,23.17,29.66,0.76,0.75,23.72
2017-03-07,PLEIKU,14.005,108.017,0.0,20.61,27.81,15.77,16.05,20.67,79.03,12.16,94.29,1.77,81.5,25.72,29.37,0.76,0.75,17.6
2017-03-08,PLEIKU,14.005,108.017,0.0,21.69,28.68,16.84,17.69,21.79,80.69,13.47,94.29,2.0,85.3,21.33,32.56,0.75,0.75,50.73
2017-03-09,PLEIKU,14.005,108.017,0.0,21.12,28.57,15.89,16.97,21.18,80.44,12.88,94.23,1.76,99.9,21.85,31.38,0.75,0.74,30.39
2017-03-10,PLEIKU,14.005,108.017,0.0,22.87,30.68,17.13,17.17,22.5,74.38,13.12,94.18,1.23,68.2,24.41,31.76,0.75,0.74,11.98
2017-03-11,PLEIKU,14.005,108.017,0.0,23.53,31.4,18.34,18.24,23.51,76.09,14.0,94.26,1.26,82.2,24.36,31.44,0.74,0.74,12.57
2017-03-12,PLEIKU,14.005,108.017,1.27,21.96,28.48,17.77,17.73,21.54,79.49,13.55,94.25,1.0,102.0,24.64,30.96,0.75,0.74,9.12
2017-03-13,PLEIKU,14.005,108.017,7.38,23.53,29.86,19.65,19.0,23.32,78.83,14.74,94.21,1.0,71.5,23.14,33.25,0.79,0.75,33.18
2017-03-14,PLEIKU,14.005,108.017,0.19,24.57,32.19,19.1,19.72,24.57,78.26,15.38,94.23,1.13,76.9,23.83,32.23,0.75,0.74,46.49
2017-03-15,PLEIKU,14.005,108.017,0.79,24.15,30.8,19.74,19.81,24.26,79.71,15.43,94.21,1.74,81.8,21.17,33.5,0.75,0.74,46.12
2017-03-16,PLEIKU,14.005,108.017,1.49,23.61,30.08,19.31,20.27,23.74,83.59,15.86,94.17,1.87,82.2,16.02,33.99,0.75,0.74,87.52
2017-03-17,PLEIKU,14.005,108.017,2.6,23.68,28.97,20.33,20.93,23.75,86.14,16.52,94.24,1.72,89.5,18.46,33.75,0.76,0.74,85.47
2017-03-18,PLEIKU,14.005,108.017,2.96,24.07,29.83,20.15,20.85,24.17,84.24,16.4,94.37,1.77,105.5,18.4,34.0,0.75,0.74,82.24
2017-03-19,PLEIKU,14.005,108.017,14.01,22.76,27.11,19.26,20.61,22.79,88.64,16.17,94.41,1.39,91.6,17.05,33.67,0.82,0.75,87.82
2017-03-20,PLEIKU,14.005,108.017,0.28,23.72,30.5,18.99,19.55,23.75,80.3,15.18,94.28,1.47,89.4,24.07,33.16,0.77,0.75,44.94
2017-03-21,PLEIKU,14.005,108.017,0.02,23.35,30.69,17.98,18.5,23.46,77.61,14.2,94.22,1.6,85.1,23.2,33.07,0.75,0.75,42.51
2017-03-22,PLEIKU,14.005,108.017,0.01,24.24,31.37,19.13,19.26,24.25,77.13,14.91,94.16,1.14,99.0,23.75,33.13,0.75,0.74,29.07
2017-03-23,PLEIKU,14.005,108.017,0.01,24.15,31.82,18.96,19.64,24.25,79.0,15.26,94.22,1.88,91.5,22.74,32.79,0.74,0.73,52.62
2017-03-24,PLEIKU,14.005,108.017,0.01,22.76,28.39,19.15,19.49,22.77,83.39,15.06,94.37,1.61,98.0,24.51,32.26,0.74,0.73,38.96
2017-03-25,PLEIKU,14.005,108.017,0.0,23.54,29.01,19.6,20.02,23.59,82.28,15.57,94.39,1.68,87.9,21.9,33.91,0.74,0.73,73.71
2017-03-26,PLEIKU,14.005,108.017,0.98,22.95,28.97,18.88,18.68,23.02,79.67,14.31,94.53,2.11,69.6,22.04,34.26,0.73,0.72,70.63
2017-03-27,PLEIKU,14.005,108.017,3.0,22.21,28.07,18.25,19.17,22.29,84.46,14.74,94.58,2.43,73.5,10.46,33.86,0.74,0.72,81.19
2017-03-28,PLEIKU,14.005,108.017,0.13,23.12,29.26,19.31,19.28,23.26,81.2,14.86,94.46,1.89,73.4,14.59,33.64,0.73,0.72,64.6
2017-03-29,PLEIKU,14.005,108.017,0.15,23.21,28.81,18.79,19.81,23.32,82.98,15.35,94.54,1.65,91.8,17.14,34.19,0.72,0.72,98.99
2017-03-30,PLEIKU,14.005,108.017,0.69,23.34,29.27,19.44,19.5,23.44,81.43,15.07,94.52,1.56,87.3,13.83,34.44,0.72,0.71,96.19
2017-03-31,PLEIKU,14.005,108.017,13.13,24.47,30.46,20.69,20.64,24.56,81.77,16.24,94.36,1.27,105.8,19.56,34.63,0.78,0.72,89.98
2017-04-01,PLEIKU,14.005,108.017,2.38,20.42,24.04,16.99,18.73,20.43,90.45,14.4,94.44,1.65,50.1,12.93,33.07,0.76,0.73,95.24
2017-04-02,PLEIKU,14.005,108.017,5.68,21.43,27.11,18.33,18.55,21.5,84.83,14.18,94.47,2.72,52.3,11.63,33.71,0.75,0.73,93.75
2017-04-03,PLEIKU,14.005,108.017,2.27,21.54,27.36,17.39,18.67,21.6,84.94,14.31,94.49,2.4,64.3,12.12,33.27,0.75,0.73,81.7
2017-04-04,PLEIKU,14.005,108.017,0.01,23.16,29.48,18.94,18.9,23.3,79.33,14.54,94.38,1.8,72.9,21.0,33.44,0.73,0.73,67.25
2017-04-05,PLEIKU,14.005,108.017,0.38,23.82,29.06,20.11,20.58,23.94,83.93,16.15,94.25,1.26,107.3,15.03,34.43,0.73,0.72,71.65
2017-04-06,PLEIKU,14.005,108.017,0.38,24.8,31.56,20.19,20.25,24.93,78.89,15.86,94.18,1.45,103.9,21.65,33.53,0.72,0.71,67.33
2017-04-07,PLEIKU,14.005,108.017,0.0,24.96,31.88,19.86,20.6,25.11,79.59,16.18,94.21,1.71,111.5,24.77,33.19,0.71,0.71,24.83
2017-04-08,PLEIKU,14.005,108.017,0.0,24.79,32.9,18.67,19.55,24.92,76.48,15.17,94.19,1.43,101.3,25.63,32.53,0.71,0.7,11.29
2017-04-09,PLEIKU,14.005,108.017,0.0,26.56,33.95,21.56,21.29,26.69,76.59,16.98,94.05,1.07,136.1,25.74,33.66,0.7,0.7,16.24
2017-04-10,PLEIKU,14.005,108.017,0.0,27.54,33.82,20.94,21.42,26.87,71.63,17.1,93.93,1.28,253.1,24.65,33.48,0.69,0.69,35.89
2017-04-11,PLEIKU,14.005,108.017,0.02,27.99,34.93,21.87,21.4,27.75,70.72,17.11,93.94,1.29,233.6,25.01,34.27,0.69,0.69,36.71
2017-04-12,PLEIKU,14.005,108.017,0.96,26.95,33.32,21.93,22.09,27.1,77.7,17.78,94.1,1.43,102.8,20.69,34.46,0.69,0.69,79.37
2017-04-13,PLEIKU,14.005,108.017,1.03,24.0,30.37,18.93,19.97,24.13,80.9,15.55,94.38,1.82,83.9,18.11,34.0,0.69,0.69,84.46
2017-04-14,PLEIKU,14.005,108.017,0.13,23.77,31.85,17.74,18.4,23.99,76.18,14.1,94.29,1.87,86.9,23.32,32.89,0.68,0.68,66.98
2017-04-15,PLEIKU,14.005,108.017,0.07,23.71,31.32,18.29,18.12,23.86,75.31,13.91,94.23,1.48,93.1,26.34,30.9,0.68,0.68,24.5
2017-04-16,PLEIKU,14.005,108.017,0.0,24.35,32.32,18.7,18.49,24.61,74.54,14.2,94.25,1.89,95.8,27.75,30.32,0.67,0.67,12.12
2017-04-17,PLEIKU,14.005,108.017,0.0,25.82,34.29,20.13,18.62,26.12,70.18,14.44,94.15,1.17,90.6,25.77,32.29,0.67,0.67,66.22
2017-04-18,PLEIKU,14.005,108.017,0.0,26.26,33.14,21.59,21.19,26.49,77.21,16.86,94.1,1.04,104.7,20.17,34.7,0.67,0.67,69.79
2017-04-19,PLEIKU,14.005,108.017,0.01,27.55,33.5,21.79,20.93,27.17,69.64,16.57,94.06,1.26,232.3,22.87,33.97,0.66,0.67,45.07
2017-04-20,PLEIKU,14.005,108.017,0.02,27.61,33.96,22.33,21.44,27.68,72.38,17.13,94.08,1.31,223.4,22.07,33.4,0.66,0.66,39.51
2017-04-21,PLEIKU,14.005,108.017,0.89,27.24,33.42,22.07,21.45,27.09,73.45,17.13,94.03,1.64,287.8,23.55,34.12,0.66,0.66,46.95
2017-04-22,PLEIKU,14.005,108.017,14.45,26.56,32.76,22.05,22.15,26.63,79.96,17.93,94.09,1.16,345.2,17.32,35.08,0.73,0.67,88.81
2017-04-23,PLEIKU,14.005,108.017,10.41,23.5,26.94,20.89,21.9,23.5,91.27,17.56,94.21,1.15,69.7,16.22,34.59,0.78,0.71,85.68
2017-04-24,PLEIKU,14.005,108.017,1.27,24.26,30.26,20.18,20.64,24.28,82.6,16.23,94.25,1.13,98.3,16.53,35.0,0.72,0.7,85.8
2017-04-25,PLEIKU,14.005,108.017,0.21,25.46,31.22,21.21,20.56,25.38,77.26,16.18,94.17,1.26,293.9,19.82,34.09,0.7,0.7,79.28
2017-04-26,PLEIKU,14.005,108.017,0.62,24.11,28.71,20.69,19.92,23.75,79.22,15.54,94.17,1.31,33.4,20.03,34.25,0.7,0.69,82.3
2017-04-27,PLEIKU,14.005,108.017,1.84,26.14,32.4,21.45,21.49,26.22,78.94,17.17,94.2,0.88,73.6,16.94,35.31,0.7,0.69,65.62
2017-04-28,PLEIKU,14.005,108.017,0.75,23.95,28.02,21.34,21.19,23.95,85.81,16.77,94.27,1.1,58.1,18.42,34.51,0.7,0.69,82.09
2017-04-29,PLEIKU,14.005,108.017,4.71,23.09,27.33,20.52,21.49,23.14,91.27,17.09,94.28,1.47,61.0,9.02,34.54,0.72,0.69,93.14
2017-04-30,PLEIKU,14.005,108.017,1.63,25.39,31.55,21.28,21.67,25.55,82.3,17.29,94.24,1.16,105.8,23.66,34.95,0.7,0.69,61.78
2017-05-01,PLEIKU,14.005,108.017,1.89,26.29,32.02,22.3,22.3,26.39,81.05,18.0,94.2,0.92,197.8,21.04,34.79,0.7,0.69,77.9
2017-05-02,PLEIKU,14.005,108.017,0.35,25.51,29.68,22.28,22.54,25.32,84.77,18.25,94.18,0.83,202.9,17.77,34.46,0.7,0.69,86.0
2017-05-03,PLEIKU,14.005,108.017,7.57,24.12,26.83,22.04,21.87,23.62,87.6,17.5,94.21,0.95,213.9,17.04,33.78,0.73,0.69,69.39
2017-05-04,PLEIKU,14.005,108.017,6.77,26.09,31.14,22.19,22.47,25.98,82.53,18.21,94.2,0.87,77.6,23.14,33.77,0.76,0.71,65.29
2017-05-05,PLEIKU,14.005,108.017,0.19,25.26,30.72,21.15,21.93,25.26,83.4,17.55,94.36,1.18,117.6,19.72,34.21,0.71,0.7,98.74
2017-05-06,PLEIKU,14.005,108.017,0.49,24.37,31.16,19.29,19.91,24.42,78.88,15.48,94.43,1.61,85.0,22.56,33.1,0.7,0.69,85.07
2017-05-07,PLEIKU,14.005,108.017,2.65,25.57,32.39,21.0,20.74,25.69,78.25,16.33,94.33,1.25,103.3,22.08,34.23,0.7,0.69,85.26
2017-05-08,PLEIKU,14.005,108.017,1.23,25.46,31.95,20.77,20.65,25.56,78.09,16.28,94.16,1.37,119.3,23.25,34.22,0.7,0.68,75.41
2017-05-09,PLEIKU,14.005,108.017,1.0,25.08,31.16,20.52,20.41,25.2,78.45,16.02,94.23,1.27,91.1,20.2,33.71,0.68,0.68,88.01
2017-05-10,PLEIKU,14.005,108.017,0.64,24.15,30.09,20.46,19.31,24.26,77.22,14.93,94.33,1.98,81.5,19.22,34.22,0.67,0.67,95.96
2017-05-11,PLEIKU,14.005,108.017,4.52,24.26,30.01,20.33,20.28,24.41,81.14,15.86,94.31,1.95,80.1,19.75,34.01,0.69,0.67,92.35
2017-05-12,PLEIKU,14.005,108.017,0.95,25.55,31.86,20.88,21.34,25.72,80.4,16.98,94.14,1.37,89.1,23.21,33.98,0.67,0.67,95.88
2017-05-13,PLEIKU,14.005,108.017,0.83,25.85,33.24,21.09,20.02,26.09,74.9,15.72,94.06,1.67,93.1,20.95,35.26,0.66,0.66,94.65
2017-05-14,PLEIKU,14.005,108.017,11.56,25.41,32.4,20.85,21.65,25.63,82.43,17.34,93.97,1.52,109.2,20.12,34.81,0.72,0.67,97.59
2017-05-15,PLEIKU,14.005,108.017,4.39,24.17,28.63,21.43,21.49,24.05,86.26,17.17,93.95,0.82,231.8,17.82,34.62,0.72,0.68,95.91
2017-05-16,PLEIKU,14.005,108.017,16.92,25.8,31.95,22.55,22.68,25.86,85.01,18.49,93.83,0.89,247.2,16.35,35.66,0.77,0.69,98.81
2017-05-17,PLEIKU,14.005,108.017,22.99,25.75,31.12,23.01,22.46,25.63,84.23,18.25,93.97,1.01,284.9,13.25,34.53,0.83,0.73,96.35
2017-05-18,PLEIKU,14.005,108.017,6.75,25.78,30.08,22.3,22.84,25.51,85.18,18.65,94.06,0.85,218.7,18.39,35.52,0.77,0.73,96.27
2017-05-19,PLEIKU,14.005,108.017,9.76,25.37,29.59,22.8,23.37,25.4,89.69,19.23,93.97,1.32,244.1,13.68,34.77,0.79,0.74,98.29
2017-05-20,PLEIKU,14.005,108.017,7.91,24.67,28.07,22.54,23.15,24.64,91.75,19.0,93.82,1.25,248.2,16.77,35.03,0.78,0.74,97.12
2017-05-21,PLEIKU,14.005,108.017,2.46,25.61,29.76,22.83,23.54,25.61,89.3,19.48,93.78,1.25,233.0,18.7,34.97,0.76,0.74,91.61
2017-05-22,PLEIKU,14.005,108.017,0.46,25.32,28.94,23.03,23.35,25.34,89.55,19.23,93.89,1.36,223.9,19.38,34.87,0.74,0.73,95.07
2017-05-23,PLEIKU,14.005,108.017,1.08,25.82,30.63,22.95,23.02,25.88,85.88,18.85,93.9,1.47,243.3,18.2,35.52,0.73,0.72,97.55
2017-05-24,PLEIKU,14.005,108.017,4.54,24.55,27.91,22.01,22.98,24.39,91.33,18.81,93.91,1.09,250.6,15.68,34.89,0.75,0.72,95.04
2017-05-25,PLEIKU,14.005,108.017,8.56,25.4,29.92,22.23,22.79,25.16,86.66,18.6,93.91,1.13,261.2,15.36,34.67,0.76,0.72,99.72
2017-05-26,PLEIKU,14.005,108.017,4.0,25.27,29.15,22.44,22.84,25.25,87.5,18.66,93.89,0.8,272.5,12.97,34.94,0.76,0.72,98.37
2017-05-27,PLEIKU,14.005,108.017,12.8,24.21,27.1,21.92,22.59,24.12,91.15,18.37,93.88,1.14,163.3,13.83,35.22,0.78,0.73,98.47
2017-05-28,PLEIKU,14.005,108.017,40.27,24.28,27.76,22.08,22.98,24.28,92.91,18.81,93.91,1.13,189.9,14.7,34.94,0.89,0.77,98.91
2017-05-29,PLEIKU,14.005,108.017,29.78,23.84,26.18,21.49,21.78,23.28,88.4,17.46,94.03,0.78,224.1,15.15,34.98,0.9,0.82,98.69
2017-05-30,PLEIKU,14.005,108.017,4.22,25.34,29.15,22.36,22.73,25.17,86.56,18.5,94.09,1.08,223.6,18.08,35.09,0.82,0.8,82.18
2017-05-31,PLEIKU,14.005,108.017,1.24,25.7,29.95,22.91,23.43,25.68,88.34,19.3,94.02,1.35,248.6,23.12,34.18,0.79,0.78,71.06
2017-06-01,PLEIKU,14.005,108.017,0.81,25.4,29.23,22.88,23.27,25.38,88.88,19.11,93.95,1.76,250.5,23.53,35.19,0.78,0.76,76.92
2017-06-02,PLEIKU,14.005,108.017,1.54,25.64,29.16,23.44,23.3,25.68,87.76,19.15,93.98,2.13,252.7,24.02,34.67,0.77,0.75,58.17
2017-06-03,PLEIKU,14.005,108.017,0.44,24.97,28.05,22.84,22.84,24.99,88.62,18.61,93.97,2.13,255.4,23.18,34.45,0.76,0.74,45.49
2017-06-04,PLEIKU,14.005,108.017,2.88,24.95,28.08,22.32,22.89,24.98,88.98,18.69,93.92,2.28,252.0,22.61,34.48,0.76,0.74,59.16
2017-06-05,PLEIKU,14.005,108.017,1.19,24.85,29.15,21.67,22.42,24.89,87.4,18.15,93.95,1.85,252.6,21.97,34.11,0.75,0.74,84.62
2017-06-06,PLEIKU,14.005,108.017,11.75,24.6,29.09,21.56,22.33,24.65,88.26,18.06,94.0,1.87,239.3,19.3,34.86,0.79,0.74,94.49
2017-06-07,PLEIKU,14.005,108.017,10.81,23.65,27.92,20.98,21.86,23.64,90.48,17.52,94.04,1.65,250.3,18.68,34.57,0.81,0.76,91.02
2017-06-08,PLEIKU,14.005,108.017,5.38,24.35,28.29,21.71,22.26,24.17,88.93,17.97,93.97,1.33,240.8,18.48,34.87,0.79,0.76,88.49
2017-06-09,PLEIKU,14.005,108.017,3.15,24.15,28.06,21.46,22.05,24.08,88.97,17.74,94.0,1.53,269.1,18.52,34.88,0.77,0.75,82.55
2017-06-10,PLEIKU,14.005,108.017,14.91,24.09,28.01,21.5,22.2,24.11,89.92,17.9,94.03,1.76,273.8,14.83,34.31,0.83,0.76,97.33
2017-06-11,PLEIKU,14.005,108.017,21.08,23.66,26.69,21.85,21.79,23.7,90.07,17.46,93.99,1.77,255.9,15.76,34.32,0.84,0.77,99.32
2017-06-12,PLEIKU,14.005,108.017,2.51,23.31,25.7,21.46,22.25,23.3,93.86,17.96,93.95,2.01,259.7,14.72,34.72,0.81,0.79,97.43
2017-06-13,PLEIKU,14.005,108.017,1.58,24.38,28.8,21.11,21.86,24.38,86.94,17.52,94.05,1.61,247.4,20.61,34.72,0.78,0.77,72.24
2017-06-14,PLEIKU,14.005,108.017,6.42,24.35,29.02,21.43,21.3,24.4,84.88,16.92,94.16,1.6,252.2,21.98,34.88,0.79,0.76,73.63
2017-06-15,PLEIKU,14.005,108.017,2.94,24.49,29.01,21.33,22.08,24.28,87.6,17.75,94.1,1.59,275.1,22.57,34.27,0.79,0.76,38.67
2017-06-16,PLEIKU,14.005,108.017,0.0,25.02,28.95,21.87,22.25,24.79,85.56,17.96,93.99,1.49,274.5,23.24,33.99,0.77,0.75,73.3
2017-06-17,PLEIKU,14.005,108.017,0.61,24.67,28.28,21.99,22.6,24.64,88.92,18.37,93.86,1.64,255.2,23.34,34.37,0.76,0.75,88.73
2017-06-18,PLEIKU,14.005,108.017,10.3,24.73,28.08,22.66,22.82,24.7,89.94,18.63,93.86,1.54,252.1,20.79,33.96,0.8,0.75,98.89
2017-06-19,PLEIKU,14.005,108.017,0.94,24.24,28.81,21.23,21.88,24.1,87.77,17.58,93.9,1.41,278.9,20.96,34.29,0.78,0.76,94.21
2017-06-20,PLEIKU,14.005,108.017,0.38,24.49,29.01,20.85,21.99,24.52,86.75,17.73,93.89,1.82,260.8,21.6,33.75,0.76,0.75,92.31
2017-06-21,PLEIKU,14.005,108.017,4.64,24.57,28.43,22.14,22.3,24.59,88.24,18.06,93.86,1.26,263.6,21.99,34.33,0.77,0.75,88.23
2017-06-22,PLEIKU,14.005,108.017,2.52,24.33,27.46,21.56,22.7,24.27,91.29,18.53,93.91,1.14,269.1,21.83,34.77,0.77,0.75,71.56
2017-06-23,PLEIKU,14.005,108.017,7.25,24.19,28.52,21.66,22.21,24.23,89.54,17.95,93.81,1.46,248.8,22.33,34.29,0.79,0.75,65.04
2017-06-24,PLEIKU,14.005,108.017,9.84,22.34,24.29,20.54,21.52,22.16,95.07,17.21,93.83,1.09,229.4,13.73,34.5,0.81,0.77,83.33
2017-06-25,PLEIKU,14.005,108.017,1.12,24.37,28.99,21.52,22.13,24.42,88.41,17.84,93.92,1.35,241.8,21.61,34.48,0.78,0.76,49.42
2017-06-26,PLEIKU,14.005,108.017,6.41,25.15,29.3,22.17,22.22,24.7,84.9,17.94,93.99,1.02,236.1,21.76,34.19,0.78,0.76,42.05
2017-06-27,PLEIKU,14.005,108.017,28.85,24.92,28.66,22.1,22.7,24.93,88.59,18.49,94.03,0.98,147.8,22.42,34.52,0.88,0.79,58.75
2017-06-28,PLEIKU,14.005,108.017,2.76,24.24,27.84,21.06,22.39,24.0,90.04,18.14,94.06,1.0,209.9,19.42,34.65,0.81,0.79,79.53
2017-06-29,PLEIKU,14.005,108.017,4.67,24.16,28.3,21.38,21.15,24.09,84.81,16.79,94.05,1.09,227.4,19.86,34.34,0.8,0.78,84.34
2017-06-30,PLEIKU,14.005,108.017,4.83,23.74,27.14,21.33,22.38,23.7,92.49,18.1,94.0,1.44,251.6,18.54,34.94,0.81,0.78,74.64
2017-07-01,PLEIKU,14.005,108.017,3.73,24.33,27.98,22.07,22.26,24.36,89.12,17.96,93.99,1.74,249.9,23.3,34.16,0.79,0.77,61.77
2017-07-02,PLEIKU,14.005,108.017,3.37,23.24,25.55,21.71,22.24,23.24,94.25,17.94,93.99,1.43,248.3,21.77,33.88,0.8,0.77,93.81
2017-07-03,PLEIKU,14.005,108.017,1.35,24.28,27.61,22.38,22.52,24.29,90.6,18.26,93.94,1.41,252.0,19.25,35.09,0.78,0.77,87.7
2017-07-04,PLEIKU,14.005,108.017,12.18,23.64,26.76,21.64,22.29,23.67,92.54,18.0,93.96,1.39,256.1,19.67,34.09,0.82,0.77,90.92
2017-07-05,PLEIKU,14.005,108.017,4.5,22.76,25.2,20.63,21.28,22.52,91.59,16.91,94.07,1.24,258.9,16.77,34.15,0.81,0.78,99.39
2017-07-06,PLEIKU,14.005,108.017,4.81,22.78,24.72,21.26,21.66,22.78,93.64,17.3,94.05,1.78,240.0,13.36,33.9,0.8,0.78,99.51
2017-07-07,PLEIKU,14.005,108.017,3.48,23.25,26.53,21.36,21.74,23.29,91.77,17.37,94.1,1.59,245.4,19.15,33.94,0.8,0.78,93.84
2017-07-08,PLEIKU,14.005,108.017,1.66,23.81,27.21,21.63,22.01,23.62,90.32,17.67,94.13,1.41,253.3,22.57,33.9,0.79,0.77,78.82
2017-07-09,PLEIKU,14.005,108.017,1.24,24.42,28.46,21.75,22.29,24.45,88.89,17.98,94.09,1.25,256.7,22.08,34.19,0.78,0.77,67.52
2017-07-10,PLEIKU,14.005,108.017,6.11,23.85,26.95,21.9,22.43,23.87,92.22,18.15,93.97,1.57,252.6,18.82,34.95,0.8,0.77,84.9
2017-07-11,PLEIKU,14.005,108.017,6.09,23.63,27.27,21.03,21.79,23.53,90.04,17.46,93.99,1.11,226.6,18.51,34.3,0.8,0.77,88.49
2017-07-12,PLEIKU,14.005,108.017,9.71,23.44,26.32,21.63,22.17,23.47,92.87,17.87,93.96,1.69,233.6,18.58,34.81,0.82,0.78,94.72
2017-07-13,PLEIKU,14.005,108.017,26.41,22.83,25.4,21.32,21.86,22.84,94.42,17.54,93.89,1.78,258.2,13.55,34.18,0.89,0.81,99.63
2017-07-14,PLEIKU,14.005,108.017,28.25,22.28,23.79,21.21,21.36,22.29,94.61,17.03,93.81,2.32,246.2,11.87,34.06,0.9,0.83,99.53
2017-07-15,PLEIKU,14.005,108.017,28.65,22.33,24.46,21.04,21.39,22.31,94.52,17.09,93.61,2.77,235.6,8.46,34.25,0.91,0.85,99.26
2017-07-16,PLEIKU,14.005,108.017,23.2,21.26,22.8,20.03,20.47,21.25,95.28,16.16,93.6,2.76,232.9,7.7,34.29,0.92,0.87,99.14
2017-07-17,PLEIKU,14.005,108.017,15.87,22.65,24.69,20.9,21.4,22.66,92.89,17.05,93.95,2.49,241.2,14.24,34.19,0.9,0.87,99.53
2017-07-18,PLEIKU,14.005,108.017,7.77,23.41,27.29,21.38,21.72,23.46,90.94,17.36,94.07,1.68,246.8,14.16,34.53,0.87,0.85,99.09
2017-07-19,PLEIKU,14.005,108.017,35.47,23.2,26.26,21.01,22.16,23.19,94.05,17.89,93.82,1.72,235.0,15.35,34.99,0.9,0.86,99.36
2017-07-20,PLEIKU,14.005,108.017,30.54,22.67,24.54,20.93,21.93,22.69,95.63,17.64,93.84,1.64,234.8,17.77,33.9,0.93,0.88,98.58
2017-07-21,PLEIKU,14.005,108.017,21.34,22.88,25.19,21.24,22.09,22.9,95.38,17.77,94.0,1.45,245.6,15.78,34.69,0.93,0.89,96.8
2017-07-22,PLEIKU,14.005,108.017,28.34,23.14,26.52,20.63,21.87,23.17,92.89,17.54,94.03,2.16,249.6,14.96,34.39,0.94,0.9,94.71
2017-07-23,PLEIKU,14.005,108.017,10.21,23.35,26.88,21.35,21.74,23.4,91.22,17.45,93.81,2.03,259.7,13.15,34.57,0.9,0.89,99.62
2017-07-24,PLEIKU,14.005,108.017,24.55,23.14,24.56,22.12,22.55,23.12,96.42,18.37,93.53,2.56,249.7,8.47,34.45,0.93,0.89,99.0
2017-07-25,PLEIKU,14.005,108.017,43.39,22.3,24.41,20.8,21.67,22.28,96.19,17.43,93.49,2.63,234.9,5.89,33.92,0.96,0.92,98.9
2017-07-26,PLEIKU,14.005,108.017,38.39,23.06,24.82,21.26,22.14,23.06,94.66,17.91,93.65,2.33,236.2,11.25,34.38,0.96,0.94,98.87
2017-07-27,PLEIKU,14.005,108.017,20.51,23.56,26.91,21.29,22.02,23.59,91.56,17.74,93.77,2.53,240.7,13.82,34.62,0.94,0.93,97.98
2017-07-28,PLEIKU,14.005,108.017,11.48,24.11,27.29,22.21,22.43,24.14,90.99,18.2,93.85,2.47,240.4,18.18,34.76,0.93,0.93,91.65
2017-07-29,PLEIKU,14.005,108.017,7.3,23.23,26.08,21.71,22.25,23.24,94.36,17.98,93.79,2.21,255.3,12.78,34.58,0.92,0.93,96.7
2017-07-30,PLEIKU,14.005,108.017,7.8,24.17,26.92,22.53,22.82,24.19,92.51,18.64,93.72,2.56,245.9,16.2,34.99,0.92,0.92,85.67
2017-07-31,PLEIKU,14.005,108.017,5.38,24.58,27.93,22.66,22.88,24.6,90.82,18.69,93.8,2.7,251.7,17.41,34.87,0.91,0.92,91.81
2017-08-01,PLEIKU,14.005,108.017,4.79,24.29,26.49,22.65,23.03,24.3,92.91,18.85,93.89,2.6,251.1,16.5,35.65,0.91,0.92,88.93
2017-08-02,PLEIKU,14.005,108.017,7.73,24.57,27.95,22.47,22.95,24.6,91.26,18.78,93.78,2.47,253.5,20.08,34.71,0.91,0.92,82.17
2017-08-03,PLEIKU,14.005,108.017,17.13,24.3,27.31,22.56,22.85,24.32,92.07,18.7,93.65,2.71,249.1,16.83,35.24,0.93,0.92,92.28
2017-08-04,PLEIKU,14.005,108.017,12.75,23.82,26.53,22.48,22.66,23.83,93.48,18.46,93.71,2.41,248.0,14.76,35.18,0.93,0.93,97.85
2017-08-05,PLEIKU,14.005,108.017,4.23,23.3,25.82,21.43,22.12,23.31,93.38,17.82,93.93,1.73,238.7,18.32,34.82,0.92,0.93,93.96
2017-08-06,PLEIKU,14.005,108.017,5.18,23.45,27.24,21.31,21.69,23.47,90.55,17.33,94.07,1.44,266.5,17.69,34.81,0.92,0.93,95.82
2017-08-07,PLEIKU,14.005,108.017,3.53,23.89,28.1,20.71,22.2,23.79,90.86,17.9,94.1,1.3,284.9,18.86,34.24,0.91,0.93,81.92
2017-08-08,PLEIKU,14.005,108.017,0.01,25.16,29.64,22.31,22.62,25.18,87.02,18.34,94.09,1.55,263.0,23.05,33.63,0.91,0.92,46.02
2017-08-09,PLEIKU,14.005,108.017,0.02,24.56,27.66,22.41,23.07,24.54,91.66,18.86,94.07,1.57,260.3,24.98,33.82,0.9,0.91,36.56
2017-08-10,PLEIKU,14.005,108.017,0.06,24.84,28.57,22.25,22.8,24.85,89.28,18.56,94.01,1.53,260.1,24.14,33.68,0.9,0.91,39.51
2017-08-11,PLEIKU,14.005,108.017,0.28,24.93,29.03,22.09,22.85,24.91,89.1,18.62,94.01,1.27,253.3,23.09,34.27,0.9,0.91,80.92
2017-08-12,PLEIKU,14.005,108.017,1.82,25.46,29.9,22.13,23.0,25.25,87.33,18.8,94.04,1.15,234.0,24.13,33.62,0.9,0.9,30.05
2017-08-13,PLEIKU,14.005,108.017,7.64,26.0,30.66,22.38,23.1,25.92,85.58,18.93,94.07,1.11,240.7,24.54,33.61,0.9,0.9,36.71
2017-08-14,PLEIKU,14.005,108.017,10.34,25.0,28.82,22.27,23.24,25.0,90.63,19.09,94.03,1.22,226.6,22.95,34.22,0.92,0.91,62.09
2017-08-15,PLEIKU,14.005,108.017,14.07,24.14,27.57,21.9,22.36,24.16,90.41,18.07,93.97,1.51,243.3,22.27,34.06,0.92,0.91,78.35
2017-08-16,PLEIKU,14.005,108.017,5.73,23.46,26.41,21.41,21.76,23.14,90.61,17.47,93.9,0.83,200.7,13.92,33.88,0.92,0.92,99.28
2017-08-17,PLEIKU,14.005,108.017,7.26,24.01,29.08,20.73,21.38,24.06,86.62,17.05,93.86,1.34,97.6,19.03,34.76,0.91,0.92,92.17
2017-08-18,PLEIKU,14.005,108.017,20.23,23.81,27.7,21.73,21.85,23.77,89.62,17.54,93.9,1.07,86.6,14.99,34.38,0.94,0.93,87.64
2017-08-19,PLEIKU,14.005,108.017,3.65,24.22,28.06,21.79,22.45,24.05,90.62,18.22,93.94,1.01,187.5,19.14,34.65,0.91,0.93,91.5
2017-08-20,PLEIKU,14.005,108.017,0.4,25.59,30.73,21.75,22.34,25.52,84.2,18.12,93.88,1.1,214.1,21.13,35.03,0.91,0.92,63.74
2017-08-21,PLEIKU,14.005,108.017,0.4,25.19,29.64,21.84,22.79,25.23,87.65,18.62,93.74,1.17,241.0,22.15,34.77,0.9,0.91,77.39
2017-08-22,PLEIKU,14.005,108.017,9.2,24.62,28.61,22.01,22.67,24.63,89.59,18.48,93.69,2.0,246.7,22.07,34.2,0.91,0.91,94.6
2017-08-23,PLEIKU,14.005,108.017,7.77,23.19,25.45,21.67,22.17,23.2,94.16,17.9,93.79,1.84,234.9,19.38,33.29,0.92,0.92,99.32
2017-08-24,PLEIKU,14.005,108.017,16.23,23.91,27.43,21.77,22.41,23.93,91.9,18.15,93.87,1.74,249.2,20.71,33.79,0.93,0.92,98.61
2017-08-25,PLEIKU,14.005,108.017,15.6,23.09,26.59,20.44,21.89,23.08,93.35,17.6,93.8,1.38,280.1,13.79,34.81,0.94,0.94,99.23
2017-08-26,PLEIKU,14.005,108.017,18.38,23.69,27.06,20.99,21.43,23.69,88.29,17.16,93.62,0.91,226.6,11.47,34.38,0.95,0.94,99.65
2017-08-27,PLEIKU,14.005,108.017,21.76,22.91,25.92,20.69,21.46,22.93,91.98,17.13,93.82,1.58,212.2,13.83,34.54,0.95,0.96,99.04
2017-08-28,PLEIKU,14.005,108.017,4.95,24.24,28.37,21.91,22.0,24.31,88.48,17.7,93.93,1.57,231.4,17.15,33.95,0.93,0.95,99.52
2017-08-29,PLEIKU,14.005,108.017,2.09,23.38,25.88,21.23,21.41,22.69,88.81,17.07,94.0,0.98,212.9,14.77,33.92,0.93,0.95,93.33
2017-08-30,PLEIKU,14.005,108.017,2.67,25.07,29.65,21.77,22.44,25.08,86.79,18.18,94.06,1.08,243.0,19.85,34.4,0.92,0.94,75.37
2017-08-31,PLEIKU,14.005,108.017,5.44,23.61,26.67,20.88,22.37,23.57,93.04,18.09,94.08,1.29,246.4,18.0,34.33,0.93,0.94,80.44
2017-09-01,PLEIKU,14.005,108.017,1.89,25.06,29.22,22.33,22.8,25.1,88.26,18.57,93.98,1.72,251.4,22.69,34.03,0.92,0.94,73.46
2017-09-02,PLEIKU,14.005,108.017,0.61,23.94,27.64,21.62,22.23,23.97,90.8,17.93,93.94,1.61,262.4,21.96,34.47,0.92,0.93,88.02
2017-09-03,PLEIKU,14.005,108.017,1.5,24.91,28.76,22.64,22.83,24.93,89.1,18.61,93.95,1.33,258.3,20.83,34.23,0.91,0.93,96.44
2017-09-04,PLEIKU,14.005,108.017,1.99,24.14,27.0,22.31,22.89,24.14,93.06,18.66,94.03,1.35,246.7,17.12,34.86,0.91,0.93,87.4
2017-09-05,PLEIKU,14.005,108.017,2.02,24.51,28.05,22.34,22.95,24.49,91.58,18.73,94.06,1.48,252.4,20.58,35.12,0.91,0.93,69.64
2017-09-06,PLEIKU,14.005,108.017,2.88,23.83,26.64,21.75,22.58,23.73,93.01,18.3,94.07,1.12,255.9,16.85,34.53,0.91,0.93,91.49
2017-09-07,PLEIKU,14.005,108.017,4.06,23.94,27.1,21.95,22.11,23.38,89.86,17.78,94.14,0.9,300.2,19.44,34.16,0.92,0.93,91.7
2017-09-08,PLEIKU,14.005,108.017,8.42,25.24,29.29,20.8,22.11,24.68,84.08,17.84,94.1,0.76,165.0,22.51,33.98,0.92,0.93,56.66
2017-09-09,PLEIKU,14.005,108.017,3.37,26.33,32.12,22.26,22.16,26.33,80.95,17.93,94.05,1.07,227.4,23.91,33.67,0.91,0.92,45.6
2017-09-10,PLEIKU,14.005,108.017,8.53,25.47,30.28,21.37,22.91,25.39,87.23,18.73,94.11,0.98,333.9,24.19,33.73,0.92,0.92,18.26
2017-09-11,PLEIKU,14.005,108.017,5.9,26.11,32.65,21.31,21.97,25.98,81.11,17.72,94.11,0.71,168.0,25.13,33.57,0.92,0.92,44.03
2017-09-12,PLEIKU,14.005,108.017,3.1,25.45,30.63,22.09,22.33,25.31,84.6,18.06,94.11,0.7,274.4,23.89,33.5,0.91,0.92,83.1
2017-09-13,PLEIKU,14.005,108.017,8.66,25.28,29.49,21.67,21.88,25.08,83.11,17.61,93.91,0.94,0.6,18.85,34.01,0.92,0.92,99.06
2017-09-14,PLEIKU,14.005,108.017,21.28,22.76,25.33,21.02,21.39,22.77,92.27,17.1,93.57,2.56,253.8,3.13,33.75,0.94,0.93,98.9
2017-09-15,PLEIKU,14.005,108.017,20.15,23.68,27.26,21.57,22.18,23.64,91.78,17.9,93.83,2.04,220.6,13.94,33.37,0.95,0.95,99.14
2017-09-16,PLEIKU,14.005,108.017,3.6,24.89,28.85,21.28,22.34,24.7,86.69,18.05,94.17,1.09,211.3,17.51,34.26,0.92,0.94,98.44
2017-09-17,PLEIKU,14.005,108.017,4.26,24.09,27.66,21.68,22.21,24.11,89.96,17.86,94.28,1.33,263.7,16.76,34.38,0.92,0.94,66.94
2017-09-18,PLEIKU,14.005,108.017,12.37,25.1,28.98,22.25,23.2,25.07,90.03,19.02,94.11,0.96,190.2,21.92,34.78,0.93,0.94,49.09
2017-09-19,PLEIKU,14.005,108.017,2.3,25.91,31.51,22.43,22.83,25.88,85.15,18.65,94.0,0.99,146.6,22.6,34.25,0.92,0.94,38.0
2017-09-20,PLEIKU,14.005,108.017,0.26,25.32,30.6,21.04,22.5,25.32,85.87,18.27,93.91,1.19,129.7,23.19,33.4,0.91,0.93,20.07
2017-09-21,PLEIKU,14.005,108.017,13.17,24.81,30.27,21.04,21.77,24.85,85.09,17.48,93.89,1.34,96.2,19.97,34.95,0.93,0.93,87.36
2017-09-22,PLEIKU,14.005,108.017,22.84,24.42,30.16,20.67,21.51,24.38,85.64,17.21,93.97,0.79,90.2,12.45,34.64,0.95,0.95,93.86
2017-09-23,PLEIKU,14.005,108.017,7.58,24.13,27.85,21.24,21.84,23.92,88.26,17.57,94.0,0.73,118.6,17.97,34.62,0.94,0.95,91.39
2017-09-24,PLEIKU,14.005,108.017,10.93,24.03,28.23,20.94,22.08,24.02,89.84,17.82,93.88,1.19,193.3,13.63,34.26,0.94,0.95,97.02
2017-09-25,PLEIKU,14.005,108.017,1.59,23.38,26.15,21.26,21.61,22.98,90.22,17.26,93.95,1.39,234.7,18.58,34.03,0.93,0.95,63.28
2017-09-26,PLEIKU,14.005,108.017,1.27,24.87,28.68,22.19,22.4,24.43,86.95,18.13,94.08,0.67,202.5,21.34,34.16,0.92,0.94,64.18
2017-09-27,PLEIKU,14.005,108.017,6.03,24.77,29.97,21.06,22.47,24.75,88.39,18.24,94.01,0.86,90.0,20.26,34.37,0.93,0.94,65.07
2017-09-28,PLEIKU,14.005,108.017,1.83,25.48,31.19,22.0,21.95,25.36,83.17,17.7,93.98,0.71,193.7,19.49,34.55,0.92,0.94,65.97
2017-09-29,PLEIKU,14.005,108.017,10.79,25.49,31.24,21.4,21.9,25.52,83.0,17.6,94.12,1.07,107.2,20.79,34.52,0.93,0.94,53.07
2017-09-30,PLEIKU,14.005,108.017,18.09,24.46,28.63,21.67,21.86,24.36,86.8,17.52,94.2,0.85,101.9,18.85,34.07,0.95,0.95,91.2
2017-10-01,PLEIKU,14.005,108.017,19.97,24.79,29.78,21.39,21.81,24.66,85.85,17.56,94.06,0.76,83.2,19.21,34.52,0.95,0.95,90.52
2017-10-02,PLEIKU,14.005,108.017,23.68,22.96,26.53,20.56,21.5,22.95,92.02,17.16,93.96,1.38,77.4,10.29,34.36,0.96,0.97,99.11
2017-10-03,PLEIKU,14.005,108.017,24.3,22.01,24.24,20.1,21.19,21.88,95.11,16.8,94.12,1.2,131.1,10.55,34.08,0.97,0.98,98.69
2017-10-04,PLEIKU,14.005,108.017,6.75,23.96,28.23,20.55,21.53,23.97,87.69,17.17,94.2,0.92,93.0,17.85,34.63,0.95,0.98,83.08
2017-10-05,PLEIKU,14.005,108.017,1.83,25.08,30.9,20.63,21.17,25.06,81.9,16.86,94.11,0.78,54.9,20.65,33.96,0.94,0.97,55.38
2017-10-06,PLEIKU,14.005,108.017,11.25,23.28,27.44,20.55,21.19,23.31,89.09,16.82,94.08,0.92,52.6,17.01,34.83,0.95,0.97,87.36
2017-10-07,PLEIKU,14.005,108.017,7.07,23.37,28.21,20.19,21.77,23.4,91.42,17.45,94.02,1.39,74.3,18.47,34.34,0.95,0.97,53.01
2017-10-08,PLEIKU,14.005,108.017,15.63,23.99,28.91,20.65,21.99,24.02,89.63,17.71,93.9,1.39,46.7,16.05,34.4,0.96,0.98,85.71
2017-10-09,PLEIKU,14.005,108.017,4.36,24.78,29.42,22.04,22.49,24.72,88.26,18.31,93.7,1.04,265.3,7.89,34.74,0.95,0.97,99.16
2017-10-10,PLEIKU,14.005,108.017,3.78,24.07,27.25,21.86,22.13,24.0,89.62,17.87,93.84,1.12,108.3,15.4,34.4,0.94,0.97,94.65
2017-10-11,PLEIKU,14.005,108.017,3.66,24.26,29.09,20.87,21.83,24.29,87.68,17.52,93.99,0.94,91.2,14.43,34.13,0.94,0.97,77.43
2017-10-12,PLEIKU,14.005,108.017,3.67,24.27,29.36,20.7,21.71,24.3,86.96,17.41,93.91,1.29,42.6,14.36,34.31,0.94,0.97,78.34
2017-10-13,PLEIKU,14.005,108.017,6.34,23.63,27.57,20.65,22.24,23.6,92.38,18.01,93.81,1.39,58.3,14.28,33.98,0.94,0.97,99.15
2017-10-14,PLEIKU,14.005,108.017,2.13,24.83,30.15,21.48,21.81,24.84,85.18,17.56,93.73,0.84,253.3,15.87,33.95,0.93,0.96,99.24
2017-10-15,PLEIKU,14.005,108.017,0.25,24.04,28.77,20.74,21.05,23.94,85.13,16.74,93.78,1.19,273.1,17.52,32.51,0.93,0.95,99.04
2017-10-16,PLEIKU,14.005,108.017,7.51,23.44,27.59,19.48,21.32,23.39,88.8,17.02,93.86,1.34,324.5,15.58,34.12,0.93,0.95,88.73
2017-10-17,PLEIKU,14.005,108.017,9.05,22.05,24.76,19.48,20.45,21.73,90.96,16.07,94.07,0.77,31.1,12.62,33.92,0.95,0.96,82.61
2017-10-18,PLEIKU,14.005,108.017,9.16,23.47,28.3,20.61,21.42,23.48,89.35,17.07,94.06,1.07,37.3,11.83,34.42,0.94,0.96,97.96
2017-10-19,PLEIKU,14.005,108.017,32.42,22.84,26.42,19.79,22.03,22.83,95.31,17.76,94.07,1.48,38.7,10.13,34.26,0.97,0.98,95.96
2017-10-20,PLEIKU,14.005,108.017,3.1,23.51,29.6,18.99,21.31,23.57,88.74,16.97,94.15,1.08,46.0,12.11,34.97,0.94,0.97,74.56
2017-10-21,PLEIKU,14.005,108.017,0.08,24.05,29.69,20.15,20.44,24.08,82.25,16.05,94.15,1.08,63.7,19.11,33.45,0.94,0.96,43.72
2017-10-22,PLEIKU,14.005,108.017,5.99,23.72,29.62,19.83,20.81,23.75,85.47,16.42,94.15,1.32,67.1,16.81,34.69,0.94,0.96,71.84
2017-10-23,PLEIKU,14.005,108.017,2.1,23.09,29.13,18.91,20.6,23.12,87.23,16.19,94.31,1.99,60.9,14.76,34.72,0.93,0.96,74.95
2017-10-24,PLEIKU,14.005,108.017,4.6,22.7,28.76,19.12,19.96,22.74,86.04,15.51,94.45,1.91,56.4,13.08,34.19,0.93,0.95,83.83
2017-10-25,PLEIKU,14.005,108.017,11.38,22.3,27.31,19.03,20.24,22.31,89.21,15.78,94.47,2.29,55.4,12.82,34.03,0.94,0.96,93.75
2017-10-26,PLEIKU,14.005,108.017,3.68,21.93,27.17,18.11,19.66,21.93,87.85,15.25,94.35,2.38,46.4,10.7,34.17,0.93,0.95,88.9
2017-10-27,PLEIKU,14.005,108.017,0.09,21.36,26.96,17.87,18.51,21.36,85.31,14.18,94.24,2.27,50.4,10.68,33.46,0.92,0.94,65.09
2017-10-28,PLEIKU,14.005,108.017,0.11,21.48,26.95,18.08,18.63,21.48,85.17,14.28,94.35,2.4,55.3,15.11,33.3,0.91,0.93,58.14
2017-10-29,PLEIKU,14.005,108.017,0.29,21.15,26.09,18.22,18.08,21.12,83.83,13.77,94.42,3.02,52.9,17.03,32.17,0.91,0.93,61.78
2017-10-30,PLEIKU,14.005,108.017,6.78,21.48,24.88,19.61,19.13,21.47,87.35,14.73,94.34,2.88,55.3,12.54,33.85,0.91,0.92,85.51
2017-10-31,PLEIKU,14.005,108.017,20.49,22.86,26.56,21.1,21.01,22.84,89.84,16.58,94.21,3.18,60.9,6.23,34.28,0.94,0.93,99.6
2017-11-01,PLEIKU,14.005,108.017,30.21,21.68,24.42,19.49,20.71,21.63,94.19,16.31,94.18,2.66,61.5,5.33,33.54,0.96,0.96,99.25
2017-11-02,PLEIKU,14.005,108.017,0.85,20.55,26.8,15.97,17.84,20.51,85.83,13.67,94.05,2.45,38.0,13.58,31.6,0.92,0.95,96.29
2017-11-03,PLEIKU,14.005,108.017,19.52,21.66,25.44,18.72,19.17,21.67,86.35,14.85,93.85,3.19,21.4,7.86,33.98,0.94,0.94,98.81
2017-11-04,PLEIKU,14.005,108.017,89.91,23.08,24.61,22.05,22.1,22.98,94.21,17.84,93.81,4.31,70.8,3.09,33.96,0.99,0.97,99.2
2017-11-05,PLEIKU,14.005,108.017,20.81,22.11,24.77,19.96,21.48,22.05,96.17,17.14,94.09,2.56,63.9,4.39,34.68,0.97,0.98,98.34
2017-11-06,PLEIKU,14.005,108.017,9.05,22.63,25.13,20.86,21.62,22.6,94.24,17.28,94.04,1.61,55.1,6.73,34.64,0.96,0.98,95.72
2017-11-07,PLEIKU,14.005,108.017,3.79,22.74,26.43,20.17,21.5,22.73,93.08,17.14,94.13,1.78,62.4,13.97,34.03,0.95,0.97,82.4
2017-11-08,PLEIKU,14.005,108.017,7.34,22.54,27.04,19.79,20.72,22.54,90.28,16.31,94.13,2.04,66.0,10.53,34.96,0.95,0.97,84.8
2017-11-09,PLEIKU,14.005,108.017,1.59,22.61,26.79,20.07,20.77,22.62,90.02,16.36,94.12,2.14,63.5,12.29,34.24,0.94,0.97,97.49
2017-11-10,PLEIKU,14.005,108.017,0.61,22.53,26.59,19.9,20.66,22.53,89.72,16.25,94.15,2.15,59.2,9.81,33.96,0.94,0.96,92.39
2017-11-11,PLEIKU,14.005,108.017,1.51,23.09,28.43,19.61,21.07,23.12,89.26,16.7,94.1,1.81,62.7,12.99,33.84,0.93,0.96,93.95
2017-11-12,PLEIKU,14.005,108.017,0.5,23.65,29.05,19.97,21.16,23.67,87.29,16.81,94.02,1.24,64.1,15.73,32.68,0.93,0.95,44.76
2017-11-13,PLEIKU,14.005,108.017,0.16,23.49,28.24,20.29,21.11,23.42,87.68,16.75,94.05,0.89,68.1,19.14,32.41,0.93,0.95,29.61
2017-11-14,PLEIKU,14.005,108.017,4.8,23.09,27.95,20.17,21.12,23.09,89.51,16.72,94.16,1.81,70.8,16.59,33.9,0.93,0.94,81.18
2017-11-15,PLEIKU,14.005,108.017,3.6,22.74,25.86,20.87,21.7,22.74,94.05,17.32,94.26,1.99,71.8,6.89,33.97,0.93,0.95,75.26
2017-11-16,PLEIKU,14.005,108.017,1.28,23.59,28.33,20.06,21.66,23.58,89.86,17.28,94.24,1.6,75.2,12.56,33.99,0.92,0.94,66.94
2017-11-17,PLEIKU,14.005,108.017,2.63,23.4,27.94,20.06,21.23,23.38,88.69,16.86,94.1,0.98,64.8,18.0,32.82,0.92,0.94,97.46
2017-11-18,PLEIKU,14.005,108.017,12.65,22.91,27.82,20.26,21.06,22.9,90.17,16.68,94.05,1.61,54.4,16.63,33.49,0.93,0.94,97.51
2017-11-19,PLEIKU,14.005,108.017,35.05,22.84,25.2,20.73,21.69,22.81,93.38,17.34,94.07,3.09,67.2,2.79,33.85,0.97,0.96,92.33
2017-11-20,PLEIKU,14.005,108.017,8.69,22.92,27.4,20.61,21.05,22.94,90.02,16.62,94.25,2.02,73.9,13.45,33.52,0.94,0.96,65.19
2017-11-21,PLEIKU,14.005,108.017,5.39,22.16,25.39,19.98,21.06,22.15,93.73,16.65,94.2,1.84,67.0,11.05,34.92,0.94,0.96,90.66
2017-11-22,PLEIKU,14.005,108.017,11.55,22.69,25.95,20.29,21.66,22.68,94.05,17.31,94.15,2.32,60.1,8.16,34.21,0.94,0.96,94.35
2017-11-23,PLEIKU,14.005,108.017,13.52,21.58,25.43,19.1,20.03,21.53,91.14,15.63,94.24,3.22,54.0,6.32,34.06,0.95,0.96,98.99
2017-11-24,PLEIKU,14.005,108.017,8.09,21.49,26.2,18.97,19.43,21.46,88.49,15.05,94.33,3.51,52.1,8.11,34.37,0.94,0.96,93.94
2017-11-25,PLEIKU,14.005,108.017,7.4,21.69,25.58,19.47,20.05,21.66,90.68,15.62,94.42,2.97,51.5,8.07,33.54,0.94,0.96,82.96
2017-11-26,PLEIKU,14.005,108.017,3.13,22.25,26.99,19.58,20.19,22.22,88.63,15.77,94.32,3.16,53.8,7.95,33.96,0.93,0.95,92.04
2017-11-27,PLEIKU,14.005,108.017,6.9,22.2,26.68,19.65,20.38,22.18,90.09,15.97,94.18,2.54,53.9,8.08,34.12,0.93,0.95,98.78
2017-11-28,PLEIKU,14.005,108.017,1.99,22.08,26.19,19.46,20.15,22.05,89.51,15.72,94.25,2.56,59.0,10.4,33.94,0.93,0.95,99.48
2017-11-29,PLEIKU,14.005,108.017,0.97,21.46,25.7,18.97,19.6,21.42,89.82,15.19,94.24,2.63,59.0,9.28,33.35,0.92,0.94,98.17
2017-11-30,PLEIKU,14.005,108.017,1.16,21.72,26.1,19.03,19.33,21.69,87.05,14.94,94.18,2.64,50.9,12.7,33.02,0.92,0.94,89.76
2017-12-01,PLEIKU,14.005,108.017,9.56,22.16,26.33,19.79,20.04,22.14,88.48,15.62,94.19,3.08,52.1,9.64,34.73,0.92,0.93,98.19
2017-12-02,PLEIKU,14.005,108.017,15.47,22.56,26.49,20.31,21.19,22.54,92.31,16.78,94.23,2.7,67.8,6.99,34.44,0.94,0.94,97.66
2017-12-03,PLEIKU,14.005,108.017,25.59,22.63,26.5,20.54,21.38,22.61,92.94,16.99,94.24,2.76,65.2,4.95,34.29,0.96,0.95,98.89
2017-12-04,PLEIKU,14.005,108.017,5.55,21.97,26.1,19.38,20.27,21.92,90.41,15.86,94.25,3.13,59.7,7.74,34.03,0.93,0.95,87.19
2017-12-05,PLEIKU,14.005,108.017,0.82,20.51,25.3,17.46,18.18,20.5,87.11,13.88,94.34,3.06,60.4,6.85,33.97,0.92,0.94,81.88
2017-12-06,PLEIKU,14.005,108.017,0.24,20.97,26.21,17.65,18.49,20.99,86.96,14.16,94.35,2.06,64.7,11.17,33.4,0.92,0.94,71.04
2017-12-07,PLEIKU,14.005,108.017,0.65,21.2,26.53,17.65,18.99,21.23,88.07,14.61,94.43,2.2,66.9,8.9,34.17,0.92,0.93,94.93
2017-12-08,PLEIKU,14.005,108.017,0.3,18.97,24.35,15.1,16.13,18.94,84.32,12.19,94.47,3.09,54.4,7.18,33.04,0.91,0.93,92.04
2017-12-09,PLEIKU,14.005,108.017,0.0,17.74,23.42,13.9,15.02,17.76,85.46,11.33,94.46,2.15,55.5,8.1,31.85,0.91,0.92,77.52
2017-12-10,PLEIKU,14.005,108.017,0.0,19.58,25.97,15.37,16.55,19.65,84.04,12.53,94.47,1.68,60.0,14.12,32.59,0.9,0.91,62.86
2017-12-11,PLEIKU,14.005,108.017,0.02,20.72,26.32,17.07,18.0,20.79,85.59,13.74,94.44,1.57,66.5,13.37,33.33,0.9,0.91,72.38
2017-12-12,PLEIKU,14.005,108.017,0.01,21.25,26.9,17.33,18.49,21.34,85.54,14.17,94.37,1.07,66.9,11.78,33.87,0.9,0.91,73.52
2017-12-13,PLEIKU,14.005,108.017,0.0,21.67,27.99,17.13,18.76,21.73,85.14,14.43,94.32,1.36,60.7,16.79,32.21,0.89,0.9,73.86
2017-12-14,PLEIKU,14.005,108.017,0.15,21.29,27.21,17.62,18.49,21.34,85.64,14.16,94.33,1.61,50.9,17.39,31.51,0.89,0.9,57.93
2017-12-15,PLEIKU,14.005,108.017,0.65,21.12,26.29,17.79,18.56,21.11,86.32,14.22,94.43,2.32,54.6,14.34,32.35,0.89,0.89,64.91
2017-12-16,PLEIKU,14.005,108.017,2.69,19.35,24.55,14.89,17.0,19.29,87.05,12.88,94.63,3.26,54.8,12.25,32.26,0.89,0.89,77.75
2017-12-17,PLEIKU,14.005,108.017,0.97,15.77,21.23,12.52,12.97,15.76,84.24,9.9,94.75,3.06,38.8,7.74,30.84,0.88,0.89,80.66
2017-12-18,PLEIKU,14.005,108.017,0.16,14.53,19.25,11.45,10.65,14.54,78.35,8.47,94.76,3.22,34.7,10.7,29.86,0.88,0.88,73.58
2017-12-19,PLEIKU,14.005,108.017,0.0,13.64,18.82,10.82,9.22,13.66,75.53,7.69,94.73,3.39,32.4,12.15,28.17,0.88,0.88,79.14
2017-12-20,PLEIKU,14.005,108.017,0.01,14.8,18.59,12.61,10.94,14.85,78.29,8.64,94.73,3.89,36.0,10.94,30.48,0.87,0.87,90.45
2017-12-21,PLEIKU,14.005,108.017,0.01,18.17,21.96,15.49,15.05,18.19,82.69,11.36,94.52,3.58,44.4,9.04,32.42,0.87,0.87,81.84
2017-12-22,PLEIKU,14.005,108.017,0.01,20.41,25.09,17.87,17.81,20.39,85.94,13.55,94.35,2.71,55.5,8.89,32.79,0.87,0.87,71.84
2017-12-23,PLEIKU,14.005,108.017,0.02,21.23,27.04,17.64,18.51,21.23,85.79,14.2,94.22,2.35,54.2,10.79,33.93,0.86,0.86,79.85
2017-12-24,PLEIKU,14.005,108.017,0.21,20.4,25.95,16.53,16.78,20.35,80.42,12.75,94.24,3.77,48.3,9.11,32.34,0.86,0.86,94.35
2017-12-25,PLEIKU,14.005,108.017,6.34,18.07,21.31,16.44,15.81,18.04,86.98,11.94,94.22,3.6,45.9,7.59,32.19,0.87,0.86,99.0
2017-12-26,PLEIKU,14.005,108.017,17.15,21.08,24.67,18.41,19.82,21.07,92.75,15.4,94.32,2.68,64.2,6.12,34.44,0.91,0.88,98.61
2017-12-27,PLEIKU,14.005,108.017,1.13,21.76,26.61,19.22,19.51,21.75,87.87,15.09,94.34,2.76,65.8,6.41,33.69,0.87,0.87,83.78
2017-12-28,PLEIKU,14.005,108.017,2.82,22.0,27.39,18.86,20.07,22.01,89.66,15.63,94.4,2.36,62.3,9.64,33.71,0.87,0.87,89.22
2017-12-29,PLEIKU,14.005,108.017,1.16,21.42,26.1,18.72,19.34,21.4,88.47,14.92,94.47,3.01,62.5,7.72,33.84,0.87,0.87,89.24
2017-12-30,PLEIKU,14.005,108.017,1.37,20.21,25.51,16.86,17.41,20.2,84.81,13.2,94.47,3.41,55.6,7.47,33.55,0.86,0.86,87.96
2017-12-31,PLEIKU,14.005,108.017,1.07,19.03,24.03,16.18,16.18,19.01,84.59,12.21,94.41,3.5,60.0,7.47,32.57,0.86,0.86,94.51
2018-01-01,PLEIKU,14.005,108.017,0.56,18.85,23.92,15.88,16.16,18.85,85.49,12.2,94.29,2.77,58.0,8.87,31.98,0.86,0.85,91.83
2018-01-02,PLEIKU,14.005,108.017,0.59,19.89,24.99,17.23,17.44,19.91,86.93,13.24,94.26,2.39,60.8,11.14,32.14,0.85,0.85,94.65
2018-01-03,PLEIKU,14.005,108.017,1.46,21.2,26.7,18.03,18.9,21.22,87.86,14.55,94.17,2.24,59.2,13.27,32.87,0.85,0.85,80.11
2018-01-04,PLEIKU,14.005,108.017,5.1,22.1,27.2,19.15,20.43,22.13,91.04,16.05,94.08,1.86,54.9,9.21,34.06,0.86,0.85,96.26
2018-01-05,PLEIKU,14.005,108.017,1.76,22.89,28.28,19.19,20.86,22.92,89.47,16.49,94.07,1.36,82.1,10.22,33.67,0.86,0.85,68.8
2018-01-06,PLEIKU,14.005,108.017,0.0,23.57,29.27,19.5,20.85,23.62,86.16,16.46,94.11,1.4,107.8,13.91,33.43,0.85,0.85,71.27
2018-01-07,PLEIKU,14.005,108.017,0.0,23.56,28.91,19.61,20.59,23.53,85.0,16.18,94.22,1.12,116.4,17.9,32.17,0.85,0.84,86.58
2018-01-08,PLEIKU,14.005,108.017,0.19,24.07,30.57,19.43,20.43,23.97,82.44,16.02,94.32,1.07,78.7,18.56,33.81,0.84,0.84,52.69
2018-01-09,PLEIKU,14.005,108.017,0.08,19.48,26.29,14.79,15.65,19.49,79.45,11.89,94.53,2.81,51.5,9.71,32.51,0.84,0.83,74.59
2018-01-10,PLEIKU,14.005,108.017,0.0,17.25,23.02,13.66,13.6,17.28,79.73,10.34,94.64,3.07,49.6,10.35,31.84,0.84,0.83,75.12
2018-01-11,PLEIKU,14.005,108.017,0.35,16.64,21.25,13.98,13.16,16.67,80.52,10.01,94.65,3.17,45.8,9.73,31.64,0.84,0.83,82.25
2018-01-12,PLEIKU,14.005,108.017,0.44,16.33,20.85,14.09,13.37,16.35,83.31,10.14,94.63,3.28,51.0,9.16,31.61,0.83,0.83,86.47
2018-01-13,PLEIKU,14.005,108.017,1.58,17.7,22.56,15.24,14.82,17.72,84.46,11.16,94.53,2.96,55.2,10.3,31.95,0.83,0.83,78.67
2018-01-14,PLEIKU,14.005,108.017,2.22,18.52,22.96,16.04,16.13,18.51,86.81,12.16,94.44,2.78,56.2,9.86,31.8,0.83,0.83,92.75
2018-01-15,PLEIKU,14.005,108.017,0.53,19.27,24.77,15.91,16.69,19.3,86.13,12.64,94.3,2.27,62.7,10.96,32.02,0.83,0.82,84.06
2018-01-16,PLEIKU,14.005,108.017,0.0,19.95,26.61,15.32,16.64,20.0,83.0,12.63,94.22,1.6,66.0,14.85,32.5,0.83,0.82,83.05
2018-01-17,PLEIKU,14.005,108.017,0.0,19.07,25.63,14.29,15.59,19.12,82.13,11.8,94.23,1.93,56.4,12.97,31.4,0.82,0.82,95.98
2018-01-18,PLEIKU,14.005,108.017,0.01,19.01,24.72,15.63,15.56,19.04,81.47,11.78,94.26,2.14,56.0,17.52,31.96,0.82,0.81,87.46
2018-01-19,PLEIKU,14.005,108.017,0.55,20.93,26.67,17.49,18.14,20.97,85.55,13.87,94.27,2.27,58.0,9.28,33.64,0.82,0.81,88.28
2018-01-20,PLEIKU,14.005,108.017,1.21,21.41,26.45,18.06,19.19,21.43,88.18,14.82,94.21,2.14,68.0,7.6,33.69,0.82,0.81,97.53
2018-01-21,PLEIKU,14.005,108.017,0.03,21.36,27.39,17.26,18.19,21.4,83.68,13.93,94.12,2.06,58.9,11.95,33.61,0.81,0.81,82.93
2018-01-22,PLEIKU,14.005,108.017,0.57,21.87,27.99,17.95,18.88,21.94,84.48,14.56,94.07,2.03,61.3,10.57,33.62,0.81,0.8,85.93
2018-01-23,PLEIKU,14.005,108.017,1.48,21.82,27.69,18.14,19.27,21.88,86.79,14.92,94.06,1.86,67.0,11.32,34.21,0.81,0.8,88.05
2018-01-24,PLEIKU,14.005,108.017,1.58,21.89,27.82,18.33,19.5,21.95,87.63,15.15,94.01,1.77,75.0,9.59,34.11,0.81,0.8,94.23
2018-01-25,PLEIKU,14.005,108.017,0.23,21.18,26.29,17.66,18.65,21.22,86.78,14.35,94.06,1.89,70.6,12.31,32.81,0.81,0.8,82.18
2018-01-26,PLEIKU,14.005,108.017,1.9,21.53,27.36,18.53,18.54,21.57,85.03,14.23,94.1,1.96,62.2,13.86,32.93,0.8,0.79,95.57
2018-01-27,PLEIKU,14.005,108.017,4.41,21.9,27.63,18.75,19.84,21.96,89.14,15.45,94.12,1.72,73.6,8.77,33.89,0.82,0.8,90.4
2018-01-28,PLEIKU,14.005,108.017,0.18,22.79,29.05,18.04,19.69,22.86,84.37,15.33,94.13,1.36,65.0,17.52,32.76,0.81,0.8,99.24
2018-01-29,PLEIKU,14.005,108.017,0.22,20.82,28.51,15.13,17.1,20.85,80.83,13.06,94.3,2.43,56.2,11.56,33.38,0.8,0.79,75.32
2018-01-30,PLEIKU,14.005,108.017,0.01,19.58,25.52,15.65,16.39,19.66,83.22,12.41,94.35,2.04,62.2,11.28,32.64,0.8,0.79,69.95
2018-01-31,PLEIKU,14.005,108.017,0.02,18.83,26.02,12.51,15.51,18.84,82.05,11.84,94.5,2.3,55.5,10.94,33.2,0.79,0.79,80.21
2018-02-01,PLEIKU,14.005,108.017,0.0,17.29,24.13,13.11,13.52,17.42,79.95,10.31,94.54,2.42,62.8,14.29,32.67,0.79,0.78,78.93
2018-02-02,PLEIKU,14.005,108.017,0.0,17.97,24.82,13.93,14.13,18.03,79.55,10.7,94.68,2.71,50.4,11.92,32.09,0.79,0.78,70.41
2018-02-03,PLEIKU,14.005,108.017,0.0,15.59,22.43,10.59,11.84,15.66,80.18,9.19,94.71,2.71,50.1,13.99,30.58,0.78,0.78,60.7
2018-02-04,PLEIKU,14.005,108.017,0.1,15.88,22.83,11.64,12.19,15.98,80.97,9.39,94.74,2.37,48.6,16.02,29.83,0.78,0.77,55.46
2018-02-05,PLEIKU,14.005,108.017,0.09,15.06,22.3,9.05,11.39,15.13,80.55,8.93,94.8,2.53,46.7,11.04,30.54,0.78,0.77,72.19
2018-02-06,PLEIKU,14.005,108.017,0.0,14.66,21.85,9.5,10.69,14.83,79.39,8.53,94.6,1.87,55.4,15.5,29.83,0.78,0.77,65.47
2018-02-07,PLEIKU,14.005,108.017,0.0,16.46,24.27,11.07,12.22,16.63,78.7,9.47,94.49,1.5,52.0,19.4,30.29,0.78,0.77,64.63
2018-02-08,PLEIKU,14.005,108.017,0.0,17.56,24.8,12.82,13.63,17.69,80.21,10.38,94.39,1.43,69.9,20.83,30.09,0.77,0.76,48.06
2018-02-09,PLEIKU,14.005,108.017,0.0,19.43,26.92,14.07,15.47,19.02,80.28,11.69,94.35,1.07,51.4,21.36,30.28,0.77,0.76,18.41
2018-02-10,PLEIKU,14.005,108.017,0.25,20.92,28.58,14.77,16.67,20.89,79.79,12.64,94.45,1.27,47.9,22.03,31.35,0.77,0.76,38.94
2018-02-11,PLEIKU,14.005,108.017,0.53,19.67,25.91,16.24,16.2,19.73,82.46,12.18,94.68,2.53,53.4,14.92,33.16,0.76,0.75,82.58
2018-02-12,PLEIKU,14.005,108.017,0.45,18.63,24.76,14.3,14.93,18.67,80.85,11.21,94.82,3.12,55.9,9.83,33.12,0.76,0.75,86.59
2018-02-13,PLEIKU,14.005,108.017,0.11,16.96,23.91,11.42,13.44,17.06,81.93,10.2,94.79,2.34,57.3,11.51,29.81,0.76,0.75,48.54
2018-02-14,PLEIKU,14.005,108.017,0.0,19.57,27.74,14.42,14.42,19.0,75.82,10.93,94.59,1.11,75.7,24.02,28.02,0.76,0.75,4.45
2018-02-15,PLEIKU,14.005,108.017,0.0,21.74,29.44,15.98,16.68,21.27,76.71,12.64,94.43,1.17,56.1,23.56,29.4,0.75,0.74,6.33
2018-02-16,PLEIKU,14.005,108.017,0.0,21.96,30.04,15.82,17.49,22.02,79.15,13.35,94.3,1.35,49.6,23.43,29.94,0.75,0.74,13.85
2018-02-17,PLEIKU,14.005,108.017,0.1,22.1,28.62,18.43,17.91,22.2,80.08,13.7,94.31,1.77,69.1,19.23,32.46,0.75,0.74,58.3
2018-02-18,PLEIKU,14.005,108.017,0.49,22.29,28.2,18.44,19.52,22.37,85.68,15.11,94.34,2.09,76.6,10.69,34.01,0.75,0.74,80.96
2018-02-19,PLEIKU,14.005,108.017,0.22,21.54,28.29,16.93,18.29,21.63,83.71,13.98,94.34,2.11,78.0,18.82,32.2,0.74,0.73,47.01
2018-02-20,PLEIKU,14.005,108.017,0.06,21.38,29.12,15.57,17.26,21.43,80.78,13.13,94.22,1.78,77.6,22.28,30.84,0.74,0.73,41.14
2018-02-21,PLEIKU,14.005,108.017,0.16,22.85,29.75,18.28,18.32,22.95,79.17,14.09,94.17,1.65,89.8,22.84,31.83,0.73,0.73,39.61
2018-02-22,PLEIKU,14.005,108.017,0.53,22.42,29.29,17.59,18.71,22.52,82.02,14.37,94.26,1.97,78.0,17.05,33.47,0.73,0.72,64.17
2018-02-23,PLEIKU,14.005,108.017,0.84,21.73,28.17,17.56,18.38,21.83,83.36,14.04,94.44,2.32,69.7,15.28,33.03,0.73,0.72,67.96
2018-02-24,PLEIKU,14.005,108.017,0.0,21.92,28.8,16.88,18.13,22.03,81.65,13.82,94.51,1.93,75.8,20.35,32.51,0.73,0.72,51.28
2018-02-25,PLEIKU,14.005,108.017,0.0,21.6,29.15,16.24,17.25,21.71,79.0,13.08,94.42,2.28,62.4,16.77,33.29,0.72,0.71,62.59
2018-02-26,PLEIKU,14.005,108.017,0.3,21.52,28.25,17.08,17.76,21.64,81.52,13.5,94.38,2.48,64.0,17.65,32.76,0.72,0.71,60.45
2018-02-27,PLEIKU,14.005,108.017,0.02,21.45,28.47,16.61,17.17,21.59,79.52,13.02,94.28,2.0,70.3,17.05,32.45,0.71,0.71,55.68
2018-02-28,PLEIKU,14.005,108.017,0.02,23.47,31.02,18.05,18.69,23.64,78.07,14.4,94.18,1.31,70.0,22.23,33.57,0.71,0.71,56.07
2018-03-01,PLEIKU,14.005,108.017,0.08,23.32,28.81,19.43,19.82,23.45,82.61,15.42,94.15,1.38,105.0,19.75,33.24,0.71,0.7,51.17
2018-03-02,PLEIKU,14.005,108.017,0.11,24.58,30.87,20.47,20.44,24.63,80.39,16.07,94.06,1.24,128.2,20.44,34.24,0.71,0.7,56.46
2018-03-03,PLEIKU,14.005,108.017,0.08,24.31,30.98,19.7,20.45,24.41,81.42,16.06,94.06,1.18,117.1,20.45,33.45,0.71,0.7,72.71
2018-03-04,PLEIKU,14.005,108.017,0.04,24.82,31.77,19.38,20.0,24.78,77.58,15.64,94.12,1.1,112.7,21.2,33.39,0.7,0.7,45.95
2018-03-05,PLEIKU,14.005,108.017,2.98,24.06,32.15,18.19,19.05,24.17,77.85,14.73,94.2,1.64,94.8,23.76,32.02,0.71,0.7,18.96
2018-03-06,PLEIKU,14.005,108.017,0.25,23.68,31.1,19.37,19.07,23.81,79.11,14.71,94.3,2.05,92.7,24.78,31.75,0.71,0.7,26.03
2018-03-07,PLEIKU,14.005,108.017,0.0,22.72,30.14,17.22,18.19,22.89,79.08,13.9,94.32,2.02,80.1,22.35,31.89,0.69,0.69,29.67
2018-03-08,PLEIKU,14.005,108.017,0.02,22.28,29.79,16.87,16.61,22.45,73.51,12.57,94.35,2.63,59.6,18.15,33.05,0.69,0.69,66.81
2018-03-09,PLEIKU,14.005,108.017,0.04,19.87,26.33,15.85,15.04,20.06,75.41,11.33,94.52,3.14,48.6,12.12,32.41,0.69,0.69,67.98
2018-03-10,PLEIKU,14.005,108.017,0.0,19.77,27.31,14.45,15.05,19.99,76.5,11.34,94.53,2.84,56.8,11.55,32.44,0.68,0.68,72.47
2018-03-11,PLEIKU,14.005,108.017,0.23,19.93,27.18,14.91,15.43,20.17,78.27,11.61,94.54,2.71,65.6,17.04,32.16,0.68,0.68,66.05
2018-03-12,PLEIKU,14.005,108.017,0.03,20.61,28.7,14.98,15.54,20.87,76.3,11.71,94.46,2.28,67.7,19.87,31.71,0.68,0.68,46.52
2018-03-13,PLEIKU,14.005,108.017,0.08,22.03,30.29,16.44,16.44,22.32,74.77,12.46,94.31,1.74,80.0,24.06,31.64,0.67,0.68,34.02
2018-03-14,PLEIKU,14.005,108.017,1.15,23.01,30.86,17.79,17.91,23.3,76.92,13.68,94.24,1.6,99.4,21.58,33.72,0.67,0.67,68.93
2018-03-15,PLEIKU,14.005,108.017,17.32,21.57,26.37,18.24,19.47,21.68,88.91,15.09,94.28,1.4,97.8,8.59,33.49,0.78,0.7,75.86
2018-03-16,PLEIKU,14.005,108.017,3.84,22.63,28.0,19.09,19.88,22.62,86.1,15.45,94.34,1.17,100.7,21.1,34.32,0.75,0.71,39.55
2018-03-17,PLEIKU,14.005,108.017,0.0,23.47,30.32,18.33,19.28,23.6,79.77,14.88,94.36,1.93,97.1,19.22,33.06,0.71,0.7,37.0
2018-03-18,PLEIKU,14.005,108.017,0.0,23.6,31.31,18.16,18.59,23.71,77.15,14.25,94.33,1.62,91.3,24.21,32.12,0.7,0.7,20.82
2018-03-19,PLEIKU,14.005,108.017,0.01,24.85,32.34,19.3,18.68,24.75,73.03,14.42,94.17,1.08,114.5,23.4,32.38,0.69,0.69,21.03
2018-03-20,PLEIKU,14.005,108.017,0.38,25.15,32.02,19.67,19.9,25.23,75.55,15.55,94.18,1.04,59.2,15.41,34.11,0.69,0.68,81.25
2018-03-21,PLEIKU,14.005,108.017,0.17,22.19,28.58,17.58,17.56,22.39,76.73,13.37,94.27,2.08,67.9,11.37,34.4,0.68,0.68,93.08
2018-03-22,PLEIKU,14.005,108.017,0.06,20.3,27.72,14.93,15.77,20.52,77.35,11.93,94.22,2.49,60.4,12.84,31.98,0.68,0.68,71.87
2018-03-23,PLEIKU,14.005,108.017,0.0,20.6,27.61,16.98,15.01,20.84,73.56,11.34,94.38,2.9,66.8,21.56,31.11,0.67,0.67,60.17
2018-03-24,PLEIKU,14.005,108.017,0.0,21.42,29.7,15.28,16.09,21.68,75.33,12.14,94.45,2.56,68.1,21.75,31.32,0.67,0.67,42.49
2018-03-25,PLEIKU,14.005,108.017,0.0,21.68,30.11,15.9,15.65,21.96,73.45,11.81,94.56,2.17,68.9,23.83,31.41,0.66,0.67,38.95
2018-03-26,PLEIKU,14.005,108.017,0.0,21.84,29.81,16.43,16.16,22.14,74.14,12.2,94.46,2.22,60.5,17.65,32.1,0.66,0.66,46.6
2018-03-27,PLEIKU,14.005,108.017,0.0,21.95,29.78,16.69,16.48,22.26,74.69,12.46,94.33,2.16,62.9,22.04,31.77,0.66,0.66,35.53
2018-03-28,PLEIKU,14.005,108.017,0.0,22.76,30.45,17.74,17.43,23.1,75.31,13.26,94.23,1.68,81.8,18.19,34.17,0.65,0.66,65.6
2018-03-29,PLEIKU,14.005,108.017,3.54,23.77,30.86,19.56,19.4,24.09,79.44,15.03,94.21,1.19,87.6,12.94,35.45,0.68,0.66,79.86
2018-03-30,PLEIKU,14.005,108.017,4.15,22.73,30.51,17.71,18.42,22.96,80.08,14.12,94.25,1.79,70.1,13.69,33.77,0.69,0.66,69.81
2018-03-31,PLEIKU,14.005,108.017,0.26,21.17,28.01,16.08,16.72,21.34,78.67,12.65,94.27,2.15,59.1,19.35,31.88,0.67,0.66,74.53
2018-04-01,PLEIKU,14.005,108.017,0.0,21.25,29.11,15.78,15.22,21.53,73.23,11.52,94.25,2.19,65.5,22.9,31.24,0.66,0.66,86.56
2018-04-02,PLEIKU,14.005,108.017,0.0,21.97,30.02,15.96,16.15,22.29,73.89,12.22,94.26,2.09,72.6,25.09,30.3,0.65,0.66,34.35
2018-04-03,PLEIKU,14.005,108.017,0.0,22.68,31.42,16.82,16.25,23.02,72.03,12.32,94.19,1.6,76.8,26.08,30.78,0.65,0.65,18.93
2018-04-04,PLEIKU,14.005,108.017,0.0,23.51,31.71,18.38,17.31,23.83,72.93,13.2,94.1,1.53,85.9,25.31,31.24,0.64,0.65,31.31
2018-04-05,PLEIKU,14.005,108.017,2.9,24.37,31.95,19.43,19.18,24.7,76.94,14.86,94.07,1.36,94.8,21.73,33.78,0.66,0.65,59.98
2018-04-06,PLEIKU,14.005,108.017,5.09,23.88,31.83,18.94,19.15,24.1,78.57,14.79,94.24,2.29,68.2,19.73,33.51,0.69,0.65,92.95
2018-04-07,PLEIKU,14.005,108.017,2.92,20.15,24.89,16.19,16.96,20.19,82.76,12.83,94.53,3.72,53.4,9.4,33.32,0.67,0.66,86.71
2018-04-08,PLEIKU,14.005,108.017,0.89,20.57,27.6,15.91,15.99,20.82,77.35,12.04,94.53,2.96,58.1,14.93,32.97,0.66,0.66,71.38
2018-04-09,PLEIKU,14.005,108.017,0.0,22.16,29.48,17.23,16.91,22.47,75.38,12.8,94.38,2.35,75.9,15.29,32.77,0.65,0.65,57.79
2018-04-10,PLEIKU,14.005,108.017,0.02,24.8,32.34,19.4,19.42,25.14,75.49,15.04,94.23,1.81,93.5,21.74,33.56,0.64,0.65,40.66
2018-04-11,PLEIKU,14.005,108.017,0.0,25.96,34.39,19.97,19.58,26.29,72.61,15.23,94.11,1.65,97.3,24.25,32.87,0.64,0.64,19.53
2018-04-12,PLEIKU,14.005,108.017,0.0,26.75,35.92,20.1,19.08,27.12,68.91,14.81,94.07,1.52,102.0,25.81,33.23,0.63,0.64,58.22
2018-04-13,PLEIKU,14.005,108.017,0.02,26.76,36.03,20.18,19.07,27.13,68.75,14.78,94.12,1.69,102.9,24.3,33.09,0.62,0.64,64.46
2018-04-14,PLEIKU,14.005,108.017,0.01,26.71,36.44,19.99,18.57,27.07,67.97,14.38,94.06,1.8,91.3,27.8,32.67,0.61,0.63,39.82
2018-04-15,PLEIKU,14.005,108.017,0.08,26.18,35.36,19.95,18.25,26.56,68.0,14.07,94.16,2.31,75.4,25.69,33.19,0.61,0.63,72.86
2018-04-16,PLEIKU,14.005,108.017,0.1,25.38,32.95,20.1,19.35,25.73,72.75,14.96,94.26,2.38,73.2,19.55,34.62,0.61,0.63,67.32
2018-04-17,PLEIKU,14.005,108.017,0.05,25.38,33.06,20.45,19.35,25.75,72.76,14.97,94.32,1.59,70.3,19.27,34.97,0.61,0.63,83.8
2018-04-18,PLEIKU,14.005,108.017,3.7,25.14,32.49,20.06,19.84,25.44,76.26,15.44,94.24,1.93,77.4,15.49,34.66,0.63,0.63,72.13
2018-04-19,PLEIKU,14.005,108.017,8.57,24.89,32.58,20.09,19.97,25.2,77.7,15.58,94.16,1.79,87.6,17.45,35.05,0.69,0.64,72.2
2018-04-20,PLEIKU,14.005,108.017,0.0,25.07,33.43,19.04,18.54,25.36,71.89,14.27,94.14,1.7,93.2,20.11,33.3,0.64,0.64,49.31
2018-04-21,PLEIKU,14.005,108.017,0.0,25.33,34.45,19.04,17.98,25.65,69.55,13.78,94.12,1.69,98.5,25.9,32.03,0.62,0.63,19.33
2018-04-22,PLEIKU,14.005,108.017,0.0,26.58,34.16,21.82,19.64,26.83,70.83,15.39,94.03,1.08,100.9,24.81,33.67,0.62,0.63,53.95
2018-04-23,PLEIKU,14.005,108.017,0.25,27.69,35.04,22.68,20.97,27.97,70.81,16.65,93.92,0.9,132.8,20.48,34.6,0.62,0.63,74.76
2018-04-24,PLEIKU,14.005,108.017,2.51,24.39,27.99,21.5,21.53,24.22,85.03,17.22,94.02,0.76,98.1,19.03,35.14,0.64,0.63,86.83
2018-04-25,PLEIKU,14.005,108.017,1.04,26.27,33.07,20.9,20.68,26.46,75.4,16.34,94.05,1.04,99.2,17.66,34.86,0.63,0.63,92.6
2018-04-26,PLEIKU,14.005,108.017,2.09,25.62,32.83,21.07,20.26,25.79,76.34,15.92,94.23,0.94,92.7,18.89,34.37,0.63,0.63,91.01
2018-04-27,PLEIKU,14.005,108.017,1.14,25.26,31.83,20.91,20.15,25.46,76.69,15.74,94.3,1.93,77.2,20.74,34.28,0.63,0.63,65.77
2018-04-28,PLEIKU,14.005,108.017,1.95,25.17,32.81,20.19,19.64,25.44,75.84,15.26,94.25,1.88,82.4,20.67,33.59,0.63,0.63,52.29
2018-04-29,PLEIKU,14.005,108.017,5.11,25.59,32.32,21.41,20.95,25.82,79.02,16.58,94.18,1.14,165.1,21.52,34.84,0.65,0.63,91.13
2018-04-30,PLEIKU,14.005,108.017,28.39,24.24,27.54,21.38,22.14,24.25,88.88,17.81,94.25,0.95,209.6,19.02,35.02,0.79,0.67,84.15
2018-05-01,PLEIKU,14.005,108.017,1.24,24.9,30.09,20.88,20.78,24.85,80.44,16.4,94.29,0.85,91.4,21.16,34.15,0.69,0.68,57.33
2018-05-02,PLEIKU,14.005,108.017,1.17,25.53,31.41,20.88,21.13,25.61,79.33,16.74,94.27,1.21,100.7,21.64,33.97,0.68,0.67,57.33
2018-05-03,PLEIKU,14.005,108.017,5.45,25.57,33.06,21.07,19.87,25.7,75.67,15.52,94.33,1.42,83.4,24.49,33.42,0.69,0.67,70.64
2018-05-04,PLEIKU,14.005,108.017,23.65,23.8,28.94,20.64,21.23,23.86,86.88,16.8,94.37,1.53,91.3,14.91,34.15,0.8,0.7,86.2
2018-05-05,PLEIKU,14.005,108.017,1.52,24.7,29.5,21.48,21.34,24.78,83.47,16.93,94.34,1.14,114.5,19.16,34.61,0.71,0.69,90.85
2018-05-06,PLEIKU,14.005,108.017,3.36,24.49,28.81,21.56,21.9,24.33,86.46,17.53,94.26,1.12,246.9,16.9,34.35,0.72,0.69,91.44
2018-05-07,PLEIKU,14.005,108.017,1.2,25.32,30.57,21.66,21.94,25.36,83.56,17.62,94.03,1.44,242.2,20.34,34.18,0.7,0.68,88.85
2018-05-08,PLEIKU,14.005,108.017,1.23,24.34,28.62,20.97,22.0,24.18,87.68,17.67,94.06,1.22,251.9,19.09,34.67,0.69,0.68,93.71
2018-05-09,PLEIKU,14.005,108.017,2.29,25.5,30.07,22.28,22.41,25.39,84.55,18.12,94.18,1.18,296.1,15.85,34.45,0.7,0.68,96.25
2018-05-10,PLEIKU,14.005,108.017,1.39,24.51,28.74,21.29,22.0,24.44,87.14,17.66,94.25,1.01,136.2,18.85,33.83,0.69,0.67,98.1
2018-05-11,PLEIKU,14.005,108.017,0.01,25.43,32.22,20.86,20.79,25.49,78.47,16.38,94.19,1.32,115.0,24.96,32.45,0.67,0.67,36.86
2018-05-12,PLEIKU,14.005,108.017,0.05,25.47,31.8,20.98,20.69,25.58,77.98,16.3,94.19,1.29,107.5,26.32,32.64,0.66,0.66,17.13
2018-05-13,PLEIKU,14.005,108.017,0.08,25.46,31.49,20.92,20.72,25.55,78.03,16.32,94.19,1.31,101.8,25.99,32.74,0.65,0.65,48.29
2018-05-14,PLEIKU,14.005,108.017,2.33,26.4,34.51,20.46,19.93,26.5,72.93,15.62,94.08,0.99,94.4,25.91,32.66,0.65,0.65,38.75
2018-05-15,PLEIKU,14.005,108.017,2.32,27.33,35.0,21.95,20.23,27.45,71.01,16.04,93.96,0.99,142.8,26.51,33.59,0.65,0.64,48.51
2018-05-16,PLEIKU,14.005,108.017,12.31,26.55,32.67,22.28,21.77,26.41,78.33,17.52,93.97,0.93,207.8,21.29,34.64,0.71,0.65,81.96
2018-05-17,PLEIKU,14.005,108.017,10.62,26.22,32.09,22.38,22.34,26.3,81.9,18.13,93.93,1.03,203.3,22.05,34.46,0.73,0.67,80.36
2018-05-18,PLEIKU,14.005,108.017,11.4,24.97,28.29,21.89,21.63,24.03,82.2,17.32,93.94,0.79,262.4,23.41,33.81,0.76,0.69,74.18
2018-05-19,PLEIKU,14.005,108.017,4.97,26.17,31.94,21.83,22.05,26.09,80.83,17.81,93.89,0.89,194.1,22.65,34.72,0.72,0.69,82.12
2018-05-20,PLEIKU,14.005,108.017,7.72,25.59,30.61,21.73,22.22,25.6,83.61,17.97,93.96,0.66,152.4,21.99,34.18,0.74,0.69,88.29
2018-05-21,PLEIKU,14.005,108.017,6.04,25.59,31.08,21.95,21.45,25.52,80.32,17.14,94.03,0.93,132.9,23.54,33.34,0.72,0.69,54.71
2018-05-22,PLEIKU,14.005,108.017,7.96,24.73,29.06,20.99,21.94,24.64,85.86,17.63,94.15,0.8,115.9,24.22,34.25,0.76,0.7,72.82
2018-05-23,PLEIKU,14.005,108.017,6.12,25.39,31.46,20.85,20.48,25.35,78.19,16.18,94.07,1.22,92.9,20.7,34.24,0.73,0.7,94.52
2018-05-24,PLEIKU,14.005,108.017,8.76,24.55,29.04,20.93,21.2,24.49,83.47,16.86,94.07,0.9,163.9,16.31,35.08,0.75,0.7,92.93
2018-05-25,PLEIKU,14.005,108.017,4.81,24.6,28.54,21.7,21.5,24.32,84.06,17.19,94.02,1.05,95.3,17.01,34.61,0.74,0.7,93.81
2018-05-26,PLEIKU,14.005,108.017,2.33,25.91,30.26,22.33,21.75,25.29,79.31,17.44,94.1,0.76,263.8,19.95,34.26,0.72,0.7,85.99
2018-05-27,PLEIKU,14.005,108.017,7.62,25.72,31.18,21.25,21.69,25.66,81.18,17.39,94.11,1.08,58.6,17.4,34.7,0.74,0.7,98.45
2018-05-28,PLEIKU,14.005,108.017,2.39,25.91,32.16,21.36,21.72,25.9,80.74,17.43,94.14,0.91,86.0,20.79,34.74,0.72,0.69,91.62
2018-05-29,PLEIKU,14.005,108.017,0.17,26.2,32.39,21.76,21.54,26.15,78.42,17.2,94.15,0.85,119.3,21.73,34.16,0.69,0.68,57.84
2018-05-30,PLEIKU,14.005,108.017,1.31,26.07,32.26,21.85,21.66,26.07,79.59,17.33,94.12,0.99,89.8,25.23,34.27,0.69,0.68,36.74
2018-05-31,PLEIKU,14.005,108.017,9.98,25.81,31.35,21.57,21.89,25.74,81.49,17.58,94.13,0.73,57.2,23.49,34.12,0.73,0.68,39.09
2018-06-01,PLEIKU,14.005,108.017,16.5,23.79,29.79,18.68,19.99,23.79,81.75,15.67,94.12,1.08,77.9,20.81,34.77,0.78,0.7,88.05
2018-06-02,PLEIKU,14.005,108.017,21.36,23.53,27.55,20.9,21.26,23.53,88.16,16.94,93.91,1.01,353.7,13.94,34.49,0.81,0.72,95.88
2018-06-03,PLEIKU,14.005,108.017,54.83,22.61,24.45,20.96,21.92,22.61,95.83,17.65,93.66,2.11,273.3,2.14,34.19,0.89,0.77,99.21
2018-06-04,PLEIKU,14.005,108.017,14.59,23.64,26.99,21.8,22.25,23.67,92.33,18.0,93.73,2.23,249.4,6.23,35.26,0.84,0.79,99.13
2018-06-05,PLEIKU,14.005,108.017,16.83,23.88,27.36,21.88,22.32,23.92,91.45,18.03,93.93,2.04,254.5,15.43,34.16,0.87,0.8,99.53
2018-06-06,PLEIKU,14.005,108.017,8.27,24.53,28.24,22.49,22.53,24.57,89.48,18.29,93.87,1.88,257.1,17.36,34.33,0.82,0.78,99.53
2018-06-07,PLEIKU,14.005,108.017,33.82,23.36,25.65,21.67,22.43,23.35,94.54,18.19,93.8,2.7,244.2,16.63,34.43,0.9,0.8,98.94
2018-06-08,PLEIKU,14.005,108.017,32.46,23.14,26.51,21.1,21.68,23.15,91.79,17.37,93.74,3.14,248.8,15.09,35.49,0.89,0.81,94.42
2018-06-09,PLEIKU,14.005,108.017,26.88,23.76,27.13,21.75,22.11,23.78,90.94,17.84,93.79,3.47,253.3,16.61,35.0,0.91,0.84,98.35
2018-06-10,PLEIKU,14.005,108.017,31.2,23.86,27.29,21.51,22.08,23.88,90.32,17.77,93.96,3.29,251.7,13.7,35.09,0.9,0.84,98.41
2018-06-11,PLEIKU,14.005,108.017,20.58,22.96,26.07,21.03,21.54,22.97,91.98,17.17,94.08,3.23,255.2,13.91,35.06,0.91,0.86,98.6
2018-06-12,PLEIKU,14.005,108.017,1.31,22.75,26.07,20.96,20.32,22.8,86.94,15.92,94.08,2.94,255.1,9.91,34.59,0.83,0.83,99.44
2018-06-13,PLEIKU,14.005,108.017,0.08,23.94,27.12,22.24,21.26,23.97,85.61,16.91,93.9,2.96,255.2,14.83,34.46,0.81,0.8,99.6
2018-06-14,PLEIKU,14.005,108.017,1.53,22.37,25.53,20.64,19.92,22.42,86.75,15.57,93.83,2.75,263.8,18.42,34.47,0.79,0.78,95.6
2018-06-15,PLEIKU,14.005,108.017,21.83,23.26,26.46,21.46,21.67,23.3,91.25,17.36,93.76,2.84,245.3,9.73,34.86,0.86,0.79,99.84
2018-06-16,PLEIKU,14.005,108.017,14.51,23.35,24.96,22.15,22.32,23.35,94.08,18.09,93.72,2.24,244.5,11.93,33.94,0.87,0.82,97.85
2018-06-17,PLEIKU,14.005,108.017,33.89,23.37,25.85,21.67,22.35,23.37,94.17,18.12,93.69,1.84,237.5,18.57,34.69,0.88,0.82,88.93
2018-06-18,PLEIKU,14.005,108.017,8.48,23.83,27.64,21.54,22.11,23.87,90.72,17.86,93.72,2.29,228.1,17.8,34.78,0.86,0.83,90.29
2018-06-19,PLEIKU,14.005,108.017,6.99,24.26,28.44,21.62,22.56,24.3,90.88,18.32,93.93,2.37,234.4,14.76,35.32,0.84,0.82,91.45
2018-06-20,PLEIKU,14.005,108.017,2.01,24.59,28.75,22.06,22.48,24.63,88.93,18.2,94.03,2.16,242.8,17.39,35.53,0.82,0.81,70.09
2018-06-21,PLEIKU,14.005,108.017,5.11,23.99,27.31,22.14,22.76,24.01,93.11,18.51,94.04,1.93,249.0,20.73,34.22,0.82,0.8,74.29
2018-06-22,PLEIKU,14.005,108.017,3.08,23.44,25.24,22.07,22.44,23.46,94.23,18.16,93.96,1.36,253.8,21.27,34.08,0.82,0.8,85.07
2018-06-23,PLEIKU,14.005,108.017,1.7,22.92,24.41,21.3,22.08,22.91,95.03,17.77,93.96,1.58,241.2,22.13,34.05,0.81,0.8,85.47
2018-06-24,PLEIKU,14.005,108.017,1.16,22.7,26.1,20.46,21.11,22.42,90.96,16.76,94.02,1.22,221.2,20.8,33.74,0.81,0.8,93.62
2018-06-25,PLEIKU,14.005,108.017,1.71,23.23,26.49,21.15,21.41,22.96,90.07,17.04,94.02,1.35,231.4,17.88,34.07,0.81,0.79,98.76
2018-06-26,PLEIKU,14.005,108.017,1.11,24.18,27.83,21.26,21.38,23.97,85.42,17.02,94.08,1.02,247.1,18.68,33.95,0.8,0.79,89.33
2018-06-27,PLEIKU,14.005,108.017,2.01,23.05,26.6,20.29,21.25,23.0,90.25,16.85,94.15,1.28,269.3,21.44,33.17,0.8,0.79,67.31
2018-06-28,PLEIKU,14.005,108.017,0.02,24.26,28.99,20.98,21.5,24.18,85.67,17.15,93.99,1.33,269.7,23.43,33.93,0.79,0.78,56.41
2018-06-29,PLEIKU,14.005,108.017,8.67,24.75,29.2,21.81,22.05,24.8,86.41,17.77,93.84,1.62,257.3,24.96,33.65,0.81,0.78,55.72
2018-06-30,PLEIKU,14.005,108.017,9.95,24.28,28.23,22.0,22.72,24.31,91.63,18.5,93.88,1.71,260.3,24.01,34.24,0.84,0.8,63.27
2018-07-01,PLEIKU,14.005,108.017,6.89,24.1,27.4,22.02,22.69,24.12,92.26,18.47,93.92,1.89,251.9,22.87,34.36,0.83,0.8,59.05
2018-07-02,PLEIKU,14.005,108.017,2.04,23.83,26.7,21.73,22.28,23.84,91.42,18.0,93.89,2.45,246.8,21.75,34.09,0.81,0.8,63.31
2018-07-03,PLEIKU,14.005,108.017,1.83,24.56,29.09,21.91,21.85,24.62,86.27,17.54,93.83,2.27,248.3,23.84,34.8,0.8,0.79,60.04
2018-07-04,PLEIKU,14.005,108.017,6.59,23.93,27.36,22.18,22.29,23.94,91.05,18.04,93.77,2.72,248.6,23.17,34.17,0.81,0.79,75.12
2018-07-05,PLEIKU,14.005,108.017,6.51,23.6,26.93,21.45,22.08,23.63,91.63,17.82,93.72,2.72,244.4,18.97,34.21,0.83,0.8,88.45
2018-07-06,PLEIKU,14.005,108.017,3.09,24.0,27.49,21.78,22.16,24.04,90.08,17.93,93.64,2.58,250.8,15.69,34.93,0.81,0.79,99.04
2018-07-07,PLEIKU,14.005,108.017,19.63,24.0,27.55,21.63,22.39,24.02,91.28,18.19,93.56,1.94,249.0,17.99,34.63,0.85,0.8,97.72
2018-07-08,PLEIKU,14.005,108.017,5.73,22.26,24.1,20.7,21.26,22.26,94.09,16.94,93.66,2.05,246.0,20.16,34.89,0.85,0.82,81.34
2018-07-09,PLEIKU,14.005,108.017,8.46,23.07,25.7,21.03,21.82,23.09,92.95,17.56,93.68,1.85,252.6,14.88,34.52,0.84,0.82,87.65
2018-07-10,PLEIKU,14.005,108.017,19.2,22.52,25.71,20.99,21.62,22.53,94.75,17.34,93.63,2.25,247.4,16.35,34.65,0.88,0.82,92.26
2018-07-11,PLEIKU,14.005,108.017,22.12,23.19,26.97,20.77,21.82,23.21,92.42,17.57,93.55,2.46,242.6,13.91,34.83,0.9,0.85,96.48
2018-07-12,PLEIKU,14.005,108.017,10.99,22.87,25.41,21.13,21.58,22.88,92.75,17.3,93.56,2.51,248.0,15.02,34.46,0.87,0.85,97.97
2018-07-13,PLEIKU,14.005,108.017,12.89,23.83,27.38,21.64,22.11,23.86,90.67,17.89,93.5,2.88,241.8,11.09,34.51,0.88,0.85,98.91
2018-07-14,PLEIKU,14.005,108.017,27.88,22.14,24.13,20.19,21.29,22.12,94.97,17.0,93.59,2.94,247.6,12.44,34.34,0.91,0.86,99.62
2018-07-15,PLEIKU,14.005,108.017,47.85,22.38,25.18,20.39,21.02,22.4,92.28,16.71,93.61,3.58,248.1,10.23,34.11,0.95,0.89,99.33
2018-07-16,PLEIKU,14.005,108.017,24.62,22.36,24.57,20.52,20.73,22.38,90.92,16.45,93.49,3.35,252.4,8.33,34.17,0.94,0.91,98.54
2018-07-17,PLEIKU,14.005,108.017,23.64,22.59,25.36,21.44,21.11,22.61,91.73,16.84,93.37,2.54,241.6,13.37,34.41,0.93,0.91,98.92
2018-07-18,PLEIKU,14.005,108.017,13.91,22.86,24.28,21.4,21.9,22.86,94.39,17.66,93.49,2.65,235.1,13.78,34.54,0.92,0.91,99.4
2018-07-19,PLEIKU,14.005,108.017,16.38,23.8,26.76,21.76,22.11,23.83,90.81,17.85,93.74,3.0,242.5,9.92,35.47,0.92,0.9,99.23
2018-07-20,PLEIKU,14.005,108.017,14.7,23.95,26.93,22.29,22.31,23.99,91.09,18.05,93.83,2.57,257.1,13.26,35.01,0.91,0.9,99.44
2018-07-21,PLEIKU,14.005,108.017,15.28,23.71,25.66,22.23,22.65,23.7,93.96,18.44,93.79,2.66,248.1,11.74,35.09,0.91,0.9,98.97
2018-07-22,PLEIKU,14.005,108.017,26.24,23.55,25.92,21.82,22.27,23.55,92.75,18.04,93.68,3.51,246.8,9.03,34.84,0.94,0.91,99.58
2018-07-23,PLEIKU,14.005,108.017,23.5,23.17,25.63,21.55,21.99,23.17,93.28,17.72,93.72,3.29,253.9,8.7,34.56,0.94,0.92,99.55
2018-07-24,PLEIKU,14.005,108.017,17.29,23.03,25.4,21.71,21.72,23.04,92.58,17.39,93.83,2.86,254.7,12.31,34.78,0.93,0.92,98.34
2018-07-25,PLEIKU,14.005,108.017,9.09,22.64,25.67,21.06,21.14,22.65,91.71,16.78,93.89,2.34,262.0,16.28,34.65,0.92,0.92,92.88
2018-07-26,PLEIKU,14.005,108.017,8.77,23.87,27.48,21.78,22.28,23.9,91.4,18.0,93.87,1.98,259.8,14.94,34.74,0.92,0.92,99.19
2018-07-27,PLEIKU,14.005,108.017,10.36,23.67,26.95,21.97,21.92,23.68,90.64,17.61,93.9,2.11,248.5,10.3,34.38,0.92,0.91,99.71
2018-07-28,PLEIKU,14.005,108.017,6.1,22.76,25.23,20.46,21.79,22.76,94.39,17.48,93.88,1.86,238.1,14.43,34.32,0.92,0.92,99.13
2018-07-29,PLEIKU,14.005,108.017,4.02,23.7,26.81,21.9,22.11,23.72,91.4,17.82,93.87,1.96,249.3,18.19,34.29,0.91,0.91,82.85
2018-07-30,PLEIKU,14.005,108.017,3.36,23.46,26.55,21.48,21.87,23.49,91.34,17.55,93.93,2.03,259.0,15.84,35.18,0.91,0.91,94.89
2018-07-31,PLEIKU,14.005,108.017,1.45,24.1,27.69,21.69,22.12,24.14,89.46,17.82,93.96,1.87,263.9,18.38,34.16,0.9,0.91,65.48
2018-08-01,PLEIKU,14.005,108.017,2.23,24.57,28.39,22.15,22.28,24.6,88.0,18.01,93.91,1.93,256.8,23.53,34.44,0.9,0.9,67.01
2018-08-02,PLEIKU,14.005,108.017,4.47,23.78,26.88,21.89,22.35,23.79,92.1,18.1,93.8,2.3,243.1,22.16,34.63,0.9,0.9,71.96
2018-08-03,PLEIKU,14.005,108.017,9.06,22.47,23.97,21.42,21.49,22.46,94.28,17.16,93.81,2.25,250.3,19.51,34.48,0.91,0.9,70.34
2018-08-04,PLEIKU,14.005,108.017,10.82,23.42,26.42,21.31,22.27,23.43,93.52,18.02,93.75,1.81,254.8,17.6,35.59,0.92,0.91,85.64
2018-08-05,PLEIKU,14.005,108.017,16.21,23.24,25.64,21.41,22.34,23.2,94.8,18.11,93.71,1.13,228.1,16.0,34.72,0.93,0.92,90.73
2018-08-06,PLEIKU,14.005,108.017,16.64,22.87,24.73,21.35,22.12,22.86,95.64,17.87,93.72,1.44,245.7,15.43,34.57,0.93,0.92,98.75
2018-08-07,PLEIKU,14.005,108.017,22.35,22.87,25.22,21.07,22.07,22.86,95.3,17.82,93.65,1.62,255.5,14.98,35.3,0.95,0.94,99.07
2018-08-08,PLEIKU,14.005,108.017,28.57,22.79,25.81,20.91,21.96,22.8,95.21,17.72,93.63,1.8,262.5,10.33,34.82,0.95,0.94,99.33
2018-08-09,PLEIKU,14.005,108.017,12.2,22.11,24.94,20.31,21.12,22.11,94.23,16.79,93.74,2.48,251.2,14.96,34.1,0.95,0.95,99.34
2018-08-10,PLEIKU,14.005,108.017,18.05,23.78,27.65,21.16,21.95,23.8,90.14,17.68,93.72,3.22,244.3,12.67,35.04,0.95,0.95,97.65
2018-08-11,PLEIKU,14.005,108.017,16.35,22.95,26.39,20.62,21.32,22.97,90.94,17.02,93.66,3.56,251.5,10.57,34.95,0.94,0.95,98.79
2018-08-12,PLEIKU,14.005,108.017,19.39,23.36,26.8,20.89,21.63,23.38,90.49,17.36,93.59,3.84,251.7,12.79,34.97,0.95,0.95,99.13
2018-08-13,PLEIKU,14.005,108.017,33.49,22.11,24.16,20.94,20.88,22.11,92.88,16.54,93.7,3.58,249.9,9.17,34.24,0.96,0.95,99.61
2018-08-14,PLEIKU,14.005,108.017,40.58,21.84,24.72,20.46,20.82,21.83,94.0,16.48,93.71,3.57,248.5,9.08,34.09,0.98,0.97,99.67
2018-08-15,PLEIKU,14.005,108.017,28.83,22.94,26.05,20.59,21.48,22.94,91.78,17.18,93.69,3.81,253.9,11.33,33.92,0.97,0.98,99.44
2018-08-16,PLEIKU,14.005,108.017,16.94,23.27,26.77,21.38,21.77,23.29,91.68,17.52,93.48,3.25,250.2,15.51,34.14,0.96,0.98,98.73
2018-08-17,PLEIKU,14.005,108.017,13.96,24.08,27.57,21.71,22.42,24.1,90.97,18.24,93.48,2.9,246.1,15.86,35.16,0.96,0.98,89.83
2018-08-18,PLEIKU,14.005,108.017,6.63,23.56,26.61,21.84,22.24,23.56,92.69,18.0,93.68,2.27,243.6,16.28,35.18,0.95,0.97,94.18
2018-08-19,PLEIKU,14.005,108.017,7.07,23.76,27.15,21.48,22.02,23.8,90.62,17.72,93.85,2.25,249.3,16.51,34.84,0.95,0.97,89.61
2018-08-20,PLEIKU,14.005,108.017,11.05,23.59,26.98,21.64,22.2,23.61,92.3,17.93,93.83,2.6,256.5,18.09,35.5,0.95,0.97,83.68
2018-08-21,PLEIKU,14.005,108.017,15.64,23.8,27.29,21.58,22.39,23.82,92.3,18.18,93.69,2.51,257.2,19.76,34.71,0.96,0.97,72.43
2018-08-22,PLEIKU,14.005,108.017,17.35,23.61,26.59,21.65,22.16,23.63,92.0,17.9,93.7,2.4,252.8,15.66,35.0,0.96,0.98,92.32
2018-08-23,PLEIKU,14.005,108.017,43.55,23.84,27.15,21.86,22.44,23.86,92.25,18.18,93.87,2.76,244.9,14.17,35.41,0.97,0.98,98.39
2018-08-24,PLEIKU,14.005,108.017,18.43,23.36,25.98,21.99,22.12,23.38,93.03,17.82,93.91,2.14,252.6,14.36,34.68,0.97,0.99,99.32
2018-08-25,PLEIKU,14.005,108.017,10.26,23.37,26.18,21.17,21.9,23.39,91.87,17.61,93.78,2.44,259.6,14.45,34.59,0.96,0.99,98.9
2018-08-26,PLEIKU,14.005,108.017,27.28,22.66,25.08,20.57,21.59,22.67,93.87,17.28,93.75,2.45,251.9,11.09,33.9,0.98,0.99,99.68
2018-08-27,PLEIKU,14.005,108.017,16.31,22.84,25.71,20.58,21.39,22.86,91.93,17.03,93.92,2.6,253.8,12.23,34.27,0.97,0.99,99.44
2018-08-28,PLEIKU,14.005,108.017,10.09,22.93,26.18,21.13,21.44,22.96,91.78,17.08,93.94,2.52,251.0,13.5,34.57,0.97,0.99,99.51
2018-08-29,PLEIKU,14.005,108.017,16.42,23.23,26.45,21.11,21.55,23.25,90.8,17.22,93.82,3.24,248.8,15.51,35.04,0.97,0.99,97.44
2018-08-30,PLEIKU,14.005,108.017,3.08,23.47,26.67,21.42,21.53,23.49,89.65,17.19,93.89,2.51,242.3,15.62,34.92,0.96,0.98,92.49
2018-08-31,PLEIKU,14.005,108.017,0.86,24.26,28.37,21.87,22.26,24.29,89.47,17.96,94.06,1.77,251.9,21.23,34.1,0.95,0.98,78.23
2018-09-01,PLEIKU,14.005,108.017,0.91,24.01,27.78,21.53,22.27,24.0,90.72,17.96,94.06,1.5,261.8,20.04,33.93,0.95,0.97,52.23
2018-09-02,PLEIKU,14.005,108.017,0.95,24.72,28.51,21.75,22.67,24.66,89.21,18.45,93.88,1.29,253.4,19.82,34.17,0.94,0.97,71.53
2018-09-03,PLEIKU,14.005,108.017,1.35,23.83,27.74,20.97,22.06,23.85,90.41,17.75,93.94,1.71,249.2,20.39,34.19,0.94,0.97,52.92
2018-09-04,PLEIKU,14.005,108.017,2.7,23.73,27.9,21.02,21.49,23.78,88.34,17.12,94.04,1.84,251.1,22.86,33.56,0.94,0.96,42.35
2018-09-05,PLEIKU,14.005,108.017,1.28,23.73,28.13,20.96,21.58,23.77,88.86,17.25,93.92,1.78,269.7,20.79,34.64,0.93,0.96,59.07
2018-09-06,PLEIKU,14.005,108.017,6.11,25.25,29.76,21.9,22.75,25.2,87.49,18.61,93.75,0.92,251.3,21.85,34.2,0.93,0.96,77.27
2018-09-07,PLEIKU,14.005,108.017,1.82,24.36,28.6,21.15,22.27,24.27,89.1,18.03,93.83,1.22,155.0,20.32,33.9,0.93,0.95,81.59
2018-09-08,PLEIKU,14.005,108.017,4.15,24.18,29.1,20.32,20.95,24.13,84.14,16.62,93.98,0.9,96.0,21.22,34.81,0.93,0.95,97.69
2018-09-09,PLEIKU,14.005,108.017,18.79,24.95,30.01,21.79,21.73,24.88,84.14,17.39,94.14,0.95,125.0,15.03,34.79,0.95,0.96,91.43
2018-09-10,PLEIKU,14.005,108.017,6.41,23.84,27.47,21.68,22.25,23.74,91.44,17.92,94.22,1.26,266.7,20.08,34.87,0.94,0.96,86.01
2018-09-11,PLEIKU,14.005,108.017,4.56,23.95,27.56,21.63,22.54,23.91,92.4,18.29,94.04,1.14,246.9,16.09,34.91,0.94,0.96,90.61
2018-09-12,PLEIKU,14.005,108.017,29.21,23.42,27.06,21.02,21.98,23.43,92.19,17.68,93.89,1.29,256.4,16.59,34.84,0.96,0.97,95.48
2018-09-13,PLEIKU,14.005,108.017,10.6,23.37,27.89,19.96,21.58,23.3,90.58,17.3,93.87,0.88,36.5,16.76,34.39,0.95,0.98,79.61
2018-09-14,PLEIKU,14.005,108.017,13.25,24.3,29.1,21.08,21.47,24.26,85.98,17.17,93.88,1.05,95.5,19.84,34.45,0.96,0.98,90.9
2018-09-15,PLEIKU,14.005,108.017,7.66,23.79,27.06,21.76,22.36,23.72,92.21,18.16,93.7,1.12,245.6,16.75,33.87,0.95,0.98,99.06
2018-09-16,PLEIKU,14.005,108.017,5.43,23.06,25.02,21.75,22.27,23.05,95.36,18.05,93.56,1.54,244.7,18.52,34.15,0.95,0.98,98.56
2018-09-17,PLEIKU,14.005,108.017,21.0,23.45,26.08,21.57,22.62,23.45,95.23,18.41,93.78,1.43,221.4,18.91,33.9,0.97,0.99,95.26
2018-09-18,PLEIKU,14.005,108.017,7.53,22.62,25.18,20.83,21.51,22.4,93.55,17.15,94.07,1.15,213.2,15.19,34.04,0.96,0.99,91.41
2018-09-19,PLEIKU,14.005,108.017,9.03,23.74,27.97,20.12,21.9,23.74,90.25,17.59,94.08,1.4,71.4,18.48,34.17,0.96,0.98,66.1
2018-09-20,PLEIKU,14.005,108.017,4.4,24.06,29.34,20.17,21.33,24.1,86.48,16.97,94.09,1.37,60.7,21.31,33.91,0.95,0.98,51.38
2018-09-21,PLEIKU,14.005,108.017,14.4,24.14,28.7,21.38,22.06,24.18,89.25,17.73,94.17,1.31,75.5,17.08,35.23,0.96,0.98,81.51
2018-09-22,PLEIKU,14.005,108.017,7.43,23.03,26.84,20.27,21.67,23.0,92.57,17.27,94.37,1.25,92.9,17.15,33.66,0.96,0.98,94.89
2018-09-23,PLEIKU,14.005,108.017,7.57,22.74,26.39,19.73,21.11,22.7,91.13,16.69,94.33,1.05,59.2,14.23,34.05,0.96,0.98,65.48
2018-09-24,PLEIKU,14.005,108.017,9.74,24.89,30.83,20.87,21.38,24.88,83.39,17.05,94.13,0.69,152.0,22.78,34.05,0.96,0.98,43.89
2018-09-25,PLEIKU,14.005,108.017,2.89,23.56,26.76,20.81,21.83,23.45,90.59,17.5,94.04,1.28,229.3,23.2,33.52,0.95,0.98,32.28
2018-09-26,PLEIKU,14.005,108.017,5.85,25.56,31.04,21.44,22.24,25.47,83.9,17.98,93.99,0.94,55.6,22.77,33.84,0.95,0.98,29.28
2018-09-27,PLEIKU,14.005,108.017,15.36,25.81,32.53,21.05,21.74,25.69,81.34,17.45,93.97,0.91,73.3,21.99,33.9,0.96,0.98,28.48
2018-09-28,PLEIKU,14.005,108.017,17.09,24.54,30.16,20.41,21.75,24.55,86.26,17.43,94.04,1.42,83.2,18.49,34.26,0.96,0.98,46.96
2018-09-29,PLEIKU,14.005,108.017,3.38,24.87,31.0,20.88,21.6,24.93,84.29,17.27,94.01,1.17,69.7,18.54,34.29,0.95,0.98,46.84
2018-09-30,PLEIKU,14.005,108.017,11.63,25.04,30.83,21.69,22.26,25.08,86.35,17.98,94.03,1.06,76.4,14.5,34.97,0.95,0.98,89.26
2018-10-01,PLEIKU,14.005,108.017,8.97,23.57,27.61,20.58,22.02,23.58,91.6,17.69,94.16,1.43,60.0,12.73,34.27,0.95,0.98,83.74
2018-10-02,PLEIKU,14.005,108.017,21.27,22.47,25.63,19.97,21.32,22.47,93.49,16.96,94.16,1.65,47.1,9.88,34.77,0.97,0.98,97.38
2018-10-03,PLEIKU,14.005,108.017,15.78,22.97,26.11,21.05,22.02,22.97,94.54,17.66,94.21,1.95,56.5,8.28,34.34,0.97,0.99,97.75
2018-10-04,PLEIKU,14.005,108.017,28.12,22.56,27.39,19.21,20.9,22.55,90.99,16.51,94.28,2.48,65.6,6.32,33.94,0.98,0.99,81.66
2018-10-05,PLEIKU,14.005,108.017,0.5,21.93,27.77,17.34,19.17,21.95,85.87,14.8,94.3,1.91,58.6,22.44,31.29,0.96,0.98,12.49
2018-10-06,PLEIKU,14.005,108.017,0.0,22.05,28.19,17.65,18.74,22.09,83.61,14.4,94.33,1.68,59.6,22.47,31.35,0.95,0.98,17.95
2018-10-07,PLEIKU,14.005,108.017,0.0,22.03,28.36,17.04,18.95,22.05,84.66,14.6,94.31,1.71,61.4,20.01,32.9,0.94,0.97,34.28
2018-10-08,PLEIKU,14.005,108.017,0.0,21.97,29.0,16.56,18.27,22.01,82.17,14.01,94.24,1.49,54.4,24.14,30.87,0.94,0.96,14.95
2018-10-09,PLEIKU,14.005,108.017,1.04,23.07,29.31,19.01,19.74,23.14,83.56,15.36,94.24,1.6,61.0,23.35,32.19,0.93,0.96,24.67
2018-10-10,PLEIKU,14.005,108.017,4.24,22.89,28.7,19.04,20.26,22.92,86.65,15.83,94.31,1.97,60.1,19.16,34.3,0.93,0.95,55.6
2018-10-11,PLEIKU,14.005,108.017,4.44,22.5,28.03,19.3,20.18,22.51,88.06,15.73,94.41,2.27,60.1,14.83,33.97,0.93,0.95,86.75
2018-10-12,PLEIKU,14.005,108.017,4.62,23.29,28.4,19.95,21.09,23.31,88.62,16.65,94.38,2.14,70.5,9.49,34.47,0.93,0.94,91.29
2018-10-13,PLEIKU,14.005,108.017,0.51,23.58,29.29,19.6,20.94,23.62,86.7,16.5,94.39,1.64,70.9,16.19,33.38,0.92,0.94,73.96
2018-10-14,PLEIKU,14.005,108.017,0.05,23.75,29.59,19.36,20.76,23.78,85.11,16.32,94.37,1.53,83.4,21.13,32.81,0.91,0.93,31.42
2018-10-15,PLEIKU,14.005,108.017,0.86,24.0,29.97,19.27,20.45,24.03,82.9,16.03,94.35,1.03,85.9,22.4,32.69,0.91,0.92,60.46
2018-10-16,PLEIKU,14.005,108.017,1.6,24.37,30.52,20.3,20.08,24.14,80.06,15.71,94.27,0.89,86.7,21.25,33.09,0.91,0.92,51.06
2018-10-17,PLEIKU,14.005,108.017,0.85,25.0,31.2,20.87,21.58,24.91,83.8,17.3,94.15,0.77,84.7,20.5,33.69,0.9,0.91,48.96
2018-10-18,PLEIKU,14.005,108.017,8.03,22.8,27.55,18.92,20.45,22.81,87.69,16.03,94.23,1.51,76.7,21.46,32.9,0.91,0.91,33.15
2018-10-19,PLEIKU,14.005,108.017,20.89,23.12,27.39,20.63,21.14,23.12,89.64,16.72,94.32,1.89,68.8,11.41,33.95,0.94,0.93,97.77
2018-10-20,PLEIKU,14.005,108.017,5.76,22.78,26.33,20.27,21.59,22.78,93.31,17.17,94.41,1.79,80.8,11.2,33.32,0.92,0.93,87.15
2018-10-21,PLEIKU,14.005,108.017,0.16,23.81,29.8,19.56,20.77,23.85,84.81,16.33,94.41,1.49,72.2,22.07,32.49,0.91,0.92,59.42
2018-10-22,PLEIKU,14.005,108.017,3.58,23.22,27.48,19.93,21.32,23.23,89.81,16.89,94.4,1.4,74.0,15.71,33.53,0.91,0.92,79.15
2018-10-23,PLEIKU,14.005,108.017,4.33,22.9,28.18,19.96,20.43,22.92,87.43,15.97,94.4,2.07,64.8,16.96,33.67,0.9,0.91,79.45
2018-10-24,PLEIKU,14.005,108.017,1.88,22.92,28.46,19.03,20.58,22.93,87.86,16.13,94.41,2.03,67.4,17.89,33.3,0.9,0.91,70.15
2018-10-25,PLEIKU,14.005,108.017,0.01,22.81,29.09,18.61,19.6,22.83,84.18,15.15,94.5,1.71,59.3,22.18,31.36,0.9,0.9,20.32
2018-10-26,PLEIKU,14.005,108.017,0.66,22.77,28.36,19.59,19.95,22.78,85.78,15.48,94.51,1.97,57.7,20.67,33.97,0.89,0.9,58.82
2018-10-27,PLEIKU,14.005,108.017,1.57,23.07,28.62,20.19,20.52,23.05,86.72,16.06,94.44,2.68,59.8,11.65,34.51,0.89,0.89,70.26
2018-10-28,PLEIKU,14.005,108.017,0.59,22.82,28.63,18.65,19.92,22.79,84.89,15.5,94.37,2.68,58.0,12.1,33.99,0.88,0.89,70.47
2018-10-29,PLEIKU,14.005,108.017,0.05,21.14,27.36,16.39,18.02,21.11,83.88,13.78,94.29,2.49,51.0,14.36,32.03,0.88,0.88,69.69
2018-10-30,PLEIKU,14.005,108.017,0.0,19.02,25.58,14.69,15.38,18.96,81.53,11.61,94.29,2.38,44.2,21.0,29.58,0.87,0.87,55.64
2018-10-31,PLEIKU,14.005,108.017,0.0,18.83,25.69,14.59,14.91,18.82,80.38,11.26,94.3,2.04,38.5,20.89,29.67,0.87,0.87,54.85
2018-11-01,PLEIKU,14.005,108.017,0.0,20.29,27.34,14.97,16.93,20.33,82.93,12.87,94.29,1.82,51.1,18.93,30.53,0.87,0.86,37.54
2018-11-02,PLEIKU,14.005,108.017,0.14,21.09,27.53,17.43,17.55,21.14,82.4,13.35,94.42,1.75,56.7,21.35,31.14,0.86,0.86,25.77
2018-11-03,PLEIKU,14.005,108.017,1.18,22.67,28.38,19.01,20.07,22.72,86.61,15.63,94.44,1.8,63.0,17.35,33.27,0.86,0.86,57.93
2018-11-04,PLEIKU,14.005,108.017,0.72,22.84,28.84,18.34,20.31,22.87,86.84,15.89,94.34,1.75,67.4,10.31,33.51,0.86,0.85,60.45
2018-11-05,PLEIKU,14.005,108.017,0.71,22.75,28.94,18.99,19.8,22.76,85.11,15.39,94.29,2.11,59.3,19.26,33.06,0.86,0.85,46.21
2018-11-06,PLEIKU,14.005,108.017,5.38,22.88,28.29,19.82,20.31,22.87,86.86,15.86,94.33,2.57,63.9,16.08,33.85,0.86,0.85,71.72
2018-11-07,PLEIKU,14.005,108.017,12.07,22.82,28.19,19.55,20.79,22.8,89.3,16.35,94.32,2.75,69.0,9.57,33.81,0.89,0.86,93.6
2018-11-08,PLEIKU,14.005,108.017,5.51,22.62,27.73,20.0,20.5,22.62,88.85,16.06,94.28,2.5,68.5,11.47,34.88,0.87,0.86,95.36
2018-11-09,PLEIKU,14.005,108.017,4.23,22.21,27.52,19.1,19.91,22.2,88.0,15.49,94.26,2.25,69.2,15.03,33.53,0.88,0.86,80.91
2018-11-10,PLEIKU,14.005,108.017,0.31,22.18,27.74,18.74,19.22,22.18,85.03,14.81,94.36,2.15,61.9,17.95,32.18,0.86,0.85,29.16
2018-11-11,PLEIKU,14.005,108.017,0.34,22.91,28.58,18.99,20.26,22.94,86.49,15.83,94.31,1.82,70.0,15.3,34.06,0.85,0.85,52.36
2018-11-12,PLEIKU,14.005,108.017,0.0,22.64,28.66,18.49,19.39,22.66,83.94,15.01,94.19,1.61,62.9,16.41,32.79,0.85,0.84,68.11
2018-11-13,PLEIKU,14.005,108.017,0.0,22.75,28.85,18.29,19.48,22.79,83.63,15.11,94.11,1.61,63.1,18.18,32.15,0.85,0.84,47.64
2018-11-14,PLEIKU,14.005,108.017,0.0,22.46,28.56,18.29,19.18,22.47,83.75,14.81,94.24,1.77,72.9,19.06,31.45,0.84,0.83,74.28
2018-11-15,PLEIKU,14.005,108.017,0.0,22.83,28.47,19.07,19.59,22.83,83.96,15.18,94.33,1.6,82.3,18.68,31.65,0.84,0.83,94.88
2018-11-16,PLEIKU,14.005,108.017,0.26,22.97,28.12,19.03,20.12,22.99,85.65,15.68,94.34,1.26,75.9,19.36,32.19,0.84,0.83,69.55
2018-11-17,PLEIKU,14.005,108.017,2.99,23.04,28.58,19.63,20.28,23.07,86.2,15.84,94.36,1.77,65.2,13.69,33.15,0.84,0.83,98.89
2018-11-18,PLEIKU,14.005,108.017,22.02,20.9,23.72,18.93,19.7,20.87,93.11,15.28,94.41,2.25,59.8,5.1,33.13,0.9,0.85,98.86
2018-11-19,PLEIKU,14.005,108.017,2.26,22.29,27.64,18.84,20.21,22.28,89.08,15.76,94.48,2.16,70.4,12.55,33.17,0.86,0.85,67.64
2018-11-20,PLEIKU,14.005,108.017,0.0,21.81,28.38,16.41,18.87,21.81,85.33,14.51,94.42,1.75,65.6,19.9,30.74,0.85,0.84,21.19
2018-11-21,PLEIKU,14.005,108.017,0.67,21.92,28.37,18.16,18.54,21.93,83.61,14.2,94.4,1.58,50.2,21.08,31.25,0.84,0.83,23.36
2018-11-22,PLEIKU,14.005,108.017,2.47,22.21,27.28,19.15,19.6,22.2,86.38,15.15,94.42,2.84,51.3,13.78,33.33,0.84,0.83,81.72
2018-11-23,PLEIKU,14.005,108.017,9.3,22.25,26.81,20.01,19.87,22.24,87.35,15.43,94.36,2.92,43.5,10.71,33.85,0.85,0.83,95.12
2018-11-24,PLEIKU,14.005,108.017,9.53,21.93,25.75,20.23,20.38,21.9,91.41,15.93,94.33,2.44,57.3,8.07,34.56,0.86,0.84,98.99
2018-11-25,PLEIKU,14.005,108.017,21.26,21.98,25.06,19.9,21.25,21.97,95.66,16.86,94.26,2.04,60.9,8.23,33.99,0.9,0.86,99.3
2018-11-26,PLEIKU,14.005,108.017,17.12,21.03,25.13,18.75,19.75,21.01,92.72,15.36,94.37,2.36,56.2,8.73,33.35,0.91,0.88,93.21
2018-11-27,PLEIKU,14.005,108.017,2.08,22.34,28.03,18.15,20.33,22.39,89.42,15.92,94.44,1.6,55.9,10.03,33.43,0.87,0.87,41.4
2018-11-28,PLEIKU,14.005,108.017,4.53,22.98,28.58,19.51,20.52,23.03,87.48,16.06,94.5,1.72,65.1,15.88,33.19,0.87,0.86,53.0
2018-11-29,PLEIKU,14.005,108.017,4.96,22.1,27.09,19.21,20.11,22.11,89.53,15.63,94.57,2.25,68.6,9.04,33.57,0.87,0.86,68.79
2018-11-30,PLEIKU,14.005,108.017,0.89,22.15,27.57,18.82,19.79,22.15,87.89,15.33,94.52,2.13,66.7,16.32,32.2,0.86,0.86,36.17
2018-12-01,PLEIKU,14.005,108.017,2.44,22.52,27.86,19.35,20.21,22.55,88.04,15.76,94.36,1.94,62.5,15.15,33.25,0.86,0.85,56.11
2018-12-02,PLEIKU,14.005,108.017,0.35,22.24,28.15,18.85,19.74,22.25,87.13,15.32,94.32,1.98,70.0,16.84,32.22,0.85,0.85,35.81
2018-12-03,PLEIKU,14.005,108.017,0.21,22.54,28.07,19.16,19.65,22.55,85.28,15.22,94.38,1.96,65.1,14.67,33.53,0.84,0.84,90.78
2018-12-04,PLEIKU,14.005,108.017,0.22,22.45,28.15,17.98,19.95,22.44,87.19,15.53,94.36,2.2,70.6,14.98,32.72,0.84,0.84,74.81
2018-12-05,PLEIKU,14.005,108.017,0.0,21.86,27.65,18.07,18.5,21.87,83.2,14.19,94.23,1.92,57.1,16.19,32.45,0.84,0.83,82.44
2018-12-06,PLEIKU,14.005,108.017,5.01,23.09,28.53,20.26,20.39,23.11,86.15,15.96,94.22,2.24,63.6,12.61,34.37,0.84,0.83,79.04
2018-12-07,PLEIKU,14.005,108.017,2.08,22.22,26.4,19.94,20.57,22.19,90.97,16.13,94.31,2.25,67.5,11.66,34.03,0.84,0.84,98.16
2018-12-08,PLEIKU,14.005,108.017,17.59,22.79,27.55,20.05,20.33,22.78,87.18,15.87,94.37,2.49,72.0,11.43,34.45,0.87,0.84,89.69
2018-12-09,PLEIKU,14.005,108.017,11.22,21.97,26.49,19.79,20.2,21.96,90.51,15.74,94.37,2.25,65.6,7.16,33.97,0.88,0.86,90.2
2018-12-10,PLEIKU,14.005,108.017,13.66,22.44,27.06,19.83,20.65,22.44,90.44,16.2,94.38,2.2,74.8,7.6,34.55,0.89,0.87,76.52
2018-12-11,PLEIKU,14.005,108.017,2.59,22.23,27.5,19.27,20.13,22.22,88.95,15.67,94.47,2.42,67.5,9.61,33.9,0.86,0.86,76.03
2018-12-12,PLEIKU,14.005,108.017,3.5,21.4,26.74,18.28,19.12,21.38,87.57,14.72,94.59,3.23,59.2,9.4,33.91,0.85,0.85,81.09
2018-12-13,PLEIKU,14.005,108.017,5.27,21.4,26.4,18.76,19.35,21.38,88.96,14.9,94.62,3.01,56.3,8.57,34.39,0.86,0.85,90.81
2018-12-14,PLEIKU,14.005,108.017,6.44,21.85,25.99,19.94,19.8,21.83,88.7,15.33,94.58,3.31,55.1,7.99,33.86,0.86,0.85,84.51
2018-12-15,PLEIKU,14.005,108.017,2.93,22.32,26.37,20.26,20.08,22.29,87.67,15.6,94.58,3.15,59.3,7.22,34.25,0.85,0.85,80.71
2018-12-16,PLEIKU,14.005,108.017,2.03,22.16,27.33,18.7,19.39,22.13,85.27,14.93,94.62,3.07,54.1,8.36,34.15,0.84,0.84,82.04
2018-12-17,PLEIKU,14.005,108.017,1.55,20.26,25.55,16.58,17.95,20.23,87.51,13.65,94.64,2.69,55.2,7.31,34.04,0.84,0.84,93.44
2018-12-18,PLEIKU,14.005,108.017,0.05,20.04,25.74,16.27,17.3,20.07,85.78,13.1,94.6,2.09,54.9,12.62,32.72,0.84,0.83,63.64
2018-12-19,PLEIKU,14.005,108.017,0.0,21.47,27.44,17.15,18.93,21.5,86.99,14.53,94.56,1.69,69.8,14.05,32.5,0.83,0.83,60.6
2018-12-20,PLEIKU,14.005,108.017,0.0,22.14,28.28,17.57,18.93,22.1,84.16,14.56,94.41,1.17,78.7,16.52,32.29,0.83,0.83,72.07
2018-12-21,PLEIKU,14.005,108.017,0.0,21.99,28.88,16.64,18.84,22.01,84.41,14.5,94.31,1.27,56.5,17.54,31.26,0.83,0.82,49.86
2018-12-22,PLEIKU,14.005,108.017,0.32,21.28,27.28,17.91,17.97,21.32,83.41,13.7,94.35,1.76,48.6,16.5,31.55,0.82,0.82,91.83
2018-12-23,PLEIKU,14.005,108.017,5.69,21.51,26.36,18.75,19.6,21.53,89.68,15.19,94.29,2.06,45.9,10.14,33.71,0.83,0.82,98.26
2018-12-24,PLEIKU,14.005,108.017,3.55,21.12,25.91,18.34,19.54,21.15,91.35,15.16,94.2,1.79,40.8,8.01,33.99,0.83,0.82,96.68
2018-12-25,PLEIKU,14.005,108.017,1.67,22.55,27.81,19.19,20.57,22.6,89.64,16.18,94.15,1.47,59.3,9.82,33.97,0.83,0.82,75.25
2018-12-26,PLEIKU,14.005,108.017,1.43,22.99,28.75,19.73,20.49,23.04,87.11,16.09,94.1,1.7,58.9,11.26,34.61,0.83,0.82,95.01
2018-12-27,PLEIKU,14.005,108.017,6.59,20.53,24.25,18.29,19.35,20.49,93.01,15.02,94.18,2.69,53.6,8.27,33.04,0.84,0.82,99.51
2018-12-28,PLEIKU,14.005,108.017,9.41,20.54,23.91,18.49,18.9,20.5,90.67,14.53,94.32,2.85,49.7,9.17,33.32,0.85,0.83,98.79
2018-12-29,PLEIKU,14.005,108.017,12.95,20.96,25.19,18.72,19.12,20.93,89.64,14.71,94.44,3.43,57.9,7.49,33.75,0.87,0.84,99.05
2018-12-30,PLEIKU,14.005,108.017,3.37,20.02,25.14,16.07,17.38,19.99,85.37,13.19,94.61,3.39,48.4,9.87,32.34,0.84,0.84,98.86
2018-12-31,PLEIKU,14.005,108.017,7.2,17.91,22.17,15.89,15.57,17.9,86.69,11.7,94.68,3.57,41.5,8.81,32.09,0.84,0.84,95.68
2019-01-01,PLEIKU,14.005,108.017,9.51,17.92,21.61,15.98,15.55,17.91,86.3,11.69,94.65,3.66,37.7,7.62,32.76,0.86,0.84,98.1
2019-01-02,PLEIKU,14.005,108.017,4.41,18.63,23.06,16.54,15.98,18.63,85.03,12.04,94.62,3.37,40.3,8.2,33.15,0.84,0.84,98.14
2019-01-03,PLEIKU,14.005,108.017,1.41,20.97,24.93,18.4,19.44,20.97,91.42,15.0,94.65,2.28,57.5,8.35,33.91,0.84,0.84,89.55
2019-01-04,PLEIKU,14.005,108.017,0.28,22.06,27.16,19.26,19.76,22.09,87.87,15.28,94.66,2.3,70.2,8.82,33.99,0.83,0.83,83.51
2019-01-05,PLEIKU,14.005,108.017,1.01,21.51,26.91,18.47,19.05,21.52,87.26,14.62,94.65,2.34,69.5,11.5,34.34,0.83,0.83,81.62
2019-01-06,PLEIKU,14.005,108.017,0.46,20.77,26.17,17.35,18.55,20.79,88.31,14.16,94.65,2.48,70.8,10.13,33.13,0.82,0.82,71.06
2019-01-07,PLEIKU,14.005,108.017,0.02,20.48,25.93,17.5,17.78,20.5,85.97,13.49,94.58,2.5,62.0,17.21,32.34,0.82,0.82,61.54
2019-01-08,PLEIKU,14.005,108.017,0.42,20.92,26.56,17.51,18.31,20.93,86.58,13.96,94.58,2.36,71.5,12.27,32.78,0.82,0.81,63.99
2019-01-09,PLEIKU,14.005,108.017,0.91,20.86,26.18,17.86,18.52,20.89,87.76,14.14,94.6,2.25,72.4,11.79,33.02,0.81,0.81,78.55
2019-01-10,PLEIKU,14.005,108.017,0.49,20.35,25.69,17.1,17.93,20.38,87.45,13.63,94.57,2.13,70.6,14.44,31.48,0.81,0.81,50.76
2019-01-11,PLEIKU,14.005,108.017,0.25,20.91,26.16,17.59,18.21,20.95,86.11,13.88,94.55,2.05,65.3,15.75,32.96,0.81,0.8,78.55
2019-01-12,PLEIKU,14.005,108.017,0.04,20.5,26.16,17.01,17.68,20.54,85.29,13.42,94.53,2.27,63.7,14.86,32.09,0.8,0.8,70.73
2019-01-13,PLEIKU,14.005,108.017,0.0,20.23,26.54,16.22,17.31,20.27,85.06,13.12,94.45,2.09,63.8,17.08,31.06,0.8,0.8,35.74
2019-01-14,PLEIKU,14.005,108.017,0.04,19.6,25.87,15.59,16.52,19.65,84.39,12.49,94.36,1.99,60.3,18.86,30.82,0.8,0.79,47.51
2019-01-15,PLEIKU,14.005,108.017,2.81,20.77,26.71,17.35,17.95,20.84,85.48,13.67,94.42,2.05,56.9,13.12,33.19,0.8,0.79,85.07
2019-01-16,PLEIKU,14.005,108.017,8.94,20.65,26.2,17.58,18.63,20.7,89.39,14.27,94.45,2.25,65.0,10.86,33.27,0.82,0.79,82.0
2019-01-17,PLEIKU,14.005,108.017,17.95,20.3,25.6,16.97,18.39,20.31,89.63,14.05,94.48,3.1,65.1,8.12,33.34,0.86,0.81,93.62
2019-01-18,PLEIKU,14.005,108.017,2.18,19.28,24.61,16.26,16.97,19.32,87.76,12.82,94.51,2.42,58.4,12.29,31.67,0.82,0.81,70.19
2019-01-19,PLEIKU,14.005,108.017,0.02,20.43,26.11,16.83,17.59,20.47,85.44,13.35,94.45,2.16,60.8,12.32,32.25,0.81,0.81,58.1
2019-01-20,PLEIKU,14.005,108.017,0.17,20.91,26.73,16.98,17.9,20.98,84.44,13.62,94.46,1.9,60.3,14.19,32.44,0.8,0.8,86.69
2019-01-21,PLEIKU,14.005,108.017,1.99,20.59,26.2,17.11,17.99,20.62,86.43,13.69,94.55,2.42,46.4,14.39,32.93,0.8,0.8,85.91
2019-01-22,PLEIKU,14.005,108.017,2.54,18.79,24.66,14.84,16.45,18.82,87.52,12.4,94.68,2.5,53.6,8.89,32.55,0.8,0.8,90.65
2019-01-23,PLEIKU,14.005,108.017,0.11,17.69,24.02,13.33,14.46,17.77,83.33,10.9,94.61,2.13,59.4,11.59,30.37,0.79,0.79,86.48
2019-01-24,PLEIKU,14.005,108.017,0.0,17.38,24.02,12.37,14.06,17.48,83.1,10.63,94.6,1.94,62.1,17.21,29.99,0.79,0.79,64.83
2019-01-25,PLEIKU,14.005,108.017,0.17,17.93,24.77,14.04,14.04,18.04,81.1,10.61,94.71,1.76,54.5,21.71,29.43,0.79,0.78,57.02
2019-01-26,PLEIKU,14.005,108.017,0.87,18.45,23.83,14.78,15.83,18.5,86.3,11.91,94.69,2.46,53.3,8.94,32.67,0.78,0.78,87.78
2019-01-27,PLEIKU,14.005,108.017,0.1,17.37,23.88,13.2,14.35,17.46,84.59,10.82,94.66,2.03,52.1,11.76,30.82,0.78,0.78,49.73
2019-01-28,PLEIKU,14.005,108.017,0.22,19.61,25.84,15.82,16.35,19.71,83.66,12.32,94.59,1.87,61.6,18.38,31.94,0.78,0.77,61.58
2019-01-29,PLEIKU,14.005,108.017,0.27,20.16,26.59,15.82,17.07,20.25,84.36,12.9,94.61,2.04,69.7,11.71,32.27,0.78,0.77,66.71
2019-01-30,PLEIKU,14.005,108.017,0.04,19.35,25.98,13.98,16.11,19.45,83.58,12.14,94.62,1.98,71.3,16.47,31.09,0.77,0.77,51.61
2019-01-31,PLEIKU,14.005,108.017,0.0,18.59,25.83,13.96,14.62,18.68,80.62,11.02,94.67,2.0,57.4,20.81,29.0,0.77,0.76,22.15
2019-02-01,PLEIKU,14.005,108.017,0.08,18.98,25.44,14.85,15.42,19.09,82.4,11.61,94.6,2.02,59.8,18.32,30.55,0.76,0.76,36.59
2019-02-02,PLEIKU,14.005,108.017,0.02,20.83,27.93,16.25,16.94,20.95,81.14,12.82,94.5,1.45,74.3,14.69,31.7,0.76,0.75,44.08
2019-02-03,PLEIKU,14.005,108.017,0.0,22.39,29.18,18.05,18.76,22.45,82.47,14.39,94.56,1.45,85.5,21.3,31.99,0.76,0.75,28.5
2019-02-04,PLEIKU,14.005,108.017,0.0,22.19,28.8,17.54,18.86,22.3,83.35,14.46,94.57,1.76,86.2,20.59,32.96,0.76,0.75,40.63
2019-02-05,PLEIKU,14.005,108.017,0.0,22.5,29.65,17.09,18.93,22.62,82.39,14.57,94.46,1.52,90.0,17.15,32.41,0.75,0.75,64.38
2019-02-06,PLEIKU,14.005,108.017,0.0,22.07,29.42,17.31,18.23,22.09,81.89,13.94,94.39,1.31,99.9,21.45,31.72,0.75,0.74,21.3
2019-02-07,PLEIKU,14.005,108.017,0.0,23.71,31.76,18.46,19.49,23.55,80.73,15.1,94.41,0.97,85.4,21.88,31.99,0.75,0.74,16.39
2019-02-08,PLEIKU,14.005,108.017,0.0,23.36,31.94,17.38,18.23,23.28,77.48,13.99,94.36,1.23,90.5,22.48,30.7,0.74,0.73,10.8
2019-02-09,PLEIKU,14.005,108.017,0.0,23.04,31.39,17.11,18.35,23.16,78.5,14.06,94.48,1.36,92.5,21.92,31.32,0.74,0.73,17.14
2019-02-10,PLEIKU,14.005,108.017,0.0,21.13,28.64,16.08,17.37,21.25,82.06,13.14,94.77,2.12,80.3,22.89,29.67,0.73,0.73,16.26
2019-02-11,PLEIKU,14.005,108.017,0.04,20.7,27.1,17.34,16.6,20.86,80.37,12.49,94.85,2.3,65.0,21.37,31.6,0.73,0.73,48.82
2019-02-12,PLEIKU,14.005,108.017,0.01,20.19,27.0,14.65,16.44,20.34,81.66,12.36,94.92,2.35,73.3,16.05,31.6,0.73,0.72,42.35
2019-02-13,PLEIKU,14.005,108.017,0.0,19.62,27.0,14.9,15.25,19.8,79.38,11.47,94.77,2.09,72.6,21.98,29.54,0.72,0.72,30.93
2019-02-14,PLEIKU,14.005,108.017,0.0,20.27,27.37,15.75,16.51,20.45,81.68,12.44,94.67,2.09,78.4,21.86,30.2,0.72,0.72,26.95
2019-02-15,PLEIKU,14.005,108.017,0.0,20.64,27.6,15.71,16.62,20.78,80.86,12.53,94.68,2.02,80.4,23.43,30.1,0.72,0.72,9.0
2019-02-16,PLEIKU,14.005,108.017,0.0,21.94,28.89,17.19,17.4,22.13,79.13,13.22,94.54,1.6,93.8,23.84,30.37,0.71,0.71,13.35
2019-02-17,PLEIKU,14.005,108.017,0.0,22.49,29.27,18.23,17.92,22.71,78.84,13.68,94.39,1.48,110.3,21.84,31.51,0.71,0.71,22.73
2019-02-18,PLEIKU,14.005,108.017,0.0,23.06,29.17,18.94,19.29,23.2,81.85,14.88,94.41,1.38,138.8,19.57,32.74,0.71,0.71,25.25
2019-02-19,PLEIKU,14.005,108.017,0.0,23.64,30.44,18.8,19.49,23.85,80.64,15.05,94.57,1.44,100.5,20.84,32.21,0.71,0.71,36.07
2019-02-20,PLEIKU,14.005,108.017,0.0,23.2,30.41,18.46,18.74,23.42,79.21,14.33,94.66,1.7,93.7,22.0,32.3,0.7,0.7,29.31
2019-02-21,PLEIKU,14.005,108.017,0.0,23.63,31.0,18.46,19.24,23.87,79.39,14.82,94.5,1.59,89.8,21.37,32.48,0.7,0.7,33.08
2019-02-22,PLEIKU,14.005,108.017,0.0,22.42,30.27,16.99,17.65,22.63,77.94,13.41,94.43,2.06,93.3,22.3,31.67,0.7,0.7,13.82
2019-02-23,PLEIKU,14.005,108.017,0.0,22.19,29.92,17.49,17.12,22.34,76.66,12.99,94.33,1.67,94.7,22.32,31.63,0.7,0.7,21.6
2019-02-24,PLEIKU,14.005,108.017,0.5,21.39,26.95,16.75,17.99,21.52,82.66,13.72,94.38,1.64,86.4,15.61,33.71,0.7,0.7,57.81
2019-02-25,PLEIKU,14.005,108.017,0.42,22.02,29.3,17.43,17.68,22.23,79.78,13.45,94.44,2.12,83.5,20.17,31.88,0.7,0.7,29.73
2019-02-26,PLEIKU,14.005,108.017,0.15,21.43,28.5,16.7,17.53,21.65,81.48,13.31,94.41,2.22,80.9,22.23,30.72,0.69,0.69,20.77
2019-02-27,PLEIKU,14.005,108.017,0.0,21.59,29.32,15.91,16.95,21.83,78.82,12.86,94.27,2.03,79.5,23.19,29.94,0.69,0.69,18.65
2019-02-28,PLEIKU,14.005,108.017,0.0,21.77,29.65,16.45,16.54,22.03,76.8,12.55,94.31,1.92,83.9,25.04,30.53,0.69,0.69,12.38
2019-03-01,PLEIKU,14.005,108.017,0.0,21.38,29.57,15.45,16.48,21.63,77.87,12.46,94.33,2.0,88.6,24.24,29.95,0.68,0.68,13.63
2019-03-02,PLEIKU,14.005,108.017,0.0,21.97,30.67,16.59,16.15,21.87,73.87,12.24,94.15,1.45,100.9,24.35,30.56,0.68,0.68,6.43
2019-03-03,PLEIKU,14.005,108.017,0.0,23.96,32.3,18.38,18.37,24.16,75.24,14.15,94.08,1.17,108.3,22.01,33.48,0.68,0.68,24.05
2019-03-04,PLEIKU,14.005,108.017,0.0,22.68,30.75,16.97,17.98,22.89,78.35,13.74,94.14,1.9,112.9,22.76,31.27,0.67,0.68,34.69
2019-03-05,PLEIKU,14.005,108.017,0.0,24.49,32.54,19.45,18.23,24.39,72.36,14.02,94.21,1.05,121.9,22.79,32.46,0.67,0.68,15.38
2019-03-06,PLEIKU,14.005,108.017,0.0,25.44,33.42,19.78,18.19,24.85,68.69,13.98,94.26,1.18,102.9,22.41,32.44,0.67,0.67,13.79
2019-03-07,PLEIKU,14.005,108.017,0.0,25.19,33.3,19.44,18.74,25.49,72.85,14.48,94.29,1.35,102.4,21.77,33.27,0.67,0.67,30.32
2019-03-08,PLEIKU,14.005,108.017,0.0,24.15,32.05,18.53,18.83,24.47,76.24,14.48,94.31,1.42,108.5,21.0,33.42,0.66,0.67,32.34
2019-03-09,PLEIKU,14.005,108.017,0.0,25.24,33.12,19.16,18.21,24.81,69.05,13.99,94.23,0.97,183.7,22.55,32.61,0.66,0.67,13.06
2019-03-10,PLEIKU,14.005,108.017,0.07,25.47,32.34,20.42,19.01,25.33,71.03,14.66,94.3,1.49,323.2,20.25,34.49,0.66,0.66,42.36
2019-03-11,PLEIKU,14.005,108.017,0.22,25.41,32.19,20.66,20.21,25.73,76.49,15.81,94.32,1.36,86.4,13.48,36.56,0.66,0.66,73.53
2019-03-12,PLEIKU,14.005,108.017,0.41,24.36,30.9,20.17,20.26,24.61,80.45,15.82,94.38,1.4,98.0,11.31,35.4,0.67,0.66,84.08
2019-03-13,PLEIKU,14.005,108.017,1.53,23.51,29.59,18.93,19.76,23.71,81.9,15.32,94.48,1.64,98.5,14.21,34.78,0.67,0.66,73.03
2019-03-14,PLEIKU,14.005,108.017,0.25,22.98,29.52,18.68,17.62,23.16,75.37,13.42,94.57,1.72,87.6,17.1,33.42,0.66,0.66,42.93
2019-03-15,PLEIKU,14.005,108.017,0.0,23.41,30.72,18.21,18.18,23.69,76.14,13.87,94.56,2.09,68.2,17.41,34.03,0.66,0.66,50.61
2019-03-16,PLEIKU,14.005,108.017,0.01,23.38,30.5,18.25,18.56,23.68,77.44,14.18,94.56,2.54,62.2,17.22,34.24,0.65,0.66,48.49
2019-03-17,PLEIKU,14.005,108.017,0.0,23.47,30.86,17.82,18.48,23.76,77.33,14.14,94.52,2.28,70.1,20.0,32.52,0.65,0.66,38.56
2019-03-18,PLEIKU,14.005,108.017,0.0,23.21,31.5,17.16,16.97,23.49,73.81,12.93,94.42,2.05,77.5,25.76,30.31,0.65,0.65,12.92
2019-03-19,PLEIKU,14.005,108.017,0.0,23.89,32.58,17.7,16.98,24.24,72.15,13.04,94.31,1.77,90.1,26.33,31.04,0.64,0.65,10.84
2019-03-20,PLEIKU,14.005,108.017,0.0,24.56,32.8,19.08,17.89,24.9,72.06,13.74,94.25,1.56,99.9,25.09,31.09,0.64,0.65,15.14
2019-03-21,PLEIKU,14.005,108.017,0.44,25.45,33.38,20.41,19.42,25.76,73.7,15.07,94.21,1.1,110.1,21.93,33.63,0.64,0.65,58.31
2019-03-22,PLEIKU,14.005,108.017,3.41,25.4,32.65,20.67,20.84,25.65,79.05,16.44,94.19,1.21,98.5,19.56,34.34,0.67,0.65,73.48
2019-03-23,PLEIKU,14.005,108.017,1.5,25.58,33.38,20.84,19.67,25.86,74.91,15.35,94.25,2.25,95.0,21.22,33.9,0.65,0.65,71.36
2019-03-24,PLEIKU,14.005,108.017,0.77,23.93,30.99,19.84,19.39,24.24,78.74,15.0,94.32,2.32,83.0,14.17,34.91,0.65,0.65,84.05
2019-03-25,PLEIKU,14.005,108.017,0.01,23.04,29.63,18.65,17.8,23.3,75.84,13.56,94.45,2.38,74.3,15.35,33.21,0.64,0.65,48.31
2019-03-26,PLEIKU,14.005,108.017,0.03,23.62,30.94,18.65,18.47,23.96,76.32,14.11,94.53,2.48,79.2,21.71,32.75,0.63,0.65,36.28
2019-03-27,PLEIKU,14.005,108.017,0.0,24.19,32.29,18.59,18.18,24.55,73.48,13.88,94.44,2.08,94.0,24.05,32.03,0.63,0.64,27.56
2019-03-28,PLEIKU,14.005,108.017,0.01,25.82,33.83,20.3,19.0,26.03,70.74,14.73,94.18,1.17,124.0,24.93,33.37,0.62,0.64,34.25
2019-03-29,PLEIKU,14.005,108.017,1.94,26.57,33.07,22.14,21.06,26.66,75.24,16.75,94.08,1.15,177.7,18.55,34.23,0.63,0.64,78.14
2019-03-30,PLEIKU,14.005,108.017,7.89,24.84,28.89,21.26,22.03,24.88,85.69,17.7,94.17,1.3,124.3,14.57,35.41,0.69,0.65,93.85
2019-03-31,PLEIKU,14.005,108.017,2.53,23.64,28.61,20.71,19.75,23.77,81.45,15.39,94.41,1.24,94.0,13.98,34.78,0.69,0.66,97.22
2019-04-01,PLEIKU,14.005,108.017,1.94,24.25,31.95,18.75,18.79,24.49,76.38,14.47,94.43,1.94,89.2,19.52,34.08,0.66,0.66,66.87
2019-04-02,PLEIKU,14.005,108.017,0.06,24.56,32.4,19.16,18.19,24.91,72.95,13.99,94.36,1.57,79.8,22.11,34.02,0.65,0.65,58.13
2019-04-03,PLEIKU,14.005,108.017,0.02,25.12,32.68,20.53,19.15,25.5,73.27,14.78,94.38,1.39,79.7,17.89,34.83,0.64,0.65,85.18
2019-04-04,PLEIKU,14.005,108.017,0.03,24.67,30.51,20.92,19.84,24.92,76.86,15.44,94.36,1.23,84.5,21.02,34.06,0.64,0.65,80.86
2019-04-05,PLEIKU,14.005,108.017,0.0,25.21,31.99,20.48,19.84,25.54,75.36,15.42,94.36,1.73,86.2,20.96,33.64,0.63,0.64,64.26
2019-04-06,PLEIKU,14.005,108.017,0.0,25.6,34.21,20.18,18.09,25.98,67.44,13.85,94.28,1.52,92.7,22.57,33.15,0.62,0.64,29.33
2019-04-07,PLEIKU,14.005,108.017,0.0,25.85,34.32,19.84,18.51,26.27,69.27,14.27,94.24,1.39,107.5,24.38,33.4,0.62,0.64,37.3
2019-04-08,PLEIKU,14.005,108.017,1.82,26.13,34.98,19.74,19.44,26.51,71.89,15.09,94.14,1.37,110.4,22.32,34.31,0.62,0.63,61.22
2019-04-09,PLEIKU,14.005,108.017,0.05,26.33,36.07,19.42,18.05,26.63,66.79,13.87,94.16,1.32,105.5,25.17,33.4,0.62,0.63,37.44
2019-04-10,PLEIKU,14.005,108.017,0.0,26.67,36.82,20.01,16.91,26.95,62.57,13.01,94.08,1.31,101.7,25.82,32.62,0.6,0.63,40.15
2019-04-11,PLEIKU,14.005,108.017,0.14,27.24,35.92,21.96,18.87,27.61,66.58,14.76,94.01,1.33,97.6,26.02,33.82,0.6,0.63,62.31
2019-04-12,PLEIKU,14.005,108.017,13.52,27.82,36.67,22.18,20.83,28.11,72.19,16.62,94.04,1.14,120.2,21.48,34.82,0.69,0.64,87.23
2019-04-13,PLEIKU,14.005,108.017,1.27,26.47,32.41,22.25,21.58,26.6,77.6,17.26,94.18,0.91,104.3,21.58,34.2,0.66,0.65,87.73
2019-04-14,PLEIKU,14.005,108.017,1.38,26.43,32.08,22.95,22.06,26.25,79.43,17.76,94.22,0.58,214.2,17.95,35.07,0.65,0.65,93.03
2019-04-15,PLEIKU,14.005,108.017,8.35,25.82,30.89,22.05,22.08,25.83,82.01,17.76,94.21,0.94,128.0,18.37,34.61,0.69,0.65,87.33
2019-04-16,PLEIKU,14.005,108.017,10.82,26.37,32.24,21.66,22.3,26.31,81.01,18.05,94.18,0.78,82.3,22.48,34.66,0.74,0.67,73.27
2019-04-17,PLEIKU,14.005,108.017,6.76,26.1,31.8,21.77,22.14,26.0,81.27,17.84,94.14,0.88,126.9,20.52,34.82,0.73,0.68,84.29
2019-04-18,PLEIKU,14.005,108.017,0.43,25.57,30.0,22.22,22.4,25.32,83.98,18.12,94.04,0.95,233.3,20.28,34.09,0.69,0.68,66.66
2019-04-19,PLEIKU,14.005,108.017,0.0,25.24,28.98,22.07,22.55,24.75,85.77,18.3,93.92,1.28,268.8,20.2,34.35,0.68,0.67,61.11
2019-04-20,PLEIKU,14.005,108.017,0.16,27.15,32.47,21.59,22.0,26.43,75.25,17.73,93.83,1.28,250.7,20.21,35.18,0.67,0.66,65.22
2019-04-21,PLEIKU,14.005,108.017,0.12,27.33,33.57,22.29,21.91,27.18,75.24,17.67,93.84,1.12,164.2,21.9,33.82,0.66,0.66,50.99
2019-04-22,PLEIKU,14.005,108.017,0.0,26.4,33.77,20.92,20.76,26.56,74.57,16.4,94.0,1.33,113.6,25.85,33.31,0.65,0.65,44.02
2019-04-23,PLEIKU,14.005,108.017,0.0,26.92,35.03,20.88,20.14,27.17,71.59,15.81,94.14,1.4,102.3,25.43,33.57,0.63,0.64,34.23
2019-04-24,PLEIKU,14.005,108.017,0.01,27.64,36.88,21.28,19.62,27.95,67.7,15.31,94.06,1.49,105.3,27.44,32.09,0.62,0.64,8.42
2019-04-25,PLEIKU,14.005,108.017,0.01,27.68,36.43,21.25,19.82,28.06,67.34,15.5,94.02,1.28,106.6,25.84,33.35,0.62,0.63,52.1
2019-04-26,PLEIKU,14.005,108.017,0.02,27.43,36.27,20.85,19.62,27.8,67.76,15.3,94.03,1.42,107.0,26.47,33.14,0.61,0.63,47.07
2019-04-27,PLEIKU,14.005,108.017,0.95,26.89,35.43,21.09,19.71,27.25,69.98,15.38,94.14,1.47,116.4,22.86,34.65,0.61,0.63,62.41
2019-04-28,PLEIKU,14.005,108.017,9.31,26.27,34.3,21.33,21.27,26.4,78.24,16.93,94.21,1.05,147.5,19.91,34.49,0.68,0.64,77.95
2019-04-29,PLEIKU,14.005,108.017,0.5,27.21,34.93,21.48,20.85,27.39,72.03,16.48,94.12,1.01,144.3,23.24,33.61,0.64,0.64,44.5
2019-04-30,PLEIKU,14.005,108.017,0.12,27.84,33.67,23.54,21.81,27.95,72.72,17.53,94.02,0.97,236.2,22.09,34.62,0.62,0.63,53.13
2019-05-01,PLEIKU,14.005,108.017,3.41,25.88,30.73,21.92,21.82,25.72,80.12,17.52,94.07,0.98,52.0,20.15,34.31,0.64,0.63,60.66
2019-05-02,PLEIKU,14.005,108.017,10.6,25.25,29.31,22.28,22.68,25.18,86.76,18.43,94.14,1.16,99.3,18.86,35.1,0.72,0.65,51.56
2019-05-03,PLEIKU,14.005,108.017,2.1,27.04,33.52,22.36,22.06,26.91,77.8,17.79,94.19,0.68,122.6,20.75,35.55,0.67,0.65,44.46
2019-05-04,PLEIKU,14.005,108.017,0.64,27.63,33.52,23.24,22.34,27.67,76.14,18.12,94.13,0.9,218.6,17.51,35.36,0.65,0.65,81.01
2019-05-05,PLEIKU,14.005,108.017,0.25,26.11,30.99,22.99,22.44,26.22,82.02,18.17,93.98,1.48,264.8,19.32,34.71,0.64,0.64,93.26
2019-05-06,PLEIKU,14.005,108.017,3.6,26.34,30.85,23.13,22.71,26.25,82.03,18.51,93.85,1.44,252.4,21.43,35.25,0.66,0.64,76.54
2019-05-07,PLEIKU,14.005,108.017,5.67,26.37,30.14,23.16,22.9,26.04,82.19,18.76,93.82,0.76,221.9,17.91,35.18,0.69,0.65,97.9
2019-05-08,PLEIKU,14.005,108.017,7.05,24.77,27.64,22.24,23.12,24.67,91.06,18.99,93.85,0.97,275.8,14.2,35.08,0.71,0.66,97.92
2019-05-09,PLEIKU,14.005,108.017,7.74,25.06,30.21,22.11,22.01,24.94,84.88,17.75,93.9,1.05,263.6,17.03,34.16,0.71,0.67,99.14
2019-05-10,PLEIKU,14.005,108.017,8.07,24.69,29.63,21.89,21.73,24.74,85.39,17.41,94.05,0.99,250.9,14.71,34.99,0.72,0.67,98.02
2019-05-11,PLEIKU,14.005,108.017,10.67,24.81,29.65,22.21,22.35,24.82,87.67,18.09,94.06,0.81,127.3,14.76,34.55,0.75,0.68,85.61
2019-05-12,PLEIKU,14.005,108.017,6.27,24.55,28.09,21.78,22.36,24.47,88.5,18.1,94.04,0.84,166.4,20.58,34.6,0.74,0.69,75.22
2019-05-13,PLEIKU,14.005,108.017,0.3,26.06,31.39,21.96,21.23,25.81,76.93,16.89,93.98,1.24,215.5,23.06,34.62,0.69,0.68,37.39
2019-05-14,PLEIKU,14.005,108.017,2.12,25.75,31.11,21.95,21.84,25.82,81.17,17.5,94.06,1.58,245.4,22.17,34.6,0.69,0.67,54.36
2019-05-15,PLEIKU,14.005,108.017,2.66,25.72,30.36,22.3,22.54,25.54,84.07,18.25,94.12,1.5,251.6,23.44,34.2,0.69,0.67,27.29
2019-05-16,PLEIKU,14.005,108.017,2.16,25.84,31.14,23.02,22.58,25.94,84.03,18.31,94.08,1.7,251.0,22.84,34.75,0.68,0.67,67.9
2019-05-17,PLEIKU,14.005,108.017,0.56,25.11,29.85,22.26,21.99,25.17,84.22,17.67,93.98,1.77,249.1,23.86,34.07,0.67,0.66,72.27
2019-05-18,PLEIKU,14.005,108.017,0.04,26.6,32.81,22.95,21.77,26.74,77.43,17.46,93.95,1.94,247.6,25.46,34.0,0.65,0.65,25.31
2019-05-19,PLEIKU,14.005,108.017,2.88,26.15,31.23,22.44,22.58,26.25,82.56,18.32,94.04,1.7,252.0,24.7,34.83,0.66,0.65,30.24
2019-05-20,PLEIKU,14.005,108.017,7.77,26.15,30.47,22.97,23.26,25.99,85.27,19.11,94.02,1.24,246.8,22.98,34.54,0.72,0.66,38.12
2019-05-21,PLEIKU,14.005,108.017,6.12,24.91,28.16,22.63,22.93,24.67,89.21,18.72,94.07,1.08,272.1,20.59,34.44,0.72,0.67,82.27
2019-05-22,PLEIKU,14.005,108.017,6.66,24.83,28.48,22.43,23.1,24.74,90.74,18.9,94.12,1.0,259.9,20.93,35.35,0.72,0.67,96.79
2019-05-23,PLEIKU,14.005,108.017,14.14,25.42,29.64,22.63,22.82,25.44,86.95,18.61,94.14,0.86,240.7,20.39,35.11,0.76,0.69,87.88
2019-05-24,PLEIKU,14.005,108.017,14.03,24.38,28.71,21.52,22.1,24.14,87.9,17.79,94.06,1.24,253.3,21.63,34.46,0.79,0.71,89.32
2019-05-25,PLEIKU,14.005,108.017,11.79,25.36,30.45,22.43,22.28,25.41,84.88,18.0,93.96,1.59,237.9,18.01,34.63,0.75,0.71,84.63
2019-05-26,PLEIKU,14.005,108.017,14.01,23.53,26.28,21.74,22.35,23.54,93.31,18.07,93.97,1.32,226.7,20.59,34.62,0.81,0.73,82.28
2019-05-27,PLEIKU,14.005,108.017,0.41,25.18,29.2,22.47,22.67,25.2,87.2,18.44,93.94,1.54,234.5,22.73,34.66,0.73,0.72,80.04
2019-05-28,PLEIKU,14.005,108.017,3.25,24.74,27.87,22.82,22.8,24.66,89.59,18.58,93.93,1.02,260.2,20.22,34.37,0.73,0.71,95.8
2019-05-29,PLEIKU,14.005,108.017,11.4,22.9,25.51,20.45,21.82,22.83,93.77,17.51,94.04,1.39,290.8,18.82,34.46,0.77,0.71,99.54
2019-05-30,PLEIKU,14.005,108.017,7.49,25.31,30.17,21.92,21.87,25.23,83.46,17.61,94.04,0.95,194.5,17.3,34.74,0.76,0.72,96.12
2019-05-31,PLEIKU,14.005,108.017,0.77,25.9,31.72,21.98,21.87,25.84,81.19,17.6,94.0,0.89,196.2,21.68,34.08,0.72,0.71,79.38
2019-06-01,PLEIKU,14.005,108.017,2.1,26.2,31.68,21.95,21.96,26.03,80.06,17.68,94.02,1.03,234.2,24.84,33.59,0.72,0.7,70.88
2019-06-02,PLEIKU,14.005,108.017,36.16,25.74,30.06,22.94,23.29,25.69,87.62,19.16,94.0,0.81,233.7,21.61,34.42,0.83,0.73,88.95
2019-06-03,PLEIKU,14.005,108.017,2.1,25.55,29.65,22.26,22.57,25.34,84.66,18.31,94.04,1.15,209.4,21.17,34.64,0.74,0.73,87.41
2019-06-04,PLEIKU,14.005,108.017,2.34,24.81,27.55,22.03,22.89,24.58,89.53,18.69,94.03,0.99,197.3,22.91,35.01,0.75,0.72,75.57
2019-06-05,PLEIKU,14.005,108.017,0.65,25.69,31.09,21.78,21.96,25.68,82.13,17.65,94.04,1.14,127.8,23.76,34.4,0.72,0.71,68.15
2019-06-06,PLEIKU,14.005,108.017,5.96,24.27,29.54,20.5,21.02,24.15,83.71,16.64,94.18,1.36,121.9,23.79,33.83,0.74,0.71,53.3
2019-06-07,PLEIKU,14.005,108.017,2.26,26.22,31.94,22.29,21.76,26.21,79.46,17.46,94.14,1.11,183.5,25.41,34.65,0.72,0.7,38.82
2019-06-08,PLEIKU,14.005,108.017,0.06,25.56,30.22,22.36,22.5,25.6,84.53,18.22,94.03,1.41,245.4,23.36,34.52,0.7,0.69,48.57
2019-06-09,PLEIKU,14.005,108.017,1.19,25.74,30.35,22.71,22.5,25.82,83.88,18.25,93.9,1.91,239.1,23.31,34.43,0.69,0.68,76.95
2019-06-10,PLEIKU,14.005,108.017,0.61,25.39,29.32,23.16,22.88,25.46,86.84,18.68,93.85,2.2,253.0,22.28,34.79,0.69,0.68,71.41
2019-06-11,PLEIKU,14.005,108.017,5.44,25.7,29.83,23.1,22.9,25.77,85.79,18.71,93.89,2.39,252.8,20.7,34.74,0.71,0.68,84.0
2019-06-12,PLEIKU,14.005,108.017,0.78,25.22,28.33,23.02,23.14,25.25,88.83,18.98,93.91,1.9,257.6,23.12,34.56,0.7,0.68,74.47
2019-06-13,PLEIKU,14.005,108.017,2.2,24.92,27.53,23.23,22.78,24.95,88.62,18.57,93.92,1.57,258.7,21.59,34.51,0.7,0.68,93.92
2019-06-14,PLEIKU,14.005,108.017,2.5,23.87,26.33,22.17,22.61,23.87,92.93,18.37,93.93,1.8,246.7,20.32,34.94,0.7,0.68,99.01
2019-06-15,PLEIKU,14.005,108.017,9.96,25.59,30.09,23.25,22.6,25.67,85.22,18.38,93.9,1.85,267.7,19.65,34.55,0.73,0.68,98.49
2019-06-16,PLEIKU,14.005,108.017,25.0,24.71,28.1,22.99,22.96,24.75,90.73,18.77,93.93,1.83,249.5,14.21,34.41,0.82,0.71,98.61
2019-06-17,PLEIKU,14.005,108.017,11.52,23.93,26.32,22.32,22.75,23.94,93.44,18.53,93.93,1.96,245.6,19.84,34.58,0.81,0.74,94.28
2019-06-18,PLEIKU,14.005,108.017,14.2,24.06,27.5,21.95,22.55,24.06,91.81,18.29,93.95,1.66,257.0,19.48,34.93,0.81,0.74,66.53
2019-06-19,PLEIKU,14.005,108.017,6.61,25.21,29.08,23.0,23.43,25.02,90.51,19.32,93.89,1.21,275.3,21.17,35.51,0.8,0.75,75.38
2019-06-20,PLEIKU,14.005,108.017,3.16,25.3,28.51,22.81,23.59,25.29,90.93,19.52,93.91,1.17,249.0,23.57,35.43,0.76,0.74,39.78
2019-06-21,PLEIKU,14.005,108.017,12.16,25.74,29.78,22.8,23.81,25.55,89.93,19.81,93.83,1.09,237.1,24.57,34.42,0.81,0.75,31.45
2019-06-22,PLEIKU,14.005,108.017,13.19,26.57,31.2,23.24,23.44,26.54,84.59,19.36,93.81,1.22,228.8,25.79,34.24,0.8,0.74,44.41
2019-06-23,PLEIKU,14.005,108.017,15.1,24.85,27.92,22.7,23.03,24.77,90.13,18.86,93.9,1.49,259.0,24.16,34.73,0.83,0.77,79.1
2019-06-24,PLEIKU,14.005,108.017,0.41,25.28,29.23,22.4,22.55,25.32,85.82,18.28,94.04,2.01,251.4,22.46,34.01,0.76,0.75,94.68
2019-06-25,PLEIKU,14.005,108.017,0.98,24.39,27.49,22.75,22.49,24.43,89.67,18.21,94.08,1.88,250.7,18.4,34.37,0.75,0.74,85.34
2019-06-26,PLEIKU,14.005,108.017,8.85,24.91,28.27,22.48,22.75,24.95,88.62,18.54,93.87,2.29,246.9,22.07,34.18,0.77,0.73,77.54
2019-06-27,PLEIKU,14.005,108.017,9.52,23.56,25.79,22.08,22.43,23.56,93.54,18.19,93.76,2.6,252.5,21.39,34.48,0.8,0.75,78.42
2019-06-28,PLEIKU,14.005,108.017,13.96,24.57,28.34,22.38,22.39,24.62,88.54,18.15,93.75,3.11,252.5,21.79,34.34,0.81,0.75,83.08
2019-06-29,PLEIKU,14.005,108.017,11.07,23.71,27.31,22.03,21.84,23.76,89.94,17.54,93.8,2.99,255.1,18.11,34.64,0.81,0.76,93.37
2019-06-30,PLEIKU,14.005,108.017,10.58,24.13,27.48,21.76,22.27,24.16,89.95,18.02,93.77,2.88,257.7,18.6,34.71,0.81,0.76,94.93
2019-07-01,PLEIKU,14.005,108.017,22.07,23.17,26.32,20.82,21.52,23.18,90.9,17.22,93.67,3.09,252.8,9.84,33.86,0.84,0.77,99.43
2019-07-02,PLEIKU,14.005,108.017,24.08,20.64,22.8,18.81,19.35,20.64,92.46,15.04,93.67,3.59,244.8,7.03,33.7,0.88,0.8,99.21
2019-07-03,PLEIKU,14.005,108.017,9.79,21.71,24.97,19.93,19.95,21.75,90.22,15.59,93.82,3.56,242.9,10.48,34.28,0.84,0.8,97.24
2019-07-04,PLEIKU,14.005,108.017,7.89,22.98,26.77,20.21,20.94,23.03,89.08,16.56,94.01,2.66,242.3,15.22,34.76,0.82,0.79,83.74
2019-07-05,PLEIKU,14.005,108.017,2.06,24.01,28.31,21.66,21.71,24.06,88.16,17.39,93.92,2.2,257.9,21.74,34.33,0.79,0.78,55.63
2019-07-06,PLEIKU,14.005,108.017,2.6,24.8,29.02,22.12,22.41,24.86,87.69,18.16,93.83,2.06,257.5,18.94,35.23,0.78,0.76,84.22
2019-07-07,PLEIKU,14.005,108.017,1.55,24.13,27.85,21.49,22.26,24.16,89.79,17.98,93.95,2.09,250.1,19.72,34.66,0.77,0.76,87.71
2019-07-08,PLEIKU,14.005,108.017,2.91,23.32,26.33,21.23,21.18,23.34,88.4,16.79,94.05,2.28,248.6,21.44,34.67,0.77,0.75,62.42
2019-07-09,PLEIKU,14.005,108.017,1.98,24.26,28.43,22.01,21.77,24.33,87.12,17.44,93.98,2.38,256.2,21.25,34.6,0.77,0.75,87.69
2019-07-10,PLEIKU,14.005,108.017,0.95,24.19,27.71,22.12,21.75,24.24,87.16,17.4,94.06,2.24,255.1,21.87,33.78,0.76,0.74,81.25
2019-07-11,PLEIKU,14.005,108.017,0.22,22.47,25.44,19.66,20.73,22.37,90.16,16.31,94.22,1.6,260.6,22.7,33.91,0.75,0.74,89.72
2019-07-12,PLEIKU,14.005,108.017,1.86,25.01,29.29,22.2,22.23,25.06,85.78,17.92,94.07,1.83,254.1,22.43,33.98,0.75,0.74,46.61
2019-07-13,PLEIKU,14.005,108.017,0.67,24.24,28.12,22.01,22.06,24.27,88.48,17.74,93.96,1.95,252.4,23.73,34.46,0.75,0.73,45.76
2019-07-14,PLEIKU,14.005,108.017,7.45,23.92,26.92,21.62,22.48,23.93,91.94,18.24,93.79,2.16,251.7,23.12,34.39,0.78,0.74,53.07
2019-07-15,PLEIKU,14.005,108.017,0.76,24.47,28.61,21.92,22.14,24.52,87.79,17.88,93.77,1.84,266.9,21.04,34.47,0.75,0.74,58.98
2019-07-16,PLEIKU,14.005,108.017,1.9,25.16,29.5,21.76,22.64,25.2,87.09,18.49,93.68,1.65,231.6,22.71,34.55,0.75,0.73,63.46
2019-07-17,PLEIKU,14.005,108.017,0.12,24.81,28.52,22.24,22.28,24.85,86.75,18.05,93.65,1.67,248.8,20.18,34.06,0.74,0.73,98.15
2019-07-18,PLEIKU,14.005,108.017,0.04,24.72,28.88,22.1,22.26,24.78,87.13,18.02,93.68,1.61,241.7,18.69,34.05,0.74,0.73,98.45
2019-07-19,PLEIKU,14.005,108.017,0.47,25.48,29.88,22.46,22.56,25.53,85.21,18.35,93.79,1.87,247.5,23.54,33.8,0.73,0.72,73.88
2019-07-20,PLEIKU,14.005,108.017,0.46,24.92,28.82,22.49,22.4,24.97,86.98,18.13,93.9,1.79,253.9,22.17,34.57,0.73,0.72,76.61
2019-07-21,PLEIKU,14.005,108.017,12.94,24.77,28.1,22.66,22.75,24.8,89.3,18.53,93.91,1.58,257.3,20.85,34.36,0.78,0.72,88.07
2019-07-22,PLEIKU,14.005,108.017,8.84,23.95,26.53,22.26,23.08,23.95,94.98,18.91,93.89,1.58,263.1,19.19,35.13,0.8,0.75,97.67
2019-07-23,PLEIKU,14.005,108.017,0.59,24.13,27.56,21.78,22.12,24.14,89.13,17.82,93.91,2.14,258.7,23.38,33.81,0.76,0.75,72.6
2019-07-24,PLEIKU,14.005,108.017,1.75,24.37,28.66,22.04,21.95,24.42,87.49,17.63,94.01,1.76,264.0,23.66,33.83,0.76,0.74,70.01
2019-07-25,PLEIKU,14.005,108.017,1.96,23.52,26.74,21.22,21.51,23.55,89.22,17.13,94.1,2.11,253.8,18.8,34.79,0.75,0.74,91.76
2019-07-26,PLEIKU,14.005,108.017,8.45,23.5,26.58,21.72,21.99,23.53,91.79,17.67,94.0,1.7,252.8,17.66,34.4,0.78,0.74,92.33
2019-07-27,PLEIKU,14.005,108.017,8.67,23.25,26.02,21.29,22.09,23.28,93.49,17.8,93.9,1.7,253.9,17.2,35.05,0.79,0.75,96.42
2019-07-28,PLEIKU,14.005,108.017,9.48,22.42,25.88,20.5,20.98,22.45,91.91,16.6,93.95,2.36,245.6,13.44,34.62,0.8,0.75,93.38
2019-07-29,PLEIKU,14.005,108.017,9.32,22.39,25.01,20.69,20.88,22.43,91.64,16.5,93.95,2.06,248.8,12.38,34.25,0.81,0.76,93.65
2019-07-30,PLEIKU,14.005,108.017,24.56,22.65,25.08,21.07,21.3,22.66,92.39,16.98,93.69,2.62,253.0,10.31,34.25,0.82,0.77,99.61
2019-07-31,PLEIKU,14.005,108.017,29.62,21.39,23.15,19.77,20.41,21.37,94.2,16.08,93.69,3.12,256.0,6.9,33.81,0.9,0.81,99.33
2019-08-01,PLEIKU,14.005,108.017,20.91,22.86,26.27,20.91,20.88,22.91,89.22,16.54,93.72,3.88,249.1,8.68,34.14,0.88,0.82,99.41
2019-08-02,PLEIKU,14.005,108.017,24.44,22.6,25.77,19.55,20.82,22.61,90.18,16.49,93.72,3.65,246.7,10.18,34.72,0.9,0.83,99.17
2019-08-03,PLEIKU,14.005,108.017,28.15,23.16,26.13,20.52,21.14,23.22,89.09,16.86,93.59,3.58,253.5,11.97,34.8,0.89,0.84,98.83
2019-08-04,PLEIKU,14.005,108.017,32.27,22.34,25.15,21.15,21.09,22.34,92.94,16.77,93.6,2.5,257.2,14.29,35.02,0.92,0.85,95.47
2019-08-05,PLEIKU,14.005,108.017,23.85,22.93,25.6,20.91,21.82,22.93,93.71,17.54,93.68,2.36,251.0,16.97,35.05,0.92,0.87,90.54
2019-08-06,PLEIKU,14.005,108.017,23.77,23.96,27.83,21.86,22.56,23.98,92.34,18.38,93.64,1.86,268.6,15.23,35.34,0.9,0.87,91.72
2019-08-07,PLEIKU,14.005,108.017,16.11,23.53,25.58,22.46,22.75,23.53,95.42,18.61,93.44,2.07,264.8,14.37,35.46,0.9,0.87,95.61
2019-08-08,PLEIKU,14.005,108.017,4.07,23.98,26.86,21.95,22.76,23.98,93.14,18.64,93.4,2.03,246.0,17.41,34.82,0.86,0.86,83.05
2019-08-09,PLEIKU,14.005,108.017,8.64,23.73,25.8,21.9,23.1,23.72,96.25,19.04,93.45,2.02,250.6,18.04,35.01,0.87,0.85,74.52
2019-08-10,PLEIKU,14.005,108.017,7.62,23.88,27.08,21.86,22.2,23.9,90.76,17.95,93.68,2.11,238.4,20.83,35.65,0.86,0.85,82.04
2019-08-11,PLEIKU,14.005,108.017,8.3,24.17,27.77,21.67,22.4,24.21,90.52,18.15,93.81,2.4,241.4,16.81,35.13,0.87,0.85,81.08
2019-08-12,PLEIKU,14.005,108.017,3.41,24.83,28.47,22.86,22.91,24.87,89.7,18.71,93.89,2.48,247.5,18.56,34.91,0.85,0.84,94.02
2019-08-13,PLEIKU,14.005,108.017,2.61,24.7,27.78,22.64,22.69,24.73,89.25,18.46,93.97,2.49,254.2,19.09,34.81,0.84,0.84,90.27
2019-08-14,PLEIKU,14.005,108.017,5.01,24.68,28.62,22.75,22.82,24.72,90.19,18.6,93.93,2.01,263.4,18.47,35.18,0.85,0.84,89.48
2019-08-15,PLEIKU,14.005,108.017,5.72,24.81,27.99,22.69,23.25,24.83,91.6,19.12,93.87,2.15,250.3,17.74,35.02,0.85,0.84,96.05
2019-08-16,PLEIKU,14.005,108.017,10.78,23.83,26.29,21.88,22.85,23.83,94.35,18.63,93.96,2.32,238.7,17.67,34.44,0.87,0.84,94.87
2019-08-17,PLEIKU,14.005,108.017,8.79,24.21,27.56,21.99,22.6,24.24,91.08,18.32,94.09,2.53,239.6,18.14,34.74,0.87,0.85,93.55
2019-08-18,PLEIKU,14.005,108.017,0.48,24.3,27.67,22.19,22.13,24.34,88.54,17.8,94.08,1.97,259.6,21.35,34.06,0.84,0.84,83.72
2019-08-19,PLEIKU,14.005,108.017,9.16,24.31,27.55,22.54,22.54,24.33,90.51,18.3,93.88,1.88,259.8,22.92,34.35,0.86,0.84,76.48
2019-08-20,PLEIKU,14.005,108.017,12.62,23.73,26.21,22.23,22.88,23.73,95.07,18.69,93.85,1.81,249.9,13.2,34.65,0.89,0.86,96.88
2019-08-21,PLEIKU,14.005,108.017,12.89,23.79,27.02,21.57,22.3,23.76,91.87,18.01,93.98,1.78,253.2,18.48,34.43,0.87,0.85,99.11
2019-08-22,PLEIKU,14.005,108.017,4.23,23.75,27.77,21.96,21.5,23.78,88.47,17.15,94.05,1.81,264.0,17.01,34.32,0.87,0.86,96.16
2019-08-23,PLEIKU,14.005,108.017,5.4,24.06,26.97,22.14,22.51,24.08,91.49,18.24,93.96,2.06,248.7,13.94,34.93,0.86,0.86,99.0
2019-08-24,PLEIKU,14.005,108.017,5.89,23.07,26.38,21.09,21.81,23.08,92.93,17.49,93.9,1.9,256.0,17.24,34.63,0.86,0.86,95.4
2019-08-25,PLEIKU,14.005,108.017,7.57,23.81,27.28,21.95,22.21,23.85,91.34,17.93,93.9,2.23,249.1,15.69,34.34,0.87,0.86,99.24
2019-08-26,PLEIKU,14.005,108.017,1.67,22.88,25.77,21.13,21.68,22.86,93.21,17.34,93.92,1.66,246.3,19.33,34.69,0.86,0.86,94.15
2019-08-27,PLEIKU,14.005,108.017,0.16,24.95,29.43,22.4,22.54,24.99,87.64,18.3,93.83,1.7,257.1,19.8,34.54,0.85,0.85,82.26
2019-08-28,PLEIKU,14.005,108.017,64.51,23.66,26.19,21.71,22.63,23.63,94.06,18.42,93.74,1.34,258.4,14.51,34.75,0.91,0.86,98.86
2019-08-29,PLEIKU,14.005,108.017,33.36,23.11,26.09,20.63,22.2,23.1,94.7,18.03,93.4,2.81,232.9,5.22,33.6,0.95,0.91,99.09
2019-08-30,PLEIKU,14.005,108.017,15.79,23.17,26.17,21.17,21.76,23.2,92.14,17.49,93.68,2.43,226.3,13.35,34.3,0.92,0.91,95.77
2019-08-31,PLEIKU,14.005,108.017,9.91,24.33,27.98,22.14,22.45,24.37,90.07,18.22,93.83,2.3,242.4,16.16,35.08,0.9,0.9,95.71
2019-09-01,PLEIKU,14.005,108.017,22.25,23.28,25.73,21.98,22.3,23.29,94.38,18.05,93.76,1.96,255.0,12.24,34.53,0.93,0.9,99.5
2019-09-02,PLEIKU,14.005,108.017,35.43,22.57,24.25,21.11,21.77,22.54,95.21,17.54,93.39,3.83,236.1,10.11,34.47,0.95,0.92,99.62
2019-09-03,PLEIKU,14.005,108.017,33.86,21.92,23.53,20.69,20.75,21.91,93.15,16.47,93.36,4.58,231.2,9.96,34.23,0.96,0.93,98.93
2019-09-04,PLEIKU,14.005,108.017,21.07,23.23,26.28,21.45,21.71,23.25,91.45,17.46,93.48,4.63,240.0,12.62,34.57,0.94,0.93,98.37
2019-09-05,PLEIKU,14.005,108.017,8.55,23.99,27.59,21.86,22.26,24.01,90.65,18.03,93.67,3.33,251.9,13.39,33.68,0.92,0.92,99.41
2019-09-06,PLEIKU,14.005,108.017,18.0,23.95,27.61,21.94,22.37,23.97,91.41,18.12,93.78,2.42,259.8,14.4,34.6,0.93,0.92,97.12
2019-09-07,PLEIKU,14.005,108.017,24.31,23.99,26.8,22.3,22.9,23.99,93.84,18.69,93.91,2.21,255.5,14.48,35.42,0.95,0.94,93.95
2019-09-08,PLEIKU,14.005,108.017,18.83,23.58,26.92,21.91,22.57,23.58,94.33,18.32,93.94,2.16,249.2,15.25,35.32,0.94,0.94,92.49
2019-09-09,PLEIKU,14.005,108.017,7.11,23.34,26.85,20.72,22.14,23.35,93.25,17.87,93.96,2.36,242.6,17.98,34.59,0.93,0.94,94.86
2019-09-10,PLEIKU,14.005,108.017,11.4,23.15,27.04,20.29,21.86,23.17,92.93,17.5,94.19,1.83,271.0,16.64,34.14,0.93,0.94,92.35
2019-09-11,PLEIKU,14.005,108.017,3.38,23.63,27.76,21.16,21.42,23.66,88.55,17.0,94.28,1.64,275.8,19.16,34.81,0.92,0.93,80.09
2019-09-12,PLEIKU,14.005,108.017,20.87,23.74,26.9,21.6,22.22,23.68,91.77,17.92,94.07,1.19,248.0,18.75,34.68,0.95,0.94,83.43
2019-09-13,PLEIKU,14.005,108.017,25.1,23.3,26.26,20.69,21.98,23.16,92.61,17.68,94.0,1.07,210.2,9.94,34.09,0.96,0.95,88.47
2019-09-14,PLEIKU,14.005,108.017,2.05,23.72,27.98,20.41,20.46,23.35,83.41,16.1,94.01,0.65,78.2,21.09,33.41,0.93,0.95,66.21
2019-09-15,PLEIKU,14.005,108.017,11.75,24.51,29.26,21.33,21.28,24.39,84.15,16.97,93.93,0.9,77.4,18.35,34.51,0.94,0.95,87.63
2019-09-16,PLEIKU,14.005,108.017,8.24,24.28,28.8,20.44,21.02,24.29,84.14,16.71,93.9,1.01,79.6,16.49,34.41,0.93,0.95,71.19
2019-09-17,PLEIKU,14.005,108.017,4.95,24.04,29.83,19.88,21.25,24.01,86.29,16.94,93.99,1.01,66.6,19.42,33.85,0.93,0.94,73.77
2019-09-18,PLEIKU,14.005,108.017,15.19,24.47,29.15,20.82,21.48,24.46,85.24,17.15,94.1,0.8,74.6,19.66,34.72,0.94,0.94,80.89
2019-09-19,PLEIKU,14.005,108.017,30.62,23.51,27.73,20.96,21.42,23.42,89.02,17.04,94.2,0.87,227.1,12.38,34.79,0.96,0.95,97.27
2019-09-20,PLEIKU,14.005,108.017,21.76,23.69,27.43,21.09,21.69,23.66,89.4,17.34,94.09,0.95,213.0,10.7,34.63,0.96,0.97,94.64
2019-09-21,PLEIKU,14.005,108.017,33.72,22.98,26.15,20.77,21.95,22.96,94.16,17.61,94.16,1.15,208.8,17.8,34.64,0.97,0.98,66.41
2019-09-22,PLEIKU,14.005,108.017,1.49,23.51,28.61,19.97,21.05,23.51,87.41,16.64,94.38,0.88,75.6,14.39,34.2,0.95,0.97,67.47
2019-09-23,PLEIKU,14.005,108.017,0.33,22.84,28.39,19.12,19.97,22.86,85.26,15.52,94.47,1.84,57.7,17.44,34.05,0.94,0.97,60.24
2019-09-24,PLEIKU,14.005,108.017,2.06,23.07,28.83,18.92,20.17,23.08,85.42,15.72,94.46,2.09,52.1,17.81,34.67,0.94,0.96,52.59
2019-09-25,PLEIKU,14.005,108.017,23.31,23.74,28.88,20.58,21.94,23.76,90.37,17.54,94.48,2.26,57.5,15.39,35.03,0.96,0.97,85.16
2019-09-26,PLEIKU,14.005,108.017,3.16,23.0,27.85,18.98,20.73,23.0,88.05,16.29,94.5,2.04,53.6,13.95,33.8,0.94,0.97,75.07
2019-09-27,PLEIKU,14.005,108.017,4.64,23.59,29.03,20.39,20.6,23.61,85.07,16.15,94.46,1.95,44.0,13.51,34.95,0.93,0.96,76.61
2019-09-28,PLEIKU,14.005,108.017,1.47,22.77,28.34,18.25,20.41,22.77,87.89,15.98,94.43,1.84,52.1,16.07,33.42,0.93,0.95,54.75
2019-09-29,PLEIKU,14.005,108.017,0.07,23.96,30.16,19.55,20.03,24.0,81.43,15.64,94.31,1.16,48.9,20.46,33.23,0.92,0.94,38.83
2019-09-30,PLEIKU,14.005,108.017,0.36,24.72,30.76,20.63,21.56,24.75,84.44,17.19,94.19,0.92,107.8,19.37,34.51,0.92,0.94,65.95
2019-10-01,PLEIKU,14.005,108.017,5.35,24.73,29.38,21.59,22.06,24.69,86.43,17.71,94.23,1.16,189.6,18.46,34.79,0.92,0.93,74.76
2019-10-02,PLEIKU,14.005,108.017,2.11,24.0,27.84,20.71,22.11,23.9,90.01,17.78,94.26,0.96,176.3,17.61,34.23,0.92,0.94,72.36
2019-10-03,PLEIKU,14.005,108.017,4.26,25.24,30.74,21.2,21.58,25.16,82.64,17.25,94.23,0.89,210.1,18.47,34.13,0.92,0.93,79.81
2019-10-04,PLEIKU,14.005,108.017,28.96,23.44,27.17,20.44,21.04,23.35,87.58,16.68,94.21,0.94,116.6,20.5,33.67,0.96,0.95,52.77
2019-10-05,PLEIKU,14.005,108.017,3.54,23.42,27.34,19.88,21.18,23.38,88.34,16.8,94.25,1.01,84.6,17.38,33.23,0.93,0.95,86.65
2019-10-06,PLEIKU,14.005,108.017,0.5,22.57,27.45,18.69,19.96,22.61,86.51,15.55,94.27,1.31,61.7,20.28,32.26,0.92,0.95,66.69
2019-10-07,PLEIKU,14.005,108.017,0.75,24.03,29.74,20.06,21.02,24.1,85.09,16.62,94.24,1.37,69.0,19.37,33.52,0.92,0.94,55.96
2019-10-08,PLEIKU,14.005,108.017,3.36,23.97,29.25,20.76,20.77,24.0,84.26,16.34,94.3,1.48,77.4,19.95,33.26,0.92,0.93,59.2
2019-10-09,PLEIKU,14.005,108.017,2.78,23.47,28.94,19.99,20.79,23.44,86.71,16.38,94.25,1.55,66.0,17.37,33.66,0.91,0.93,45.3
2019-10-10,PLEIKU,14.005,108.017,11.66,23.88,29.41,20.25,21.34,23.93,87.34,16.96,94.24,1.24,69.2,17.42,34.72,0.93,0.93,70.62
2019-10-11,PLEIKU,14.005,108.017,4.62,23.54,29.37,20.0,21.04,23.6,87.5,16.65,94.19,1.25,71.3,19.92,32.96,0.92,0.93,27.96
2019-10-12,PLEIKU,14.005,108.017,4.19,23.27,29.33,18.74,20.62,23.31,86.74,16.23,94.19,1.68,64.2,20.79,32.43,0.91,0.93,27.64
2019-10-13,PLEIKU,14.005,108.017,1.02,23.1,28.94,19.55,19.94,23.12,84.38,15.51,94.31,1.89,61.2,19.76,33.6,0.9,0.92,66.39
2019-10-14,PLEIKU,14.005,108.017,14.65,23.51,28.45,20.75,21.17,23.54,87.94,16.72,94.36,2.15,66.6,12.88,34.25,0.92,0.92,96.62
2019-10-15,PLEIKU,14.005,108.017,19.87,22.77,26.78,20.09,21.45,22.74,92.67,17.04,94.35,2.19,67.9,10.0,34.67,0.94,0.93,97.9
2019-10-16,PLEIKU,14.005,108.017,25.68,23.62,28.16,21.09,21.85,23.62,90.53,17.45,94.31,2.66,67.6,5.46,34.15,0.95,0.95,98.55
2019-10-17,PLEIKU,14.005,108.017,12.41,23.28,27.97,20.83,21.24,23.25,89.2,16.82,94.29,2.83,60.9,11.35,34.27,0.94,0.95,90.88
2019-10-18,PLEIKU,14.005,108.017,5.98,23.3,27.89,20.69,21.34,23.29,89.49,16.92,94.34,2.69,62.4,9.42,34.88,0.93,0.94,93.07
2019-10-19,PLEIKU,14.005,108.017,5.56,22.07,26.07,18.74,20.77,22.02,92.53,16.38,94.41,2.36,64.5,9.8,33.67,0.93,0.94,66.56
2019-10-20,PLEIKU,14.005,108.017,1.4,22.49,28.05,18.03,20.02,22.49,87.21,15.61,94.34,2.35,62.3,18.66,33.48,0.92,0.94,48.88
2019-10-21,PLEIKU,14.005,108.017,0.04,22.2,27.94,18.2,19.24,22.22,85.19,14.87,94.2,1.87,57.8,17.23,32.36,0.91,0.93,39.09
2019-10-22,PLEIKU,14.005,108.017,3.39,22.95,29.41,17.71,19.95,22.98,85.16,15.58,94.1,1.54,67.8,20.45,31.97,0.91,0.92,27.59
2019-10-23,PLEIKU,14.005,108.017,0.37,23.7,30.34,19.48,19.94,23.74,82.57,15.57,94.17,1.23,79.7,20.53,32.28,0.91,0.92,30.79
2019-10-24,PLEIKU,14.005,108.017,0.06,23.6,29.68,19.06,20.45,23.64,84.54,16.03,94.29,1.67,68.6,21.01,32.05,0.9,0.91,25.48
2019-10-25,PLEIKU,14.005,108.017,1.54,23.85,29.5,20.23,20.94,23.89,85.5,16.53,94.29,1.78,64.6,13.52,34.12,0.9,0.9,52.33
2019-10-26,PLEIKU,14.005,108.017,2.73,23.44,28.5,20.5,20.95,23.45,87.39,16.52,94.29,2.13,67.2,15.53,34.57,0.89,0.9,60.62
2019-10-27,PLEIKU,14.005,108.017,2.9,23.36,28.56,19.97,21.12,23.36,88.38,16.71,94.23,2.25,68.0,12.27,34.28,0.89,0.9,61.61
2019-10-28,PLEIKU,14.005,108.017,1.53,22.82,28.43,19.12,20.15,22.82,86.45,15.72,94.25,2.12,54.3,16.22,33.31,0.89,0.89,58.74
2019-10-29,PLEIKU,14.005,108.017,5.22,22.46,27.69,18.86,20.3,22.49,88.66,15.89,94.16,2.22,45.8,12.52,34.29,0.89,0.89,97.48
2019-10-30,PLEIKU,14.005,108.017,77.19,23.21,27.21,20.58,21.09,23.23,88.48,16.78,93.63,2.87,4.0,5.28,34.1,0.97,0.92,99.03
2019-10-31,PLEIKU,14.005,108.017,17.86,22.51,25.04,20.89,21.78,22.49,95.63,17.47,93.93,2.09,104.1,4.23,34.33,0.95,0.94,99.12
2019-11-01,PLEIKU,14.005,108.017,6.15,22.33,25.62,19.79,21.19,22.33,93.55,16.79,94.18,1.34,80.8,15.48,33.72,0.93,0.94,87.74
2019-11-02,PLEIKU,14.005,108.017,19.07,22.46,25.11,20.46,21.2,22.31,92.86,16.8,94.16,1.27,56.2,9.71,34.09,0.94,0.94,98.8
2019-11-03,PLEIKU,14.005,108.017,10.47,21.85,25.18,19.45,20.95,21.8,94.8,16.56,94.16,1.4,21.4,8.95,33.73,0.94,0.95,98.42
2019-11-04,PLEIKU,14.005,108.017,4.37,20.34,23.8,17.73,19.31,20.29,93.97,14.95,94.2,1.59,23.3,6.53,33.07,0.93,0.94,86.96
2019-11-05,PLEIKU,14.005,108.017,1.93,21.49,27.24,17.27,19.03,21.56,87.16,14.73,94.1,1.52,39.3,11.21,32.75,0.92,0.94,93.4
2019-11-06,PLEIKU,14.005,108.017,0.01,22.47,27.76,18.84,19.55,22.38,85.1,15.23,94.04,1.09,13.4,17.19,32.53,0.92,0.93,91.61
2019-11-07,PLEIKU,14.005,108.017,0.16,20.97,26.48,16.92,18.21,20.98,85.8,13.93,94.25,1.67,43.3,13.13,32.81,0.91,0.93,93.23
2019-11-08,PLEIKU,14.005,108.017,0.09,19.57,25.3,16.16,16.71,19.55,85.05,12.64,94.39,2.11,35.7,8.51,32.02,0.91,0.92,97.98
2019-11-09,PLEIKU,14.005,108.017,8.83,19.75,24.93,16.52,16.74,19.79,84.22,12.68,94.26,1.89,14.1,11.37,32.74,0.91,0.92,99.0
2019-11-10,PLEIKU,14.005,108.017,50.56,21.08,24.49,17.34,19.26,21.07,89.61,14.99,93.72,3.66,6.7,6.66,33.69,0.97,0.94,99.16
2019-11-11,PLEIKU,14.005,108.017,10.78,22.14,25.74,19.64,20.69,22.11,91.93,16.33,93.86,2.51,77.6,6.98,35.21,0.94,0.95,83.28
2019-11-12,PLEIKU,14.005,108.017,4.64,21.75,25.53,19.32,20.35,21.74,92.27,15.92,94.25,1.5,114.1,14.72,33.12,0.93,0.94,42.85
2019-11-13,PLEIKU,14.005,108.017,11.1,22.25,27.98,18.55,20.27,22.27,89.49,15.86,94.42,2.18,66.2,10.91,33.95,0.93,0.94,80.57
2019-11-14,PLEIKU,14.005,108.017,2.32,20.08,24.82,16.55,17.64,20.06,87.06,13.4,94.39,2.96,54.7,17.69,32.72,0.92,0.94,51.73
2019-11-15,PLEIKU,14.005,108.017,1.39,21.14,26.32,17.81,19.07,21.15,89.02,14.69,94.31,2.23,67.7,12.96,33.16,0.92,0.93,74.39
2019-11-16,PLEIKU,14.005,108.017,0.36,22.25,27.9,18.54,19.79,22.28,87.33,15.37,94.32,1.55,74.2,11.93,32.57,0.91,0.92,49.02
2019-11-17,PLEIKU,14.005,108.017,0.02,23.16,29.15,18.98,20.23,23.19,85.43,15.83,94.3,1.13,76.0,17.46,33.14,0.91,0.92,55.8
2019-11-18,PLEIKU,14.005,108.017,0.72,21.46,27.54,17.12,18.68,21.48,85.84,14.33,94.39,1.83,60.3,16.15,31.87,0.9,0.91,37.0
2019-11-19,PLEIKU,14.005,108.017,0.64,19.88,25.15,17.11,17.35,19.87,86.89,13.15,94.43,2.32,59.1,18.71,31.55,0.9,0.91,45.29
2019-11-20,PLEIKU,14.005,108.017,0.51,19.99,24.87,16.98,17.53,19.99,87.16,13.3,94.44,2.46,60.2,10.5,32.97,0.9,0.9,74.7
2019-11-21,PLEIKU,14.005,108.017,0.14,20.41,25.95,16.85,17.77,20.41,86.33,13.5,94.46,2.2,51.9,14.85,32.61,0.89,0.9,73.86
2019-11-22,PLEIKU,14.005,108.017,0.2,19.87,26.23,14.81,16.97,19.89,85.03,12.87,94.44,1.98,49.5,15.74,30.71,0.89,0.89,56.82
2019-11-23,PLEIKU,14.005,108.017,1.62,20.84,26.92,17.08,18.14,20.91,86.17,13.87,94.42,1.67,57.7,13.51,33.56,0.89,0.89,74.56
2019-11-24,PLEIKU,14.005,108.017,1.42,21.25,27.43,17.28,19.06,21.27,88.44,14.69,94.46,2.2,62.0,11.6,32.93,0.88,0.89,50.96
2019-11-25,PLEIKU,14.005,108.017,2.28,21.7,26.88,19.03,19.27,21.72,87.36,14.86,94.43,2.26,50.0,14.95,33.64,0.88,0.88,67.01
2019-11-26,PLEIKU,14.005,108.017,3.73,22.68,27.55,20.36,20.7,22.66,89.45,16.25,94.35,2.74,68.1,8.37,34.02,0.88,0.88,73.91
2019-11-27,PLEIKU,14.005,108.017,3.48,22.71,27.42,20.25,20.37,22.68,87.59,15.91,94.39,3.06,64.2,8.47,34.63,0.88,0.88,69.84
2019-11-28,PLEIKU,14.005,108.017,8.48,22.31,26.43,20.07,20.36,22.28,89.28,15.9,94.39,3.58,63.0,6.94,34.29,0.89,0.88,94.54
2019-11-29,PLEIKU,14.005,108.017,5.39,22.03,26.61,19.59,20.05,22.01,89.26,15.58,94.45,3.22,67.7,8.13,33.66,0.88,0.88,92.53
2019-11-30,PLEIKU,14.005,108.017,2.02,21.24,26.27,18.58,19.07,21.24,88.2,14.67,94.43,2.84,71.8,10.02,33.61,0.88,0.88,82.41
2019-12-01,PLEIKU,14.005,108.017,0.43,20.8,26.24,17.46,17.81,20.79,84.06,13.55,94.41,2.77,56.0,12.01,32.77,0.87,0.87,66.03
2019-12-02,PLEIKU,14.005,108.017,1.18,19.48,25.17,15.7,16.41,19.45,83.19,12.42,94.51,3.52,50.7,9.23,32.4,0.87,0.87,95.43
2019-12-03,PLEIKU,14.005,108.017,0.26,17.56,22.66,14.63,14.31,17.56,82.11,10.8,94.56,2.99,45.6,9.69,31.25,0.86,0.86,97.88
2019-12-04,PLEIKU,14.005,108.017,0.01,16.96,22.0,13.17,13.3,16.95,79.7,10.13,94.56,2.68,37.4,10.53,30.81,0.86,0.86,92.53
2019-12-05,PLEIKU,14.005,108.017,0.17,16.21,21.56,12.99,12.42,16.22,79.0,9.55,94.65,3.04,26.9,9.05,31.77,0.86,0.86,75.18
2019-12-06,PLEIKU,14.005,108.017,0.05,14.79,20.49,11.8,10.64,14.81,76.92,8.48,94.72,3.46,35.2,8.15,29.46,0.86,0.85,49.56
2019-12-07,PLEIKU,14.005,108.017,0.01,15.31,21.01,12.26,11.62,15.32,79.69,9.05,94.72,3.32,44.0,11.09,30.77,0.85,0.85,66.54
2019-12-08,PLEIKU,14.005,108.017,0.0,16.28,21.77,13.25,13.29,16.3,84.13,10.08,94.73,2.6,44.5,13.92,30.91,0.85,0.85,63.14
2019-12-09,PLEIKU,14.005,108.017,0.0,17.48,23.97,12.7,14.5,17.53,84.43,10.96,94.59,2.03,55.0,13.69,30.68,0.85,0.84,60.21
2019-12-10,PLEIKU,14.005,108.017,0.0,17.7,24.58,12.92,14.18,17.74,82.17,10.74,94.46,1.68,55.6,17.97,29.67,0.85,0.84,41.58
2019-12-11,PLEIKU,14.005,108.017,0.3,18.87,24.71,15.09,16.02,18.93,85.39,12.1,94.47,1.89,57.1,16.41,31.25,0.84,0.84,57.51
2019-12-12,PLEIKU,14.005,108.017,0.28,19.13,24.75,15.4,16.56,19.11,86.23,12.49,94.55,2.58,65.3,10.6,31.34,0.84,0.83,90.13
2019-12-13,PLEIKU,14.005,108.017,0.2,19.99,25.14,17.31,17.42,20.0,86.45,13.19,94.65,2.49,60.0,14.38,33.61,0.84,0.83,83.07
2019-12-14,PLEIKU,14.005,108.017,0.19,20.92,26.02,17.83,18.3,20.92,86.11,13.93,94.59,2.65,64.7,9.02,34.44,0.84,0.83,91.99
2019-12-15,PLEIKU,14.005,108.017,0.03,21.28,26.8,17.97,18.55,21.28,85.84,14.18,94.48,2.28,62.3,9.79,33.48,0.83,0.83,83.24
2019-12-16,PLEIKU,14.005,108.017,0.04,21.67,26.7,18.04,19.17,21.66,86.88,14.76,94.45,2.22,67.6,11.69,33.44,0.83,0.82,92.0
2019-12-17,PLEIKU,14.005,108.017,0.01,20.59,24.72,17.66,18.6,20.56,89.21,14.23,94.51,2.03,63.8,13.43,31.53,0.83,0.82,73.76
2019-12-18,PLEIKU,14.005,108.017,0.19,21.24,27.19,17.26,18.52,21.25,86.02,14.17,94.51,2.03,69.4,16.87,31.94,0.83,0.82,67.81
2019-12-19,PLEIKU,14.005,108.017,0.64,21.2,26.81,17.4,18.6,21.22,86.43,14.24,94.45,2.15,67.9,12.88,31.8,0.83,0.82,68.11
2019-12-20,PLEIKU,14.005,108.017,1.38,19.76,25.67,16.36,16.86,19.77,85.16,12.75,94.41,2.16,62.5,15.9,30.72,0.82,0.81,44.92
2019-12-21,PLEIKU,14.005,108.017,0.92,20.5,26.52,16.29,18.37,20.53,88.91,14.06,94.41,1.9,69.8,11.43,32.91,0.82,0.81,65.77
2019-12-22,PLEIKU,14.005,108.017,0.0,20.59,27.19,15.91,17.58,20.59,85.02,13.37,94.38,1.54,68.9,17.26,31.06,0.82,0.81,45.53
2019-12-23,PLEIKU,14.005,108.017,0.0,20.97,27.73,16.59,17.43,20.95,82.81,13.24,94.45,1.29,73.1,19.54,31.4,0.82,0.81,35.12
2019-12-24,PLEIKU,14.005,108.017,0.0,19.75,26.54,14.67,16.72,19.77,84.72,12.65,94.46,1.81,68.2,17.28,30.59,0.81,0.8,42.82
2019-12-25,PLEIKU,14.005,108.017,0.0,19.48,26.83,14.46,16.15,19.47,83.62,12.22,94.36,1.45,71.0,19.1,29.45,0.81,0.8,23.45
2019-12-26,PLEIKU,14.005,108.017,0.19,20.45,27.95,15.38,17.11,20.49,83.27,13.01,94.39,1.68,51.4,18.14,30.99,0.81,0.8,37.74
2019-12-27,PLEIKU,14.005,108.017,0.11,18.52,24.91,14.2,15.55,18.51,84.69,11.72,94.42,2.38,51.5,11.49,31.92,0.81,0.8,61.53
2019-12-28,PLEIKU,14.005,108.017,0.02,20.02,26.42,15.59,17.27,20.07,85.76,13.11,94.39,1.89,50.7,15.3,31.65,0.8,0.79,56.51
2019-12-29,PLEIKU,14.005,108.017,0.12,21.17,27.92,16.73,18.14,21.21,84.8,13.86,94.41,1.61,45.1,13.56,32.66,0.8,0.79,57.53
2019-12-30,PLEIKU,14.005,108.017,0.21,21.95,27.88,18.25,19.4,21.99,86.69,14.97,94.58,2.06,64.0,10.92,33.84,0.8,0.79,71.69
2019-12-31,PLEIKU,14.005,108.017,0.45,20.43,25.34,17.82,17.46,20.44,84.65,13.19,94.79,2.9,66.0,12.58,32.38,0.8,0.79,71.1
2020-01-01,PLEIKU,14.005,108.017,0.83,21.17,26.16,18.68,18.39,21.15,85.49,13.98,94.84,3.13,67.0,11.62,33.56,0.79,0.78,80.02
2020-01-02,PLEIKU,14.005,108.017,0.85,21.41,26.56,18.7,18.7,21.42,85.48,14.27,94.82,2.94,65.9,9.6,33.4,0.79,0.78,81.84
2020-01-03,PLEIKU,14.005,108.017,0.16,20.06,25.73,16.67,17.26,20.06,85.23,13.04,94.68,2.62,64.0,15.06,31.08,0.79,0.78,53.84
2020-01-04,PLEIKU,14.005,108.017,0.03,18.53,22.55,16.05,16.1,18.52,86.63,12.12,94.54,2.43,61.8,14.9,30.89,0.79,0.78,74.21
2020-01-05,PLEIKU,14.005,108.017,0.03,19.15,25.37,15.7,16.32,19.19,85.49,12.3,94.54,2.16,58.9,14.88,30.88,0.79,0.78,49.4
2020-01-06,PLEIKU,14.005,108.017,0.03,21.14,27.19,17.1,18.33,21.18,85.69,13.99,94.5,1.83,70.9,16.93,32.02,0.78,0.77,54.58
2020-01-07,PLEIKU,14.005,108.017,0.2,21.85,27.62,18.35,18.88,21.89,84.76,14.48,94.48,2.09,66.7,13.15,33.07,0.78,0.77,90.44
2020-01-08,PLEIKU,14.005,108.017,0.25,21.55,27.51,17.55,18.66,21.58,84.98,14.31,94.44,2.33,65.0,12.38,33.33,0.78,0.77,83.38
2020-01-09,PLEIKU,14.005,108.017,0.0,20.48,27.03,15.62,17.39,20.51,84.26,13.22,94.35,2.04,61.6,14.16,32.32,0.77,0.76,53.59
2020-01-10,PLEIKU,14.005,108.017,0.0,20.25,27.37,15.16,16.82,20.3,83.11,12.77,94.27,1.62,62.6,13.12,32.54,0.77,0.76,79.81
2020-01-11,PLEIKU,14.005,108.017,0.01,20.96,27.69,16.3,17.16,20.99,81.36,13.03,94.28,1.52,53.2,13.44,31.87,0.77,0.76,98.64
2020-01-12,PLEIKU,14.005,108.017,0.19,19.86,25.27,16.46,17.1,19.88,85.55,12.96,94.31,2.08,58.9,16.43,31.25,0.77,0.76,75.78
2020-01-13,PLEIKU,14.005,108.017,0.06,18.83,25.66,13.91,15.72,18.87,84.22,11.87,94.41,2.15,63.7,14.79,30.43,0.77,0.75,48.98
2020-01-14,PLEIKU,14.005,108.017,0.0,18.19,24.97,13.55,14.92,18.25,83.49,11.25,94.48,2.11,70.4,19.8,30.07,0.76,0.75,39.29
2020-01-15,PLEIKU,14.005,108.017,0.0,19.11,25.87,14.62,15.62,19.16,82.97,11.8,94.44,1.75,73.4,20.69,29.26,0.76,0.75,25.68
2020-01-16,PLEIKU,14.005,108.017,0.12,20.79,27.72,16.09,17.31,20.84,83.03,13.13,94.48,1.57,68.0,18.95,30.76,0.76,0.75,36.42
2020-01-17,PLEIKU,14.005,108.017,0.02,19.35,25.96,14.75,15.91,19.39,82.92,11.99,94.57,2.11,61.0,16.22,31.99,0.75,0.74,54.43
2020-01-18,PLEIKU,14.005,108.017,0.0,19.18,25.76,15.59,15.65,19.24,82.54,11.78,94.53,2.03,68.0,17.81,30.28,0.75,0.74,38.48
2020-01-19,PLEIKU,14.005,108.017,0.0,19.12,25.81,14.89,15.75,19.17,82.75,11.85,94.62,2.44,65.9,11.94,30.32,0.75,0.74,41.9
2020-01-20,PLEIKU,14.005,108.017,0.0,18.94,25.63,14.79,15.39,19.0,82.22,11.57,94.69,2.31,66.3,16.04,30.61,0.74,0.74,40.8
2020-01-21,PLEIKU,14.005,108.017,0.0,19.68,27.02,14.43,16.22,19.75,82.86,12.22,94.7,1.91,73.7,18.32,31.07,0.74,0.73,51.12
2020-01-22,PLEIKU,14.005,108.017,0.0,19.78,27.68,14.52,16.15,19.82,82.54,12.2,94.57,1.66,80.3,21.44,30.2,0.74,0.73,30.55
2020-01-23,PLEIKU,14.005,108.017,0.0,20.48,28.1,15.38,17.15,20.54,83.73,13.0,94.49,1.63,88.5,21.93,28.56,0.74,0.73,34.27
2020-01-24,PLEIKU,14.005,108.017,0.0,19.84,27.43,15.12,16.35,19.88,83.06,12.36,94.45,1.78,82.5,20.55,29.45,0.73,0.72,97.94
2020-01-25,PLEIKU,14.005,108.017,0.0,21.77,28.31,17.18,18.55,21.72,83.82,14.23,94.27,1.33,119.3,18.71,30.6,0.73,0.72,91.16
2020-01-26,PLEIKU,14.005,108.017,0.0,21.61,28.77,15.63,18.01,21.7,81.88,13.83,94.2,1.33,92.1,13.93,33.27,0.73,0.72,83.59
2020-01-27,PLEIKU,14.005,108.017,0.01,21.13,27.47,16.95,17.86,21.19,83.47,13.63,94.25,1.45,99.8,11.32,34.64,0.73,0.72,80.44
2020-01-28,PLEIKU,14.005,108.017,0.4,21.33,28.17,16.41,17.46,21.43,80.78,13.28,94.38,1.46,71.6,10.86,34.15,0.73,0.72,75.64
2020-01-29,PLEIKU,14.005,108.017,1.13,19.21,26.17,14.7,15.87,19.32,82.59,12.0,94.53,2.19,56.5,11.06,32.59,0.73,0.72,82.09
2020-01-30,PLEIKU,14.005,108.017,0.65,16.72,22.23,12.88,14.06,16.77,85.27,10.64,94.59,2.39,53.3,10.24,32.28,0.73,0.72,75.28
2020-01-31,PLEIKU,14.005,108.017,0.19,17.85,24.47,14.0,14.34,17.96,82.05,10.8,94.65,2.35,66.0,14.71,30.66,0.72,0.71,88.4
2020-02-01,PLEIKU,14.005,108.017,0.0,17.83,24.76,13.2,14.16,17.95,81.42,10.69,94.66,2.37,70.2,15.49,29.85,0.72,0.71,52.77
2020-02-02,PLEIKU,14.005,108.017,0.0,18.55,25.82,13.63,14.88,18.67,81.93,11.19,94.71,2.01,66.0,17.4,29.9,0.72,0.71,35.56
2020-02-03,PLEIKU,14.005,108.017,0.0,19.34,26.35,14.74,15.37,19.46,80.93,11.57,94.6,1.9,72.4,20.13,29.03,0.71,0.71,35.55
2020-02-04,PLEIKU,14.005,108.017,0.0,19.44,26.72,14.11,15.42,19.55,80.5,11.61,94.54,2.05,70.8,20.2,29.63,0.71,0.7,47.23
2020-02-05,PLEIKU,14.005,108.017,0.0,18.41,25.72,13.78,14.17,18.52,79.85,10.71,94.55,2.29,64.0,20.48,28.43,0.71,0.7,32.24
2020-02-06,PLEIKU,14.005,108.017,0.0,18.68,26.95,12.77,14.32,18.79,79.5,10.83,94.56,1.84,68.5,22.22,27.8,0.7,0.7,28.86
2020-02-07,PLEIKU,14.005,108.017,0.0,19.24,27.13,14.88,14.02,19.34,76.61,10.64,94.62,2.13,55.6,22.65,28.67,0.7,0.69,53.04
2020-02-08,PLEIKU,14.005,108.017,0.01,20.55,26.73,17.11,16.03,20.66,76.85,12.04,94.73,3.2,53.2,15.69,32.08,0.7,0.69,67.53
2020-02-09,PLEIKU,14.005,108.017,0.19,19.95,25.57,16.94,15.34,20.06,76.14,11.52,94.72,3.6,53.6,11.66,32.54,0.69,0.69,84.76
2020-02-10,PLEIKU,14.005,108.017,0.66,19.83,24.3,16.83,16.87,19.95,84.42,12.72,94.69,2.4,63.4,10.72,33.21,0.69,0.69,90.92
2020-02-11,PLEIKU,14.005,108.017,0.12,21.87,28.76,17.06,18.25,22.04,82.29,13.9,94.64,1.81,75.8,15.68,32.82,0.69,0.69,52.4
2020-02-12,PLEIKU,14.005,108.017,0.1,23.07,29.78,18.47,19.24,23.25,81.75,14.81,94.54,1.57,96.3,18.65,33.09,0.69,0.68,42.03
2020-02-13,PLEIKU,14.005,108.017,0.0,23.66,31.19,18.42,19.17,23.86,79.11,14.79,94.32,1.33,113.8,22.25,32.21,0.68,0.68,19.29
2020-02-14,PLEIKU,14.005,108.017,0.0,23.69,30.73,18.06,19.6,23.67,80.37,15.21,94.24,1.44,147.7,20.32,32.39,0.68,0.68,23.2
2020-02-15,PLEIKU,14.005,108.017,0.0,24.19,31.62,18.56,18.49,23.53,73.96,14.18,94.35,1.17,148.8,21.95,32.45,0.68,0.68,7.4
2020-02-16,PLEIKU,14.005,108.017,0.71,22.6,32.11,15.61,16.95,22.79,73.63,12.9,94.58,2.27,45.6,20.31,33.31,0.67,0.67,50.86
2020-02-17,PLEIKU,14.005,108.017,2.35,19.28,26.56,15.15,15.26,19.47,79.27,11.45,94.83,3.34,51.2,11.55,32.5,0.68,0.67,74.34
2020-02-18,PLEIKU,14.005,108.017,3.19,19.1,25.56,15.27,15.77,19.28,83.18,11.83,94.82,2.82,58.2,10.88,32.54,0.69,0.68,70.57
2020-02-19,PLEIKU,14.005,108.017,0.42,19.73,26.69,15.56,15.77,19.93,80.71,11.83,94.78,2.57,61.6,15.85,32.12,0.68,0.68,66.94
2020-02-20,PLEIKU,14.005,108.017,0.11,20.17,26.8,16.39,15.62,20.37,77.67,11.72,94.82,2.96,62.2,12.6,33.11,0.67,0.67,82.37
2020-02-21,PLEIKU,14.005,108.017,0.23,19.96,26.24,16.15,15.4,20.13,77.49,11.53,94.96,3.26,57.8,8.95,32.56,0.67,0.67,75.87
2020-02-22,PLEIKU,14.005,108.017,0.22,19.52,26.15,14.96,15.06,19.66,78.21,11.29,94.95,3.12,55.9,18.33,31.63,0.67,0.67,54.97
2020-02-23,PLEIKU,14.005,108.017,0.04,18.73,25.91,13.94,13.94,18.96,77.15,10.52,94.79,2.62,55.5,20.25,29.66,0.66,0.67,36.58
2020-02-24,PLEIKU,14.005,108.017,0.0,19.47,27.24,14.8,14.36,19.73,76.29,10.84,94.58,2.34,63.0,22.37,29.33,0.66,0.66,50.73
2020-02-25,PLEIKU,14.005,108.017,0.0,21.55,28.84,16.76,17.09,21.8,78.83,12.93,94.5,2.23,72.1,21.25,31.81,0.66,0.66,49.05
2020-02-26,PLEIKU,14.005,108.017,0.19,21.37,29.07,15.95,16.58,21.62,77.52,12.51,94.54,2.42,63.7,21.05,31.97,0.65,0.66,47.55
2020-02-27,PLEIKU,14.005,108.017,0.12,20.68,28.23,15.16,15.86,20.93,77.13,11.95,94.47,2.59,60.4,20.94,30.31,0.65,0.66,39.67
2020-02-28,PLEIKU,14.005,108.017,0.01,21.71,29.09,16.9,16.71,22.0,76.92,12.65,94.36,2.1,66.8,21.58,31.68,0.65,0.65,44.66
2020-02-29,PLEIKU,14.005,108.017,0.0,22.88,30.36,17.67,17.91,23.16,77.32,13.66,94.3,1.79,81.2,20.22,32.42,0.65,0.65,42.34
2020-03-01,PLEIKU,14.005,108.017,0.0,23.55,31.11,18.12,18.39,23.84,76.58,14.09,94.32,1.68,83.1,22.09,32.15,0.65,0.65,59.19
2020-03-02,PLEIKU,14.005,108.017,0.0,22.84,30.63,17.35,17.63,23.13,75.99,13.41,94.39,2.25,82.6,21.03,32.07,0.64,0.65,71.66
2020-03-03,PLEIKU,14.005,108.017,0.0,23.25,31.2,17.93,17.96,23.56,75.86,13.69,94.33,2.19,87.5,19.19,32.32,0.64,0.64,71.69
2020-03-04,PLEIKU,14.005,108.017,0.1,23.93,31.71,19.04,18.33,24.25,74.59,14.02,94.33,2.14,88.7,19.5,33.77,0.64,0.64,60.8
2020-03-05,PLEIKU,14.005,108.017,0.88,23.06,30.56,18.03,18.64,23.37,79.13,14.27,94.39,2.22,84.7,11.86,34.85,0.64,0.64,75.19
2020-03-06,PLEIKU,14.005,108.017,0.35,24.3,31.93,19.78,18.93,24.49,75.62,14.58,94.43,1.31,95.4,16.12,34.34,0.64,0.64,65.89
2020-03-07,PLEIKU,14.005,108.017,0.03,25.45,31.96,20.76,19.69,25.29,73.49,15.31,94.29,1.04,36.1,21.8,33.54,0.64,0.64,60.17
2020-03-08,PLEIKU,14.005,108.017,0.0,26.89,34.51,21.22,20.01,26.53,69.85,15.68,94.02,1.07,229.1,20.72,33.48,0.63,0.64,26.54
2020-03-09,PLEIKU,14.005,108.017,0.0,27.18,33.93,21.79,19.61,26.29,65.85,15.29,93.97,1.3,217.0,21.51,33.54,0.63,0.64,14.96
2020-03-10,PLEIKU,14.005,108.017,0.0,26.74,33.83,21.76,20.48,27.06,72.52,16.11,94.17,1.66,59.3,19.96,34.68,0.62,0.63,61.28
2020-03-11,PLEIKU,14.005,108.017,0.0,24.18,32.04,18.15,18.69,24.43,74.82,14.32,94.39,2.21,89.6,18.13,32.79,0.62,0.63,36.93
2020-03-12,PLEIKU,14.005,108.017,0.0,25.11,34.17,19.25,18.05,25.38,70.37,13.81,94.43,1.6,94.0,24.93,32.06,0.62,0.63,4.66
2020-03-13,PLEIKU,14.005,108.017,0.0,26.59,35.6,20.67,18.95,26.95,67.95,14.61,94.39,1.45,94.6,24.26,32.86,0.61,0.63,33.99
2020-03-14,PLEIKU,14.005,108.017,0.01,24.58,33.48,18.08,17.84,24.89,71.14,13.6,94.4,2.55,77.3,22.87,32.45,0.61,0.63,39.8
2020-03-15,PLEIKU,14.005,108.017,0.21,23.91,31.4,19.01,18.6,24.22,75.76,14.24,94.45,2.57,77.3,18.23,33.12,0.61,0.62,59.88
2020-03-16,PLEIKU,14.005,108.017,2.02,23.74,30.94,19.1,18.95,24.04,78.09,14.55,94.54,2.58,83.7,19.31,33.25,0.62,0.62,52.31
2020-03-17,PLEIKU,14.005,108.017,0.22,24.05,32.1,18.89,18.31,24.33,74.26,13.99,94.45,2.18,89.8,20.13,32.31,0.62,0.63,44.69
2020-03-18,PLEIKU,14.005,108.017,0.17,24.44,32.72,19.35,17.67,24.74,70.97,13.51,94.31,1.89,96.2,23.57,32.35,0.61,0.62,26.41
2020-03-19,PLEIKU,14.005,108.017,0.0,23.87,32.44,17.98,17.65,24.15,72.36,13.42,94.33,1.53,101.9,24.09,31.59,0.61,0.62,23.93
2020-03-20,PLEIKU,14.005,108.017,0.01,23.88,31.97,17.8,17.4,24.19,72.33,13.25,94.41,1.89,103.7,25.94,30.38,0.6,0.62,12.25
2020-03-21,PLEIKU,14.005,108.017,0.0,24.45,33.37,18.51,16.52,24.85,68.33,12.63,94.38,1.76,99.3,25.99,31.58,0.6,0.62,20.6
2020-03-22,PLEIKU,14.005,108.017,0.0,24.89,34.17,18.33,17.21,25.3,67.99,13.09,94.3,1.58,94.5,25.05,31.55,0.59,0.62,27.12
2020-03-23,PLEIKU,14.005,108.017,0.0,25.1,33.81,19.45,17.44,25.53,67.8,13.32,94.25,1.62,93.5,25.23,32.17,0.59,0.61,31.94
2020-03-24,PLEIKU,14.005,108.017,0.01,24.61,31.61,20.01,18.41,24.97,72.22,14.13,94.18,2.13,96.0,22.06,33.45,0.59,0.61,43.11
2020-03-25,PLEIKU,14.005,108.017,0.0,24.83,32.25,19.62,18.73,25.19,72.8,14.41,94.16,2.12,101.7,21.76,33.32,0.59,0.61,39.23
2020-03-26,PLEIKU,14.005,108.017,0.0,25.54,34.02,19.5,18.5,25.91,69.82,14.2,94.24,1.75,100.7,21.75,33.25,0.58,0.61,28.9
2020-03-27,PLEIKU,14.005,108.017,0.2,26.43,34.96,20.84,18.9,26.87,68.53,14.6,94.22,1.24,97.7,21.3,34.26,0.58,0.61,35.99
2020-03-28,PLEIKU,14.005,108.017,1.86,24.33,31.28,20.21,20.1,24.52,79.56,15.7,94.17,1.45,86.8,21.18,34.77,0.6,0.61,58.36
2020-03-29,PLEIKU,14.005,108.017,0.0,25.03,33.71,19.04,17.13,25.36,67.86,13.15,94.13,1.7,102.6,22.54,32.82,0.59,0.61,23.38
2020-03-30,PLEIKU,14.005,108.017,0.58,25.56,33.77,19.63,17.47,25.74,67.31,13.47,94.16,1.06,88.4,21.63,34.09,0.58,0.61,33.93
2020-03-31,PLEIKU,14.005,108.017,6.06,26.05,34.31,20.14,20.03,26.33,74.36,15.68,94.17,1.17,87.2,19.51,34.29,0.64,0.62,62.76
2020-04-01,PLEIKU,14.005,108.017,0.16,25.41,34.49,19.1,18.36,25.7,70.73,14.09,94.24,2.19,84.2,25.42,31.79,0.6,0.62,48.82
2020-04-02,PLEIKU,14.005,108.017,0.04,25.12,34.02,18.71,18.51,25.46,72.15,14.22,94.29,2.14,95.1,25.69,32.45,0.6,0.61,26.63
2020-04-03,PLEIKU,14.005,108.017,0.01,25.66,34.42,19.9,17.92,26.01,69.01,13.79,94.34,2.29,93.8,26.73,33.07,0.59,0.61,14.3
2020-04-04,PLEIKU,14.005,108.017,0.0,25.08,33.86,19.13,18.19,25.42,71.15,13.94,94.4,2.59,83.9,25.7,32.51,0.58,0.61,29.3
2020-04-05,PLEIKU,14.005,108.017,0.0,25.25,33.67,19.53,18.07,25.64,69.45,13.81,94.4,2.46,84.7,25.29,32.8,0.58,0.61,29.79
2020-04-06,PLEIKU,14.005,108.017,0.02,25.75,33.42,20.97,18.94,26.14,69.81,14.6,94.25,1.78,86.4,17.17,35.36,0.57,0.6,86.9
2020-04-07,PLEIKU,14.005,108.017,0.33,24.6,30.4,20.12,18.8,24.87,73.52,14.49,94.26,1.23,95.1,8.92,34.95,0.58,0.6,90.3
2020-04-08,PLEIKU,14.005,108.017,0.72,25.86,34.02,20.48,19.5,26.21,72.48,15.15,94.32,1.48,83.0,17.07,34.54,0.58,0.6,82.46
2020-04-09,PLEIKU,14.005,108.017,0.0,25.98,33.52,21.02,19.33,26.36,70.63,14.96,94.39,1.77,80.0,13.76,34.11,0.57,0.6,97.35
2020-04-10,PLEIKU,14.005,108.017,10.26,25.38,32.94,20.47,19.78,25.74,75.1,15.35,94.45,1.65,85.1,17.08,34.39,0.63,0.61,86.08
2020-04-11,PLEIKU,14.005,108.017,4.04,25.3,32.21,21.21,20.42,25.49,78.04,16.03,94.37,1.26,98.2,18.2,34.61,0.66,0.62,86.45
2020-04-12,PLEIKU,14.005,108.017,8.67,24.21,29.8,20.6,20.47,24.31,82.04,16.04,94.33,1.68,76.4,17.1,34.49,0.66,0.63,92.73
2020-04-13,PLEIKU,14.005,108.017,17.33,21.94,27.07,18.65,19.08,21.99,84.67,14.7,94.44,2.51,60.2,8.39,33.58,0.74,0.66,94.92
2020-04-14,PLEIKU,14.005,108.017,0.05,22.9,27.91,19.4,18.9,23.08,79.88,14.5,94.45,2.05,68.9,12.33,34.05,0.66,0.66,91.17
2020-04-15,PLEIKU,14.005,108.017,0.03,23.65,29.65,19.39,19.3,23.82,78.71,14.88,94.37,1.93,88.2,12.88,33.79,0.65,0.65,83.33
2020-04-16,PLEIKU,14.005,108.017,0.05,25.09,32.71,20.47,19.24,25.37,73.54,14.86,94.28,1.67,99.5,19.47,34.15,0.64,0.64,88.3
2020-04-17,PLEIKU,14.005,108.017,5.94,23.01,27.28,19.69,19.5,23.05,82.53,15.09,94.37,1.39,92.8,19.93,34.43,0.68,0.64,90.27
2020-04-18,PLEIKU,14.005,108.017,0.64,25.89,33.68,20.0,19.33,26.01,71.92,15.01,94.31,1.01,103.1,20.19,33.7,0.66,0.64,70.24
2020-04-19,PLEIKU,14.005,108.017,0.03,26.99,34.94,21.26,19.84,27.18,69.56,15.51,94.24,1.11,108.8,21.58,35.12,0.63,0.64,75.9
2020-04-20,PLEIKU,14.005,108.017,0.02,26.57,36.21,19.58,19.12,26.73,68.89,14.8,94.23,1.37,103.3,23.62,34.01,0.62,0.63,82.53
2020-04-21,PLEIKU,14.005,108.017,0.01,27.12,36.63,20.8,18.12,27.43,65.25,14.04,94.16,1.52,106.8,25.96,33.04,0.61,0.62,54.74
2020-04-22,PLEIKU,14.005,108.017,0.03,27.45,36.12,21.81,18.82,27.82,65.47,14.63,94.22,1.92,97.4,24.81,33.87,0.6,0.62,69.45
2020-04-23,PLEIKU,14.005,108.017,0.52,26.86,35.35,21.1,18.85,27.17,67.23,14.6,94.25,2.56,80.9,21.09,33.47,0.59,0.61,79.32
2020-04-24,PLEIKU,14.005,108.017,2.14,24.28,30.6,20.64,19.73,24.49,78.57,15.31,94.32,2.46,61.5,18.0,33.9,0.61,0.61,82.02
2020-04-25,PLEIKU,14.005,108.017,1.04,25.14,31.62,21.28,19.83,25.44,75.22,15.4,94.36,2.98,69.5,12.71,34.68,0.6,0.61,85.8
2020-04-26,PLEIKU,14.005,108.017,0.15,25.15,32.37,20.73,18.67,25.46,70.22,14.31,94.38,3.36,64.9,16.11,34.13,0.59,0.61,78.12
2020-04-27,PLEIKU,14.005,108.017,0.02,24.56,31.46,19.75,18.16,24.87,70.25,13.84,94.47,3.08,66.6,18.0,33.48,0.58,0.61,86.8
2020-04-28,PLEIKU,14.005,108.017,0.05,24.5,32.32,18.93,17.83,24.87,69.96,13.57,94.34,2.96,68.7,19.67,33.01,0.57,0.6,58.03
2020-04-29,PLEIKU,14.005,108.017,0.02,25.63,33.49,20.1,18.33,26.02,68.62,14.07,94.34,2.76,73.9,22.59,33.71,0.56,0.6,44.94
2020-04-30,PLEIKU,14.005,108.017,0.0,26.38,35.17,20.2,18.78,26.83,68.23,14.48,94.27,2.41,79.6,21.1,33.27,0.56,0.6,33.3
2020-05-01,PLEIKU,14.005,108.017,0.0,27.04,35.58,20.59,19.24,27.5,67.42,14.92,94.13,1.88,91.6,23.89,33.76,0.55,0.6,52.79
2020-05-02,PLEIKU,14.005,108.017,0.04,27.78,37.34,21.16,17.8,28.29,61.66,13.77,94.01,1.62,101.4,26.13,33.05,0.54,0.59,22.66
2020-05-03,PLEIKU,14.005,108.017,0.01,28.49,37.67,21.91,18.59,28.99,62.46,14.51,94.06,1.5,111.6,26.71,33.4,0.54,0.59,12.52
2020-05-04,PLEIKU,14.005,108.017,0.0,28.8,37.91,22.17,19.46,29.24,62.55,15.16,94.08,1.03,132.1,26.6,34.07,0.54,0.59,20.63
2020-05-05,PLEIKU,14.005,108.017,0.0,28.78,38.25,21.2,19.03,29.2,60.42,14.72,94.01,1.24,115.2,25.01,35.04,0.53,0.59,36.64
2020-05-06,PLEIKU,14.005,108.017,0.0,29.3,38.48,22.36,19.07,29.73,59.87,14.85,93.98,1.25,138.2,23.82,34.62,0.53,0.59,42.08
2020-05-07,PLEIKU,14.005,108.017,0.0,30.2,38.81,23.96,20.66,30.67,61.19,16.34,93.9,1.29,154.3,23.14,34.94,0.52,0.59,67.68
2020-05-08,PLEIKU,14.005,108.017,1.79,28.12,34.18,22.89,22.3,28.32,73.61,18.03,93.97,1.18,156.3,23.35,35.05,0.54,0.59,46.24
2020-05-09,PLEIKU,14.005,108.017,4.15,28.19,33.67,23.44,22.83,27.94,75.07,18.64,94.05,1.01,160.8,21.92,34.42,0.61,0.59,54.38
2020-05-10,PLEIKU,14.005,108.017,0.09,28.52,37.81,20.38,19.6,28.7,64.4,15.31,94.08,1.23,110.1,26.6,33.54,0.57,0.59,27.5
2020-05-11,PLEIKU,14.005,108.017,0.03,28.51,38.56,21.74,16.37,28.9,57.31,12.82,94.08,1.3,110.8,24.42,33.07,0.55,0.59,83.97
2020-05-12,PLEIKU,14.005,108.017,0.64,28.3,37.56,22.04,19.74,28.74,66.17,15.49,94.1,1.9,91.4,24.06,34.39,0.54,0.59,75.52
2020-05-13,PLEIKU,14.005,108.017,12.57,27.71,36.79,21.1,19.8,28.14,68.66,15.48,94.11,2.03,97.7,26.29,33.86,0.62,0.6,50.45
2020-05-14,PLEIKU,14.005,108.017,5.48,27.42,36.32,21.82,19.66,27.74,69.5,15.49,94.03,1.09,92.5,23.72,33.66,0.65,0.62,71.16
2020-05-15,PLEIKU,14.005,108.017,6.45,27.77,35.63,21.72,20.0,28.0,67.75,15.73,93.86,1.06,121.6,23.47,34.45,0.62,0.61,80.75
2020-05-16,PLEIKU,14.005,108.017,20.25,26.66,32.04,22.18,22.22,26.61,78.92,18.01,93.83,0.86,155.9,23.69,34.27,0.75,0.65,61.7
2020-05-17,PLEIKU,14.005,108.017,1.19,25.54,31.25,22.01,21.79,25.42,81.31,17.5,93.81,1.08,231.6,19.96,35.37,0.66,0.64,87.88
2020-05-18,PLEIKU,14.005,108.017,0.48,25.44,30.46,22.36,22.45,25.52,84.89,18.21,93.85,1.51,253.6,18.66,34.96,0.65,0.64,94.95
2020-05-19,PLEIKU,14.005,108.017,0.19,25.73,30.94,22.61,21.72,25.8,80.63,17.41,93.9,1.69,257.4,18.63,35.04,0.63,0.63,85.93
2020-05-20,PLEIKU,14.005,108.017,2.18,26.11,31.32,22.74,22.56,26.19,82.57,18.32,93.91,1.39,260.0,21.49,35.21,0.63,0.63,95.91
2020-05-21,PLEIKU,14.005,108.017,1.03,25.83,30.06,23.44,23.2,25.88,86.5,19.05,93.9,1.49,256.1,20.9,35.56,0.63,0.63,99.12
2020-05-22,PLEIKU,14.005,108.017,3.21,26.39,31.11,23.48,23.08,26.45,83.58,18.9,93.91,1.4,249.4,18.86,35.05,0.64,0.63,97.69
2020-05-23,PLEIKU,14.005,108.017,3.4,25.32,29.43,22.61,22.68,25.26,86.46,18.44,94.05,1.47,250.7,14.12,34.9,0.66,0.63,99.49
2020-05-24,PLEIKU,14.005,108.017,4.67,25.85,30.84,22.59,22.24,25.9,82.49,17.93,94.19,1.4,232.3,19.02,35.03,0.66,0.63,92.74
2020-05-25,PLEIKU,14.005,108.017,5.38,25.49,30.13,22.42,22.77,25.56,86.43,18.49,94.24,1.72,252.6,20.93,35.14,0.68,0.64,66.45
2020-05-26,PLEIKU,14.005,108.017,14.37,25.58,29.95,22.77,22.91,25.65,86.61,18.66,94.19,1.63,257.0,23.85,34.84,0.71,0.64,73.91
2020-05-27,PLEIKU,14.005,108.017,14.52,24.83,28.67,22.54,22.78,24.85,89.33,18.52,94.15,1.35,262.5,18.91,35.14,0.77,0.68,83.84
2020-05-28,PLEIKU,14.005,108.017,3.73,24.47,27.62,22.04,22.73,24.35,90.54,18.45,94.18,1.23,247.0,16.35,34.93,0.71,0.68,93.84
2020-05-29,PLEIKU,14.005,108.017,8.28,25.41,29.77,22.39,22.44,25.39,85.14,18.14,94.23,1.13,239.4,16.78,34.64,0.73,0.68,86.69
2020-05-30,PLEIKU,14.005,108.017,2.22,24.62,28.26,21.9,22.54,24.45,88.92,18.21,94.34,1.29,254.2,21.5,34.24,0.7,0.67,65.56
2020-05-31,PLEIKU,14.005,108.017,1.18,25.74,30.15,22.39,21.93,25.29,80.96,17.57,94.3,0.91,245.9,23.49,34.24,0.68,0.66,44.48
2020-06-01,PLEIKU,14.005,108.017,1.72,26.22,31.29,22.46,22.42,26.24,81.88,18.13,94.2,1.07,243.3,21.45,34.35,0.67,0.66,66.44
2020-06-02,PLEIKU,14.005,108.017,2.61,24.21,27.62,21.62,22.38,24.22,90.13,18.06,94.17,1.35,236.4,23.88,33.59,0.68,0.65,65.05
2020-06-03,PLEIKU,14.005,108.017,1.69,25.68,31.36,22.36,21.49,25.74,80.35,17.17,94.06,1.27,229.2,23.43,34.12,0.66,0.65,64.72
2020-06-04,PLEIKU,14.005,108.017,0.84,25.29,30.04,22.17,22.12,25.37,84.13,17.81,94.05,1.66,242.4,21.95,34.47,0.65,0.64,75.55
2020-06-05,PLEIKU,14.005,108.017,0.0,25.9,30.6,22.63,21.86,26.0,80.28,17.53,94.04,1.74,244.8,23.69,33.8,0.64,0.64,72.3
2020-06-06,PLEIKU,14.005,108.017,0.09,25.17,29.29,22.06,21.77,25.26,82.77,17.43,94.04,1.71,245.2,21.73,35.38,0.63,0.63,79.89
2020-06-07,PLEIKU,14.005,108.017,0.09,25.79,30.88,21.96,21.54,25.91,79.52,17.2,93.95,1.75,251.5,24.09,33.75,0.62,0.63,52.39
2020-06-08,PLEIKU,14.005,108.017,0.0,27.0,33.37,22.57,21.53,27.07,75.19,17.23,93.95,1.51,247.9,23.22,34.28,0.61,0.62,64.14
2020-06-09,PLEIKU,14.005,108.017,40.63,27.36,33.83,22.75,21.94,27.55,76.27,17.69,93.97,1.18,215.8,22.85,34.62,0.74,0.64,85.97
2020-06-10,PLEIKU,14.005,108.017,1.34,25.56,29.77,22.43,22.65,25.48,85.22,18.43,93.97,0.83,203.7,20.55,34.57,0.7,0.67,85.28
2020-06-11,PLEIKU,14.005,108.017,0.01,25.02,30.2,21.44,21.57,25.01,83.05,17.26,93.84,1.06,169.2,23.11,33.93,0.67,0.66,79.58
2020-06-12,PLEIKU,14.005,108.017,0.09,25.36,29.75,22.11,22.42,25.39,84.86,18.23,93.65,1.41,207.5,21.73,34.76,0.66,0.65,78.93
2020-06-13,PLEIKU,14.005,108.017,0.58,25.01,29.27,22.63,22.31,25.0,86.11,18.07,93.76,1.41,239.2,19.51,34.74,0.66,0.65,94.38
2020-06-14,PLEIKU,14.005,108.017,6.4,23.74,27.16,21.36,21.92,23.74,90.13,17.59,94.02,1.34,214.3,20.53,34.16,0.68,0.65,99.19
2020-06-15,PLEIKU,14.005,108.017,18.27,23.88,27.75,21.44,22.0,23.81,90.04,17.65,94.19,1.36,223.8,14.98,34.26,0.77,0.67,98.6
2020-06-16,PLEIKU,14.005,108.017,13.27,23.37,27.07,20.87,21.53,23.28,90.12,17.15,94.13,1.2,263.0,12.69,34.26,0.77,0.69,99.84
2020-06-17,PLEIKU,14.005,108.017,18.53,24.06,28.46,21.21,21.98,24.1,89.16,17.64,94.08,1.36,264.1,12.06,33.62,0.81,0.71,87.06
2020-06-18,PLEIKU,14.005,108.017,0.14,25.31,30.25,21.74,22.21,25.3,84.58,17.92,94.0,1.48,249.5,24.08,33.93,0.71,0.7,26.2
2020-06-19,PLEIKU,14.005,108.017,8.85,25.42,29.28,22.2,22.32,25.36,84.44,18.05,94.02,1.0,196.3,22.45,34.46,0.74,0.69,58.68
2020-06-20,PLEIKU,14.005,108.017,21.7,25.62,30.31,22.75,23.12,25.61,87.38,18.98,93.94,1.15,209.7,22.12,34.58,0.81,0.71,37.42
2020-06-21,PLEIKU,14.005,108.017,5.7,24.24,27.58,21.46,22.16,23.84,88.57,17.89,93.87,1.2,226.8,23.88,34.11,0.76,0.72,60.95
2020-06-22,PLEIKU,14.005,108.017,2.39,26.32,31.42,23.07,22.44,26.25,81.6,18.23,93.91,1.32,247.5,23.94,34.72,0.73,0.71,37.79
2020-06-23,PLEIKU,14.005,108.017,1.34,25.21,29.72,22.42,22.75,25.2,87.48,18.51,94.0,1.3,264.6,24.92,34.36,0.71,0.69,36.72
2020-06-24,PLEIKU,14.005,108.017,18.37,24.82,27.96,22.54,23.05,24.59,90.37,18.86,93.95,1.26,244.2,23.74,34.29,0.77,0.7,74.99
2020-06-25,PLEIKU,14.005,108.017,1.69,24.35,27.79,21.98,22.98,24.23,92.37,18.8,93.93,1.5,248.8,21.53,34.85,0.75,0.71,81.17
2020-06-26,PLEIKU,14.005,108.017,3.34,24.76,29.19,21.24,21.93,24.76,85.73,17.62,93.98,1.1,220.8,22.01,33.93,0.73,0.7,81.12
2020-06-27,PLEIKU,14.005,108.017,3.46,25.3,29.8,22.1,22.46,25.12,85.48,18.2,93.94,1.05,223.1,19.31,34.11,0.72,0.69,93.94
2020-06-28,PLEIKU,14.005,108.017,4.93,23.74,26.71,21.48,22.32,23.75,92.17,18.05,93.92,1.52,238.4,18.18,34.25,0.73,0.69,98.32
2020-06-29,PLEIKU,14.005,108.017,9.76,23.9,28.77,20.4,21.75,23.95,88.73,17.48,93.81,2.3,234.8,13.98,34.38,0.75,0.7,99.69
2020-06-30,PLEIKU,14.005,108.017,3.36,22.69,26.06,20.38,21.04,22.72,90.87,16.69,93.85,2.32,236.3,11.5,34.31,0.72,0.7,99.67
2020-07-01,PLEIKU,14.005,108.017,3.2,21.86,25.91,19.39,20.14,21.89,90.43,15.77,93.84,2.51,243.4,14.28,34.61,0.72,0.69,96.91
2020-07-02,PLEIKU,14.005,108.017,5.05,23.34,27.72,20.6,21.05,23.43,88.03,16.72,93.81,1.86,245.5,17.63,34.36,0.72,0.69,90.3
2020-07-03,PLEIKU,14.005,108.017,5.08,23.18,25.41,21.07,21.96,23.19,92.98,17.64,93.99,1.96,234.8,18.72,34.48,0.73,0.69,74.97
2020-07-04,PLEIKU,14.005,108.017,1.65,24.32,28.63,21.67,21.83,24.38,87.32,17.5,94.01,1.52,254.2,19.66,34.59,0.71,0.69,64.57
2020-07-05,PLEIKU,14.005,108.017,1.36,24.49,29.05,21.27,21.82,24.51,86.34,17.52,93.84,1.16,213.5,23.22,34.28,0.7,0.68,48.66
2020-07-06,PLEIKU,14.005,108.017,23.56,24.91,29.48,21.79,21.79,24.89,84.45,17.47,93.93,1.17,193.4,22.91,34.46,0.76,0.69,50.66
2020-07-07,PLEIKU,14.005,108.017,8.26,24.54,29.44,21.15,21.62,24.35,85.21,17.27,94.13,1.28,243.1,25.04,33.36,0.78,0.72,23.27
2020-07-08,PLEIKU,14.005,108.017,0.25,24.78,29.87,21.39,21.66,24.82,84.37,17.31,94.01,1.55,257.5,24.7,34.27,0.72,0.7,70.72
2020-07-09,PLEIKU,14.005,108.017,1.75,25.15,30.15,22.0,22.19,25.2,85.26,17.91,93.86,1.47,247.4,24.42,33.92,0.71,0.69,73.93
2020-07-10,PLEIKU,14.005,108.017,6.73,24.16,27.43,21.84,22.73,24.18,92.17,18.5,93.96,1.61,247.5,23.68,33.65,0.74,0.69,75.4
2020-07-11,PLEIKU,14.005,108.017,1.78,24.47,28.83,21.5,22.03,24.36,87.27,17.72,93.97,1.28,239.1,22.49,34.8,0.72,0.7,90.82
2020-07-12,PLEIKU,14.005,108.017,4.59,24.53,28.93,21.22,22.27,24.54,88.36,18.01,93.9,1.14,248.5,19.92,34.18,0.72,0.69,69.39
2020-07-13,PLEIKU,14.005,108.017,17.75,24.76,29.68,21.83,22.11,24.76,86.69,17.82,93.97,1.3,215.9,20.49,34.18,0.78,0.7,70.17
2020-07-14,PLEIKU,14.005,108.017,21.35,25.0,29.36,21.97,22.36,24.83,86.52,18.13,93.94,0.91,213.2,20.59,34.22,0.84,0.74,76.29
2020-07-15,PLEIKU,14.005,108.017,0.44,24.76,29.95,21.28,21.69,24.56,84.42,17.38,93.91,1.02,224.2,23.62,34.5,0.74,0.73,63.28
2020-07-16,PLEIKU,14.005,108.017,5.48,25.58,30.03,22.58,22.35,25.49,84.07,18.12,93.91,1.04,225.6,22.38,33.91,0.74,0.72,36.44
2020-07-17,PLEIKU,14.005,108.017,5.94,25.08,30.27,21.68,22.04,24.78,84.6,17.76,94.03,1.02,226.8,22.16,34.17,0.77,0.72,64.66
2020-07-18,PLEIKU,14.005,108.017,0.71,25.5,30.78,21.73,22.1,25.5,83.32,17.81,94.02,1.04,231.3,19.72,35.26,0.72,0.71,69.7
2020-07-19,PLEIKU,14.005,108.017,0.4,25.56,30.88,22.25,22.26,25.45,83.67,18.0,93.93,1.12,228.7,24.41,33.75,0.71,0.7,36.28
2020-07-20,PLEIKU,14.005,108.017,1.05,25.37,31.15,20.59,21.22,25.22,80.12,16.91,93.98,1.0,118.3,22.95,33.68,0.71,0.69,83.33
2020-07-21,PLEIKU,14.005,108.017,0.07,25.44,31.52,20.68,20.13,25.36,75.78,15.79,94.06,0.96,123.8,20.52,33.9,0.69,0.68,80.46
2020-07-22,PLEIKU,14.005,108.017,0.18,25.91,31.83,22.54,21.24,26.0,78.54,16.94,93.97,0.75,209.7,22.68,34.69,0.68,0.67,65.29
2020-07-23,PLEIKU,14.005,108.017,1.24,23.78,26.58,21.64,22.35,23.65,92.08,18.07,94.01,0.99,242.6,20.0,34.03,0.69,0.67,80.65
2020-07-24,PLEIKU,14.005,108.017,0.37,25.79,31.94,21.25,20.74,25.68,77.0,16.44,93.98,0.82,118.3,20.42,34.76,0.68,0.67,75.66
2020-07-25,PLEIKU,14.005,108.017,1.08,26.03,32.01,22.15,21.51,26.07,79.29,17.22,93.98,0.95,219.9,23.91,34.08,0.67,0.66,38.55
2020-07-26,PLEIKU,14.005,108.017,20.02,25.51,30.42,22.52,22.59,25.57,85.51,18.35,93.93,1.53,237.0,22.23,34.67,0.73,0.67,51.96
2020-07-27,PLEIKU,14.005,108.017,8.98,24.53,28.43,22.34,22.53,24.48,89.5,18.28,93.9,1.3,243.4,22.76,34.8,0.78,0.71,66.97
2020-07-28,PLEIKU,14.005,108.017,2.5,25.12,29.42,22.43,22.8,25.13,88.19,18.59,93.91,1.26,258.9,22.64,34.52,0.73,0.7,64.81
2020-07-29,PLEIKU,14.005,108.017,19.04,24.84,28.64,22.16,22.89,24.79,89.79,18.71,93.88,1.44,259.9,21.22,34.6,0.77,0.71,75.56
2020-07-30,PLEIKU,14.005,108.017,26.51,24.48,28.02,22.54,23.08,24.45,92.49,18.98,93.68,1.15,240.9,18.44,34.78,0.84,0.74,96.51
2020-07-31,PLEIKU,14.005,108.017,21.4,23.63,25.68,22.03,22.9,23.61,95.7,18.81,93.38,2.43,239.7,6.11,34.64,0.84,0.76,98.9
2020-08-01,PLEIKU,14.005,108.017,70.15,23.22,24.96,21.69,22.37,23.22,94.98,18.21,93.39,3.55,230.4,7.75,34.21,0.95,0.81,99.51
2020-08-02,PLEIKU,14.005,108.017,33.14,23.37,25.91,21.37,22.11,23.37,92.86,17.88,93.57,2.84,229.0,13.65,34.83,0.92,0.86,98.85
2020-08-03,PLEIKU,14.005,108.017,6.7,23.99,27.62,21.35,22.12,24.03,89.98,17.87,93.67,2.6,238.6,14.21,34.79,0.85,0.84,99.49
2020-08-04,PLEIKU,14.005,108.017,4.74,24.2,27.52,22.55,22.5,24.24,90.91,18.28,93.74,2.01,246.7,15.72,34.34,0.83,0.81,98.83
2020-08-05,PLEIKU,14.005,108.017,9.04,23.8,26.35,22.06,22.44,23.75,92.38,18.18,93.86,1.16,268.3,16.85,34.82,0.83,0.8,97.49
2020-08-06,PLEIKU,14.005,108.017,4.5,24.67,28.64,21.13,22.53,24.61,89.08,18.38,93.85,0.92,106.8,20.21,34.7,0.82,0.79,79.22
2020-08-07,PLEIKU,14.005,108.017,8.19,24.72,29.62,21.42,21.81,24.76,85.59,17.54,93.8,1.08,141.7,17.62,34.61,0.81,0.78,93.97
2020-08-08,PLEIKU,14.005,108.017,14.8,24.1,27.8,21.58,22.39,24.16,90.86,18.15,93.8,1.62,262.3,17.82,34.81,0.84,0.79,81.47
2020-08-09,PLEIKU,14.005,108.017,7.7,24.15,28.6,21.97,22.03,24.19,88.92,17.75,93.8,2.21,239.8,19.97,35.44,0.81,0.78,78.97
2020-08-10,PLEIKU,14.005,108.017,12.21,23.61,26.57,22.12,22.35,23.62,93.0,18.08,93.89,2.31,242.6,17.96,35.08,0.84,0.79,88.51
2020-08-11,PLEIKU,14.005,108.017,13.58,23.96,26.76,22.17,22.97,23.97,94.4,18.77,93.94,1.73,240.7,17.63,34.96,0.85,0.79,95.93
2020-08-12,PLEIKU,14.005,108.017,10.38,23.39,25.97,21.63,22.5,23.39,94.86,18.22,94.06,1.65,241.1,15.38,34.22,0.85,0.81,99.34
2020-08-13,PLEIKU,14.005,108.017,1.25,22.74,25.01,20.63,21.4,22.4,92.27,17.03,94.06,1.23,213.9,12.71,33.76,0.8,0.79,99.39
2020-08-14,PLEIKU,14.005,108.017,7.17,23.35,27.03,21.13,21.42,23.18,89.49,17.05,94.03,0.99,225.7,16.22,33.74,0.82,0.79,98.05
2020-08-15,PLEIKU,14.005,108.017,2.38,23.76,27.52,21.03,21.95,23.77,90.41,17.64,94.0,1.15,266.5,18.92,34.2,0.81,0.79,84.56
2020-08-16,PLEIKU,14.005,108.017,2.63,24.25,28.23,21.23,21.94,24.3,88.03,17.64,93.91,1.46,267.4,23.09,34.53,0.8,0.78,81.25
2020-08-17,PLEIKU,14.005,108.017,2.99,24.25,28.17,21.6,22.23,24.26,89.42,17.96,93.88,1.42,270.6,20.96,34.14,0.8,0.78,75.27
2020-08-18,PLEIKU,14.005,108.017,37.75,23.97,27.79,21.56,21.8,23.92,88.64,17.5,93.83,1.26,269.9,19.35,34.74,0.85,0.78,85.63
2020-08-19,PLEIKU,14.005,108.017,69.0,22.53,24.55,21.07,21.79,22.48,95.61,17.48,93.84,1.45,235.4,17.78,34.27,0.94,0.85,93.18
2020-08-20,PLEIKU,14.005,108.017,3.74,22.64,25.11,20.57,21.74,22.6,94.76,17.41,93.96,1.26,246.1,5.72,34.22,0.85,0.84,99.22
2020-08-21,PLEIKU,14.005,108.017,3.37,22.7,25.38,20.86,21.62,22.51,93.79,17.26,94.07,1.26,261.3,16.05,34.38,0.84,0.83,95.26
2020-08-22,PLEIKU,14.005,108.017,2.86,24.26,28.27,21.88,22.13,24.26,88.87,17.81,94.05,1.48,248.4,17.67,34.45,0.83,0.81,91.84
2020-08-23,PLEIKU,14.005,108.017,1.65,24.18,27.79,21.86,22.45,24.21,90.76,18.15,94.1,1.52,240.8,19.64,34.02,0.82,0.81,83.59
2020-08-24,PLEIKU,14.005,108.017,0.06,23.73,28.04,20.85,21.51,23.74,88.43,17.13,94.09,1.72,257.0,20.02,33.7,0.81,0.8,82.3
2020-08-25,PLEIKU,14.005,108.017,0.11,25.03,29.93,22.12,21.92,25.06,84.69,17.62,93.97,1.71,251.1,25.08,34.69,0.8,0.79,62.27
2020-08-26,PLEIKU,14.005,108.017,7.38,24.94,29.25,22.39,22.75,24.96,88.6,18.54,93.84,1.94,257.6,23.26,34.38,0.82,0.79,74.44
2020-08-27,PLEIKU,14.005,108.017,19.23,23.81,26.53,21.98,22.79,23.82,94.22,18.6,93.75,2.02,254.3,11.85,34.61,0.87,0.81,98.98
2020-08-28,PLEIKU,14.005,108.017,17.94,23.58,26.69,21.37,22.34,23.6,93.12,18.1,93.75,1.58,249.5,13.6,34.48,0.89,0.84,96.83
2020-08-29,PLEIKU,14.005,108.017,2.99,24.23,28.03,21.89,22.37,24.24,90.08,18.12,93.78,1.55,250.7,22.4,34.53,0.84,0.82,73.99
2020-08-30,PLEIKU,14.005,108.017,3.52,24.65,28.96,22.13,22.81,24.63,90.39,18.62,93.81,1.27,250.1,18.45,34.66,0.83,0.82,86.98
2020-08-31,PLEIKU,14.005,108.017,7.04,24.62,28.65,21.77,22.56,24.49,89.15,18.32,93.9,1.11,257.0,20.58,34.97,0.84,0.82,78.38
2020-09-01,PLEIKU,14.005,108.017,10.65,24.57,28.54,22.04,22.89,24.53,91.14,18.71,93.88,1.16,235.7,21.95,35.32,0.86,0.82,72.74
2020-09-02,PLEIKU,14.005,108.017,9.44,23.53,26.78,20.7,21.97,23.12,91.37,17.71,94.0,0.98,212.5,20.62,35.05,0.86,0.83,75.46
2020-09-03,PLEIKU,14.005,108.017,2.55,25.55,30.08,22.61,22.5,25.5,84.98,18.28,94.03,0.97,151.0,20.7,34.56,0.84,0.82,92.26
2020-09-04,PLEIKU,14.005,108.017,2.63,24.89,28.84,22.16,22.93,24.89,89.79,18.73,93.98,1.23,235.8,21.93,34.48,0.83,0.82,86.44
2020-09-05,PLEIKU,14.005,108.017,2.19,24.77,28.65,22.19,22.78,24.8,89.63,18.56,93.92,1.19,259.1,20.89,34.33,0.83,0.82,74.02
2020-09-06,PLEIKU,14.005,108.017,5.19,24.7,28.21,22.58,22.91,24.69,90.56,18.73,93.92,1.34,250.2,20.16,34.33,0.84,0.82,75.85
2020-09-07,PLEIKU,14.005,108.017,1.44,23.9,26.49,22.32,22.67,23.83,93.07,18.41,94.04,1.25,266.6,21.02,33.62,0.83,0.82,85.45
2020-09-08,PLEIKU,14.005,108.017,4.82,25.43,29.39,21.85,22.06,24.94,82.83,17.77,94.14,0.88,177.4,22.53,33.59,0.84,0.82,82.29
2020-09-09,PLEIKU,14.005,108.017,16.58,25.44,30.87,21.43,21.99,25.22,83.68,17.79,94.02,0.79,119.6,21.77,34.36,0.87,0.83,84.26
2020-09-10,PLEIKU,14.005,108.017,0.55,25.76,31.49,22.15,21.69,25.7,80.71,17.42,93.87,0.71,181.3,22.73,34.58,0.83,0.82,37.04
2020-09-11,PLEIKU,14.005,108.017,2.85,24.7,29.07,21.77,22.25,24.52,87.17,17.95,94.03,1.12,230.8,22.94,33.94,0.83,0.82,31.51
2020-09-12,PLEIKU,14.005,108.017,5.39,24.37,28.04,21.27,22.58,24.28,90.5,18.31,94.15,1.13,179.6,21.59,34.12,0.84,0.82,32.83
2020-09-13,PLEIKU,14.005,108.017,8.78,24.95,30.1,21.29,21.86,24.99,84.93,17.54,94.11,1.28,104.4,23.58,34.27,0.85,0.82,59.35
2020-09-14,PLEIKU,14.005,108.017,5.06,24.52,28.99,21.4,21.66,24.28,85.6,17.35,94.04,0.66,109.8,22.98,34.19,0.84,0.82,46.44
2020-09-15,PLEIKU,14.005,108.017,1.46,25.68,30.92,22.23,22.32,25.67,83.75,18.08,93.95,0.91,233.1,22.27,34.25,0.83,0.82,80.77
2020-09-16,PLEIKU,14.005,108.017,6.6,24.09,27.22,22.12,22.51,24.1,91.36,18.27,93.85,1.56,257.5,18.08,34.39,0.84,0.82,94.97
2020-09-17,PLEIKU,14.005,108.017,34.12,23.53,25.94,21.4,22.69,23.52,95.14,18.56,93.48,2.21,255.6,8.01,34.54,0.91,0.84,99.44
2020-09-18,PLEIKU,14.005,108.017,25.46,22.24,24.85,20.54,21.11,22.25,93.56,16.82,93.54,2.36,215.0,9.25,33.92,0.92,0.88,99.17
2020-09-19,PLEIKU,14.005,108.017,12.43,23.35,27.09,21.02,21.89,23.37,92.06,17.55,94.05,1.72,216.3,12.94,33.93,0.9,0.88,98.58
2020-09-20,PLEIKU,14.005,108.017,14.12,23.64,26.94,20.87,21.22,23.17,86.84,16.84,94.18,0.92,265.0,15.45,34.3,0.89,0.87,96.17
2020-09-21,PLEIKU,14.005,108.017,16.11,25.69,31.29,21.52,22.51,25.51,84.73,18.3,94.07,0.85,89.9,20.25,34.17,0.9,0.88,44.7
2020-09-22,PLEIKU,14.005,108.017,2.94,25.41,31.82,21.19,21.95,25.36,83.83,17.66,94.04,1.12,102.3,22.75,33.43,0.87,0.87,22.44
2020-09-23,PLEIKU,14.005,108.017,0.43,25.95,31.68,21.87,21.16,25.7,78.2,16.86,94.08,0.89,148.4,25.24,33.44,0.85,0.85,60.01
2020-09-24,PLEIKU,14.005,108.017,6.73,24.42,29.09,21.52,22.2,24.44,88.46,17.87,94.14,1.27,240.8,20.55,34.56,0.87,0.85,76.02
2020-09-25,PLEIKU,14.005,108.017,14.55,23.63,26.25,21.73,21.95,23.61,90.88,17.63,94.03,1.35,254.8,19.75,34.27,0.88,0.86,56.71
2020-09-26,PLEIKU,14.005,108.017,5.43,22.93,25.6,20.55,21.95,22.67,94.35,17.65,93.99,1.0,302.3,16.88,34.78,0.87,0.87,93.85
2020-09-27,PLEIKU,14.005,108.017,3.69,23.29,26.92,21.17,21.59,23.28,90.75,17.25,93.92,1.58,76.2,10.5,34.56,0.87,0.86,90.62
2020-09-28,PLEIKU,14.005,108.017,11.41,23.76,27.06,21.08,22.03,23.75,90.67,17.72,93.96,1.44,117.8,17.43,34.56,0.88,0.86,93.2
2020-09-29,PLEIKU,14.005,108.017,20.49,23.06,25.91,21.62,22.0,23.08,94.03,17.69,93.95,1.43,254.4,18.93,34.36,0.92,0.89,91.79
2020-09-30,PLEIKU,14.005,108.017,12.1,23.9,27.04,21.91,22.42,23.72,91.84,18.18,93.81,1.14,256.1,16.65,34.53,0.9,0.88,74.34
2020-10-01,PLEIKU,14.005,108.017,11.52,24.27,28.02,21.6,22.96,24.09,93.22,18.9,93.83,0.69,223.7,18.23,34.83,0.91,0.89,93.41
2020-10-02,PLEIKU,14.005,108.017,8.32,24.17,27.49,21.64,22.81,24.19,92.59,18.61,93.94,1.23,84.2,17.06,34.69,0.9,0.89,77.27
2020-10-03,PLEIKU,14.005,108.017,11.48,24.32,28.47,21.94,22.27,24.21,89.24,17.99,94.06,0.99,123.0,17.91,34.45,0.9,0.89,98.77
2020-10-04,PLEIKU,14.005,108.017,35.31,24.11,28.49,21.57,22.56,23.94,91.79,18.37,94.01,0.73,119.4,15.07,34.34,0.95,0.92,81.85
2020-10-05,PLEIKU,14.005,108.017,7.98,23.59,27.37,20.65,21.76,23.59,90.26,17.45,93.96,1.23,35.0,15.85,34.06,0.91,0.91,96.27
2020-10-06,PLEIKU,14.005,108.017,38.99,23.57,26.46,21.38,22.88,23.57,95.94,18.72,93.84,1.56,39.9,15.33,34.4,0.96,0.92,98.84
2020-10-07,PLEIKU,14.005,108.017,57.3,23.71,25.87,22.74,22.51,23.66,93.19,18.3,93.65,2.31,84.1,1.89,34.37,0.98,0.96,99.17
2020-10-08,PLEIKU,14.005,108.017,25.67,23.48,25.6,21.71,22.97,23.46,96.95,18.81,93.91,1.52,84.2,2.77,34.08,0.96,0.96,99.18
2020-10-09,PLEIKU,14.005,108.017,18.02,22.39,25.2,20.33,21.52,22.37,95.01,17.19,93.95,1.38,79.7,8.38,34.25,0.96,0.96,99.58
2020-10-10,PLEIKU,14.005,108.017,31.78,23.04,25.44,21.26,22.39,22.95,96.15,18.17,93.77,1.35,93.6,9.65,34.33,0.98,0.97,99.43
2020-10-11,PLEIKU,14.005,108.017,36.54,21.94,23.69,20.4,21.42,21.86,96.85,17.15,93.55,1.63,189.0,6.43,33.61,0.99,0.98,99.24
2020-10-12,PLEIKU,14.005,108.017,56.15,22.53,24.92,20.88,21.7,22.5,95.13,17.44,93.58,1.01,128.7,13.66,35.13,0.98,0.99,99.76
2020-10-13,PLEIKU,14.005,108.017,107.37,22.79,25.26,20.91,21.57,22.64,93.07,17.28,93.68,0.99,225.2,8.63,34.19,1.0,1.0,99.15
2020-10-14,PLEIKU,14.005,108.017,22.63,23.53,27.32,21.19,22.09,23.52,92.25,17.84,93.77,1.01,141.6,12.18,34.2,0.99,1.0,99.59
2020-10-15,PLEIKU,14.005,108.017,11.32,23.46,26.77,21.61,22.31,23.46,93.68,18.09,93.76,1.17,77.7,15.11,34.89,0.98,1.0,98.9
2020-10-16,PLEIKU,14.005,108.017,49.43,23.43,26.97,21.49,21.92,23.38,91.73,17.67,93.67,0.98,98.8,10.12,34.43,0.99,1.0,99.24
2020-10-17,PLEIKU,14.005,108.017,34.74,22.32,24.5,20.51,21.56,22.31,95.51,17.25,93.78,1.59,225.9,8.07,34.31,0.99,1.0,99.32
2020-10-18,PLEIKU,14.005,108.017,16.26,22.45,24.96,20.77,21.49,22.32,94.42,17.14,93.98,1.11,166.6,12.18,33.79,0.99,1.0,99.38
2020-10-19,PLEIKU,14.005,108.017,12.83,23.2,26.66,21.19,21.55,22.94,90.92,17.2,94.04,0.92,328.3,15.55,34.3,0.99,1.0,97.78
2020-10-20,PLEIKU,14.005,108.017,22.11,24.01,28.45,21.54,22.56,24.04,92.2,18.32,94.02,1.39,66.8,7.98,35.17,0.99,1.0,98.9
2020-10-21,PLEIKU,14.005,108.017,0.44,21.98,27.95,17.4,19.78,21.9,87.9,15.5,94.01,2.3,44.9,8.74,32.73,0.98,1.0,97.6
2020-10-22,PLEIKU,14.005,108.017,0.0,21.36,25.93,16.95,18.44,21.32,84.59,14.2,94.04,1.06,32.1,18.51,31.35,0.97,0.99,97.74
2020-10-23,PLEIKU,14.005,108.017,0.0,22.74,28.58,18.53,18.87,22.8,80.96,14.61,94.08,0.88,40.1,16.5,32.12,0.96,0.99,98.8
2020-10-24,PLEIKU,14.005,108.017,0.52,23.69,29.04,19.9,20.33,23.47,83.43,15.99,94.07,0.76,259.6,17.36,32.8,0.96,0.98,98.64
2020-10-25,PLEIKU,14.005,108.017,0.6,23.39,28.81,19.87,20.73,23.35,86.56,16.34,94.07,1.19,195.4,13.46,33.92,0.95,0.98,75.25
2020-10-26,PLEIKU,14.005,108.017,3.62,23.96,29.7,20.54,20.98,23.99,85.38,16.63,94.01,0.82,28.6,17.16,33.44,0.95,0.98,97.5
2020-10-27,PLEIKU,14.005,108.017,112.82,22.12,25.33,20.04,20.75,22.11,92.23,16.46,93.56,2.88,295.3,12.59,33.23,0.97,0.98,99.36
2020-10-28,PLEIKU,14.005,108.017,50.97,20.74,22.37,19.5,20.04,20.71,95.67,15.75,93.36,4.28,226.9,2.85,34.49,0.98,1.0,92.51
2020-10-29,PLEIKU,14.005,108.017,9.55,22.47,26.16,20.33,20.93,22.5,91.58,16.51,94.2,1.44,105.0,12.2,33.82,0.97,1.0,79.15
2020-10-30,PLEIKU,14.005,108.017,3.67,23.08,28.22,20.16,21.06,23.11,89.35,16.64,94.28,1.77,64.1,12.02,34.13,0.96,0.99,61.47
2020-10-31,PLEIKU,14.005,108.017,5.11,23.03,27.81,20.1,21.32,23.02,90.65,16.92,94.27,2.47,65.7,7.94,35.42,0.96,0.99,90.41
2020-11-01,PLEIKU,14.005,108.017,1.46,22.39,27.82,18.28,20.24,22.38,88.5,15.85,94.22,2.41,60.5,10.25,33.9,0.95,0.98,97.64
2020-11-02,PLEIKU,14.005,108.017,0.41,20.58,25.72,17.23,18.07,20.54,86.7,13.78,94.32,1.94,51.6,17.73,32.48,0.95,0.98,82.18
2020-11-03,PLEIKU,14.005,108.017,0.58,21.28,25.83,17.93,19.28,21.3,89.25,14.89,94.32,1.6,42.0,9.2,33.36,0.94,0.97,98.19
2020-11-04,PLEIKU,14.005,108.017,1.46,22.01,27.99,18.26,19.48,22.06,87.03,15.1,94.25,1.6,26.6,11.05,33.2,0.94,0.97,99.3
2020-11-05,PLEIKU,14.005,108.017,6.08,21.68,24.88,19.54,20.29,21.71,92.16,15.89,94.14,1.55,344.0,4.07,34.26,0.94,0.97,98.28
2020-11-06,PLEIKU,14.005,108.017,44.3,22.09,24.23,20.3,21.61,22.07,97.0,17.25,94.2,2.12,64.5,6.07,34.67,0.97,0.98,88.57
2020-11-07,PLEIKU,14.005,108.017,1.63,21.58,27.23,18.15,19.06,21.55,86.23,14.72,94.39,2.59,52.3,10.06,33.8,0.95,0.98,78.35
2020-11-08,PLEIKU,14.005,108.017,3.65,21.45,26.01,18.88,18.89,21.44,86.3,14.51,94.29,2.62,40.4,10.98,34.31,0.94,0.97,94.01
2020-11-09,PLEIKU,14.005,108.017,42.33,21.43,26.07,18.95,19.33,21.39,88.23,15.0,94.0,3.16,25.9,6.04,33.66,0.97,0.97,99.01
2020-11-10,PLEIKU,14.005,108.017,28.5,21.65,23.26,19.97,20.54,21.57,93.38,16.18,93.92,4.1,46.4,5.5,33.56,0.98,0.99,97.57
2020-11-11,PLEIKU,14.005,108.017,9.82,22.99,27.1,20.9,21.11,22.97,89.83,16.67,94.29,3.05,73.5,9.0,34.5,0.96,0.98,83.91
2020-11-12,PLEIKU,14.005,108.017,1.9,21.54,26.86,17.52,19.34,21.49,87.85,15.01,94.32,2.71,51.4,8.47,33.28,0.95,0.98,91.47
2020-11-13,PLEIKU,14.005,108.017,0.16,20.23,26.1,15.92,17.37,20.19,84.81,13.24,94.16,1.89,20.0,12.54,33.04,0.94,0.97,93.83
2020-11-14,PLEIKU,14.005,108.017,2.01,21.47,24.51,18.57,19.92,21.53,91.35,15.56,94.01,1.55,253.7,7.16,33.69,0.94,0.97,99.35
2020-11-15,PLEIKU,14.005,108.017,0.9,23.08,28.2,19.97,21.11,23.1,89.55,16.69,94.31,1.82,103.0,13.0,33.42,0.94,0.97,80.81
2020-11-16,PLEIKU,14.005,108.017,0.23,22.86,27.67,19.67,20.66,22.87,88.21,16.23,94.3,2.07,72.2,11.22,34.38,0.93,0.96,72.2
2020-11-17,PLEIKU,14.005,108.017,0.08,22.85,28.47,18.68,20.42,22.86,87.46,16.02,94.2,1.77,62.1,12.32,32.99,0.93,0.95,45.2
2020-11-18,PLEIKU,14.005,108.017,0.01,23.75,29.69,19.62,20.71,23.73,84.93,16.32,94.14,1.24,67.5,14.26,33.68,0.92,0.95,51.13
2020-11-19,PLEIKU,14.005,108.017,0.0,23.4,29.28,19.23,20.46,23.43,85.35,16.06,94.12,1.39,79.1,16.99,33.35,0.92,0.94,36.95
2020-11-20,PLEIKU,14.005,108.017,0.0,23.08,29.45,18.14,19.75,23.1,83.39,15.37,94.19,1.54,72.3,15.82,33.48,0.91,0.93,41.82
2020-11-21,PLEIKU,14.005,108.017,0.01,22.84,29.05,18.75,19.91,22.85,85.31,15.5,94.27,1.72,71.2,16.27,33.24,0.91,0.93,41.24
2020-11-22,PLEIKU,14.005,108.017,0.24,22.36,28.15,18.52,19.57,22.37,85.71,15.14,94.38,2.0,60.2,16.17,32.52,0.91,0.92,42.15
2020-11-23,PLEIKU,14.005,108.017,0.34,21.76,27.5,17.97,19.21,21.76,86.84,14.8,94.4,2.2,54.0,14.74,32.78,0.9,0.92,54.47
2020-11-24,PLEIKU,14.005,108.017,0.09,21.66,26.75,18.37,18.78,21.66,84.8,14.41,94.39,2.56,59.1,10.11,33.48,0.9,0.91,76.33
2020-11-25,PLEIKU,14.005,108.017,0.3,21.16,26.79,17.6,18.52,21.14,86.37,14.17,94.38,2.35,54.9,14.35,32.69,0.89,0.9,82.34
2020-11-26,PLEIKU,14.005,108.017,0.99,21.47,26.65,18.76,19.05,21.46,87.09,14.65,94.43,2.6,57.8,12.21,33.04,0.89,0.9,83.48
2020-11-27,PLEIKU,14.005,108.017,2.8,21.67,25.95,19.37,19.18,21.65,86.95,14.75,94.45,2.75,54.1,13.27,33.81,0.89,0.9,77.75
2020-11-28,PLEIKU,14.005,108.017,11.98,22.06,26.28,19.92,20.39,22.04,90.67,15.95,94.35,2.94,53.0,6.09,34.22,0.91,0.9,98.89
2020-11-29,PLEIKU,14.005,108.017,20.35,20.87,23.55,19.44,19.78,20.81,93.48,15.37,94.36,3.1,50.1,5.02,34.15,0.94,0.92,99.23
2020-11-30,PLEIKU,14.005,108.017,11.85,21.62,24.41,20.06,20.34,21.57,92.52,15.88,94.38,3.29,58.8,5.32,33.96,0.92,0.92,96.94
2020-12-01,PLEIKU,14.005,108.017,4.8,21.31,25.67,18.7,19.29,21.27,88.86,14.86,94.44,3.23,63.1,8.95,33.55,0.91,0.92,82.61
2020-12-02,PLEIKU,14.005,108.017,0.54,19.62,24.35,16.44,16.78,19.58,84.38,12.69,94.45,3.12,55.9,9.43,33.57,0.9,0.91,84.13
2020-12-03,PLEIKU,14.005,108.017,0.09,18.6,24.21,14.37,15.32,18.57,82.14,11.56,94.45,3.06,50.5,9.51,32.63,0.9,0.9,70.77
2020-12-04,PLEIKU,14.005,108.017,0.64,18.08,23.75,14.81,15.17,18.09,84.3,11.44,94.43,2.69,45.9,9.45,32.24,0.89,0.9,85.76
2020-12-05,PLEIKU,14.005,108.017,0.46,18.39,23.51,15.58,15.57,18.41,84.54,11.73,94.48,2.65,42.1,7.99,32.02,0.89,0.89,81.53
2020-12-06,PLEIKU,14.005,108.017,0.11,19.66,25.0,16.59,16.78,19.67,84.38,12.68,94.47,2.5,42.8,10.96,32.75,0.88,0.89,89.34
2020-12-07,PLEIKU,14.005,108.017,0.8,21.0,26.29,17.64,18.32,20.99,85.45,14.0,94.47,2.89,47.2,9.5,33.17,0.88,0.89,88.84
2020-12-08,PLEIKU,14.005,108.017,0.46,19.4,24.91,15.62,16.4,19.4,83.5,12.41,94.39,2.58,38.3,9.12,32.41,0.88,0.88,82.76
2020-12-09,PLEIKU,14.005,108.017,0.06,20.42,25.69,17.25,17.46,20.47,83.99,13.32,94.24,1.79,34.6,9.46,32.78,0.88,0.88,79.11
2020-12-10,PLEIKU,14.005,108.017,0.03,20.99,26.0,17.5,18.61,21.01,87.09,14.31,94.26,1.75,43.3,9.05,33.02,0.87,0.87,58.87
2020-12-11,PLEIKU,14.005,108.017,0.21,22.91,28.57,19.37,20.28,22.97,86.35,15.87,94.23,1.6,62.3,9.21,33.63,0.87,0.87,77.89
2020-12-12,PLEIKU,14.005,108.017,2.35,22.39,28.21,17.99,19.97,22.4,87.59,15.59,94.13,1.79,62.5,11.31,33.31,0.87,0.87,67.36
2020-12-13,PLEIKU,14.005,108.017,1.25,23.22,29.25,19.39,20.57,23.17,86.8,16.19,94.14,1.17,68.0,12.54,33.47,0.87,0.86,60.69
2020-12-14,PLEIKU,14.005,108.017,3.52,22.79,28.44,19.44,20.5,22.82,88.06,16.08,94.29,2.02,63.4,11.21,34.23,0.87,0.86,89.03
2020-12-15,PLEIKU,14.005,108.017,1.55,21.75,26.75,19.07,19.43,21.71,87.45,14.99,94.45,2.83,63.4,7.98,34.45,0.87,0.86,82.92
2020-12-16,PLEIKU,14.005,108.017,3.96,21.3,26.34,18.48,18.93,21.28,87.03,14.54,94.44,3.24,55.7,10.53,33.34,0.87,0.86,89.34
2020-12-17,PLEIKU,14.005,108.017,2.4,20.58,25.62,17.82,18.22,20.54,87.21,13.91,94.38,3.07,53.9,9.98,32.93,0.86,0.86,86.93
2020-12-18,PLEIKU,14.005,108.017,3.31,20.09,25.57,16.82,17.68,20.05,86.7,13.47,94.43,3.31,47.7,10.2,33.14,0.86,0.86,91.8
2020-12-19,PLEIKU,14.005,108.017,2.28,18.2,23.52,14.93,15.4,18.19,84.39,11.63,94.5,3.48,40.4,7.16,31.92,0.86,0.85,98.27
2020-12-20,PLEIKU,14.005,108.017,1.83,16.38,20.7,13.94,13.45,16.39,83.46,10.22,94.47,3.56,33.2,6.91,31.04,0.86,0.85,98.9
2020-12-21,PLEIKU,14.005,108.017,1.32,16.56,20.76,14.44,13.53,16.57,82.65,10.3,94.32,3.18,32.9,9.9,30.88,0.85,0.85,98.69
2020-12-22,PLEIKU,14.005,108.017,0.36,18.49,23.3,15.93,15.54,18.5,83.64,11.75,94.19,2.69,34.7,10.35,31.9,0.85,0.85,93.16
2020-12-23,PLEIKU,14.005,108.017,1.04,21.18,25.7,17.94,19.4,21.2,90.2,15.04,94.15,1.95,53.1,8.9,33.62,0.85,0.84,84.78
2020-12-24,PLEIKU,14.005,108.017,1.03,21.68,27.44,18.09,19.56,21.69,88.72,15.19,94.22,2.17,55.9,9.04,33.09,0.85,0.84,67.37
2020-12-25,PLEIKU,14.005,108.017,1.0,21.01,26.0,17.66,18.88,20.98,88.48,14.52,94.32,2.34,60.3,10.47,33.25,0.85,0.84,82.61
2020-12-26,PLEIKU,14.005,108.017,0.41,21.42,27.11,17.73,18.74,21.45,86.15,14.39,94.31,1.82,65.0,12.36,32.83,0.84,0.84,68.62
2020-12-27,PLEIKU,14.005,108.017,0.06,20.93,27.48,15.91,18.06,20.96,85.23,13.83,94.24,1.79,58.8,12.12,32.76,0.84,0.83,84.04
2020-12-28,PLEIKU,14.005,108.017,0.0,20.9,27.16,16.49,17.56,20.93,82.96,13.41,94.18,1.45,58.3,18.61,29.92,0.84,0.83,64.29
2020-12-29,PLEIKU,14.005,108.017,0.16,20.44,27.62,15.91,17.14,20.46,83.75,13.03,94.28,1.58,39.9,19.85,30.04,0.84,0.83,56.42
2020-12-30,PLEIKU,14.005,108.017,1.55,18.98,24.53,15.83,16.06,18.95,83.83,12.12,94.47,3.6,50.5,10.01,32.11,0.84,0.83,98.53
2020-12-31,PLEIKU,14.005,108.017,1.05,17.35,21.25,15.59,14.05,17.33,81.45,10.62,94.57,3.62,48.1,6.3,32.23,0.83,0.82,98.09
2021-01-01,PLEIKU,14.005,108.017,0.06,16.71,20.55,14.68,13.14,16.72,80.06,10.0,94.56,3.39,45.7,6.99,31.79,0.83,0.82,97.63
2021-01-02,PLEIKU,14.005,108.017,0.03,17.73,22.83,14.82,14.43,17.76,81.8,10.9,94.48,2.85,50.1,9.79,31.69,0.83,0.82,74.65
2021-01-03,PLEIKU,14.005,108.017,0.32,19.53,24.51,16.86,16.64,19.56,84.32,12.57,94.44,2.81,52.8,9.53,33.12,0.83,0.82,93.27
2021-01-04,PLEIKU,14.005,108.017,0.77,21.02,26.0,18.29,18.37,21.02,85.5,14.04,94.41,3.05,55.6,8.72,33.08,0.82,0.81,93.36
2021-01-05,PLEIKU,14.005,108.017,0.83,21.06,26.37,17.87,18.44,21.06,86.04,14.1,94.42,2.64,57.1,8.46,33.45,0.82,0.81,88.73
2021-01-06,PLEIKU,14.005,108.017,1.19,20.42,25.77,17.21,17.98,20.43,86.95,13.71,94.32,2.61,59.8,8.1,33.27,0.82,0.81,93.88
2021-01-07,PLEIKU,14.005,108.017,0.63,20.32,26.18,16.64,17.5,20.33,85.16,13.3,94.32,2.6,56.6,11.3,33.25,0.82,0.81,84.38
2021-01-08,PLEIKU,14.005,108.017,2.3,18.07,24.81,13.51,15.11,18.05,83.69,11.48,94.45,3.45,50.4,8.44,32.05,0.82,0.81,77.87
2021-01-09,PLEIKU,14.005,108.017,1.4,16.67,21.3,14.28,14.01,16.69,85.18,10.6,94.48,3.11,50.9,9.63,30.96,0.82,0.81,78.03
2021-01-10,PLEIKU,14.005,108.017,0.27,17.01,22.18,13.84,14.06,17.02,83.89,10.64,94.49,2.8,49.4,10.44,31.81,0.81,0.8,76.87
2021-01-11,PLEIKU,14.005,108.017,0.01,16.59,22.82,12.75,12.3,16.6,76.59,9.5,94.67,3.5,41.3,9.69,30.66,0.81,0.8,68.49
2021-01-12,PLEIKU,14.005,108.017,0.0,12.97,19.1,8.71,9.07,13.05,78.49,7.64,94.58,2.68,40.0,10.79,29.93,0.81,0.8,75.06
2021-01-13,PLEIKU,14.005,108.017,0.0,15.82,23.11,11.28,12.27,15.93,81.64,9.51,94.43,1.87,59.2,11.73,30.11,0.81,0.8,54.08
2021-01-14,PLEIKU,14.005,108.017,0.0,17.5,24.92,12.78,14.03,17.59,82.46,10.67,94.37,1.59,64.2,14.29,29.53,0.8,0.79,47.42
2021-01-15,PLEIKU,14.005,108.017,0.0,18.57,25.57,13.96,15.21,18.64,83.17,11.51,94.26,1.54,68.2,18.07,29.18,0.8,0.79,31.73
2021-01-16,PLEIKU,14.005,108.017,0.56,19.05,25.6,14.72,15.49,19.06,82.3,11.69,94.33,1.62,55.0,19.18,30.71,0.8,0.79,71.88
2021-01-17,PLEIKU,14.005,108.017,1.07,17.74,22.91,14.93,14.42,17.74,82.2,10.87,94.6,3.24,46.6,12.69,31.87,0.8,0.79,90.0
2021-01-18,PLEIKU,14.005,108.017,0.08,15.41,20.86,11.7,11.86,15.42,80.69,9.2,94.55,3.0,44.3,9.01,30.46,0.79,0.78,69.23
2021-01-19,PLEIKU,14.005,108.017,0.0,16.93,23.09,12.9,13.84,16.99,83.45,10.51,94.43,2.04,51.3,10.42,31.54,0.79,0.78,77.89
2021-01-20,PLEIKU,14.005,108.017,0.0,19.75,26.86,14.86,16.44,19.82,83.28,12.48,94.32,1.5,55.0,11.08,31.92,0.79,0.78,77.14
2021-01-21,PLEIKU,14.005,108.017,0.01,20.42,25.86,16.39,17.56,20.46,85.15,13.39,94.24,1.3,51.4,11.46,32.41,0.79,0.78,85.11
2021-01-22,PLEIKU,14.005,108.017,0.03,20.74,26.63,16.39,17.75,20.73,84.44,13.58,94.22,1.19,46.5,13.96,33.26,0.79,0.78,80.11
2021-01-23,PLEIKU,14.005,108.017,0.0,20.92,27.28,16.37,17.53,21.02,82.87,13.35,94.29,1.23,69.0,11.83,33.58,0.78,0.77,73.66
2021-01-24,PLEIKU,14.005,108.017,0.0,20.94,27.91,15.92,17.48,20.97,82.69,13.32,94.34,1.3,59.2,17.48,32.56,0.78,0.77,51.26
2021-01-25,PLEIKU,14.005,108.017,0.0,20.79,28.09,15.59,16.92,20.84,80.74,12.87,94.32,1.71,59.7,20.77,30.29,0.78,0.77,29.87
2021-01-26,PLEIKU,14.005,108.017,0.16,19.49,25.77,16.26,16.09,19.52,82.8,12.16,94.32,1.95,54.3,17.38,32.15,0.78,0.76,67.53
2021-01-27,PLEIKU,14.005,108.017,0.38,20.45,26.91,15.53,17.46,20.51,84.4,13.31,94.35,2.09,64.0,11.47,32.99,0.77,0.76,79.78
2021-01-28,PLEIKU,14.005,108.017,0.22,19.26,25.53,15.32,15.37,19.28,79.54,11.58,94.54,3.03,52.8,11.02,32.07,0.77,0.76,82.36
2021-01-29,PLEIKU,14.005,108.017,0.46,18.06,23.73,14.28,14.64,18.1,82.1,11.02,94.56,2.73,56.2,9.88,31.35,0.77,0.76,97.69
2021-01-30,PLEIKU,14.005,108.017,0.55,19.34,25.2,15.99,16.2,19.39,83.9,12.21,94.51,2.57,59.2,14.48,31.56,0.76,0.75,95.32
2021-01-31,PLEIKU,14.005,108.017,0.36,20.23,26.41,16.02,16.95,20.28,82.91,12.82,94.54,2.33,64.8,13.23,31.75,0.76,0.75,88.49
2021-02-01,PLEIKU,14.005,108.017,0.0,19.3,25.5,15.58,15.25,19.35,79.88,11.48,94.53,1.93,52.2,17.25,31.03,0.76,0.75,73.49
2021-02-02,PLEIKU,14.005,108.017,0.17,19.38,25.18,16.15,16.08,19.42,83.16,12.1,94.55,2.28,53.6,15.45,31.82,0.76,0.75,69.01
2021-02-03,PLEIKU,14.005,108.017,0.21,19.23,25.55,15.18,15.68,19.28,81.99,11.8,94.57,2.52,56.2,16.45,30.69,0.75,0.74,60.29
2021-02-04,PLEIKU,14.005,108.017,0.17,19.83,26.27,15.87,16.53,19.89,83.4,12.46,94.56,2.33,58.6,12.83,32.64,0.75,0.74,79.58
2021-02-05,PLEIKU,14.005,108.017,0.0,19.74,26.62,14.75,16.08,19.82,81.5,12.13,94.48,2.16,58.2,14.92,31.41,0.75,0.74,53.76
2021-02-06,PLEIKU,14.005,108.017,0.0,20.19,26.83,15.96,16.34,20.27,80.85,12.35,94.37,2.13,60.3,14.8,32.7,0.74,0.73,74.74
2021-02-07,PLEIKU,14.005,108.017,0.03,21.66,28.3,17.62,18.01,21.77,81.42,13.74,94.36,1.92,66.8,14.86,32.77,0.74,0.73,84.82
2021-02-08,PLEIKU,14.005,108.017,1.47,21.38,27.23,17.6,18.35,21.45,84.55,14.03,94.3,2.07,62.9,14.87,32.97,0.74,0.73,87.66
2021-02-09,PLEIKU,14.005,108.017,1.34,21.92,28.03,17.2,18.98,21.97,85.35,14.64,94.18,1.68,81.3,11.92,34.63,0.74,0.73,86.3
2021-02-10,PLEIKU,14.005,108.017,4.63,20.83,27.6,15.5,17.78,20.93,84.52,13.63,94.19,1.03,66.5,5.87,33.65,0.76,0.73,83.52
2021-02-11,PLEIKU,14.005,108.017,0.1,19.79,27.42,13.47,16.25,19.8,82.24,12.35,94.32,1.16,33.1,19.23,32.15,0.74,0.73,64.67
2021-02-12,PLEIKU,14.005,108.017,0.0,19.15,27.23,13.14,14.22,19.21,76.58,10.77,94.43,1.28,47.0,20.56,29.56,0.74,0.73,37.4
2021-02-13,PLEIKU,14.005,108.017,0.0,18.86,26.78,13.06,13.99,18.96,76.9,10.61,94.47,1.39,58.0,21.77,28.83,0.73,0.72,26.15
2021-02-14,PLEIKU,14.005,108.017,0.0,19.24,26.82,13.53,14.71,19.37,78.42,11.13,94.42,1.36,51.3,22.16,29.15,0.73,0.72,28.65
2021-02-15,PLEIKU,14.005,108.017,0.0,19.76,27.76,14.32,15.1,19.79,78.21,11.44,94.32,1.18,65.8,22.33,29.68,0.73,0.72,22.32
2021-02-16,PLEIKU,14.005,108.017,0.0,19.76,27.9,13.59,15.2,19.9,78.29,11.5,94.38,1.75,63.1,23.25,29.28,0.72,0.71,11.46
2021-02-17,PLEIKU,14.005,108.017,0.0,18.61,25.15,14.67,14.64,18.71,80.29,11.02,94.61,2.54,55.0,19.33,31.61,0.72,0.71,51.01
2021-02-18,PLEIKU,14.005,108.017,0.22,18.65,24.78,14.87,14.49,18.74,78.98,10.9,94.75,3.13,53.8,13.13,32.18,0.71,0.71,74.16
2021-02-19,PLEIKU,14.005,108.017,0.11,18.27,25.02,13.58,14.02,18.36,78.53,10.59,94.72,2.94,55.9,13.43,31.04,0.71,0.7,59.8
2021-02-20,PLEIKU,14.005,108.017,0.0,17.85,24.9,12.77,13.73,17.99,79.66,10.4,94.59,2.37,60.9,20.38,29.29,0.71,0.7,40.94
2021-02-21,PLEIKU,14.005,108.017,0.0,18.49,26.66,12.46,14.01,18.64,78.78,10.63,94.45,1.82,70.1,21.27,29.51,0.71,0.7,41.37
2021-02-22,PLEIKU,14.005,108.017,0.0,19.29,28.56,12.14,13.77,19.44,75.22,10.51,94.37,1.51,63.5,24.01,27.55,0.7,0.69,12.37
2021-02-23,PLEIKU,14.005,108.017,0.0,19.73,28.82,13.13,13.92,19.87,74.35,10.64,94.24,1.56,51.6,24.82,28.29,0.7,0.69,17.03
2021-02-24,PLEIKU,14.005,108.017,0.0,20.93,29.8,15.42,14.7,20.63,72.48,11.19,94.13,1.27,60.0,24.86,28.8,0.69,0.69,2.99
2021-02-25,PLEIKU,14.005,108.017,0.0,22.97,31.09,17.42,17.62,22.31,75.57,13.51,93.95,1.01,59.7,23.18,31.31,0.69,0.68,6.65
2021-02-26,PLEIKU,14.005,108.017,0.0,23.7,31.51,17.59,17.95,23.31,74.04,13.79,93.93,1.18,74.6,21.04,31.8,0.69,0.68,20.61
2021-02-27,PLEIKU,14.005,108.017,0.0,22.67,29.83,17.76,18.45,22.82,80.07,14.16,94.11,1.66,93.1,20.62,31.87,0.68,0.68,29.12
2021-02-28,PLEIKU,14.005,108.017,0.11,23.54,30.22,19.17,18.98,23.73,78.96,14.64,94.26,1.88,99.5,18.95,33.72,0.68,0.68,50.28
2021-03-01,PLEIKU,14.005,108.017,0.32,24.07,31.19,19.15,19.76,24.25,79.54,15.32,94.44,1.7,86.7,20.71,33.81,0.68,0.68,46.56
2021-03-02,PLEIKU,14.005,108.017,0.09,23.54,30.87,18.47,18.57,23.74,76.91,14.21,94.43,2.35,73.0,17.18,34.48,0.67,0.67,66.79
2021-03-03,PLEIKU,14.005,108.017,0.05,22.42,29.22,17.66,18.01,22.65,78.77,13.7,94.5,2.45,71.6,14.82,33.36,0.67,0.67,59.53
2021-03-04,PLEIKU,14.005,108.017,0.0,23.15,30.77,17.44,18.42,23.37,78.21,14.08,94.48,1.89,89.1,22.27,31.73,0.67,0.67,30.09
2021-03-05,PLEIKU,14.005,108.017,0.01,22.89,31.44,16.48,16.91,23.03,74.83,12.87,94.46,1.64,99.9,25.74,30.13,0.66,0.67,4.11
2021-03-06,PLEIKU,14.005,108.017,0.01,23.71,32.71,18.41,15.95,23.92,69.89,12.3,94.44,1.37,79.3,25.38,30.38,0.66,0.66,12.57
2021-03-07,PLEIKU,14.005,108.017,0.11,23.26,31.07,18.01,18.05,23.5,76.57,13.75,94.5,2.3,76.6,22.98,31.79,0.66,0.66,31.33
2021-03-08,PLEIKU,14.005,108.017,0.05,22.23,29.65,17.23,17.47,22.48,77.79,13.23,94.54,2.31,71.2,20.98,32.34,0.65,0.66,38.88
2021-03-09,PLEIKU,14.005,108.017,0.04,22.21,30.0,17.22,17.17,22.49,76.79,12.99,94.54,2.28,68.1,21.72,31.33,0.65,0.66,33.11
2021-03-10,PLEIKU,14.005,108.017,0.03,22.47,30.21,17.28,17.45,22.75,77.01,13.22,94.51,2.25,67.3,22.55,31.27,0.65,0.65,34.99
2021-03-11,PLEIKU,14.005,108.017,0.01,22.42,30.33,16.78,17.01,22.7,75.3,12.86,94.53,2.43,60.6,22.52,31.12,0.65,0.65,28.36
2021-03-12,PLEIKU,14.005,108.017,0.0,22.28,30.06,16.95,16.51,22.55,74.05,12.47,94.53,2.33,60.1,22.78,31.35,0.64,0.65,34.53
2021-03-13,PLEIKU,14.005,108.017,0.01,22.17,30.39,16.82,16.29,22.47,74.03,12.31,94.43,2.24,56.7,23.09,31.75,0.64,0.65,38.57
2021-03-14,PLEIKU,14.005,108.017,0.0,22.09,29.89,16.51,16.62,22.39,75.18,12.58,94.3,2.22,68.3,19.71,31.09,0.64,0.65,31.34
2021-03-15,PLEIKU,14.005,108.017,0.0,23.21,31.56,17.61,17.1,23.52,73.65,13.04,94.2,1.59,72.7,22.3,32.39,0.64,0.64,38.25
2021-03-16,PLEIKU,14.005,108.017,0.0,22.59,30.21,17.08,17.18,22.75,75.97,13.08,94.17,1.34,82.8,23.07,31.51,0.64,0.64,22.26
2021-03-17,PLEIKU,14.005,108.017,0.0,23.36,32.96,16.29,16.27,23.66,70.94,12.39,94.14,1.67,67.9,26.05,30.25,0.63,0.64,12.0
2021-03-18,PLEIKU,14.005,108.017,0.0,24.37,33.06,18.91,17.01,24.67,70.26,13.09,94.1,1.92,74.7,26.0,30.91,0.63,0.64,15.59
2021-03-19,PLEIKU,14.005,108.017,0.0,25.8,35.04,19.94,18.59,26.18,70.55,14.4,94.0,1.35,83.9,23.55,33.7,0.63,0.64,54.86
2021-03-20,PLEIKU,14.005,108.017,0.0,26.01,34.52,20.31,20.02,26.41,74.15,15.69,93.93,1.32,82.5,21.56,33.59,0.63,0.63,73.29
2021-03-21,PLEIKU,14.005,108.017,1.54,24.74,33.06,19.3,18.73,25.03,73.7,14.42,94.19,2.89,67.3,18.59,33.22,0.63,0.63,81.59
2021-03-22,PLEIKU,14.005,108.017,4.78,22.8,29.74,18.25,18.64,23.01,79.98,14.26,94.45,3.57,55.6,10.28,34.47,0.65,0.64,88.12
2021-03-23,PLEIKU,14.005,108.017,0.77,22.43,29.35,18.12,17.44,22.69,76.05,13.22,94.41,3.07,57.3,12.23,33.45,0.64,0.64,67.17
2021-03-24,PLEIKU,14.005,108.017,0.36,23.93,31.46,18.91,18.76,24.26,75.96,14.41,94.23,2.63,68.3,14.5,34.37,0.63,0.64,76.72
2021-03-25,PLEIKU,14.005,108.017,0.17,24.31,31.88,19.07,18.92,24.65,75.46,14.56,94.22,2.5,74.6,20.17,33.01,0.62,0.63,46.54
2021-03-26,PLEIKU,14.005,108.017,0.03,24.68,32.81,18.56,18.96,25.04,74.58,14.61,94.18,2.29,85.4,23.35,32.95,0.62,0.63,38.78
2021-03-27,PLEIKU,14.005,108.017,0.0,25.69,34.49,19.3,18.79,26.05,70.78,14.51,94.04,1.82,95.6,24.44,32.2,0.62,0.63,57.34
2021-03-28,PLEIKU,14.005,108.017,0.0,26.06,35.12,19.81,18.27,26.42,68.2,14.1,93.99,1.37,107.1,23.71,32.68,0.61,0.63,26.64
2021-03-29,PLEIKU,14.005,108.017,0.0,25.86,34.98,19.36,18.2,26.0,68.17,14.04,93.86,1.33,121.3,24.64,32.73,0.61,0.62,25.65
2021-03-30,PLEIKU,14.005,108.017,0.0,26.3,34.79,20.08,18.11,26.16,65.25,13.98,93.77,1.21,189.5,23.9,33.12,0.6,0.62,17.19
2021-03-31,PLEIKU,14.005,108.017,0.0,27.12,35.23,21.17,19.67,27.31,68.32,15.4,93.73,1.29,194.0,22.16,34.23,0.6,0.62,30.77
2021-04-01,PLEIKU,14.005,108.017,0.03,27.39,34.21,22.78,20.76,27.65,70.71,16.47,93.82,1.06,214.9,19.56,35.07,0.6,0.62,52.88
2021-04-02,PLEIKU,14.005,108.017,0.03,24.43,28.09,21.11,20.9,24.44,81.86,16.52,93.99,1.33,161.1,19.47,34.43,0.61,0.62,57.57
2021-04-03,PLEIKU,14.005,108.017,0.01,26.27,35.13,19.89,19.17,26.65,70.07,14.85,94.01,2.2,93.6,26.35,32.44,0.6,0.62,15.21
2021-04-04,PLEIKU,14.005,108.017,0.0,24.83,33.44,18.71,18.02,25.2,70.86,13.79,94.18,2.57,76.1,25.26,32.18,0.59,0.62,29.56
2021-04-05,PLEIKU,14.005,108.017,0.41,23.53,30.09,19.53,18.2,23.8,75.39,13.93,94.32,2.53,69.6,20.78,32.25,0.59,0.62,80.75
2021-04-06,PLEIKU,14.005,108.017,0.58,24.56,32.18,19.16,18.59,24.9,73.44,14.25,94.36,2.57,70.9,21.4,33.35,0.59,0.61,35.3
2021-04-07,PLEIKU,14.005,108.017,0.57,25.2,33.0,20.0,19.06,25.59,73.18,14.72,94.24,2.07,79.5,20.09,33.89,0.59,0.61,50.07
2021-04-08,PLEIKU,14.005,108.017,0.35,25.05,32.82,19.59,19.14,25.45,73.3,14.79,94.15,1.25,80.5,14.23,33.85,0.59,0.61,56.75
2021-04-09,PLEIKU,14.005,108.017,0.66,25.12,33.43,19.3,18.29,25.53,70.92,14.05,94.23,2.23,66.1,22.88,33.31,0.59,0.61,29.9
2021-04-10,PLEIKU,14.005,108.017,2.73,24.64,32.57,19.6,19.17,25.0,75.9,14.79,94.38,2.51,72.0,18.42,33.7,0.6,0.61,71.8
2021-04-11,PLEIKU,14.005,108.017,0.68,24.98,32.76,20.03,18.9,25.35,73.4,14.55,94.46,2.47,79.9,22.89,33.11,0.59,0.61,40.6
2021-04-12,PLEIKU,14.005,108.017,0.16,25.64,33.81,19.6,19.15,26.02,71.96,14.78,94.38,2.13,91.4,23.2,34.19,0.58,0.61,47.64
2021-04-13,PLEIKU,14.005,108.017,0.0,26.7,35.76,20.51,18.09,27.2,65.07,13.9,94.26,1.3,99.9,22.34,34.37,0.58,0.61,60.18
2021-04-14,PLEIKU,14.005,108.017,0.0,26.07,34.46,20.01,17.9,26.41,66.35,13.78,94.17,1.0,127.1,21.25,34.38,0.57,0.61,75.65
2021-04-15,PLEIKU,14.005,108.017,0.0,27.2,35.58,21.12,19.25,27.64,66.73,14.96,94.09,1.17,124.7,22.23,33.61,0.57,0.61,54.67
2021-04-16,PLEIKU,14.005,108.017,1.29,25.71,34.85,18.4,18.42,26.11,69.93,14.14,94.19,1.83,104.3,24.06,33.02,0.57,0.61,73.52
2021-04-17,PLEIKU,14.005,108.017,0.01,25.77,35.37,19.65,15.43,26.24,62.03,11.99,94.32,1.57,89.3,23.7,33.15,0.57,0.6,74.08
2021-04-18,PLEIKU,14.005,108.017,1.33,26.1,34.5,20.42,17.66,26.51,66.03,13.6,94.19,1.26,98.1,25.55,32.98,0.57,0.6,41.3
2021-04-19,PLEIKU,14.005,108.017,17.71,25.96,33.01,21.31,20.67,26.17,76.65,16.36,94.07,0.88,157.4,17.19,34.5,0.69,0.62,94.04
2021-04-20,PLEIKU,14.005,108.017,26.18,23.3,26.03,21.32,22.01,23.21,92.75,17.67,94.08,1.15,264.6,16.71,34.67,0.82,0.67,92.2
2021-04-21,PLEIKU,14.005,108.017,24.0,24.41,28.66,21.55,22.24,24.33,88.92,17.97,94.14,0.86,85.3,17.7,34.76,0.8,0.7,94.65
2021-04-22,PLEIKU,14.005,108.017,3.63,24.7,29.77,20.76,21.82,24.69,85.71,17.51,94.02,0.94,115.8,17.33,35.46,0.76,0.72,79.73
2021-04-23,PLEIKU,14.005,108.017,0.33,25.92,32.4,21.22,21.2,26.01,78.38,16.88,93.98,0.81,182.1,21.63,34.71,0.71,0.7,69.73
2021-04-24,PLEIKU,14.005,108.017,0.32,25.96,31.74,21.27,21.33,25.66,77.5,16.97,94.03,1.35,228.0,20.82,34.81,0.69,0.69,50.44
2021-04-25,PLEIKU,14.005,108.017,1.78,26.08,31.38,22.78,22.62,26.09,83.0,18.38,94.07,1.0,222.9,21.44,35.5,0.69,0.68,78.79
2021-04-26,PLEIKU,14.005,108.017,1.53,24.31,28.27,21.11,21.96,24.29,87.53,17.63,94.12,1.61,110.1,19.11,34.14,0.69,0.67,94.87
2021-04-27,PLEIKU,14.005,108.017,0.67,23.61,29.24,19.55,20.17,23.63,82.82,15.73,94.33,1.51,100.4,16.11,33.48,0.68,0.67,86.82
2021-04-28,PLEIKU,14.005,108.017,0.2,25.0,31.95,20.22,19.77,25.12,76.3,15.36,94.35,1.79,82.9,20.22,32.45,0.66,0.66,93.98
2021-04-29,PLEIKU,14.005,108.017,0.09,24.53,32.12,18.58,18.76,24.63,74.15,14.42,94.27,2.05,77.0,23.07,32.74,0.65,0.65,41.48
2021-04-30,PLEIKU,14.005,108.017,1.84,25.1,32.33,20.3,19.66,25.29,75.54,15.28,94.22,1.82,87.0,22.83,33.5,0.65,0.64,36.88
2021-05-01,PLEIKU,14.005,108.017,4.08,25.58,32.14,21.36,20.82,25.75,78.23,16.43,94.28,1.25,116.7,23.4,33.55,0.67,0.65,63.36
2021-05-02,PLEIKU,14.005,108.017,0.0,26.19,33.84,20.57,20.08,26.38,72.88,15.69,94.2,1.48,107.7,25.96,33.02,0.64,0.64,55.68
2021-05-03,PLEIKU,14.005,108.017,0.0,26.37,34.62,20.9,18.95,26.55,69.38,14.71,94.1,1.69,101.0,25.42,32.38,0.62,0.63,70.08
2021-05-04,PLEIKU,14.005,108.017,0.0,26.82,35.93,19.77,18.85,27.04,67.28,14.58,94.05,1.94,94.5,27.34,32.15,0.61,0.63,45.07
2021-05-05,PLEIKU,14.005,108.017,3.67,26.21,33.79,21.71,20.14,26.4,73.38,15.82,94.1,2.58,80.6,23.51,33.8,0.63,0.63,98.58
2021-05-06,PLEIKU,14.005,108.017,1.83,24.47,31.3,18.91,18.64,24.62,72.33,14.34,94.35,2.41,72.0,19.81,33.28,0.63,0.63,81.83
2021-05-07,PLEIKU,14.005,108.017,0.0,26.38,34.48,20.99,18.33,26.65,66.59,14.14,94.25,2.07,75.0,25.17,32.6,0.6,0.62,62.86
2021-05-08,PLEIKU,14.005,108.017,0.0,26.61,35.32,20.61,19.1,26.88,68.05,14.8,94.09,1.55,100.5,26.39,33.34,0.6,0.62,74.17
2021-05-09,PLEIKU,14.005,108.017,0.01,27.12,35.78,20.9,19.46,27.39,68.16,15.14,94.01,1.31,116.0,24.98,33.85,0.6,0.62,36.53
2021-05-10,PLEIKU,14.005,108.017,0.04,27.63,35.41,22.41,20.65,27.93,70.44,16.35,94.01,1.09,167.4,23.6,33.88,0.6,0.61,65.8
2021-05-11,PLEIKU,14.005,108.017,0.0,27.99,35.14,22.62,20.95,28.3,69.49,16.63,93.94,1.06,150.1,22.23,35.12,0.59,0.61,91.9
2021-05-12,PLEIKU,14.005,108.017,0.15,26.65,32.59,22.84,22.05,26.8,78.38,17.8,93.9,1.07,185.6,21.03,34.14,0.6,0.61,70.29
2021-05-13,PLEIKU,14.005,108.017,1.66,27.73,35.48,22.29,20.54,28.04,69.68,16.25,93.88,1.35,119.2,23.16,34.57,0.6,0.61,60.43
2021-05-14,PLEIKU,14.005,108.017,2.6,26.75,33.22,22.8,21.68,27.0,77.01,17.38,93.93,1.45,126.5,21.57,34.37,0.61,0.61,88.06
2021-05-15,PLEIKU,14.005,108.017,0.3,26.72,34.44,21.42,20.71,26.95,73.73,16.37,93.98,1.49,115.6,25.35,33.58,0.6,0.61,26.86
2021-05-16,PLEIKU,14.005,108.017,1.92,28.11,36.0,22.98,20.99,28.48,70.71,16.74,93.96,1.51,109.6,26.61,34.1,0.59,0.61,14.1
2021-05-17,PLEIKU,14.005,108.017,5.97,25.89,31.19,22.41,22.67,25.98,84.42,18.44,94.04,1.43,106.9,24.42,34.26,0.65,0.62,46.35
2021-05-18,PLEIKU,14.005,108.017,3.24,26.9,33.74,22.38,21.88,27.01,77.58,17.58,94.02,1.36,136.1,23.9,34.63,0.63,0.62,82.69
2021-05-19,PLEIKU,14.005,108.017,2.47,25.51,30.71,22.11,22.3,25.59,84.33,18.03,93.98,1.23,178.4,22.95,34.16,0.64,0.62,61.81
2021-05-20,PLEIKU,14.005,108.017,0.49,25.56,30.56,22.02,21.79,25.61,81.67,17.46,94.01,1.3,222.1,23.66,33.77,0.62,0.62,83.49
2021-05-21,PLEIKU,14.005,108.017,34.27,26.79,33.37,22.57,21.89,27.02,78.0,17.62,93.93,1.55,235.2,21.41,34.92,0.71,0.63,45.64
2021-05-22,PLEIKU,14.005,108.017,10.79,25.14,29.74,22.31,22.88,25.2,88.44,18.71,93.81,1.64,236.6,19.94,34.66,0.77,0.68,74.56
2021-05-23,PLEIKU,14.005,108.017,5.96,25.42,29.96,22.24,22.87,25.29,87.07,18.73,93.8,1.12,275.9,17.62,35.29,0.72,0.68,86.43
2021-05-24,PLEIKU,14.005,108.017,3.35,24.79,29.47,21.07,21.6,24.8,84.37,17.3,93.9,1.15,95.9,15.74,35.95,0.7,0.68,70.29
2021-05-25,PLEIKU,14.005,108.017,25.85,24.73,28.64,21.37,21.79,24.3,84.87,17.51,93.95,0.55,243.2,19.23,34.54,0.82,0.7,47.86
2021-05-26,PLEIKU,14.005,108.017,10.4,24.54,28.69,21.84,22.29,24.58,88.36,18.03,93.89,1.17,229.8,20.31,34.59,0.78,0.72,53.05
2021-05-27,PLEIKU,14.005,108.017,1.96,25.54,30.04,22.2,22.82,25.55,86.32,18.61,94.02,1.21,211.1,17.96,35.63,0.72,0.71,64.29
2021-05-28,PLEIKU,14.005,108.017,0.07,26.3,31.5,22.46,22.2,26.1,79.96,17.89,94.1,1.36,226.0,22.1,34.75,0.7,0.69,68.36
2021-05-29,PLEIKU,14.005,108.017,0.07,26.35,30.97,22.95,22.76,26.43,82.44,18.52,94.06,1.49,244.2,22.3,34.52,0.69,0.68,51.83
2021-05-30,PLEIKU,14.005,108.017,0.02,25.98,30.91,22.72,22.43,26.05,82.76,18.19,93.9,1.64,261.0,23.15,34.35,0.67,0.67,32.01
2021-05-31,PLEIKU,14.005,108.017,0.0,26.9,32.08,23.53,23.24,26.93,82.21,19.13,93.82,1.5,253.1,23.94,34.31,0.67,0.66,42.57
2021-06-01,PLEIKU,14.005,108.017,0.0,26.41,31.06,23.02,23.32,26.44,84.61,19.21,93.87,1.35,254.3,21.52,34.51,0.66,0.65,84.84
2021-06-02,PLEIKU,14.005,108.017,0.01,26.48,30.86,23.1,23.31,26.54,84.17,19.18,93.89,1.46,240.1,20.23,33.87,0.65,0.65,85.21
2021-06-03,PLEIKU,14.005,108.017,0.02,26.52,31.53,22.8,22.7,26.6,81.17,18.45,94.0,1.85,246.3,20.19,34.65,0.65,0.64,86.52
2021-06-04,PLEIKU,14.005,108.017,1.37,25.94,29.77,23.46,23.1,25.94,85.55,18.93,93.95,1.47,264.3,20.9,34.79,0.65,0.64,84.2
2021-06-05,PLEIKU,14.005,108.017,5.71,24.17,27.14,22.35,23.1,24.17,93.98,18.94,93.94,1.47,249.7,16.29,34.52,0.69,0.65,92.03
2021-06-06,PLEIKU,14.005,108.017,7.17,24.35,27.9,21.41,22.41,24.38,89.56,18.14,93.92,1.9,236.9,20.1,34.05,0.69,0.65,93.78
2021-06-07,PLEIKU,14.005,108.017,19.79,23.14,26.28,20.73,21.32,23.2,90.17,16.96,94.02,2.0,242.4,13.72,34.28,0.79,0.68,99.77
2021-06-08,PLEIKU,14.005,108.017,7.19,23.11,26.53,21.11,20.92,23.17,88.51,16.54,94.03,1.97,237.6,16.16,34.22,0.74,0.69,99.42
2021-06-09,PLEIKU,14.005,108.017,4.49,23.8,27.75,21.47,21.76,23.84,89.27,17.44,93.91,2.13,250.8,11.49,34.22,0.72,0.69,99.69
2021-06-10,PLEIKU,14.005,108.017,25.9,23.46,26.92,21.23,21.66,23.5,90.3,17.36,93.72,2.3,251.8,14.73,34.49,0.78,0.7,99.52
2021-06-11,PLEIKU,14.005,108.017,44.19,22.78,25.26,20.7,21.73,22.79,93.91,17.45,93.68,2.18,242.8,12.76,34.53,0.91,0.76,99.54
2021-06-12,PLEIKU,14.005,108.017,14.49,21.91,24.0,20.2,20.98,21.91,94.48,16.63,93.8,2.68,243.6,10.72,34.29,0.84,0.79,98.97
2021-06-13,PLEIKU,14.005,108.017,9.58,23.43,26.92,21.08,21.43,23.48,89.35,17.08,93.96,2.42,243.2,15.24,34.55,0.81,0.77,93.99
2021-06-14,PLEIKU,14.005,108.017,3.41,23.87,28.15,21.36,21.67,23.91,88.5,17.34,93.93,1.89,252.4,19.88,34.32,0.78,0.76,73.53
2021-06-15,PLEIKU,14.005,108.017,6.4,24.25,28.34,21.53,22.18,24.3,89.15,17.9,93.89,2.19,250.7,21.7,34.5,0.77,0.74,51.33
2021-06-16,PLEIKU,14.005,108.017,1.94,23.84,27.24,21.84,22.18,23.87,90.98,17.86,94.07,1.84,257.6,19.71,34.52,0.75,0.73,65.88
2021-06-17,PLEIKU,14.005,108.017,0.03,24.69,29.29,21.85,21.91,24.75,86.06,17.56,94.15,1.6,257.3,20.76,34.17,0.73,0.72,38.9
2021-06-18,PLEIKU,14.005,108.017,0.0,24.72,28.27,22.35,22.65,24.75,89.06,18.37,94.12,1.6,251.9,25.11,33.71,0.72,0.71,36.26
2021-06-19,PLEIKU,14.005,108.017,0.05,24.58,28.1,22.56,22.7,24.58,89.9,18.45,94.03,1.7,251.6,24.46,34.09,0.72,0.7,57.35
2021-06-20,PLEIKU,14.005,108.017,0.16,25.51,29.98,22.72,22.61,25.56,85.19,18.37,93.9,2.15,250.6,24.46,33.87,0.71,0.69,52.57
2021-06-21,PLEIKU,14.005,108.017,2.75,24.84,28.9,22.05,22.44,24.87,87.53,18.18,93.91,2.03,243.8,23.75,34.03,0.71,0.69,64.92
2021-06-22,PLEIKU,14.005,108.017,2.12,24.79,28.95,22.21,22.17,24.85,86.4,17.86,94.0,2.14,242.0,21.5,33.87,0.71,0.69,84.38
2021-06-23,PLEIKU,14.005,108.017,0.65,24.5,28.33,22.0,22.13,24.54,87.57,17.82,94.01,1.83,251.3,24.17,33.67,0.7,0.69,77.9
2021-06-24,PLEIKU,14.005,108.017,0.24,24.63,28.5,21.99,21.76,24.7,85.27,17.44,93.95,1.77,250.4,24.39,33.62,0.69,0.68,72.03
2021-06-25,PLEIKU,14.005,108.017,0.26,24.82,28.5,22.44,22.33,24.86,86.98,18.05,93.94,1.6,237.9,19.91,33.86,0.69,0.68,88.97
2021-06-26,PLEIKU,14.005,108.017,0.01,24.35,28.12,22.04,22.06,24.39,88.0,17.72,94.14,1.59,249.2,22.02,33.83,0.68,0.67,73.15
2021-06-27,PLEIKU,14.005,108.017,0.0,25.15,29.69,22.22,21.99,25.2,84.21,17.65,94.1,1.74,249.7,24.31,33.85,0.68,0.67,53.03
2021-06-28,PLEIKU,14.005,108.017,0.01,25.3,29.85,22.33,22.2,25.36,84.62,17.91,94.01,1.88,256.9,24.23,34.88,0.67,0.66,71.59
2021-06-29,PLEIKU,14.005,108.017,0.01,25.25,29.56,22.39,21.96,25.33,83.39,17.64,93.97,1.82,242.8,24.41,33.96,0.67,0.66,70.65
2021-06-30,PLEIKU,14.005,108.017,0.0,24.64,29.09,21.28,21.64,24.71,84.59,17.28,94.04,1.94,243.5,23.91,34.0,0.66,0.66,72.36
2021-07-01,PLEIKU,14.005,108.017,0.01,25.71,31.29,21.97,21.37,25.83,79.47,17.03,94.03,1.9,252.8,25.22,33.73,0.65,0.65,39.74
2021-07-02,PLEIKU,14.005,108.017,0.0,25.82,30.99,22.01,22.21,25.89,82.43,17.92,94.0,1.81,255.4,24.91,33.52,0.65,0.65,35.49
2021-07-03,PLEIKU,14.005,108.017,0.01,26.41,31.98,22.46,22.45,26.44,81.12,18.22,93.87,1.4,261.6,25.27,33.69,0.65,0.64,33.38
2021-07-04,PLEIKU,14.005,108.017,1.2,25.9,30.49,22.42,22.43,25.94,82.85,18.2,93.85,1.49,261.5,22.23,33.62,0.65,0.64,78.97
2021-07-05,PLEIKU,14.005,108.017,6.62,23.94,26.93,21.61,22.53,23.94,92.23,18.31,93.79,1.27,268.2,14.94,34.46,0.69,0.65,98.88
2021-07-06,PLEIKU,14.005,108.017,9.74,24.38,29.05,21.72,21.72,24.48,86.58,17.43,93.72,1.96,254.2,12.25,33.84,0.72,0.66,99.25
2021-07-07,PLEIKU,14.005,108.017,3.85,23.07,25.69,21.1,21.64,23.07,91.93,17.31,93.88,1.26,232.5,16.56,33.77,0.71,0.67,96.46
2021-07-08,PLEIKU,14.005,108.017,7.8,23.88,28.06,21.33,21.55,23.91,87.97,17.22,93.9,1.16,135.9,16.52,33.9,0.72,0.67,97.85
2021-07-09,PLEIKU,14.005,108.017,5.38,23.5,27.81,20.72,21.31,23.55,88.47,16.94,93.98,1.48,134.2,20.17,34.43,0.72,0.69,77.38
2021-07-10,PLEIKU,14.005,108.017,0.17,24.67,30.15,20.95,20.91,24.71,81.8,16.53,94.03,1.51,109.8,22.63,33.84,0.69,0.68,41.06
2021-07-11,PLEIKU,14.005,108.017,0.14,24.85,30.17,21.11,21.07,24.91,81.47,16.68,94.12,1.34,94.5,23.51,34.25,0.68,0.67,75.06
2021-07-12,PLEIKU,14.005,108.017,18.25,24.33,30.01,20.42,21.02,24.38,83.81,16.65,94.06,1.32,83.9,23.21,34.26,0.75,0.68,66.53
2021-07-13,PLEIKU,14.005,108.017,17.49,24.75,28.5,21.79,22.27,24.62,87.35,18.02,93.98,0.73,162.5,21.92,34.41,0.8,0.71,75.11
2021-07-14,PLEIKU,14.005,108.017,5.62,24.92,30.29,21.19,21.58,24.92,83.73,17.27,93.93,1.33,121.8,24.8,34.54,0.75,0.71,56.53
2021-07-15,PLEIKU,14.005,108.017,6.14,24.51,28.64,21.65,22.09,24.53,87.61,17.8,94.01,0.92,229.8,21.11,34.23,0.74,0.71,86.23
2021-07-16,PLEIKU,14.005,108.017,3.13,23.88,27.45,21.66,21.93,23.92,89.74,17.61,94.02,1.34,259.9,16.27,34.53,0.74,0.71,81.27
2021-07-17,PLEIKU,14.005,108.017,6.41,25.17,29.58,22.31,22.29,25.22,85.55,18.05,93.8,1.83,252.6,22.32,34.52,0.73,0.7,80.97
2021-07-18,PLEIKU,14.005,108.017,23.97,23.32,26.24,21.07,22.11,23.33,93.23,17.86,93.75,2.2,244.3,19.38,34.93,0.83,0.72,91.31
2021-07-19,PLEIKU,14.005,108.017,38.32,23.21,27.01,20.81,21.52,23.24,90.73,17.2,93.83,3.16,251.7,16.71,34.7,0.88,0.76,96.66
2021-07-20,PLEIKU,14.005,108.017,9.81,23.52,27.1,21.32,21.51,23.58,89.3,17.17,93.88,2.65,253.4,14.1,34.43,0.82,0.78,98.98
2021-07-21,PLEIKU,14.005,108.017,28.47,22.93,25.15,21.65,21.72,22.93,93.11,17.41,93.84,2.84,252.6,15.2,35.08,0.86,0.78,96.86
2021-07-22,PLEIKU,14.005,108.017,40.27,23.0,25.51,21.68,21.63,23.02,92.35,17.31,93.78,3.02,253.1,12.45,34.28,0.91,0.81,99.32
2021-07-23,PLEIKU,14.005,108.017,56.3,23.32,25.57,21.58,21.86,23.33,91.82,17.59,93.67,3.54,252.9,8.8,34.71,0.96,0.86,99.53
2021-07-24,PLEIKU,14.005,108.017,30.31,23.17,26.33,21.13,21.4,23.2,90.29,17.1,93.65,3.95,253.1,12.02,34.76,0.93,0.87,98.96
2021-07-25,PLEIKU,14.005,108.017,14.07,23.37,27.05,21.3,21.39,23.4,89.31,17.08,93.7,3.69,248.8,15.22,34.86,0.89,0.86,87.77
2021-07-26,PLEIKU,14.005,108.017,5.22,24.18,27.84,22.02,22.06,24.22,88.79,17.8,93.68,2.81,256.4,15.52,35.38,0.84,0.83,90.83
2021-07-27,PLEIKU,14.005,108.017,9.55,24.35,27.95,22.34,22.28,24.41,89.1,18.06,93.61,2.99,256.3,20.28,34.84,0.84,0.81,76.85
2021-07-28,PLEIKU,14.005,108.017,13.71,24.35,27.53,22.61,22.7,24.39,91.04,18.53,93.6,2.85,248.1,18.74,35.39,0.85,0.81,87.51
2021-07-29,PLEIKU,14.005,108.017,3.63,24.34,27.33,22.61,22.61,24.36,90.62,18.39,93.75,2.6,249.0,22.84,35.03,0.82,0.8,66.99
2021-07-30,PLEIKU,14.005,108.017,6.38,24.74,28.6,21.84,22.76,24.76,89.41,18.55,93.84,3.0,253.1,21.06,35.32,0.82,0.79,85.9
2021-07-31,PLEIKU,14.005,108.017,3.84,23.93,28.03,21.76,22.1,23.96,90.11,17.83,93.79,3.09,252.5,18.5,35.24,0.8,0.79,81.37
2021-08-01,PLEIKU,14.005,108.017,8.64,24.03,28.63,21.63,21.94,24.08,88.94,17.66,93.7,2.96,255.3,18.2,34.98,0.82,0.79,99.31
2021-08-02,PLEIKU,14.005,108.017,16.11,24.21,27.56,22.09,22.49,24.24,90.72,18.28,93.71,3.1,252.1,18.45,34.78,0.86,0.8,98.93
2021-08-03,PLEIKU,14.005,108.017,8.34,23.9,27.17,22.3,22.22,23.92,90.86,17.95,93.8,3.17,253.2,15.8,34.7,0.83,0.8,99.42
2021-08-04,PLEIKU,14.005,108.017,10.33,24.02,27.1,22.52,22.56,24.04,91.91,18.33,93.81,2.97,251.7,13.04,34.71,0.84,0.8,99.61
2021-08-05,PLEIKU,14.005,108.017,26.54,23.12,25.26,21.62,21.9,23.12,93.02,17.59,93.88,2.98,251.9,16.36,34.67,0.88,0.82,99.51
2021-08-06,PLEIKU,14.005,108.017,3.41,24.25,27.58,22.08,22.51,24.28,90.53,18.26,93.9,2.67,251.5,17.4,34.56,0.84,0.82,99.19
2021-08-07,PLEIKU,14.005,108.017,1.96,25.05,28.48,22.91,22.91,25.11,88.71,18.72,93.94,2.29,255.1,19.15,34.51,0.82,0.81,95.31
2021-08-08,PLEIKU,14.005,108.017,9.26,24.01,26.92,22.29,22.64,24.02,92.47,18.39,93.97,1.74,251.7,21.48,34.49,0.84,0.8,92.69
2021-08-09,PLEIKU,14.005,108.017,11.31,24.8,28.29,22.55,23.41,24.81,92.51,19.31,93.83,1.57,258.7,19.82,34.96,0.85,0.82,86.94
2021-08-10,PLEIKU,14.005,108.017,3.33,24.77,28.29,22.26,23.2,24.77,91.51,19.06,93.86,1.57,234.0,19.48,34.76,0.83,0.81,87.13
2021-08-11,PLEIKU,14.005,108.017,1.21,24.67,28.41,22.64,22.6,24.7,89.08,18.31,94.16,1.89,242.6,20.78,34.31,0.82,0.81,85.06
2021-08-12,PLEIKU,14.005,108.017,1.91,23.98,27.58,21.94,22.0,23.99,89.5,17.64,94.18,1.54,250.8,21.79,34.95,0.81,0.8,81.95
2021-08-13,PLEIKU,14.005,108.017,3.16,23.67,26.87,21.35,21.89,23.71,90.42,17.56,93.99,1.99,245.6,18.81,34.55,0.81,0.8,92.84
2021-08-14,PLEIKU,14.005,108.017,7.39,22.93,25.53,21.01,21.54,22.96,92.21,17.18,94.0,1.66,226.5,17.93,34.31,0.83,0.8,91.32
2021-08-15,PLEIKU,14.005,108.017,2.02,22.75,26.28,19.83,20.42,22.27,87.37,15.99,94.25,1.35,276.8,22.73,34.0,0.82,0.8,58.77
2021-08-16,PLEIKU,14.005,108.017,10.83,25.15,30.3,20.78,21.45,24.87,82.02,17.1,94.33,0.96,279.1,24.23,33.36,0.84,0.8,22.33
2021-08-17,PLEIKU,14.005,108.017,8.69,26.01,34.45,20.29,20.57,25.11,75.76,16.41,94.19,0.7,84.7,25.94,33.3,0.83,0.81,14.42
2021-08-18,PLEIKU,14.005,108.017,12.31,25.8,31.49,21.35,21.56,25.76,80.79,17.34,93.98,0.7,282.9,25.77,33.54,0.85,0.81,39.05
2021-08-19,PLEIKU,14.005,108.017,15.45,24.75,29.02,21.75,22.62,24.49,88.97,18.41,94.0,1.06,253.2,24.49,33.52,0.87,0.82,68.04
2021-08-20,PLEIKU,14.005,108.017,26.12,24.04,27.97,20.65,21.56,23.57,86.77,17.21,94.14,1.15,207.7,24.56,34.22,0.89,0.84,43.25
2021-08-21,PLEIKU,14.005,108.017,7.95,24.68,29.2,21.84,22.16,24.43,87.06,17.86,94.06,1.24,264.1,23.22,34.09,0.86,0.84,70.31
2021-08-22,PLEIKU,14.005,108.017,5.87,24.11,28.09,21.88,22.55,24.14,91.58,18.29,93.95,1.56,236.8,22.1,34.48,0.85,0.84,74.43
2021-08-23,PLEIKU,14.005,108.017,9.39,24.07,27.74,21.77,22.43,24.12,91.19,18.17,93.92,1.75,238.4,20.96,33.9,0.86,0.84,80.89
2021-08-24,PLEIKU,14.005,108.017,3.65,24.05,28.35,21.43,22.08,24.02,89.75,17.81,93.87,1.11,234.8,21.02,34.14,0.84,0.83,57.09
2021-08-25,PLEIKU,14.005,108.017,11.3,23.23,26.9,21.0,21.63,23.21,91.24,17.29,93.9,1.33,212.5,18.81,33.97,0.86,0.83,83.56
2021-08-26,PLEIKU,14.005,108.017,30.73,23.39,27.61,20.16,21.39,23.42,89.53,17.05,93.98,1.13,128.1,18.47,34.05,0.92,0.86,91.81
2021-08-27,PLEIKU,14.005,108.017,20.6,23.58,28.82,20.1,21.16,23.64,87.72,16.8,93.99,1.43,93.0,18.05,34.14,0.91,0.88,93.98
2021-08-28,PLEIKU,14.005,108.017,10.05,23.91,29.74,20.25,21.03,23.97,85.86,16.68,93.93,1.6,71.5,22.67,34.01,0.88,0.87,77.55
2021-08-29,PLEIKU,14.005,108.017,12.34,23.7,27.82,21.17,22.12,23.72,91.52,17.84,93.94,1.62,76.2,15.34,34.53,0.89,0.87,95.47
2021-08-30,PLEIKU,14.005,108.017,6.55,23.78,27.82,20.94,21.93,23.78,90.22,17.62,94.05,1.25,81.1,18.8,33.81,0.88,0.87,95.99
2021-08-31,PLEIKU,14.005,108.017,3.16,24.29,28.16,21.5,22.09,24.24,88.51,17.79,94.07,0.95,114.4,18.27,34.9,0.86,0.86,97.89
2021-09-01,PLEIKU,14.005,108.017,1.9,25.36,31.02,21.73,21.64,25.34,82.43,17.36,94.01,0.85,149.2,17.75,34.61,0.86,0.85,88.11
2021-09-02,PLEIKU,14.005,108.017,3.06,24.0,28.22,21.1,22.32,23.92,91.04,18.08,93.94,0.87,150.6,13.41,34.3,0.86,0.85,96.71
2021-09-03,PLEIKU,14.005,108.017,3.25,24.39,29.71,21.58,21.73,24.37,86.59,17.41,93.89,1.04,191.1,17.06,33.67,0.85,0.85,99.42
2021-09-04,PLEIKU,14.005,108.017,18.16,22.54,24.52,20.78,21.78,22.44,95.53,17.45,93.96,1.09,253.4,18.3,34.21,0.9,0.86,97.78
2021-09-05,PLEIKU,14.005,108.017,26.74,23.9,27.58,21.34,21.92,23.64,89.96,17.71,94.02,0.62,223.3,18.74,34.38,0.91,0.88,84.79
2021-09-06,PLEIKU,14.005,108.017,23.57,24.46,28.22,21.82,22.65,24.44,90.5,18.42,94.0,0.88,82.2,15.82,34.78,0.92,0.9,96.55
2021-09-07,PLEIKU,14.005,108.017,11.28,23.31,25.75,21.35,22.54,23.24,95.44,18.31,93.88,1.06,80.1,7.66,34.14,0.91,0.9,96.65
2021-09-08,PLEIKU,14.005,108.017,14.61,22.68,25.24,21.12,21.55,22.64,93.56,17.2,93.92,1.21,161.1,18.64,33.92,0.9,0.9,95.73
2021-09-09,PLEIKU,14.005,108.017,18.13,22.96,25.41,20.64,21.97,22.83,94.26,17.65,94.02,1.26,215.9,14.35,34.39,0.93,0.91,98.79
2021-09-10,PLEIKU,14.005,108.017,49.89,23.28,26.86,21.73,22.03,23.3,93.0,17.74,93.82,2.51,260.7,12.39,34.1,0.95,0.92,99.58
2021-09-11,PLEIKU,14.005,108.017,61.9,22.08,23.41,21.38,21.27,22.05,95.14,16.99,93.43,3.97,253.5,2.05,34.45,0.97,0.95,98.76
2021-09-12,PLEIKU,14.005,108.017,26.91,23.8,27.23,22.09,22.41,23.81,92.13,18.25,93.38,3.28,255.1,12.93,35.41,0.96,0.96,91.48
2021-09-13,PLEIKU,14.005,108.017,3.73,23.61,26.87,20.8,22.45,23.63,93.44,18.24,93.73,1.48,221.9,15.23,36.05,0.93,0.94,80.87
2021-09-14,PLEIKU,14.005,108.017,2.25,23.9,27.77,21.1,21.95,23.92,89.66,17.62,94.12,1.13,154.3,18.63,34.67,0.92,0.93,87.9
2021-09-15,PLEIKU,14.005,108.017,15.41,23.92,28.73,20.71,21.44,23.92,87.42,17.05,94.22,1.44,116.1,20.68,33.74,0.93,0.93,96.43
2021-09-16,PLEIKU,14.005,108.017,14.57,24.64,29.83,21.19,21.53,24.63,84.81,17.18,94.13,1.02,125.2,20.67,34.57,0.94,0.94,70.98
2021-09-17,PLEIKU,14.005,108.017,17.68,25.32,29.82,21.5,21.79,25.0,82.54,17.49,94.1,0.81,133.1,20.3,34.0,0.94,0.94,64.94
2021-09-18,PLEIKU,14.005,108.017,1.83,23.61,29.06,19.96,20.93,23.63,86.46,16.55,94.12,1.39,63.2,15.99,34.5,0.92,0.94,94.74
2021-09-19,PLEIKU,14.005,108.017,30.2,22.91,26.37,20.45,21.43,22.91,91.82,17.08,94.0,1.41,75.1,5.07,34.05,0.96,0.95,99.04
2021-09-20,PLEIKU,14.005,108.017,8.95,23.33,27.54,20.58,21.16,23.26,88.52,16.78,94.04,1.03,220.8,12.92,34.58,0.94,0.95,97.28
2021-09-21,PLEIKU,14.005,108.017,3.09,24.53,29.19,21.65,21.69,24.53,85.74,17.38,93.96,0.82,209.3,17.81,34.22,0.93,0.95,75.38
2021-09-22,PLEIKU,14.005,108.017,9.35,23.83,27.63,21.37,21.85,23.63,89.32,17.52,94.0,0.99,216.3,15.86,34.51,0.94,0.95,89.47
2021-09-23,PLEIKU,14.005,108.017,53.85,22.93,24.94,21.21,22.15,22.91,95.44,17.88,93.84,2.45,250.4,2.3,34.54,0.98,0.97,98.88
2021-09-24,PLEIKU,14.005,108.017,36.28,23.62,27.19,21.4,22.01,23.4,91.16,17.69,94.0,1.39,197.1,11.66,34.48,0.97,0.98,99.23
2021-09-25,PLEIKU,14.005,108.017,3.83,22.63,25.32,20.18,21.71,22.63,94.76,17.38,94.06,1.29,70.9,15.5,33.87,0.95,0.98,96.28
2021-09-26,PLEIKU,14.005,108.017,5.06,23.83,28.8,20.3,21.3,23.86,87.26,16.93,94.06,1.43,77.0,18.02,33.43,0.95,0.97,49.24
2021-09-27,PLEIKU,14.005,108.017,0.65,24.1,30.71,18.99,20.83,24.13,84.04,16.49,94.06,1.24,62.8,21.78,32.89,0.94,0.97,16.52
2021-09-28,PLEIKU,14.005,108.017,2.89,24.76,30.11,21.19,21.99,24.8,86.29,17.73,94.01,0.92,53.1,17.71,33.69,0.94,0.96,59.62
2021-09-29,PLEIKU,14.005,108.017,1.31,24.86,30.26,20.67,21.95,24.88,85.53,17.65,94.0,1.11,71.1,20.89,34.41,0.93,0.96,34.09
2021-09-30,PLEIKU,14.005,108.017,4.59,24.64,29.49,21.21,21.93,24.67,86.52,17.62,94.07,1.03,84.1,21.56,34.52,0.94,0.96,57.74
2021-10-01,PLEIKU,14.005,108.017,19.14,25.31,30.5,21.98,22.45,25.32,85.94,18.2,94.09,0.81,121.3,20.41,34.53,0.95,0.96,58.53
2021-10-02,PLEIKU,14.005,108.017,3.91,24.58,29.23,21.01,22.0,24.58,87.05,17.69,94.1,1.01,133.5,21.52,34.18,0.94,0.96,90.54
2021-10-03,PLEIKU,14.005,108.017,3.11,23.29,26.71,20.77,21.33,23.26,89.45,16.96,94.06,1.32,79.1,20.09,33.17,0.93,0.96,84.97
2021-10-04,PLEIKU,14.005,108.017,9.5,23.34,27.62,20.42,21.31,23.36,89.31,16.97,93.94,1.56,41.6,14.62,34.04,0.94,0.96,94.58
2021-10-05,PLEIKU,14.005,108.017,9.49,22.88,27.53,19.95,21.27,22.89,91.34,16.96,93.84,1.48,41.8,17.88,34.05,0.94,0.96,98.58
2021-10-06,PLEIKU,14.005,108.017,54.81,22.92,26.35,20.99,21.71,22.95,93.3,17.47,93.54,1.26,311.6,6.98,34.36,0.98,0.97,99.19
2021-10-07,PLEIKU,14.005,108.017,25.75,22.63,24.11,21.6,22.03,22.63,96.33,17.8,93.45,2.06,241.6,2.89,34.52,0.98,0.99,99.02
2021-10-08,PLEIKU,14.005,108.017,19.62,23.88,27.18,22.21,22.83,23.89,94.08,18.7,93.52,2.81,249.2,5.91,34.33,0.97,0.99,99.07
2021-10-09,PLEIKU,14.005,108.017,7.19,23.69,26.03,22.16,22.72,23.68,94.46,18.54,93.69,2.19,247.5,17.63,34.46,0.96,0.99,98.2
2021-10-10,PLEIKU,14.005,108.017,3.17,23.66,26.49,21.86,22.44,23.6,93.21,18.22,93.7,1.4,233.7,15.64,34.08,0.96,0.99,96.07
2021-10-11,PLEIKU,14.005,108.017,3.36,24.34,29.15,20.87,22.73,24.21,91.51,18.6,93.64,0.66,203.8,18.4,34.08,0.96,0.98,84.93
2021-10-12,PLEIKU,14.005,108.017,6.79,23.94,28.16,20.5,22.28,23.92,91.3,18.14,93.54,1.16,273.2,17.23,33.94,0.96,0.98,91.01
2021-10-13,PLEIKU,14.005,108.017,7.05,21.62,23.88,20.1,20.51,21.62,93.69,16.21,93.5,1.66,260.2,6.96,33.25,0.96,0.98,99.09
2021-10-14,PLEIKU,14.005,108.017,12.42,23.29,26.5,20.95,21.81,23.34,91.96,17.54,93.75,1.47,225.8,11.36,34.05,0.96,0.99,99.35
2021-10-15,PLEIKU,14.005,108.017,48.16,23.38,25.77,21.77,22.29,23.27,93.8,18.05,93.79,1.13,174.2,12.21,35.51,0.98,0.99,99.42
2021-10-16,PLEIKU,14.005,108.017,108.04,22.45,24.36,20.95,21.91,22.43,96.74,17.61,93.9,1.4,114.8,13.94,34.53,0.99,1.0,99.45
2021-10-17,PLEIKU,14.005,108.017,30.04,22.53,24.84,20.89,21.77,22.52,95.5,17.42,94.06,1.91,102.3,7.06,33.9,0.99,1.0,98.85
2021-10-18,PLEIKU,14.005,108.017,2.72,23.0,26.57,20.65,21.86,22.99,93.55,17.47,94.38,1.67,80.2,14.01,34.72,0.98,1.0,99.0
2021-10-19,PLEIKU,14.005,108.017,1.42,23.62,27.58,20.96,22.01,23.62,91.23,17.6,94.49,1.38,69.8,12.28,33.94,0.97,0.99,70.93
2021-10-20,PLEIKU,14.005,108.017,2.19,23.58,28.42,20.06,21.56,23.59,89.35,17.13,94.43,1.33,80.3,16.16,34.38,0.97,0.99,62.86
2021-10-21,PLEIKU,14.005,108.017,3.43,24.18,29.66,20.61,21.61,24.2,87.29,17.22,94.35,1.26,84.2,19.0,33.54,0.96,0.99,38.7
2021-10-22,PLEIKU,14.005,108.017,15.53,23.86,28.52,21.27,21.83,23.89,89.43,17.44,94.4,1.55,58.2,15.21,34.15,0.97,0.99,85.53
2021-10-23,PLEIKU,14.005,108.017,53.76,20.7,25.19,16.69,19.65,20.66,93.86,15.32,94.5,2.33,52.8,4.17,34.19,0.99,1.0,99.13
2021-10-24,PLEIKU,14.005,108.017,44.3,21.96,25.08,18.76,20.79,21.98,93.39,16.37,94.32,1.93,50.3,3.36,33.67,0.99,1.0,97.18
2021-10-25,PLEIKU,14.005,108.017,6.07,21.94,27.02,18.8,20.21,21.93,90.58,15.82,94.2,2.19,41.3,12.88,33.36,0.97,1.0,98.92
2021-10-26,PLEIKU,14.005,108.017,20.97,23.05,27.07,20.79,21.34,23.07,90.66,16.97,94.04,2.21,31.9,8.06,34.4,0.98,1.0,99.06
2021-10-27,PLEIKU,14.005,108.017,33.65,23.34,25.31,21.71,22.69,23.28,96.07,18.44,94.09,3.05,79.4,2.77,34.14,0.99,1.0,94.88
2021-10-28,PLEIKU,14.005,108.017,3.36,23.02,26.71,20.46,21.68,23.01,92.51,17.29,94.36,1.93,84.2,12.14,33.92,0.98,1.0,78.08
2021-10-29,PLEIKU,14.005,108.017,3.21,22.97,26.68,20.23,21.4,22.97,91.36,16.96,94.45,1.68,63.1,12.13,34.53,0.97,0.99,94.57
2021-10-30,PLEIKU,14.005,108.017,4.98,22.79,27.57,19.72,20.94,22.81,90.2,16.48,94.46,1.89,71.3,12.82,33.75,0.97,0.99,60.95
2021-10-31,PLEIKU,14.005,108.017,5.5,23.1,28.25,19.42,21.04,23.13,89.29,16.6,94.44,1.86,71.7,15.37,34.08,0.96,0.99,43.12
2021-11-01,PLEIKU,14.005,108.017,1.29,22.65,28.1,19.15,20.56,22.66,89.01,16.12,94.41,2.1,66.9,15.75,32.93,0.96,0.98,44.44
2021-11-02,PLEIKU,14.005,108.017,2.6,22.75,27.78,19.28,20.63,22.75,88.93,16.19,94.37,2.12,60.1,18.98,32.43,0.95,0.98,38.51
2021-11-03,PLEIKU,14.005,108.017,1.04,23.03,28.11,19.82,20.67,23.04,87.74,16.23,94.31,2.0,56.5,16.2,34.55,0.94,0.97,82.09
2021-11-04,PLEIKU,14.005,108.017,0.16,23.34,28.05,20.6,20.9,23.36,87.11,16.47,94.25,1.74,65.1,17.14,32.85,0.94,0.97,93.01
2021-11-05,PLEIKU,14.005,108.017,0.0,23.31,27.77,19.67,20.95,23.32,87.66,16.57,94.09,1.39,75.2,19.88,33.1,0.94,0.96,51.6
2021-11-06,PLEIKU,14.005,108.017,0.12,24.55,31.07,19.92,21.02,24.54,83.03,16.69,93.98,1.1,67.6,21.65,32.6,0.93,0.96,27.12
2021-11-07,PLEIKU,14.005,108.017,8.72,23.45,28.97,20.46,20.23,23.47,84.18,15.84,94.06,1.86,58.3,17.82,33.98,0.93,0.95,86.55
2021-11-08,PLEIKU,14.005,108.017,25.56,22.89,25.93,20.23,21.97,22.83,94.62,17.66,94.22,2.74,60.1,10.49,34.76,0.96,0.97,92.62
2021-11-09,PLEIKU,14.005,108.017,9.87,21.21,25.69,18.05,19.61,21.17,90.99,15.22,94.38,2.67,54.7,6.84,33.52,0.95,0.97,93.63
2021-11-10,PLEIKU,14.005,108.017,8.26,20.73,24.85,18.7,19.03,20.7,90.29,14.65,94.33,3.02,44.7,9.05,33.96,0.94,0.97,96.86
2021-11-11,PLEIKU,14.005,108.017,8.57,21.58,25.32,19.57,20.12,21.56,91.71,15.69,94.28,2.58,54.2,5.08,33.85,0.95,0.97,99.49
2021-11-12,PLEIKU,14.005,108.017,17.26,22.54,25.85,20.52,20.99,22.54,91.42,16.56,94.29,2.29,51.7,10.1,34.0,0.95,0.97,99.47
2021-11-13,PLEIKU,14.005,108.017,28.63,22.05,25.13,20.11,21.2,22.02,95.05,16.83,94.26,2.29,53.6,4.57,34.01,0.97,0.97,99.66
2021-11-14,PLEIKU,14.005,108.017,15.31,22.13,24.64,20.79,21.35,22.11,95.4,16.95,94.25,2.01,56.2,3.58,33.82,0.97,0.98,98.94
2021-11-15,PLEIKU,14.005,108.017,8.66,22.19,25.26,20.53,21.13,22.16,93.85,16.73,94.15,2.59,63.4,6.69,34.2,0.96,0.98,93.01
2021-11-16,PLEIKU,14.005,108.017,6.79,22.0,25.78,19.68,20.99,21.97,94.1,16.6,94.22,2.37,66.0,4.33,34.33,0.96,0.98,94.65
2021-11-17,PLEIKU,14.005,108.017,5.26,23.58,27.02,21.55,22.16,23.58,92.15,17.81,94.22,2.24,72.3,9.2,34.51,0.95,0.97,89.92
2021-11-18,PLEIKU,14.005,108.017,2.95,22.5,26.42,19.62,21.32,22.46,93.36,16.97,94.06,2.1,66.9,8.76,34.19,0.95,0.97,86.42
2021-11-19,PLEIKU,14.005,108.017,0.16,22.65,28.07,18.45,20.32,22.66,87.84,15.97,93.98,1.71,64.9,13.78,33.98,0.94,0.97,57.12
2021-11-20,PLEIKU,14.005,108.017,0.73,22.37,27.52,18.64,19.77,22.38,86.61,15.41,94.09,1.58,62.3,18.03,32.43,0.94,0.96,38.43
2021-11-21,PLEIKU,14.005,108.017,5.13,23.09,28.06,19.93,21.16,23.1,89.75,16.77,94.17,2.17,68.2,15.52,33.67,0.94,0.96,70.59
2021-11-22,PLEIKU,14.005,108.017,5.86,22.24,27.31,19.67,20.27,22.23,89.39,15.84,94.28,2.72,59.0,10.43,34.05,0.94,0.96,70.98
2021-11-23,PLEIKU,14.005,108.017,4.96,21.73,26.23,19.17,19.67,21.7,88.65,15.24,94.34,3.42,58.1,8.75,33.86,0.93,0.95,89.4
2021-11-24,PLEIKU,14.005,108.017,7.78,21.5,25.37,19.09,19.84,21.46,90.63,15.42,94.33,3.04,54.2,6.25,34.1,0.93,0.95,98.65
2021-11-25,PLEIKU,14.005,108.017,0.9,20.7,25.8,17.77,18.31,20.69,87.03,14.0,94.32,2.75,49.6,9.34,32.93,0.93,0.95,96.71
2021-11-26,PLEIKU,14.005,108.017,3.0,20.52,25.97,17.12,17.73,20.51,84.83,13.51,94.29,2.95,40.2,10.8,33.21,0.92,0.94,94.73
2021-11-27,PLEIKU,14.005,108.017,19.22,21.57,25.36,19.18,19.95,21.55,90.82,15.53,94.25,3.29,48.6,5.01,33.66,0.94,0.95,99.57
2021-11-28,PLEIKU,14.005,108.017,42.78,21.96,23.89,20.73,21.12,21.91,95.03,16.71,94.16,2.7,62.1,5.01,33.91,0.97,0.96,99.28
2021-11-29,PLEIKU,14.005,108.017,32.47,22.26,25.67,20.46,20.96,22.22,92.64,16.56,94.17,3.12,64.7,3.42,34.0,0.98,0.97,99.62
2021-11-30,PLEIKU,14.005,108.017,27.32,19.83,22.62,17.23,18.21,19.73,90.42,13.95,94.38,3.77,49.5,5.05,32.68,0.97,0.98,94.52
2021-12-01,PLEIKU,14.005,108.017,0.24,18.89,22.74,16.43,16.32,18.84,85.5,12.31,94.47,3.23,52.3,11.57,32.23,0.95,0.97,77.71
2021-12-02,PLEIKU,14.005,108.017,0.38,18.79,24.45,15.07,16.16,18.78,85.32,12.21,94.55,2.92,52.8,9.91,32.16,0.94,0.97,93.99
2021-12-03,PLEIKU,14.005,108.017,0.24,16.39,22.63,11.88,13.6,16.37,84.76,10.35,94.63,2.49,46.0,10.89,30.37,0.94,0.96,62.93
2021-12-04,PLEIKU,14.005,108.017,0.13,16.73,22.07,13.5,13.68,16.74,83.85,10.4,94.5,2.48,38.4,17.48,30.05,0.93,0.95,88.66
2021-12-05,PLEIKU,14.005,108.017,0.55,20.03,24.88,17.21,18.03,20.02,88.98,13.75,94.4,2.52,54.1,9.48,33.83,0.93,0.95,83.99
2021-12-06,PLEIKU,14.005,108.017,0.21,18.86,24.2,15.06,16.24,18.83,85.58,12.27,94.47,2.64,49.2,8.3,32.67,0.92,0.94,81.87
2021-12-07,PLEIKU,14.005,108.017,0.03,17.92,23.68,14.68,15.03,17.94,84.62,11.32,94.49,2.16,41.7,11.41,31.71,0.92,0.94,64.36
2021-12-08,PLEIKU,14.005,108.017,0.71,21.08,26.49,17.78,18.66,21.1,86.98,14.29,94.5,2.56,56.7,9.1,33.47,0.91,0.93,82.57
2021-12-09,PLEIKU,14.005,108.017,0.59,19.36,24.39,15.78,16.87,19.26,86.38,12.76,94.6,3.05,56.4,13.28,31.2,0.91,0.93,52.35
2021-12-10,PLEIKU,14.005,108.017,0.04,18.76,24.08,15.7,16.03,18.74,85.57,12.07,94.51,2.52,54.3,16.2,30.94,0.91,0.92,49.49
2021-12-11,PLEIKU,14.005,108.017,0.56,20.16,25.27,17.07,17.61,20.17,86.44,13.36,94.51,2.41,56.6,14.46,32.25,0.9,0.92,81.84
2021-12-12,PLEIKU,14.005,108.017,1.2,20.48,25.77,16.83,17.91,20.44,85.96,13.65,94.49,3.12,55.3,9.25,32.9,0.9,0.91,72.15
2021-12-13,PLEIKU,14.005,108.017,0.72,20.13,24.87,17.95,17.29,20.1,84.69,13.1,94.41,3.16,52.5,9.55,32.6,0.9,0.91,88.88
2021-12-14,PLEIKU,14.005,108.017,0.9,20.78,25.76,18.23,18.54,20.79,88.01,14.21,94.27,2.43,55.3,9.94,32.53,0.89,0.9,78.51
2021-12-15,PLEIKU,14.005,108.017,0.28,22.06,27.81,18.28,19.74,22.07,87.83,15.34,94.23,2.03,67.5,10.86,33.13,0.89,0.9,59.26
2021-12-16,PLEIKU,14.005,108.017,0.18,22.2,28.16,17.98,19.61,22.22,86.65,15.22,94.28,1.83,62.3,12.29,33.54,0.89,0.89,78.37
2021-12-17,PLEIKU,14.005,108.017,1.15,21.63,27.22,18.42,18.88,21.61,85.44,14.51,94.32,2.92,50.5,9.92,32.79,0.88,0.89,98.34
2021-12-18,PLEIKU,14.005,108.017,8.93,19.65,24.3,17.34,16.89,19.61,84.84,12.79,94.29,3.47,40.6,7.41,33.21,0.89,0.89,98.67
2021-12-19,PLEIKU,14.005,108.017,16.4,17.56,20.36,15.61,16.28,17.49,92.46,12.33,94.19,1.9,355.0,3.44,32.13,0.93,0.91,98.49
2021-12-20,PLEIKU,14.005,108.017,0.16,20.98,26.02,17.22,18.38,20.94,86.38,14.08,94.36,0.86,111.2,15.17,33.41,0.89,0.9,86.97
2021-12-21,PLEIKU,14.005,108.017,0.1,21.24,27.03,17.16,18.67,21.29,86.42,14.34,94.41,1.32,92.9,8.0,33.97,0.89,0.89,86.36
2021-12-22,PLEIKU,14.005,108.017,0.15,20.67,25.22,17.97,18.2,20.71,86.42,13.9,94.37,1.6,71.1,10.4,33.47,0.89,0.89,83.92
2021-12-23,PLEIKU,14.005,108.017,0.03,20.51,24.97,17.78,18.28,20.55,87.9,13.97,94.36,1.61,76.6,9.9,33.13,0.88,0.89,77.9
2021-12-24,PLEIKU,14.005,108.017,0.49,21.14,26.38,17.85,18.58,21.15,86.55,14.23,94.38,1.62,64.2,13.34,33.48,0.88,0.88,92.76
2021-12-25,PLEIKU,14.005,108.017,5.43,21.12,25.35,18.68,19.37,21.14,90.47,14.94,94.49,2.07,67.0,8.62,34.17,0.89,0.88,97.37
2021-12-26,PLEIKU,14.005,108.017,12.46,21.29,26.23,18.41,19.5,21.3,90.41,15.04,94.55,2.25,66.9,9.11,33.79,0.9,0.89,79.73
2021-12-27,PLEIKU,14.005,108.017,24.54,20.77,25.51,18.46,19.06,20.77,90.55,14.63,94.62,2.69,63.6,7.78,33.78,0.93,0.91,97.46
2021-12-28,PLEIKU,14.005,108.017,5.39,20.71,24.76,18.47,18.98,20.69,90.29,14.56,94.59,2.96,62.9,8.81,33.35,0.91,0.91,79.97
2021-12-29,PLEIKU,14.005,108.017,0.98,20.68,25.53,18.46,18.15,20.65,86.17,13.81,94.66,3.25,58.5,9.57,33.19,0.89,0.9,81.75
2021-12-30,PLEIKU,14.005,108.017,0.31,20.14,24.76,17.31,17.17,20.1,83.84,12.96,94.75,3.58,59.4,10.3,32.34,0.89,0.89,93.56
2021-12-31,PLEIKU,14.005,108.017,0.24,19.27,23.59,16.76,16.41,19.24,84.69,12.35,94.72,3.18,58.6,14.59,31.86,0.88,0.89,66.65
2022-01-01,PLEIKU,14.005,108.017,0.85,20.08,24.84,17.37,17.32,20.05,85.36,13.09,94.65,3.11,60.0,8.14,33.04,0.88,0.88,79.77
2022-01-02,PLEIKU,14.005,108.017,1.22,20.18,25.03,17.78,17.51,20.16,85.68,13.26,94.57,3.06,62.8,8.91,32.83,0.88,0.88,87.32
2022-01-03,PLEIKU,14.005,108.017,0.4,19.98,24.48,17.38,17.43,19.96,85.95,13.2,94.51,2.68,61.8,10.69,32.26,0.87,0.87,89.78
2022-01-04,PLEIKU,14.005,108.017,0.58,20.9,26.42,17.27,18.37,20.92,86.72,14.04,94.45,1.9,57.7,12.17,32.47,0.87,0.87,68.6
2022-01-05,PLEIKU,14.005,108.017,1.43,21.18,26.51,17.7,18.91,21.24,87.94,14.54,94.42,1.59,59.0,12.01,33.3,0.87,0.87,86.35
2022-01-06,PLEIKU,14.005,108.017,0.12,21.07,26.99,16.98,18.29,21.1,85.41,13.96,94.5,2.1,63.0,13.1,33.33,0.87,0.86,74.35
2022-01-07,PLEIKU,14.005,108.017,0.66,19.93,25.94,15.75,17.14,19.95,85.6,12.97,94.57,2.19,52.4,12.36,31.59,0.86,0.86,47.38
2022-01-08,PLEIKU,14.005,108.017,6.06,20.54,26.44,16.94,18.23,20.58,88.18,13.92,94.47,1.8,55.1,12.58,33.08,0.87,0.86,68.28
2022-01-09,PLEIKU,14.005,108.017,10.84,20.69,26.22,17.16,18.76,20.72,89.91,14.41,94.39,1.87,68.4,11.42,33.1,0.89,0.87,76.94
2022-01-10,PLEIKU,14.005,108.017,0.6,20.64,26.69,16.1,18.21,20.68,87.48,13.89,94.51,1.52,77.6,15.14,32.0,0.87,0.87,58.33
2022-01-11,PLEIKU,14.005,108.017,0.45,19.39,24.98,15.85,16.47,19.4,85.02,12.41,94.56,2.07,63.6,15.77,32.12,0.86,0.86,65.65
2022-01-12,PLEIKU,14.005,108.017,0.55,19.68,25.42,15.85,17.21,19.71,87.18,13.01,94.62,2.02,69.8,9.69,33.0,0.86,0.86,79.92
2022-01-13,PLEIKU,14.005,108.017,0.04,18.52,24.45,15.08,15.78,18.53,85.77,11.86,94.63,2.29,61.5,14.73,30.52,0.86,0.85,49.04
2022-01-14,PLEIKU,14.005,108.017,0.0,18.6,24.62,14.43,15.84,18.63,85.7,11.92,94.58,2.04,72.2,14.41,31.75,0.85,0.85,65.86
2022-01-15,PLEIKU,14.005,108.017,0.0,18.78,25.45,14.89,15.68,18.84,84.25,11.81,94.55,1.9,64.9,14.81,30.43,0.85,0.84,46.8
2022-01-16,PLEIKU,14.005,108.017,0.26,19.89,25.8,16.21,17.02,19.91,85.41,12.86,94.54,1.98,68.0,16.26,31.54,0.85,0.84,56.38
2022-01-17,PLEIKU,14.005,108.017,0.31,19.63,25.95,15.48,16.71,19.66,85.11,12.62,94.55,2.06,61.1,15.06,32.26,0.84,0.84,74.06
2022-01-18,PLEIKU,14.005,108.017,1.05,19.24,25.16,14.96,16.49,19.25,85.59,12.46,94.47,2.59,58.9,10.35,32.68,0.84,0.84,78.44
2022-01-19,PLEIKU,14.005,108.017,0.81,18.72,24.64,15.08,16.09,18.73,86.33,12.14,94.37,2.32,59.7,11.02,32.66,0.84,0.83,69.0
2022-01-20,PLEIKU,14.005,108.017,0.03,19.68,25.98,15.4,16.61,19.74,84.26,12.56,94.35,1.89,64.6,15.89,31.68,0.84,0.83,54.75
2022-01-21,PLEIKU,14.005,108.017,0.02,20.12,26.66,15.55,16.91,20.17,83.83,12.81,94.32,1.56,76.0,15.39,31.56,0.84,0.83,54.26
2022-01-22,PLEIKU,14.005,108.017,0.09,21.04,27.94,16.4,16.91,20.82,80.25,12.84,94.15,1.11,96.7,20.28,31.76,0.83,0.82,38.49
2022-01-23,PLEIKU,14.005,108.017,0.07,21.63,27.79,17.33,18.43,21.2,83.46,14.14,94.18,1.28,47.2,18.53,32.5,0.83,0.82,38.45
2022-01-24,PLEIKU,14.005,108.017,0.37,22.72,28.83,18.51,19.25,22.67,83.09,14.89,94.19,1.0,74.7,17.56,32.96,0.83,0.82,41.2
2022-01-25,PLEIKU,14.005,108.017,0.16,21.83,28.12,17.21,18.86,21.87,85.05,14.51,94.27,1.58,74.7,16.18,32.96,0.83,0.82,53.44
2022-01-26,PLEIKU,14.005,108.017,0.0,21.07,27.62,15.92,17.73,21.12,83.26,13.51,94.3,1.71,60.1,17.53,31.41,0.82,0.81,42.8
2022-01-27,PLEIKU,14.005,108.017,0.0,20.05,26.38,16.22,16.42,20.08,82.12,12.41,94.29,1.91,45.8,20.49,30.12,0.82,0.81,46.78
2022-01-28,PLEIKU,14.005,108.017,0.0,21.67,28.62,16.66,17.92,21.58,81.98,13.7,94.2,1.34,39.5,19.39,31.38,0.82,0.81,43.34
2022-01-29,PLEIKU,14.005,108.017,0.05,21.92,28.91,17.03,18.01,21.76,81.6,13.8,94.18,1.11,46.6,20.9,32.5,0.81,0.8,46.61
2022-01-30,PLEIKU,14.005,108.017,3.72,22.4,27.68,19.18,19.88,22.41,87.0,15.49,94.17,1.22,117.1,11.66,34.43,0.82,0.8,77.27
2022-01-31,PLEIKU,14.005,108.017,1.53,20.7,24.22,18.06,19.4,20.68,92.7,15.0,94.29,1.57,88.5,12.54,34.25,0.82,0.81,80.72
2022-02-01,PLEIKU,14.005,108.017,0.26,21.55,27.9,16.79,18.68,21.59,85.32,14.35,94.33,2.0,78.4,13.11,33.46,0.81,0.8,70.87
2022-02-02,PLEIKU,14.005,108.017,0.0,21.74,28.21,17.19,18.21,21.78,82.4,13.91,94.4,1.88,72.6,18.95,32.47,0.81,0.8,50.52
2022-02-03,PLEIKU,14.005,108.017,0.0,21.7,28.24,16.69,18.22,21.74,82.18,13.95,94.36,2.28,64.4,15.51,33.47,0.8,0.79,68.2
2022-02-04,PLEIKU,14.005,108.017,1.18,20.58,26.62,17.16,17.14,20.6,82.07,12.98,94.45,3.23,57.6,13.09,33.3,0.8,0.79,71.93
2022-02-05,PLEIKU,14.005,108.017,2.17,20.15,25.53,17.11,17.33,20.17,84.91,13.13,94.5,3.33,63.7,9.85,32.56,0.8,0.79,84.74
2022-02-06,PLEIKU,14.005,108.017,0.79,20.79,25.93,17.6,18.19,20.85,86.17,13.87,94.44,2.43,66.3,10.91,32.31,0.8,0.79,71.36
2022-02-07,PLEIKU,14.005,108.017,0.09,22.55,28.77,18.15,19.5,22.62,84.73,15.09,94.33,1.63,74.8,20.0,32.27,0.8,0.79,32.71
2022-02-08,PLEIKU,14.005,108.017,0.12,22.8,29.4,18.63,19.02,22.84,81.57,14.63,94.36,1.88,72.0,19.79,32.97,0.79,0.78,60.41
2022-02-09,PLEIKU,14.005,108.017,0.43,22.91,29.08,18.86,19.7,22.95,83.93,15.27,94.35,2.05,71.1,13.24,33.54,0.79,0.78,65.81
2022-02-10,PLEIKU,14.005,108.017,0.22,22.22,28.04,18.51,19.13,22.26,84.33,14.75,94.27,2.14,70.3,12.22,33.05,0.78,0.78,59.9
2022-02-11,PLEIKU,14.005,108.017,0.7,22.31,28.38,18.54,19.11,22.34,83.92,14.73,94.2,2.37,70.8,15.36,33.11,0.78,0.77,85.71
2022-02-12,PLEIKU,14.005,108.017,1.26,21.81,27.63,18.14,18.86,21.86,85.19,14.52,94.11,2.18,74.3,15.43,32.67,0.78,0.77,91.89
2022-02-13,PLEIKU,14.005,108.017,0.82,22.5,27.91,19.31,19.61,22.56,85.28,15.23,94.05,1.67,75.5,16.12,33.83,0.78,0.77,80.35
2022-02-14,PLEIKU,14.005,108.017,0.99,21.87,28.16,18.06,18.56,21.92,82.85,14.26,94.2,2.64,61.6,10.7,33.52,0.78,0.77,69.46
2022-02-15,PLEIKU,14.005,108.017,0.61,22.33,28.3,18.65,19.19,22.39,84.01,14.82,94.15,2.38,68.0,12.45,33.63,0.77,0.76,70.41
2022-02-16,PLEIKU,14.005,108.017,2.87,22.62,28.76,18.76,19.89,22.7,86.25,15.51,94.04,1.81,87.0,11.69,33.28,0.78,0.76,49.26
2022-02-17,PLEIKU,14.005,108.017,2.9,23.42,29.66,19.39,20.51,23.48,85.64,16.13,94.06,1.05,105.9,17.84,34.4,0.79,0.77,68.03
2022-02-18,PLEIKU,14.005,108.017,0.21,23.32,29.61,19.22,20.27,23.37,84.82,15.86,94.2,1.47,102.8,17.13,34.29,0.77,0.76,69.48
2022-02-19,PLEIKU,14.005,108.017,0.12,24.48,31.01,19.18,20.25,24.45,79.71,15.87,94.19,1.26,99.9,19.97,34.01,0.77,0.76,67.39
2022-02-20,PLEIKU,14.005,108.017,1.92,20.57,28.07,14.08,16.78,20.63,80.43,12.85,94.23,2.44,71.5,10.28,33.82,0.77,0.76,90.38
2022-02-21,PLEIKU,14.005,108.017,0.1,19.63,27.62,14.23,15.71,19.73,79.8,11.94,94.41,2.35,60.5,10.87,32.08,0.76,0.75,78.01
2022-02-22,PLEIKU,14.005,108.017,0.0,19.56,27.03,14.49,15.16,19.67,77.38,11.47,94.6,2.48,47.5,18.86,31.43,0.76,0.75,66.81
2022-02-23,PLEIKU,14.005,108.017,0.0,18.3,24.95,14.52,13.9,18.39,76.75,10.52,94.72,3.36,49.1,16.79,30.77,0.75,0.75,63.5
2022-02-24,PLEIKU,14.005,108.017,0.0,19.02,24.26,16.39,14.51,19.12,76.06,10.91,94.72,3.62,46.8,13.89,30.8,0.75,0.74,73.88
2022-02-25,PLEIKU,14.005,108.017,0.17,20.16,25.65,17.27,16.34,20.23,80.02,12.3,94.65,3.37,55.6,14.19,31.84,0.75,0.74,82.19
2022-02-26,PLEIKU,14.005,108.017,0.25,20.88,27.2,16.85,17.11,20.94,80.49,12.93,94.61,2.89,57.9,12.59,32.6,0.74,0.74,67.85
2022-02-27,PLEIKU,14.005,108.017,0.13,20.59,27.1,15.81,17.03,20.7,81.86,12.89,94.5,2.57,63.2,14.49,32.15,0.74,0.73,60.69
2022-02-28,PLEIKU,14.005,108.017,0.0,21.55,28.55,16.39,18.04,21.67,82.53,13.76,94.44,2.13,74.2,21.7,32.16,0.74,0.73,49.1
2022-03-01,PLEIKU,14.005,108.017,0.0,22.36,29.29,17.87,18.15,22.49,79.84,13.84,94.42,1.92,73.1,22.93,31.38,0.73,0.73,40.07
2022-03-02,PLEIKU,14.005,108.017,0.0,22.26,28.64,17.57,18.29,22.36,80.63,13.97,94.41,2.15,62.2,15.35,33.53,0.73,0.72,64.31
2022-03-03,PLEIKU,14.005,108.017,0.12,22.52,29.92,16.77,18.21,22.63,79.49,13.93,94.32,1.99,70.9,21.9,32.06,0.72,0.72,27.2
2022-03-04,PLEIKU,14.005,108.017,0.0,23.0,31.3,17.0,17.98,23.1,77.47,13.77,94.21,1.65,76.4,25.12,31.91,0.72,0.71,29.66
2022-03-05,PLEIKU,14.005,108.017,0.0,23.87,30.82,19.69,19.57,23.99,79.98,15.2,94.18,1.6,88.5,21.58,33.02,0.72,0.71,56.91
2022-03-06,PLEIKU,14.005,108.017,0.01,23.37,30.2,18.38,19.59,23.49,81.66,15.2,94.24,1.8,83.7,20.54,32.85,0.71,0.71,54.26
2022-03-07,PLEIKU,14.005,108.017,0.26,22.9,30.4,18.01,18.08,23.0,77.16,13.79,94.3,2.6,60.6,20.77,33.68,0.71,0.71,59.44
2022-03-08,PLEIKU,14.005,108.017,0.16,20.56,27.63,15.39,16.38,20.73,79.0,12.4,94.26,2.49,63.0,14.82,32.91,0.71,0.7,70.49
2022-03-09,PLEIKU,14.005,108.017,0.0,20.95,29.46,14.2,15.8,21.16,75.71,12.01,94.19,1.83,64.5,20.86,31.5,0.7,0.7,59.43
2022-03-10,PLEIKU,14.005,108.017,0.0,20.62,28.66,15.61,15.61,20.81,76.67,11.82,94.15,2.09,60.3,21.49,30.88,0.7,0.7,63.91
2022-03-11,PLEIKU,14.005,108.017,0.0,21.48,29.5,15.91,16.73,21.67,77.97,12.71,94.07,2.03,57.0,23.62,31.32,0.7,0.69,41.07
2022-03-12,PLEIKU,14.005,108.017,0.0,22.17,29.77,16.41,17.38,22.37,77.67,13.27,94.05,1.92,68.2,22.17,31.68,0.69,0.69,45.24
2022-03-13,PLEIKU,14.005,108.017,0.0,23.61,32.23,17.68,17.84,23.84,74.79,13.67,94.07,1.55,71.2,22.11,32.57,0.69,0.69,47.79
2022-03-14,PLEIKU,14.005,108.017,0.0,24.24,32.88,18.32,18.36,24.48,74.85,14.14,94.04,1.44,65.0,22.35,33.69,0.69,0.69,51.26
2022-03-15,PLEIKU,14.005,108.017,0.0,24.14,31.38,18.67,19.63,24.39,78.5,15.29,93.94,1.69,79.0,19.77,33.75,0.68,0.68,80.12
2022-03-16,PLEIKU,14.005,108.017,1.85,23.98,31.53,18.81,19.09,24.21,77.63,14.79,93.96,1.75,84.5,19.8,34.18,0.69,0.68,82.77
2022-03-17,PLEIKU,14.005,108.017,3.07,23.65,30.48,19.11,19.65,23.47,80.81,15.34,93.96,0.95,72.0,20.19,33.39,0.71,0.69,64.89
2022-03-18,PLEIKU,14.005,108.017,7.27,24.34,30.86,20.01,21.11,24.42,84.39,16.78,93.95,0.97,58.4,15.72,34.58,0.74,0.7,97.1
2022-03-19,PLEIKU,14.005,108.017,0.86,24.35,32.08,19.59,19.93,24.38,79.5,15.59,93.94,1.3,81.1,17.18,33.7,0.71,0.7,94.81
2022-03-20,PLEIKU,14.005,108.017,4.74,24.66,31.27,19.88,20.48,24.79,80.47,16.1,94.08,1.18,114.4,21.0,33.62,0.72,0.7,70.51
2022-03-21,PLEIKU,14.005,108.017,2.91,24.39,30.77,20.22,20.78,24.52,82.88,16.37,94.22,1.42,114.4,17.62,33.9,0.72,0.7,86.51
2022-03-22,PLEIKU,14.005,108.017,1.7,24.42,30.66,19.88,20.38,24.53,80.97,15.97,94.26,1.35,109.1,21.92,33.6,0.71,0.7,65.55
2022-03-23,PLEIKU,14.005,108.017,5.31,25.12,31.91,20.86,20.69,25.26,79.96,16.33,94.16,1.49,113.4,21.66,34.13,0.73,0.7,70.2
2022-03-24,PLEIKU,14.005,108.017,1.72,24.43,30.03,20.57,21.36,24.53,85.06,16.97,94.15,1.45,118.0,16.87,35.07,0.71,0.7,63.53
2022-03-25,PLEIKU,14.005,108.017,0.6,25.81,31.92,21.23,21.52,25.72,79.95,17.16,94.21,1.11,168.2,22.45,33.55,0.71,0.69,32.85
2022-03-26,PLEIKU,14.005,108.017,0.07,25.49,29.6,22.44,21.74,24.83,80.77,17.36,94.24,1.33,292.0,21.81,33.11,0.7,0.69,28.15
2022-03-27,PLEIKU,14.005,108.017,0.29,25.7,31.0,21.53,21.97,25.77,81.85,17.64,94.22,1.0,46.9,19.55,34.25,0.7,0.69,80.1
2022-03-28,PLEIKU,14.005,108.017,0.64,24.05,30.15,19.5,20.19,24.19,81.39,15.77,94.28,1.67,64.0,19.01,33.23,0.69,0.69,69.85
2022-03-29,PLEIKU,14.005,108.017,0.95,23.58,30.57,18.63,19.22,23.78,79.21,14.83,94.21,2.28,62.0,18.15,33.26,0.69,0.68,75.18
2022-03-30,PLEIKU,14.005,108.017,11.53,22.93,28.68,19.66,19.31,23.07,82.02,14.93,94.13,2.43,49.5,14.39,34.18,0.73,0.69,95.07
2022-03-31,PLEIKU,14.005,108.017,83.73,22.27,25.33,20.21,20.99,22.22,92.52,16.67,94.06,4.24,65.6,4.37,33.98,0.93,0.77,99.44
2022-04-01,PLEIKU,14.005,108.017,9.18,22.21,25.77,19.25,20.78,22.15,91.89,16.39,94.31,2.72,68.4,9.38,34.01,0.83,0.8,97.91
2022-04-02,PLEIKU,14.005,108.017,5.17,20.48,27.94,16.23,17.44,20.47,83.35,13.35,94.44,2.89,38.6,14.99,32.3,0.8,0.78,59.14
2022-04-03,PLEIKU,14.005,108.017,1.0,20.28,25.85,17.09,16.24,20.37,78.74,12.25,94.46,3.32,47.7,13.78,32.54,0.76,0.76,90.77
2022-04-04,PLEIKU,14.005,108.017,1.56,21.5,25.87,18.54,18.18,21.52,82.4,13.84,94.55,3.08,50.0,10.41,34.18,0.76,0.75,97.75
2022-04-05,PLEIKU,14.005,108.017,4.37,22.64,29.16,18.56,19.36,22.72,83.73,14.93,94.46,2.6,53.6,10.36,33.91,0.76,0.74,77.59
2022-04-06,PLEIKU,14.005,108.017,0.03,22.43,29.53,17.22,18.37,22.53,80.02,14.05,94.4,2.51,50.5,15.24,33.27,0.74,0.73,93.88
2022-04-07,PLEIKU,14.005,108.017,0.0,20.65,28.52,15.35,15.74,20.77,76.17,11.88,94.35,2.55,49.9,18.93,30.97,0.72,0.72,90.56
2022-04-08,PLEIKU,14.005,108.017,0.0,21.7,29.24,16.21,16.67,21.85,75.92,12.65,94.23,2.04,49.7,23.15,31.47,0.72,0.71,54.73
2022-04-09,PLEIKU,14.005,108.017,0.0,22.37,30.24,16.4,17.08,22.58,75.27,13.0,94.1,1.44,55.7,23.59,31.43,0.71,0.71,52.57
2022-04-10,PLEIKU,14.005,108.017,0.0,23.76,30.8,18.22,18.57,23.92,76.05,14.31,94.08,1.25,41.8,23.15,33.19,0.7,0.7,56.66
2022-04-11,PLEIKU,14.005,108.017,0.2,24.58,31.53,19.74,19.56,24.77,77.05,15.22,94.02,1.02,70.4,22.37,34.52,0.7,0.7,65.21
2022-04-12,PLEIKU,14.005,108.017,0.42,25.16,31.71,20.41,20.63,25.11,78.6,16.29,93.89,0.98,117.8,18.32,34.5,0.7,0.69,43.48
2022-04-13,PLEIKU,14.005,108.017,0.88,26.56,32.7,21.79,21.07,26.35,74.77,16.78,93.83,0.97,287.8,18.82,35.7,0.69,0.69,76.98
2022-04-14,PLEIKU,14.005,108.017,0.65,26.18,32.42,21.66,21.41,26.29,77.89,17.12,93.89,0.98,99.1,17.59,35.5,0.69,0.69,81.33
2022-04-15,PLEIKU,14.005,108.017,0.31,23.82,26.54,21.38,21.48,23.92,87.36,17.11,94.0,1.28,93.7,18.01,35.05,0.7,0.69,85.83
2022-04-16,PLEIKU,14.005,108.017,0.93,25.04,31.67,20.45,20.67,25.29,79.41,16.29,94.03,1.66,99.5,18.41,34.67,0.69,0.69,83.71
2022-04-17,PLEIKU,14.005,108.017,0.02,24.0,30.87,18.27,19.21,24.25,77.49,14.85,94.17,2.21,73.3,22.49,32.14,0.68,0.68,40.38
2022-04-18,PLEIKU,14.005,108.017,0.0,23.12,30.77,18.09,17.92,23.42,75.78,13.65,94.29,2.58,59.3,21.01,31.76,0.67,0.68,48.1
2022-04-19,PLEIKU,14.005,108.017,0.0,23.22,30.19,18.14,18.01,23.52,75.45,13.74,94.3,2.49,57.5,15.96,33.12,0.67,0.67,48.63
2022-04-20,PLEIKU,14.005,108.017,0.0,24.61,31.69,20.03,19.81,24.96,77.06,15.4,94.18,2.05,71.0,19.08,34.17,0.67,0.67,57.57
2022-04-21,PLEIKU,14.005,108.017,0.0,25.02,32.32,19.85,19.61,25.38,75.45,15.22,94.18,1.78,83.5,20.54,34.24,0.66,0.67,78.16
2022-04-22,PLEIKU,14.005,108.017,0.03,26.01,34.01,20.53,19.51,26.34,72.0,15.17,94.13,1.43,97.2,21.53,34.31,0.66,0.66,85.44
2022-04-23,PLEIKU,14.005,108.017,6.74,26.25,34.04,20.95,19.65,26.59,72.64,15.4,94.04,1.46,104.7,21.01,34.18,0.69,0.66,69.52
2022-04-24,PLEIKU,14.005,108.017,22.18,24.81,30.09,21.14,20.93,24.79,81.59,16.64,93.98,1.02,113.1,18.66,34.41,0.81,0.7,69.23
2022-04-25,PLEIKU,14.005,108.017,0.17,26.68,33.13,22.14,21.35,26.61,75.92,17.07,93.93,1.03,145.3,21.23,34.78,0.71,0.7,81.5
2022-04-26,PLEIKU,14.005,108.017,0.0,26.91,32.17,23.15,22.9,26.83,80.79,18.75,93.9,0.97,247.4,20.49,35.29,0.7,0.7,56.02
2022-04-27,PLEIKU,14.005,108.017,0.0,26.32,32.91,21.2,21.94,26.33,79.27,17.66,93.94,1.25,120.1,21.84,33.91,0.7,0.69,43.14
2022-04-28,PLEIKU,14.005,108.017,0.09,24.22,28.77,21.05,20.93,24.24,83.62,16.56,94.07,1.56,87.6,23.85,33.25,0.69,0.69,77.42
2022-04-29,PLEIKU,14.005,108.017,4.19,24.48,30.41,21.51,20.5,24.6,80.74,16.12,94.0,2.18,65.5,18.86,34.35,0.71,0.69,97.84
2022-04-30,PLEIKU,14.005,108.017,6.91,23.43,26.65,21.55,21.68,23.43,90.44,17.35,93.9,2.39,87.7,13.98,34.85,0.73,0.69,96.52
2022-05-01,PLEIKU,14.005,108.017,30.08,24.76,29.18,21.79,22.18,24.81,86.95,17.91,93.85,1.03,160.0,15.46,35.53,0.8,0.71,95.97
2022-05-02,PLEIKU,14.005,108.017,13.24,22.44,26.51,19.49,20.7,22.49,90.28,16.39,94.0,1.18,21.7,13.22,34.24,0.83,0.76,97.97
2022-05-03,PLEIKU,14.005,108.017,0.6,22.42,26.54,19.54,20.06,22.47,86.73,15.73,94.1,1.7,46.0,12.52,34.68,0.76,0.75,93.94
2022-05-04,PLEIKU,14.005,108.017,0.64,23.43,29.1,19.52,20.4,23.47,84.55,16.01,94.13,1.69,43.1,13.88,34.39,0.74,0.73,72.42
2022-05-05,PLEIKU,14.005,108.017,1.35,24.86,31.23,20.63,21.03,24.95,81.52,16.66,93.99,2.08,77.2,15.08,35.03,0.73,0.72,85.93
2022-05-06,PLEIKU,14.005,108.017,0.28,24.72,31.37,20.19,20.16,24.81,78.87,15.79,94.04,1.57,74.1,20.88,33.95,0.72,0.71,68.07
2022-05-07,PLEIKU,14.005,108.017,2.08,24.8,31.26,20.72,20.68,24.88,80.19,16.27,94.07,2.23,76.4,21.28,34.16,0.71,0.7,89.38
2022-05-08,PLEIKU,14.005,108.017,7.53,23.56,28.6,20.2,21.08,23.6,87.07,16.7,94.1,2.15,80.8,13.82,34.76,0.74,0.71,97.21
2022-05-09,PLEIKU,14.005,108.017,0.81,24.94,30.44,20.85,21.61,24.96,83.72,17.26,94.08,1.44,103.5,18.69,34.76,0.72,0.71,85.43
2022-05-10,PLEIKU,14.005,108.017,2.68,26.74,34.3,21.69,20.81,26.77,74.82,16.57,93.99,0.8,110.8,21.26,34.95,0.71,0.7,78.44
2022-05-11,PLEIKU,14.005,108.017,15.59,25.79,31.19,22.28,22.46,25.85,84.14,18.23,93.99,1.27,249.9,20.07,35.16,0.79,0.71,71.29
2022-05-12,PLEIKU,14.005,108.017,4.37,24.6,28.34,22.02,22.63,24.64,89.58,18.38,93.97,1.56,266.6,20.41,35.0,0.75,0.72,78.26
2022-05-13,PLEIKU,14.005,108.017,1.68,25.4,29.17,22.68,22.7,25.12,86.0,18.47,93.91,1.54,256.7,18.32,35.19,0.73,0.72,94.06
2022-05-14,PLEIKU,14.005,108.017,4.76,25.45,29.12,22.72,23.36,25.28,89.05,19.21,94.06,1.28,265.5,19.96,35.05,0.75,0.72,78.23
2022-05-15,PLEIKU,14.005,108.017,4.59,24.63,27.85,21.93,23.19,24.54,92.11,19.01,94.08,1.36,282.4,15.46,35.26,0.76,0.72,89.99
2022-05-16,PLEIKU,14.005,108.017,41.32,23.76,28.11,20.61,21.9,23.77,90.17,17.59,94.08,0.93,318.7,14.68,35.02,0.85,0.74,98.42
2022-05-17,PLEIKU,14.005,108.017,5.28,24.98,30.25,21.25,21.4,24.98,82.6,17.06,94.06,0.78,6.8,13.14,34.96,0.8,0.77,98.25
2022-05-18,PLEIKU,14.005,108.017,33.46,24.5,28.53,20.84,22.13,24.52,87.79,17.83,94.12,0.79,69.2,13.28,34.84,0.88,0.78,97.31
2022-05-19,PLEIKU,14.005,108.017,49.69,24.14,28.57,20.51,21.39,24.13,86.15,17.06,94.11,0.69,97.6,14.05,35.11,0.91,0.81,98.03
2022-05-20,PLEIKU,14.005,108.017,26.48,25.3,30.67,21.19,22.22,25.3,84.97,17.97,93.9,1.33,232.3,17.03,35.51,0.9,0.84,95.09
2022-05-21,PLEIKU,14.005,108.017,16.27,23.22,26.13,21.34,21.7,23.21,91.59,17.39,93.78,1.37,256.1,16.79,34.36,0.89,0.85,98.76
2022-05-22,PLEIKU,14.005,108.017,11.3,23.62,27.61,20.99,22.22,23.65,92.33,18.01,93.59,1.85,221.9,18.72,34.96,0.87,0.84,99.5
2022-05-23,PLEIKU,14.005,108.017,0.98,23.47,27.76,20.67,21.04,23.53,87.31,16.7,93.78,2.04,237.2,17.21,34.91,0.82,0.82,97.9
2022-05-24,PLEIKU,14.005,108.017,2.84,24.4,28.78,21.01,21.89,24.45,87.06,17.56,94.02,1.68,247.6,16.61,35.26,0.81,0.79,88.45
2022-05-25,PLEIKU,14.005,108.017,5.12,24.26,27.78,21.5,21.13,24.08,84.01,16.79,93.97,1.16,253.5,13.39,34.39,0.81,0.79,92.21
2022-05-26,PLEIKU,14.005,108.017,9.84,23.98,28.2,21.14,22.36,24.01,91.29,18.14,93.74,1.69,243.8,15.33,34.94,0.84,0.79,90.82
2022-05-27,PLEIKU,14.005,108.017,4.65,23.66,28.82,21.38,21.91,23.71,90.68,17.67,93.58,2.0,223.9,17.72,35.16,0.81,0.79,74.8
2022-05-28,PLEIKU,14.005,108.017,4.66,23.0,26.65,20.67,20.84,23.05,88.49,16.49,93.73,2.32,241.3,19.59,34.66,0.81,0.78,70.4
2022-05-29,PLEIKU,14.005,108.017,8.07,24.2,28.76,21.35,21.88,24.25,88.1,17.59,93.78,1.77,253.4,16.95,34.92,0.83,0.79,71.85
2022-05-30,PLEIKU,14.005,108.017,0.96,25.04,29.9,22.11,21.91,25.11,84.65,17.66,93.76,1.35,247.2,20.71,34.27,0.79,0.78,49.4
2022-05-31,PLEIKU,14.005,108.017,0.95,25.64,29.24,22.33,22.4,24.97,83.04,18.17,93.79,1.0,253.1,17.28,34.99,0.79,0.77,44.37
2022-06-01,PLEIKU,14.005,108.017,4.47,24.86,29.21,21.91,22.68,24.82,88.71,18.46,93.86,1.3,258.8,21.03,34.95,0.8,0.77,72.08
2022-06-02,PLEIKU,14.005,108.017,7.31,23.61,26.2,21.79,22.59,23.57,94.2,18.35,93.95,1.37,247.9,17.53,35.03,0.82,0.78,84.47
2022-06-03,PLEIKU,14.005,108.017,1.53,23.89,26.84,21.8,21.88,23.89,89.19,17.56,93.98,1.55,243.1,23.02,34.42,0.79,0.78,47.19
2022-06-04,PLEIKU,14.005,108.017,3.07,24.1,28.59,21.25,21.31,24.16,85.78,16.93,94.02,1.94,253.8,22.73,34.2,0.79,0.77,53.05
2022-06-05,PLEIKU,14.005,108.017,1.09,24.16,28.29,21.37,21.92,24.1,88.07,17.62,93.88,1.7,252.3,23.23,34.03,0.78,0.77,40.0
2022-06-06,PLEIKU,14.005,108.017,0.19,25.3,29.87,21.71,22.46,25.35,85.52,18.23,93.8,1.9,259.8,22.2,34.84,0.77,0.76,70.88
2022-06-07,PLEIKU,14.005,108.017,1.18,23.95,27.53,21.77,22.15,23.97,90.36,17.86,93.89,1.5,256.5,21.59,34.53,0.78,0.76,88.6
2022-06-08,PLEIKU,14.005,108.017,1.33,23.63,27.24,21.24,22.14,23.61,91.85,17.85,93.94,1.51,275.7,21.84,33.42,0.78,0.76,95.11
2022-06-09,PLEIKU,14.005,108.017,0.31,24.08,28.75,20.7,21.09,24.03,84.54,16.76,93.94,1.07,290.7,21.26,34.18,0.77,0.76,83.82
2022-06-10,PLEIKU,14.005,108.017,1.18,23.72,26.97,21.85,21.86,23.68,90.0,17.53,93.97,1.37,260.8,22.88,33.67,0.77,0.76,87.31
2022-06-11,PLEIKU,14.005,108.017,1.26,24.02,27.57,21.44,22.04,23.64,89.4,17.72,94.0,1.36,274.7,22.68,33.41,0.77,0.76,85.02
2022-06-12,PLEIKU,14.005,108.017,0.98,24.47,28.35,21.52,22.37,24.39,88.9,18.09,94.01,1.32,254.0,22.12,34.48,0.77,0.75,66.46
2022-06-13,PLEIKU,14.005,108.017,0.02,24.88,29.25,21.77,22.37,24.85,87.11,18.1,93.98,1.32,256.0,22.13,34.57,0.76,0.75,78.28
2022-06-14,PLEIKU,14.005,108.017,0.7,25.12,28.98,22.27,22.36,24.85,85.58,18.08,93.99,1.25,258.1,21.54,34.76,0.76,0.75,85.37
2022-06-15,PLEIKU,14.005,108.017,1.75,24.02,27.09,21.4,22.66,23.98,92.36,18.41,94.08,1.13,264.0,20.23,34.61,0.76,0.75,83.86
2022-06-16,PLEIKU,14.005,108.017,0.19,23.27,26.28,20.64,21.4,22.95,89.87,17.05,94.13,0.99,286.6,21.67,33.97,0.76,0.75,72.46
2022-06-17,PLEIKU,14.005,108.017,0.12,25.27,30.08,22.43,22.28,25.28,85.19,17.99,94.04,1.36,255.7,23.42,34.62,0.75,0.74,48.63
2022-06-18,PLEIKU,14.005,108.017,0.4,24.11,27.67,22.11,22.32,24.11,90.34,18.02,94.03,1.6,257.9,23.01,34.32,0.75,0.74,66.0
2022-06-19,PLEIKU,14.005,108.017,0.0,24.09,27.87,21.47,21.95,24.02,88.51,17.63,93.91,1.64,251.7,22.25,34.12,0.75,0.74,67.53
2022-06-20,PLEIKU,14.005,108.017,0.0,25.21,29.78,22.32,22.37,25.26,85.68,18.13,93.76,1.47,251.4,23.11,34.35,0.75,0.73,62.72
2022-06-21,PLEIKU,14.005,108.017,0.9,23.95,27.68,20.72,21.65,23.98,87.74,17.34,93.89,1.53,239.9,22.59,33.66,0.75,0.73,88.23
2022-06-22,PLEIKU,14.005,108.017,3.37,24.59,29.04,21.73,21.51,24.47,84.51,17.16,94.06,1.11,215.1,19.39,34.46,0.75,0.73,92.32
2022-06-23,PLEIKU,14.005,108.017,10.07,24.78,29.17,21.24,21.38,24.55,83.25,17.1,94.04,0.63,178.6,20.28,34.29,0.79,0.74,77.7
2022-06-24,PLEIKU,14.005,108.017,8.98,25.03,30.62,21.43,21.66,25.08,83.74,17.36,93.91,1.05,211.9,17.8,34.87,0.79,0.75,89.46
2022-06-25,PLEIKU,14.005,108.017,1.92,25.12,30.06,21.44,21.74,25.06,83.49,17.46,93.93,0.98,191.8,21.03,34.25,0.78,0.75,79.49
2022-06-26,PLEIKU,14.005,108.017,0.9,25.37,30.13,21.79,22.04,25.21,83.36,17.73,94.05,0.94,213.3,19.46,34.73,0.76,0.75,57.34
2022-06-27,PLEIKU,14.005,108.017,0.6,24.59,28.13,21.95,22.49,24.62,88.85,18.22,93.99,1.33,267.1,22.92,34.29,0.76,0.74,67.4
2022-06-28,PLEIKU,14.005,108.017,0.67,24.82,28.06,22.53,22.88,24.85,89.6,18.7,93.75,1.49,265.9,21.15,34.92,0.75,0.74,95.83
2022-06-29,PLEIKU,14.005,108.017,9.32,24.61,27.47,22.54,22.84,24.6,90.43,18.71,93.5,1.89,260.5,19.9,35.46,0.78,0.74,91.46
2022-06-30,PLEIKU,14.005,108.017,10.65,23.39,25.22,21.56,22.51,23.36,94.8,18.35,93.43,2.79,237.7,15.75,34.88,0.81,0.76,98.75
2022-07-01,PLEIKU,14.005,108.017,13.41,22.92,25.54,21.44,21.81,22.93,93.61,17.56,93.53,2.77,242.1,5.22,34.36,0.83,0.77,99.15
2022-07-02,PLEIKU,14.005,108.017,11.13,23.16,25.69,22.04,21.65,23.19,91.56,17.36,93.63,2.99,248.3,13.53,34.25,0.84,0.79,99.95
2022-07-03,PLEIKU,14.005,108.017,2.15,24.39,28.17,21.94,22.12,24.46,88.04,17.87,93.69,2.43,249.0,14.9,34.92,0.79,0.78,99.32
2022-07-04,PLEIKU,14.005,108.017,2.42,25.18,29.5,22.11,22.65,25.22,86.97,18.46,93.7,2.49,247.8,19.09,35.5,0.78,0.77,98.91
2022-07-05,PLEIKU,14.005,108.017,6.33,24.28,27.97,22.53,22.62,24.33,91.06,18.39,93.84,1.85,239.3,20.66,35.03,0.8,0.77,80.95
2022-07-06,PLEIKU,14.005,108.017,3.07,24.7,27.87,22.72,23.1,24.72,91.29,18.94,93.88,1.81,247.3,18.42,34.99,0.78,0.77,98.48
2022-07-07,PLEIKU,14.005,108.017,4.77,24.04,26.52,22.44,23.1,24.04,94.64,18.94,93.88,1.39,252.8,19.18,34.69,0.8,0.77,97.19
2022-07-08,PLEIKU,14.005,108.017,7.44,23.69,26.36,21.58,22.57,23.66,93.7,18.35,93.81,1.25,270.5,18.08,34.66,0.8,0.77,98.6
2022-07-09,PLEIKU,14.005,108.017,6.87,23.36,26.66,21.51,22.01,23.36,92.58,17.75,93.68,1.65,252.0,10.96,35.05,0.81,0.78,99.07
2022-07-10,PLEIKU,14.005,108.017,11.04,22.76,25.44,21.64,21.44,22.8,92.59,17.14,93.64,1.75,240.3,13.58,34.84,0.83,0.78,99.12
2022-07-11,PLEIKU,14.005,108.017,12.83,22.87,25.25,21.16,21.94,22.89,94.65,17.68,93.64,1.87,229.4,16.42,34.67,0.84,0.79,93.79
2022-07-12,PLEIKU,14.005,108.017,20.83,23.94,28.6,20.86,22.0,23.97,89.74,17.76,93.58,1.61,166.5,16.39,35.08,0.87,0.81,88.04
2022-07-13,PLEIKU,14.005,108.017,8.65,23.22,26.52,21.07,21.95,23.21,92.91,17.71,93.52,1.41,232.8,15.12,35.38,0.85,0.81,94.99
2022-07-14,PLEIKU,14.005,108.017,7.24,23.2,27.19,21.0,21.58,23.14,91.19,17.28,93.65,1.48,238.7,18.44,35.28,0.84,0.81,83.05
2022-07-15,PLEIKU,14.005,108.017,2.31,24.95,28.91,21.89,22.48,24.72,87.03,18.24,93.79,1.27,237.8,20.12,35.38,0.81,0.8,50.17
2022-07-16,PLEIKU,14.005,108.017,3.26,24.82,28.96,22.18,23.18,24.85,91.31,19.03,93.89,1.5,246.2,18.61,35.47,0.81,0.79,92.61
2022-07-17,PLEIKU,14.005,108.017,4.13,24.81,28.34,22.64,23.11,24.85,90.91,18.94,93.89,1.59,243.9,19.57,35.2,0.81,0.79,72.83
2022-07-18,PLEIKU,14.005,108.017,2.6,24.44,28.01,22.15,22.94,24.46,91.86,18.76,93.79,1.51,248.1,20.54,34.97,0.8,0.79,67.31
2022-07-19,PLEIKU,14.005,108.017,2.02,24.43,27.71,21.9,22.88,24.41,91.52,18.72,93.76,1.38,226.8,17.87,35.3,0.8,0.78,96.03
2022-07-20,PLEIKU,14.005,108.017,5.16,22.68,25.48,20.49,21.66,22.62,94.17,17.34,93.94,1.37,216.1,8.76,35.22,0.81,0.79,98.82
2022-07-21,PLEIKU,14.005,108.017,25.19,22.69,25.83,19.99,20.76,22.48,89.45,16.35,94.18,1.2,235.9,15.7,34.18,0.86,0.8,91.68
2022-07-22,PLEIKU,14.005,108.017,5.0,24.59,29.98,20.45,21.54,24.53,85.07,17.2,94.15,0.88,83.6,21.78,33.62,0.83,0.81,76.1
2022-07-23,PLEIKU,14.005,108.017,0.2,24.99,30.95,20.37,20.72,25.05,79.82,16.36,94.06,0.96,75.9,22.44,33.52,0.8,0.79,59.4
2022-07-24,PLEIKU,14.005,108.017,0.01,25.4,31.72,20.53,21.06,25.47,79.55,16.72,93.97,1.0,92.7,26.3,33.13,0.79,0.78,16.28
2022-07-25,PLEIKU,14.005,108.017,0.74,25.55,31.26,21.62,21.71,25.61,81.54,17.39,93.98,0.95,77.8,25.1,33.86,0.79,0.77,20.4
2022-07-26,PLEIKU,14.005,108.017,17.52,25.61,30.56,21.53,21.86,25.35,81.8,17.58,93.95,0.8,120.0,23.91,34.53,0.83,0.78,44.68
2022-07-27,PLEIKU,14.005,108.017,10.52,25.04,30.21,21.05,21.41,24.87,82.38,17.13,93.95,0.82,102.6,21.17,34.11,0.85,0.8,67.73
2022-07-28,PLEIKU,14.005,108.017,4.49,25.61,29.82,22.12,22.24,25.52,83.57,18.02,93.93,0.97,258.7,19.61,35.19,0.82,0.8,62.71
2022-07-29,PLEIKU,14.005,108.017,37.9,25.32,29.66,22.51,23.23,25.37,89.21,19.11,93.81,1.51,251.6,18.37,35.6,0.89,0.81,72.91
2022-07-30,PLEIKU,14.005,108.017,4.53,24.55,28.47,22.19,22.9,24.59,91.18,18.73,93.77,1.56,262.9,14.83,35.17,0.85,0.83,75.87
2022-07-31,PLEIKU,14.005,108.017,7.0,24.58,28.66,21.82,22.34,24.47,88.27,18.1,93.75,1.22,254.8,19.06,35.05,0.84,0.82,88.86
2022-08-01,PLEIKU,14.005,108.017,2.89,23.66,26.81,21.04,22.3,23.68,92.49,18.06,93.83,1.39,244.6,19.34,34.64,0.83,0.81,97.57
2022-08-02,PLEIKU,14.005,108.017,1.44,24.65,29.06,21.92,22.01,24.67,86.66,17.71,93.95,1.27,253.1,16.2,35.07,0.82,0.8,93.78
2022-08-03,PLEIKU,14.005,108.017,9.52,23.74,27.21,21.93,22.32,23.78,92.15,18.02,93.98,1.53,239.3,15.58,34.92,0.84,0.81,90.62
2022-08-04,PLEIKU,14.005,108.017,1.63,23.89,27.13,22.1,22.27,23.91,91.23,17.99,93.91,1.45,257.7,16.01,35.22,0.82,0.81,96.33
2022-08-05,PLEIKU,14.005,108.017,7.02,23.2,25.81,21.47,21.88,23.22,92.59,17.57,93.85,1.87,248.1,14.83,34.76,0.84,0.81,95.71
2022-08-06,PLEIKU,14.005,108.017,5.31,23.13,25.73,21.28,21.72,23.17,92.2,17.42,93.77,1.7,250.6,13.36,34.53,0.83,0.81,99.21
2022-08-07,PLEIKU,14.005,108.017,35.05,22.66,24.78,21.6,21.89,22.65,95.43,17.61,93.67,1.6,267.4,13.09,34.55,0.91,0.83,99.57
2022-08-08,PLEIKU,14.005,108.017,71.2,22.84,25.0,21.27,22.17,22.82,95.96,17.94,93.58,2.85,258.5,4.08,34.31,0.96,0.89,99.53
2022-08-09,PLEIKU,14.005,108.017,12.25,22.27,24.32,21.03,21.53,22.26,95.62,17.25,93.56,2.6,250.5,6.57,33.94,0.91,0.89,99.45
2022-08-10,PLEIKU,14.005,108.017,7.4,23.55,27.57,20.71,21.76,23.58,90.41,17.48,93.67,2.33,247.1,16.39,34.46,0.88,0.87,99.69
2022-08-11,PLEIKU,14.005,108.017,6.64,23.1,26.56,21.06,21.4,23.15,90.79,17.04,93.91,2.13,240.4,12.75,34.93,0.87,0.86,99.44
2022-08-12,PLEIKU,14.005,108.017,1.14,23.89,28.09,21.29,21.87,23.92,89.35,17.54,94.01,1.64,250.6,19.99,34.36,0.85,0.85,79.75
2022-08-13,PLEIKU,14.005,108.017,2.89,24.34,28.49,21.41,22.0,24.29,87.91,17.68,93.98,1.41,264.7,19.93,34.65,0.85,0.84,64.02
2022-08-14,PLEIKU,14.005,108.017,5.02,23.99,27.52,21.67,22.31,23.91,91.06,18.04,93.97,1.28,273.1,17.48,34.64,0.86,0.84,82.35
2022-08-15,PLEIKU,14.005,108.017,2.61,23.82,27.57,21.38,22.14,23.84,90.95,17.84,93.93,1.47,255.0,16.74,34.84,0.85,0.84,90.25
2022-08-16,PLEIKU,14.005,108.017,1.19,23.99,28.13,21.82,21.85,24.04,88.87,17.53,93.9,1.67,254.6,20.1,34.41,0.84,0.84,92.1
2022-08-17,PLEIKU,14.005,108.017,3.9,23.65,27.1,21.51,21.87,23.65,90.43,17.55,93.92,1.91,250.1,18.1,34.58,0.85,0.83,93.64
2022-08-18,PLEIKU,14.005,108.017,8.39,23.45,25.99,21.85,22.06,23.47,92.29,17.77,93.84,1.85,235.8,17.29,34.98,0.86,0.84,88.16
2022-08-19,PLEIKU,14.005,108.017,18.14,23.54,26.65,21.43,22.6,23.54,94.65,18.4,93.74,2.17,245.7,12.29,34.92,0.91,0.86,98.77
2022-08-20,PLEIKU,14.005,108.017,9.69,22.84,25.28,21.03,21.98,22.85,94.96,17.7,93.75,1.92,234.6,9.62,34.51,0.89,0.87,98.46
2022-08-21,PLEIKU,14.005,108.017,5.42,24.36,28.46,21.65,22.43,24.27,89.83,18.19,93.82,1.69,231.6,19.89,35.37,0.87,0.86,75.82
2022-08-22,PLEIKU,14.005,108.017,10.54,23.24,25.94,21.44,22.32,23.24,94.68,18.04,93.95,1.38,248.4,19.0,34.62,0.89,0.87,96.02
2022-08-23,PLEIKU,14.005,108.017,2.13,24.29,27.29,21.59,22.88,24.24,92.26,18.7,93.91,1.31,244.1,19.28,34.53,0.87,0.86,81.62
2022-08-24,PLEIKU,14.005,108.017,2.46,24.64,29.26,21.54,21.37,24.45,83.96,17.12,93.75,1.12,249.3,19.34,34.08,0.86,0.86,83.21
2022-08-25,PLEIKU,14.005,108.017,4.59,23.47,26.89,21.61,22.07,23.48,92.25,17.79,93.83,1.99,224.6,17.34,34.19,0.87,0.86,99.71
2022-08-26,PLEIKU,14.005,108.017,8.78,23.21,26.93,20.33,21.0,23.18,88.37,16.59,94.15,1.88,253.2,18.71,34.05,0.88,0.85,79.09
2022-08-27,PLEIKU,14.005,108.017,9.0,24.43,29.6,20.27,21.22,24.34,84.03,16.88,94.06,1.02,56.4,22.04,33.99,0.89,0.87,70.55
2022-08-28,PLEIKU,14.005,108.017,0.64,23.83,29.93,19.27,20.27,23.84,82.26,15.93,93.98,1.51,60.5,20.91,33.93,0.86,0.86,82.62
2022-08-29,PLEIKU,14.005,108.017,10.69,24.16,28.31,21.6,22.28,24.17,90.04,17.98,94.1,1.4,76.6,18.21,34.18,0.88,0.86,88.06
2022-08-30,PLEIKU,14.005,108.017,10.83,25.68,30.79,22.05,22.23,25.51,83.42,17.99,94.0,0.65,112.0,22.18,34.65,0.89,0.87,47.47
2022-08-31,PLEIKU,14.005,108.017,12.9,25.27,30.85,21.6,22.66,25.1,87.18,18.53,93.87,0.81,170.1,21.06,34.67,0.9,0.87,46.35
2022-09-01,PLEIKU,14.005,108.017,2.03,26.31,32.75,21.7,21.48,26.27,78.53,17.25,93.95,0.76,96.2,21.39,34.8,0.87,0.87,63.06
2022-09-02,PLEIKU,14.005,108.017,41.46,26.21,30.99,22.73,22.87,26.15,84.14,18.77,93.92,0.58,206.9,20.05,35.16,0.92,0.87,81.6
2022-09-03,PLEIKU,14.005,108.017,6.96,23.96,26.53,22.19,22.75,23.95,93.3,18.53,93.92,1.57,249.9,19.34,34.74,0.9,0.89,74.95
2022-09-04,PLEIKU,14.005,108.017,6.58,24.55,28.69,21.72,22.53,24.58,89.45,18.27,93.96,1.97,246.0,17.6,35.12,0.89,0.89,78.36
2022-09-05,PLEIKU,14.005,108.017,34.56,23.63,27.35,21.59,21.74,23.69,89.94,17.4,93.96,1.61,267.6,17.95,34.87,0.92,0.89,93.1
2022-09-06,PLEIKU,14.005,108.017,22.31,23.51,26.57,21.33,22.5,23.38,94.31,18.27,93.96,1.04,65.9,15.46,34.89,0.94,0.91,99.46
2022-09-07,PLEIKU,14.005,108.017,32.39,22.87,25.78,20.58,21.32,22.88,91.49,16.95,94.06,0.96,93.4,9.68,34.02,0.96,0.93,98.21
2022-09-08,PLEIKU,14.005,108.017,2.46,23.89,28.0,21.25,21.92,23.9,89.65,17.56,94.18,1.27,115.2,15.6,34.62,0.91,0.92,83.72
2022-09-09,PLEIKU,14.005,108.017,3.41,24.71,29.84,20.71,22.17,24.71,87.17,17.85,94.21,1.29,86.1,21.08,33.93,0.9,0.91,56.99
2022-09-10,PLEIKU,14.005,108.017,8.17,24.8,30.45,21.13,21.86,24.83,85.49,17.51,94.15,1.6,84.0,21.55,34.41,0.91,0.91,69.28
2022-09-11,PLEIKU,14.005,108.017,19.04,24.84,30.48,20.64,21.67,24.83,84.78,17.37,94.03,0.87,84.7,21.89,34.31,0.93,0.92,64.49
2022-09-12,PLEIKU,14.005,108.017,3.06,25.4,30.56,22.17,21.72,25.35,82.43,17.45,94.01,0.6,101.8,19.08,34.82,0.9,0.91,69.71
2022-09-13,PLEIKU,14.005,108.017,6.91,24.32,27.98,21.85,22.17,24.29,88.68,17.85,94.11,0.84,122.3,19.25,34.99,0.91,0.91,76.81
2022-09-14,PLEIKU,14.005,108.017,32.45,23.3,25.85,21.5,22.26,23.3,94.1,17.93,94.17,1.5,241.1,17.69,34.73,0.96,0.93,94.91
2022-09-15,PLEIKU,14.005,108.017,13.12,23.47,27.57,20.88,21.85,23.5,91.33,17.52,94.0,1.67,257.4,14.3,34.3,0.93,0.94,87.2
2022-09-16,PLEIKU,14.005,108.017,20.02,23.8,27.71,21.63,22.21,23.84,91.46,17.94,93.83,1.79,234.1,19.15,34.93,0.94,0.94,70.95
2022-09-17,PLEIKU,14.005,108.017,14.07,23.8,27.55,21.28,22.14,23.83,91.12,17.85,93.93,1.79,251.5,19.95,34.82,0.94,0.95,71.76
2022-09-18,PLEIKU,14.005,108.017,1.28,23.66,27.84,21.44,21.73,23.7,89.69,17.38,94.0,1.6,248.3,16.13,34.88,0.92,0.94,72.85
2022-09-19,PLEIKU,14.005,108.017,7.38,23.99,28.38,20.94,21.79,24.04,88.67,17.48,93.92,1.5,256.9,16.0,34.87,0.93,0.93,89.07
2022-09-20,PLEIKU,14.005,108.017,8.87,23.14,26.28,20.42,21.24,22.91,89.55,16.91,93.93,0.92,222.7,17.53,34.35,0.93,0.94,91.08
2022-09-21,PLEIKU,14.005,108.017,44.62,23.75,26.88,21.85,22.48,23.81,93.06,18.26,93.87,1.04,103.1,14.07,34.63,0.98,0.96,97.98
2022-09-22,PLEIKU,14.005,108.017,17.26,23.04,24.98,21.38,22.08,22.72,94.32,17.79,93.93,0.9,169.4,11.5,34.7,0.96,0.96,99.47
2022-09-23,PLEIKU,14.005,108.017,7.38,23.3,26.15,21.11,22.23,22.96,93.8,17.95,93.97,0.88,233.6,11.57,34.51,0.95,0.96,99.66
2022-09-24,PLEIKU,14.005,108.017,71.31,23.71,26.93,21.41,22.06,23.7,91.11,17.77,93.92,0.81,196.3,7.29,34.65,0.97,0.96,98.7
2022-09-25,PLEIKU,14.005,108.017,20.46,23.11,26.38,20.49,21.61,22.95,91.73,17.28,93.99,1.09,336.1,11.01,34.29,0.97,0.98,97.78
2022-09-26,PLEIKU,14.005,108.017,4.32,22.9,25.5,20.76,21.44,22.86,91.91,17.11,93.9,1.0,291.5,11.7,33.72,0.96,0.97,99.07
2022-09-27,PLEIKU,14.005,108.017,35.78,22.0,24.75,20.0,20.6,21.98,91.93,16.34,93.28,3.88,258.7,2.46,33.86,0.97,0.97,99.13
2022-09-28,PLEIKU,14.005,108.017,13.25,22.02,24.62,20.3,21.13,22.0,94.73,16.86,93.41,2.82,220.6,9.15,34.42,0.97,0.98,99.46
2022-09-29,PLEIKU,14.005,108.017,0.68,23.66,27.63,21.23,21.63,23.61,89.22,17.32,93.8,1.49,224.1,14.35,35.05,0.95,0.97,97.49
2022-09-30,PLEIKU,14.005,108.017,0.86,24.03,28.61,21.38,21.84,24.07,88.65,17.52,93.99,1.33,219.4,18.09,34.77,0.95,0.97,92.32
2022-10-01,PLEIKU,14.005,108.017,1.26,23.84,27.19,21.47,21.67,23.69,88.39,17.32,94.06,0.93,130.3,11.73,34.85,0.95,0.97,97.09
2022-10-02,PLEIKU,14.005,108.017,3.9,23.46,27.59,21.07,21.77,23.48,90.98,17.43,94.04,1.28,97.3,18.12,34.56,0.95,0.97,87.19
2022-10-03,PLEIKU,14.005,108.017,2.19,23.57,28.03,20.61,21.5,23.56,89.08,17.12,94.13,1.89,73.6,13.41,34.5,0.94,0.96,69.82
2022-10-04,PLEIKU,14.005,108.017,7.28,21.82,25.03,18.86,20.54,21.8,92.74,16.13,94.27,1.7,60.0,8.2,33.51,0.94,0.97,91.2
2022-10-05,PLEIKU,14.005,108.017,2.58,22.66,27.32,19.56,20.37,22.66,87.93,15.93,94.27,1.87,60.6,16.99,33.45,0.94,0.96,86.45
2022-10-06,PLEIKU,14.005,108.017,4.2,22.63,28.3,18.42,20.11,22.62,87.2,15.7,94.28,1.63,69.6,19.29,32.93,0.93,0.96,91.26
2022-10-07,PLEIKU,14.005,108.017,6.43,23.38,29.23,19.73,20.54,23.41,85.84,16.12,94.23,1.73,52.7,17.88,33.56,0.93,0.95,76.07
2022-10-08,PLEIKU,14.005,108.017,5.27,23.59,28.88,20.14,21.18,23.62,87.79,16.77,94.27,1.62,63.9,17.52,33.99,0.93,0.95,99.09
2022-10-09,PLEIKU,14.005,108.017,15.19,22.67,26.6,20.19,21.39,22.65,92.84,16.97,94.4,1.73,53.2,16.95,33.84,0.94,0.95,97.5
2022-10-10,PLEIKU,14.005,108.017,44.0,22.68,25.48,20.6,22.03,22.65,96.09,17.66,94.35,1.84,58.1,2.08,34.31,0.98,0.97,99.1
2022-10-11,PLEIKU,14.005,108.017,35.22,22.75,27.0,19.24,21.52,22.74,93.17,17.16,94.25,2.02,54.5,4.04,34.57,0.98,0.98,91.71
2022-10-12,PLEIKU,14.005,108.017,4.91,22.14,28.02,17.9,19.8,22.17,87.85,15.44,94.17,2.04,34.1,13.6,34.14,0.95,0.98,88.35
2022-10-13,PLEIKU,14.005,108.017,14.51,21.22,26.2,18.36,19.4,21.25,90.08,15.09,93.94,1.67,1.0,6.26,33.15,0.96,0.97,98.77
2022-10-14,PLEIKU,14.005,108.017,33.43,20.87,22.74,19.03,20.17,20.87,95.81,15.89,93.52,1.95,272.3,2.56,33.82,0.98,0.98,98.65
2022-10-15,PLEIKU,14.005,108.017,3.06,22.54,27.49,19.9,20.8,22.56,90.79,16.45,93.85,1.51,88.8,13.17,33.76,0.96,0.98,88.24
2022-10-16,PLEIKU,14.005,108.017,23.11,21.7,25.37,17.65,20.83,21.64,94.92,16.56,94.1,1.54,48.8,9.49,33.24,0.97,0.99,97.48
2022-10-17,PLEIKU,14.005,108.017,0.06,21.08,27.21,16.27,18.07,21.01,84.9,13.87,94.11,1.29,2.5,20.2,31.17,0.96,0.98,95.5
2022-10-18,PLEIKU,14.005,108.017,0.01,21.91,28.0,17.57,18.61,21.92,83.31,14.36,94.03,1.3,8.6,16.4,33.2,0.95,0.98,79.48
2022-10-19,PLEIKU,14.005,108.017,0.0,22.96,27.84,18.98,19.85,22.93,84.22,15.48,94.09,1.11,146.5,15.35,33.95,0.94,0.97,74.95
2022-10-20,PLEIKU,14.005,108.017,0.0,22.55,27.5,18.43,19.97,22.58,86.41,15.55,94.31,1.48,86.6,14.65,34.01,0.94,0.97,89.52
2022-10-21,PLEIKU,14.005,108.017,0.29,23.6,29.68,19.21,20.43,23.64,84.42,16.02,94.35,1.18,60.7,17.95,33.18,0.93,0.96,63.7
2022-10-22,PLEIKU,14.005,108.017,4.29,23.84,29.33,20.69,21.14,23.9,86.5,16.71,94.34,1.25,80.6,15.42,34.35,0.93,0.96,90.35
2022-10-23,PLEIKU,14.005,108.017,0.87,22.71,28.05,18.27,20.61,22.66,88.9,16.24,94.27,1.28,36.2,14.76,33.47,0.93,0.95,94.93
2022-10-24,PLEIKU,14.005,108.017,1.62,24.1,29.92,20.39,20.95,24.1,84.42,16.57,94.16,1.05,9.7,18.14,34.18,0.93,0.95,76.58
2022-10-25,PLEIKU,14.005,108.017,8.89,21.91,25.3,19.88,21.05,21.9,94.96,16.66,94.23,1.84,57.6,11.46,33.8,0.94,0.95,99.59
2022-10-26,PLEIKU,14.005,108.017,17.26,22.52,25.31,20.73,21.67,22.52,95.05,17.29,94.2,1.73,63.6,6.81,34.71,0.95,0.96,98.96
2022-10-27,PLEIKU,14.005,108.017,5.9,21.76,25.48,19.36,20.76,21.73,94.21,16.38,94.17,1.95,55.4,10.07,33.37,0.94,0.97,99.2
2022-10-28,PLEIKU,14.005,108.017,1.48,21.58,27.45,18.23,19.21,21.55,87.48,14.87,94.09,2.6,50.6,12.78,33.23,0.93,0.96,99.54
2022-10-29,PLEIKU,14.005,108.017,1.72,22.29,27.84,19.04,19.69,22.27,85.86,15.35,94.0,2.65,45.1,9.59,33.88,0.93,0.95,98.46
2022-10-30,PLEIKU,14.005,108.017,0.02,20.89,27.22,16.58,18.23,20.84,86.24,14.0,93.98,1.93,32.0,11.06,31.81,0.92,0.94,98.89
2022-10-31,PLEIKU,14.005,108.017,0.0,20.72,27.81,15.23,17.53,20.64,83.81,13.43,94.05,1.71,10.5,18.52,30.55,0.92,0.94,98.51
2022-11-01,PLEIKU,14.005,108.017,0.0,20.93,27.44,15.4,17.23,20.93,81.73,13.15,94.1,1.12,11.4,19.38,29.94,0.91,0.93,91.49
2022-11-02,PLEIKU,14.005,108.017,0.0,21.04,27.56,16.47,17.05,20.97,80.61,12.98,94.15,1.06,37.0,19.06,30.53,0.91,0.92,70.46
2022-11-03,PLEIKU,14.005,108.017,0.59,21.42,27.18,17.43,18.38,21.48,84.33,14.11,94.3,1.33,81.7,18.79,32.8,0.91,0.92,58.52
2022-11-04,PLEIKU,14.005,108.017,0.27,21.3,26.62,17.81,18.61,21.34,85.71,14.26,94.46,1.85,70.5,14.5,33.11,0.9,0.91,62.37
2022-11-05,PLEIKU,14.005,108.017,0.21,21.42,25.95,18.03,18.78,21.43,86.19,14.39,94.55,1.62,58.6,12.15,33.54,0.9,0.91,84.12
2022-11-06,PLEIKU,14.005,108.017,0.25,21.9,28.25,17.64,18.68,21.95,83.49,14.34,94.42,1.82,49.4,12.25,33.12,0.89,0.9,74.56
2022-11-07,PLEIKU,14.005,108.017,0.02,22.04,28.34,17.19,18.62,22.09,82.71,14.31,94.35,1.43,43.8,14.4,32.7,0.89,0.9,71.06
2022-11-08,PLEIKU,14.005,108.017,0.01,22.68,28.82,18.79,19.24,22.73,82.98,14.87,94.31,1.59,47.3,17.38,32.76,0.89,0.89,50.11
2022-11-09,PLEIKU,14.005,108.017,0.37,22.78,27.12,19.4,20.44,22.76,87.58,16.01,94.34,1.77,54.8,15.31,33.65,0.88,0.89,50.38
2022-11-10,PLEIKU,14.005,108.017,0.98,23.41,29.02,19.89,20.97,23.43,87.41,16.54,94.29,1.86,58.8,12.57,34.43,0.88,0.88,66.54
2022-11-11,PLEIKU,14.005,108.017,1.38,22.43,26.93,19.89,20.51,22.42,89.46,16.08,94.28,2.13,60.7,14.24,33.5,0.88,0.88,76.08
2022-11-12,PLEIKU,14.005,108.017,5.63,23.04,27.92,20.57,21.22,23.04,90.35,16.82,94.2,2.12,64.7,8.62,34.82,0.89,0.88,98.48
2022-11-13,PLEIKU,14.005,108.017,13.08,22.34,24.82,20.93,21.48,22.33,94.92,17.08,94.25,2.17,67.9,9.4,34.17,0.91,0.9,79.57
2022-11-14,PLEIKU,14.005,108.017,0.42,23.05,27.97,20.28,20.85,23.04,88.39,16.43,94.24,2.09,66.2,13.69,34.64,0.89,0.89,80.16
2022-11-15,PLEIKU,14.005,108.017,0.68,23.41,28.92,19.23,20.87,23.41,86.85,16.48,94.18,2.0,72.2,13.37,33.99,0.88,0.88,62.64
2022-11-16,PLEIKU,14.005,108.017,0.2,23.32,28.66,19.7,20.53,23.36,85.69,16.13,94.12,1.78,66.0,13.82,33.59,0.88,0.88,54.21
2022-11-17,PLEIKU,14.005,108.017,0.57,23.31,29.05,19.45,20.69,23.32,86.56,16.31,94.12,1.92,67.4,13.44,33.29,0.87,0.87,42.66
2022-11-18,PLEIKU,14.005,108.017,2.36,22.76,27.47,19.66,20.4,22.76,87.57,15.98,94.16,2.24,58.1,13.59,33.66,0.87,0.87,96.69
2022-11-19,PLEIKU,14.005,108.017,33.78,21.36,24.74,19.8,20.1,21.34,92.71,15.71,94.03,2.77,55.9,3.57,33.8,0.93,0.89,99.55
2022-11-20,PLEIKU,14.005,108.017,28.92,21.79,24.61,20.13,20.58,21.76,93.09,16.21,93.87,2.19,52.4,3.26,33.87,0.94,0.92,99.14
2022-11-21,PLEIKU,14.005,108.017,6.18,22.67,25.98,20.2,21.92,22.66,95.61,17.67,93.81,1.5,71.1,9.33,34.2,0.91,0.92,98.53
2022-11-22,PLEIKU,14.005,108.017,4.51,22.37,25.41,20.57,21.37,22.37,94.31,17.02,93.96,1.67,72.7,7.89,34.07,0.91,0.91,98.67
2022-11-23,PLEIKU,14.005,108.017,2.73,22.87,27.36,20.27,21.41,22.85,92.12,17.04,94.1,1.53,95.3,10.82,33.9,0.9,0.91,73.35
2022-11-24,PLEIKU,14.005,108.017,1.21,22.74,27.09,19.89,20.91,22.75,90.31,16.49,94.28,1.64,93.0,13.47,33.91,0.9,0.9,53.5
2022-11-25,PLEIKU,14.005,108.017,0.93,22.97,27.4,19.74,21.12,22.97,90.05,16.7,94.3,1.73,71.6,12.7,33.97,0.89,0.9,68.3
2022-11-26,PLEIKU,14.005,108.017,6.91,22.4,26.56,19.58,20.67,22.42,90.68,16.26,94.21,1.78,83.7,8.62,34.15,0.9,0.9,89.0
2022-11-27,PLEIKU,14.005,108.017,0.13,22.8,27.97,19.41,20.62,22.76,88.67,16.22,94.14,1.44,99.8,13.27,33.66,0.89,0.9,40.15
2022-11-28,PLEIKU,14.005,108.017,0.01,23.35,28.64,19.42,20.92,23.32,87.23,16.51,94.21,1.21,105.1,18.53,33.0,0.89,0.89,21.39
2022-11-29,PLEIKU,14.005,108.017,0.02,23.15,29.62,18.71,19.69,23.17,83.31,15.31,94.22,1.37,68.9,20.31,31.45,0.88,0.89,9.61
2022-11-30,PLEIKU,14.005,108.017,0.12,23.04,27.92,19.9,20.83,23.04,88.25,16.42,94.28,1.93,62.8,16.78,33.48,0.88,0.88,63.62
2022-12-01,PLEIKU,14.005,108.017,0.38,23.66,27.61,21.48,21.27,23.63,87.06,16.87,94.19,2.6,62.6,13.7,34.6,0.88,0.88,94.93
2022-12-02,PLEIKU,14.005,108.017,13.27,21.3,24.45,19.32,19.59,21.26,90.57,15.21,94.2,2.6,77.5,9.83,33.7,0.9,0.88,99.18
2022-12-03,PLEIKU,14.005,108.017,12.78,20.98,24.99,18.03,19.44,20.96,91.54,15.05,94.28,2.23,57.7,9.56,33.23,0.91,0.9,99.15
2022-12-04,PLEIKU,14.005,108.017,7.21,21.39,24.84,19.71,19.51,21.37,89.95,15.1,94.32,2.27,60.5,7.88,33.5,0.9,0.9,88.94
2022-12-05,PLEIKU,14.005,108.017,10.3,21.75,25.67,19.01,20.14,21.71,91.02,15.72,94.29,2.78,57.7,8.73,34.39,0.9,0.9,92.0
2022-12-06,PLEIKU,14.005,108.017,10.83,21.35,25.65,19.02,19.73,21.32,90.94,15.33,94.22,2.97,55.9,8.06,34.34,0.91,0.9,94.05
2022-12-07,PLEIKU,14.005,108.017,9.31,22.12,26.46,19.93,20.33,22.11,90.27,15.9,94.19,2.61,51.5,9.29,34.66,0.9,0.9,95.21
2022-12-08,PLEIKU,14.005,108.017,7.48,21.89,27.08,18.64,19.97,21.86,89.44,15.59,94.21,2.92,60.1,7.69,34.01,0.91,0.91,95.48
2022-12-09,PLEIKU,14.005,108.017,1.41,20.73,26.05,17.63,18.3,20.73,87.24,14.01,94.19,2.38,58.6,9.62,33.26,0.89,0.9,89.42
2022-12-10,PLEIKU,14.005,108.017,9.61,20.27,25.61,17.02,18.54,20.29,90.57,14.24,94.23,2.09,64.7,9.35,33.41,0.91,0.9,91.23
2022-12-11,PLEIKU,14.005,108.017,8.31,19.59,24.77,16.42,17.7,19.61,89.74,13.48,94.3,1.97,68.6,7.64,34.06,0.91,0.9,97.34
2022-12-12,PLEIKU,14.005,108.017,12.65,17.55,23.77,13.57,15.66,17.55,89.68,11.87,94.39,2.15,45.9,6.18,32.03,0.92,0.91,91.86
2022-12-13,PLEIKU,14.005,108.017,0.08,16.46,22.73,12.31,13.58,16.48,84.6,10.34,94.41,2.23,40.4,12.1,29.68,0.89,0.9,54.08
2022-12-14,PLEIKU,14.005,108.017,0.0,17.37,23.65,13.51,14.2,17.39,82.72,10.78,94.4,2.47,38.5,11.05,31.32,0.89,0.9,66.88
2022-12-15,PLEIKU,14.005,108.017,0.06,19.16,25.18,15.47,16.33,19.21,85.02,12.39,94.2,1.91,44.8,14.38,32.15,0.89,0.89,72.97
2022-12-16,PLEIKU,14.005,108.017,2.23,21.58,27.32,17.6,19.34,21.62,88.25,14.99,94.22,2.03,54.9,11.04,33.76,0.88,0.89,94.4
2022-12-17,PLEIKU,14.005,108.017,7.81,19.04,25.78,14.57,16.4,18.97,85.0,12.58,94.48,4.29,44.5,7.91,32.26,0.89,0.89,97.14
2022-12-18,PLEIKU,14.005,108.017,3.9,15.85,19.29,13.68,13.32,15.84,85.33,10.13,94.44,4.04,46.6,8.29,31.05,0.88,0.89,84.09
2022-12-19,PLEIKU,14.005,108.017,0.39,17.64,22.39,15.32,15.04,17.67,85.61,11.36,94.27,2.79,51.4,10.87,31.61,0.88,0.88,82.53
2022-12-20,PLEIKU,14.005,108.017,0.52,20.35,25.18,17.29,18.11,20.36,87.93,13.85,94.18,2.09,56.5,11.29,32.98,0.88,0.88,85.57
2022-12-21,PLEIKU,14.005,108.017,1.23,19.93,26.38,15.89,17.49,19.93,86.75,13.36,94.18,2.56,52.1,9.51,33.04,0.87,0.88,89.7
2022-12-22,PLEIKU,14.005,108.017,0.02,17.99,24.84,12.35,15.02,18.01,84.37,11.41,94.22,2.05,45.7,10.86,31.83,0.87,0.87,90.21
2022-12-23,PLEIKU,14.005,108.017,0.27,16.89,23.02,13.36,13.98,16.94,84.63,10.6,94.37,2.19,49.9,14.66,30.25,0.87,0.87,75.79
2022-12-24,PLEIKU,14.005,108.017,0.23,16.83,21.68,13.9,13.81,16.82,83.44,10.45,94.5,2.87,54.3,10.58,30.88,0.86,0.86,93.24
2022-12-25,PLEIKU,14.005,108.017,0.14,16.07,20.64,13.27,13.57,16.11,86.4,10.27,94.65,2.09,52.9,11.64,30.07,0.86,0.86,90.57
2022-12-26,PLEIKU,14.005,108.017,0.59,17.77,23.49,14.1,15.13,17.79,86.25,11.38,94.66,2.17,54.9,14.61,30.36,0.86,0.86,96.86
2022-12-27,PLEIKU,14.005,108.017,0.65,17.68,23.33,13.96,15.16,17.73,86.8,11.41,94.62,2.02,49.8,12.99,30.94,0.86,0.85,79.03
2022-12-28,PLEIKU,14.005,108.017,2.45,18.99,24.7,15.96,16.47,19.03,87.02,12.41,94.62,1.88,52.2,12.5,31.98,0.86,0.85,82.11
2022-12-29,PLEIKU,14.005,108.017,5.36,19.6,25.3,16.42,17.52,19.61,88.84,13.26,94.68,2.66,53.0,8.44,33.09,0.86,0.86,88.99
2022-12-30,PLEIKU,14.005,108.017,0.68,18.28,23.43,15.36,15.3,18.26,83.52,11.51,94.72,3.08,49.5,8.96,31.85,0.86,0.85,97.28
2022-12-31,PLEIKU,14.005,108.017,0.32,18.1,22.63,16.02,14.67,18.11,81.16,11.03,94.67,2.8,42.0,10.17,32.03,0.85,0.85,98.76
2023-01-01,PLEIKU,14.005,108.017,0.45,18.75,23.76,15.87,15.62,18.76,82.69,11.76,94.59,2.81,41.2,7.51,31.62,0.85,0.85,89.47
2023-01-02,PLEIKU,14.005,108.017,0.46,19.46,25.15,15.95,16.7,19.47,84.98,12.61,94.63,2.51,38.7,9.65,32.74,0.85,0.84,81.84
2023-01-03,PLEIKU,14.005,108.017,1.74,19.26,24.5,16.61,16.63,19.27,85.57,12.54,94.57,3.08,45.5,8.72,32.41,0.85,0.84,96.19
2023-01-04,PLEIKU,14.005,108.017,3.13,19.56,23.02,17.84,17.59,19.54,88.7,13.34,94.52,3.06,47.3,8.81,32.54,0.85,0.84,98.13
2023-01-05,PLEIKU,14.005,108.017,4.45,19.48,23.4,17.35,17.41,19.42,88.2,13.19,94.54,3.45,44.4,4.96,32.08,0.85,0.84,99.39
2023-01-06,PLEIKU,14.005,108.017,2.38,18.26,22.02,15.95,15.47,18.21,83.94,11.67,94.49,3.79,37.4,5.83,31.91,0.85,0.84,99.14
2023-01-07,PLEIKU,14.005,108.017,6.15,17.8,21.12,15.8,15.92,17.79,89.2,12.01,94.37,3.0,42.7,7.21,32.09,0.86,0.85,99.83
2023-01-08,PLEIKU,14.005,108.017,10.22,20.33,23.55,18.45,19.13,20.33,93.11,14.73,94.41,2.09,53.9,5.68,33.19,0.87,0.85,99.62
2023-01-09,PLEIKU,14.005,108.017,3.9,20.89,24.98,18.32,19.55,20.88,92.55,15.12,94.45,1.99,65.8,6.43,33.78,0.86,0.86,98.49
2023-01-10,PLEIKU,14.005,108.017,9.4,20.81,25.78,17.06,18.87,20.83,89.65,14.51,94.37,1.74,71.9,9.98,33.58,0.88,0.86,87.67
2023-01-11,PLEIKU,14.005,108.017,17.39,21.64,27.25,17.56,19.4,21.64,88.49,15.03,94.26,1.21,82.1,11.47,33.74,0.9,0.87,83.99
2023-01-12,PLEIKU,14.005,108.017,0.62,21.85,26.87,18.6,19.31,21.52,86.54,14.92,94.25,0.91,149.8,13.76,34.4,0.86,0.87,82.06
2023-01-13,PLEIKU,14.005,108.017,1.52,23.13,27.87,19.31,20.74,22.46,87.53,16.34,94.19,1.17,269.4,10.52,34.09,0.86,0.86,74.11
2023-01-14,PLEIKU,14.005,108.017,0.05,22.54,29.12,16.33,19.56,21.96,84.95,15.23,94.05,1.15,315.6,20.47,31.06,0.85,0.85,34.36
2023-01-15,PLEIKU,14.005,108.017,0.13,21.6,28.29,16.83,17.75,21.55,81.57,13.56,94.17,1.65,48.3,20.85,30.3,0.85,0.84,22.65
2023-01-16,PLEIKU,14.005,108.017,1.3,19.73,26.01,15.96,17.0,19.76,85.83,12.87,94.45,2.26,53.7,12.53,32.11,0.85,0.84,78.94
2023-01-17,PLEIKU,14.005,108.017,1.72,18.88,24.56,15.56,16.26,18.88,85.98,12.26,94.59,2.84,51.8,9.9,32.14,0.84,0.84,95.92
2023-01-18,PLEIKU,14.005,108.017,1.1,17.57,22.19,14.69,14.73,17.57,84.33,11.09,94.61,2.88,44.9,10.06,31.37,0.84,0.84,93.87
2023-01-19,PLEIKU,14.005,108.017,0.64,17.88,23.78,14.52,15.01,17.91,84.21,11.32,94.53,2.67,52.4,10.41,32.01,0.84,0.83,81.31
2023-01-20,PLEIKU,14.005,108.017,0.03,18.57,24.73,14.69,15.41,18.62,83.03,11.63,94.51,2.58,48.1,12.8,31.33,0.83,0.83,92.33
2023-01-21,PLEIKU,14.005,108.017,0.06,20.65,26.37,17.23,17.89,20.71,85.43,13.65,94.33,2.18,55.2,10.57,32.72,0.83,0.83,92.84
2023-01-22,PLEIKU,14.005,108.017,0.01,21.8,27.86,17.88,18.97,21.84,85.34,14.63,94.23,1.86,62.9,12.89,33.94,0.83,0.82,85.13
2023-01-23,PLEIKU,14.005,108.017,0.76,22.04,27.93,18.31,19.24,22.07,85.61,14.86,94.27,2.22,67.5,12.75,34.06,0.83,0.82,83.5
2023-01-24,PLEIKU,14.005,108.017,4.88,18.99,26.17,14.7,16.58,18.95,86.58,12.64,94.45,3.67,53.7,7.15,32.83,0.83,0.82,97.42
2023-01-25,PLEIKU,14.005,108.017,0.81,17.13,22.0,14.03,14.53,17.17,85.78,10.97,94.38,2.73,51.6,7.59,31.28,0.83,0.82,84.04
2023-01-26,PLEIKU,14.005,108.017,0.27,19.69,25.85,15.98,16.83,19.76,85.11,12.76,94.32,2.14,63.6,15.08,32.81,0.82,0.82,73.24
2023-01-27,PLEIKU,14.005,108.017,3.67,19.29,25.86,14.91,16.43,19.29,84.58,12.45,94.39,3.24,48.2,10.82,32.57,0.82,0.82,85.62
2023-01-28,PLEIKU,14.005,108.017,2.51,16.17,21.37,13.16,13.29,16.18,83.77,10.14,94.45,3.48,47.2,8.17,31.31,0.82,0.82,81.98
2023-01-29,PLEIKU,14.005,108.017,0.43,15.32,20.51,11.91,11.82,15.35,80.21,9.2,94.56,3.5,46.7,8.95,30.6,0.82,0.81,68.62
2023-01-30,PLEIKU,14.005,108.017,0.0,15.96,22.32,12.03,12.25,16.06,80.19,9.45,94.45,2.47,51.2,11.74,30.18,0.82,0.81,60.68
2023-01-31,PLEIKU,14.005,108.017,0.0,19.68,26.35,15.29,16.76,19.76,84.84,12.74,94.26,1.74,70.5,13.4,31.66,0.81,0.81,89.01
2023-02-01,PLEIKU,14.005,108.017,0.26,21.97,28.32,17.97,19.14,22.05,85.45,14.78,94.22,1.71,74.6,16.96,33.81,0.81,0.8,74.75
2023-02-02,PLEIKU,14.005,108.017,0.75,22.64,28.67,18.4,19.99,22.67,86.14,15.58,94.31,2.43,74.2,8.46,34.84,0.81,0.8,87.76
2023-02-03,PLEIKU,14.005,108.017,0.08,21.63,27.35,18.01,18.49,21.66,84.09,14.15,94.34,2.27,69.7,12.99,33.9,0.8,0.8,96.93
2023-02-04,PLEIKU,14.005,108.017,0.11,21.99,28.46,17.24,18.99,22.02,84.91,14.64,94.23,2.02,77.2,16.39,32.6,0.8,0.79,58.4
2023-02-05,PLEIKU,14.005,108.017,0.0,21.87,28.82,16.74,18.63,21.93,83.98,14.31,94.24,1.7,81.2,19.23,31.51,0.8,0.79,54.53
2023-02-06,PLEIKU,14.005,108.017,0.0,22.41,29.18,17.56,19.01,22.42,83.55,14.68,94.19,1.46,90.8,20.8,31.55,0.79,0.78,32.52
2023-02-07,PLEIKU,14.005,108.017,0.0,22.79,29.44,18.6,19.13,22.83,82.4,14.76,94.25,1.61,86.4,21.08,32.0,0.79,0.78,37.75
2023-02-08,PLEIKU,14.005,108.017,0.0,22.53,28.83,18.17,19.25,22.56,83.8,14.87,94.24,1.83,79.3,19.04,32.63,0.78,0.78,55.99
2023-02-09,PLEIKU,14.005,108.017,0.0,22.75,29.23,18.4,19.45,22.79,83.93,15.05,94.25,1.68,92.3,18.48,32.12,0.78,0.77,39.67
2023-02-10,PLEIKU,14.005,108.017,0.0,21.5,28.68,16.33,17.79,21.47,82.44,13.57,94.29,1.64,82.3,21.64,30.34,0.78,0.77,33.07
2023-02-11,PLEIKU,14.005,108.017,0.0,22.57,30.27,17.63,18.91,22.4,82.5,14.6,94.23,1.29,71.4,22.03,31.42,0.78,0.77,27.11
2023-02-12,PLEIKU,14.005,108.017,0.0,23.91,31.33,18.42,19.88,23.89,81.17,15.49,94.26,1.06,111.6,21.36,32.3,0.77,0.76,58.03
2023-02-13,PLEIKU,14.005,108.017,0.01,24.23,31.51,19.63,19.44,24.13,78.24,15.1,94.24,1.02,104.7,21.16,32.83,0.77,0.76,68.57
2023-02-14,PLEIKU,14.005,108.017,2.94,22.18,28.05,18.45,19.23,22.2,84.97,14.84,94.31,1.85,77.8,16.12,34.04,0.77,0.76,75.87
2023-02-15,PLEIKU,14.005,108.017,6.14,20.49,25.78,17.32,17.73,20.49,85.43,13.47,94.51,3.58,68.7,6.22,33.81,0.79,0.77,94.24
2023-02-16,PLEIKU,14.005,108.017,1.51,19.6,24.92,16.67,16.4,19.64,83.29,12.35,94.6,3.31,58.4,10.54,32.38,0.77,0.77,84.39
2023-02-17,PLEIKU,14.005,108.017,1.34,20.38,26.56,16.33,17.35,20.44,84.41,13.15,94.47,2.45,56.6,12.09,32.32,0.77,0.76,77.01
2023-02-18,PLEIKU,14.005,108.017,0.56,21.53,28.13,16.94,18.0,21.63,82.67,13.72,94.38,1.73,58.2,15.96,33.0,0.77,0.76,73.7
2023-02-19,PLEIKU,14.005,108.017,0.74,20.37,27.11,16.48,16.71,20.44,81.62,12.63,94.39,2.25,43.8,13.21,32.69,0.76,0.75,83.39
2023-02-20,PLEIKU,14.005,108.017,0.97,19.53,25.8,15.57,16.14,19.6,82.76,12.17,94.44,2.47,50.5,12.69,32.21,0.76,0.75,72.02
2023-02-21,PLEIKU,14.005,108.017,0.82,19.59,26.06,15.35,16.12,19.65,82.2,12.14,94.55,2.6,55.1,13.13,32.17,0.76,0.75,84.6
2023-02-22,PLEIKU,14.005,108.017,1.97,19.76,25.64,16.35,17.15,19.81,86.27,12.98,94.49,2.43,59.1,12.18,32.61,0.76,0.75,77.6
2023-02-23,PLEIKU,14.005,108.017,0.42,19.63,26.8,13.83,16.28,19.73,82.99,12.32,94.39,2.11,60.9,15.19,31.29,0.76,0.75,54.25
2023-02-24,PLEIKU,14.005,108.017,0.05,18.83,25.77,14.99,14.28,18.91,77.54,10.77,94.55,2.69,50.7,19.55,30.62,0.75,0.74,49.02
2023-02-25,PLEIKU,14.005,108.017,2.36,19.38,24.73,16.62,15.52,19.45,80.11,11.65,94.79,3.74,51.3,14.75,32.57,0.75,0.74,78.93
2023-02-26,PLEIKU,14.005,108.017,2.04,18.1,22.34,15.63,14.64,18.14,81.41,10.99,94.88,3.88,49.7,10.44,32.03,0.75,0.74,80.54
2023-02-27,PLEIKU,14.005,108.017,3.05,19.6,24.88,16.81,16.71,19.69,84.74,12.58,94.77,3.18,55.1,11.96,32.23,0.75,0.74,77.42
2023-02-28,PLEIKU,14.005,108.017,2.37,20.12,25.56,16.42,17.43,20.19,85.89,13.19,94.69,2.74,61.0,12.71,32.06,0.75,0.74,65.42
2023-03-01,PLEIKU,14.005,108.017,0.88,20.45,27.43,15.84,16.98,20.56,82.52,12.82,94.72,2.66,58.8,13.64,32.55,0.74,0.74,70.7
2023-03-02,PLEIKU,14.005,108.017,0.1,18.97,25.59,15.14,14.67,19.05,78.19,11.04,94.76,3.12,53.8,16.24,30.44,0.74,0.73,44.18
2023-03-03,PLEIKU,14.005,108.017,0.21,19.67,25.91,15.49,15.79,19.77,81.0,11.85,94.84,2.59,59.2,18.86,31.38,0.73,0.73,74.04
2023-03-04,PLEIKU,14.005,108.017,0.38,18.83,25.04,15.29,14.84,18.94,80.03,11.14,94.86,2.92,59.5,15.04,31.13,0.73,0.72,56.51
2023-03-05,PLEIKU,14.005,108.017,0.39,19.16,25.66,14.94,15.41,19.27,81.32,11.57,94.75,2.63,60.5,13.15,32.24,0.73,0.72,70.1
2023-03-06,PLEIKU,14.005,108.017,0.21,19.05,25.84,14.72,15.09,19.19,80.72,11.34,94.65,2.26,61.4,20.01,30.71,0.72,0.72,48.33
2023-03-07,PLEIKU,14.005,108.017,0.02,18.38,26.29,12.72,14.21,18.52,79.95,10.73,94.64,2.25,60.9,19.76,29.31,0.72,0.71,33.91
2023-03-08,PLEIKU,14.005,108.017,0.07,19.6,27.8,14.42,15.03,19.74,78.6,11.32,94.57,2.15,62.0,24.56,29.6,0.72,0.71,31.35
2023-03-09,PLEIKU,14.005,108.017,0.13,19.72,26.86,14.75,15.81,19.87,80.75,11.91,94.52,2.41,59.3,17.19,31.83,0.71,0.71,56.67
2023-03-10,PLEIKU,14.005,108.017,0.05,20.19,27.75,14.52,16.06,20.36,80.19,12.11,94.43,1.92,71.6,20.81,31.24,0.71,0.71,46.32
2023-03-11,PLEIKU,14.005,108.017,0.0,20.23,28.22,14.58,15.41,20.41,77.71,11.62,94.48,1.88,69.9,20.54,30.85,0.71,0.7,43.95
2023-03-12,PLEIKU,14.005,108.017,0.65,20.85,28.08,15.48,16.65,21.03,79.79,12.57,94.51,2.46,57.6,17.61,32.76,0.7,0.7,71.48
2023-03-13,PLEIKU,14.005,108.017,1.08,20.08,26.53,16.11,16.36,20.25,81.55,12.33,94.44,2.9,58.6,12.77,33.19,0.7,0.7,84.17
2023-03-14,PLEIKU,14.005,108.017,0.34,20.19,27.12,15.21,16.62,20.36,82.37,12.56,94.32,2.28,71.0,11.98,32.44,0.7,0.7,70.52
2023-03-15,PLEIKU,14.005,108.017,0.37,21.77,29.03,17.26,16.76,21.98,77.26,12.71,94.41,1.98,80.7,21.51,31.67,0.7,0.69,62.76
2023-03-16,PLEIKU,14.005,108.017,0.09,21.79,29.52,15.74,17.15,22.01,78.45,12.99,94.47,2.15,75.1,22.61,31.28,0.69,0.69,67.11
2023-03-17,PLEIKU,14.005,108.017,0.0,22.29,30.87,16.66,16.19,22.52,73.82,12.29,94.36,1.85,73.9,25.17,31.34,0.69,0.69,34.5
2023-03-18,PLEIKU,14.005,108.017,0.0,22.63,31.62,16.11,16.95,22.87,75.04,12.87,94.28,1.88,78.7,21.79,31.96,0.68,0.68,51.4
2023-03-19,PLEIKU,14.005,108.017,0.0,23.08,31.39,17.36,17.74,23.25,76.55,13.57,94.19,1.67,89.6,24.47,31.04,0.68,0.68,49.18
2023-03-20,PLEIKU,14.005,108.017,0.0,23.7,32.26,17.99,18.06,23.74,75.69,13.87,94.1,1.25,88.9,22.45,31.73,0.68,0.68,36.6
2023-03-21,PLEIKU,14.005,108.017,0.0,25.72,33.57,19.41,18.1,24.84,65.96,13.9,94.03,1.08,224.0,23.73,32.57,0.67,0.68,32.31
2023-03-22,PLEIKU,14.005,108.017,0.0,26.45,34.08,21.09,19.4,25.71,68.85,15.13,93.93,1.2,302.5,23.77,33.33,0.67,0.67,15.69
2023-03-23,PLEIKU,14.005,108.017,0.0,27.1,34.47,21.73,20.65,26.56,71.21,16.33,93.96,0.86,204.5,21.19,34.42,0.67,0.67,77.67
2023-03-24,PLEIKU,14.005,108.017,0.01,26.4,33.91,20.64,21.07,26.58,76.06,16.72,94.05,1.23,108.0,20.89,33.74,0.67,0.67,79.09
2023-03-25,PLEIKU,14.005,108.017,0.01,26.09,34.82,19.98,18.8,26.2,69.3,14.56,94.08,1.18,107.0,23.07,33.35,0.66,0.67,60.92
2023-03-26,PLEIKU,14.005,108.017,0.0,26.53,34.3,21.1,20.44,26.85,73.07,16.08,94.06,1.51,97.7,19.9,35.01,0.66,0.66,68.62
2023-03-27,PLEIKU,14.005,108.017,0.05,25.86,33.43,20.7,20.19,26.2,74.55,15.79,94.2,1.86,96.1,22.21,34.8,0.66,0.66,61.51
2023-03-28,PLEIKU,14.005,108.017,0.88,24.45,32.08,18.89,19.51,24.75,77.59,15.1,94.33,2.06,83.9,16.28,34.26,0.66,0.66,90.65
2023-03-29,PLEIKU,14.005,108.017,0.91,24.57,32.1,19.52,19.5,24.8,77.3,15.15,94.25,1.43,74.7,17.48,34.36,0.67,0.66,83.45
2023-03-30,PLEIKU,14.005,108.017,0.5,25.14,32.49,20.45,19.61,25.48,75.41,15.27,94.11,1.25,82.6,17.28,34.25,0.66,0.66,71.76
2023-03-31,PLEIKU,14.005,108.017,0.21,24.96,31.9,20.47,20.3,25.2,77.95,15.91,94.14,1.12,90.4,17.01,34.5,0.66,0.66,55.64
2023-04-01,PLEIKU,14.005,108.017,0.01,25.57,33.87,19.77,19.15,25.83,72.58,14.89,94.09,1.18,105.8,19.44,34.16,0.65,0.66,65.35
2023-04-02,PLEIKU,14.005,108.017,0.01,26.0,34.17,20.28,18.67,26.26,69.53,14.5,94.01,1.02,123.5,20.42,34.48,0.65,0.65,56.12
2023-04-03,PLEIKU,14.005,108.017,0.04,26.19,33.99,20.44,20.18,26.47,73.62,15.83,94.02,1.23,169.2,22.49,33.94,0.65,0.65,50.31
2023-04-04,PLEIKU,14.005,108.017,0.03,27.46,35.25,22.16,20.81,27.77,71.6,16.53,93.94,0.98,182.1,23.98,34.29,0.64,0.65,26.89
2023-04-05,PLEIKU,14.005,108.017,0.0,26.14,31.14,21.94,21.64,26.05,78.12,17.31,94.03,0.92,238.4,20.49,34.46,0.65,0.65,42.42
2023-04-06,PLEIKU,14.005,108.017,1.88,26.56,34.49,20.35,20.61,26.79,74.34,16.26,94.11,1.07,78.6,20.85,33.78,0.66,0.65,28.62
2023-04-07,PLEIKU,14.005,108.017,2.31,25.44,33.84,19.59,19.1,25.71,73.42,14.76,94.35,1.96,91.4,23.86,32.97,0.66,0.65,34.21
2023-04-08,PLEIKU,14.005,108.017,0.05,24.45,32.35,19.14,18.73,24.73,74.58,14.37,94.49,2.21,72.7,22.49,32.86,0.65,0.65,33.86
2023-04-09,PLEIKU,14.005,108.017,0.03,25.37,32.46,20.88,19.64,25.69,74.08,15.26,94.34,2.16,70.9,17.64,34.38,0.64,0.65,67.28
2023-04-10,PLEIKU,14.005,108.017,0.25,25.8,33.24,20.74,20.56,26.07,76.21,16.16,94.18,1.65,94.1,16.99,35.14,0.64,0.64,66.21
2023-04-11,PLEIKU,14.005,108.017,0.97,26.49,34.03,21.09,20.79,26.66,74.87,16.44,94.1,0.82,102.9,18.12,35.07,0.64,0.64,66.07
2023-04-12,PLEIKU,14.005,108.017,2.12,26.86,34.1,21.77,21.64,27.08,77.28,17.38,94.07,1.25,86.6,16.92,35.75,0.65,0.64,65.83
2023-04-13,PLEIKU,14.005,108.017,1.34,26.8,33.71,21.68,21.74,27.08,77.29,17.43,94.05,1.15,110.1,18.36,35.75,0.65,0.64,57.63
2023-04-14,PLEIKU,14.005,108.017,1.74,27.16,33.95,22.51,22.55,27.35,78.97,18.34,93.98,0.96,124.5,15.8,36.01,0.65,0.65,65.57
2023-04-15,PLEIKU,14.005,108.017,5.72,26.15,31.68,22.3,22.9,26.23,84.13,18.72,93.95,1.26,85.8,12.21,36.06,0.68,0.65,97.18
2023-04-16,PLEIKU,14.005,108.017,2.75,24.94,29.76,21.5,22.19,24.83,85.94,17.91,94.06,1.0,91.5,13.62,35.09,0.69,0.66,99.17
2023-04-17,PLEIKU,14.005,108.017,0.63,26.33,31.55,21.92,21.58,26.18,77.33,17.25,94.13,0.9,129.4,16.09,35.19,0.66,0.66,46.25
2023-04-18,PLEIKU,14.005,108.017,0.0,26.44,31.08,22.69,22.49,26.41,80.46,18.22,94.06,1.33,254.8,19.03,35.36,0.66,0.66,23.24
2023-04-19,PLEIKU,14.005,108.017,0.0,26.67,32.68,22.65,22.02,26.84,78.19,17.75,93.77,1.68,259.8,20.63,35.15,0.65,0.65,28.41
2023-04-20,PLEIKU,14.005,108.017,0.01,26.89,32.86,22.49,22.25,27.0,77.97,18.02,93.7,1.77,261.9,21.66,34.98,0.64,0.65,35.88
2023-04-21,PLEIKU,14.005,108.017,2.26,26.86,31.51,23.91,22.42,26.43,77.89,18.19,93.81,1.42,268.7,22.64,34.9,0.65,0.65,68.08
2023-04-22,PLEIKU,14.005,108.017,1.74,27.21,32.89,22.84,22.67,27.27,78.79,18.47,93.94,1.18,147.8,21.77,35.14,0.66,0.65,75.72
2023-04-23,PLEIKU,14.005,108.017,2.95,25.6,32.36,20.06,20.27,25.62,75.99,15.9,94.14,1.18,94.8,24.12,33.76,0.66,0.65,72.48
2023-04-24,PLEIKU,14.005,108.017,3.91,26.19,35.12,20.37,19.33,26.46,72.24,15.08,94.19,1.41,73.8,23.53,33.73,0.68,0.65,50.3
2023-04-25,PLEIKU,14.005,108.017,0.15,25.69,33.44,19.94,19.36,25.95,71.99,15.01,94.11,2.31,72.2,24.16,33.64,0.64,0.65,62.43
2023-04-26,PLEIKU,14.005,108.017,0.75,25.78,32.73,20.93,20.25,26.08,74.67,15.86,94.09,2.28,64.7,17.75,34.49,0.63,0.64,84.5
2023-04-27,PLEIKU,14.005,108.017,0.31,25.78,32.93,20.84,20.22,26.09,74.84,15.82,94.16,2.22,73.5,19.62,34.24,0.63,0.64,44.95
2023-04-28,PLEIKU,14.005,108.017,0.03,26.64,35.03,20.29,19.88,26.99,71.23,15.52,94.09,1.88,83.3,22.89,34.08,0.62,0.64,68.37
2023-04-29,PLEIKU,14.005,108.017,0.0,26.65,35.47,20.49,18.49,27.03,67.03,14.32,94.05,2.05,74.3,24.04,33.66,0.61,0.63,74.19
2023-04-30,PLEIKU,14.005,108.017,0.04,25.87,34.21,19.6,18.84,26.24,69.44,14.52,94.09,2.47,68.4,22.58,33.45,0.61,0.63,58.53
2023-05-01,PLEIKU,14.005,108.017,0.01,25.83,34.16,20.01,18.58,26.22,69.42,14.32,94.16,2.47,73.5,21.9,33.43,0.6,0.62,35.99
2023-05-02,PLEIKU,14.005,108.017,0.0,26.46,34.63,21.09,18.65,26.85,68.3,14.47,94.23,2.32,81.8,24.57,33.0,0.6,0.62,19.67
2023-05-03,PLEIKU,14.005,108.017,0.0,27.62,36.35,21.58,19.65,28.06,67.14,15.32,94.14,1.59,85.3,25.25,33.96,0.59,0.62,21.38
2023-05-04,PLEIKU,14.005,108.017,0.03,28.58,36.86,23.2,20.17,28.94,64.55,15.88,93.89,0.85,113.8,24.31,35.22,0.58,0.62,18.12
2023-05-05,PLEIKU,14.005,108.017,0.02,27.41,33.08,23.22,21.17,27.56,71.07,16.9,93.69,1.16,2.1,22.37,35.26,0.59,0.62,21.22
2023-05-06,PLEIKU,14.005,108.017,0.0,28.86,33.23,24.55,22.51,28.46,70.33,18.4,93.62,1.21,253.4,21.87,36.07,0.59,0.62,48.07
2023-05-07,PLEIKU,14.005,108.017,3.22,26.14,30.35,22.64,22.55,25.97,81.82,18.34,93.71,1.36,287.2,21.07,35.54,0.62,0.62,75.54
2023-05-08,PLEIKU,14.005,108.017,5.19,26.36,33.02,21.52,22.02,26.52,80.09,17.75,93.91,1.59,44.4,16.99,34.78,0.66,0.62,99.09
2023-05-09,PLEIKU,14.005,108.017,7.86,25.86,32.15,21.41,21.55,26.09,80.3,17.25,93.97,1.34,67.0,11.71,35.58,0.68,0.64,94.41
2023-05-10,PLEIKU,14.005,108.017,6.13,25.82,31.85,22.31,22.17,25.97,82.83,17.88,94.08,0.89,99.7,14.83,35.46,0.68,0.64,94.73
2023-05-11,PLEIKU,14.005,108.017,13.35,25.83,29.94,22.87,23.05,25.8,85.99,18.86,94.17,0.83,145.0,13.74,35.31,0.75,0.66,97.33
2023-05-12,PLEIKU,14.005,108.017,13.57,24.74,28.65,22.48,22.42,24.77,88.01,18.1,94.25,1.11,122.0,18.27,35.35,0.74,0.67,92.38
2023-05-13,PLEIKU,14.005,108.017,7.81,25.18,28.53,22.55,22.89,25.14,88.32,18.68,94.18,1.13,52.5,17.91,35.63,0.75,0.69,80.4
2023-05-14,PLEIKU,14.005,108.017,23.67,25.64,29.47,22.66,23.66,25.6,89.96,19.62,94.13,0.84,236.3,11.25,36.33,0.82,0.72,93.64
2023-05-15,PLEIKU,14.005,108.017,0.94,24.57,28.39,21.39,21.75,24.37,85.36,17.39,94.2,1.27,294.8,20.06,34.92,0.74,0.72,61.13
2023-05-16,PLEIKU,14.005,108.017,3.31,25.01,29.26,22.22,22.42,24.92,86.78,18.11,94.19,1.62,250.0,22.98,34.93,0.73,0.71,74.51
2023-05-17,PLEIKU,14.005,108.017,1.73,25.25,29.21,22.5,22.68,25.18,86.83,18.4,94.17,1.57,251.2,22.01,34.78,0.72,0.7,63.6
2023-05-18,PLEIKU,14.005,108.017,0.1,25.16,29.35,22.11,22.66,25.08,87.16,18.39,94.07,1.51,246.2,23.28,34.48,0.7,0.69,51.41
2023-05-19,PLEIKU,14.005,108.017,1.4,26.66,31.99,23.03,22.81,26.55,81.6,18.62,93.92,1.37,245.8,22.35,35.2,0.69,0.68,30.02
2023-05-20,PLEIKU,14.005,108.017,4.92,25.54,29.51,22.72,23.27,25.49,88.22,19.12,94.01,1.33,238.3,20.38,35.57,0.72,0.68,54.37
2023-05-21,PLEIKU,14.005,108.017,1.04,25.32,30.37,21.87,22.43,25.35,85.48,18.13,94.13,1.52,243.5,22.36,34.89,0.69,0.68,66.2
2023-05-22,PLEIKU,14.005,108.017,0.03,25.25,29.55,21.69,22.08,25.25,83.64,17.74,94.13,1.75,242.7,22.75,34.64,0.68,0.67,47.62
2023-05-23,PLEIKU,14.005,108.017,0.77,26.1,31.6,21.84,22.25,26.1,81.26,17.95,94.07,1.48,253.8,20.48,35.09,0.67,0.67,64.74
2023-05-24,PLEIKU,14.005,108.017,3.45,26.48,32.05,22.58,22.5,26.58,81.22,18.24,94.1,1.29,218.1,19.32,35.71,0.68,0.66,82.12
2023-05-25,PLEIKU,14.005,108.017,32.18,24.76,28.57,22.34,22.7,24.64,89.17,18.44,94.12,1.31,234.4,19.93,35.23,0.83,0.7,73.35
2023-05-26,PLEIKU,14.005,108.017,22.3,25.01,29.23,21.79,22.57,24.83,87.5,18.35,94.05,0.93,233.1,19.63,34.76,0.84,0.74,54.28
2023-05-27,PLEIKU,14.005,108.017,10.82,25.29,30.83,21.19,21.9,25.33,83.57,17.62,93.88,0.77,85.6,19.11,35.05,0.79,0.74,62.84
2023-05-28,PLEIKU,14.005,108.017,15.88,24.74,28.93,21.51,22.33,24.7,87.66,18.09,93.86,1.28,75.9,18.9,34.43,0.82,0.75,43.97
2023-05-29,PLEIKU,14.005,108.017,24.92,26.15,31.33,22.6,22.62,26.15,83.06,18.43,93.9,0.98,205.0,21.03,35.86,0.83,0.75,75.01
2023-05-30,PLEIKU,14.005,108.017,22.06,24.16,27.46,22.18,23.01,24.19,93.56,18.84,93.87,1.5,234.3,17.69,35.23,0.87,0.79,84.23
2023-05-31,PLEIKU,14.005,108.017,1.5,25.39,30.06,22.53,22.86,25.43,87.21,18.68,93.81,1.87,259.8,18.35,35.74,0.79,0.78,86.95
2023-06-01,PLEIKU,14.005,108.017,4.2,25.36,29.43,22.65,22.83,25.41,87.04,18.64,93.8,1.71,250.0,20.76,35.49,0.77,0.75,72.33
2023-06-02,PLEIKU,14.005,108.017,11.06,24.95,28.29,22.86,23.29,24.97,91.05,19.14,93.92,1.61,247.5,18.66,35.42,0.81,0.76,68.33
2023-06-03,PLEIKU,14.005,108.017,10.09,25.02,28.65,22.78,23.5,25.01,91.73,19.38,93.97,1.49,244.2,16.81,35.42,0.81,0.76,73.18
2023-06-04,PLEIKU,14.005,108.017,3.64,24.17,27.35,21.95,22.69,24.17,91.93,18.47,93.87,1.64,258.3,18.58,35.03,0.78,0.75,67.03
2023-06-05,PLEIKU,14.005,108.017,56.89,24.43,27.68,22.34,22.94,24.42,91.88,18.77,93.75,1.65,254.0,14.32,35.48,0.86,0.76,97.08
2023-06-06,PLEIKU,14.005,108.017,19.56,23.25,25.09,22.0,22.22,23.27,94.11,17.94,93.85,1.86,243.8,14.77,35.01,0.89,0.81,98.52
2023-06-07,PLEIKU,14.005,108.017,8.75,24.27,28.27,22.1,22.53,24.3,90.69,18.27,93.95,2.03,247.6,18.31,34.93,0.84,0.81,97.32
2023-06-08,PLEIKU,14.005,108.017,5.21,23.8,26.8,22.35,22.21,23.84,91.33,17.92,93.91,1.76,251.0,18.17,34.92,0.81,0.79,95.31
2023-06-09,PLEIKU,14.005,108.017,2.55,23.58,26.49,21.9,22.26,23.59,92.63,18.0,93.78,2.32,253.9,16.08,35.39,0.8,0.78,97.27
2023-06-10,PLEIKU,14.005,108.017,10.76,24.48,28.23,22.02,22.61,24.5,90.04,18.42,93.7,2.78,252.1,15.37,35.6,0.81,0.77,96.36
2023-06-11,PLEIKU,14.005,108.017,24.44,23.56,26.88,21.77,22.21,23.58,92.54,17.95,93.77,2.08,256.5,18.41,35.15,0.88,0.79,86.34
2023-06-12,PLEIKU,14.005,108.017,10.15,24.29,27.69,22.0,22.58,24.32,90.8,18.35,93.86,2.37,243.1,17.08,34.98,0.84,0.8,94.84
2023-06-13,PLEIKU,14.005,108.017,10.09,24.06,27.38,22.07,22.13,24.1,89.71,17.82,93.96,2.18,257.7,17.79,35.22,0.83,0.79,88.17
2023-06-14,PLEIKU,14.005,108.017,3.04,24.47,27.94,22.29,22.5,24.51,89.63,18.22,94.04,1.99,252.9,16.89,35.08,0.8,0.79,98.29
2023-06-15,PLEIKU,14.005,108.017,4.26,24.56,27.88,22.53,23.0,24.59,91.67,18.8,93.98,1.47,266.7,17.66,35.21,0.8,0.78,97.68
2023-06-16,PLEIKU,14.005,108.017,3.27,24.09,27.42,21.72,22.65,24.06,92.13,18.41,93.97,1.34,270.6,18.91,35.06,0.8,0.78,84.31
2023-06-17,PLEIKU,14.005,108.017,2.09,24.39,27.2,22.2,23.06,24.37,92.56,18.87,94.02,1.4,232.1,20.11,35.03,0.79,0.77,68.22
2023-06-18,PLEIKU,14.005,108.017,2.82,23.33,25.89,21.56,21.77,23.34,91.37,17.41,94.05,1.62,252.5,20.99,34.72,0.79,0.77,51.04
2023-06-19,PLEIKU,14.005,108.017,2.18,24.57,28.17,22.29,22.96,24.58,91.34,18.75,93.97,1.47,261.4,23.76,34.41,0.79,0.77,28.24
2023-06-20,PLEIKU,14.005,108.017,0.08,24.97,29.13,22.48,22.62,25.01,87.71,18.37,94.0,1.67,260.8,21.63,35.11,0.77,0.76,54.99
2023-06-21,PLEIKU,14.005,108.017,0.29,25.05,28.97,22.51,22.9,25.05,88.66,18.67,94.05,1.64,259.8,21.15,35.18,0.77,0.76,43.65
2023-06-22,PLEIKU,14.005,108.017,1.28,24.91,28.76,22.31,22.67,24.91,88.36,18.42,94.02,1.55,258.1,20.85,34.85,0.77,0.75,47.44
2023-06-23,PLEIKU,14.005,108.017,3.73,25.32,29.03,22.59,23.06,24.96,87.93,18.9,93.89,1.33,260.6,22.0,34.87,0.78,0.75,74.25
2023-06-24,PLEIKU,14.005,108.017,4.42,24.79,28.53,21.83,22.92,24.81,89.96,18.75,93.86,1.39,247.1,21.42,34.71,0.79,0.76,86.19
2023-06-25,PLEIKU,14.005,108.017,0.08,24.66,28.6,21.6,22.44,24.67,88.08,18.21,93.85,1.41,248.4,20.46,35.17,0.77,0.76,82.98
2023-06-26,PLEIKU,14.005,108.017,2.28,25.18,29.32,22.16,22.18,24.98,84.68,17.93,93.91,1.12,245.6,20.08,34.69,0.77,0.75,95.55
2023-06-27,PLEIKU,14.005,108.017,1.34,25.46,30.13,22.07,22.54,25.35,85.48,18.31,94.01,0.86,150.3,21.09,35.0,0.77,0.75,61.28
2023-06-28,PLEIKU,14.005,108.017,12.37,26.18,31.7,22.32,22.14,26.15,81.17,17.89,94.02,0.84,200.7,22.91,35.08,0.79,0.75,60.86
2023-06-29,PLEIKU,14.005,108.017,31.95,25.32,29.3,22.82,23.37,25.33,89.85,19.25,93.93,1.5,247.4,19.5,35.44,0.89,0.79,78.53
2023-06-30,PLEIKU,14.005,108.017,3.1,24.69,28.59,22.34,22.8,24.69,90.01,18.57,93.95,1.62,240.8,13.48,35.48,0.81,0.79,76.87
2023-07-01,PLEIKU,14.005,108.017,0.77,24.7,28.66,22.16,22.61,24.72,88.95,18.35,94.05,1.56,241.0,19.4,35.45,0.79,0.78,89.22
2023-07-02,PLEIKU,14.005,108.017,0.9,23.79,26.44,21.8,22.24,23.78,91.47,17.92,94.12,1.26,236.0,16.71,34.99,0.79,0.77,95.84
2023-07-03,PLEIKU,14.005,108.017,0.03,24.2,27.43,22.24,22.43,24.21,90.36,18.12,94.11,1.57,248.0,19.76,34.71,0.78,0.77,86.14
2023-07-04,PLEIKU,14.005,108.017,0.57,24.92,29.4,21.82,22.16,24.91,86.0,17.85,94.06,1.13,278.6,20.77,34.49,0.77,0.76,44.74
2023-07-05,PLEIKU,14.005,108.017,3.69,25.22,29.59,22.06,22.32,25.13,85.38,18.06,94.04,0.68,115.6,21.14,34.53,0.78,0.76,63.05
2023-07-06,PLEIKU,14.005,108.017,1.35,26.43,32.28,22.12,21.92,26.44,79.36,17.63,94.09,1.15,233.4,23.33,34.51,0.77,0.75,68.87
2023-07-07,PLEIKU,14.005,108.017,2.26,26.04,30.85,22.45,22.65,26.02,83.38,18.41,94.11,0.91,215.3,20.87,35.04,0.77,0.75,37.98
2023-07-08,PLEIKU,14.005,108.017,19.59,26.1,31.16,22.6,22.64,26.0,83.27,18.42,94.11,0.94,232.6,20.84,35.09,0.8,0.75,58.75
2023-07-09,PLEIKU,14.005,108.017,21.4,25.15,29.19,22.2,23.09,25.18,89.25,18.91,94.11,1.23,261.4,20.27,34.8,0.88,0.79,52.63
2023-07-10,PLEIKU,14.005,108.017,1.0,25.45,29.79,22.1,22.57,25.31,85.54,18.34,94.04,1.16,277.2,22.55,34.48,0.8,0.79,39.45
2023-07-11,PLEIKU,14.005,108.017,1.52,25.07,29.13,22.43,22.95,25.09,88.92,18.73,94.05,1.32,269.4,20.54,35.2,0.79,0.78,72.01
2023-07-12,PLEIKU,14.005,108.017,1.55,25.26,28.92,22.44,23.15,25.16,88.95,18.98,94.01,1.32,280.9,21.41,35.04,0.79,0.77,57.7
2023-07-13,PLEIKU,14.005,108.017,0.44,25.74,29.77,23.15,23.32,25.73,87.45,19.19,93.9,1.45,244.8,20.79,35.4,0.78,0.76,79.93
2023-07-14,PLEIKU,14.005,108.017,14.01,24.76,28.24,22.68,23.18,24.76,91.36,19.04,93.83,2.19,247.3,21.39,35.43,0.82,0.77,83.92
2023-07-15,PLEIKU,14.005,108.017,29.38,23.68,26.8,21.55,22.28,23.69,92.16,18.03,93.71,2.37,260.6,19.82,34.41,0.86,0.79,85.33
2023-07-16,PLEIKU,14.005,108.017,41.31,23.03,25.02,21.66,22.53,23.01,96.9,18.37,93.46,2.42,245.9,12.01,34.83,0.93,0.84,98.19
2023-07-17,PLEIKU,14.005,108.017,49.66,23.48,25.22,22.03,22.62,23.47,94.98,18.47,93.46,2.67,244.1,14.41,35.25,0.96,0.88,99.61
2023-07-18,PLEIKU,14.005,108.017,14.63,22.92,24.62,21.81,21.88,22.92,94.03,17.61,93.66,2.15,244.4,16.03,34.72,0.91,0.89,94.95
2023-07-19,PLEIKU,14.005,108.017,3.41,24.73,28.52,22.52,22.87,24.77,90.19,18.73,93.66,1.61,247.7,15.28,35.39,0.86,0.86,70.55
2023-07-20,PLEIKU,14.005,108.017,14.08,24.03,27.14,22.09,22.18,23.95,90.01,17.93,93.77,1.29,250.4,17.67,35.57,0.88,0.84,65.41
2023-07-21,PLEIKU,14.005,108.017,7.64,25.06,29.2,21.7,22.91,25.06,88.91,18.75,93.95,1.23,93.7,21.43,34.83,0.87,0.85,69.41
2023-07-22,PLEIKU,14.005,108.017,2.04,24.55,29.04,21.36,22.0,24.45,86.94,17.68,94.11,1.08,97.6,13.66,34.91,0.84,0.84,94.4
2023-07-23,PLEIKU,14.005,108.017,20.14,25.38,30.93,21.35,21.92,25.28,83.43,17.65,93.99,1.03,209.7,14.61,35.66,0.88,0.84,89.68
2023-07-24,PLEIKU,14.005,108.017,15.6,24.09,28.39,21.31,22.24,24.13,90.24,17.98,93.88,1.53,230.2,17.63,35.38,0.89,0.86,84.85
2023-07-25,PLEIKU,14.005,108.017,15.78,23.91,27.68,21.4,22.1,23.96,90.41,17.81,93.88,1.66,245.0,16.69,35.38,0.89,0.86,90.15
2023-07-26,PLEIKU,14.005,108.017,22.31,23.94,27.78,22.06,22.32,23.97,91.22,18.06,93.79,2.4,250.0,15.76,35.53,0.9,0.87,84.72
2023-07-27,PLEIKU,14.005,108.017,17.45,24.08,27.06,22.61,23.07,24.08,94.26,18.95,93.66,2.43,250.5,21.55,34.92,0.91,0.88,80.99
2023-07-28,PLEIKU,14.005,108.017,13.12,24.09,26.07,22.87,23.22,24.1,94.93,19.13,93.57,2.28,243.1,17.32,35.68,0.9,0.88,87.01
2023-07-29,PLEIKU,14.005,108.017,14.17,23.95,26.08,22.0,23.08,23.94,94.93,18.95,93.69,2.49,247.0,15.52,35.7,0.91,0.89,78.25
2023-07-30,PLEIKU,14.005,108.017,13.84,24.3,27.74,22.12,22.86,24.33,92.09,18.67,93.82,2.49,248.6,16.84,35.57,0.9,0.89,88.49
2023-07-31,PLEIKU,14.005,108.017,30.43,23.26,25.03,21.56,22.23,23.26,94.09,17.95,93.91,2.44,255.2,13.09,34.92,0.94,0.9,98.48
2023-08-01,PLEIKU,14.005,108.017,24.01,22.88,25.28,21.57,21.82,22.89,93.89,17.49,93.93,2.3,253.3,13.41,34.69,0.93,0.91,99.55
2023-08-02,PLEIKU,14.005,108.017,38.91,22.81,25.49,21.3,21.35,22.84,91.8,16.98,93.95,2.54,258.8,8.02,34.77,0.95,0.93,99.89
2023-08-03,PLEIKU,14.005,108.017,22.95,24.41,28.3,21.43,22.49,24.44,89.79,18.23,93.97,3.01,243.5,9.83,35.81,0.94,0.93,99.45
2023-08-04,PLEIKU,14.005,108.017,3.29,22.64,25.16,21.44,21.37,22.66,92.75,16.95,94.22,2.62,251.3,13.14,34.81,0.91,0.92,94.9
2023-08-05,PLEIKU,14.005,108.017,5.12,24.6,28.46,22.24,22.61,24.65,89.54,18.34,94.11,2.64,253.0,15.28,35.25,0.9,0.91,77.15
2023-08-06,PLEIKU,14.005,108.017,4.5,24.37,27.19,22.4,22.66,24.39,90.68,18.43,93.9,2.75,248.9,16.41,35.33,0.9,0.91,79.11
2023-08-07,PLEIKU,14.005,108.017,2.19,24.64,28.36,22.26,22.58,24.67,89.02,18.34,93.87,2.69,255.1,18.78,35.02,0.89,0.9,63.83
2023-08-08,PLEIKU,14.005,108.017,1.3,24.38,28.34,22.17,21.96,24.42,87.51,17.64,94.01,2.35,254.0,19.34,35.25,0.89,0.89,67.55
2023-08-09,PLEIKU,14.005,108.017,0.93,24.26,28.9,21.6,21.96,24.29,88.18,17.61,94.11,2.02,261.9,19.06,34.72,0.88,0.89,78.7
2023-08-10,PLEIKU,14.005,108.017,0.72,25.24,29.69,22.47,22.79,25.29,87.46,18.56,94.0,1.9,255.0,22.44,34.41,0.88,0.88,32.92
2023-08-11,PLEIKU,14.005,108.017,8.27,25.31,28.92,22.92,23.26,25.34,89.27,19.12,93.89,2.0,250.3,20.72,35.68,0.89,0.88,75.48
2023-08-12,PLEIKU,14.005,108.017,5.08,24.24,26.74,22.72,23.19,24.24,94.01,19.04,93.88,1.91,245.2,18.18,35.08,0.89,0.89,85.15
2023-08-13,PLEIKU,14.005,108.017,1.12,24.4,27.65,22.39,22.68,24.41,90.64,18.45,93.9,2.08,247.8,20.12,35.5,0.88,0.89,74.21
2023-08-14,PLEIKU,14.005,108.017,3.63,24.9,28.29,22.77,23.07,24.92,90.24,18.89,93.93,1.91,249.5,20.25,35.59,0.88,0.88,65.33
2023-08-15,PLEIKU,14.005,108.017,4.26,24.45,27.33,22.49,23.15,24.45,92.84,18.96,94.01,1.71,250.8,21.7,34.88,0.88,0.88,59.21
2023-08-16,PLEIKU,14.005,108.017,1.94,25.03,29.11,22.11,23.05,25.06,89.66,18.86,94.01,1.53,257.6,19.61,34.81,0.88,0.88,36.02
2023-08-17,PLEIKU,14.005,108.017,3.55,25.04,28.86,22.42,23.2,25.03,90.31,19.05,93.93,1.48,244.3,20.07,35.43,0.88,0.88,62.6
2023-08-18,PLEIKU,14.005,108.017,3.28,24.79,27.99,22.57,23.32,24.82,91.96,19.2,93.84,1.62,248.6,20.17,35.24,0.88,0.88,41.73
2023-08-19,PLEIKU,14.005,108.017,6.54,25.75,30.02,22.87,23.54,25.77,88.6,19.47,93.79,1.36,219.6,20.49,35.32,0.88,0.88,76.5
2023-08-20,PLEIKU,14.005,108.017,5.78,24.75,28.21,22.38,23.31,24.75,92.14,19.18,93.88,1.73,247.2,18.09,35.42,0.89,0.88,88.54
2023-08-21,PLEIKU,14.005,108.017,7.14,23.88,27.37,21.79,22.15,23.91,90.73,17.83,94.02,1.65,245.3,19.0,35.12,0.89,0.88,81.85
2023-08-22,PLEIKU,14.005,108.017,5.9,24.51,28.49,22.22,22.3,24.57,88.58,18.02,93.96,1.82,254.5,18.24,35.4,0.89,0.88,81.95
2023-08-23,PLEIKU,14.005,108.017,8.21,24.56,28.36,22.02,22.67,24.6,90.03,18.45,93.89,1.99,248.9,18.91,35.56,0.89,0.88,79.36
2023-08-24,PLEIKU,14.005,108.017,7.9,23.39,27.28,20.92,21.51,23.41,89.85,17.16,93.94,1.63,241.9,17.6,35.2,0.9,0.89,83.4
2023-08-25,PLEIKU,14.005,108.017,0.61,24.08,27.44,22.11,22.48,24.08,91.23,18.21,93.96,1.62,259.4,20.71,34.99,0.88,0.88,73.37
2023-08-26,PLEIKU,14.005,108.017,3.21,24.17,26.96,21.99,22.74,24.18,92.01,18.52,93.9,2.07,249.6,20.17,35.03,0.88,0.88,79.61
2023-08-27,PLEIKU,14.005,108.017,2.92,24.27,27.38,22.48,22.88,24.28,92.34,18.7,93.75,2.01,257.5,18.91,35.14,0.88,0.88,75.8
2023-08-28,PLEIKU,14.005,108.017,9.93,22.68,25.36,19.74,21.3,22.67,92.17,17.0,93.73,2.2,260.6,17.95,34.94,0.89,0.88,91.02
2023-08-29,PLEIKU,14.005,108.017,10.81,22.93,24.8,21.03,22.18,22.94,95.55,17.92,93.76,1.64,258.0,15.48,35.11,0.91,0.89,96.04
2023-08-30,PLEIKU,14.005,108.017,3.43,22.83,25.86,20.81,21.33,22.86,91.69,16.99,93.84,1.88,261.6,15.18,35.24,0.89,0.89,98.16
2023-08-31,PLEIKU,14.005,108.017,20.24,23.36,25.46,22.09,22.39,23.36,94.42,18.14,93.79,2.03,251.1,10.4,35.23,0.92,0.9,99.82
2023-09-01,PLEIKU,14.005,108.017,14.63,23.96,26.36,22.37,23.07,23.96,94.88,18.93,93.75,1.89,242.4,16.77,35.22,0.93,0.91,93.41
2023-09-02,PLEIKU,14.005,108.017,8.91,24.64,28.38,22.48,22.7,24.68,89.81,18.53,93.64,1.9,249.7,18.19,35.71,0.9,0.91,81.98
2023-09-03,PLEIKU,14.005,108.017,30.56,24.91,28.64,22.44,23.29,24.91,91.35,19.23,93.58,1.71,236.8,16.91,35.9,0.93,0.91,78.43
2023-09-04,PLEIKU,14.005,108.017,39.9,25.36,29.49,22.8,23.47,25.29,90.09,19.43,93.69,1.37,234.5,15.53,35.8,0.97,0.94,97.56
2023-09-05,PLEIKU,14.005,108.017,52.25,24.16,26.98,22.28,23.2,24.15,94.6,19.05,93.9,1.61,246.6,11.15,35.32,0.97,0.96,96.11
2023-09-06,PLEIKU,14.005,108.017,5.12,23.89,26.79,21.78,22.66,23.74,93.05,18.4,94.01,1.3,264.4,16.93,34.65,0.94,0.96,95.93
2023-09-07,PLEIKU,14.005,108.017,2.81,24.37,27.84,22.18,23.11,24.36,93.11,18.93,94.0,1.31,256.8,18.44,35.34,0.93,0.95,89.73
2023-09-08,PLEIKU,14.005,108.017,3.4,24.31,27.63,21.8,22.82,24.16,91.8,18.6,94.0,1.39,230.8,18.35,34.88,0.93,0.94,92.17
2023-09-09,PLEIKU,14.005,108.017,26.27,25.0,28.65,22.78,23.22,25.03,90.67,19.09,93.86,1.58,244.5,20.14,35.24,0.95,0.94,89.22
2023-09-10,PLEIKU,14.005,108.017,32.55,23.34,26.27,21.69,22.41,23.34,94.67,18.13,93.98,2.0,235.5,16.98,34.3,0.97,0.96,98.71
2023-09-11,PLEIKU,14.005,108.017,5.21,24.17,27.3,22.19,22.73,24.19,92.14,18.5,93.99,2.19,248.4,15.62,34.64,0.94,0.96,99.42
2023-09-12,PLEIKU,14.005,108.017,6.75,23.57,26.25,22.1,22.19,23.59,92.38,17.88,94.03,2.22,257.1,12.47,35.08,0.94,0.95,99.22
2023-09-13,PLEIKU,14.005,108.017,6.62,23.34,26.21,21.42,22.06,23.36,92.84,17.74,93.98,2.36,253.5,15.48,35.15,0.94,0.95,96.86
2023-09-14,PLEIKU,14.005,108.017,26.84,22.83,25.59,21.41,21.63,22.84,93.23,17.28,93.95,2.0,248.4,14.21,34.81,0.96,0.95,98.68
2023-09-15,PLEIKU,14.005,108.017,23.18,23.41,26.13,21.76,22.22,23.44,93.35,17.92,94.0,1.84,238.0,15.39,34.8,0.97,0.97,98.74
2023-09-16,PLEIKU,14.005,108.017,1.82,24.12,27.76,21.56,22.48,23.9,91.16,18.21,94.05,1.08,251.5,14.1,35.0,0.94,0.97,99.38
2023-09-17,PLEIKU,14.005,108.017,1.37,24.12,27.69,21.49,22.43,24.03,90.96,18.15,94.06,0.99,260.6,12.36,34.77,0.94,0.96,97.56
2023-09-18,PLEIKU,14.005,108.017,2.32,24.83,28.93,21.71,22.51,24.66,87.94,18.23,94.18,0.98,14.5,16.94,34.57,0.94,0.96,72.05
2023-09-19,PLEIKU,14.005,108.017,2.76,25.03,29.72,21.67,22.39,24.99,86.75,18.1,94.19,0.99,83.7,19.95,34.49,0.94,0.96,79.83
2023-09-20,PLEIKU,14.005,108.017,1.09,25.29,31.15,21.49,22.13,25.33,84.64,17.83,94.1,1.2,92.9,21.43,34.49,0.93,0.95,52.84
2023-09-21,PLEIKU,14.005,108.017,10.54,25.17,30.64,21.32,22.47,25.23,86.65,18.2,94.11,1.22,78.9,20.07,34.01,0.94,0.95,37.04
2023-09-22,PLEIKU,14.005,108.017,13.52,25.35,30.67,21.71,22.24,25.33,85.04,17.97,94.06,1.12,78.6,21.6,34.08,0.95,0.96,37.04
2023-09-23,PLEIKU,14.005,108.017,11.21,24.73,29.27,20.79,22.21,24.5,87.44,18.0,94.01,0.62,39.1,15.87,34.23,0.94,0.96,95.5
2023-09-24,PLEIKU,14.005,108.017,12.35,24.11,28.38,21.66,21.64,24.06,87.47,17.37,93.81,0.93,298.6,3.62,34.34,0.95,0.96,99.21
2023-09-25,PLEIKU,14.005,108.017,24.83,23.01,25.59,21.74,22.12,23.0,94.86,17.88,93.6,2.17,228.9,6.81,34.76,0.97,0.98,99.31
2023-09-26,PLEIKU,14.005,108.017,12.21,23.56,27.49,21.58,22.19,23.58,92.52,17.92,93.83,1.84,228.0,16.57,34.92,0.95,0.97,86.65
2023-09-27,PLEIKU,14.005,108.017,6.33,24.75,29.05,22.21,22.18,24.44,86.71,17.92,93.99,0.97,284.0,17.07,35.0,0.95,0.97,97.07
2023-09-28,PLEIKU,14.005,108.017,1.29,23.47,25.34,21.93,22.73,23.38,95.64,18.47,94.12,1.32,241.3,14.79,34.65,0.94,0.97,91.08
2023-09-29,PLEIKU,14.005,108.017,27.21,23.82,27.08,20.85,22.5,23.81,92.7,18.21,94.2,0.94,345.1,18.42,34.57,0.96,0.97,86.59
2023-09-30,PLEIKU,14.005,108.017,21.11,24.92,28.42,21.56,22.14,24.63,85.7,17.85,94.13,0.56,307.1,19.31,34.26,0.97,0.98,59.99
2023-10-01,PLEIKU,14.005,108.017,13.94,25.0,30.04,21.62,22.45,24.99,87.34,18.2,94.04,0.89,53.1,16.22,34.99,0.96,0.98,86.34
2023-10-02,PLEIKU,14.005,108.017,18.29,23.51,26.76,21.07,22.22,23.5,92.82,17.92,94.05,1.24,37.1,15.67,34.82,0.97,0.98,89.68
2023-10-03,PLEIKU,14.005,108.017,3.84,24.34,28.24,21.54,22.58,24.26,90.62,18.32,94.09,0.91,57.3,12.68,34.67,0.96,0.98,94.15
2023-10-04,PLEIKU,14.005,108.017,2.34,25.78,31.1,22.17,23.06,25.58,86.49,18.92,94.1,0.63,244.0,16.08,35.57,0.95,0.98,80.13
2023-10-05,PLEIKU,14.005,108.017,6.48,24.91,28.65,22.2,22.9,24.72,89.71,18.75,94.08,0.8,227.5,15.72,35.49,0.95,0.98,79.22
2023-10-06,PLEIKU,14.005,108.017,10.68,23.99,27.1,21.9,22.65,23.97,92.63,18.37,94.14,1.24,249.7,14.57,35.53,0.96,0.98,91.95
2023-10-07,PLEIKU,14.005,108.017,6.13,23.67,26.84,21.27,22.42,23.51,92.94,18.11,94.23,1.24,285.7,15.34,34.65,0.96,0.98,98.85
2023-10-08,PLEIKU,14.005,108.017,21.4,24.0,28.64,21.15,21.62,24.01,87.9,17.24,94.3,1.32,296.8,14.31,34.79,0.96,0.98,98.92
2023-10-09,PLEIKU,14.005,108.017,32.51,24.33,28.32,21.27,22.59,24.32,90.77,18.3,94.28,1.13,44.7,8.31,34.67,0.98,0.99,89.19
2023-10-10,PLEIKU,14.005,108.017,8.94,24.32,29.07,21.42,22.39,24.36,89.89,18.07,94.26,1.37,52.8,12.81,34.79,0.97,0.99,86.87
2023-10-11,PLEIKU,14.005,108.017,3.15,24.05,27.98,21.68,22.44,24.05,91.2,18.12,94.29,1.67,42.6,15.75,34.75,0.96,0.99,87.57
2023-10-12,PLEIKU,14.005,108.017,8.61,23.43,26.59,21.4,22.02,23.31,92.11,17.64,94.32,1.07,64.8,15.31,34.19,0.96,0.99,85.11
2023-10-13,PLEIKU,14.005,108.017,9.46,23.15,27.36,20.25,21.23,23.16,89.99,16.83,94.26,1.19,53.6,13.22,34.23,0.96,0.99,97.23
2023-10-14,PLEIKU,14.005,108.017,9.58,24.15,27.89,21.74,22.33,24.15,90.61,18.09,94.03,0.87,295.8,12.59,35.24,0.96,0.99,93.7
2023-10-15,PLEIKU,14.005,108.017,28.64,23.53,26.58,21.18,22.48,23.45,94.15,18.24,93.99,0.86,296.7,6.71,34.95,0.98,0.99,99.66
2023-10-16,PLEIKU,14.005,108.017,17.25,23.77,26.42,21.59,22.77,23.73,94.37,18.54,94.06,1.17,271.0,4.49,34.81,0.98,1.0,99.3
2023-10-17,PLEIKU,14.005,108.017,14.38,23.64,26.27,21.95,22.69,23.66,94.57,18.43,94.1,1.6,241.9,6.53,34.96,0.98,1.0,99.62
2023-10-18,PLEIKU,14.005,108.017,0.58,23.39,26.66,21.34,22.47,23.33,94.76,18.16,94.21,1.41,250.8,14.78,34.5,0.97,1.0,98.26
2023-10-19,PLEIKU,14.005,108.017,10.74,24.74,29.19,21.62,22.6,24.68,89.01,18.31,94.28,0.87,25.6,17.32,34.93,0.97,0.99,92.26
2023-10-20,PLEIKU,14.005,108.017,8.9,23.82,28.54,20.55,22.23,23.83,91.59,17.9,94.33,1.5,72.5,17.0,34.28,0.97,1.0,64.75
2023-10-21,PLEIKU,14.005,108.017,11.71,22.74,26.44,19.48,21.4,22.74,92.54,16.98,94.47,1.58,49.0,14.95,33.95,0.97,1.0,73.07
2023-10-22,PLEIKU,14.005,108.017,2.8,24.02,29.67,20.49,21.3,24.05,86.51,16.87,94.42,1.2,47.1,18.9,33.87,0.96,0.99,54.05
2023-10-23,PLEIKU,14.005,108.017,20.73,23.62,26.72,21.66,21.95,23.6,90.96,17.6,94.25,1.16,299.6,16.97,34.17,0.98,1.0,77.29
2023-10-24,PLEIKU,14.005,108.017,4.5,22.77,24.66,21.39,22.09,22.74,96.01,17.74,94.24,1.16,162.0,16.88,34.31,0.97,0.99,65.66
2023-10-25,PLEIKU,14.005,108.017,0.55,24.14,27.67,21.66,22.02,23.84,88.76,17.65,94.32,0.7,158.7,12.88,34.23,0.96,0.99,88.32
2023-10-26,PLEIKU,14.005,108.017,1.03,24.56,29.35,21.55,22.32,24.39,88.56,18.04,94.32,0.62,108.7,16.79,34.64,0.96,0.99,52.19
2023-10-27,PLEIKU,14.005,108.017,6.82,24.2,28.26,20.69,22.04,24.11,88.75,17.71,94.28,0.95,43.9,17.43,34.21,0.96,0.99,42.5
2023-10-28,PLEIKU,14.005,108.017,0.81,23.76,28.38,20.45,21.47,23.77,88.19,17.08,94.26,1.33,70.1,19.15,33.65,0.95,0.98,53.24
2023-10-29,PLEIKU,14.005,108.017,7.54,24.1,28.99,20.84,21.87,24.11,88.46,17.5,94.26,1.7,59.6,16.47,34.22,0.95,0.98,84.72
2023-10-30,PLEIKU,14.005,108.017,14.38,22.89,26.06,21.35,21.48,22.88,92.21,17.05,94.32,2.28,54.4,5.69,34.06,0.96,0.98,94.28
2023-10-31,PLEIKU,14.005,108.017,43.86,23.26,25.88,21.48,22.54,23.2,95.75,18.23,94.37,2.32,59.8,3.24,34.98,0.98,0.99,99.62
2023-11-01,PLEIKU,14.005,108.017,12.49,22.52,25.26,20.62,21.64,22.5,94.83,17.23,94.34,1.97,53.0,9.98,34.93,0.97,0.99,97.54
2023-11-02,PLEIKU,14.005,108.017,3.86,23.13,26.51,20.5,22.05,23.13,93.93,17.71,94.27,1.41,61.6,14.05,34.37,0.97,0.99,89.27
2023-11-03,PLEIKU,14.005,108.017,0.58,23.83,28.56,20.34,21.72,23.86,88.97,17.36,94.17,1.41,75.2,15.27,33.83,0.96,0.99,57.32
2023-11-04,PLEIKU,14.005,108.017,1.14,24.13,29.52,20.14,21.57,24.17,87.1,17.21,94.19,1.23,66.7,15.67,33.94,0.95,0.98,50.35
2023-11-05,PLEIKU,14.005,108.017,4.35,24.22,28.66,20.62,22.26,24.26,89.71,17.95,94.28,1.25,49.2,16.58,33.79,0.95,0.98,44.5
2023-11-06,PLEIKU,14.005,108.017,4.72,23.86,29.05,20.38,21.68,23.88,88.65,17.29,94.34,1.8,65.9,18.05,34.1,0.95,0.98,80.4
2023-11-07,PLEIKU,14.005,108.017,5.27,22.59,27.01,19.75,20.61,22.6,89.5,16.18,94.32,1.94,56.4,12.25,34.09,0.95,0.98,96.37
2023-11-08,PLEIKU,14.005,108.017,3.21,23.04,26.76,20.82,21.42,23.05,91.22,17.01,94.3,1.77,73.6,17.18,33.75,0.95,0.97,88.32
2023-11-09,PLEIKU,14.005,108.017,4.61,24.25,29.42,21.23,21.97,24.27,88.41,17.6,94.34,1.35,81.7,15.6,34.12,0.94,0.97,71.14
2023-11-10,PLEIKU,14.005,108.017,2.73,23.59,27.87,20.96,21.79,23.58,90.52,17.38,94.43,1.45,63.3,8.82,34.24,0.94,0.97,86.21
2023-11-11,PLEIKU,14.005,108.017,0.72,23.22,28.69,19.21,21.03,23.23,88.51,16.59,94.48,1.87,67.8,14.77,33.4,0.93,0.96,51.89
2023-11-12,PLEIKU,14.005,108.017,4.5,23.49,28.12,20.94,21.18,23.5,87.94,16.72,94.47,2.15,58.3,14.04,34.37,0.93,0.96,61.64
2023-11-13,PLEIKU,14.005,108.017,17.24,23.21,25.2,22.04,22.38,23.15,95.04,18.0,94.48,2.98,64.4,5.9,34.85,0.95,0.96,94.99
2023-11-14,PLEIKU,14.005,108.017,15.0,23.33,26.54,21.75,22.1,23.3,93.15,17.7,94.48,2.29,65.0,8.71,34.72,0.95,0.97,84.34
2023-11-15,PLEIKU,14.005,108.017,13.03,23.18,25.78,21.66,22.22,23.13,94.43,17.81,94.58,2.42,68.2,8.01,34.95,0.96,0.97,92.32
2023-11-16,PLEIKU,14.005,108.017,15.59,22.63,26.95,18.64,20.92,22.55,90.33,16.5,94.67,3.51,52.6,10.14,34.85,0.96,0.97,98.5
2023-11-17,PLEIKU,14.005,108.017,3.98,18.91,24.06,15.81,16.31,18.88,85.41,12.33,94.71,3.31,43.5,9.32,32.52,0.94,0.97,88.35
2023-11-18,PLEIKU,14.005,108.017,0.01,19.62,24.8,16.53,16.69,19.61,84.14,12.59,94.62,2.72,48.5,12.72,32.57,0.94,0.96,83.39
2023-11-19,PLEIKU,14.005,108.017,0.57,20.62,26.22,17.02,17.93,20.61,85.68,13.65,94.47,2.36,50.9,11.26,32.95,0.93,0.95,79.49
2023-11-20,PLEIKU,14.005,108.017,0.67,20.71,26.65,16.52,18.21,20.71,86.67,13.92,94.45,2.33,52.3,10.69,32.67,0.93,0.95,82.64
2023-11-21,PLEIKU,14.005,108.017,0.02,20.65,26.23,17.0,18.06,20.67,86.51,13.79,94.29,2.03,57.4,16.43,31.97,0.92,0.94,59.94
2023-11-22,PLEIKU,14.005,108.017,0.7,21.86,27.41,18.31,19.31,21.88,86.84,14.92,94.25,1.97,60.8,11.88,33.54,0.92,0.94,92.87
2023-11-23,PLEIKU,14.005,108.017,0.67,21.3,26.45,17.94,18.45,21.29,84.65,14.15,94.32,2.74,55.9,14.55,32.61,0.91,0.93,80.21
2023-11-24,PLEIKU,14.005,108.017,0.38,19.95,23.07,17.94,17.38,19.92,85.8,13.18,94.41,2.53,47.6,14.69,32.41,0.91,0.93,90.75
2023-11-25,PLEIKU,14.005,108.017,6.92,22.57,27.17,19.64,20.78,22.58,90.31,16.35,94.39,2.4,60.1,8.68,34.39,0.92,0.93,97.12
2023-11-26,PLEIKU,14.005,108.017,3.01,21.58,26.13,18.15,19.68,21.54,89.15,15.32,94.43,2.84,59.8,7.18,33.85,0.91,0.93,95.36
2023-11-27,PLEIKU,14.005,108.017,0.03,20.25,25.6,17.02,16.98,20.23,82.39,12.86,94.36,2.84,46.2,14.55,32.06,0.9,0.92,74.64
2023-11-28,PLEIKU,14.005,108.017,0.61,21.32,26.41,18.68,18.67,21.33,85.95,14.32,94.31,2.43,51.8,12.38,33.67,0.9,0.91,83.53
2023-11-29,PLEIKU,14.005,108.017,2.46,23.02,28.25,19.83,20.85,23.04,88.58,16.41,94.36,2.22,60.7,9.62,34.48,0.9,0.91,81.5
2023-11-30,PLEIKU,14.005,108.017,2.01,23.17,26.57,21.16,21.58,23.15,91.08,17.15,94.41,2.53,65.6,7.28,34.9,0.9,0.91,93.79
2023-12-01,PLEIKU,14.005,108.017,1.35,23.83,27.88,21.32,21.62,23.8,88.04,17.21,94.33,2.91,69.0,8.32,35.19,0.9,0.9,97.72
2023-12-02,PLEIKU,14.005,108.017,2.83,22.97,26.85,21.0,20.97,22.95,89.12,16.5,94.44,2.68,68.6,8.88,34.69,0.89,0.9,98.7
2023-12-03,PLEIKU,14.005,108.017,4.49,22.43,26.01,20.02,21.08,22.4,92.46,16.64,94.4,2.31,69.4,8.51,34.25,0.9,0.9,93.19
2023-12-04,PLEIKU,14.005,108.017,4.24,22.33,26.29,19.66,20.73,22.33,91.24,16.29,94.34,1.86,67.0,9.86,34.39,0.9,0.9,82.48
2023-12-05,PLEIKU,14.005,108.017,1.32,22.74,28.2,19.0,20.49,22.75,88.37,16.06,94.34,1.87,64.6,11.63,33.75,0.89,0.9,82.21
2023-12-06,PLEIKU,14.005,108.017,2.01,22.2,27.96,19.13,19.92,22.2,87.97,15.48,94.42,2.34,59.5,13.32,33.35,0.89,0.89,83.26
2023-12-07,PLEIKU,14.005,108.017,2.0,21.67,27.38,17.81,19.55,21.67,88.84,15.15,94.4,2.14,63.1,8.48,33.93,0.89,0.89,87.92
2023-12-08,PLEIKU,14.005,108.017,0.05,22.28,28.62,18.24,19.49,22.33,85.9,15.09,94.36,1.36,70.2,13.12,32.57,0.88,0.88,90.38
2023-12-09,PLEIKU,14.005,108.017,0.0,22.24,28.89,17.59,19.07,22.2,84.4,14.73,94.23,1.38,82.4,17.53,31.82,0.88,0.88,36.84
2023-12-10,PLEIKU,14.005,108.017,0.3,22.61,29.1,18.48,19.25,22.55,83.79,14.88,94.23,1.25,87.5,19.71,31.26,0.87,0.87,23.76
2023-12-11,PLEIKU,14.005,108.017,0.28,22.1,27.42,18.79,19.59,22.09,87.35,15.18,94.32,1.62,72.1,19.59,31.59,0.87,0.87,35.17
2023-12-12,PLEIKU,14.005,108.017,0.01,22.15,27.69,18.64,19.47,22.15,86.22,15.05,94.34,2.1,64.8,14.41,32.93,0.87,0.87,62.61
2023-12-13,PLEIKU,14.005,108.017,0.0,22.12,27.54,18.6,19.44,22.11,86.07,15.0,94.48,2.28,63.6,11.41,33.65,0.86,0.86,76.52
2023-12-14,PLEIKU,14.005,108.017,0.03,23.19,28.84,19.31,20.59,23.2,86.64,16.14,94.46,1.93,64.3,15.23,33.18,0.86,0.86,64.36
2023-12-15,PLEIKU,14.005,108.017,0.54,23.01,28.9,18.65,20.15,23.01,85.62,15.72,94.39,1.72,56.7,16.01,32.7,0.86,0.85,57.87
2023-12-16,PLEIKU,14.005,108.017,2.44,22.68,27.96,20.0,20.19,22.69,87.02,15.73,94.44,2.4,56.6,12.47,33.66,0.86,0.85,65.02
2023-12-17,PLEIKU,14.005,108.017,4.84,22.43,26.98,19.72,20.31,22.4,88.76,15.84,94.48,3.1,66.3,10.22,34.05,0.86,0.85,77.64
2023-12-18,PLEIKU,14.005,108.017,1.13,22.13,27.25,19.48,19.59,22.1,86.47,15.14,94.5,2.68,58.0,14.98,33.08,0.86,0.85,57.41
2023-12-19,PLEIKU,14.005,108.017,1.22,22.45,27.47,19.51,19.43,22.42,84.34,14.99,94.5,2.76,50.5,12.95,33.55,0.85,0.85,58.24
2023-12-20,PLEIKU,14.005,108.017,4.56,20.03,25.17,16.66,17.59,19.98,86.4,13.39,94.51,3.67,48.3,9.26,32.77,0.86,0.85,84.41
2023-12-21,PLEIKU,14.005,108.017,6.14,18.35,23.5,15.72,15.58,18.32,84.65,11.73,94.64,3.95,44.3,8.48,31.52,0.86,0.85,85.2
2023-12-22,PLEIKU,14.005,108.017,4.8,17.52,22.18,14.72,14.68,17.51,84.04,11.05,94.76,4.46,45.8,9.54,30.89,0.86,0.85,94.42
2023-12-23,PLEIKU,14.005,108.017,4.79,18.55,23.07,16.28,15.96,18.54,85.54,11.99,94.79,3.96,44.9,11.54,31.71,0.86,0.85,76.51
2023-12-24,PLEIKU,14.005,108.017,3.19,18.07,22.86,14.44,15.67,18.0,86.05,11.84,94.86,3.6,47.0,10.69,32.03,0.86,0.85,84.93
2023-12-25,PLEIKU,14.005,108.017,0.97,18.14,22.53,15.51,15.5,18.17,85.49,11.64,94.8,2.98,52.8,10.56,32.09,0.85,0.85,85.24
2023-12-26,PLEIKU,14.005,108.017,0.65,19.97,25.11,17.35,17.38,19.97,86.32,13.13,94.79,2.59,52.8,9.94,32.73,0.85,0.84,74.46
2023-12-27,PLEIKU,14.005,108.017,0.88,21.75,26.93,19.26,19.2,21.74,86.5,14.74,94.72,2.61,53.5,10.73,33.4,0.84,0.84,71.65
2023-12-28,PLEIKU,14.005,108.017,0.8,22.16,27.76,18.87,19.76,22.16,87.38,15.3,94.57,2.31,60.4,10.85,33.68,0.84,0.83,65.02
2023-12-29,PLEIKU,14.005,108.017,1.05,22.64,28.44,19.08,20.11,22.66,86.93,15.66,94.46,2.15,63.3,9.83,34.04,0.84,0.83,66.34
2023-12-30,PLEIKU,14.005,108.017,1.15,22.1,27.98,18.37,19.59,22.12,87.14,15.16,94.4,1.93,59.2,12.36,33.37,0.84,0.83,62.44
2023-12-31,PLEIKU,14.005,108.017,1.69,22.02,28.02,18.13,19.68,22.04,87.92,15.26,94.42,2.04,57.7,11.46,33.17,0.84,0.83,62.51
2024-01-01,PLEIKU,14.005,108.017,1.79,21.66,27.52,17.99,19.23,21.69,87.44,14.83,94.43,1.97,57.9,9.48,33.46,0.84,0.83,86.02
2024-01-02,PLEIKU,14.005,108.017,2.44,21.73,27.74,17.95,19.48,21.76,88.2,15.08,94.4,2.07,63.7,10.82,33.39,0.84,0.83,76.4
2024-01-03,PLEIKU,14.005,108.017,0.59,20.17,26.3,16.22,17.26,20.16,84.82,13.07,94.47,2.65,60.1,13.14,32.63,0.83,0.82,73.37
2024-01-04,PLEIKU,14.005,108.017,0.13,19.0,24.98,15.34,16.0,19.01,84.44,12.05,94.51,2.38,60.4,15.98,30.63,0.83,0.82,48.6
2024-01-05,PLEIKU,14.005,108.017,0.05,19.91,25.75,16.43,16.94,19.95,84.74,12.81,94.55,2.08,62.9,16.2,31.62,0.82,0.81,79.69
2024-01-06,PLEIKU,14.005,108.017,0.09,21.1,27.09,17.58,18.19,21.12,85.01,13.86,94.53,2.18,61.6,11.88,33.07,0.82,0.81,74.06
2024-01-07,PLEIKU,14.005,108.017,0.08,20.71,26.86,16.67,17.82,20.74,85.08,13.54,94.52,2.13,68.1,10.33,33.07,0.82,0.81,77.96
2024-01-08,PLEIKU,14.005,108.017,0.05,21.61,28.03,17.39,18.6,21.67,84.63,14.26,94.47,1.64,72.4,11.56,32.59,0.81,0.8,71.2
2024-01-09,PLEIKU,14.005,108.017,0.12,21.97,28.87,17.15,18.66,22.01,83.4,14.34,94.36,1.64,68.6,16.7,32.84,0.81,0.8,55.58
2024-01-10,PLEIKU,14.005,108.017,0.36,21.53,27.46,17.73,18.48,21.57,84.27,14.14,94.38,2.24,67.8,11.86,33.41,0.81,0.8,77.48
2024-01-11,PLEIKU,14.005,108.017,0.12,20.53,27.06,15.88,17.46,20.57,84.1,13.27,94.45,2.22,68.1,12.21,33.05,0.8,0.8,81.02
2024-01-12,PLEIKU,14.005,108.017,0.09,19.74,25.53,16.33,16.67,19.77,84.38,12.59,94.42,2.09,66.9,12.11,32.09,0.8,0.79,73.95
2024-01-13,PLEIKU,14.005,108.017,0.1,19.34,25.43,15.5,16.34,19.37,84.57,12.32,94.49,2.26,65.8,12.29,31.92,0.8,0.79,85.21
2024-01-14,PLEIKU,14.005,108.017,0.08,19.95,25.81,16.41,16.69,19.97,83.08,12.59,94.54,2.49,60.3,13.18,31.7,0.8,0.79,89.59
2024-01-15,PLEIKU,14.005,108.017,0.12,19.76,25.47,16.4,16.59,19.78,83.63,12.52,94.51,2.5,58.9,14.15,32.25,0.79,0.79,70.53
2024-01-16,PLEIKU,14.005,108.017,0.06,19.84,25.43,16.71,16.56,19.87,82.94,12.48,94.5,2.55,61.0,14.64,31.68,0.79,0.78,82.22
2024-01-17,PLEIKU,14.005,108.017,0.16,20.95,27.1,16.81,17.89,20.98,84.38,13.62,94.42,2.08,60.3,13.36,32.41,0.79,0.78,74.09
2024-01-18,PLEIKU,14.005,108.017,0.13,20.98,27.7,16.02,17.68,21.04,83.29,13.46,94.37,1.71,65.6,16.41,32.05,0.79,0.78,55.17
2024-01-19,PLEIKU,14.005,108.017,0.0,20.19,27.56,14.89,16.19,20.25,80.92,12.24,94.34,1.41,60.5,17.9,31.22,0.79,0.77,50.21
2024-01-20,PLEIKU,14.005,108.017,0.0,20.37,27.4,15.72,16.39,20.42,80.62,12.39,94.45,1.48,70.9,18.6,30.4,0.78,0.77,86.52
2024-01-21,PLEIKU,14.005,108.017,0.01,20.5,26.79,16.89,16.83,20.57,81.47,12.71,94.54,1.91,65.4,15.44,31.75,0.78,0.77,67.73
2024-01-22,PLEIKU,14.005,108.017,0.79,20.6,26.36,16.94,17.13,20.64,82.62,12.95,94.63,2.12,59.2,13.22,32.34,0.78,0.77,65.92
2024-01-23,PLEIKU,14.005,108.017,4.58,18.83,24.16,16.11,15.7,18.87,83.26,11.79,94.78,3.47,49.2,11.34,32.15,0.78,0.77,74.46
2024-01-24,PLEIKU,14.005,108.017,5.28,19.0,23.6,16.91,16.69,19.02,87.29,12.55,94.85,3.36,62.7,11.71,32.32,0.8,0.77,77.79
2024-01-25,PLEIKU,14.005,108.017,1.12,19.12,23.94,16.79,16.62,19.14,86.5,12.47,94.94,3.0,66.8,9.78,32.8,0.78,0.77,82.04
2024-01-26,PLEIKU,14.005,108.017,0.16,19.29,24.74,16.25,16.04,19.33,83.03,12.02,94.93,2.74,64.7,10.29,32.57,0.78,0.77,75.48
2024-01-27,PLEIKU,14.005,108.017,0.12,19.38,25.0,15.5,16.31,19.42,84.01,12.25,94.85,2.43,65.3,12.67,32.55,0.77,0.76,74.7
2024-01-28,PLEIKU,14.005,108.017,0.32,19.99,25.45,17.07,16.81,20.04,83.51,12.65,94.82,2.74,66.3,12.36,32.88,0.77,0.76,80.37
2024-01-29,PLEIKU,14.005,108.017,0.1,19.71,26.0,15.24,16.54,19.76,83.76,12.45,94.73,2.23,67.4,11.87,31.68,0.77,0.76,66.57
2024-01-30,PLEIKU,14.005,108.017,0.0,20.77,27.19,16.1,17.38,20.83,82.94,13.16,94.67,1.71,77.2,18.68,31.4,0.77,0.75,49.47
2024-01-31,PLEIKU,14.005,108.017,0.0,21.56,28.0,17.07,18.35,21.63,84.11,14.0,94.61,1.6,84.5,20.43,31.89,0.76,0.75,33.55
2024-02-01,PLEIKU,14.005,108.017,0.0,22.19,29.31,17.48,18.54,22.26,82.35,14.2,94.57,1.2,77.3,19.83,32.04,0.76,0.75,39.92
2024-02-02,PLEIKU,14.005,108.017,0.0,22.28,29.85,16.26,18.69,22.31,82.38,14.37,94.53,1.38,78.4,19.85,31.57,0.76,0.75,22.32
2024-02-03,PLEIKU,14.005,108.017,0.0,22.01,29.47,17.25,18.04,21.97,81.35,13.77,94.54,1.48,81.9,22.29,30.1,0.75,0.74,7.68
2024-02-04,PLEIKU,14.005,108.017,0.0,23.46,30.51,18.93,19.11,23.27,79.68,14.73,94.55,1.0,64.5,21.09,32.5,0.75,0.74,22.7
2024-02-05,PLEIKU,14.005,108.017,0.0,24.11,31.12,19.27,20.21,24.12,81.55,15.74,94.58,1.11,81.9,18.97,32.96,0.75,0.74,27.07
2024-02-06,PLEIKU,14.005,108.017,0.0,23.63,30.47,18.86,19.93,23.71,82.19,15.47,94.56,1.4,91.5,20.56,32.81,0.74,0.73,28.81
2024-02-07,PLEIKU,14.005,108.017,0.0,23.96,31.01,19.07,20.34,23.97,82.72,15.93,94.39,1.01,88.6,17.11,34.19,0.74,0.73,61.24
2024-02-08,PLEIKU,14.005,108.017,0.5,23.64,30.4,19.29,19.83,23.74,81.61,15.39,94.43,1.55,83.1,13.2,35.08,0.74,0.73,77.61
2024-02-09,PLEIKU,14.005,108.017,0.98,21.84,28.54,16.69,18.37,21.9,82.25,14.04,94.73,2.59,60.5,12.29,33.74,0.73,0.73,72.53
2024-02-10,PLEIKU,14.005,108.017,0.35,19.77,26.28,15.98,15.89,19.85,79.68,11.93,94.96,3.16,55.0,12.42,32.67,0.73,0.72,81.01
2024-02-11,PLEIKU,14.005,108.017,0.09,19.13,25.39,14.82,15.18,19.2,79.66,11.38,94.95,2.91,55.0,13.23,32.68,0.73,0.72,81.41
2024-02-12,PLEIKU,14.005,108.017,0.07,19.05,25.35,14.84,15.42,19.17,81.75,11.57,94.88,2.5,60.5,16.86,30.93,0.72,0.72,53.4
2024-02-13,PLEIKU,14.005,108.017,0.11,20.67,27.27,16.56,16.93,20.8,81.45,12.78,94.72,2.15,65.4,15.26,32.08,0.72,0.71,63.57
2024-02-14,PLEIKU,14.005,108.017,0.05,21.92,28.81,17.18,18.07,22.06,81.31,13.75,94.6,1.82,72.8,15.8,32.97,0.72,0.71,58.64
2024-02-15,PLEIKU,14.005,108.017,0.0,22.62,29.7,17.43,18.67,22.75,80.57,14.28,94.65,2.06,72.1,18.63,33.92,0.72,0.71,63.31
2024-02-16,PLEIKU,14.005,108.017,0.0,21.22,28.38,15.44,17.32,21.35,80.81,13.12,94.55,2.25,66.7,17.48,32.72,0.71,0.71,58.57
2024-02-17,PLEIKU,14.005,108.017,0.0,21.54,29.5,16.03,16.91,21.56,78.91,12.83,94.4,1.53,83.9,23.74,29.95,0.71,0.7,15.57
2024-02-18,PLEIKU,14.005,108.017,0.0,22.86,30.55,17.74,18.17,22.93,78.81,13.91,94.42,1.35,95.8,23.26,30.66,0.7,0.7,22.1
2024-02-19,PLEIKU,14.005,108.017,0.0,23.15,31.06,17.61,18.24,23.18,78.06,13.98,94.38,1.32,95.2,20.96,31.2,0.7,0.7,66.66
2024-02-20,PLEIKU,14.005,108.017,0.0,23.79,31.01,19.48,18.95,23.91,78.43,14.64,94.36,1.36,108.3,20.6,32.15,0.7,0.69,40.98
2024-02-21,PLEIKU,14.005,108.017,0.0,23.68,31.49,17.65,19.41,23.81,79.95,15.02,94.37,1.51,102.2,22.05,32.56,0.69,0.69,28.06
2024-02-22,PLEIKU,14.005,108.017,0.0,23.91,32.02,18.66,18.84,24.08,77.36,14.49,94.47,1.37,99.0,23.37,31.75,0.69,0.69,5.82
2024-02-23,PLEIKU,14.005,108.017,0.0,23.09,31.3,17.61,18.25,23.28,78.2,13.93,94.55,1.98,79.6,23.64,31.44,0.68,0.69,26.36
2024-02-24,PLEIKU,14.005,108.017,0.0,21.76,29.58,16.84,16.77,21.96,77.08,12.67,94.57,2.41,65.8,22.67,30.55,0.68,0.68,33.19
2024-02-25,PLEIKU,14.005,108.017,0.0,21.44,28.77,16.51,16.94,21.66,78.63,12.8,94.54,2.37,63.2,20.92,31.42,0.68,0.68,45.03
2024-02-26,PLEIKU,14.005,108.017,2.42,22.96,29.76,18.79,18.76,23.18,80.02,14.37,94.51,2.4,63.5,13.91,34.26,0.68,0.68,82.4
2024-02-27,PLEIKU,14.005,108.017,2.97,22.43,29.59,17.95,19.01,22.59,83.12,14.62,94.47,2.68,69.7,12.67,33.03,0.7,0.68,59.77
2024-02-28,PLEIKU,14.005,108.017,0.0,22.07,29.11,17.7,17.44,22.3,78.35,13.24,94.38,2.25,75.3,24.03,30.76,0.68,0.68,28.65
2024-02-29,PLEIKU,14.005,108.017,0.07,23.01,30.28,18.34,18.03,23.25,77.16,13.76,94.42,2.11,76.0,22.59,31.87,0.68,0.68,31.62
2024-03-01,PLEIKU,14.005,108.017,0.38,22.73,29.7,18.28,18.25,22.97,78.76,13.91,94.47,2.57,67.3,18.91,33.45,0.67,0.67,65.57
2024-03-02,PLEIKU,14.005,108.017,0.39,21.65,28.67,17.3,17.35,21.9,78.93,13.14,94.49,2.78,62.4,12.97,32.86,0.67,0.67,63.82
2024-03-03,PLEIKU,14.005,108.017,0.03,22.18,29.67,17.34,17.56,22.4,78.28,13.34,94.35,2.0,85.3,15.84,32.72,0.67,0.67,41.37
2024-03-04,PLEIKU,14.005,108.017,0.0,24.73,33.73,18.82,18.23,24.68,72.15,14.03,94.17,0.94,107.1,23.93,32.07,0.66,0.67,13.15
2024-03-05,PLEIKU,14.005,108.017,0.0,27.09,33.88,21.61,18.79,25.38,62.37,14.5,94.03,1.0,296.5,23.39,32.19,0.66,0.66,7.32
2024-03-06,PLEIKU,14.005,108.017,0.0,26.93,35.2,20.91,19.78,27.03,70.12,15.5,94.03,1.16,62.1,21.73,33.36,0.66,0.66,17.97
2024-03-07,PLEIKU,14.005,108.017,0.0,25.44,33.12,20.29,19.88,25.69,74.79,15.48,94.19,2.44,77.2,17.81,34.13,0.65,0.66,52.05
2024-03-08,PLEIKU,14.005,108.017,0.0,22.53,27.92,18.24,18.21,22.69,78.67,13.9,94.37,2.43,66.6,13.7,33.73,0.66,0.66,64.62
2024-03-09,PLEIKU,14.005,108.017,0.0,23.32,30.47,18.54,18.58,23.6,77.55,14.23,94.38,2.44,74.4,17.42,33.38,0.65,0.66,77.3
2024-03-10,PLEIKU,14.005,108.017,0.22,23.48,30.54,19.03,18.71,23.77,77.59,14.32,94.56,2.27,78.0,19.67,32.78,0.65,0.66,68.81
2024-03-11,PLEIKU,14.005,108.017,0.4,23.43,30.94,18.37,19.19,23.66,79.58,14.76,94.54,2.14,68.1,18.47,33.73,0.65,0.65,66.67
2024-03-12,PLEIKU,14.005,108.017,0.0,23.26,30.53,18.34,18.44,23.51,77.37,14.08,94.5,2.18,73.8,19.71,32.9,0.65,0.65,50.64
2024-03-13,PLEIKU,14.005,108.017,0.0,24.34,31.96,19.19,18.95,24.64,75.61,14.57,94.43,1.82,88.2,19.68,33.39,0.65,0.65,65.07
2024-03-14,PLEIKU,14.005,108.017,0.0,23.62,30.4,18.43,18.87,23.81,77.47,14.49,94.39,1.53,92.6,20.2,33.05,0.65,0.65,42.59
2024-03-15,PLEIKU,14.005,108.017,0.0,23.46,32.39,17.81,16.2,23.76,69.91,12.32,94.44,1.77,96.1,24.32,30.88,0.64,0.65,14.61
2024-03-16,PLEIKU,14.005,108.017,0.0,23.88,32.47,18.35,17.72,24.18,73.6,13.51,94.49,2.04,92.4,23.41,31.02,0.64,0.64,23.37
2024-03-17,PLEIKU,14.005,108.017,0.0,24.39,32.89,18.33,17.71,24.69,72.18,13.56,94.38,1.95,88.2,25.35,30.98,0.63,0.64,10.09
2024-03-18,PLEIKU,14.005,108.017,0.0,24.41,33.12,18.87,17.77,24.71,72.27,13.58,94.36,2.01,87.3,25.14,31.12,0.63,0.64,20.68
2024-03-19,PLEIKU,14.005,108.017,1.05,23.75,31.22,19.14,18.13,24.03,75.08,13.85,94.51,2.46,72.7,19.93,33.54,0.63,0.64,49.88
2024-03-20,PLEIKU,14.005,108.017,5.23,22.86,29.38,18.47,18.97,23.07,81.11,14.55,94.57,3.0,61.0,9.43,35.19,0.66,0.64,93.34
2024-03-21,PLEIKU,14.005,108.017,0.91,23.07,30.17,18.67,18.69,23.37,79.29,14.34,94.33,2.29,74.1,12.35,33.3,0.64,0.64,59.51
2024-03-22,PLEIKU,14.005,108.017,0.0,24.42,32.06,19.74,18.58,24.76,74.05,14.28,94.13,1.83,100.2,23.54,33.07,0.63,0.64,37.19
2024-03-23,PLEIKU,14.005,108.017,0.0,24.87,32.05,20.2,19.79,25.2,76.25,15.37,94.22,1.47,110.3,22.13,34.13,0.63,0.64,33.02
2024-03-24,PLEIKU,14.005,108.017,0.0,25.97,33.87,20.61,20.21,26.35,74.03,15.8,94.32,1.34,114.1,22.3,35.07,0.63,0.64,47.04
2024-03-25,PLEIKU,14.005,108.017,0.0,25.49,34.11,19.08,19.63,25.85,73.9,15.2,94.35,1.8,85.9,19.32,34.09,0.62,0.63,66.46
2024-03-26,PLEIKU,14.005,108.017,0.04,25.11,32.89,20.15,19.19,25.46,73.95,14.8,94.52,2.48,86.3,25.83,31.82,0.62,0.63,28.18
2024-03-27,PLEIKU,14.005,108.017,0.0,25.66,33.93,20.21,18.93,26.04,71.23,14.57,94.47,2.01,91.1,21.59,33.47,0.61,0.63,39.39
2024-03-28,PLEIKU,14.005,108.017,0.0,26.16,33.6,21.35,20.06,26.38,72.92,15.68,94.33,1.05,91.9,19.13,35.1,0.61,0.63,90.67
2024-03-29,PLEIKU,14.005,108.017,0.0,24.85,29.96,21.16,20.35,24.96,78.08,15.92,94.39,1.34,105.9,18.29,34.29,0.62,0.63,94.28
2024-03-30,PLEIKU,14.005,108.017,0.0,26.27,33.14,21.7,20.33,26.44,73.34,15.91,94.43,1.21,107.3,22.44,34.09,0.61,0.63,75.43
2024-03-31,PLEIKU,14.005,108.017,0.0,26.84,34.01,22.17,20.7,26.98,72.94,16.32,94.25,0.85,134.3,21.29,34.57,0.61,0.63,52.42
2024-04-01,PLEIKU,14.005,108.017,0.0,27.63,34.71,22.36,21.35,27.88,72.34,17.03,94.06,1.15,190.9,20.52,35.02,0.61,0.62,39.75
2024-04-02,PLEIKU,14.005,108.017,0.0,27.45,34.33,22.05,21.57,27.69,73.61,17.24,94.02,1.13,169.9,20.89,35.44,0.6,0.62,37.21
2024-04-03,PLEIKU,14.005,108.017,0.0,28.31,35.31,23.17,22.03,28.59,72.21,17.75,94.07,1.25,185.7,19.65,35.92,0.6,0.62,48.84
2024-04-04,PLEIKU,14.005,108.017,0.0,27.63,35.44,21.93,21.59,28.0,72.71,17.24,94.05,1.29,114.4,20.62,35.87,0.6,0.62,51.48
2024-04-05,PLEIKU,14.005,108.017,0.0,27.01,36.04,20.14,19.3,27.38,66.61,14.95,94.07,1.77,101.4,20.34,34.86,0.59,0.62,74.16
2024-04-06,PLEIKU,14.005,108.017,0.0,27.26,36.8,20.93,17.92,27.7,63.87,13.9,94.07,1.55,102.5,26.21,33.56,0.58,0.61,61.56
2024-04-07,PLEIKU,14.005,108.017,0.0,28.13,36.92,21.83,19.82,28.59,66.13,15.53,94.04,1.22,110.1,22.49,35.31,0.58,0.61,69.53
2024-04-08,PLEIKU,14.005,108.017,0.04,28.15,37.04,22.15,20.34,28.59,67.36,15.95,94.13,1.81,84.6,22.54,35.54,0.57,0.61,54.64
2024-04-09,PLEIKU,14.005,108.017,0.02,26.43,34.66,20.22,20.09,26.82,72.05,15.67,94.29,2.59,79.4,19.02,34.0,0.57,0.61,41.43
2024-04-10,PLEIKU,14.005,108.017,0.02,25.53,34.19,18.94,18.3,25.93,69.34,14.02,94.35,2.49,77.5,23.25,32.02,0.57,0.61,14.03
2024-04-11,PLEIKU,14.005,108.017,0.0,26.03,34.24,20.63,18.79,26.42,69.9,14.52,94.34,2.48,75.5,25.46,32.23,0.57,0.61,26.09
2024-04-12,PLEIKU,14.005,108.017,0.0,27.03,35.39,20.94,19.84,27.47,70.12,15.51,94.21,2.27,86.1,23.75,33.24,0.56,0.61,60.69
2024-04-13,PLEIKU,14.005,108.017,0.0,27.75,36.99,20.99,19.24,28.08,66.17,14.99,94.14,1.53,94.8,25.34,33.0,0.56,0.6,20.07
2024-04-14,PLEIKU,14.005,108.017,0.0,27.43,37.09,19.49,18.06,27.81,62.68,13.86,94.21,1.63,102.2,24.36,33.02,0.56,0.6,44.96
2024-04-15,PLEIKU,14.005,108.017,0.0,27.3,36.53,20.67,17.91,27.77,63.89,13.87,94.26,1.98,105.3,25.05,32.46,0.55,0.6,34.21
2024-04-16,PLEIKU,14.005,108.017,0.0,27.36,36.97,20.84,18.54,27.85,65.65,14.37,94.12,1.81,103.1,27.13,32.0,0.55,0.6,10.52
2024-04-17,PLEIKU,14.005,108.017,0.0,27.77,36.38,21.78,19.17,28.17,64.33,14.89,94.06,1.06,125.9,24.48,34.62,0.55,0.6,66.04
2024-04-18,PLEIKU,14.005,108.017,0.0,28.37,36.24,22.39,20.51,28.83,67.14,16.2,93.94,1.21,130.9,20.48,35.29,0.55,0.6,35.58
2024-04-19,PLEIKU,14.005,108.017,0.0,28.32,35.85,22.21,20.96,28.79,68.16,16.62,93.87,1.36,161.2,21.35,35.48,0.55,0.6,27.52
2024-04-20,PLEIKU,14.005,108.017,0.0,28.83,36.72,23.21,20.58,29.32,65.75,16.29,93.87,1.26,175.2,22.69,35.26,0.55,0.6,50.66
2024-04-21,PLEIKU,14.005,108.017,0.0,29.14,37.26,22.65,20.64,29.52,65.07,16.35,93.91,1.53,131.2,23.05,35.53,0.54,0.6,33.35
2024-04-22,PLEIKU,14.005,108.017,0.0,29.11,37.01,22.69,21.03,29.58,66.15,16.71,93.91,1.18,126.4,22.21,35.66,0.54,0.59,34.62
2024-04-23,PLEIKU,14.005,108.017,0.01,30.36,37.85,25.02,21.37,30.76,63.08,17.14,93.86,1.04,165.2,22.4,36.44,0.54,0.59,59.27
2024-04-24,PLEIKU,14.005,108.017,0.0,26.49,30.59,23.17,21.0,26.45,73.17,16.69,93.95,1.34,356.9,22.09,35.01,0.55,0.59,66.3
2024-04-25,PLEIKU,14.005,108.017,0.02,29.82,37.75,23.68,20.61,30.15,62.16,16.31,93.85,1.07,158.9,21.75,35.78,0.54,0.59,37.72
2024-04-26,PLEIKU,14.005,108.017,0.01,29.93,37.84,23.72,20.5,30.2,61.14,16.22,93.84,1.59,236.0,22.32,36.15,0.54,0.59,67.54
2024-04-27,PLEIKU,14.005,108.017,0.0,30.89,38.55,24.6,21.18,31.07,60.47,16.98,93.81,1.38,230.1,22.25,36.23,0.53,0.59,40.28
2024-04-28,PLEIKU,14.005,108.017,0.0,29.41,36.17,24.33,20.62,29.65,62.46,16.29,94.05,1.34,188.5,20.23,36.5,0.53,0.59,70.93
2024-04-29,PLEIKU,14.005,108.017,0.0,30.54,38.72,24.07,20.68,30.93,59.63,16.37,93.92,1.26,205.0,21.51,36.75,0.53,0.59,72.16
2024-04-30,PLEIKU,14.005,108.017,0.0,30.52,38.21,23.89,20.47,30.7,58.77,16.2,93.78,1.79,237.5,22.19,36.55,0.52,0.59,23.45
2024-05-01,PLEIKU,14.005,108.017,0.0,30.51,38.04,24.96,21.78,30.93,63.33,17.56,93.79,1.79,186.8,22.36,36.19,0.52,0.59,35.23
2024-05-02,PLEIKU,14.005,108.017,1.75,25.25,30.91,21.43,20.78,25.43,77.62,16.4,94.03,1.62,100.3,19.66,34.83,0.53,0.59,83.74
2024-05-03,PLEIKU,14.005,108.017,5.1,28.13,35.94,22.47,19.36,28.44,65.4,15.23,94.06,1.25,121.2,18.53,35.86,0.61,0.6,95.96
2024-05-04,PLEIKU,14.005,108.017,2.86,27.68,34.93,23.11,21.75,27.87,74.08,17.54,93.94,0.99,143.1,15.59,36.17,0.6,0.6,98.54
2024-05-05,PLEIKU,14.005,108.017,37.52,26.19,31.93,22.33,22.55,26.28,82.44,18.31,94.04,1.15,91.6,18.23,34.98,0.8,0.65,80.53
2024-05-06,PLEIKU,14.005,108.017,0.64,26.69,33.75,21.86,20.89,26.78,74.53,16.54,94.2,1.76,94.2,23.85,33.91,0.66,0.65,62.38
2024-05-07,PLEIKU,14.005,108.017,0.48,26.87,34.57,21.04,20.57,27.01,72.87,16.21,94.26,1.58,80.0,20.81,33.97,0.65,0.64,94.69
2024-05-08,PLEIKU,14.005,108.017,0.02,26.17,34.15,20.58,18.93,26.32,69.15,14.62,94.17,1.97,72.1,20.29,33.54,0.62,0.63,53.36
2024-05-09,PLEIKU,14.005,108.017,0.01,26.02,31.93,22.11,20.1,26.15,73.07,15.73,94.23,1.86,81.2,24.06,33.16,0.61,0.63,50.56
2024-05-10,PLEIKU,14.005,108.017,0.0,27.3,35.66,21.08,19.78,27.57,68.72,15.42,94.24,1.93,84.6,22.5,34.26,0.6,0.62,48.21
2024-05-11,PLEIKU,14.005,108.017,0.0,27.96,36.37,22.25,19.79,28.26,66.96,15.5,94.25,1.79,93.4,23.94,34.1,0.59,0.61,53.92
2024-05-12,PLEIKU,14.005,108.017,0.0,28.49,36.77,22.5,20.31,28.85,66.63,15.99,94.14,1.72,103.4,22.01,34.94,0.59,0.61,68.93
2024-05-13,PLEIKU,14.005,108.017,0.03,28.19,36.24,22.76,20.42,28.6,67.54,16.09,94.11,1.47,86.6,21.88,34.88,0.58,0.6,89.27
2024-05-14,PLEIKU,14.005,108.017,0.13,27.47,33.72,22.9,21.42,27.81,72.74,17.07,94.15,1.78,81.1,19.53,35.34,0.58,0.6,84.62
2024-05-15,PLEIKU,14.005,108.017,0.55,27.82,35.23,22.48,20.84,28.14,70.14,16.48,94.22,1.95,84.5,18.01,35.84,0.58,0.6,95.28
2024-05-16,PLEIKU,14.005,108.017,10.17,27.55,35.27,22.81,21.39,27.89,74.01,17.11,94.12,1.34,87.3,20.26,36.05,0.62,0.6,81.91
2024-05-17,PLEIKU,14.005,108.017,10.41,25.88,29.81,22.41,22.3,25.53,82.31,18.08,94.07,0.56,18.9,14.39,35.25,0.71,0.64,95.29
2024-05-18,PLEIKU,14.005,108.017,4.05,27.91,34.81,23.45,22.61,28.12,76.77,18.47,93.8,0.83,230.6,17.14,36.25,0.64,0.63,97.41
2024-05-19,PLEIKU,14.005,108.017,13.24,26.61,31.91,23.42,23.19,26.66,83.52,19.09,93.76,1.43,253.9,13.04,35.78,0.7,0.64,99.37
2024-05-20,PLEIKU,14.005,108.017,24.38,26.49,30.25,23.42,23.9,26.24,86.63,19.93,93.83,0.83,279.0,15.37,36.05,0.8,0.68,99.5
2024-05-21,PLEIKU,14.005,108.017,4.6,26.2,30.32,23.39,23.71,26.19,87.52,19.69,93.91,0.82,251.2,14.33,36.44,0.71,0.68,98.71
2024-05-22,PLEIKU,14.005,108.017,5.04,26.18,30.38,23.21,23.52,26.18,86.6,19.44,93.96,0.88,160.2,12.74,35.82,0.71,0.68,96.39
2024-05-23,PLEIKU,14.005,108.017,17.97,24.84,28.14,22.79,23.25,24.72,91.41,19.11,93.96,0.86,128.1,14.99,35.74,0.79,0.69,94.4
2024-05-24,PLEIKU,14.005,108.017,9.59,25.0,27.59,22.81,23.59,24.97,92.25,19.48,94.05,1.04,107.9,18.99,35.4,0.75,0.7,82.35
2024-05-25,PLEIKU,14.005,108.017,0.25,26.95,33.86,22.25,20.36,26.79,72.1,16.13,94.07,0.92,127.8,21.55,34.15,0.71,0.7,77.05
2024-05-26,PLEIKU,14.005,108.017,0.0,26.57,30.92,23.69,23.31,26.56,83.75,19.19,94.01,1.18,256.0,21.7,35.63,0.69,0.68,79.56
2024-05-27,PLEIKU,14.005,108.017,0.2,26.71,31.28,23.22,23.41,26.76,83.63,19.31,93.87,1.61,262.6,23.02,35.57,0.68,0.67,50.99
2024-05-28,PLEIKU,14.005,108.017,2.8,26.15,30.64,22.89,23.32,26.19,85.83,19.2,93.88,1.76,277.1,17.08,35.67,0.68,0.66,99.27
2024-05-29,PLEIKU,14.005,108.017,7.23,25.28,28.63,23.51,23.52,25.3,90.63,19.44,93.82,1.78,265.2,11.1,35.55,0.71,0.66,99.7
2024-05-30,PLEIKU,14.005,108.017,1.87,25.33,29.07,23.01,22.87,25.35,87.07,18.68,93.82,2.48,240.3,7.78,35.56,0.68,0.66,99.32
2024-05-31,PLEIKU,14.005,108.017,1.41,25.42,29.26,23.05,22.84,25.48,86.78,18.61,94.02,1.71,241.5,10.06,35.7,0.67,0.66,99.71
2024-06-01,PLEIKU,14.005,108.017,1.12,25.2,29.19,22.74,22.75,25.22,87.3,18.46,94.22,1.54,253.3,19.6,35.04,0.67,0.66,92.33
2024-06-02,PLEIKU,14.005,108.017,2.94,25.84,30.17,22.68,22.61,25.82,83.83,18.33,94.15,1.41,265.7,20.96,35.75,0.67,0.65,77.54
2024-06-03,PLEIKU,14.005,108.017,4.27,24.93,28.87,22.26,22.54,24.93,87.62,18.26,94.09,1.59,271.5,17.34,35.18,0.69,0.66,88.76
2024-06-04,PLEIKU,14.005,108.017,1.25,26.42,30.69,23.64,23.43,26.42,85.09,19.31,94.02,1.62,252.7,22.38,35.59,0.67,0.65,61.11
2024-06-05,PLEIKU,14.005,108.017,5.34,25.39,28.24,23.34,23.95,25.4,92.17,19.9,94.11,1.43,252.4,19.76,35.48,0.69,0.65,87.58
2024-06-06,PLEIKU,14.005,108.017,6.14,24.87,27.61,22.15,22.24,24.1,85.76,17.93,94.13,1.21,245.3,20.3,34.13,0.7,0.66,88.8
2024-06-07,PLEIKU,14.005,108.017,3.76,25.87,30.35,22.67,22.61,25.79,83.73,18.39,93.93,1.49,268.7,21.29,34.76,0.69,0.67,84.99
2024-06-08,PLEIKU,14.005,108.017,7.99,24.69,28.13,22.49,22.73,24.69,89.64,18.51,93.88,1.21,237.0,18.75,34.83,0.72,0.67,96.37
2024-06-09,PLEIKU,14.005,108.017,9.07,23.5,25.81,21.29,22.68,23.5,95.17,18.46,93.95,1.55,209.4,19.77,34.71,0.75,0.69,85.32
2024-06-10,PLEIKU,14.005,108.017,4.03,24.93,29.63,22.26,22.22,25.01,86.24,17.9,94.13,1.96,236.7,18.34,35.61,0.71,0.68,92.11
2024-06-11,PLEIKU,14.005,108.017,0.0,25.34,29.82,22.81,22.02,25.41,83.4,17.69,94.17,1.79,249.5,19.52,35.76,0.68,0.67,52.42
2024-06-12,PLEIKU,14.005,108.017,0.0,25.52,29.52,22.48,22.34,25.58,83.76,18.02,94.13,1.94,254.7,21.75,35.14,0.67,0.66,45.49
2024-06-13,PLEIKU,14.005,108.017,0.0,26.0,31.09,22.05,22.02,26.01,80.58,17.72,93.94,1.71,265.6,22.5,34.86,0.66,0.65,31.01
2024-06-14,PLEIKU,14.005,108.017,0.0,26.72,32.39,22.33,21.56,26.71,75.85,17.28,93.85,1.52,257.8,23.31,35.11,0.65,0.65,47.36
2024-06-15,PLEIKU,14.005,108.017,27.37,26.87,32.16,22.79,22.64,26.91,80.07,18.44,93.84,1.16,227.9,19.87,35.52,0.72,0.65,86.79
2024-06-16,PLEIKU,14.005,108.017,112.04,25.47,30.02,22.6,22.71,25.46,85.89,18.5,93.94,1.23,249.1,19.63,35.32,0.9,0.75,87.48
2024-06-17,PLEIKU,14.005,108.017,4.4,25.38,30.0,22.37,22.76,25.43,86.68,18.53,93.98,1.43,243.5,22.27,34.89,0.77,0.74,63.95
2024-06-18,PLEIKU,14.005,108.017,2.49,25.14,28.62,22.9,23.2,25.17,89.79,19.06,93.86,1.46,251.2,19.34,35.37,0.75,0.73,93.34
2024-06-19,PLEIKU,14.005,108.017,4.3,24.8,27.69,22.89,23.46,24.81,92.64,19.38,93.76,1.55,252.8,19.03,35.48,0.75,0.72,77.76
2024-06-20,PLEIKU,14.005,108.017,2.58,24.13,26.39,22.51,23.03,24.13,93.77,18.88,93.72,1.3,267.1,17.09,35.14,0.74,0.71,91.76
2024-06-21,PLEIKU,14.005,108.017,5.85,24.54,28.22,21.94,22.97,24.49,91.55,18.88,93.6,0.97,243.2,14.94,35.21,0.74,0.71,86.78
2024-06-22,PLEIKU,14.005,108.017,65.49,24.44,27.61,22.09,22.77,24.5,91.06,18.61,93.66,1.72,250.1,14.08,35.51,0.89,0.74,97.26
2024-06-23,PLEIKU,14.005,108.017,18.92,23.48,26.69,21.66,22.01,23.53,91.89,17.73,93.78,2.04,225.2,12.48,34.97,0.86,0.79,99.59
2024-06-24,PLEIKU,14.005,108.017,8.25,24.1,27.95,21.81,22.4,24.14,90.96,18.15,93.85,1.61,239.4,14.03,35.11,0.82,0.78,98.92
2024-06-25,PLEIKU,14.005,108.017,11.66,24.24,28.15,21.58,22.56,24.27,91.04,18.32,93.9,1.47,234.5,17.99,35.4,0.82,0.77,89.78
2024-06-26,PLEIKU,14.005,108.017,11.81,25.18,30.11,21.91,22.34,25.2,85.75,18.07,94.02,1.0,118.4,17.53,35.13,0.83,0.78,83.51
2024-06-27,PLEIKU,14.005,108.017,7.5,24.76,29.33,21.47,21.91,24.79,85.69,17.57,94.11,1.22,120.6,21.3,34.69,0.8,0.76,82.43
2024-06-28,PLEIKU,14.005,108.017,5.71,25.72,30.86,22.57,22.52,25.74,84.5,18.28,94.08,1.22,236.6,19.78,35.06,0.78,0.75,80.88
2024-06-29,PLEIKU,14.005,108.017,26.2,25.11,29.6,21.31,22.48,25.11,86.69,18.2,94.13,1.66,243.3,21.79,35.08,0.82,0.75,58.84
2024-06-30,PLEIKU,14.005,108.017,2.86,23.8,27.18,21.72,21.52,23.63,87.79,17.14,94.14,1.31,261.2,19.86,34.48,0.8,0.77,75.32
2024-07-01,PLEIKU,14.005,108.017,1.02,24.73,28.81,21.91,22.63,24.76,88.93,18.38,93.93,1.83,266.9,23.64,34.39,0.77,0.75,62.24
2024-07-02,PLEIKU,14.005,108.017,1.41,25.04,29.02,22.11,22.78,24.94,88.19,18.58,93.89,1.08,223.3,21.9,34.48,0.76,0.74,78.73
2024-07-03,PLEIKU,14.005,108.017,7.72,23.77,26.14,22.0,22.77,23.53,94.25,18.55,94.07,0.8,252.6,18.56,34.86,0.79,0.75,99.18
2024-07-04,PLEIKU,14.005,108.017,2.67,23.75,27.49,21.33,21.76,23.75,89.46,17.4,94.12,1.39,263.7,18.11,35.1,0.76,0.74,90.25
2024-07-05,PLEIKU,14.005,108.017,9.01,24.81,29.2,21.8,22.31,24.77,87.15,18.05,93.91,1.1,244.5,18.14,35.09,0.79,0.75,75.41
2024-07-06,PLEIKU,14.005,108.017,27.1,24.17,27.05,21.84,22.61,24.09,91.45,18.39,93.92,1.06,183.6,19.55,34.56,0.84,0.76,47.06
2024-07-07,PLEIKU,14.005,108.017,18.76,25.75,32.1,21.74,22.14,25.55,82.75,17.89,93.96,0.87,136.5,20.73,34.77,0.86,0.79,63.47
2024-07-08,PLEIKU,14.005,108.017,11.42,25.62,30.44,22.5,22.71,25.68,85.52,18.49,93.92,1.29,256.7,16.52,35.64,0.83,0.78,85.02
2024-07-09,PLEIKU,14.005,108.017,15.23,23.81,26.46,21.74,22.56,23.83,92.99,18.29,94.11,1.45,249.0,13.79,34.68,0.85,0.8,87.79
2024-07-10,PLEIKU,14.005,108.017,1.1,24.93,29.64,22.42,22.31,24.99,86.58,18.01,94.05,1.78,246.2,20.91,34.87,0.79,0.78,74.78
2024-07-11,PLEIKU,14.005,108.017,7.31,23.5,26.4,21.5,22.01,23.51,91.79,17.7,93.9,1.69,251.1,19.29,35.09,0.8,0.77,81.51
2024-07-12,PLEIKU,14.005,108.017,11.08,23.93,27.37,21.93,22.36,23.97,91.49,18.14,93.69,2.28,255.6,18.35,35.23,0.82,0.78,73.2
2024-07-13,PLEIKU,14.005,108.017,11.02,23.28,25.63,21.8,22.12,23.27,93.34,17.88,93.59,1.71,234.5,14.28,35.41,0.84,0.79,93.68
2024-07-14,PLEIKU,14.005,108.017,20.84,23.28,25.41,21.99,22.26,23.29,94.16,18.04,93.55,1.93,236.3,9.58,35.0,0.86,0.8,99.15
2024-07-15,PLEIKU,14.005,108.017,8.44,23.64,27.43,21.23,22.32,23.68,92.71,18.11,93.61,1.82,247.5,15.72,34.84,0.85,0.81,93.57
2024-07-16,PLEIKU,14.005,108.017,14.65,24.26,27.93,21.34,22.37,24.27,90.12,18.18,93.66,1.12,233.5,15.03,35.42,0.85,0.8,96.88
2024-07-17,PLEIKU,14.005,108.017,22.91,23.78,26.21,22.01,22.61,23.81,93.43,18.4,93.74,1.45,223.9,14.1,34.82,0.88,0.82,99.3
2024-07-18,PLEIKU,14.005,108.017,21.63,23.54,27.49,21.94,22.32,23.56,93.17,18.07,93.79,2.13,247.3,16.07,35.21,0.9,0.84,98.95
2024-07-19,PLEIKU,14.005,108.017,7.36,24.39,27.69,22.5,22.99,24.42,92.3,18.83,93.76,1.93,252.2,13.66,35.77,0.84,0.83,98.69
2024-07-20,PLEIKU,14.005,108.017,40.4,22.85,24.77,21.48,22.3,22.84,96.59,18.04,93.85,2.4,248.0,14.62,35.06,0.93,0.85,99.54
2024-07-21,PLEIKU,14.005,108.017,18.86,22.78,25.31,21.26,21.99,22.79,95.26,17.7,93.81,2.72,245.6,6.89,34.69,0.9,0.85,98.99
2024-07-22,PLEIKU,14.005,108.017,26.47,24.2,27.96,22.21,22.67,24.23,91.6,18.45,93.83,2.87,249.9,14.59,35.61,0.91,0.87,98.28
2024-07-23,PLEIKU,14.005,108.017,47.01,23.88,27.33,21.63,22.24,23.9,91.01,18.0,93.72,3.46,251.6,12.61,35.9,0.94,0.87,98.71
2024-07-24,PLEIKU,14.005,108.017,5.51,23.86,27.34,21.95,21.79,23.9,88.99,17.54,93.53,3.46,249.8,12.67,35.32,0.88,0.88,99.59
2024-07-25,PLEIKU,14.005,108.017,7.43,24.22,27.66,21.75,22.21,24.25,89.19,18.01,93.5,3.84,250.5,14.19,35.64,0.87,0.86,96.28
2024-07-26,PLEIKU,14.005,108.017,12.78,23.5,26.14,21.55,22.05,23.5,91.86,17.79,93.69,3.56,248.2,14.04,35.18,0.88,0.85,99.44
2024-07-27,PLEIKU,14.005,108.017,24.46,24.45,27.85,22.44,22.93,24.47,91.67,18.75,93.82,2.57,248.6,16.16,35.23,0.92,0.87,99.49
2024-07-28,PLEIKU,14.005,108.017,15.32,23.78,26.49,22.24,22.69,23.79,93.82,18.48,93.83,2.13,240.8,11.98,34.93,0.91,0.88,99.96
2024-07-29,PLEIKU,14.005,108.017,9.56,23.92,27.13,22.33,22.26,23.98,91.03,17.98,93.91,2.07,248.8,13.26,35.13,0.89,0.88,99.82
2024-07-30,PLEIKU,14.005,108.017,13.81,23.77,26.36,22.3,22.66,23.79,93.76,18.4,94.03,1.8,241.7,11.7,35.2,0.9,0.88,99.61
2024-07-31,PLEIKU,14.005,108.017,7.51,23.48,25.96,22.01,22.45,23.48,94.17,18.13,94.19,1.67,240.5,15.78,34.82,0.9,0.88,97.41
2024-08-01,PLEIKU,14.005,108.017,0.88,23.93,26.93,22.0,22.32,23.93,91.24,18.0,94.16,1.56,263.5,21.31,34.54,0.87,0.88,61.25
2024-08-02,PLEIKU,14.005,108.017,7.32,24.59,28.48,21.94,22.4,24.34,88.38,18.11,94.07,1.28,249.9,22.25,34.52,0.88,0.87,34.86
2024-08-03,PLEIKU,14.005,108.017,16.58,24.14,27.36,21.67,22.73,23.98,92.2,18.48,94.12,1.23,269.2,21.18,34.3,0.91,0.89,44.98
2024-08-04,PLEIKU,14.005,108.017,8.71,24.39,28.71,21.34,22.47,24.39,89.96,18.18,94.1,1.47,271.8,20.05,34.3,0.9,0.89,41.65
2024-08-05,PLEIKU,14.005,108.017,5.04,25.14,29.98,21.99,22.48,25.05,86.7,18.23,93.99,1.21,271.8,21.07,34.38,0.89,0.89,64.42
2024-08-06,PLEIKU,14.005,108.017,13.84,25.33,29.39,22.5,23.16,25.29,88.85,19.04,93.95,1.07,251.4,21.99,34.27,0.91,0.89,52.97
2024-08-07,PLEIKU,14.005,108.017,0.95,24.49,27.86,22.07,22.72,24.42,90.31,18.46,94.04,1.19,260.1,21.14,35.06,0.88,0.89,71.72
2024-08-08,PLEIKU,14.005,108.017,1.71,24.84,28.73,22.48,23.03,24.87,90.43,18.81,94.07,1.52,253.0,20.03,35.6,0.88,0.88,65.0
2024-08-09,PLEIKU,14.005,108.017,0.61,25.04,28.45,22.88,23.22,25.06,90.16,19.05,93.97,1.72,248.3,22.18,35.42,0.87,0.88,62.75
2024-08-10,PLEIKU,14.005,108.017,0.32,25.58,29.21,23.27,23.28,25.6,87.96,19.15,93.83,1.88,248.1,21.59,35.42,0.87,0.87,54.29
2024-08-11,PLEIKU,14.005,108.017,3.17,25.4,28.95,23.08,23.68,25.42,90.72,19.65,93.73,1.93,249.7,21.12,35.41,0.87,0.87,70.38
2024-08-12,PLEIKU,14.005,108.017,10.99,24.89,28.01,22.94,23.59,24.9,92.75,19.52,93.84,2.15,247.7,20.2,35.09,0.9,0.88,75.76
2024-08-13,PLEIKU,14.005,108.017,0.09,25.08,28.91,22.58,23.09,25.07,89.39,18.9,93.96,1.56,259.3,21.35,35.19,0.87,0.87,60.83
2024-08-14,PLEIKU,14.005,108.017,1.39,25.51,29.72,22.39,23.08,25.54,87.47,18.9,93.94,1.33,243.6,21.97,35.99,0.87,0.87,70.74
2024-08-15,PLEIKU,14.005,108.017,9.53,25.89,30.41,23.14,23.67,25.85,88.68,19.63,93.83,1.3,244.7,21.05,35.7,0.88,0.87,73.68
2024-08-16,PLEIKU,14.005,108.017,18.29,24.5,27.4,22.0,23.55,24.47,94.52,19.48,93.95,1.35,248.9,18.82,35.24,0.92,0.89,87.57
2024-08-17,PLEIKU,14.005,108.017,0.0,25.56,30.01,22.06,22.35,25.28,83.81,18.06,94.08,1.18,264.7,20.03,34.46,0.87,0.88,81.3
2024-08-18,PLEIKU,14.005,108.017,0.4,25.16,29.06,22.08,23.09,24.99,88.99,18.9,94.05,1.38,268.1,21.17,35.18,0.87,0.87,67.9
2024-08-19,PLEIKU,14.005,108.017,0.49,25.02,29.23,22.22,22.67,25.06,87.79,18.42,94.06,1.61,250.8,20.76,35.02,0.87,0.87,91.73
2024-08-20,PLEIKU,14.005,108.017,0.62,24.88,28.92,22.03,22.04,24.66,85.23,17.69,94.16,1.28,259.2,18.47,35.0,0.86,0.86,87.85
2024-08-21,PLEIKU,14.005,108.017,3.05,24.4,28.04,21.79,22.47,24.29,89.65,18.15,94.22,1.19,242.8,20.31,34.5,0.87,0.86,82.91
2024-08-22,PLEIKU,14.005,108.017,0.13,26.0,30.84,22.1,21.9,25.83,80.6,17.61,94.21,0.91,201.3,22.5,34.3,0.86,0.86,65.38
2024-08-23,PLEIKU,14.005,108.017,4.53,25.42,30.11,21.99,22.71,25.39,86.3,18.44,94.25,1.15,252.7,20.23,34.53,0.86,0.86,81.72
2024-08-24,PLEIKU,14.005,108.017,6.62,25.61,29.8,21.6,22.49,25.37,84.44,18.24,94.13,0.82,225.4,22.21,34.4,0.87,0.86,72.27
2024-08-25,PLEIKU,14.005,108.017,15.5,25.05,29.94,21.24,22.69,25.0,88.02,18.5,93.97,1.05,265.7,20.56,34.76,0.9,0.87,85.93
2024-08-26,PLEIKU,14.005,108.017,5.79,24.44,28.82,21.85,22.34,24.46,89.06,18.06,94.01,1.48,243.4,17.82,34.9,0.88,0.87,79.91
2024-08-27,PLEIKU,14.005,108.017,7.43,24.95,29.67,21.96,22.72,25.0,88.58,18.48,94.01,1.5,250.6,19.2,35.34,0.88,0.87,81.79
2024-08-28,PLEIKU,14.005,108.017,38.47,24.41,28.36,22.13,22.69,24.45,90.92,18.46,93.94,1.63,248.1,19.74,35.21,0.92,0.88,85.5
2024-08-29,PLEIKU,14.005,108.017,48.84,23.67,26.11,22.16,22.61,23.68,94.02,18.37,93.93,1.79,252.2,19.68,35.06,0.97,0.92,82.45
2024-08-30,PLEIKU,14.005,108.017,11.15,24.55,28.45,21.99,22.95,24.58,91.5,18.77,93.9,1.65,252.3,18.16,35.42,0.92,0.92,86.5
2024-08-31,PLEIKU,14.005,108.017,3.49,24.28,27.77,21.77,22.69,24.28,91.47,18.48,93.89,1.29,251.0,19.05,35.0,0.9,0.91,86.63
2024-09-01,PLEIKU,14.005,108.017,4.72,24.92,29.82,21.22,21.79,24.88,84.8,17.53,93.87,0.8,81.1,17.74,34.75,0.9,0.91,70.38
2024-09-02,PLEIKU,14.005,108.017,36.12,25.6,30.6,21.94,22.36,25.57,84.28,18.14,93.93,0.81,143.2,18.28,35.17,0.95,0.92,91.48
2024-09-03,PLEIKU,14.005,108.017,14.58,24.32,28.22,22.57,22.62,24.33,90.96,18.37,93.92,1.82,236.8,17.1,35.37,0.93,0.93,89.35
2024-09-04,PLEIKU,14.005,108.017,18.81,23.54,25.66,22.38,22.8,23.54,95.63,18.62,93.68,2.21,253.4,14.62,35.33,0.94,0.93,97.24
2024-09-05,PLEIKU,14.005,108.017,22.07,24.37,26.74,22.74,23.62,24.38,95.61,19.62,93.53,1.72,253.1,17.28,34.78,0.95,0.94,99.17
2024-09-06,PLEIKU,14.005,108.017,19.74,23.78,26.24,22.57,23.02,23.77,95.56,18.9,93.58,2.66,244.4,13.78,34.64,0.95,0.95,99.14
2024-09-07,PLEIKU,14.005,108.017,13.28,24.53,28.25,22.47,23.17,24.54,92.56,19.03,93.87,2.63,237.3,14.95,35.21,0.94,0.95,99.08
2024-09-08,PLEIKU,14.005,108.017,3.37,25.01,28.92,23.04,23.27,25.04,90.78,19.13,93.94,1.97,249.3,18.07,35.48,0.93,0.94,87.38
2024-09-09,PLEIKU,14.005,108.017,7.6,24.47,27.24,22.6,23.44,24.46,94.26,19.34,93.85,1.36,265.3,14.39,35.58,0.93,0.94,97.06
2024-09-10,PLEIKU,14.005,108.017,19.47,24.75,27.1,22.81,23.73,24.73,94.28,19.69,93.87,1.06,254.8,14.92,35.46,0.94,0.94,99.15
2024-09-11,PLEIKU,14.005,108.017,14.87,24.09,26.92,22.12,23.01,24.05,93.98,18.81,94.02,1.14,274.2,13.92,34.74,0.95,0.95,99.22
2024-09-12,PLEIKU,14.005,108.017,12.42,24.21,27.11,22.23,23.1,24.21,93.78,18.92,93.94,1.61,255.1,19.79,34.9,0.95,0.95,89.9
2024-09-13,PLEIKU,14.005,108.017,13.27,24.26,27.53,22.34,22.74,24.27,91.79,18.55,93.76,1.8,258.6,17.78,35.5,0.95,0.96,92.94
2024-09-14,PLEIKU,14.005,108.017,21.49,22.7,24.79,20.2,21.84,22.69,94.9,17.58,93.65,2.49,242.1,14.97,35.16,0.97,0.96,98.22
2024-09-15,PLEIKU,14.005,108.017,14.13,23.12,25.97,20.61,22.17,23.14,94.5,17.98,93.53,1.87,245.3,13.11,35.52,0.95,0.96,90.58
2024-09-16,PLEIKU,14.005,108.017,11.63,24.77,29.56,21.47,22.86,24.63,90.12,18.78,93.48,0.7,27.3,13.95,35.08,0.96,0.96,93.94
2024-09-17,PLEIKU,14.005,108.017,25.06,23.53,26.75,20.68,21.87,23.49,91.1,17.68,93.42,1.02,25.0,17.1,34.17,0.96,0.97,96.21
2024-09-18,PLEIKU,14.005,108.017,19.36,23.28,25.9,21.66,22.07,23.28,93.21,17.9,93.26,1.63,268.1,8.74,34.37,0.97,0.97,99.67
2024-09-19,PLEIKU,14.005,108.017,19.54,23.4,26.79,21.79,22.12,23.41,92.92,17.93,93.35,2.18,242.8,13.64,35.07,0.97,0.98,97.67
2024-09-20,PLEIKU,14.005,108.017,8.48,24.53,27.87,22.04,22.94,24.54,91.44,18.81,93.6,2.05,229.8,12.21,35.56,0.96,0.98,98.9
2024-09-21,PLEIKU,14.005,108.017,28.76,24.11,26.87,21.99,23.01,24.12,93.84,18.87,93.76,1.95,232.4,14.56,35.34,0.97,0.98,99.24
2024-09-22,PLEIKU,14.005,108.017,19.59,22.67,25.36,21.06,21.7,22.65,94.44,17.36,93.99,1.66,233.2,9.52,34.33,0.97,0.99,99.77
2024-09-23,PLEIKU,14.005,108.017,4.42,23.58,26.94,21.34,21.57,23.33,89.14,17.18,94.2,1.37,247.8,11.33,34.21,0.96,0.98,99.6
2024-09-24,PLEIKU,14.005,108.017,2.17,23.33,26.3,20.84,21.96,23.22,92.54,17.64,94.22,0.82,27.1,9.91,34.26,0.96,0.98,77.24
2024-09-25,PLEIKU,14.005,108.017,0.39,25.03,30.36,21.33,22.17,25.09,85.74,17.84,94.2,1.09,73.6,18.59,34.93,0.95,0.98,56.96
2024-09-26,PLEIKU,14.005,108.017,0.74,24.16,28.36,21.27,21.99,24.18,88.59,17.63,94.26,1.19,86.9,20.13,34.22,0.95,0.97,80.66
2024-09-27,PLEIKU,14.005,108.017,0.24,24.2,28.59,21.35,21.92,24.06,88.23,17.57,94.21,1.11,92.1,15.54,34.53,0.94,0.97,58.21
2024-09-28,PLEIKU,14.005,108.017,0.0,26.15,31.32,22.64,22.72,25.83,83.32,18.5,94.09,0.73,220.3,22.41,34.39,0.94,0.96,30.37
2024-09-29,PLEIKU,14.005,108.017,0.08,25.76,30.42,22.64,23.22,25.71,87.1,19.05,94.02,1.25,277.3,17.87,35.08,0.93,0.96,47.89
2024-09-30,PLEIKU,14.005,108.017,0.78,25.55,30.02,22.29,23.31,25.58,88.4,19.19,93.93,1.43,244.3,18.75,35.63,0.93,0.95,75.32
2024-10-01,PLEIKU,14.005,108.017,6.65,24.79,28.2,21.6,22.42,24.35,87.44,18.2,94.04,0.93,347.9,18.78,35.02,0.94,0.95,82.75
2024-10-02,PLEIKU,14.005,108.017,4.18,24.42,27.84,22.04,22.49,24.37,89.71,18.17,94.24,1.1,62.9,11.91,34.6,0.93,0.95,90.25
2024-10-03,PLEIKU,14.005,108.017,5.72,22.43,26.76,18.7,21.47,22.45,94.47,17.18,94.28,1.46,61.9,13.93,34.15,0.94,0.96,95.66
2024-10-04,PLEIKU,14.005,108.017,0.13,23.69,30.35,19.11,20.56,23.74,84.05,16.16,94.22,1.82,54.4,11.07,34.74,0.92,0.95,80.92
2024-10-05,PLEIKU,14.005,108.017,5.21,24.0,28.43,21.27,21.67,24.03,88.03,17.32,94.21,1.28,59.1,9.85,34.98,0.93,0.95,93.6
2024-10-06,PLEIKU,14.005,108.017,5.82,23.34,27.38,20.39,21.81,23.33,91.74,17.45,94.26,0.9,42.3,16.14,34.85,0.93,0.95,97.25
2024-10-07,PLEIKU,14.005,108.017,17.33,23.99,27.76,21.82,22.1,23.99,90.06,17.74,94.28,1.56,43.2,17.31,35.2,0.95,0.95,93.34
2024-10-08,PLEIKU,14.005,108.017,20.74,23.39,26.79,20.72,22.46,23.36,94.69,18.17,94.24,1.4,60.0,10.11,35.12,0.96,0.97,96.91
2024-10-09,PLEIKU,14.005,108.017,5.23,23.57,28.71,19.69,21.44,23.58,88.92,17.08,94.16,1.66,60.1,17.52,34.04,0.94,0.97,71.86
2024-10-10,PLEIKU,14.005,108.017,2.45,23.72,29.26,19.75,21.05,23.75,86.43,16.68,94.13,1.47,46.0,18.7,33.91,0.93,0.96,48.82
2024-10-11,PLEIKU,14.005,108.017,10.43,24.41,29.72,21.34,22.44,24.43,89.63,18.17,94.1,2.06,61.4,11.01,35.41,0.94,0.96,79.92
2024-10-12,PLEIKU,14.005,108.017,9.38,23.53,28.31,20.54,21.62,23.53,89.88,17.24,94.21,2.07,51.3,17.37,34.27,0.94,0.96,79.46
2024-10-13,PLEIKU,14.005,108.017,4.15,24.03,29.61,19.81,21.55,24.06,87.41,17.2,94.13,1.61,45.9,18.43,33.77,0.93,0.95,42.05
2024-10-14,PLEIKU,14.005,108.017,7.34,25.59,31.25,22.03,22.62,25.59,85.48,18.4,94.02,1.01,27.9,16.01,34.99,0.93,0.95,69.2
2024-10-15,PLEIKU,14.005,108.017,2.12,24.17,28.99,21.0,22.41,24.26,90.67,18.13,94.1,1.06,53.3,18.95,34.15,0.93,0.95,79.74
2024-10-16,PLEIKU,14.005,108.017,4.82,24.29,29.39,21.06,22.21,24.35,89.26,17.89,94.19,1.29,78.3,15.67,35.06,0.93,0.95,92.47
2024-10-17,PLEIKU,14.005,108.017,4.63,23.76,28.38,20.58,21.58,23.74,88.71,17.19,94.24,1.2,102.2,13.36,34.58,0.93,0.95,75.72
2024-10-18,PLEIKU,14.005,108.017,7.66,24.95,30.79,20.6,21.44,24.94,83.4,17.08,94.21,1.07,99.2,18.82,34.25,0.93,0.95,78.59
2024-10-19,PLEIKU,14.005,108.017,1.12,23.48,27.3,20.81,21.58,23.47,89.97,17.18,94.29,1.42,67.7,16.55,34.53,0.92,0.94,81.79
2024-10-20,PLEIKU,14.005,108.017,6.02,22.38,24.38,20.44,21.38,22.33,94.23,16.96,94.29,0.99,352.4,8.38,34.07,0.93,0.94,96.3
2024-10-21,PLEIKU,14.005,108.017,20.21,23.72,26.37,21.83,22.82,23.66,94.78,18.57,94.13,1.4,20.7,6.02,35.07,0.95,0.96,99.41
2024-10-22,PLEIKU,14.005,108.017,12.96,22.81,25.86,19.68,21.82,22.77,94.27,17.5,94.16,1.87,45.8,12.39,34.28,0.95,0.96,94.8
2024-10-23,PLEIKU,14.005,108.017,1.94,22.67,27.97,19.03,20.48,22.67,88.62,16.07,94.17,1.78,46.8,13.1,33.63,0.93,0.96,97.65
2024-10-24,PLEIKU,14.005,108.017,0.09,23.55,29.01,18.82,20.18,23.48,83.35,15.88,93.99,1.04,342.2,19.15,32.0,0.93,0.95,88.44
2024-10-25,PLEIKU,14.005,108.017,0.24,22.88,29.06,18.27,18.99,22.61,81.49,14.78,93.83,1.07,293.8,18.06,31.15,0.92,0.94,91.62
2024-10-26,PLEIKU,14.005,108.017,36.18,20.76,25.78,18.54,17.55,20.84,84.67,13.58,93.58,1.82,258.7,5.67,32.78,0.96,0.95,99.53
2024-10-27,PLEIKU,14.005,108.017,25.41,20.38,22.69,18.98,19.26,20.41,93.4,14.99,93.47,3.14,238.6,6.24,33.54,0.97,0.97,99.85
2024-10-28,PLEIKU,14.005,108.017,12.58,21.87,25.34,19.51,20.64,21.92,93.08,16.33,93.57,2.06,228.7,8.46,34.71,0.96,0.98,92.29
2024-10-29,PLEIKU,14.005,108.017,1.19,23.23,27.2,20.34,21.44,23.27,90.32,17.13,93.78,2.36,252.0,9.51,35.25,0.94,0.97,88.06
2024-10-30,PLEIKU,14.005,108.017,21.3,23.63,27.54,21.04,21.79,23.67,90.17,17.47,93.94,2.06,263.4,11.65,35.19,0.96,0.97,86.93
2024-10-31,PLEIKU,14.005,108.017,11.28,22.89,25.86,19.44,21.84,22.85,94.09,17.56,93.97,0.83,354.3,9.92,34.14,0.96,0.98,90.23
2024-11-01,PLEIKU,14.005,108.017,0.18,22.61,29.15,17.78,18.22,22.6,79.78,14.0,94.16,1.25,41.1,20.16,31.75,0.94,0.97,71.48
2024-11-02,PLEIKU,14.005,108.017,4.68,22.4,26.49,20.0,20.46,22.41,89.57,16.02,94.32,1.78,51.3,11.37,34.87,0.94,0.97,98.13
2024-11-03,PLEIKU,14.005,108.017,2.37,20.9,24.79,18.07,18.98,20.89,89.44,14.62,94.33,1.88,48.5,10.79,32.89,0.94,0.97,96.45
2024-11-04,PLEIKU,14.005,108.017,3.92,23.43,28.38,19.96,20.97,23.48,87.4,16.56,94.26,1.28,42.5,14.65,33.96,0.94,0.96,58.58
2024-11-05,PLEIKU,14.005,108.017,14.62,22.7,27.04,20.73,21.05,22.7,91.14,16.62,94.31,2.17,51.2,11.15,34.61,0.95,0.97,91.96
2024-11-06,PLEIKU,14.005,108.017,11.4,22.69,25.83,21.06,21.49,22.66,93.12,17.06,94.36,2.81,60.6,4.07,34.55,0.95,0.97,95.65
2024-11-07,PLEIKU,14.005,108.017,6.91,21.8,25.77,18.78,20.17,21.76,90.75,15.75,94.42,2.8,57.6,9.01,34.17,0.94,0.97,82.82
2024-11-08,PLEIKU,14.005,108.017,1.19,21.26,27.41,16.85,18.73,21.28,86.64,14.42,94.34,2.07,47.5,13.7,32.41,0.93,0.96,86.99
2024-11-09,PLEIKU,14.005,108.017,0.0,21.58,28.1,16.36,18.48,21.6,84.41,14.19,94.32,1.48,54.1,19.86,31.0,0.93,0.95,63.17
2024-11-10,PLEIKU,14.005,108.017,0.0,22.91,29.37,17.88,19.56,22.95,83.66,15.21,94.26,1.07,48.6,17.13,32.9,0.92,0.95,52.16
2024-11-11,PLEIKU,14.005,108.017,4.8,24.19,29.93,20.02,20.95,24.13,84.08,16.6,94.07,1.06,306.3,13.5,34.63,0.92,0.94,93.24
2024-11-12,PLEIKU,14.005,108.017,12.87,23.85,28.59,20.94,22.09,23.81,90.85,17.84,93.99,1.15,68.4,4.93,35.04,0.94,0.95,97.38
2024-11-13,PLEIKU,14.005,108.017,2.99,23.77,28.87,20.38,21.89,23.77,90.07,17.56,94.1,1.5,86.7,15.17,34.16,0.93,0.95,49.37
2024-11-14,PLEIKU,14.005,108.017,0.02,24.3,30.31,19.78,21.5,24.16,85.88,17.14,94.14,1.29,83.3,16.63,33.71,0.92,0.94,49.41
2024-11-15,PLEIKU,14.005,108.017,10.6,24.43,31.05,19.4,20.72,24.23,82.19,16.35,94.12,0.82,85.4,19.49,33.17,0.93,0.94,28.08
2024-11-16,PLEIKU,14.005,108.017,8.58,23.29,30.1,17.59,20.34,23.29,85.53,16.04,94.15,1.39,61.2,18.38,32.25,0.94,0.95,44.98
2024-11-17,PLEIKU,14.005,108.017,1.27,21.48,27.62,18.27,18.43,21.49,84.78,14.12,94.22,1.81,44.7,19.4,31.94,0.92,0.94,43.51
2024-11-18,PLEIKU,14.005,108.017,3.32,22.82,27.56,20.16,20.73,22.84,89.15,16.3,94.23,2.09,57.3,14.35,34.34,0.92,0.94,81.54
2024-11-19,PLEIKU,14.005,108.017,8.51,22.53,27.66,19.19,20.53,22.53,89.35,16.12,94.29,2.49,59.0,10.53,34.13,0.92,0.94,90.81
2024-11-20,PLEIKU,14.005,108.017,3.73,21.61,25.62,19.35,20.11,21.6,91.72,15.69,94.28,1.96,53.2,11.95,33.32,0.92,0.94,86.89
2024-11-21,PLEIKU,14.005,108.017,5.94,23.28,28.49,20.19,21.16,23.29,88.92,16.76,94.21,2.2,55.1,11.49,34.04,0.92,0.93,57.88
2024-11-22,PLEIKU,14.005,108.017,8.54,22.66,27.05,20.45,20.79,22.65,89.97,16.35,94.27,2.7,58.4,9.12,34.77,0.92,0.93,92.89
2024-11-23,PLEIKU,14.005,108.017,5.04,22.93,27.36,20.84,21.02,22.92,89.69,16.58,94.34,2.86,62.5,8.88,34.98,0.92,0.93,98.29
2024-11-24,PLEIKU,14.005,108.017,2.88,23.16,27.95,20.19,21.11,23.15,89.13,16.69,94.3,2.32,62.1,8.94,34.42,0.91,0.93,93.39
2024-11-25,PLEIKU,14.005,108.017,1.18,22.7,27.8,19.88,20.4,22.7,87.98,15.96,94.31,2.13,62.7,12.45,34.04,0.91,0.92,82.59
2024-11-26,PLEIKU,14.005,108.017,0.17,23.29,28.08,20.45,20.55,23.25,85.35,16.12,94.29,3.06,65.1,11.01,34.08,0.9,0.91,97.21
2024-11-27,PLEIKU,14.005,108.017,0.02,22.61,27.27,20.08,19.45,22.57,82.99,15.04,94.33,3.48,55.3,11.17,33.38,0.9,0.91,99.06
2024-11-28,PLEIKU,14.005,108.017,0.01,19.94,25.32,16.48,16.39,19.88,80.62,12.4,94.54,3.87,49.1,9.45,32.62,0.89,0.9,98.41
2024-11-29,PLEIKU,14.005,108.017,0.01,18.6,23.28,16.28,15.04,18.6,80.58,11.33,94.45,3.3,51.4,11.1,32.1,0.89,0.89,96.9
2024-11-30,PLEIKU,14.005,108.017,0.0,20.0,25.92,16.33,17.01,20.04,84.27,12.92,94.22,2.15,55.3,11.31,32.48,0.89,0.89,76.93
2024-12-01,PLEIKU,14.005,108.017,0.0,21.57,27.5,17.8,18.75,21.62,85.56,14.44,94.11,1.7,58.9,13.22,32.79,0.88,0.88,79.1
2024-12-02,PLEIKU,14.005,108.017,0.12,21.52,26.94,18.36,19.04,21.53,87.07,14.68,94.15,1.98,61.0,12.03,33.12,0.88,0.88,86.56
2024-12-03,PLEIKU,14.005,108.017,0.2,21.78,27.4,18.35,19.06,21.78,85.7,14.71,94.15,2.42,52.9,11.35,33.43,0.88,0.88,98.25
2024-12-04,PLEIKU,14.005,108.017,0.19,21.91,26.19,19.14,19.4,21.89,86.26,15.02,94.13,2.11,46.9,10.36,34.16,0.87,0.87,94.3
2024-12-05,PLEIKU,14.005,108.017,1.75,20.72,24.36,19.24,19.14,20.72,91.09,14.77,94.13,2.14,44.1,11.18,33.25,0.87,0.87,88.73
2024-12-06,PLEIKU,14.005,108.017,6.13,21.9,26.91,18.89,20.03,21.89,89.74,15.65,94.17,2.54,54.4,8.99,34.13,0.88,0.87,86.33
2024-12-07,PLEIKU,14.005,108.017,0.49,21.15,25.1,18.61,18.88,21.12,87.36,14.52,94.3,2.53,52.1,9.82,33.66,0.87,0.87,85.54
2024-12-08,PLEIKU,14.005,108.017,1.25,21.43,26.52,19.02,18.77,21.42,85.55,14.41,94.34,3.23,54.1,7.65,33.81,0.87,0.87,96.7
2024-12-09,PLEIKU,14.005,108.017,1.51,21.57,26.52,19.18,19.17,21.57,87.22,14.79,94.21,2.66,56.1,8.54,33.72,0.87,0.86,98.85
2024-12-10,PLEIKU,14.005,108.017,13.33,22.1,26.64,19.98,20.27,22.1,90.02,15.86,94.08,2.38,54.8,6.91,33.88,0.88,0.86,99.73
2024-12-11,PLEIKU,14.005,108.017,21.66,22.24,24.74,21.1,21.41,22.2,95.02,17.04,94.05,2.92,60.8,3.69,33.87,0.93,0.9,98.65
2024-12-12,PLEIKU,14.005,108.017,6.55,22.37,25.34,21.05,21.25,22.32,93.45,16.86,94.14,2.81,67.9,6.12,34.54,0.9,0.9,98.85
2024-12-13,PLEIKU,14.005,108.017,3.01,22.58,26.08,20.7,21.04,22.54,91.15,16.62,94.3,3.01,63.5,6.96,34.63,0.89,0.89,99.34
2024-12-14,PLEIKU,14.005,108.017,7.34,21.17,25.3,18.76,19.17,21.11,88.6,14.78,94.5,3.91,57.2,6.65,33.39,0.89,0.89,99.13
2024-12-15,PLEIKU,14.005,108.017,11.04,18.65,22.97,16.13,16.52,18.6,87.77,12.47,94.59,3.93,48.3,6.64,32.48,0.9,0.89,99.03
2024-12-16,PLEIKU,14.005,108.017,2.97,18.51,23.12,16.16,16.3,18.5,87.53,12.3,94.55,3.02,49.5,8.73,32.37,0.89,0.89,80.04
2024-12-17,PLEIKU,14.005,108.017,0.57,19.81,25.14,16.98,17.18,19.83,85.96,13.01,94.45,2.53,52.8,9.28,33.12,0.88,0.88,73.48
2024-12-18,PLEIKU,14.005,108.017,1.8,19.91,25.67,16.77,17.57,19.91,87.33,13.35,94.42,2.82,49.8,8.22,33.46,0.88,0.88,80.0
2024-12-19,PLEIKU,14.005,108.017,1.82,19.03,24.79,15.48,16.7,19.04,87.36,12.63,94.44,2.86,55.5,8.59,32.8,0.88,0.88,90.85
2024-12-20,PLEIKU,14.005,108.017,0.65,18.2,24.18,14.34,15.68,18.24,86.53,11.83,94.41,2.27,54.4,9.79,31.91,0.87,0.87,90.9
2024-12-21,PLEIKU,14.005,108.017,0.02,18.16,24.42,14.06,14.54,18.18,80.49,11.0,94.43,2.49,47.1,11.14,30.7,0.87,0.87,97.89
2024-12-22,PLEIKU,14.005,108.017,0.47,17.96,22.86,15.54,14.92,18.0,83.64,11.28,94.28,2.37,38.7,11.91,31.09,0.86,0.86,84.47
2024-12-23,PLEIKU,14.005,108.017,1.38,19.52,24.66,16.98,16.6,19.53,83.89,12.57,94.21,3.06,33.2,10.38,32.56,0.86,0.86,91.58
2024-12-24,PLEIKU,14.005,108.017,3.47,18.72,22.86,16.74,16.21,18.69,85.81,12.24,94.31,3.25,35.2,8.04,32.25,0.86,0.86,99.39
2024-12-25,PLEIKU,14.005,108.017,3.96,19.99,23.28,18.11,18.7,19.98,92.56,14.33,94.4,2.32,40.2,6.79,33.53,0.87,0.86,99.01
2024-12-26,PLEIKU,14.005,108.017,4.79,22.36,27.44,19.55,20.37,22.36,89.47,15.9,94.52,2.42,52.6,9.9,34.26,0.87,0.86,77.67
2024-12-27,PLEIKU,14.005,108.017,10.31,21.87,27.06,18.92,19.9,21.85,89.32,15.43,94.62,3.06,53.0,8.75,34.15,0.88,0.87,93.63
2024-12-28,PLEIKU,14.005,108.017,7.94,18.9,24.72,15.02,16.7,18.84,87.61,12.66,94.65,3.53,48.6,7.72,32.68,0.88,0.87,86.86
2024-12-29,PLEIKU,14.005,108.017,1.57,18.71,23.85,15.81,16.36,18.73,87.23,12.33,94.57,2.72,55.3,8.55,32.35,0.87,0.87,80.15
2024-12-30,PLEIKU,14.005,108.017,0.84,19.85,25.39,17.13,17.26,19.9,86.17,13.08,94.48,2.29,49.2,10.49,32.97,0.86,0.86,87.02
2024-12-31,PLEIKU,14.005,108.017,0.69,18.86,23.87,15.76,16.14,18.85,84.62,12.23,94.36,2.61,40.4,8.99,32.56,0.86,0.86,98.26
2025-01-01,PLEIKU,14.005,108.017,0.03,19.08,24.77,15.87,16.22,19.13,84.27,12.28,94.29,2.14,44.0,9.08,32.73,0.86,0.85,98.33
2025-01-02,PLEIKU,14.005,108.017,0.25,19.65,24.84,16.43,16.61,19.66,83.28,12.59,94.32,2.49,40.1,7.86,32.7,0.85,0.85,94.29
2025-01-03,PLEIKU,14.005,108.017,0.45,18.3,23.45,14.3,15.31,18.26,83.18,11.58,94.4,3.04,43.6,8.87,31.6,0.85,0.85,92.82
2025-01-04,PLEIKU,14.005,108.017,0.0,17.33,23.89,13.48,14.13,17.37,83.35,10.7,94.43,2.37,46.6,12.37,30.28,0.85,0.84,81.8
2025-01-05,PLEIKU,14.005,108.017,0.0,17.46,24.49,12.23,14.39,17.49,83.94,10.92,94.47,2.38,44.7,15.45,30.2,0.85,0.84,74.12
2025-01-06,PLEIKU,14.005,108.017,0.0,18.31,24.36,14.75,15.43,18.38,85.19,11.65,94.42,2.01,53.8,15.6,30.65,0.84,0.84,55.08
2025-01-07,PLEIKU,14.005,108.017,0.0,19.56,26.39,14.51,16.45,19.61,84.1,12.45,94.4,1.83,62.6,16.15,31.09,0.84,0.83,50.23
2025-01-08,PLEIKU,14.005,108.017,0.47,19.18,24.62,16.51,16.19,19.23,84.77,12.21,94.46,1.88,55.6,19.56,30.24,0.84,0.83,45.34
2025-01-09,PLEIKU,14.005,108.017,1.33,19.78,26.18,15.92,17.11,19.79,85.89,12.95,94.58,2.83,56.4,11.55,32.78,0.84,0.83,79.74
2025-01-10,PLEIKU,14.005,108.017,1.17,17.51,22.4,14.8,14.44,17.5,82.98,10.87,94.81,3.86,52.7,8.88,32.17,0.83,0.83,86.85
2025-01-11,PLEIKU,14.005,108.017,0.67,16.41,22.01,12.71,12.68,16.41,79.34,9.7,94.9,4.09,45.7,8.88,31.01,0.83,0.82,81.13
2025-01-12,PLEIKU,14.005,108.017,0.02,14.62,19.85,11.49,11.05,14.67,80.28,8.69,94.73,3.32,47.0,11.45,29.12,0.83,0.82,89.35
2025-01-13,PLEIKU,14.005,108.017,0.26,17.15,22.81,13.87,13.9,17.21,82.55,10.53,94.51,2.54,52.3,11.04,30.84,0.83,0.82,72.42
2025-01-14,PLEIKU,14.005,108.017,1.38,20.27,25.93,16.86,18.09,20.32,88.23,13.8,94.5,2.09,44.9,10.92,33.31,0.83,0.82,79.87
2025-01-15,PLEIKU,14.005,108.017,6.66,20.75,26.89,17.31,18.62,20.77,88.5,14.27,94.58,3.07,55.4,8.91,33.48,0.84,0.82,80.77
2025-01-16,PLEIKU,14.005,108.017,4.24,18.17,23.16,14.51,15.76,18.16,86.63,11.86,94.66,3.57,51.5,8.18,32.37,0.83,0.82,80.62
2025-01-17,PLEIKU,14.005,108.017,0.39,17.16,23.13,13.42,14.28,17.2,84.45,10.8,94.46,2.84,56.4,7.82,31.76,0.83,0.82,80.51
2025-01-18,PLEIKU,14.005,108.017,0.03,17.45,24.54,12.8,14.15,17.52,82.87,10.73,94.39,2.25,53.2,12.59,30.78,0.82,0.81,61.24
2025-01-19,PLEIKU,14.005,108.017,0.0,18.01,25.45,12.74,14.51,18.08,82.19,11.01,94.27,2.0,57.6,17.36,29.75,0.82,0.81,57.84
2025-01-20,PLEIKU,14.005,108.017,0.0,17.56,25.42,11.69,13.83,17.65,81.31,10.55,94.27,1.76,56.5,15.93,30.53,0.81,0.81,78.56
2025-01-21,PLEIKU,14.005,108.017,0.0,17.53,25.29,12.44,13.9,17.63,82.16,10.59,94.28,1.51,63.7,17.41,29.85,0.81,0.8,63.2
2025-01-22,PLEIKU,14.005,108.017,0.0,18.2,26.57,12.34,14.52,18.26,82.21,11.03,94.31,1.61,62.9,19.58,27.81,0.81,0.8,46.1
2025-01-23,PLEIKU,14.005,108.017,0.0,18.24,26.64,12.69,13.72,17.78,78.94,10.48,94.28,1.6,58.8,18.91,28.46,0.8,0.8,89.96
2025-01-24,PLEIKU,14.005,108.017,0.0,20.42,28.75,14.99,15.71,19.94,77.88,11.94,94.2,1.35,68.6,20.64,29.03,0.8,0.79,57.4
2025-01-25,PLEIKU,14.005,108.017,0.01,20.57,28.33,14.95,16.51,20.58,80.88,12.54,94.25,1.49,64.3,20.41,30.28,0.8,0.79,63.65
2025-01-26,PLEIKU,14.005,108.017,1.17,18.53,25.12,13.44,15.04,18.54,82.15,11.36,94.45,2.87,46.8,16.07,31.36,0.79,0.79,69.35
2025-01-27,PLEIKU,14.005,108.017,0.77,16.14,21.86,13.29,12.99,16.19,82.87,9.91,94.53,2.99,50.5,12.72,30.31,0.8,0.79,88.71
2025-01-28,PLEIKU,14.005,108.017,0.22,16.93,22.7,14.04,13.39,16.98,81.19,10.14,94.72,2.81,49.3,12.9,31.53,0.79,0.78,90.1
2025-01-29,PLEIKU,14.005,108.017,0.11,16.87,22.58,13.38,13.92,16.94,84.53,10.51,94.66,2.4,52.8,10.86,30.99,0.79,0.78,84.3
2025-01-30,PLEIKU,14.005,108.017,0.0,17.29,24.39,11.52,14.01,17.36,83.29,10.65,94.33,1.88,51.7,15.33,29.26,0.79,0.78,47.54
2025-01-31,PLEIKU,14.005,108.017,0.0,18.9,27.35,12.67,13.97,18.78,76.74,10.68,94.15,1.32,41.8,21.31,28.14,0.79,0.78,59.75
2025-02-01,PLEIKU,14.005,108.017,0.0,20.03,27.49,13.93,13.65,18.8,69.01,10.51,94.08,1.45,41.2,22.39,27.82,0.78,0.77,16.37
2025-02-02,PLEIKU,14.005,108.017,0.0,20.02,28.89,13.53,14.65,20.01,76.14,11.18,94.15,1.48,56.2,22.56,28.49,0.78,0.77,22.23
2025-02-03,PLEIKU,14.005,108.017,1.79,19.78,26.61,16.21,16.14,19.82,82.03,12.18,94.39,2.41,55.3,16.85,32.13,0.77,0.76,64.77
2025-02-04,PLEIKU,14.005,108.017,5.1,17.7,23.8,13.95,15.27,17.74,87.17,11.5,94.5,2.74,57.4,7.98,31.71,0.79,0.77,79.35
2025-02-05,PLEIKU,14.005,108.017,0.31,17.52,24.95,12.4,14.33,17.62,83.89,10.85,94.36,1.99,60.2,16.77,29.75,0.78,0.77,54.3
2025-02-06,PLEIKU,14.005,108.017,0.01,18.57,26.31,13.76,14.66,18.64,81.21,11.11,94.3,1.9,56.2,21.68,29.32,0.77,0.76,41.58
2025-02-07,PLEIKU,14.005,108.017,0.11,19.57,25.03,16.57,16.18,19.62,82.31,12.2,94.45,2.46,48.5,17.14,31.94,0.77,0.76,88.34
2025-02-08,PLEIKU,14.005,108.017,0.28,18.65,24.21,15.59,14.84,18.68,79.59,11.18,94.52,3.24,50.8,8.09,32.18,0.77,0.76,96.46
2025-02-09,PLEIKU,14.005,108.017,0.24,17.59,22.45,15.07,14.11,17.65,81.1,10.66,94.48,3.06,47.3,8.02,31.76,0.77,0.76,90.73
2025-02-10,PLEIKU,14.005,108.017,0.48,19.03,24.16,16.26,15.5,19.11,80.81,11.69,94.39,2.61,42.1,9.62,32.62,0.76,0.75,91.85
2025-02-11,PLEIKU,14.005,108.017,0.46,21.12,26.86,17.72,18.23,21.22,84.85,13.94,94.32,1.87,44.0,10.98,33.77,0.76,0.75,88.38
2025-02-12,PLEIKU,14.005,108.017,0.11,22.2,27.95,18.5,19.34,22.28,85.12,14.94,94.35,1.46,38.5,15.2,33.95,0.76,0.75,72.88
2025-02-13,PLEIKU,14.005,108.017,0.2,22.05,29.04,16.74,18.48,22.12,81.82,14.17,94.35,1.9,29.5,12.9,33.51,0.76,0.75,73.75
2025-02-14,PLEIKU,14.005,108.017,0.57,22.21,28.8,17.49,18.89,22.31,83.39,14.55,94.3,1.68,54.2,16.63,32.73,0.76,0.74,58.83
2025-02-15,PLEIKU,14.005,108.017,0.01,22.77,29.76,17.98,19.05,22.86,81.96,14.68,94.25,1.73,70.2,19.78,33.07,0.75,0.74,54.47
2025-02-16,PLEIKU,14.005,108.017,0.0,22.07,28.81,17.2,18.41,22.14,81.69,14.08,94.45,2.37,65.8,16.41,33.08,0.74,0.74,57.98
2025-02-17,PLEIKU,14.005,108.017,0.1,21.2,27.79,16.19,17.48,21.29,81.28,13.26,94.53,2.44,61.7,17.55,33.04,0.74,0.73,59.45
2025-02-18,PLEIKU,14.005,108.017,2.13,21.52,27.97,17.63,18.1,21.62,82.75,13.79,94.51,2.66,57.4,13.82,33.22,0.74,0.73,77.36
2025-02-19,PLEIKU,14.005,108.017,1.62,20.6,26.22,16.81,17.64,20.68,84.48,13.39,94.51,2.51,62.6,10.52,33.02,0.74,0.73,79.28
2025-02-20,PLEIKU,14.005,108.017,0.11,22.05,28.16,18.57,18.25,22.16,80.8,13.91,94.51,2.41,61.6,11.87,33.59,0.74,0.73,80.76
2025-02-21,PLEIKU,14.005,108.017,0.87,22.05,28.23,18.49,18.76,22.15,83.32,14.35,94.57,2.48,65.7,9.49,33.94,0.73,0.73,95.06
2025-02-22,PLEIKU,14.005,108.017,2.27,21.4,25.51,19.35,18.92,21.44,86.5,14.49,94.62,2.82,62.7,11.4,34.3,0.74,0.73,94.59
2025-02-23,PLEIKU,14.005,108.017,6.9,21.5,25.21,19.13,19.24,21.52,87.48,14.76,94.73,3.33,61.1,8.1,34.16,0.76,0.73,98.98
2025-02-24,PLEIKU,14.005,108.017,3.18,20.81,26.14,17.98,17.7,20.86,83.51,13.39,94.84,3.55,59.1,9.21,32.76,0.75,0.73,76.31
2025-02-25,PLEIKU,14.005,108.017,1.18,21.13,27.12,17.62,17.78,21.21,82.69,13.45,94.84,2.89,56.2,12.37,33.25,0.74,0.73,86.32
2025-02-26,PLEIKU,14.005,108.017,0.59,21.32,27.2,17.2,18.1,21.4,83.36,13.76,94.71,2.2,60.6,11.19,33.05,0.74,0.73,80.65
2025-02-27,PLEIKU,14.005,108.017,0.0,22.0,29.4,16.68,17.92,22.13,80.26,13.65,94.48,1.97,75.5,16.03,33.12,0.73,0.72,62.64
2025-02-28,PLEIKU,14.005,108.017,0.0,22.68,30.4,16.71,18.39,22.81,79.65,14.08,94.42,1.81,77.9,21.42,32.47,0.72,0.72,44.24
2025-03-01,PLEIKU,14.005,108.017,0.0,22.89,31.48,16.91,17.76,22.99,77.25,13.58,94.24,1.69,82.8,25.3,30.06,0.72,0.71,13.13
2025-03-02,PLEIKU,14.005,108.017,0.0,23.55,31.72,18.6,18.12,23.44,76.13,13.93,94.13,1.43,93.5,24.91,30.95,0.71,0.71,9.01
2025-03-03,PLEIKU,14.005,108.017,0.0,25.9,33.35,21.54,19.73,25.89,72.61,15.44,94.04,1.2,95.3,23.83,33.1,0.71,0.7,43.74
2025-03-04,PLEIKU,14.005,108.017,0.0,26.2,32.69,20.79,20.54,25.82,74.18,16.2,94.0,0.99,137.8,20.67,34.88,0.7,0.7,47.79
2025-03-05,PLEIKU,14.005,108.017,0.95,26.03,33.41,20.29,21.12,26.21,77.96,16.78,94.07,1.08,85.2,19.96,34.84,0.7,0.7,59.34
2025-03-06,PLEIKU,14.005,108.017,0.92,24.47,31.79,19.6,20.03,24.65,79.14,15.62,94.28,2.23,73.6,19.29,34.14,0.7,0.7,74.83
2025-03-07,PLEIKU,14.005,108.017,0.34,22.43,29.39,18.13,17.91,22.62,77.24,13.66,94.32,2.99,51.6,13.0,33.12,0.69,0.69,79.93
2025-03-08,PLEIKU,14.005,108.017,0.03,22.48,29.21,18.44,17.55,22.7,75.67,13.31,94.45,2.92,55.9,12.85,33.56,0.69,0.69,82.12
2025-03-09,PLEIKU,14.005,108.017,1.75,22.15,27.96,18.57,18.28,22.28,80.59,13.93,94.57,2.65,54.6,11.69,34.41,0.69,0.69,93.74
2025-03-10,PLEIKU,14.005,108.017,2.21,22.39,27.17,18.93,19.58,22.54,85.44,15.12,94.53,2.45,62.1,9.24,33.82,0.7,0.69,83.71
2025-03-11,PLEIKU,14.005,108.017,1.76,23.74,30.96,19.27,19.86,23.97,81.73,15.44,94.34,2.02,74.2,15.88,34.33,0.7,0.69,84.36
2025-03-12,PLEIKU,14.005,108.017,0.51,24.21,31.83,19.04,19.76,24.44,79.29,15.36,94.21,2.03,83.9,19.37,33.59,0.69,0.69,77.24
2025-03-13,PLEIKU,14.005,108.017,0.0,24.65,30.89,19.92,20.41,24.89,79.9,15.99,94.26,1.49,93.3,22.72,32.77,0.69,0.69,49.03
2025-03-14,PLEIKU,14.005,108.017,0.0,25.03,33.38,18.76,19.47,25.24,75.46,15.08,94.29,1.46,91.3,25.96,31.86,0.68,0.68,16.05
2025-03-15,PLEIKU,14.005,108.017,0.02,25.84,34.56,20.16,18.92,26.1,71.5,14.66,94.27,1.42,69.3,24.65,33.27,0.67,0.68,40.29
2025-03-16,PLEIKU,14.005,108.017,4.67,22.92,31.58,17.0,18.15,23.19,76.94,13.92,94.32,2.69,57.2,13.57,33.9,0.69,0.68,89.2
2025-03-17,PLEIKU,14.005,108.017,0.89,21.56,28.66,16.86,16.86,21.82,76.54,12.75,94.45,2.72,46.3,12.4,32.71,0.69,0.68,74.4
2025-03-18,PLEIKU,14.005,108.017,0.09,20.84,28.47,15.41,15.36,21.1,72.67,11.58,94.64,3.12,48.4,10.22,33.12,0.67,0.68,79.04
2025-03-19,PLEIKU,14.005,108.017,0.04,19.22,26.55,14.31,13.76,19.49,72.4,10.41,94.83,3.13,47.4,11.29,32.43,0.67,0.67,78.42
2025-03-20,PLEIKU,14.005,108.017,0.03,19.27,26.59,15.12,13.94,19.54,73.18,10.51,94.82,3.2,47.8,10.52,32.57,0.67,0.67,94.96
2025-03-21,PLEIKU,14.005,108.017,0.01,19.82,27.97,14.17,14.26,20.1,73.17,10.75,94.74,2.56,51.3,14.67,32.14,0.67,0.67,76.05
2025-03-22,PLEIKU,14.005,108.017,0.01,20.23,27.98,14.5,15.19,20.48,76.17,11.45,94.6,2.38,63.3,17.28,31.46,0.66,0.67,57.46
2025-03-23,PLEIKU,14.005,108.017,0.16,20.68,28.42,14.61,15.67,20.99,76.72,11.84,94.46,1.99,67.9,22.63,30.59,0.66,0.66,36.97
2025-03-24,PLEIKU,14.005,108.017,0.0,20.97,29.35,14.79,15.38,21.22,74.99,11.66,94.2,1.52,67.5,25.08,29.57,0.66,0.66,23.46
2025-03-25,PLEIKU,14.005,108.017,0.0,22.75,32.52,17.24,15.03,22.55,68.09,11.5,93.94,1.3,90.8,26.07,29.6,0.66,0.66,7.37
2025-03-26,PLEIKU,14.005,108.017,0.0,24.7,33.28,18.59,17.46,24.44,69.23,13.41,93.81,1.2,134.4,25.4,31.9,0.65,0.66,7.4
2025-03-27,PLEIKU,14.005,108.017,0.11,26.47,33.2,21.18,19.09,25.63,66.74,14.84,93.76,1.03,184.9,22.54,33.85,0.65,0.65,22.0
2025-03-28,PLEIKU,14.005,108.017,1.28,26.14,33.43,20.65,20.51,26.36,75.29,16.22,93.97,1.16,92.6,22.99,33.65,0.66,0.65,46.08
2025-03-29,PLEIKU,14.005,108.017,0.63,25.27,32.88,20.24,19.99,25.59,76.08,15.58,94.18,2.29,81.2,22.89,33.77,0.65,0.65,48.98
2025-03-30,PLEIKU,14.005,108.017,1.31,24.06,32.04,18.91,18.81,24.37,74.43,14.5,94.3,2.68,50.3,12.15,33.94,0.65,0.65,89.06
2025-03-31,PLEIKU,14.005,108.017,0.08,22.8,29.4,18.1,17.19,23.11,72.18,13.05,94.26,2.95,42.1,16.12,33.28,0.64,0.65,87.6
2025-04-01,PLEIKU,14.005,108.017,0.17,21.9,28.39,17.02,16.8,22.14,74.37,12.73,94.32,2.72,51.6,15.85,33.05,0.65,0.65,61.27
2025-04-02,PLEIKU,14.005,108.017,0.11,21.42,28.0,17.15,16.65,21.71,76.25,12.57,94.47,2.76,59.5,14.2,33.33,0.64,0.65,72.06
2025-04-03,PLEIKU,14.005,108.017,0.0,22.49,30.31,16.55,17.32,22.84,75.5,13.13,94.43,2.41,67.1,15.02,32.87,0.64,0.64,55.91
2025-04-04,PLEIKU,14.005,108.017,0.0,24.19,33.23,18.13,17.93,24.52,72.73,13.69,94.29,1.7,90.7,18.22,33.06,0.63,0.64,33.44
2025-04-05,PLEIKU,14.005,108.017,0.0,26.12,35.25,19.76,19.12,26.55,70.71,14.79,94.22,1.62,85.4,23.81,34.13,0.63,0.64,60.88
2025-04-06,PLEIKU,14.005,108.017,0.01,25.12,33.13,19.28,19.28,25.49,73.58,14.88,94.32,2.11,87.2,13.68,34.98,0.63,0.64,73.55
2025-04-07,PLEIKU,14.005,108.017,0.03,24.83,32.95,18.71,19.29,25.2,74.88,14.88,94.43,2.4,72.8,19.48,33.64,0.62,0.64,72.78
2025-04-08,PLEIKU,14.005,108.017,0.0,24.54,33.36,18.3,17.62,24.89,70.97,13.45,94.39,2.07,77.4,20.28,32.9,0.62,0.63,56.48
2025-04-09,PLEIKU,14.005,108.017,0.02,26.35,35.36,20.4,18.28,26.73,67.47,14.12,94.15,1.38,92.9,23.86,33.7,0.61,0.63,68.86
2025-04-10,PLEIKU,14.005,108.017,0.17,26.08,32.41,21.2,20.58,26.21,74.84,16.21,93.99,1.3,236.3,12.76,34.63,0.61,0.63,69.45
2025-04-11,PLEIKU,14.005,108.017,0.13,27.1,34.51,22.07,20.37,27.44,70.61,16.02,93.99,1.38,196.1,23.76,34.92,0.61,0.63,61.34
2025-04-12,PLEIKU,14.005,108.017,0.61,26.62,32.23,23.19,21.93,26.75,77.92,17.62,94.12,1.34,193.4,19.98,35.7,0.61,0.63,81.38
2025-04-13,PLEIKU,14.005,108.017,0.02,23.99,31.45,17.59,19.0,24.21,75.87,14.72,94.23,1.75,63.6,12.66,34.29,0.62,0.63,88.53
2025-04-14,PLEIKU,14.005,108.017,0.0,25.14,34.1,19.37,18.16,25.57,69.3,13.89,94.26,2.03,68.7,16.28,34.43,0.61,0.63,83.42
2025-04-15,PLEIKU,14.005,108.017,0.0,25.21,33.8,19.66,19.11,25.65,72.37,14.73,94.21,1.8,88.2,16.52,34.15,0.6,0.62,88.24
2025-04-16,PLEIKU,14.005,108.017,0.14,26.19,33.65,22.04,20.41,26.54,74.14,16.07,94.13,0.66,164.2,20.92,34.85,0.6,0.62,85.31
2025-04-17,PLEIKU,14.005,108.017,0.71,26.3,31.19,22.23,21.48,26.19,76.78,17.13,94.07,1.01,227.8,18.48,34.85,0.61,0.63,82.9
2025-04-18,PLEIKU,14.005,108.017,0.03,27.34,34.13,21.99,21.4,27.58,73.16,17.06,94.02,1.21,164.3,22.19,34.75,0.61,0.62,75.84
2025-04-19,PLEIKU,14.005,108.017,0.06,27.12,35.33,19.9,20.26,27.44,70.16,15.89,94.04,1.34,121.9,20.94,34.21,0.6,0.62,86.51
2025-04-20,PLEIKU,14.005,108.017,0.0,27.03,35.86,20.45,18.65,27.36,66.4,14.46,94.13,1.54,111.1,24.01,32.74,0.59,0.62,31.07
2025-04-21,PLEIKU,14.005,108.017,0.0,28.21,37.14,21.89,19.23,28.6,64.72,15.0,94.23,1.38,107.8,25.91,33.89,0.58,0.62,31.3
2025-04-22,PLEIKU,14.005,108.017,0.85,27.32,34.7,21.7,20.81,27.66,71.66,16.43,94.18,1.22,175.7,24.43,34.52,0.59,0.62,48.39
2025-04-23,PLEIKU,14.005,108.017,1.85,27.33,34.39,21.8,20.92,27.56,71.67,16.56,94.07,1.31,238.9,20.05,35.0,0.61,0.62,76.59
2025-04-24,PLEIKU,14.005,108.017,0.33,28.08,35.11,22.18,20.55,28.26,67.28,16.23,94.04,1.3,245.2,21.79,35.2,0.59,0.62,67.82
2025-04-25,PLEIKU,14.005,108.017,1.8,26.1,32.41,21.74,20.76,26.37,75.68,16.39,94.16,1.59,13.1,17.33,34.67,0.61,0.62,83.16
2025-04-26,PLEIKU,14.005,108.017,0.09,25.99,32.31,20.73,20.14,26.21,73.22,15.71,94.26,1.61,98.5,21.84,34.03,0.6,0.62,73.85
2025-04-27,PLEIKU,14.005,108.017,0.0,26.73,35.15,20.18,18.82,27.11,66.81,14.52,94.2,1.63,94.7,24.4,33.49,0.59,0.61,50.4
2025-04-28,PLEIKU,14.005,108.017,0.0,26.78,35.95,20.0,17.94,27.2,65.69,13.86,94.11,1.98,83.8,25.78,32.26,0.57,0.61,55.3
2025-04-29,PLEIKU,14.005,108.017,0.0,26.37,35.36,19.92,17.57,26.87,65.21,13.54,94.16,2.02,75.6,23.77,32.55,0.57,0.61,67.74
2025-04-30,PLEIKU,14.005,108.017,1.3,26.24,34.44,20.45,19.52,26.67,71.73,15.21,94.19,2.32,76.2,22.31,33.17,0.57,0.61,45.73
2025-05-01,PLEIKU,14.005,108.017,4.96,25.19,32.99,19.89,19.33,25.53,73.94,15.0,94.22,2.5,66.4,22.34,33.65,0.59,0.61,41.42
2025-05-02,PLEIKU,14.005,108.017,4.77,26.22,33.74,21.48,20.49,26.53,75.33,16.19,94.1,1.9,81.5,19.8,34.81,0.61,0.62,54.57
2025-05-03,PLEIKU,14.005,108.017,1.2,26.22,33.61,20.17,20.17,26.37,72.97,15.81,94.05,1.19,164.3,21.85,34.8,0.61,0.62,85.62
2025-05-04,PLEIKU,14.005,108.017,1.94,27.27,35.86,21.41,19.09,27.41,65.89,14.83,93.99,1.21,131.5,21.18,34.89,0.61,0.62,93.13
2025-05-05,PLEIKU,14.005,108.017,0.23,28.01,36.06,22.54,19.84,28.36,66.49,15.59,93.95,1.21,149.6,20.93,35.36,0.59,0.62,79.54
2025-05-06,PLEIKU,14.005,108.017,0.57,28.26,34.98,23.23,21.5,28.57,70.84,17.24,93.9,1.11,203.4,19.12,36.1,0.59,0.61,80.54
2025-05-07,PLEIKU,14.005,108.017,1.63,25.29,29.0,22.34,21.59,24.73,80.72,17.27,93.88,1.11,278.0,17.39,34.37,0.61,0.62,67.77
2025-05-08,PLEIKU,14.005,108.017,0.23,29.36,35.83,24.0,21.49,29.39,65.82,17.3,93.8,1.08,239.8,19.3,36.37,0.59,0.61,68.33
2025-05-09,PLEIKU,14.005,108.017,2.53,26.22,32.12,22.49,22.04,26.29,79.96,17.79,93.92,1.04,84.3,20.0,35.44,0.62,0.62,77.42
2025-05-10,PLEIKU,14.005,108.017,5.55,25.89,30.46,22.44,22.32,25.81,82.61,18.07,93.97,0.89,166.4,19.38,35.28,0.65,0.62,97.11
2025-05-11,PLEIKU,14.005,108.017,2.65,26.62,33.4,22.2,21.46,26.87,77.06,17.2,93.89,1.06,94.3,13.02,35.48,0.64,0.63,93.09
2025-05-12,PLEIKU,14.005,108.017,7.3,25.13,30.98,21.43,21.1,25.31,81.0,16.76,93.97,1.39,77.1,16.07,35.28,0.66,0.63,94.52
2025-05-13,PLEIKU,14.005,108.017,13.15,25.39,30.35,21.96,21.81,25.46,82.68,17.49,94.1,0.97,98.3,12.57,35.36,0.72,0.65,86.49
2025-05-14,PLEIKU,14.005,108.017,17.4,25.88,32.33,21.77,21.85,25.96,81.46,17.52,94.17,1.29,77.9,19.16,35.12,0.75,0.67,92.63
2025-05-15,PLEIKU,14.005,108.017,1.48,25.29,31.47,20.65,21.21,25.33,80.98,16.85,94.17,1.25,60.2,20.36,34.61,0.69,0.67,80.34
2025-05-16,PLEIKU,14.005,108.017,0.99,26.23,32.78,21.85,21.36,26.26,77.88,17.01,94.13,1.16,99.3,21.89,34.83,0.67,0.66,54.76
2025-05-17,PLEIKU,14.005,108.017,1.12,25.77,31.56,21.43,20.93,25.74,77.71,16.56,94.16,1.19,106.1,22.11,34.42,0.66,0.66,52.91
2025-05-18,PLEIKU,14.005,108.017,1.49,26.6,33.63,21.8,20.83,26.79,74.68,16.47,94.08,1.39,104.5,24.28,34.52,0.65,0.65,40.91
2025-05-19,PLEIKU,14.005,108.017,11.34,26.44,32.89,22.75,21.66,26.44,78.32,17.37,94.02,1.03,151.0,20.93,35.21,0.72,0.66,60.58
2025-05-20,PLEIKU,14.005,108.017,14.63,25.84,30.21,21.99,21.8,25.48,80.23,17.5,94.04,0.81,215.4,19.9,34.57,0.74,0.67,67.28
2025-05-21,PLEIKU,14.005,108.017,8.3,26.07,31.78,22.03,22.46,26.12,82.84,18.22,93.96,0.8,83.2,21.34,34.75,0.73,0.68,75.34
2025-05-22,PLEIKU,14.005,108.017,13.13,26.35,31.96,22.18,22.07,26.27,80.28,17.86,93.79,0.8,100.6,21.42,35.0,0.76,0.69,92.37
2025-05-23,PLEIKU,14.005,108.017,4.94,24.62,30.45,20.56,20.71,24.62,81.73,16.4,93.82,1.47,94.4,23.16,33.68,0.73,0.69,88.81
2025-05-24,PLEIKU,14.005,108.017,1.5,25.22,30.09,21.89,21.75,25.27,82.9,17.42,94.01,1.63,112.2,21.34,35.1,0.69,0.68,68.49
2025-05-25,PLEIKU,14.005,108.017,4.46,24.79,29.99,21.76,21.94,24.84,85.74,17.58,94.17,1.8,92.6,17.52,35.35,0.7,0.68,86.64
2025-05-26,PLEIKU,14.005,108.017,0.91,24.47,28.96,21.48,21.73,24.52,85.91,17.37,94.15,1.55,81.5,19.07,34.49,0.68,0.67,74.18
2025-05-27,PLEIKU,14.005,108.017,1.64,25.86,31.74,21.98,22.15,25.97,82.43,17.87,93.95,1.28,73.0,19.23,35.18,0.67,0.66,77.74
2025-05-28,PLEIKU,14.005,108.017,10.36,25.91,32.13,22.29,22.51,26.0,83.69,18.3,93.75,1.15,357.6,19.78,35.66,0.7,0.66,90.86
2025-05-29,PLEIKU,14.005,108.017,22.41,24.13,29.55,21.19,22.16,24.2,89.59,17.88,93.9,2.34,258.2,9.34,35.48,0.8,0.7,99.55
2025-05-30,PLEIKU,14.005,108.017,4.78,24.39,28.64,21.88,22.37,24.45,89.43,18.08,94.06,1.76,256.5,13.8,35.41,0.74,0.7,99.68
2025-05-31,PLEIKU,14.005,108.017,2.71,23.69,27.4,21.28,21.94,23.73,90.51,17.6,94.12,2.26,255.5,16.24,35.2,0.73,0.7,96.34
2025-06-01,PLEIKU,14.005,108.017,2.84,25.08,30.03,21.68,21.89,25.17,84.29,17.58,94.0,2.29,259.5,17.65,35.24,0.7,0.69,77.49
2025-06-02,PLEIKU,14.005,108.017,7.05,24.97,29.75,21.9,22.32,25.05,86.7,18.06,93.91,2.35,259.4,19.2,35.13,0.73,0.69,84.74
2025-06-03,PLEIKU,14.005,108.017,5.78,25.17,30.05,22.11,22.39,25.2,86.03,18.13,93.89,1.73,268.4,20.83,35.48,0.72,0.68,69.06
2025-06-04,PLEIKU,14.005,108.017,6.35,24.66,28.05,22.45,22.96,24.67,90.83,18.76,93.97,1.07,244.2,18.22,35.6,0.73,0.69,93.12
2025-06-05,PLEIKU,14.005,108.017,21.48,24.35,27.21,21.43,22.08,23.78,87.47,17.78,94.02,1.01,255.3,18.72,35.04,0.8,0.7,71.55
2025-06-06,PLEIKU,14.005,108.017,37.21,24.45,28.12,22.01,22.93,24.41,91.71,18.72,93.99,1.29,244.2,19.5,35.04,0.87,0.76,84.18
2025-06-07,PLEIKU,14.005,108.017,2.65,24.98,28.98,22.39,22.92,24.99,89.32,18.72,93.93,1.49,243.7,19.6,35.28,0.77,0.75,68.7
2025-06-08,PLEIKU,14.005,108.017,3.08,24.4,27.73,21.99,22.79,24.42,91.29,18.58,93.85,1.45,251.4,19.28,35.26,0.76,0.74,74.22
2025-06-09,PLEIKU,14.005,108.017,3.54,24.75,28.63,22.05,22.55,24.6,88.35,18.36,93.73,1.16,238.6,15.3,35.32,0.75,0.73,98.07
2025-06-10,PLEIKU,14.005,108.017,36.96,23.51,26.08,21.58,22.48,23.49,94.1,18.27,93.64,1.37,264.6,9.17,34.95,0.84,0.74,99.46
2025-06-11,PLEIKU,14.005,108.017,30.04,23.56,25.68,21.77,22.63,23.56,94.51,18.49,93.44,2.73,257.2,1.8,34.55,0.88,0.78,99.07
2025-06-12,PLEIKU,14.005,108.017,16.4,22.63,24.24,21.31,21.66,22.61,94.21,17.38,93.56,3.78,252.1,2.17,33.96,0.87,0.81,99.12
2025-06-13,PLEIKU,14.005,108.017,3.2,23.4,26.46,21.65,21.98,23.41,92.04,17.68,93.83,2.83,242.1,8.39,34.46,0.8,0.79,99.32
2025-06-14,PLEIKU,14.005,108.017,1.94,24.61,28.5,22.4,22.57,24.66,89.26,18.32,93.95,2.13,247.2,13.61,35.35,0.78,0.77,99.49
2025-06-15,PLEIKU,14.005,108.017,0.2,25.37,29.78,22.47,22.66,25.42,86.39,18.42,93.97,1.68,259.7,19.62,35.13,0.76,0.75,89.69
2025-06-16,PLEIKU,14.005,108.017,1.44,24.8,28.31,22.36,22.45,24.4,87.35,18.18,94.02,1.08,237.3,22.25,34.82,0.75,0.74,87.08
2025-06-17,PLEIKU,14.005,108.017,6.92,25.96,30.44,22.21,23.14,25.86,85.93,19.02,94.01,0.83,213.1,24.27,34.66,0.78,0.74,68.42
2025-06-18,PLEIKU,14.005,108.017,0.05,24.91,30.05,21.26,22.25,24.92,86.17,17.98,93.98,1.64,236.2,22.05,34.72,0.74,0.73,85.99
2025-06-19,PLEIKU,14.005,108.017,0.21,25.48,30.09,22.21,22.29,25.4,83.92,18.01,93.96,1.24,256.3,20.55,35.14,0.73,0.72,84.35
2025-06-20,PLEIKU,14.005,108.017,0.73,24.34,27.82,21.47,22.44,24.35,89.78,18.17,93.96,1.05,223.1,19.89,35.07,0.73,0.72,84.4
2025-06-21,PLEIKU,14.005,108.017,4.45,24.85,29.31,21.62,22.37,24.88,87.21,18.1,93.93,1.25,213.9,20.46,34.95,0.74,0.71,59.85
2025-06-22,PLEIKU,14.005,108.017,6.21,23.38,26.91,20.5,21.69,23.34,90.73,17.35,93.95,1.46,234.3,19.66,34.43,0.76,0.72,82.12
2025-06-23,PLEIKU,14.005,108.017,1.95,24.87,30.13,21.45,22.11,24.93,86.24,17.82,93.86,1.58,252.3,18.11,35.32,0.73,0.72,92.67
2025-06-24,PLEIKU,14.005,108.017,2.44,24.95,29.83,21.81,22.3,24.93,86.69,18.04,93.88,1.28,262.9,19.11,35.49,0.73,0.71,82.67
2025-06-25,PLEIKU,14.005,108.017,4.39,25.02,29.53,22.28,22.76,25.06,88.2,18.55,93.9,1.71,237.2,16.84,35.59,0.74,0.72,89.32
2025-06-26,PLEIKU,14.005,108.017,24.36,24.1,28.45,21.12,21.86,24.14,88.28,17.53,93.98,1.66,240.0,19.07,34.9,0.8,0.72,94.63
2025-06-27,PLEIKU,14.005,108.017,6.28,23.97,27.94,21.74,21.99,24.03,89.6,17.69,93.93,1.67,249.9,17.8,35.11,0.79,0.75,91.26
2025-06-28,PLEIKU,14.005,108.017,5.74,24.35,28.59,21.57,22.05,24.42,88.16,17.78,93.79,1.89,244.8,17.35,35.08,0.78,0.74,92.76
2025-06-29,PLEIKU,14.005,108.017,4.01,24.66,28.85,22.18,22.41,24.71,88.42,18.19,93.7,1.94,251.3,17.4,35.28,0.76,0.74,89.37
2025-06-30,PLEIKU,14.005,108.017,2.28,23.72,26.58,21.86,22.47,23.65,92.99,18.24,93.74,1.4,250.7,15.87,35.46,0.76,0.73,93.56
2025-07-01,PLEIKU,14.005,108.017,9.56,24.47,28.03,21.76,22.91,24.43,91.58,18.75,93.81,1.3,266.4,13.5,35.35,0.78,0.74,98.81
2025-07-02,PLEIKU,14.005,108.017,20.95,24.17,28.06,21.7,22.15,24.19,89.5,17.88,93.91,1.31,264.5,18.54,34.93,0.83,0.75,93.81
2025-07-03,PLEIKU,14.005,108.017,7.97,22.83,25.39,20.83,21.47,22.86,92.43,17.12,93.95,1.52,256.3,15.74,34.54,0.82,0.77,94.89
2025-07-04,PLEIKU,14.005,108.017,7.58,24.37,28.81,21.59,22.2,24.42,88.77,17.93,93.8,1.94,262.4,16.61,35.6,0.8,0.76,86.34
2025-07-05,PLEIKU,14.005,108.017,11.12,24.59,28.68,22.25,22.95,24.62,91.33,18.8,93.75,1.57,259.2,15.92,35.62,0.82,0.77,96.5
2025-07-06,PLEIKU,14.005,108.017,6.75,24.26,27.03,22.15,22.97,24.28,92.86,18.79,93.86,1.81,244.9,16.71,35.22,0.81,0.77,98.19
2025-07-07,PLEIKU,14.005,108.017,2.44,24.86,29.08,22.45,22.42,24.9,87.49,18.15,93.93,1.98,252.5,17.4,35.12,0.77,0.76,82.89
2025-07-08,PLEIKU,14.005,108.017,7.26,24.4,27.48,22.47,22.75,24.42,91.1,18.53,93.85,2.09,253.0,18.88,35.12,0.79,0.76,87.42
2025-07-09,PLEIKU,14.005,108.017,12.87,23.57,26.12,21.77,22.45,23.58,93.65,18.22,93.74,2.48,259.8,16.9,35.14,0.82,0.76,91.52
2025-07-10,PLEIKU,14.005,108.017,9.71,24.43,28.37,22.0,22.66,24.47,90.6,18.5,93.53,2.18,260.5,11.11,35.22,0.82,0.77,99.33
2025-07-11,PLEIKU,14.005,108.017,3.47,24.28,27.38,22.43,22.75,24.3,91.65,18.59,93.62,2.15,247.8,13.16,35.45,0.79,0.77,98.56
2025-07-12,PLEIKU,14.005,108.017,0.52,24.57,28.62,21.98,22.26,24.57,87.96,17.99,93.84,1.48,240.3,18.98,35.33,0.77,0.76,67.23
2025-07-13,PLEIKU,14.005,108.017,0.84,25.42,30.05,22.36,22.8,25.47,86.75,18.6,93.85,1.33,250.4,17.55,35.64,0.76,0.75,65.38
2025-07-14,PLEIKU,14.005,108.017,1.79,25.07,29.53,21.94,22.93,25.11,88.92,18.77,93.79,1.27,255.0,19.91,35.38,0.76,0.74,69.07
2025-07-15,PLEIKU,14.005,108.017,3.39,24.92,29.09,22.18,22.81,24.97,88.87,18.63,93.77,2.2,243.6,19.73,35.85,0.76,0.74,72.03
2025-07-16,PLEIKU,14.005,108.017,2.92,24.13,27.16,22.17,22.24,24.15,89.85,17.97,93.86,1.94,252.4,18.77,35.82,0.76,0.74,74.87
2025-07-17,PLEIKU,14.005,108.017,10.71,23.89,26.54,22.11,22.86,23.89,94.18,18.67,93.82,1.66,251.9,19.59,35.11,0.8,0.75,77.24
2025-07-18,PLEIKU,14.005,108.017,3.99,23.14,25.36,21.29,22.03,23.13,93.63,17.77,93.65,2.43,253.7,18.25,34.31,0.78,0.76,96.43
2025-07-19,PLEIKU,14.005,108.017,21.07,23.76,27.56,21.12,21.83,23.81,89.67,17.61,93.39,3.09,252.9,18.14,34.49,0.84,0.76,97.98
2025-07-20,PLEIKU,14.005,108.017,14.53,23.69,27.27,21.16,21.96,23.72,90.56,17.75,93.4,3.56,251.1,10.75,34.49,0.85,0.79,99.64
2025-07-21,PLEIKU,14.005,108.017,9.27,23.38,27.52,20.96,21.56,23.4,90.06,17.3,93.5,3.94,251.2,16.72,34.39,0.82,0.78,99.36
2025-07-22,PLEIKU,14.005,108.017,12.08,23.82,27.3,21.49,21.89,23.85,89.69,17.66,93.5,3.1,248.5,9.26,35.55,0.84,0.79,98.87
2025-07-23,PLEIKU,14.005,108.017,39.2,24.65,28.57,22.19,22.74,24.68,89.97,18.59,93.57,2.45,257.7,15.38,35.62,0.89,0.8,94.74
2025-07-24,PLEIKU,14.005,108.017,30.62,23.18,25.36,21.76,22.19,23.18,94.35,17.94,93.68,2.2,268.6,9.33,34.7,0.91,0.84,99.7
2025-07-25,PLEIKU,14.005,108.017,8.5,23.54,26.1,21.95,22.44,23.56,93.76,18.22,93.69,2.08,265.2,11.51,35.26,0.86,0.84,99.64
2025-07-26,PLEIKU,14.005,108.017,12.25,23.87,27.08,21.66,22.35,23.88,91.62,18.12,93.69,2.9,257.0,9.01,35.52,0.86,0.83,99.28
2025-07-27,PLEIKU,14.005,108.017,15.85,23.92,28.31,21.6,22.13,23.96,90.45,17.86,93.71,2.43,254.5,12.39,35.48,0.87,0.82,98.76
2025-07-28,PLEIKU,14.005,108.017,19.12,24.53,28.23,22.29,22.83,24.57,90.91,18.67,93.65,2.77,247.9,13.83,35.98,0.89,0.84,98.53
2025-07-29,PLEIKU,14.005,108.017,19.68,24.94,28.4,22.64,23.12,24.98,90.31,19.0,93.68,2.92,247.1,15.08,35.91,0.89,0.84,97.29
2025-07-30,PLEIKU,14.005,108.017,10.15,24.27,27.55,22.32,22.64,24.28,91.16,18.44,93.74,2.93,253.1,13.79,35.72,0.87,0.84,98.44
2025-07-31,PLEIKU,14.005,108.017,6.71,24.77,28.39,22.41,22.9,24.81,90.08,18.73,93.74,2.47,252.2,13.95,35.98,0.85,0.83,97.72
2025-08-01,PLEIKU,14.005,108.017,8.75,24.66,28.21,22.66,23.22,24.6,92.17,19.1,93.75,2.0,254.6,20.18,35.47,0.86,0.83,69.32
2025-08-02,PLEIKU,14.005,108.017,0.61,25.16,29.13,22.76,22.96,25.19,88.53,18.77,93.9,1.88,247.5,20.7,34.99,0.83,0.82,66.96
2025-08-03,PLEIKU,14.005,108.017,0.15,25.03,28.72,22.21,22.88,25.05,88.55,18.66,93.98,1.92,254.2,19.88,34.65,0.82,0.81,96.96
2025-08-04,PLEIKU,14.005,108.017,0.0,24.64,28.44,21.77,22.35,24.31,87.7,18.07,93.95,1.74,259.6,22.57,33.48,0.82,0.81,91.7
2025-08-05,PLEIKU,14.005,108.017,1.42,24.63,28.2,21.96,22.86,24.64,90.51,18.64,93.96,1.54,242.9,22.5,34.46,0.81,0.8,93.78
2025-08-06,PLEIKU,14.005,108.017,5.15,24.09,27.22,21.62,22.73,24.02,92.49,18.49,94.0,1.49,253.6,20.74,34.71,0.83,0.8,95.56
2025-08-07,PLEIKU,14.005,108.017,0.69,24.59,28.7,21.51,22.52,24.25,89.0,18.24,94.09,1.14,266.5,21.14,34.59,0.82,0.8,75.7
2025-08-08,PLEIKU,14.005,108.017,1.04,24.92,29.46,21.55,22.44,24.86,87.47,18.15,94.17,1.22,278.1,20.81,34.66,0.81,0.8,83.84
2025-08-09,PLEIKU,14.005,108.017,3.12,24.56,28.8,21.33,22.07,24.28,87.14,17.77,94.04,1.31,282.0,16.64,35.06,0.81,0.8,88.56
2025-08-10,PLEIKU,14.005,108.017,7.63,24.21,27.72,21.64,22.38,24.12,90.27,18.13,93.93,1.17,248.8,18.89,35.04,0.83,0.8,70.8
2025-08-11,PLEIKU,14.005,108.017,5.79,24.51,28.42,21.83,22.78,24.54,90.87,18.58,93.86,1.32,234.5,21.82,35.03,0.84,0.81,57.89
2025-08-12,PLEIKU,14.005,108.017,6.1,24.86,29.58,21.85,22.52,24.9,88.05,18.27,93.92,1.3,243.2,20.97,35.04,0.83,0.81,79.92
2025-08-13,PLEIKU,14.005,108.017,5.94,23.38,26.11,21.56,22.35,23.38,94.18,18.07,93.94,1.43,257.8,20.67,34.28,0.84,0.81,88.38
2025-08-14,PLEIKU,14.005,108.017,10.13,24.32,27.5,22.3,22.64,24.02,90.69,18.46,93.76,0.79,259.5,18.65,34.19,0.86,0.82,96.68
2025-08-15,PLEIKU,14.005,108.017,6.46,23.48,26.32,20.93,21.61,23.26,90.02,17.36,93.71,1.02,322.7,19.75,33.97,0.85,0.82,97.09
2025-08-16,PLEIKU,14.005,108.017,37.39,24.67,29.04,21.75,22.16,24.49,87.78,18.07,93.69,1.09,245.6,15.33,35.31,0.92,0.84,96.69
2025-08-17,PLEIKU,14.005,108.017,9.33,22.48,24.91,20.8,21.64,22.48,95.07,17.31,93.87,2.04,248.3,13.42,34.43,0.89,0.86,99.37
2025-08-18,PLEIKU,14.005,108.017,5.46,24.3,28.93,21.85,22.3,24.36,89.58,18.0,94.04,1.71,245.1,16.03,35.12,0.86,0.85,94.4
2025-08-19,PLEIKU,14.005,108.017,0.25,24.67,29.3,21.47,22.11,24.33,86.79,17.78,94.09,1.43,246.1,19.66,34.68,0.84,0.84,60.23
2025-08-20,PLEIKU,14.005,108.017,2.1,24.74,28.84,21.53,22.13,24.7,86.54,17.8,94.12,1.04,126.8,20.58,34.23,0.84,0.83,89.83
2025-08-21,PLEIKU,14.005,108.017,5.04,23.16,27.84,20.3,20.96,23.13,88.65,16.56,94.15,1.29,99.0,17.12,33.83,0.85,0.83,89.63
2025-08-22,PLEIKU,14.005,108.017,0.37,23.59,27.75,21.04,21.43,23.61,88.7,17.05,94.05,1.37,243.5,19.67,34.68,0.83,0.83,62.0
2025-08-23,PLEIKU,14.005,108.017,4.16,24.39,27.99,21.84,22.03,24.36,87.73,17.75,93.86,1.59,249.2,18.84,35.0,0.84,0.82,95.25
2025-08-24,PLEIKU,14.005,108.017,23.77,22.92,24.87,21.62,22.26,22.92,96.04,18.02,93.66,2.23,244.5,5.82,34.25,0.9,0.84,99.31
