date,location,latitude,longitude,precipitationCorrected,temperature2m,temperature2mMax,temperature2mMin,dewPoint2m,earthSkinTemperature,relativeHumidity2m,specificHumidity2m,surfacePressure,windSpeed10m,windDirection10m,shortwaveDownwardIrradiance,longwaveDownwardIrradiance,surfaceSoilWetness,rootZoneSoilWetness,cloudFraction
2015-01-01,VINH,18.737,105.671,0.0,16.61,21.82,13.41,12.52,16.72,78.28,8.98,101.24,3.79,25.5,14.81,28.35,0.65,0.66,29.3
2015-01-02,VINH,18.737,105.671,0.0,16.89,21.86,13.52,14.47,16.8,86.34,10.21,101.12,3.25,31.8,6.93,32.2,0.65,0.66,87.68
2015-01-03,VINH,18.737,105.671,0.0,17.65,22.79,14.18,15.49,17.58,87.93,10.94,100.77,2.5,28.8,10.7,31.39,0.65,0.65,65.04
2015-01-04,VINH,18.737,105.671,0.0,20.72,27.56,16.54,16.84,20.67,80.68,12.02,100.2,2.33,152.0,18.23,30.78,0.64,0.65,42.79
2015-01-05,VINH,18.737,105.671,0.0,22.76,29.97,18.18,17.66,21.9,76.11,12.69,100.05,1.4,222.5,15.59,32.63,0.63,0.65,40.68
2015-01-06,VINH,18.737,105.671,1.8,23.32,29.32,20.34,20.23,23.74,84.72,14.85,100.27,2.35,70.3,10.01,35.87,0.63,0.64,89.67
2015-01-07,VINH,18.737,105.671,10.06,18.51,21.41,15.83,16.62,18.8,89.14,11.78,100.91,5.12,23.0,4.36,34.04,0.69,0.65,96.28
2015-01-08,VINH,18.737,105.671,9.76,16.78,19.08,15.75,15.13,17.01,90.2,10.65,101.18,6.15,23.6,4.75,33.19,0.73,0.67,97.14
2015-01-09,VINH,18.737,105.671,4.64,16.41,19.59,13.63,14.19,16.66,86.92,10.04,101.11,5.79,26.3,3.67,32.71,0.71,0.68,98.07
2015-01-10,VINH,18.737,105.671,5.69,12.81,14.04,11.43,11.21,13.37,90.39,8.26,101.18,5.51,352.5,4.32,31.27,0.71,0.68,99.28
2015-01-11,VINH,18.737,105.671,7.79,12.82,14.03,11.21,11.32,13.42,90.88,8.31,101.19,5.0,346.9,3.46,31.56,0.75,0.69,99.55
2015-01-12,VINH,18.737,105.671,0.15,13.88,18.75,9.93,11.19,14.2,84.52,8.21,101.22,4.21,7.7,9.15,29.3,0.7,0.69,56.81
2015-01-13,VINH,18.737,105.671,0.0,13.99,18.95,9.63,9.62,13.74,76.5,7.4,101.22,3.2,11.7,18.74,25.46,0.69,0.68,12.6
2015-01-14,VINH,18.737,105.671,0.03,14.52,19.09,9.89,11.04,14.33,80.52,8.13,101.25,3.0,25.3,14.18,27.52,0.68,0.67,34.38
2015-01-15,VINH,18.737,105.671,0.01,14.97,20.32,10.4,11.2,14.8,79.37,8.22,101.14,2.36,31.4,16.92,27.4,0.67,0.67,26.65
2015-01-16,VINH,18.737,105.671,0.0,14.61,19.27,9.86,11.95,14.47,84.26,8.64,101.2,3.25,17.2,14.09,29.03,0.67,0.67,50.34
2015-01-17,VINH,18.737,105.671,0.01,16.12,20.49,12.97,13.32,16.46,85.06,9.47,101.18,3.39,14.8,8.6,31.25,0.67,0.67,76.18
2015-01-18,VINH,18.737,105.671,0.04,16.34,20.81,12.8,14.14,16.52,87.41,9.98,101.15,4.0,20.5,7.82,31.96,0.66,0.66,84.28
2015-01-19,VINH,18.737,105.671,0.07,15.8,20.95,10.63,12.81,15.67,83.09,9.17,101.08,3.05,6.2,11.39,30.6,0.66,0.66,57.85
2015-01-20,VINH,18.737,105.671,0.0,17.01,22.96,12.32,12.59,17.02,77.33,9.04,100.99,1.9,8.0,17.37,28.67,0.65,0.66,14.73
2015-01-21,VINH,18.737,105.671,0.0,17.09,22.73,12.9,13.66,17.01,81.78,9.67,101.2,2.67,348.0,9.68,30.88,0.65,0.66,74.15
2015-01-22,VINH,18.737,105.671,0.0,17.85,23.83,13.58,14.39,18.27,82.25,10.18,100.89,2.41,123.3,16.01,29.04,0.64,0.65,13.98
2015-01-23,VINH,18.737,105.671,0.0,18.94,26.27,14.03,15.18,19.28,80.97,10.75,100.46,2.89,140.7,18.11,30.16,0.63,0.65,11.33
2015-01-24,VINH,18.737,105.671,0.0,21.47,28.75,16.39,16.07,21.2,74.06,11.44,100.37,2.02,169.4,16.96,31.38,0.63,0.64,16.42
2015-01-25,VINH,18.737,105.671,0.0,21.56,29.22,16.53,17.02,21.31,78.83,12.11,100.54,1.7,97.3,16.89,32.79,0.62,0.64,49.53
2015-01-26,VINH,18.737,105.671,0.0,20.64,27.46,16.18,17.6,20.95,84.13,12.54,100.52,2.17,100.7,11.7,33.7,0.62,0.64,61.89
2015-01-27,VINH,18.737,105.671,0.0,20.45,27.07,15.71,17.51,20.85,84.22,12.49,100.39,2.63,111.1,11.23,34.12,0.61,0.64,71.53
2015-01-28,VINH,18.737,105.671,0.0,20.84,28.54,15.25,17.05,21.36,81.19,12.15,100.34,2.86,124.9,12.51,34.0,0.61,0.63,62.67
2015-01-29,VINH,18.737,105.671,0.0,21.02,27.66,16.76,17.84,21.46,83.13,12.73,100.61,2.71,111.4,12.52,34.84,0.61,0.63,78.12
2015-01-30,VINH,18.737,105.671,0.18,21.14,26.55,17.8,17.98,21.84,84.1,12.8,100.9,3.89,87.8,14.5,32.59,0.6,0.63,60.4
2015-01-31,VINH,18.737,105.671,2.78,18.6,23.46,15.63,16.28,19.14,87.19,11.49,101.12,5.23,37.5,9.15,33.61,0.62,0.63,88.95
2015-02-01,VINH,18.737,105.671,6.08,17.7,20.61,15.72,15.99,18.09,90.16,11.26,101.18,4.97,30.3,6.71,33.4,0.66,0.64,94.92
2015-02-02,VINH,18.737,105.671,1.44,18.01,22.17,15.53,16.33,18.52,90.55,11.5,101.21,3.49,29.0,7.03,33.49,0.64,0.64,89.35
2015-02-03,VINH,18.737,105.671,0.15,19.33,24.26,16.62,16.62,19.69,85.61,11.7,101.18,2.33,53.5,9.99,33.74,0.62,0.64,86.79
2015-02-04,VINH,18.737,105.671,2.33,17.78,24.16,13.39,15.09,18.75,85.18,10.68,101.2,5.14,29.3,9.2,33.52,0.63,0.64,92.83
2015-02-05,VINH,18.737,105.671,1.5,13.99,16.39,11.87,11.37,14.66,84.46,8.3,101.4,4.84,6.9,5.79,31.55,0.63,0.64,91.87
2015-02-06,VINH,18.737,105.671,0.23,14.54,17.83,12.31,10.95,14.81,79.95,8.1,101.15,2.09,20.6,8.81,30.59,0.62,0.64,82.74
2015-02-07,VINH,18.737,105.671,1.42,17.93,23.45,14.56,14.66,19.06,82.58,10.35,101.02,3.64,36.1,9.46,33.42,0.62,0.64,95.14
2015-02-08,VINH,18.737,105.671,0.31,14.54,17.69,11.64,11.02,14.28,80.04,8.12,101.27,3.18,7.2,7.45,31.45,0.63,0.64,80.82
2015-02-09,VINH,18.737,105.671,0.15,17.51,22.27,14.83,14.19,18.43,82.14,10.03,101.11,2.57,34.2,9.5,33.2,0.62,0.63,90.91
2015-02-10,VINH,18.737,105.671,0.07,18.64,23.23,16.31,15.71,18.96,84.45,11.1,100.68,1.89,79.2,13.88,32.54,0.61,0.63,71.0
2015-02-11,VINH,18.737,105.671,0.53,19.8,25.3,15.45,16.63,20.71,83.34,11.78,100.7,3.33,43.3,9.5,34.61,0.61,0.63,93.63
2015-02-12,VINH,18.737,105.671,0.27,17.66,21.79,15.56,15.08,18.07,85.8,10.66,100.58,2.41,59.4,9.55,33.68,0.61,0.63,85.95
2015-02-13,VINH,18.737,105.671,0.55,20.82,26.98,17.25,17.3,21.49,82.34,12.33,100.32,3.11,110.7,12.21,34.77,0.6,0.63,90.81
2015-02-14,VINH,18.737,105.671,0.6,21.5,27.83,18.16,18.46,21.73,84.78,13.3,100.15,2.59,104.8,7.29,35.0,0.6,0.62,95.78
2015-02-15,VINH,18.737,105.671,0.29,22.44,28.88,18.68,18.76,23.08,82.16,13.51,100.38,2.35,94.2,9.1,35.83,0.59,0.62,92.79
2015-02-16,VINH,18.737,105.671,0.63,20.64,24.38,17.9,18.63,20.79,88.88,13.38,100.51,2.23,107.8,6.45,34.64,0.6,0.62,98.03
2015-02-17,VINH,18.737,105.671,1.09,20.31,23.2,17.83,18.84,20.21,91.31,13.57,100.41,2.17,105.7,9.13,34.38,0.61,0.62,90.53
2015-02-18,VINH,18.737,105.671,3.71,20.82,24.15,18.47,18.81,20.74,88.87,13.54,100.5,1.83,106.8,6.7,35.01,0.63,0.63,97.56
2015-02-19,VINH,18.737,105.671,0.79,22.35,27.54,18.71,19.2,22.71,83.86,13.89,100.45,3.09,131.9,8.98,34.92,0.6,0.62,94.4
2015-02-20,VINH,18.737,105.671,0.61,23.6,29.27,20.12,19.64,24.16,80.1,14.3,100.26,2.46,135.0,10.82,35.17,0.6,0.62,89.43
2015-02-21,VINH,18.737,105.671,0.29,25.47,33.12,20.08,18.9,25.77,70.82,13.7,100.09,1.85,190.0,15.01,35.98,0.59,0.62,86.57
2015-02-22,VINH,18.737,105.671,0.26,25.57,33.12,19.93,18.81,25.85,69.73,13.62,100.17,1.99,204.4,13.79,36.0,0.58,0.61,85.79
2015-02-23,VINH,18.737,105.671,0.1,26.46,33.96,20.84,18.49,26.6,65.36,13.37,100.04,2.0,222.0,19.65,34.61,0.57,0.61,46.05
2015-02-24,VINH,18.737,105.671,0.0,26.92,34.83,21.01,16.72,26.82,58.6,12.08,99.91,2.22,225.7,19.33,34.57,0.56,0.6,34.42
2015-02-25,VINH,18.737,105.671,0.0,27.26,35.73,21.7,15.83,26.69,55.12,11.51,99.88,2.03,217.5,20.63,34.65,0.56,0.6,26.86
2015-02-26,VINH,18.737,105.671,0.01,27.82,35.46,22.49,18.88,27.99,62.38,13.83,99.89,1.66,153.1,18.07,35.38,0.56,0.59,38.11
2015-02-27,VINH,18.737,105.671,0.05,28.01,36.22,22.48,19.27,28.21,63.6,14.14,99.96,1.87,150.5,18.48,35.55,0.55,0.59,37.76
2015-02-28,VINH,18.737,105.671,0.03,26.75,34.88,21.53,20.24,27.69,72.18,14.91,100.27,2.48,76.9,12.23,37.24,0.55,0.59,81.05
2015-03-01,VINH,18.737,105.671,0.24,20.48,26.16,17.47,16.95,21.68,81.03,12.07,100.75,3.95,52.9,7.78,35.13,0.56,0.59,88.07
2015-03-02,VINH,18.737,105.671,0.03,24.88,32.07,19.2,19.03,25.82,72.13,13.85,99.97,2.85,149.1,11.79,36.12,0.56,0.59,73.13
2015-03-03,VINH,18.737,105.671,0.69,25.44,34.87,19.89,19.74,26.39,74.88,14.45,100.01,3.66,28.9,16.27,36.63,0.55,0.58,71.57
2015-03-04,VINH,18.737,105.671,0.99,24.02,31.51,20.48,19.97,25.19,80.65,14.63,100.11,2.43,83.7,9.92,36.29,0.56,0.58,81.27
2015-03-05,VINH,18.737,105.671,0.43,26.84,35.47,21.27,21.12,27.82,75.01,15.76,100.01,1.78,119.9,11.97,36.73,0.56,0.58,76.11
2015-03-06,VINH,18.737,105.671,1.45,24.39,31.69,20.4,20.92,25.64,82.92,15.51,100.25,3.35,47.0,9.56,36.89,0.56,0.58,83.81
2015-03-07,VINH,18.737,105.671,0.85,23.59,28.76,20.73,20.79,24.44,85.33,15.36,100.31,3.06,85.1,8.53,36.77,0.57,0.58,87.46
2015-03-08,VINH,18.737,105.671,0.14,25.45,32.61,21.8,20.93,26.64,78.73,15.48,100.36,2.69,93.0,8.1,36.86,0.55,0.58,83.17
2015-03-09,VINH,18.737,105.671,1.04,24.86,29.99,22.44,21.61,25.96,83.39,16.11,100.55,3.15,83.3,8.13,36.5,0.56,0.58,86.2
2015-03-10,VINH,18.737,105.671,1.06,24.42,29.66,21.41,20.66,25.27,81.41,15.2,100.61,3.63,104.0,6.69,35.73,0.56,0.58,78.93
2015-03-11,VINH,18.737,105.671,1.88,23.68,28.74,19.86,20.29,24.47,82.83,14.84,100.69,4.39,85.1,9.02,36.54,0.56,0.58,95.49
2015-03-12,VINH,18.737,105.671,1.21,20.75,24.85,18.57,17.48,21.89,82.67,12.43,100.66,2.88,48.2,8.0,35.28,0.57,0.58,89.39
2015-03-13,VINH,18.737,105.671,0.16,25.11,32.43,21.18,20.32,26.25,77.64,14.94,100.29,2.66,109.7,10.76,36.79,0.55,0.58,78.71
2015-03-14,VINH,18.737,105.671,0.09,27.87,35.91,22.54,20.64,28.8,68.5,15.28,100.21,2.4,150.6,9.79,37.08,0.54,0.58,81.7
2015-03-15,VINH,18.737,105.671,0.01,29.29,37.65,23.07,19.63,29.56,60.07,14.39,100.05,2.21,207.2,18.31,36.68,0.52,0.57,46.7
2015-03-16,VINH,18.737,105.671,0.01,29.9,38.26,23.47,19.95,29.97,58.96,14.7,99.9,2.34,220.3,17.6,36.07,0.51,0.57,42.03
2015-03-17,VINH,18.737,105.671,0.0,30.69,39.78,24.17,18.3,30.41,51.95,13.34,99.6,3.09,231.3,20.59,33.88,0.49,0.56,12.37
2015-03-18,VINH,18.737,105.671,0.0,31.16,39.93,25.11,18.56,30.69,51.77,13.62,99.65,2.48,227.7,19.87,34.03,0.48,0.56,6.66
2015-03-19,VINH,18.737,105.671,0.01,29.12,38.41,23.32,20.44,29.9,65.79,15.25,99.91,1.92,80.5,18.18,36.07,0.48,0.56,47.85
2015-03-20,VINH,18.737,105.671,0.03,26.42,33.23,21.81,21.64,27.84,77.15,16.19,100.28,2.84,86.7,10.58,36.51,0.48,0.56,88.94
2015-03-21,VINH,18.737,105.671,0.01,24.41,28.94,20.71,20.21,25.35,79.47,14.8,100.6,3.25,83.5,8.3,34.31,0.48,0.56,99.82
2015-03-22,VINH,18.737,105.671,0.66,25.02,31.14,20.75,19.52,26.18,74.1,14.19,100.42,3.01,105.9,13.38,34.08,0.48,0.56,93.16
2015-03-23,VINH,18.737,105.671,1.33,24.7,30.0,21.64,19.72,25.82,76.75,14.41,100.58,3.32,85.1,11.66,35.86,0.49,0.56,97.53
2015-03-24,VINH,18.737,105.671,9.01,23.31,27.14,21.31,20.56,23.86,85.39,15.06,100.81,4.93,59.5,4.37,35.17,0.56,0.56,98.81
2015-03-25,VINH,18.737,105.671,10.23,22.13,25.91,19.69,19.42,22.91,85.42,14.0,101.0,4.92,45.2,4.84,34.82,0.64,0.59,99.42
2015-03-26,VINH,18.737,105.671,3.76,22.38,26.17,20.52,20.07,23.01,87.44,14.58,101.01,3.0,45.3,6.76,34.98,0.6,0.59,97.89
2015-03-27,VINH,18.737,105.671,0.53,22.88,27.6,19.82,20.29,23.63,86.44,14.81,100.83,3.17,47.0,6.67,35.61,0.57,0.59,93.44
2015-03-28,VINH,18.737,105.671,0.51,24.2,29.61,20.71,20.24,25.4,80.56,14.82,100.49,2.73,92.1,13.04,35.26,0.56,0.58,73.57
2015-03-29,VINH,18.737,105.671,1.53,25.96,31.04,22.9,21.26,26.88,77.28,15.85,100.17,3.03,121.2,13.79,35.8,0.57,0.58,82.96
2015-03-30,VINH,18.737,105.671,0.68,28.09,35.31,22.68,21.12,28.82,69.18,15.78,100.01,1.98,174.1,14.32,35.32,0.55,0.58,78.98
2015-03-31,VINH,18.737,105.671,0.02,30.17,38.32,24.12,19.96,30.61,58.87,14.77,99.84,2.04,205.4,23.31,34.82,0.53,0.57,15.62
2015-04-01,VINH,18.737,105.671,0.0,30.83,38.53,24.53,20.74,31.03,58.42,15.49,99.6,2.56,215.4,21.64,35.86,0.53,0.57,24.3
2015-04-02,VINH,18.737,105.671,0.0,31.56,39.44,25.14,18.72,31.29,50.09,13.7,99.35,3.96,232.5,23.83,35.13,0.51,0.56,14.77
2015-04-03,VINH,18.737,105.671,0.0,31.55,40.21,24.79,17.21,31.23,45.94,12.51,99.25,3.71,230.0,25.46,33.91,0.49,0.56,6.41
2015-04-04,VINH,18.737,105.671,0.0,32.16,40.6,25.58,17.44,31.36,46.14,12.8,99.48,2.11,206.1,22.9,34.45,0.46,0.55,14.44
2015-04-05,VINH,18.737,105.671,0.0,30.0,38.28,24.12,20.41,31.13,63.48,15.44,99.72,1.94,87.6,19.96,37.01,0.45,0.55,52.13
2015-04-06,VINH,18.737,105.671,0.03,28.38,35.72,23.92,22.24,29.8,72.32,16.89,99.93,2.92,91.6,11.5,37.87,0.45,0.55,71.12
2015-04-07,VINH,18.737,105.671,2.25,26.44,32.56,20.08,21.42,27.79,75.81,16.0,100.31,4.02,63.6,7.72,36.43,0.46,0.55,96.44
2015-04-08,VINH,18.737,105.671,2.53,21.63,24.73,19.55,17.91,22.81,80.5,12.81,100.61,3.8,15.2,7.27,34.22,0.52,0.56,87.97
2015-04-09,VINH,18.737,105.671,1.91,24.2,29.77,20.77,20.51,25.59,81.52,15.09,100.43,2.87,59.3,9.33,36.39,0.54,0.56,92.5
2015-04-10,VINH,18.737,105.671,1.7,21.64,24.63,19.47,18.37,22.71,82.45,13.18,100.66,4.47,28.6,7.24,35.08,0.55,0.56,97.48
2015-04-11,VINH,18.737,105.671,0.51,22.33,26.99,19.92,18.34,23.82,79.26,13.11,100.81,4.48,27.8,7.94,35.19,0.53,0.56,97.2
2015-04-12,VINH,18.737,105.671,0.08,22.24,27.5,17.58,15.1,22.73,65.52,10.66,101.04,4.01,17.8,13.11,32.98,0.52,0.56,59.14
2015-04-13,VINH,18.737,105.671,0.0,22.82,29.24,16.94,12.52,23.37,55.36,9.07,100.88,3.13,24.5,24.07,29.83,0.5,0.56,14.61
2015-04-14,VINH,18.737,105.671,0.0,23.2,30.82,16.97,14.13,24.56,62.3,10.18,100.62,3.62,124.2,25.35,30.54,0.48,0.55,22.25
2015-04-15,VINH,18.737,105.671,0.0,25.13,33.48,18.89,15.85,26.49,62.77,11.44,100.35,3.07,110.2,25.45,31.15,0.45,0.55,5.9
2015-04-16,VINH,18.737,105.671,0.0,25.74,34.13,20.81,18.79,27.5,69.5,13.63,100.16,2.79,97.6,17.39,35.62,0.44,0.55,67.67
2015-04-17,VINH,18.737,105.671,0.0,31.78,40.4,25.64,17.47,31.83,46.33,12.73,99.56,2.46,218.7,20.86,35.53,0.41,0.55,34.81
2015-04-18,VINH,18.737,105.671,0.0,33.39,41.23,27.18,17.79,33.32,41.99,12.88,99.52,3.74,224.8,19.89,36.51,0.38,0.54,48.85
2015-04-19,VINH,18.737,105.671,0.0,34.52,43.23,27.64,17.65,34.74,39.58,12.8,99.52,3.26,233.5,24.5,35.83,0.35,0.54,4.52
2015-04-20,VINH,18.737,105.671,0.09,32.35,42.91,25.1,20.72,33.85,59.94,15.81,99.72,3.63,23.4,23.07,37.16,0.32,0.54,38.34
2015-04-21,VINH,18.737,105.671,0.75,26.59,32.0,23.25,20.93,28.35,72.58,15.52,100.19,3.85,44.0,9.71,36.38,0.33,0.54,94.04
2015-04-22,VINH,18.737,105.671,6.19,26.3,32.96,21.76,22.18,27.74,80.09,16.77,100.34,3.85,40.9,7.62,36.67,0.43,0.55,98.93
2015-04-23,VINH,18.737,105.671,5.47,24.31,27.85,22.08,21.21,25.34,83.87,15.75,100.59,3.83,15.9,7.59,35.92,0.56,0.56,98.34
2015-04-24,VINH,18.737,105.671,4.45,25.4,30.11,22.62,21.98,26.64,82.87,16.5,100.56,3.99,50.6,6.44,36.37,0.58,0.56,97.43
2015-04-25,VINH,18.737,105.671,1.91,25.36,29.53,22.26,21.76,26.39,81.74,16.28,100.51,4.1,62.0,7.28,35.84,0.56,0.56,91.98
2015-04-26,VINH,18.737,105.671,0.31,26.0,30.99,22.19,21.41,27.39,77.62,15.95,100.42,3.24,88.1,11.8,35.6,0.53,0.56,73.47
2015-04-27,VINH,18.737,105.671,0.09,27.65,33.8,23.51,20.96,29.32,69.89,15.6,100.18,3.06,104.0,20.1,36.04,0.5,0.56,65.22
2015-04-28,VINH,18.737,105.671,0.46,29.46,36.49,24.75,22.31,31.0,69.13,17.02,99.92,2.31,107.7,19.82,36.22,0.48,0.55,78.14
2015-04-29,VINH,18.737,105.671,3.21,29.77,36.46,24.84,21.83,30.62,65.65,16.51,99.93,1.66,171.8,20.0,36.67,0.5,0.55,81.42
2015-04-30,VINH,18.737,105.671,10.58,30.29,37.29,25.02,22.39,30.89,66.22,17.15,99.78,2.35,193.8,22.61,36.75,0.61,0.57,72.73
2015-05-01,VINH,18.737,105.671,0.53,32.35,39.4,27.02,22.12,33.18,58.07,16.87,99.56,2.71,221.6,24.22,36.37,0.53,0.56,43.63
2015-05-02,VINH,18.737,105.671,0.05,33.19,40.93,27.25,21.57,33.86,53.94,16.33,99.58,3.26,217.6,23.49,37.17,0.51,0.56,87.15
2015-05-03,VINH,18.737,105.671,0.01,32.47,38.98,28.02,22.27,32.84,57.52,17.01,99.67,2.43,210.8,23.54,36.96,0.49,0.55,25.94
2015-05-04,VINH,18.737,105.671,1.47,32.23,38.33,26.96,22.44,32.55,59.77,17.22,99.65,2.48,190.3,24.05,36.98,0.48,0.55,49.43
2015-05-05,VINH,18.737,105.671,1.43,32.29,39.21,27.41,21.92,32.61,57.03,16.69,99.44,2.86,216.4,22.89,36.87,0.49,0.55,80.58
2015-05-06,VINH,18.737,105.671,0.02,34.32,41.82,28.72,20.96,34.87,48.56,15.76,99.4,3.2,228.4,22.92,36.29,0.43,0.55,69.77
2015-05-07,VINH,18.737,105.671,0.05,34.21,40.57,28.84,21.78,35.16,50.71,16.54,99.48,2.22,204.2,21.66,36.69,0.39,0.54,78.16
2015-05-08,VINH,18.737,105.671,0.13,34.34,40.76,29.09,20.91,34.89,47.78,15.66,99.42,3.3,228.8,23.72,36.4,0.37,0.54,44.04
2015-05-09,VINH,18.737,105.671,1.75,30.18,35.01,26.69,22.97,31.13,67.22,17.76,99.61,2.47,145.9,13.13,36.35,0.38,0.54,98.78
2015-05-10,VINH,18.737,105.671,0.02,32.86,39.58,26.88,21.15,34.26,53.03,15.91,99.57,2.21,207.1,23.73,36.62,0.38,0.54,37.45
2015-05-11,VINH,18.737,105.671,13.95,33.22,41.29,27.29,22.58,34.86,58.83,17.48,99.75,3.1,88.4,22.29,38.01,0.42,0.54,75.72
2015-05-12,VINH,18.737,105.671,40.85,27.18,28.71,25.95,25.76,27.23,91.95,20.86,99.96,2.7,114.7,8.77,36.71,0.78,0.63,98.46
2015-05-13,VINH,18.737,105.671,2.39,30.09,35.02,26.21,24.42,30.21,73.61,19.32,99.76,2.51,186.4,21.46,36.62,0.61,0.63,72.29
2015-05-14,VINH,18.737,105.671,1.5,29.5,33.87,26.55,24.02,29.27,73.53,18.84,99.82,2.96,213.5,20.33,37.25,0.6,0.62,82.62
2015-05-15,VINH,18.737,105.671,0.52,30.38,34.47,26.21,23.3,30.17,67.34,18.04,99.74,3.32,215.3,19.43,37.0,0.57,0.61,94.01
2015-05-16,VINH,18.737,105.671,0.25,31.12,36.68,25.81,23.41,31.07,65.98,18.22,99.57,2.11,226.5,17.53,37.7,0.56,0.6,99.07
2015-05-17,VINH,18.737,105.671,1.53,31.28,37.9,26.28,23.38,31.57,65.69,18.21,99.46,2.78,219.5,21.98,37.22,0.56,0.59,85.96
2015-05-18,VINH,18.737,105.671,1.51,31.82,38.38,27.08,23.51,32.21,63.86,18.35,99.43,4.01,230.9,22.81,37.13,0.55,0.59,61.88
2015-05-19,VINH,18.737,105.671,0.13,31.31,35.45,27.97,23.44,31.26,64.04,18.25,99.45,4.52,231.9,23.1,37.45,0.55,0.58,85.37
2015-05-20,VINH,18.737,105.671,0.03,30.71,34.29,28.04,23.01,30.49,64.35,17.77,99.53,5.22,224.8,20.77,37.48,0.55,0.58,96.16
2015-05-21,VINH,18.737,105.671,0.43,31.05,36.61,26.74,23.03,31.41,64.25,17.8,99.55,4.18,208.7,20.16,37.88,0.54,0.58,98.73
2015-05-22,VINH,18.737,105.671,0.79,31.53,36.5,27.46,23.81,31.74,65.5,18.68,99.47,3.54,211.4,21.1,38.01,0.54,0.57,94.85
2015-05-23,VINH,18.737,105.671,0.04,31.65,36.27,27.56,23.0,31.6,61.59,17.79,99.45,4.58,224.7,19.01,37.63,0.54,0.57,97.99
2015-05-24,VINH,18.737,105.671,0.09,31.52,36.47,27.46,22.82,31.64,61.7,17.6,99.48,3.4,220.5,20.23,37.09,0.53,0.57,88.8
2015-05-25,VINH,18.737,105.671,0.95,32.11,37.98,26.99,23.74,32.41,64.11,18.62,99.45,3.73,219.2,21.21,37.22,0.53,0.57,92.34
2015-05-26,VINH,18.737,105.671,0.52,32.2,37.71,27.78,22.93,32.36,59.9,17.7,99.53,4.4,220.0,23.74,37.11,0.53,0.56,72.98
2015-05-27,VINH,18.737,105.671,0.05,31.81,36.37,28.25,22.62,31.9,59.15,17.38,99.4,4.89,226.2,21.91,36.91,0.52,0.56,93.02
2015-05-28,VINH,18.737,105.671,0.0,33.39,39.22,28.06,22.16,33.79,53.74,16.93,99.25,4.98,229.5,24.97,37.47,0.49,0.56,13.14
2015-05-29,VINH,18.737,105.671,0.01,34.15,40.48,28.66,22.63,34.73,53.32,17.4,99.41,3.89,226.5,26.2,37.54,0.47,0.55,12.94
2015-05-30,VINH,18.737,105.671,0.1,34.85,41.49,29.18,22.48,35.54,51.04,17.26,99.44,3.03,219.8,25.15,37.55,0.44,0.55,46.44
2015-05-31,VINH,18.737,105.671,0.45,33.01,38.14,28.9,23.6,33.27,59.72,18.49,99.38,2.59,202.3,20.71,37.73,0.44,0.55,97.27
2015-06-01,VINH,18.737,105.671,0.15,32.38,37.86,28.38,22.45,32.69,57.4,17.21,99.41,3.58,214.3,24.47,37.73,0.44,0.55,79.07
2015-06-02,VINH,18.737,105.671,0.11,31.94,36.65,27.66,22.72,32.3,59.6,17.46,99.55,3.37,207.9,22.88,36.98,0.43,0.55,97.33
2015-06-03,VINH,18.737,105.671,0.03,32.31,37.86,27.99,22.46,32.85,57.79,17.17,99.68,2.58,211.5,23.19,37.06,0.42,0.55,52.87
2015-06-04,VINH,18.737,105.671,0.03,33.59,40.25,28.53,21.54,34.74,51.66,16.31,99.59,2.35,194.0,26.28,37.23,0.4,0.54,40.95
2015-06-05,VINH,18.737,105.671,1.92,33.78,41.11,28.45,22.58,35.11,56.5,17.52,99.51,1.94,90.0,21.93,37.59,0.4,0.54,99.68
2015-06-06,VINH,18.737,105.671,0.78,31.18,36.55,27.87,23.21,31.51,64.5,18.05,99.5,2.27,199.3,19.81,37.92,0.43,0.55,98.26
2015-06-07,VINH,18.737,105.671,0.89,30.99,35.68,27.49,23.04,31.15,64.2,17.83,99.56,2.46,206.3,18.31,37.46,0.45,0.55,93.71
2015-06-08,VINH,18.737,105.671,0.19,31.97,37.53,27.52,22.72,32.39,60.02,17.49,99.51,2.82,220.1,22.88,36.87,0.43,0.55,88.95
2015-06-09,VINH,18.737,105.671,0.04,32.77,38.61,28.38,22.2,33.46,55.78,16.97,99.47,2.82,227.1,23.9,37.05,0.41,0.54,79.45
2015-06-10,VINH,18.737,105.671,0.16,33.2,38.66,28.79,21.31,33.51,51.73,16.11,99.44,2.85,227.5,25.06,36.95,0.38,0.54,60.78
2015-06-11,VINH,18.737,105.671,0.77,31.59,36.71,27.51,22.24,31.92,59.85,17.0,99.63,2.46,242.7,21.94,37.57,0.38,0.54,94.9
2015-06-12,VINH,18.737,105.671,0.28,32.54,37.73,28.67,22.74,33.88,58.32,17.56,99.64,2.08,133.1,21.43,37.01,0.38,0.54,91.7
2015-06-13,VINH,18.737,105.671,0.28,32.87,37.89,28.7,21.85,33.61,54.34,16.62,99.55,2.31,227.8,21.96,36.75,0.37,0.54,91.2
2015-06-14,VINH,18.737,105.671,0.39,32.95,38.58,28.96,22.11,34.15,55.25,16.92,99.53,2.42,157.1,22.47,37.47,0.36,0.54,92.29
2015-06-15,VINH,18.737,105.671,1.64,30.48,34.36,27.44,23.04,30.94,66.04,17.83,99.65,2.0,176.3,21.77,37.71,0.38,0.54,90.15
2015-06-16,VINH,18.737,105.671,2.26,30.79,35.08,27.09,23.81,31.42,68.09,18.69,99.58,1.78,162.3,19.47,38.1,0.46,0.55,76.72
2015-06-17,VINH,18.737,105.671,0.06,33.04,38.73,28.43,21.81,34.37,53.66,16.59,99.38,2.55,200.6,23.82,37.79,0.42,0.55,42.0
2015-06-18,VINH,18.737,105.671,0.04,33.59,38.8,29.23,21.78,34.75,51.94,16.56,99.36,2.59,197.9,25.44,37.64,0.38,0.54,43.19
2015-06-19,VINH,18.737,105.671,0.09,32.91,37.91,28.85,22.3,34.02,55.37,17.07,99.48,2.37,125.6,22.49,37.54,0.36,0.54,81.55
2015-06-20,VINH,18.737,105.671,0.12,32.27,36.92,28.67,22.68,33.29,58.2,17.46,99.43,1.86,188.2,23.71,37.72,0.35,0.54,79.34
2015-06-21,VINH,18.737,105.671,9.11,32.44,37.11,27.11,23.33,33.53,61.31,18.24,99.26,1.49,314.9,22.08,37.99,0.4,0.54,98.18
2015-06-22,VINH,18.737,105.671,19.93,28.68,31.6,25.87,24.68,28.67,79.57,19.77,99.08,2.94,250.2,13.13,37.62,0.69,0.58,99.77
2015-06-23,VINH,18.737,105.671,42.68,27.69,31.55,25.23,23.99,27.43,80.76,18.99,98.9,5.43,244.5,4.38,36.88,0.72,0.61,99.06
2015-06-24,VINH,18.737,105.671,23.58,28.3,31.58,26.11,24.0,27.74,77.63,19.0,98.95,6.7,232.5,6.35,36.16,0.79,0.68,99.05
2015-06-25,VINH,18.737,105.671,0.05,30.02,34.74,26.57,23.84,29.87,70.17,18.75,99.2,4.89,221.9,18.09,36.81,0.63,0.65,67.12
2015-06-26,VINH,18.737,105.671,0.02,30.18,35.05,25.98,23.37,30.35,68.25,18.18,99.39,4.47,219.3,22.04,36.97,0.59,0.63,56.42
2015-06-27,VINH,18.737,105.671,0.01,31.04,36.36,26.75,23.2,31.34,64.45,17.95,99.64,4.37,223.8,23.27,37.06,0.57,0.61,27.68
2015-06-28,VINH,18.737,105.671,0.01,31.39,37.24,26.56,23.15,31.79,63.1,17.88,99.73,3.96,226.9,25.04,36.69,0.56,0.6,14.48
2015-06-29,VINH,18.737,105.671,0.0,31.91,37.4,27.15,22.55,32.13,59.12,17.27,99.57,4.84,231.3,26.43,36.66,0.55,0.6,10.5
2015-06-30,VINH,18.737,105.671,0.0,32.56,38.24,27.96,21.25,32.63,52.83,15.97,99.42,5.64,232.0,26.97,36.57,0.54,0.59,11.64
2015-07-01,VINH,18.737,105.671,0.0,33.09,38.6,28.51,21.24,33.06,51.06,16.0,99.25,5.45,233.8,25.52,37.37,0.53,0.58,31.92
2015-07-02,VINH,18.737,105.671,0.0,34.4,40.27,29.49,21.64,34.47,48.85,16.42,99.12,5.51,234.8,25.54,37.95,0.52,0.58,81.12
2015-07-03,VINH,18.737,105.671,0.03,34.36,41.07,27.99,22.7,34.8,53.94,17.61,99.0,4.53,233.2,26.25,38.18,0.52,0.57,62.17
2015-07-04,VINH,18.737,105.671,4.22,30.32,34.98,26.71,24.64,30.29,73.05,19.71,99.09,3.89,230.3,22.44,38.25,0.56,0.57,92.07
2015-07-05,VINH,18.737,105.671,10.5,28.24,31.39,25.44,25.16,28.41,84.27,20.3,99.35,2.97,286.2,15.6,37.65,0.62,0.58,99.61
2015-07-06,VINH,18.737,105.671,10.03,26.57,29.72,25.01,23.86,27.16,85.61,18.72,99.41,2.88,36.9,12.69,37.18,0.66,0.61,99.07
2015-07-07,VINH,18.737,105.671,1.36,27.81,31.41,25.26,22.86,28.04,75.15,17.61,99.43,2.76,6.4,7.86,37.46,0.59,0.61,95.3
2015-07-08,VINH,18.737,105.671,0.01,29.44,34.63,25.31,21.4,30.3,64.0,16.12,99.44,2.8,30.5,20.69,35.96,0.56,0.6,35.8
2015-07-09,VINH,18.737,105.671,0.06,29.64,34.74,25.22,21.37,30.53,63.39,16.12,99.34,3.29,357.9,20.87,36.18,0.55,0.59,49.29
2015-07-10,VINH,18.737,105.671,2.27,29.96,34.75,25.38,22.7,30.78,68.12,17.54,99.37,3.29,7.2,17.53,37.58,0.56,0.59,87.77
2015-07-11,VINH,18.737,105.671,3.66,27.86,30.74,25.93,22.97,28.28,75.36,17.75,99.4,3.18,307.8,14.38,37.72,0.59,0.59,97.28
2015-07-12,VINH,18.737,105.671,0.23,30.95,35.8,26.7,23.29,32.06,65.76,18.14,99.22,2.26,116.2,19.95,37.46,0.55,0.59,66.31
2015-07-13,VINH,18.737,105.671,0.16,31.82,37.83,27.46,23.57,33.0,64.88,18.53,99.17,2.27,108.7,22.18,37.75,0.54,0.58,78.09
2015-07-14,VINH,18.737,105.671,0.52,30.94,36.12,26.95,24.19,31.51,68.9,19.17,99.12,2.03,221.1,19.83,37.53,0.54,0.58,92.48
2015-07-15,VINH,18.737,105.671,1.96,30.92,35.45,27.99,23.87,31.11,67.35,18.81,99.1,5.06,227.4,20.68,37.19,0.55,0.58,87.36
2015-07-16,VINH,18.737,105.671,4.68,29.77,33.91,26.44,23.88,29.67,72.27,18.82,99.16,4.4,236.1,11.65,37.32,0.56,0.58,99.71
2015-07-17,VINH,18.737,105.671,5.39,29.72,34.07,26.42,24.08,29.67,72.83,19.01,99.27,4.08,232.3,14.08,37.06,0.6,0.58,99.54
2015-07-18,VINH,18.737,105.671,13.61,28.2,31.21,25.95,24.07,28.08,78.99,19.0,99.25,3.83,236.4,10.03,37.12,0.63,0.59,99.74
2015-07-19,VINH,18.737,105.671,19.84,27.05,29.26,25.42,24.4,27.0,85.55,19.36,99.3,3.04,234.3,4.0,37.17,0.73,0.63,99.49
2015-07-20,VINH,18.737,105.671,1.47,28.25,31.85,25.7,24.21,28.25,79.27,19.13,99.47,3.23,211.8,8.12,36.84,0.62,0.63,99.36
2015-07-21,VINH,18.737,105.671,0.24,29.54,34.04,26.76,23.24,29.58,69.96,17.98,99.71,4.17,214.5,13.51,36.91,0.59,0.62,99.52
2015-07-22,VINH,18.737,105.671,0.49,30.0,34.63,27.25,23.43,30.06,68.96,18.22,99.67,4.8,227.1,13.38,37.09,0.58,0.61,99.66
2015-07-23,VINH,18.737,105.671,0.81,28.8,31.84,26.65,22.36,28.71,68.65,17.06,99.64,6.25,227.4,13.67,36.55,0.58,0.61,99.6
2015-07-24,VINH,18.737,105.671,1.67,28.49,32.34,25.39,21.89,28.5,68.65,16.58,99.6,6.12,235.4,11.3,36.76,0.57,0.6,99.91
2015-07-25,VINH,18.737,105.671,3.62,28.5,33.62,25.46,22.18,28.53,69.84,16.89,99.51,5.86,230.6,11.35,36.38,0.58,0.6,99.64
2015-07-26,VINH,18.737,105.671,5.3,27.97,32.01,25.2,21.84,27.82,70.19,16.52,99.64,6.72,229.2,12.27,35.78,0.6,0.6,99.58
2015-07-27,VINH,18.737,105.671,6.05,27.33,30.38,25.2,22.12,27.17,73.9,16.79,99.73,5.98,222.1,9.25,35.78,0.61,0.61,99.99
2015-07-28,VINH,18.737,105.671,9.09,26.94,29.95,25.07,22.82,26.77,78.71,17.51,99.75,4.4,212.9,7.19,35.47,0.65,0.62,99.61
2015-07-29,VINH,18.737,105.671,4.63,26.27,29.67,23.83,21.69,26.13,76.43,16.35,99.8,5.12,224.0,7.83,35.76,0.62,0.62,99.26
2015-07-30,VINH,18.737,105.671,7.36,25.25,28.85,23.04,21.06,25.49,78.32,15.71,99.82,4.68,215.4,10.85,35.96,0.63,0.62,99.26
2015-07-31,VINH,18.737,105.671,10.52,26.7,30.38,24.59,23.24,26.72,82.02,17.97,99.74,3.8,218.3,6.93,36.1,0.67,0.63,99.35
2015-08-01,VINH,18.737,105.671,4.52,26.77,29.91,24.4,23.97,26.78,85.02,18.8,99.74,2.53,208.8,9.17,36.19,0.65,0.64,99.81
2015-08-02,VINH,18.737,105.671,1.59,26.81,30.21,24.16,23.43,26.87,82.63,18.17,99.8,2.85,167.3,10.68,36.26,0.62,0.63,99.97
2015-08-03,VINH,18.737,105.671,2.83,27.78,32.61,25.14,23.46,28.33,79.42,18.25,99.79,2.37,134.5,11.4,36.65,0.61,0.63,97.31
2015-08-04,VINH,18.737,105.671,1.64,28.02,31.88,25.47,24.14,28.3,80.61,19.01,99.63,2.21,153.0,12.34,36.68,0.61,0.63,99.09
2015-08-05,VINH,18.737,105.671,4.54,28.13,32.38,25.29,23.99,28.68,79.97,18.88,99.51,2.17,77.9,16.29,36.98,0.62,0.62,82.22
2015-08-06,VINH,18.737,105.671,2.42,27.02,29.41,25.28,24.67,27.16,87.12,19.62,99.53,2.13,120.2,17.37,37.13,0.63,0.63,96.24
2015-08-07,VINH,18.737,105.671,0.52,28.37,32.44,25.78,24.19,28.99,79.21,19.07,99.57,1.64,97.1,18.84,37.05,0.6,0.63,75.68
2015-08-08,VINH,18.737,105.671,1.42,29.36,34.11,25.66,24.25,30.18,75.49,19.18,99.35,2.14,83.3,24.56,36.54,0.59,0.62,39.89
2015-08-09,VINH,18.737,105.671,0.47,30.2,36.24,25.62,23.49,31.05,70.03,18.39,99.28,2.54,110.3,24.73,36.59,0.58,0.61,43.72
2015-08-10,VINH,18.737,105.671,0.03,30.73,36.99,25.58,22.48,31.61,64.9,17.27,99.52,2.51,113.5,24.49,36.76,0.56,0.61,40.66
2015-08-11,VINH,18.737,105.671,0.28,30.07,36.1,25.12,22.5,30.81,67.49,17.32,99.66,2.44,131.3,23.74,36.43,0.56,0.6,61.75
2015-08-12,VINH,18.737,105.671,9.12,29.86,34.65,26.28,24.69,30.22,75.6,19.67,99.64,1.81,211.5,21.17,36.45,0.63,0.61,84.53
2015-08-13,VINH,18.737,105.671,0.86,29.39,33.5,26.53,24.12,29.55,74.41,19.0,99.59,2.2,218.7,22.12,36.38,0.59,0.61,94.11
2015-08-14,VINH,18.737,105.671,0.03,29.79,33.56,26.94,24.12,29.66,72.57,19.0,99.6,3.59,220.8,19.45,36.65,0.58,0.61,95.46
2015-08-15,VINH,18.737,105.671,0.02,30.19,34.01,27.83,23.62,30.03,68.74,18.42,99.67,4.38,226.4,20.45,36.84,0.57,0.61,95.76
2015-08-16,VINH,18.737,105.671,0.02,29.86,34.75,26.38,23.22,29.8,69.02,17.97,99.65,4.29,229.4,24.19,36.76,0.57,0.6,73.77
2015-08-17,VINH,18.737,105.671,0.01,31.48,37.29,27.39,23.47,31.76,64.24,18.28,99.59,4.45,229.5,24.21,36.98,0.55,0.6,76.14
2015-08-18,VINH,18.737,105.671,0.01,30.84,35.52,27.15,23.8,31.0,67.78,18.67,99.5,3.79,229.0,24.33,37.5,0.55,0.59,65.68
2015-08-19,VINH,18.737,105.671,3.23,31.82,36.95,28.01,25.37,32.03,71.31,20.61,99.58,1.61,176.5,25.04,37.69,0.57,0.59,58.31
2015-08-20,VINH,18.737,105.671,7.13,29.22,33.65,26.53,25.68,29.71,82.37,20.83,99.72,2.0,18.4,19.21,38.05,0.62,0.6,81.79
2015-08-21,VINH,18.737,105.671,2.11,30.07,34.11,26.97,24.4,30.36,73.13,19.37,99.51,1.78,184.3,22.33,36.92,0.59,0.61,82.88
2015-08-22,VINH,18.737,105.671,0.22,30.93,35.6,27.36,24.2,31.21,69.14,19.17,99.35,2.07,246.0,23.56,37.0,0.57,0.6,70.87
2015-08-23,VINH,18.737,105.671,0.08,31.77,37.78,27.45,24.23,32.63,66.75,19.21,99.34,2.67,248.4,23.23,37.46,0.55,0.59,62.15
2015-08-24,VINH,18.737,105.671,0.55,31.65,38.09,27.18,24.45,32.69,68.63,19.47,99.38,2.19,181.0,22.82,37.77,0.55,0.59,64.6
2015-08-25,VINH,18.737,105.671,5.07,30.47,36.03,26.99,25.35,31.56,76.61,20.55,99.45,3.37,86.6,22.46,37.54,0.58,0.59,66.68
2015-08-26,VINH,18.737,105.671,5.14,28.6,33.93,25.5,24.87,28.86,81.59,19.86,99.62,2.69,166.3,19.97,36.73,0.61,0.6,88.74
2015-08-27,VINH,18.737,105.671,1.95,28.48,33.27,25.17,23.6,28.73,76.31,18.41,99.64,2.75,224.9,20.81,36.45,0.59,0.6,92.96
2015-08-28,VINH,18.737,105.671,2.99,29.85,35.67,26.31,23.63,30.28,71.45,18.49,99.42,3.61,221.2,20.39,36.79,0.58,0.6,98.32
2015-08-29,VINH,18.737,105.671,2.81,28.8,33.29,26.26,24.13,28.73,77.02,19.03,99.48,3.63,229.2,16.25,36.61,0.58,0.6,99.26
2015-08-30,VINH,18.737,105.671,9.21,28.43,32.44,25.49,24.47,28.6,80.39,19.41,99.57,2.15,224.2,6.66,36.84,0.62,0.6,99.63
2015-08-31,VINH,18.737,105.671,6.01,27.42,29.77,25.16,24.29,27.41,83.33,19.19,99.56,3.02,243.5,8.56,36.74,0.64,0.62,99.55
2015-09-01,VINH,18.737,105.671,7.8,28.47,32.83,24.93,24.19,29.1,79.19,19.1,99.54,2.06,133.9,16.85,36.49,0.62,0.61,95.98
2015-09-02,VINH,18.737,105.671,3.6,28.97,32.96,25.69,23.98,29.07,76.06,18.85,99.7,1.95,196.8,12.98,36.96,0.63,0.62,99.18
2015-09-03,VINH,18.737,105.671,2.33,29.06,33.01,26.21,24.65,29.34,78.55,19.57,99.92,1.81,146.6,14.16,36.7,0.6,0.62,99.23
2015-09-04,VINH,18.737,105.671,1.92,28.52,32.49,25.46,24.34,28.63,79.29,19.18,99.99,2.1,201.2,16.34,36.8,0.61,0.62,96.46
2015-09-05,VINH,18.737,105.671,0.22,29.95,35.09,26.23,24.09,30.22,72.66,18.92,99.92,2.38,208.7,21.7,37.02,0.58,0.61,43.92
2015-09-06,VINH,18.737,105.671,1.08,30.49,36.55,26.34,23.7,30.8,69.49,18.52,99.71,4.43,230.5,23.38,36.7,0.57,0.61,56.99
2015-09-07,VINH,18.737,105.671,1.24,30.43,35.95,26.78,24.46,30.62,72.4,19.41,99.59,3.46,239.5,21.02,36.93,0.58,0.6,97.89
2015-09-08,VINH,18.737,105.671,1.64,29.86,33.46,26.81,25.25,29.99,77.97,20.37,99.63,2.03,140.1,18.45,37.45,0.58,0.6,97.47
2015-09-09,VINH,18.737,105.671,7.94,29.54,34.22,26.47,24.85,30.23,77.79,19.81,99.98,4.07,97.9,12.96,36.82,0.61,0.6,95.66
2015-09-10,VINH,18.737,105.671,11.12,27.47,29.71,25.63,24.78,27.52,85.52,19.64,100.14,2.14,76.5,12.83,36.76,0.67,0.62,90.31
2015-09-11,VINH,18.737,105.671,7.98,28.23,31.86,25.71,24.56,28.63,81.29,19.41,99.99,2.13,62.2,16.63,36.43,0.67,0.64,79.36
2015-09-12,VINH,18.737,105.671,8.06,27.46,32.0,22.99,23.92,28.25,82.16,18.67,100.18,4.66,15.3,17.68,36.46,0.65,0.63,94.62
2015-09-13,VINH,18.737,105.671,7.17,25.02,27.52,23.16,22.39,25.38,85.9,17.0,100.25,5.22,9.7,6.2,36.03,0.66,0.64,97.42
2015-09-14,VINH,18.737,105.671,22.21,26.3,29.86,24.2,22.81,26.77,82.1,17.48,99.97,5.97,12.1,13.12,35.89,0.71,0.65,97.86
2015-09-15,VINH,18.737,105.671,101.05,26.73,28.74,25.24,25.22,26.75,91.5,20.24,99.75,6.59,38.9,5.3,36.83,0.94,0.74,99.52
2015-09-16,VINH,18.737,105.671,46.06,26.84,28.35,25.57,25.33,26.8,91.5,20.39,99.72,6.32,61.0,3.98,36.46,0.91,0.79,99.31
2015-09-17,VINH,18.737,105.671,30.71,26.93,28.01,25.99,25.96,26.79,94.34,21.11,99.98,4.85,97.4,5.24,36.62,0.91,0.82,99.5
2015-09-18,VINH,18.737,105.671,1.0,27.61,30.81,25.13,24.9,27.58,85.87,19.78,100.25,2.2,149.2,15.17,36.15,0.83,0.8,92.78
2015-09-19,VINH,18.737,105.671,0.1,28.21,32.37,24.77,24.14,28.05,79.46,18.92,100.04,2.08,226.2,22.74,36.59,0.8,0.78,48.37
2015-09-20,VINH,18.737,105.671,3.19,29.42,33.31,26.19,24.98,28.9,77.94,19.96,99.77,1.52,241.3,21.05,36.69,0.79,0.77,88.85
2015-09-21,VINH,18.737,105.671,7.19,28.61,33.46,25.73,24.77,28.86,81.13,19.75,99.61,1.76,212.1,7.44,37.43,0.82,0.77,99.27
2015-09-22,VINH,18.737,105.671,12.05,27.4,29.23,25.75,25.14,27.19,87.59,20.16,99.69,2.07,189.7,15.1,36.83,0.84,0.78,68.3
2015-09-23,VINH,18.737,105.671,0.06,29.19,33.76,25.15,25.43,29.3,81.31,20.54,99.65,2.34,167.9,22.04,36.51,0.79,0.77,29.21
2015-09-24,VINH,18.737,105.671,0.19,29.45,34.48,25.53,25.09,29.32,78.47,20.17,99.49,2.84,210.0,22.3,36.6,0.77,0.76,29.43
2015-09-25,VINH,18.737,105.671,0.24,30.18,34.88,26.07,25.61,29.95,77.74,20.81,99.41,2.2,213.5,22.44,36.62,0.76,0.75,16.25
2015-09-26,VINH,18.737,105.671,0.22,29.62,34.09,26.3,25.94,29.58,81.92,21.18,99.63,2.11,133.2,22.6,37.17,0.75,0.74,36.83
2015-09-27,VINH,18.737,105.671,0.05,28.59,32.05,25.92,24.91,28.59,80.98,19.86,99.82,2.06,96.3,21.28,36.02,0.74,0.73,30.79
2015-09-28,VINH,18.737,105.671,0.95,28.16,30.66,25.73,24.7,27.84,81.66,19.6,99.85,1.24,49.9,22.08,35.69,0.75,0.73,25.69
2015-09-29,VINH,18.737,105.671,1.76,28.52,31.72,25.71,24.41,28.32,79.02,19.27,99.9,1.74,118.1,22.28,36.09,0.75,0.73,61.73
2015-09-30,VINH,18.737,105.671,1.27,28.7,33.32,25.88,24.16,28.92,78.08,18.96,100.14,1.75,98.4,20.84,36.4,0.74,0.72,69.94
2015-10-01,VINH,18.737,105.671,1.97,27.81,30.66,25.16,24.63,27.68,83.11,19.44,100.27,1.92,35.1,15.88,36.21,0.74,0.72,97.99
2015-10-02,VINH,18.737,105.671,16.26,26.9,28.57,25.43,25.23,27.04,90.68,20.18,100.18,2.94,35.5,10.8,35.99,0.8,0.73,83.05
2015-10-03,VINH,18.737,105.671,11.32,26.84,29.66,24.58,24.24,27.09,86.11,19.02,100.14,2.29,25.5,9.34,35.96,0.81,0.75,94.54
2015-10-04,VINH,18.737,105.671,9.04,27.29,29.92,24.83,23.91,26.95,81.95,18.65,100.1,2.5,7.5,16.71,35.82,0.81,0.76,98.86
2015-10-05,VINH,18.737,105.671,3.7,26.93,30.06,24.91,23.47,26.8,81.84,18.12,100.2,2.85,63.3,14.43,37.2,0.78,0.75,95.8
2015-10-06,VINH,18.737,105.671,6.1,25.97,27.19,25.09,24.51,25.81,91.62,19.33,100.18,3.11,69.3,12.01,36.63,0.8,0.75,92.53
2015-10-07,VINH,18.737,105.671,6.86,26.69,29.35,24.68,24.45,26.86,87.81,19.25,100.21,2.29,122.5,13.89,36.96,0.8,0.76,87.22
2015-10-08,VINH,18.737,105.671,9.66,26.93,30.17,24.72,24.55,27.3,87.17,19.38,100.12,2.55,85.3,12.8,36.97,0.81,0.76,83.63
2015-10-09,VINH,18.737,105.671,27.2,26.61,29.63,21.82,24.4,26.89,88.06,19.25,100.0,3.48,84.9,10.76,36.91,0.85,0.77,97.27
2015-10-10,VINH,18.737,105.671,14.16,21.41,24.49,19.01,19.45,22.25,88.78,14.14,100.5,6.46,346.0,5.45,34.17,0.86,0.8,85.69
2015-10-11,VINH,18.737,105.671,4.1,20.24,21.63,19.25,18.03,20.8,87.51,12.89,100.89,4.94,347.7,8.31,33.13,0.83,0.8,87.53
2015-10-12,VINH,18.737,105.671,1.76,21.31,24.05,19.27,18.5,21.75,84.57,13.29,100.88,4.66,348.9,11.27,33.26,0.81,0.79,94.02
2015-10-13,VINH,18.737,105.671,0.66,22.14,24.7,20.28,19.56,22.68,86.04,14.23,100.82,4.51,342.8,8.95,34.79,0.8,0.78,93.28
2015-10-14,VINH,18.737,105.671,1.25,22.74,24.7,20.86,20.76,22.98,88.93,15.33,100.7,3.81,356.0,7.28,35.02,0.8,0.78,83.3
2015-10-15,VINH,18.737,105.671,0.01,24.72,28.34,21.33,21.55,24.65,83.03,16.07,100.54,2.3,15.2,14.8,35.49,0.79,0.77,72.47
2015-10-16,VINH,18.737,105.671,0.0,24.93,28.84,21.24,21.89,24.9,83.7,16.43,100.4,2.23,21.1,18.36,34.41,0.78,0.76,32.81
2015-10-17,VINH,18.737,105.671,0.01,25.31,28.77,22.31,22.11,25.03,82.98,16.66,100.38,1.9,34.7,15.11,34.95,0.77,0.75,39.57
2015-10-18,VINH,18.737,105.671,0.0,24.43,29.07,19.38,20.83,24.13,81.08,15.43,100.38,2.34,4.7,20.01,32.81,0.77,0.75,29.76
2015-10-19,VINH,18.737,105.671,0.0,24.86,29.39,21.31,19.56,24.08,72.88,14.29,100.17,2.04,302.3,20.6,32.39,0.76,0.74,44.88
2015-10-20,VINH,18.737,105.671,0.0,25.6,30.01,21.95,19.74,25.23,71.46,14.46,100.02,1.64,125.3,21.13,33.52,0.75,0.73,57.82
2015-10-21,VINH,18.737,105.671,0.0,25.98,30.41,22.63,21.02,25.68,75.28,15.62,100.14,1.7,106.3,19.33,34.31,0.74,0.73,22.17
2015-10-22,VINH,18.737,105.671,0.0,25.36,29.5,21.45,21.02,24.98,77.5,15.58,100.29,1.85,44.4,17.62,34.22,0.74,0.72,26.31
2015-10-23,VINH,18.737,105.671,0.0,24.58,29.0,21.0,20.74,24.36,79.99,15.32,100.36,2.02,74.3,17.84,33.45,0.73,0.72,23.67
2015-10-24,VINH,18.737,105.671,0.04,25.09,29.14,22.16,21.32,24.89,80.29,15.85,100.48,1.64,82.8,19.17,33.44,0.73,0.71,31.0
2015-10-25,VINH,18.737,105.671,0.24,25.5,29.18,23.12,22.18,25.5,82.53,16.7,100.51,1.77,49.9,16.01,34.64,0.72,0.71,34.63
2015-10-26,VINH,18.737,105.671,0.01,25.69,29.58,23.26,22.7,25.79,84.27,17.25,100.49,2.02,86.8,18.75,35.53,0.71,0.7,42.61
2015-10-27,VINH,18.737,105.671,0.03,25.84,29.85,23.3,22.95,26.06,84.9,17.51,100.47,2.02,99.5,18.46,34.59,0.71,0.7,24.46
2015-10-28,VINH,18.737,105.671,0.07,25.5,30.01,21.87,23.0,25.79,86.73,17.58,100.48,2.5,120.9,20.16,34.15,0.7,0.69,19.27
2015-10-29,VINH,18.737,105.671,0.12,25.67,30.41,22.37,22.67,25.95,84.83,17.21,100.54,2.6,119.8,19.72,33.86,0.69,0.69,16.75
2015-10-30,VINH,18.737,105.671,0.28,25.91,29.88,23.23,23.28,26.1,86.36,17.85,100.6,2.86,110.0,17.27,35.25,0.69,0.68,62.24
2015-10-31,VINH,18.737,105.671,15.45,25.52,29.34,19.83,22.82,25.82,85.76,17.39,100.79,5.12,53.5,14.72,35.39,0.74,0.69,88.62
2015-11-01,VINH,18.737,105.671,8.81,20.68,23.41,18.14,18.63,21.18,88.58,13.39,101.06,6.55,4.0,5.42,33.87,0.78,0.72,95.32
2015-11-02,VINH,18.737,105.671,1.52,21.18,23.84,18.68,18.62,21.57,85.79,13.37,100.86,3.79,8.5,6.47,34.17,0.74,0.71,85.05
2015-11-03,VINH,18.737,105.671,1.52,23.69,26.83,21.19,21.0,24.07,85.31,15.51,100.65,2.89,44.1,13.01,34.68,0.73,0.71,84.19
2015-11-04,VINH,18.737,105.671,8.24,24.82,28.18,22.9,22.72,24.97,88.53,17.27,100.47,2.84,51.7,10.32,35.68,0.76,0.71,81.67
2015-11-05,VINH,18.737,105.671,16.33,25.29,28.45,23.1,23.37,25.19,89.52,18.0,100.34,2.62,73.6,11.58,36.19,0.8,0.73,88.76
2015-11-06,VINH,18.737,105.671,11.91,24.93,27.76,23.26,23.36,24.93,91.18,17.99,100.32,3.34,86.6,7.21,36.34,0.8,0.74,98.71
2015-11-07,VINH,18.737,105.671,4.85,25.69,28.65,23.75,24.22,25.79,91.87,18.94,100.38,2.98,98.5,10.17,36.41,0.78,0.74,86.47
2015-11-08,VINH,18.737,105.671,0.44,26.03,29.78,23.77,23.98,26.15,89.09,18.64,100.46,2.35,106.4,14.17,35.89,0.75,0.73,39.82
2015-11-09,VINH,18.737,105.671,0.39,25.99,29.52,23.74,23.71,26.16,87.74,18.36,100.41,2.41,89.7,13.82,35.41,0.74,0.72,46.61
2015-11-10,VINH,18.737,105.671,0.64,25.6,29.61,22.62,23.26,25.74,87.62,17.89,100.33,2.84,100.5,14.01,35.22,0.73,0.71,51.7
2015-11-11,VINH,18.737,105.671,0.65,25.85,29.65,23.44,23.66,26.06,88.55,18.31,100.35,2.85,112.1,16.3,34.81,0.72,0.71,28.93
2015-11-12,VINH,18.737,105.671,1.31,26.8,30.56,24.6,24.02,26.89,85.38,18.72,100.32,2.71,127.6,15.92,35.69,0.72,0.7,57.36
2015-11-13,VINH,18.737,105.671,9.23,24.38,27.26,22.31,22.35,24.9,88.91,16.92,100.39,2.91,27.5,16.62,35.89,0.74,0.7,57.89
2015-11-14,VINH,18.737,105.671,13.97,24.66,27.36,23.02,23.33,24.79,92.46,17.97,100.23,3.4,68.3,9.01,36.1,0.81,0.73,75.16
2015-11-15,VINH,18.737,105.671,0.24,26.55,31.0,23.62,23.91,26.68,86.32,18.65,100.11,2.83,141.4,16.78,34.94,0.74,0.72,25.14
2015-11-16,VINH,18.737,105.671,0.17,27.2,32.24,22.85,23.31,27.18,80.67,18.03,100.02,2.39,164.7,17.0,34.94,0.73,0.71,19.38
2015-11-17,VINH,18.737,105.671,0.07,27.85,33.17,23.87,23.57,27.64,79.29,18.29,100.12,1.93,168.3,17.42,35.02,0.72,0.7,31.9
2015-11-18,VINH,18.737,105.671,0.23,26.48,30.96,23.28,23.87,26.71,86.66,18.53,100.43,2.69,112.8,15.87,35.33,0.71,0.7,31.91
2015-11-19,VINH,18.737,105.671,0.21,26.19,30.17,23.33,23.47,26.5,85.73,18.1,100.43,2.85,105.8,14.81,35.14,0.7,0.69,57.06
2015-11-20,VINH,18.737,105.671,0.69,25.47,29.11,23.22,22.85,26.02,86.25,17.42,100.43,2.7,88.0,16.92,34.25,0.7,0.69,33.94
2015-11-21,VINH,18.737,105.671,1.63,24.91,28.3,22.53,22.42,25.41,86.59,16.96,100.44,2.81,49.3,11.68,35.64,0.7,0.68,80.69
2015-11-22,VINH,18.737,105.671,11.18,25.17,28.78,23.2,22.68,25.5,86.6,17.23,100.47,2.7,45.7,10.12,35.85,0.74,0.69,80.08
2015-11-23,VINH,18.737,105.671,3.55,24.86,28.02,22.49,22.48,24.99,87.03,17.02,100.48,2.85,78.7,11.22,35.64,0.73,0.7,79.37
2015-11-24,VINH,18.737,105.671,2.85,25.04,28.36,23.21,22.48,25.06,86.15,17.01,100.46,2.76,96.7,10.02,35.71,0.72,0.7,71.52
2015-11-25,VINH,18.737,105.671,5.8,22.16,28.63,16.95,19.33,22.65,84.76,14.14,100.78,6.21,21.1,10.95,34.69,0.73,0.7,80.15
2015-11-26,VINH,18.737,105.671,2.48,17.82,20.14,16.03,14.34,18.71,81.17,10.24,101.01,5.31,350.5,4.62,33.16,0.72,0.7,89.64
2015-11-27,VINH,18.737,105.671,0.13,20.37,23.18,16.77,17.75,20.95,85.76,12.76,100.87,3.79,4.1,5.24,34.45,0.71,0.69,89.67
2015-11-28,VINH,18.737,105.671,0.23,22.37,25.32,19.38,20.23,22.63,88.21,14.79,100.94,2.6,27.9,9.33,35.15,0.7,0.69,90.85
2015-11-29,VINH,18.737,105.671,0.68,23.84,27.43,21.5,21.83,24.15,89.0,16.28,100.86,3.64,46.9,5.35,35.78,0.7,0.69,90.92
2015-11-30,VINH,18.737,105.671,0.14,23.38,26.96,20.59,21.51,23.58,89.75,16.02,100.6,3.25,66.9,6.72,35.09,0.69,0.68,68.77
2015-12-01,VINH,18.737,105.671,0.0,25.05,30.05,21.88,22.15,25.31,85.3,16.7,100.36,2.79,132.7,16.95,34.25,0.68,0.68,36.15
2015-12-02,VINH,18.737,105.671,0.31,25.41,30.36,20.66,22.5,25.77,85.19,17.06,100.52,2.72,79.6,16.12,34.96,0.67,0.67,40.56
2015-12-03,VINH,18.737,105.671,3.35,21.41,24.33,19.8,18.88,22.06,86.41,13.63,100.73,4.46,13.0,11.57,34.61,0.68,0.67,80.84
2015-12-04,VINH,18.737,105.671,4.76,19.92,23.56,15.58,18.26,20.46,90.87,13.22,100.68,4.5,353.8,5.71,34.98,0.71,0.68,92.05
2015-12-05,VINH,18.737,105.671,1.09,17.3,19.06,15.27,15.08,18.27,87.37,10.68,100.98,4.85,349.4,3.82,33.79,0.69,0.68,97.6
2015-12-06,VINH,18.737,105.671,0.09,16.98,20.75,14.8,12.79,17.84,77.9,9.18,101.18,4.85,1.5,8.52,31.75,0.68,0.67,81.61
2015-12-07,VINH,18.737,105.671,0.0,17.15,20.63,15.28,13.39,17.98,79.75,9.55,101.13,3.81,8.6,7.44,32.23,0.67,0.67,81.46
2015-12-08,VINH,18.737,105.671,0.0,17.85,20.62,15.63,14.94,18.58,84.04,10.6,100.96,4.28,355.2,4.54,33.19,0.67,0.67,92.62
2015-12-09,VINH,18.737,105.671,0.0,19.39,24.34,16.26,16.64,20.12,85.2,11.84,100.6,2.45,26.6,10.07,34.45,0.66,0.67,88.46
2015-12-10,VINH,18.737,105.671,0.0,21.11,25.46,18.61,18.66,21.75,86.83,13.42,100.47,2.92,47.7,9.32,35.31,0.66,0.66,87.05
2015-12-11,VINH,18.737,105.671,0.0,22.51,27.6,19.89,19.86,22.44,86.31,14.5,100.27,2.29,93.2,11.43,34.86,0.65,0.66,79.28
2015-12-12,VINH,18.737,105.671,0.09,24.5,30.67,20.22,20.94,24.31,82.57,15.58,100.12,1.91,142.9,13.53,35.42,0.64,0.65,59.86
2015-12-13,VINH,18.737,105.671,1.56,24.91,30.78,21.7,21.48,25.03,83.5,16.08,100.33,2.02,103.2,15.62,33.73,0.64,0.65,28.05
2015-12-14,VINH,18.737,105.671,26.03,21.36,26.61,18.78,19.35,21.87,88.81,14.08,100.6,3.83,33.3,13.42,34.77,0.75,0.67,75.89
2015-12-15,VINH,18.737,105.671,30.7,18.19,20.73,14.52,16.35,18.54,89.2,11.59,100.99,6.19,10.3,4.62,33.04,0.86,0.73,90.03
2015-12-16,VINH,18.737,105.671,6.83,14.37,16.55,12.37,10.77,14.81,79.51,8.0,101.43,7.06,6.4,4.26,31.48,0.78,0.73,95.13
2015-12-17,VINH,18.737,105.671,0.32,14.11,16.98,12.65,9.72,14.53,76.08,7.47,101.43,4.65,14.7,5.27,31.48,0.75,0.72,95.05
2015-12-18,VINH,18.737,105.671,0.05,16.79,19.05,14.37,13.88,17.25,83.51,9.84,101.28,3.91,13.6,5.0,32.46,0.73,0.71,93.32
2015-12-19,VINH,18.737,105.671,0.07,18.12,21.13,15.76,15.7,18.6,86.49,11.07,101.2,3.73,9.7,7.74,32.74,0.73,0.71,90.36
2015-12-20,VINH,18.737,105.671,0.02,18.7,22.81,16.5,16.48,19.07,87.61,11.64,101.03,3.31,13.2,7.57,32.57,0.72,0.7,93.72
2015-12-21,VINH,18.737,105.671,0.19,19.92,23.74,17.63,17.63,20.4,87.43,12.53,100.91,3.22,8.5,8.86,33.69,0.71,0.7,92.9
2015-12-22,VINH,18.737,105.671,0.58,19.58,21.65,18.36,17.8,19.5,89.55,12.66,100.83,1.86,339.8,7.75,34.48,0.72,0.7,86.73
2015-12-23,VINH,18.737,105.671,0.01,23.32,29.0,20.04,21.06,23.44,88.16,15.62,100.43,1.81,147.2,12.71,35.09,0.71,0.69,59.12
2015-12-24,VINH,18.737,105.671,5.49,23.95,29.23,16.88,21.53,24.18,87.46,16.09,100.6,2.94,41.5,11.18,36.75,0.71,0.69,83.81
2015-12-25,VINH,18.737,105.671,2.04,16.53,19.11,13.88,14.02,17.23,85.75,9.93,101.08,4.99,2.3,4.1,32.64,0.73,0.7,89.86
2015-12-26,VINH,18.737,105.671,0.73,16.64,20.36,14.4,14.35,17.63,87.15,10.17,100.98,3.05,356.5,6.49,33.94,0.71,0.69,91.98
2015-12-27,VINH,18.737,105.671,0.6,17.64,20.65,15.46,15.87,18.22,89.82,11.17,101.23,3.16,9.8,6.32,34.19,0.71,0.69,92.37
2015-12-28,VINH,18.737,105.671,1.04,18.87,21.69,17.48,17.05,19.29,89.74,12.03,101.3,3.72,21.1,5.38,34.31,0.71,0.69,92.31
2015-12-29,VINH,18.737,105.671,4.83,18.03,22.86,13.78,16.45,18.5,90.91,11.73,101.22,5.64,2.8,5.41,33.48,0.72,0.69,90.99
2015-12-30,VINH,18.737,105.671,2.24,16.1,18.44,14.13,14.13,16.73,88.7,9.98,101.43,5.5,359.2,5.34,31.91,0.72,0.7,93.76
2015-12-31,VINH,18.737,105.671,0.58,16.08,18.2,14.4,14.01,16.56,88.09,9.89,101.53,4.64,2.4,5.73,32.69,0.71,0.69,93.82
2016-01-01,VINH,18.737,105.671,0.09,18.05,21.43,15.47,16.27,18.46,90.08,11.46,101.33,3.5,22.5,5.62,33.5,0.71,0.69,91.04
2016-01-02,VINH,18.737,105.671,0.01,19.34,23.75,16.77,17.1,19.0,87.62,12.1,100.99,2.27,35.5,9.67,32.86,0.7,0.69,75.7
2016-01-03,VINH,18.737,105.671,0.0,20.35,26.33,17.11,17.87,20.38,86.79,12.74,100.72,1.95,103.2,12.02,33.91,0.69,0.68,79.41
2016-01-04,VINH,18.737,105.671,0.0,21.74,27.45,18.81,19.25,21.56,87.02,13.93,100.57,1.9,107.3,17.21,33.19,0.68,0.68,52.6
2016-01-05,VINH,18.737,105.671,0.0,22.99,29.64,19.05,19.47,22.62,82.81,14.14,100.47,1.57,133.1,16.46,33.0,0.67,0.67,36.97
2016-01-06,VINH,18.737,105.671,0.08,22.57,26.87,20.0,20.73,22.83,89.36,15.24,100.71,2.41,85.9,15.74,33.23,0.67,0.67,57.44
2016-01-07,VINH,18.737,105.671,0.5,22.26,27.06,18.9,19.86,22.48,87.38,14.44,100.73,2.72,106.8,13.97,33.86,0.66,0.67,66.28
2016-01-08,VINH,18.737,105.671,0.65,22.11,27.08,18.66,19.66,22.32,87.26,14.29,100.53,3.11,128.0,13.39,33.53,0.66,0.66,62.31
2016-01-09,VINH,18.737,105.671,0.74,23.31,27.58,20.61,20.45,23.23,84.94,15.04,100.31,3.81,133.7,9.66,34.97,0.66,0.66,98.91
2016-01-10,VINH,18.737,105.671,0.67,24.73,30.73,19.68,19.9,24.21,76.11,14.58,100.16,1.53,225.0,11.95,33.15,0.66,0.66,93.87
2016-01-11,VINH,18.737,105.671,0.07,19.86,24.6,17.21,17.04,20.35,84.21,12.12,100.63,3.91,23.7,13.01,33.3,0.65,0.66,95.84
2016-01-12,VINH,18.737,105.671,1.55,19.33,23.42,16.96,16.64,19.89,85.14,11.77,100.7,3.39,35.1,6.44,33.74,0.65,0.66,96.2
2016-01-13,VINH,18.737,105.671,4.42,19.93,23.8,17.81,18.32,20.3,90.93,13.14,100.59,3.49,34.2,5.16,34.38,0.69,0.66,91.88
2016-01-14,VINH,18.737,105.671,3.06,21.86,25.77,19.03,20.08,21.9,90.24,14.72,100.27,2.33,89.6,7.76,34.86,0.67,0.66,87.09
2016-01-15,VINH,18.737,105.671,1.92,19.47,23.31,16.82,17.78,19.94,90.28,12.79,100.16,2.96,25.1,6.78,34.87,0.68,0.67,91.06
2016-01-16,VINH,18.737,105.671,0.43,22.24,29.22,17.97,19.51,22.53,85.8,14.26,99.86,2.13,82.1,8.64,35.28,0.66,0.66,89.66
2016-01-17,VINH,18.737,105.671,2.59,21.18,27.7,17.49,18.04,21.77,83.36,12.96,100.2,3.86,39.5,7.9,35.38,0.66,0.66,95.77
2016-01-18,VINH,18.737,105.671,1.67,18.42,22.24,16.13,15.55,18.98,84.07,11.0,100.5,3.23,36.2,5.35,34.22,0.67,0.66,93.09
2016-01-19,VINH,18.737,105.671,2.42,18.82,22.28,16.74,16.93,19.32,89.3,12.01,100.66,3.17,20.5,3.08,33.91,0.67,0.66,86.18
2016-01-20,VINH,18.737,105.671,0.18,19.96,23.8,17.69,17.75,20.27,87.72,12.66,100.57,1.72,33.9,7.19,34.71,0.66,0.66,81.21
2016-01-21,VINH,18.737,105.671,4.44,22.11,27.81,19.49,19.75,22.89,87.53,14.39,100.4,2.49,68.3,8.88,36.05,0.67,0.66,84.29
2016-01-22,VINH,18.737,105.671,18.48,19.61,25.57,11.6,17.59,20.37,88.48,12.78,100.81,5.15,26.2,5.45,34.89,0.76,0.68,92.8
2016-01-23,VINH,18.737,105.671,8.39,10.96,13.96,7.08,7.05,12.04,78.03,6.23,101.85,8.78,10.4,3.47,30.74,0.74,0.69,98.8
2016-01-24,VINH,18.737,105.671,26.07,6.79,8.07,5.89,4.65,8.21,88.04,5.29,102.31,9.41,5.6,1.96,28.57,0.83,0.72,96.0
2016-01-25,VINH,18.737,105.671,6.48,9.04,12.28,6.93,5.37,10.18,80.05,5.57,101.85,5.82,6.0,3.59,29.32,0.78,0.73,99.22
2016-01-26,VINH,18.737,105.671,13.31,9.0,10.8,7.04,7.26,10.21,90.6,6.4,101.44,4.18,337.2,4.21,29.68,0.8,0.73,98.47
2016-01-27,VINH,18.737,105.671,5.99,13.43,16.69,9.01,11.52,14.14,88.92,8.5,100.89,1.84,3.5,6.99,31.94,0.79,0.74,93.2
2016-01-28,VINH,18.737,105.671,1.91,18.23,24.92,14.35,15.96,18.23,87.61,11.35,100.5,1.4,29.1,7.21,33.57,0.76,0.74,83.93
2016-01-29,VINH,18.737,105.671,1.08,19.49,25.81,16.78,17.24,20.2,87.89,12.27,100.59,2.83,48.3,9.1,34.76,0.75,0.73,88.64
2016-01-30,VINH,18.737,105.671,1.76,17.42,20.99,14.62,15.67,17.95,89.86,11.08,100.67,3.13,26.0,6.85,34.39,0.75,0.72,90.51
2016-01-31,VINH,18.737,105.671,2.99,19.08,24.83,12.82,16.84,19.93,87.61,12.04,100.69,3.87,24.2,7.05,35.24,0.75,0.72,93.33
2016-02-01,VINH,18.737,105.671,1.18,14.34,17.24,11.1,11.07,15.15,81.54,8.16,101.33,6.03,9.6,5.65,31.89,0.74,0.72,93.84
2016-02-02,VINH,18.737,105.671,0.31,12.88,16.38,10.96,9.34,13.92,80.42,7.28,101.31,4.19,15.8,9.42,30.28,0.74,0.72,92.67
2016-02-03,VINH,18.737,105.671,0.1,14.6,17.33,12.7,12.49,15.12,87.76,8.98,101.01,2.55,24.2,9.98,31.46,0.74,0.71,85.48
2016-02-04,VINH,18.737,105.671,0.68,16.03,20.31,13.21,13.77,16.88,86.96,9.76,101.09,4.76,16.9,8.34,32.79,0.73,0.71,89.84
2016-02-05,VINH,18.737,105.671,0.96,14.66,17.06,12.45,11.26,15.06,80.28,8.25,101.29,5.15,16.5,8.39,31.7,0.73,0.71,91.25
2016-02-06,VINH,18.737,105.671,0.06,13.32,18.03,9.74,7.47,13.56,69.14,6.37,101.62,5.67,24.8,11.49,27.29,0.72,0.71,36.23
2016-02-07,VINH,18.737,105.671,0.0,12.92,18.43,8.04,6.49,12.87,66.71,5.96,101.55,4.2,21.3,19.12,24.94,0.71,0.7,29.14
2016-02-08,VINH,18.737,105.671,0.0,14.46,19.88,9.86,9.28,14.26,72.52,7.24,101.12,2.75,20.5,20.83,25.87,0.71,0.7,13.64
2016-02-09,VINH,18.737,105.671,0.0,15.76,21.57,11.84,12.23,16.18,81.67,8.86,100.71,2.37,102.6,20.53,28.21,0.71,0.69,14.84
2016-02-10,VINH,18.737,105.671,0.0,19.15,26.63,14.18,13.95,18.91,73.59,10.08,100.25,2.86,177.6,20.72,30.05,0.7,0.69,18.27
2016-02-11,VINH,18.737,105.671,0.0,22.08,30.4,16.41,12.78,20.58,58.07,9.29,100.04,2.48,222.9,19.27,30.22,0.69,0.68,20.2
2016-02-12,VINH,18.737,105.671,0.0,22.74,31.31,16.47,13.22,21.11,57.57,9.57,99.94,3.58,234.1,19.99,29.58,0.68,0.68,2.19
2016-02-13,VINH,18.737,105.671,0.0,24.37,33.02,18.48,13.7,22.7,53.82,9.89,100.0,3.4,240.4,20.91,30.35,0.66,0.67,1.24
2016-02-14,VINH,18.737,105.671,0.75,20.82,29.51,12.39,15.04,20.95,72.17,10.76,100.74,4.78,13.4,20.58,32.67,0.66,0.66,34.36
2016-02-15,VINH,18.737,105.671,3.5,15.17,19.45,12.55,10.42,16.24,75.19,7.82,101.37,5.09,23.1,5.59,31.73,0.67,0.66,90.72
2016-02-16,VINH,18.737,105.671,2.21,14.52,17.55,12.65,11.5,15.36,82.86,8.38,101.34,3.67,22.2,7.78,32.02,0.69,0.67,89.43
2016-02-17,VINH,18.737,105.671,1.64,15.15,18.55,13.07,12.34,15.76,83.94,8.86,101.16,2.92,30.6,8.56,32.81,0.69,0.67,88.0
2016-02-18,VINH,18.737,105.671,0.08,16.41,20.21,14.43,13.58,16.5,84.11,9.64,100.89,2.37,51.3,10.66,33.25,0.68,0.67,84.47
2016-02-19,VINH,18.737,105.671,1.69,18.46,23.09,15.56,15.88,19.2,85.44,11.2,101.04,3.96,32.5,10.37,34.71,0.68,0.67,89.16
2016-02-20,VINH,18.737,105.671,0.08,16.26,20.17,13.29,11.48,16.12,74.41,8.38,101.24,4.07,22.9,9.43,31.06,0.67,0.67,66.13
2016-02-21,VINH,18.737,105.671,0.01,19.64,25.45,15.89,15.57,19.9,79.2,11.05,100.66,2.43,120.6,18.68,30.49,0.66,0.67,9.24
2016-02-22,VINH,18.737,105.671,0.49,21.72,28.48,18.07,18.6,22.4,84.42,13.34,100.76,2.43,45.8,17.43,35.28,0.65,0.66,64.69
2016-02-23,VINH,18.737,105.671,5.1,17.58,21.58,13.27,15.41,18.32,87.34,10.88,101.23,5.63,25.5,7.77,33.74,0.68,0.66,91.08
2016-02-24,VINH,18.737,105.671,2.64,14.13,16.43,11.97,11.15,14.71,82.69,8.16,101.69,6.33,13.4,5.9,31.72,0.69,0.67,92.02
2016-02-25,VINH,18.737,105.671,0.64,14.09,16.26,12.47,11.5,14.87,84.82,8.35,101.76,5.61,11.0,9.38,31.35,0.68,0.67,91.91
2016-02-26,VINH,18.737,105.671,0.07,13.91,16.76,12.15,10.62,14.78,81.19,7.87,101.7,4.75,8.9,7.92,30.85,0.67,0.67,90.71
2016-02-27,VINH,18.737,105.671,0.0,15.52,20.08,11.89,10.56,16.16,73.53,7.86,101.37,2.85,13.1,13.11,31.91,0.66,0.66,86.45
2016-02-28,VINH,18.737,105.671,0.0,16.67,22.07,12.01,12.49,17.25,78.15,8.94,101.36,2.49,11.8,12.38,31.26,0.65,0.66,56.32
2016-02-29,VINH,18.737,105.671,0.0,17.14,23.46,11.41,10.74,16.84,68.52,8.01,101.3,2.91,1.0,22.04,27.18,0.64,0.65,25.25
2016-03-01,VINH,18.737,105.671,0.0,17.94,23.37,14.24,13.58,17.97,78.41,9.68,101.05,2.03,31.2,22.46,29.29,0.64,0.65,47.47
2016-03-02,VINH,18.737,105.671,0.05,19.03,24.0,16.26,16.13,19.58,84.64,11.37,100.97,2.11,73.8,14.69,33.56,0.63,0.65,78.65
2016-03-03,VINH,18.737,105.671,0.01,20.82,27.03,16.53,17.44,21.36,83.0,12.39,100.67,2.91,117.7,15.51,33.73,0.63,0.65,72.03
2016-03-04,VINH,18.737,105.671,0.03,21.99,28.51,18.42,18.48,22.68,82.64,13.28,100.39,2.68,107.0,13.89,34.41,0.62,0.64,92.57
2016-03-05,VINH,18.737,105.671,0.32,22.31,29.05,18.67,19.38,23.08,85.16,14.05,100.41,2.56,85.0,11.65,35.03,0.62,0.64,82.85
2016-03-06,VINH,18.737,105.671,0.04,22.54,29.08,18.52,19.4,23.28,84.07,14.07,100.31,2.83,109.8,12.51,35.3,0.61,0.64,79.57
2016-03-07,VINH,18.737,105.671,0.0,26.6,34.02,22.07,20.11,26.8,70.38,14.81,99.85,2.01,171.6,15.89,35.56,0.6,0.63,59.52
2016-03-08,VINH,18.737,105.671,0.01,28.4,36.45,22.75,19.81,27.87,62.44,14.56,99.66,1.91,212.6,16.53,35.5,0.59,0.63,54.82
2016-03-09,VINH,18.737,105.671,0.54,28.69,37.79,20.59,20.13,28.45,64.63,14.88,99.81,2.15,16.9,14.94,36.06,0.59,0.62,71.12
2016-03-10,VINH,18.737,105.671,0.81,18.5,21.92,15.23,13.21,19.49,72.01,9.44,100.92,5.98,25.0,7.96,32.88,0.6,0.62,86.78
2016-03-11,VINH,18.737,105.671,0.49,16.3,18.45,14.96,12.48,17.37,78.85,8.99,100.89,3.75,36.7,7.02,32.69,0.6,0.62,93.38
2016-03-12,VINH,18.737,105.671,0.03,21.75,28.75,16.81,17.45,22.94,78.56,12.52,100.15,2.32,115.3,10.21,35.82,0.59,0.62,87.43
2016-03-13,VINH,18.737,105.671,0.82,23.32,32.48,17.37,18.57,24.48,77.37,13.39,100.46,3.84,32.7,11.48,37.29,0.59,0.62,85.79
2016-03-14,VINH,18.737,105.671,0.03,18.91,24.11,15.59,13.81,20.22,74.24,9.82,100.6,3.25,57.1,9.36,33.28,0.59,0.62,61.02
2016-03-15,VINH,18.737,105.671,0.01,20.65,28.54,17.0,16.41,21.88,78.99,11.67,100.15,2.63,83.0,12.13,36.86,0.58,0.61,78.92
2016-03-16,VINH,18.737,105.671,0.12,25.02,33.52,20.57,19.29,25.79,73.53,14.05,99.89,2.22,103.4,12.45,37.43,0.58,0.61,83.54
2016-03-17,VINH,18.737,105.671,0.02,27.4,36.51,21.43,19.9,27.7,67.82,14.67,99.76,1.62,151.5,15.06,36.61,0.57,0.61,76.88
2016-03-18,VINH,18.737,105.671,0.02,27.3,36.16,21.51,19.45,27.45,67.07,14.31,99.68,1.3,116.3,12.79,36.63,0.57,0.6,80.86
2016-03-19,VINH,18.737,105.671,0.05,27.07,35.62,21.89,20.0,27.74,69.17,14.76,99.74,1.92,115.9,12.91,36.79,0.56,0.6,74.15
2016-03-20,VINH,18.737,105.671,0.05,28.49,38.05,21.89,19.79,28.66,64.58,14.63,99.65,1.67,188.3,14.08,36.87,0.56,0.6,67.81
2016-03-21,VINH,18.737,105.671,0.04,28.05,38.39,21.11,19.96,28.46,68.03,14.8,99.62,1.42,95.4,16.33,36.9,0.55,0.59,64.65
2016-03-22,VINH,18.737,105.671,0.04,27.3,36.17,21.8,20.0,27.98,68.97,14.8,99.61,1.85,94.4,14.82,37.35,0.55,0.59,75.2
2016-03-23,VINH,18.737,105.671,1.89,25.8,34.95,19.81,20.46,27.09,76.39,15.13,100.12,4.27,42.7,13.06,37.74,0.56,0.59,87.33
2016-03-24,VINH,18.737,105.671,5.81,18.99,22.63,15.82,15.55,19.94,81.21,10.95,101.03,6.65,21.2,7.67,34.15,0.6,0.59,89.74
2016-03-25,VINH,18.737,105.671,1.29,16.38,19.6,14.29,12.74,17.19,79.59,9.09,101.33,3.42,16.8,5.5,32.52,0.6,0.6,81.76
2016-03-26,VINH,18.737,105.671,0.04,19.05,23.95,15.93,13.99,20.66,73.98,9.88,101.19,3.65,44.2,13.52,33.71,0.57,0.6,82.72
2016-03-27,VINH,18.737,105.671,0.04,18.07,22.87,14.71,13.41,18.87,75.89,9.51,101.26,3.34,31.5,12.16,32.76,0.57,0.6,70.36
2016-03-28,VINH,18.737,105.671,0.14,20.03,24.59,17.51,16.2,21.11,80.45,11.46,100.96,2.62,80.4,12.32,34.92,0.57,0.6,87.95
2016-03-29,VINH,18.737,105.671,0.05,22.18,28.5,18.33,17.88,23.19,79.21,12.74,100.7,3.11,105.7,11.77,35.19,0.56,0.59,85.01
2016-03-30,VINH,18.737,105.671,0.57,23.61,31.33,19.51,19.1,24.91,78.82,13.79,100.48,2.7,83.8,13.17,36.38,0.56,0.59,87.82
2016-03-31,VINH,18.737,105.671,0.39,23.56,27.58,21.68,20.5,24.01,83.78,15.09,100.25,2.29,109.2,9.97,36.59,0.57,0.59,98.02
2016-04-01,VINH,18.737,105.671,0.52,25.72,31.26,22.53,21.44,25.94,79.03,16.04,100.02,1.46,116.5,8.67,36.85,0.57,0.59,95.89
2016-04-02,VINH,18.737,105.671,0.44,23.83,25.66,22.77,21.97,23.72,89.45,16.55,100.1,2.15,118.6,9.52,36.65,0.57,0.59,98.17
2016-04-03,VINH,18.737,105.671,0.07,27.41,33.8,22.36,21.51,27.16,72.75,16.14,99.9,1.84,202.8,18.31,36.05,0.56,0.59,81.7
2016-04-04,VINH,18.737,105.671,0.01,30.15,38.47,23.85,20.51,29.85,59.68,15.23,99.7,2.36,212.6,17.88,37.11,0.54,0.58,51.79
2016-04-05,VINH,18.737,105.671,0.02,30.32,39.01,23.49,19.82,30.04,56.72,14.63,99.69,3.12,202.0,18.62,36.41,0.53,0.58,34.69
2016-04-06,VINH,18.737,105.671,0.02,31.14,40.09,25.35,18.42,30.99,51.2,13.47,99.69,3.38,202.6,21.72,36.08,0.51,0.57,24.25
2016-04-07,VINH,18.737,105.671,0.04,28.9,37.44,22.82,20.45,29.59,65.6,15.24,99.87,1.82,103.4,17.57,37.38,0.51,0.57,60.38
2016-04-08,VINH,18.737,105.671,0.09,26.91,33.27,23.62,22.5,28.01,78.8,17.12,99.99,2.41,81.2,12.39,37.98,0.51,0.57,80.24
2016-04-09,VINH,18.737,105.671,0.98,30.18,38.18,25.12,21.68,31.31,64.21,16.4,99.7,1.84,156.0,13.22,38.37,0.5,0.57,87.72
2016-04-10,VINH,18.737,105.671,0.16,32.59,40.91,24.69,19.36,32.07,49.45,14.23,99.48,4.06,244.2,21.69,36.3,0.49,0.56,18.25
2016-04-11,VINH,18.737,105.671,0.04,27.02,34.47,22.83,22.09,28.57,76.9,16.75,99.69,3.33,62.5,11.9,38.38,0.49,0.56,71.94
2016-04-12,VINH,18.737,105.671,0.0,32.39,40.93,26.49,19.43,32.51,49.19,14.4,99.25,2.73,198.7,19.28,37.64,0.48,0.56,49.47
2016-04-13,VINH,18.737,105.671,0.0,34.09,41.77,28.15,18.61,33.35,42.49,13.63,99.18,4.21,224.1,19.94,37.46,0.46,0.56,38.75
2016-04-14,VINH,18.737,105.671,0.0,34.08,42.58,27.94,19.1,33.45,44.31,14.05,99.42,3.82,219.4,18.35,38.31,0.45,0.55,44.33
2016-04-15,VINH,18.737,105.671,0.0,34.72,42.87,28.49,19.22,34.56,43.07,14.13,99.47,3.47,215.2,20.7,38.04,0.43,0.55,40.23
2016-04-16,VINH,18.737,105.671,0.03,33.63,42.78,27.33,20.3,34.65,51.05,15.27,99.53,2.37,163.4,20.93,38.11,0.41,0.55,37.05
2016-04-17,VINH,18.737,105.671,9.2,32.81,42.89,21.18,19.15,33.6,52.72,14.29,99.78,3.7,6.3,19.57,38.66,0.46,0.55,64.93
2016-04-18,VINH,18.737,105.671,0.67,24.65,29.72,21.61,18.89,26.2,71.9,13.64,100.35,2.96,63.3,7.35,36.0,0.56,0.56,96.64
2016-04-19,VINH,18.737,105.671,2.38,27.82,34.59,23.53,22.51,28.99,75.45,17.21,100.07,2.9,121.8,13.23,37.59,0.55,0.56,87.98
2016-04-20,VINH,18.737,105.671,1.89,29.26,35.8,24.95,23.03,30.04,71.9,17.72,99.93,2.16,144.4,5.2,36.33,0.55,0.56,79.04
2016-04-21,VINH,18.737,105.671,4.56,29.13,36.14,24.71,22.9,30.11,72.63,17.63,99.81,2.23,108.2,19.74,36.5,0.56,0.56,63.36
2016-04-22,VINH,18.737,105.671,12.49,29.68,36.75,24.65,23.42,30.05,72.48,18.23,99.56,2.28,187.7,12.42,37.39,0.64,0.58,90.34
2016-04-23,VINH,18.737,105.671,1.11,31.39,38.9,26.1,21.94,31.31,61.16,16.74,99.37,2.9,213.0,22.38,36.04,0.56,0.58,23.01
2016-04-24,VINH,18.737,105.671,3.07,31.28,40.29,25.03,21.88,31.95,64.29,16.75,99.52,1.96,226.3,19.1,37.91,0.55,0.58,68.63
2016-04-25,VINH,18.737,105.671,1.68,30.88,37.49,26.87,23.11,31.02,66.55,17.91,99.65,2.31,197.6,17.34,36.56,0.56,0.57,53.18
2016-04-26,VINH,18.737,105.671,0.67,32.24,41.46,26.99,22.46,32.82,62.43,17.33,99.58,1.88,189.2,19.77,37.91,0.53,0.57,43.0
2016-04-27,VINH,18.737,105.671,1.62,28.43,35.82,24.64,23.63,29.54,77.94,18.4,99.77,3.06,51.7,11.77,38.26,0.54,0.57,92.55
2016-04-28,VINH,18.737,105.671,0.99,27.77,32.78,25.47,24.22,28.75,82.32,19.03,99.94,2.55,80.7,12.83,37.91,0.54,0.57,93.72
2016-04-29,VINH,18.737,105.671,3.35,27.01,31.76,24.71,24.15,27.48,85.5,18.94,99.99,1.96,94.1,11.49,36.84,0.57,0.57,93.07
2016-04-30,VINH,18.737,105.671,0.85,28.49,33.78,24.59,22.53,28.5,71.66,17.23,99.76,1.81,216.1,11.28,36.4,0.56,0.57,97.17
2016-05-01,VINH,18.737,105.671,0.0,31.87,39.38,26.31,21.69,32.51,58.12,16.43,99.6,2.23,218.4,24.55,35.77,0.52,0.56,7.61
2016-05-02,VINH,18.737,105.671,0.08,32.98,40.56,26.92,22.53,33.82,58.8,17.36,99.67,1.9,225.6,24.29,37.0,0.5,0.56,49.37
2016-05-03,VINH,18.737,105.671,0.11,32.19,40.13,26.42,22.53,33.5,61.29,17.36,99.75,2.54,103.9,19.01,36.86,0.48,0.56,63.31
2016-05-04,VINH,18.737,105.671,0.01,32.57,39.3,27.15,21.26,33.8,54.12,16.02,99.68,2.47,170.4,17.12,36.25,0.46,0.55,46.76
2016-05-05,VINH,18.737,105.671,0.0,33.54,39.97,27.76,20.86,34.15,50.24,15.63,99.57,2.97,210.2,23.72,36.04,0.43,0.55,19.13
2016-05-06,VINH,18.737,105.671,0.03,34.66,42.07,28.95,20.34,35.73,46.06,15.17,99.5,3.13,200.9,21.13,36.36,0.41,0.55,24.11
2016-05-07,VINH,18.737,105.671,0.04,34.86,42.2,28.96,20.82,36.41,47.31,15.64,99.57,2.73,168.0,24.79,36.45,0.38,0.54,28.64
2016-05-08,VINH,18.737,105.671,0.07,34.88,42.33,29.78,21.7,36.2,49.08,16.47,99.64,3.07,173.0,21.75,36.83,0.36,0.54,66.91
2016-05-09,VINH,18.737,105.671,0.05,35.15,42.28,29.56,21.36,36.37,47.12,16.12,99.54,2.21,206.4,23.26,36.93,0.34,0.54,28.96
2016-05-10,VINH,18.737,105.671,0.21,30.51,38.16,25.53,22.23,31.74,64.63,16.94,99.83,3.85,24.8,15.82,38.33,0.34,0.54,82.96
2016-05-11,VINH,18.737,105.671,0.06,28.81,33.69,25.92,22.84,30.35,71.36,17.56,99.65,2.79,88.7,13.97,37.74,0.35,0.54,83.57
2016-05-12,VINH,18.737,105.671,15.02,30.98,36.79,27.23,24.44,31.86,71.08,19.45,99.54,1.81,106.0,15.78,38.09,0.47,0.55,89.21
2016-05-13,VINH,18.737,105.671,21.93,27.78,30.71,25.34,25.21,27.8,86.54,20.21,99.91,1.62,125.2,6.36,36.65,0.71,0.6,98.61
2016-05-14,VINH,18.737,105.671,0.28,29.05,34.1,25.75,24.1,29.95,76.53,18.88,100.04,2.54,109.9,19.53,37.75,0.57,0.6,69.35
2016-05-15,VINH,18.737,105.671,10.63,28.09,35.7,22.45,22.75,29.37,75.4,17.4,100.21,4.72,37.1,17.58,36.75,0.61,0.6,82.18
2016-05-16,VINH,18.737,105.671,1.23,24.81,29.51,22.06,18.05,25.69,67.72,12.97,100.22,3.1,34.5,20.19,34.92,0.59,0.6,68.76
2016-05-17,VINH,18.737,105.671,0.32,27.77,34.39,24.08,19.6,29.34,64.47,14.43,99.87,2.76,103.7,25.53,35.57,0.55,0.59,50.74
2016-05-18,VINH,18.737,105.671,1.27,29.12,34.75,26.25,23.87,29.98,75.42,18.72,99.76,2.54,130.4,22.19,37.13,0.56,0.59,79.01
2016-05-19,VINH,18.737,105.671,4.51,31.19,38.4,27.12,23.98,31.5,68.86,18.91,99.46,3.03,219.1,24.02,37.65,0.57,0.59,69.78
2016-05-20,VINH,18.737,105.671,3.5,30.43,35.88,26.74,24.61,30.5,73.44,19.63,99.34,3.07,221.5,16.91,36.91,0.58,0.59,99.24
2016-05-21,VINH,18.737,105.671,14.06,26.85,31.59,24.06,24.02,27.09,85.29,18.85,99.79,2.92,358.4,18.46,37.37,0.65,0.6,98.61
2016-05-22,VINH,18.737,105.671,1.22,27.36,31.25,24.66,23.14,28.26,78.87,17.84,99.84,2.72,82.2,9.08,37.42,0.59,0.61,99.46
2016-05-23,VINH,18.737,105.671,9.65,29.55,35.76,25.7,24.18,30.8,75.59,19.07,99.64,2.93,114.3,15.01,37.59,0.61,0.6,99.2
2016-05-24,VINH,18.737,105.671,30.63,29.11,34.05,26.36,25.53,29.4,82.62,20.72,99.38,2.96,136.9,16.53,37.41,0.76,0.64,97.82
2016-05-25,VINH,18.737,105.671,4.09,29.61,33.68,26.72,25.65,29.69,80.45,20.91,99.3,2.82,164.2,15.83,37.29,0.67,0.65,98.95
2016-05-26,VINH,18.737,105.671,0.24,29.91,34.61,26.34,24.99,30.08,76.19,20.08,99.37,2.04,183.9,18.05,37.52,0.62,0.64,85.75
2016-05-27,VINH,18.737,105.671,0.96,30.34,35.49,26.53,24.91,30.56,74.66,19.99,99.42,2.29,199.4,19.13,37.56,0.6,0.63,81.88
2016-05-28,VINH,18.737,105.671,2.16,30.23,35.33,26.7,24.84,30.19,74.46,19.88,99.45,2.89,214.7,19.71,37.4,0.61,0.62,83.01
2016-05-29,VINH,18.737,105.671,0.77,30.05,34.6,26.64,24.45,30.24,73.81,19.43,99.51,2.46,193.1,15.54,37.2,0.59,0.62,95.57
2016-05-30,VINH,18.737,105.671,0.35,30.13,34.67,26.55,24.36,30.3,72.95,19.28,99.6,2.73,196.9,18.24,37.6,0.58,0.61,88.79
2016-05-31,VINH,18.737,105.671,0.16,30.53,35.88,26.16,23.75,30.86,69.06,18.56,99.71,2.97,212.6,23.32,36.91,0.57,0.61,58.78
2016-06-01,VINH,18.737,105.671,0.41,31.34,36.74,26.86,24.04,31.67,67.27,18.91,99.64,3.56,223.1,24.42,37.01,0.56,0.6,25.35
2016-06-02,VINH,18.737,105.671,0.13,31.44,37.09,26.88,23.62,31.7,65.05,18.44,99.53,4.03,231.0,26.49,37.16,0.56,0.6,26.38
2016-06-03,VINH,18.737,105.671,0.35,31.8,37.89,26.51,22.84,32.13,61.34,17.58,99.58,3.84,230.4,25.85,37.43,0.55,0.59,38.58
2016-06-04,VINH,18.737,105.671,1.91,32.02,38.27,27.47,23.65,32.48,64.17,18.5,99.63,2.82,223.6,21.02,37.5,0.56,0.59,79.53
2016-06-05,VINH,18.737,105.671,0.88,30.81,35.15,27.45,24.13,30.92,68.94,19.0,99.64,3.49,233.3,14.3,37.52,0.56,0.59,92.01
2016-06-06,VINH,18.737,105.671,1.52,29.73,33.83,26.14,24.24,29.82,73.87,19.13,99.7,2.72,236.3,13.75,37.27,0.56,0.59,98.59
2016-06-07,VINH,18.737,105.671,2.29,29.4,33.71,26.53,24.38,29.49,75.38,19.3,99.58,3.44,226.9,10.1,37.24,0.58,0.59,99.37
2016-06-08,VINH,18.737,105.671,0.9,29.8,34.27,26.98,23.24,29.86,68.74,18.03,99.45,4.27,231.7,15.22,37.17,0.56,0.59,98.9
2016-06-09,VINH,18.737,105.671,0.2,31.72,37.21,27.27,22.58,32.14,60.33,17.34,99.41,4.8,235.9,16.85,37.33,0.54,0.58,98.55
2016-06-10,VINH,18.737,105.671,0.07,32.24,37.89,28.03,22.96,32.64,59.6,17.75,99.39,4.96,233.1,18.95,37.19,0.54,0.58,98.09
2016-06-11,VINH,18.737,105.671,0.08,31.98,37.56,27.36,22.49,32.26,58.75,17.25,99.38,4.6,225.0,22.52,37.57,0.54,0.58,82.69
2016-06-12,VINH,18.737,105.671,0.03,32.04,37.62,27.07,22.45,32.42,58.68,17.21,99.37,4.5,223.2,21.6,37.8,0.53,0.57,91.52
2016-06-13,VINH,18.737,105.671,0.04,32.8,38.24,28.36,22.9,33.37,57.63,17.7,99.28,5.36,229.5,21.53,37.94,0.52,0.57,70.42
2016-06-14,VINH,18.737,105.671,0.05,32.28,37.18,28.07,22.67,32.59,58.15,17.47,99.21,5.29,226.3,20.85,37.66,0.52,0.57,78.5
2016-06-15,VINH,18.737,105.671,1.36,31.23,35.21,27.29,23.82,31.56,66.14,18.7,99.37,4.17,228.7,22.07,37.66,0.53,0.56,92.36
2016-06-16,VINH,18.737,105.671,19.93,29.7,35.84,25.69,24.21,30.12,74.75,19.11,99.61,2.03,17.8,18.03,37.83,0.65,0.58,99.3
2016-06-17,VINH,18.737,105.671,4.52,29.04,33.18,25.73,24.32,29.18,77.02,19.21,99.72,2.25,203.7,18.9,36.85,0.62,0.6,85.94
2016-06-18,VINH,18.737,105.671,0.58,29.92,34.94,25.74,23.55,30.19,70.56,18.35,99.73,3.18,218.3,22.82,37.05,0.57,0.6,75.88
2016-06-19,VINH,18.737,105.671,0.65,31.57,37.78,26.31,23.33,32.36,64.73,18.2,99.64,2.59,186.8,25.61,36.93,0.55,0.59,63.08
2016-06-20,VINH,18.737,105.671,0.37,31.85,37.8,27.15,23.84,32.61,65.51,18.76,99.51,2.48,180.9,23.53,37.56,0.55,0.58,73.85
2016-06-21,VINH,18.737,105.671,0.11,30.22,34.5,26.38,24.04,30.86,71.49,18.93,99.65,2.1,144.4,23.89,37.3,0.55,0.58,61.83
2016-06-22,VINH,18.737,105.671,0.29,30.1,35.7,25.81,23.6,31.38,70.9,18.45,99.67,3.26,116.0,21.09,37.33,0.54,0.58,75.98
2016-06-23,VINH,18.737,105.671,0.34,30.12,34.92,27.01,23.72,31.5,71.11,18.65,99.58,2.74,109.6,20.39,37.28,0.54,0.57,91.9
2016-06-24,VINH,18.737,105.671,0.32,30.84,36.52,27.43,23.52,31.57,67.88,18.42,99.57,2.67,167.2,22.25,37.3,0.54,0.57,58.88
2016-06-25,VINH,18.737,105.671,1.55,30.1,33.87,27.28,24.1,30.43,71.98,18.99,99.75,1.69,146.1,19.41,37.17,0.55,0.57,81.17
2016-06-26,VINH,18.737,105.671,2.24,29.91,33.31,27.22,24.17,30.5,72.86,19.09,99.65,1.69,68.9,18.87,37.29,0.56,0.57,77.76
2016-06-27,VINH,18.737,105.671,3.95,28.97,32.24,26.69,25.01,29.47,80.32,20.07,99.53,2.64,71.8,15.17,37.12,0.57,0.57,85.36
2016-06-28,VINH,18.737,105.671,10.53,29.08,32.67,26.63,25.37,29.61,81.54,20.48,99.61,3.2,80.2,18.46,36.8,0.61,0.58,89.58
2016-06-29,VINH,18.737,105.671,12.59,29.05,33.16,26.42,25.02,29.85,80.15,20.05,99.6,2.21,88.5,14.73,37.47,0.66,0.61,99.06
2016-06-30,VINH,18.737,105.671,0.84,29.48,33.99,25.99,24.35,29.7,75.42,19.29,99.52,2.62,175.6,15.57,36.98,0.58,0.6,99.44
2016-07-01,VINH,18.737,105.671,0.93,29.63,34.2,26.0,24.28,29.85,74.51,19.21,99.5,3.26,201.9,18.28,37.07,0.57,0.6,99.02
2016-07-02,VINH,18.737,105.671,2.03,30.02,35.23,26.81,23.74,30.16,70.58,18.57,99.59,4.76,232.0,18.13,37.11,0.57,0.59,99.33
2016-07-03,VINH,18.737,105.671,0.41,30.17,34.27,27.73,22.53,30.25,64.48,17.25,99.55,6.33,238.6,13.73,37.55,0.55,0.59,99.64
2016-07-04,VINH,18.737,105.671,1.63,29.34,33.69,26.41,22.48,29.34,67.64,17.23,99.34,6.53,241.1,9.28,37.67,0.55,0.58,99.58
2016-07-05,VINH,18.737,105.671,8.78,29.42,32.32,26.68,24.95,29.4,78.13,20.08,99.23,2.01,243.8,11.87,37.41,0.62,0.59,99.67
2016-07-06,VINH,18.737,105.671,10.64,28.05,32.47,23.99,23.87,28.42,79.17,18.75,99.43,2.57,167.5,14.93,36.62,0.65,0.61,96.95
2016-07-07,VINH,18.737,105.671,1.19,29.39,33.67,26.0,24.03,30.17,74.71,18.93,99.53,2.04,127.2,19.49,37.16,0.58,0.6,90.05
2016-07-08,VINH,18.737,105.671,0.44,31.28,36.97,27.0,24.13,32.41,68.23,19.11,99.3,2.15,192.8,21.48,37.72,0.56,0.6,64.74
2016-07-09,VINH,18.737,105.671,0.24,31.74,37.05,28.06,23.74,32.21,64.21,18.66,99.1,4.69,233.8,23.29,37.42,0.55,0.59,67.08
2016-07-10,VINH,18.737,105.671,0.06,31.73,36.75,28.09,23.75,31.93,63.87,18.67,99.05,5.11,232.6,22.72,37.34,0.54,0.58,85.85
2016-07-11,VINH,18.737,105.671,1.09,31.77,36.99,27.88,23.88,32.05,64.78,18.83,99.13,4.59,236.7,23.21,37.12,0.55,0.58,73.84
2016-07-12,VINH,18.737,105.671,0.6,30.46,35.04,27.05,23.89,30.65,69.41,18.82,99.21,4.35,227.3,20.61,37.53,0.55,0.58,89.08
2016-07-13,VINH,18.737,105.671,1.8,30.02,34.55,26.95,23.84,30.21,70.87,18.75,99.22,4.55,223.6,20.16,37.16,0.55,0.58,92.85
2016-07-14,VINH,18.737,105.671,0.36,30.1,35.09,26.6,23.27,30.36,68.2,18.08,99.41,3.53,224.1,17.9,36.95,0.55,0.58,97.52
2016-07-15,VINH,18.737,105.671,0.18,31.3,37.21,27.23,23.29,31.93,64.65,18.11,99.5,4.23,224.9,22.6,37.41,0.54,0.57,73.11
2016-07-16,VINH,18.737,105.671,0.09,32.3,38.53,28.38,23.35,32.93,61.01,18.14,99.62,4.48,234.7,25.6,37.5,0.53,0.57,55.93
2016-07-17,VINH,18.737,105.671,1.3,30.74,34.5,27.35,23.77,30.79,68.02,18.64,99.57,3.73,234.3,26.2,36.98,0.54,0.57,65.29
2016-07-18,VINH,18.737,105.671,1.37,30.81,36.29,27.83,23.63,31.02,67.27,18.51,99.36,4.96,226.8,24.54,37.32,0.54,0.57,94.07
2016-07-19,VINH,18.737,105.671,0.6,30.55,35.27,27.21,23.23,30.72,66.33,18.03,99.42,5.08,222.4,22.17,37.38,0.53,0.57,97.65
2016-07-20,VINH,18.737,105.671,3.76,29.38,34.16,25.55,23.58,29.63,73.16,18.41,99.63,3.32,212.3,22.33,37.05,0.55,0.57,96.4
2016-07-21,VINH,18.737,105.671,6.01,28.7,33.86,24.54,23.38,28.92,74.53,18.12,99.86,3.2,219.0,21.96,37.27,0.6,0.58,72.29
2016-07-22,VINH,18.737,105.671,0.26,31.88,38.39,27.03,23.04,33.1,63.37,17.91,99.79,2.18,175.7,24.5,37.03,0.54,0.57,65.07
2016-07-23,VINH,18.737,105.671,0.88,30.38,35.37,26.1,23.24,30.63,67.25,18.03,99.79,2.77,238.4,24.47,36.61,0.55,0.57,75.87
2016-07-24,VINH,18.737,105.671,0.11,32.16,39.11,26.42,21.85,33.38,58.86,16.7,99.72,2.17,213.2,25.06,36.72,0.52,0.56,39.74
2016-07-25,VINH,18.737,105.671,0.1,31.31,37.4,26.16,22.55,32.37,63.17,17.37,99.72,2.48,130.9,25.56,36.92,0.51,0.56,28.74
2016-07-26,VINH,18.737,105.671,2.58,30.52,35.72,26.93,22.8,31.08,66.13,17.63,99.58,2.25,69.8,24.19,36.83,0.52,0.56,77.55
2016-07-27,VINH,18.737,105.671,60.37,27.92,31.23,25.15,24.83,27.97,84.07,19.85,99.47,2.69,212.5,4.66,36.34,0.8,0.62,99.17
2016-07-28,VINH,18.737,105.671,3.56,27.96,32.15,25.43,24.38,28.12,81.93,19.29,99.59,2.91,145.0,15.85,35.75,0.68,0.66,92.19
2016-07-29,VINH,18.737,105.671,1.98,29.15,33.45,26.17,24.84,29.51,79.16,19.82,99.73,2.66,129.1,19.5,36.73,0.63,0.64,94.21
2016-07-30,VINH,18.737,105.671,0.19,28.91,32.62,26.04,24.05,29.25,76.04,18.87,99.75,1.95,120.3,20.57,36.52,0.61,0.63,75.04
2016-07-31,VINH,18.737,105.671,0.1,30.91,36.05,26.7,24.0,31.8,68.97,18.9,99.49,2.03,147.2,24.88,36.72,0.58,0.62,55.4
2016-08-01,VINH,18.737,105.671,0.1,31.33,35.76,27.51,23.91,31.73,66.18,18.86,99.22,2.87,254.7,23.92,36.39,0.57,0.61,79.18
2016-08-02,VINH,18.737,105.671,0.89,31.29,36.31,27.01,23.99,31.28,67.24,19.0,98.96,3.34,246.0,19.82,37.35,0.57,0.6,99.4
2016-08-03,VINH,18.737,105.671,1.23,29.77,34.15,25.72,24.28,29.98,74.12,19.27,99.21,2.01,207.8,15.59,37.17,0.58,0.6,98.89
2016-08-04,VINH,18.737,105.671,15.1,30.6,36.49,27.11,24.35,31.38,72.81,19.42,99.47,2.3,159.8,18.78,37.57,0.64,0.61,96.39
2016-08-05,VINH,18.737,105.671,3.84,29.24,31.69,26.33,24.48,29.19,76.19,19.39,99.66,1.27,254.2,18.51,37.43,0.64,0.63,84.97
2016-08-06,VINH,18.737,105.671,0.53,30.4,35.23,26.14,24.21,30.87,71.35,19.15,99.47,1.99,194.4,23.7,37.69,0.59,0.62,41.98
2016-08-07,VINH,18.737,105.671,1.53,31.71,38.18,27.1,24.32,32.38,67.74,19.32,99.3,3.12,220.8,25.69,37.48,0.58,0.61,57.7
2016-08-08,VINH,18.737,105.671,1.77,30.99,35.82,27.39,24.37,31.36,69.28,19.35,99.29,3.83,232.3,24.98,37.49,0.58,0.61,67.76
2016-08-09,VINH,18.737,105.671,1.92,31.05,36.67,26.8,24.01,31.34,68.03,18.96,99.21,4.21,241.3,23.99,37.24,0.57,0.6,70.2
2016-08-10,VINH,18.737,105.671,15.45,30.26,34.75,27.01,25.11,30.29,75.69,20.3,99.19,2.58,243.0,21.9,37.63,0.65,0.61,95.77
2016-08-11,VINH,18.737,105.671,8.13,29.36,33.13,26.11,25.06,29.43,78.81,20.19,99.24,2.01,242.5,14.97,37.98,0.67,0.63,98.17
2016-08-12,VINH,18.737,105.671,15.83,28.7,32.47,25.82,25.01,28.81,81.33,20.15,99.08,2.59,223.3,12.19,37.13,0.7,0.65,99.61
2016-08-13,VINH,18.737,105.671,4.19,29.04,33.98,26.67,23.84,28.91,74.28,18.82,98.84,5.14,236.4,11.94,36.86,0.65,0.65,99.77
2016-08-14,VINH,18.737,105.671,9.0,27.76,31.14,25.71,23.66,27.48,78.79,18.63,98.72,4.7,231.2,10.7,36.64,0.68,0.65,99.85
2016-08-15,VINH,18.737,105.671,3.21,28.56,33.42,26.01,22.95,28.53,72.51,17.83,98.83,5.4,245.4,12.75,36.91,0.65,0.65,99.43
2016-08-16,VINH,18.737,105.671,12.75,28.8,33.67,25.94,23.97,28.8,76.19,18.94,98.96,4.71,250.8,13.47,37.41,0.68,0.65,99.61
2016-08-17,VINH,18.737,105.671,2.11,28.36,30.58,26.82,23.4,28.02,74.59,18.32,98.81,6.67,244.4,8.43,36.4,0.66,0.65,99.41
2016-08-18,VINH,18.737,105.671,46.58,28.02,30.56,26.3,23.85,27.58,78.49,18.92,98.4,7.75,246.0,7.74,37.24,0.76,0.67,99.32
2016-08-19,VINH,18.737,105.671,24.36,27.18,29.37,24.91,23.79,26.53,81.75,18.86,98.52,6.27,212.4,6.41,36.47,0.83,0.73,99.27
2016-08-20,VINH,18.737,105.671,0.62,28.21,32.53,24.6,23.96,28.02,78.74,18.86,99.32,3.54,227.7,16.61,37.5,0.72,0.71,84.17
2016-08-21,VINH,18.737,105.671,9.39,29.8,34.02,25.95,25.16,29.65,77.51,20.28,99.38,1.93,267.7,21.88,37.79,0.74,0.69,73.78
2016-08-22,VINH,18.737,105.671,17.23,27.56,30.06,25.23,25.29,27.47,87.61,20.4,99.42,1.64,6.8,11.63,37.79,0.8,0.71,87.57
2016-08-23,VINH,18.737,105.671,6.49,27.82,30.66,25.91,25.31,28.09,86.65,20.43,99.43,2.65,48.5,16.93,37.12,0.75,0.71,75.35
2016-08-24,VINH,18.737,105.671,8.3,27.57,30.4,24.91,25.27,27.41,87.53,20.38,99.47,1.96,29.0,16.84,36.83,0.78,0.72,91.0
2016-08-25,VINH,18.737,105.671,0.59,28.24,31.29,25.55,24.36,28.19,79.86,19.26,99.56,1.84,242.3,18.29,36.98,0.73,0.71,90.79
2016-08-26,VINH,18.737,105.671,5.53,29.64,33.64,26.29,24.66,29.62,75.81,19.62,99.64,1.74,68.8,24.1,37.48,0.73,0.7,66.06
2016-08-27,VINH,18.737,105.671,4.39,27.87,29.64,26.63,25.85,27.97,88.92,21.03,99.74,1.98,28.8,17.32,37.16,0.74,0.7,89.57
2016-08-28,VINH,18.737,105.671,30.12,27.24,29.17,25.38,25.64,27.33,91.0,20.77,99.76,2.33,26.9,10.23,36.99,0.84,0.73,97.4
2016-08-29,VINH,18.737,105.671,17.5,26.9,28.89,25.21,24.78,27.07,88.22,19.73,99.73,2.71,77.1,7.18,36.86,0.84,0.76,98.68
2016-08-30,VINH,18.737,105.671,1.65,29.04,32.87,25.76,24.92,29.12,79.62,19.92,99.65,1.95,198.5,17.11,37.16,0.77,0.75,91.11
2016-08-31,VINH,18.737,105.671,2.11,28.41,31.31,26.66,24.66,27.91,80.4,19.63,99.53,4.87,230.9,16.68,37.06,0.76,0.74,98.47
2016-09-01,VINH,18.737,105.671,0.48,28.65,31.67,26.63,24.14,28.11,76.9,19.06,99.3,5.9,238.6,18.5,37.06,0.74,0.73,99.04
2016-09-02,VINH,18.737,105.671,3.09,28.81,32.63,25.88,25.4,28.6,82.42,20.58,99.31,2.57,235.9,17.49,37.23,0.75,0.72,98.85
2016-09-03,VINH,18.737,105.671,2.15,28.38,31.84,25.72,25.03,28.13,82.42,20.1,99.41,3.12,238.0,14.49,37.52,0.75,0.72,99.34
2016-09-04,VINH,18.737,105.671,6.28,28.6,31.43,25.85,25.18,28.25,82.12,20.23,99.58,2.09,260.5,13.36,37.75,0.76,0.72,98.7
2016-09-05,VINH,18.737,105.671,8.29,27.98,30.0,25.44,24.48,27.96,81.53,19.39,99.62,1.58,349.7,14.68,37.74,0.78,0.73,99.34
2016-09-06,VINH,18.737,105.671,6.32,28.03,30.61,25.55,24.71,28.29,82.88,19.67,99.6,1.85,100.6,13.65,37.29,0.78,0.74,99.27
2016-09-07,VINH,18.737,105.671,13.68,28.5,32.03,25.65,24.87,28.2,81.43,19.89,99.6,1.16,202.4,16.72,37.53,0.8,0.75,99.31
2016-09-08,VINH,18.737,105.671,23.73,28.12,31.9,25.43,24.68,28.11,82.42,19.61,99.71,2.63,211.3,14.2,36.9,0.83,0.76,99.36
2016-09-09,VINH,18.737,105.671,1.83,29.07,32.83,25.96,25.29,29.07,80.95,20.37,99.62,2.19,220.6,20.11,37.01,0.78,0.75,98.92
2016-09-10,VINH,18.737,105.671,92.16,28.91,31.98,25.25,25.64,28.57,83.04,20.82,99.56,2.58,294.3,18.31,37.22,0.9,0.78,99.15
2016-09-11,VINH,18.737,105.671,62.64,25.53,26.69,24.5,24.1,25.63,91.91,18.94,99.78,4.62,353.2,4.85,36.36,0.94,0.85,99.02
2016-09-12,VINH,18.737,105.671,41.98,26.55,27.87,25.06,25.37,26.41,93.2,20.42,99.85,5.27,22.3,4.2,36.95,0.96,0.88,99.34
2016-09-13,VINH,18.737,105.671,110.2,27.14,27.63,26.41,26.1,26.91,93.94,21.35,99.69,7.64,47.8,4.1,36.98,0.99,0.93,99.49
2016-09-14,VINH,18.737,105.671,18.9,26.85,28.85,24.95,25.17,26.58,90.54,20.2,99.75,2.21,77.9,12.62,36.72,0.95,0.95,96.72
2016-09-15,VINH,18.737,105.671,0.61,28.0,31.81,24.67,24.55,28.01,82.19,19.47,99.69,2.05,46.2,20.32,36.89,0.9,0.92,61.53
2016-09-16,VINH,18.737,105.671,0.91,28.16,31.36,24.81,24.1,27.77,79.12,18.93,99.71,2.01,12.1,18.26,36.75,0.89,0.9,51.74
2016-09-17,VINH,18.737,105.671,3.44,27.75,30.61,24.85,24.72,27.54,83.89,19.64,99.79,2.09,18.3,19.27,36.86,0.89,0.9,53.07
2016-09-18,VINH,18.737,105.671,3.16,27.66,30.54,25.38,24.82,27.57,84.76,19.75,99.81,2.09,44.4,19.09,36.76,0.89,0.89,68.71
2016-09-19,VINH,18.737,105.671,21.29,27.71,30.97,25.49,24.95,27.76,85.52,19.9,99.86,2.78,50.1,15.98,37.17,0.91,0.89,75.7
2016-09-20,VINH,18.737,105.671,63.2,26.66,28.72,25.32,24.58,26.49,88.45,19.4,100.12,4.91,44.6,4.96,36.72,0.98,0.94,99.57
2016-09-21,VINH,18.737,105.671,88.48,25.49,26.97,24.69,24.14,25.43,92.18,18.87,100.25,5.74,29.0,7.09,36.7,0.98,0.96,99.61
2016-09-22,VINH,18.737,105.671,47.72,25.92,27.83,24.79,24.54,25.97,92.12,19.36,100.11,4.41,51.7,6.67,36.56,0.98,0.98,99.49
2016-09-23,VINH,18.737,105.671,37.0,25.57,27.43,24.39,24.36,25.61,92.97,19.19,99.93,3.24,56.8,4.39,36.57,0.98,0.99,99.53
2016-09-24,VINH,18.737,105.671,32.86,26.19,27.7,25.08,24.98,26.18,93.0,19.94,99.81,3.25,73.3,6.02,36.3,0.98,0.99,99.1
2016-09-25,VINH,18.737,105.671,11.36,26.23,28.59,24.48,24.87,26.1,92.23,19.81,99.88,2.63,104.8,6.28,36.39,0.97,0.99,69.7
2016-09-26,VINH,18.737,105.671,3.07,27.08,30.25,24.5,24.72,27.24,87.32,19.64,99.84,2.11,114.7,19.51,36.4,0.95,0.99,29.88
2016-09-27,VINH,18.737,105.671,0.75,28.39,32.34,25.35,24.65,28.49,81.24,19.6,99.67,1.99,47.4,23.54,35.82,0.95,0.98,22.13
2016-09-28,VINH,18.737,105.671,20.1,28.77,32.15,25.85,26.18,28.79,86.49,21.49,99.62,2.24,11.3,21.97,37.07,0.95,0.97,73.21
2016-09-29,VINH,18.737,105.671,11.11,27.24,29.67,25.52,24.32,26.68,84.13,19.21,99.75,2.16,24.4,15.42,36.28,0.96,0.98,94.63
2016-09-30,VINH,18.737,105.671,18.68,26.31,29.1,23.84,23.83,26.11,86.33,18.61,99.88,2.92,37.8,10.26,35.97,0.96,0.99,93.8
2016-10-01,VINH,18.737,105.671,5.7,25.38,28.54,22.56,22.58,25.31,84.72,17.22,100.05,3.08,27.9,9.87,36.3,0.95,0.98,82.02
2016-10-02,VINH,18.737,105.671,4.16,25.19,27.98,22.82,22.57,25.11,85.6,17.2,100.02,3.17,5.7,15.52,35.43,0.94,0.98,59.69
2016-10-03,VINH,18.737,105.671,8.36,25.71,27.74,23.91,23.76,25.55,89.02,18.52,99.88,2.78,13.7,8.17,36.76,0.95,0.98,98.08
2016-10-04,VINH,18.737,105.671,2.15,26.8,29.62,24.68,24.65,26.77,88.25,19.55,99.82,2.55,38.1,12.77,37.0,0.94,0.97,91.59
2016-10-05,VINH,18.737,105.671,21.37,26.79,28.83,25.35,25.17,26.79,90.92,20.17,99.86,3.16,39.6,13.22,36.84,0.95,0.97,86.01
2016-10-06,VINH,18.737,105.671,27.01,25.83,27.78,23.93,24.57,25.57,92.68,19.44,99.99,3.33,28.0,7.08,36.24,0.97,0.99,94.95
2016-10-07,VINH,18.737,105.671,4.87,26.13,28.69,23.67,24.25,25.82,89.5,19.07,99.99,2.64,16.0,12.07,36.1,0.95,0.99,61.42
2016-10-08,VINH,18.737,105.671,0.3,26.65,30.28,23.18,23.27,26.32,82.08,17.98,100.01,2.03,347.6,19.1,34.75,0.94,0.98,22.47
2016-10-09,VINH,18.737,105.671,0.1,26.37,29.71,23.35,23.52,26.18,84.62,18.25,99.99,2.53,34.0,16.91,36.08,0.94,0.97,45.48
2016-10-10,VINH,18.737,105.671,2.39,26.55,29.87,24.19,23.8,26.64,85.36,18.54,99.99,2.61,48.7,15.46,36.21,0.93,0.96,58.79
2016-10-11,VINH,18.737,105.671,2.85,26.34,29.38,23.99,23.57,26.23,85.08,18.28,100.04,3.42,45.7,12.46,36.55,0.93,0.96,71.05
2016-10-12,VINH,18.737,105.671,10.65,25.62,28.13,23.57,23.48,25.54,88.12,18.16,100.11,5.69,24.4,11.42,36.54,0.94,0.96,88.02
2016-10-13,VINH,18.737,105.671,72.19,24.7,26.04,23.53,23.39,24.73,92.48,18.09,100.06,6.99,17.4,4.42,36.03,0.97,0.98,98.91
2016-10-14,VINH,18.737,105.671,317.34,24.85,25.65,23.35,24.06,24.77,95.35,18.88,99.91,7.51,24.6,2.99,36.28,1.0,1.0,99.49
2016-10-15,VINH,18.737,105.671,99.89,25.94,27.07,24.97,25.07,25.75,94.79,20.02,100.03,4.91,58.4,3.29,35.93,1.0,1.0,98.96
2016-10-16,VINH,18.737,105.671,16.24,25.28,28.02,22.91,23.5,25.01,90.01,18.21,100.11,4.0,33.8,11.68,35.38,0.98,1.0,67.23
2016-10-17,VINH,18.737,105.671,2.29,25.11,28.05,22.35,22.89,24.95,87.71,17.6,99.9,4.05,353.5,13.4,34.71,0.97,0.99,98.29
2016-10-18,VINH,18.737,105.671,0.91,25.19,27.52,23.49,22.36,24.85,84.46,17.05,99.6,4.31,320.0,12.47,35.48,0.96,0.99,99.36
2016-10-19,VINH,18.737,105.671,0.33,27.56,31.69,24.13,23.51,27.21,79.74,18.33,99.48,1.81,246.3,12.56,37.04,0.95,0.98,92.94
2016-10-20,VINH,18.737,105.671,0.32,27.18,31.09,24.98,24.84,27.21,87.54,19.85,99.49,1.7,24.3,15.72,36.12,0.94,0.98,72.21
2016-10-21,VINH,18.737,105.671,0.95,28.09,31.46,26.07,25.25,28.02,85.06,20.32,99.57,1.51,116.3,16.09,36.53,0.94,0.97,91.82
2016-10-22,VINH,18.737,105.671,7.65,27.67,31.44,25.65,25.43,27.75,88.13,20.51,99.72,1.74,64.4,15.96,36.97,0.94,0.97,77.77
2016-10-23,VINH,18.737,105.671,9.0,26.5,29.0,24.69,25.41,26.55,93.72,20.47,99.83,2.28,90.5,13.37,36.84,0.95,0.98,84.23
2016-10-24,VINH,18.737,105.671,14.32,25.69,28.0,24.21,24.2,25.66,91.54,19.02,99.91,2.01,98.0,8.74,36.52,0.96,0.98,97.05
2016-10-25,VINH,18.737,105.671,9.57,26.07,28.25,24.6,24.73,25.99,92.48,19.61,100.05,2.66,119.8,9.5,36.39,0.95,0.98,89.65
2016-10-26,VINH,18.737,105.671,5.86,26.15,28.21,24.63,24.6,25.83,91.18,19.4,100.38,2.42,112.4,11.85,35.66,0.95,0.99,64.0
2016-10-27,VINH,18.737,105.671,0.54,25.96,28.73,23.8,23.91,25.87,88.65,18.58,100.45,2.06,101.4,16.93,35.34,0.94,0.98,29.39
2016-10-28,VINH,18.737,105.671,0.55,25.9,29.33,23.5,23.39,26.03,86.37,18.01,100.38,1.91,67.9,16.59,35.17,0.94,0.97,46.33
2016-10-29,VINH,18.737,105.671,12.19,26.02,28.82,22.82,24.07,26.11,89.21,18.76,100.53,5.47,44.2,9.87,36.44,0.95,0.97,90.32
2016-10-30,VINH,18.737,105.671,35.69,22.4,24.33,20.6,21.27,22.59,93.82,15.85,100.73,6.57,10.0,6.12,35.5,0.97,0.98,99.12
2016-10-31,VINH,18.737,105.671,77.47,23.78,25.2,21.18,22.84,23.81,94.5,17.4,100.68,6.29,28.1,4.11,35.96,0.99,1.0,98.08
2016-11-01,VINH,18.737,105.671,29.33,21.53,22.46,20.32,20.4,21.6,93.53,14.95,100.86,6.22,10.7,3.85,34.65,0.98,1.0,98.51
2016-11-02,VINH,18.737,105.671,9.85,21.33,22.87,19.59,19.89,21.45,91.65,14.46,100.94,6.53,18.6,4.26,34.92,0.97,1.0,98.74
2016-11-03,VINH,18.737,105.671,3.87,20.53,23.15,18.61,18.79,20.71,89.89,13.52,100.79,4.49,13.1,6.2,34.32,0.97,1.0,86.41
2016-11-04,VINH,18.737,105.671,0.31,21.52,24.37,19.55,19.2,21.32,86.67,13.92,100.38,2.49,12.2,9.18,33.74,0.96,0.99,81.55
2016-11-05,VINH,18.737,105.671,0.08,23.86,27.92,21.63,21.41,23.78,86.76,16.01,100.07,2.11,112.0,16.68,34.09,0.95,0.99,76.74
2016-11-06,VINH,18.737,105.671,9.01,25.26,27.96,23.78,23.91,25.36,92.37,18.62,100.22,3.47,77.2,9.11,36.84,0.96,0.98,89.28
2016-11-07,VINH,18.737,105.671,52.67,25.41,27.57,24.29,24.38,25.35,94.01,19.14,100.33,3.97,69.6,5.64,36.8,0.98,0.99,98.79
2016-11-08,VINH,18.737,105.671,96.97,22.11,26.58,16.78,21.19,22.16,94.75,16.01,100.61,6.23,21.7,4.58,36.03,0.99,1.0,95.41
2016-11-09,VINH,18.737,105.671,33.5,17.51,20.04,14.71,16.19,18.22,92.45,11.51,100.99,6.31,349.5,6.61,32.91,0.99,1.0,81.55
2016-11-10,VINH,18.737,105.671,3.87,15.53,16.63,14.89,14.21,16.33,92.53,10.11,101.06,4.68,340.0,7.85,31.82,0.98,1.0,79.52
2016-11-11,VINH,18.737,105.671,1.4,18.83,20.89,15.96,16.9,19.1,88.85,12.02,100.72,1.95,335.5,13.65,32.94,0.97,1.0,64.51
2016-11-12,VINH,18.737,105.671,10.96,23.63,27.05,20.24,22.08,23.78,91.35,16.65,100.5,2.21,106.7,16.57,34.87,0.97,0.99,51.16
2016-11-13,VINH,18.737,105.671,22.83,25.1,29.08,22.39,23.52,25.01,91.29,18.19,100.37,2.71,129.8,14.91,35.33,0.98,1.0,48.58
2016-11-14,VINH,18.737,105.671,2.23,25.04,29.28,21.89,23.01,24.95,89.23,17.63,100.37,2.42,125.0,17.81,34.29,0.96,0.99,26.97
2016-11-15,VINH,18.737,105.671,1.64,24.3,28.12,21.25,22.2,23.9,88.39,16.76,100.47,2.1,118.7,17.5,33.59,0.96,0.99,25.89
2016-11-16,VINH,18.737,105.671,0.7,24.16,28.03,21.72,21.7,23.61,86.46,16.23,100.52,1.74,106.2,17.76,33.05,0.95,0.98,25.89
2016-11-17,VINH,18.737,105.671,0.05,23.79,27.25,21.19,21.49,23.52,87.28,16.03,100.41,2.06,39.0,15.86,33.64,0.95,0.98,59.32
2016-11-18,VINH,18.737,105.671,0.7,24.53,27.66,22.48,22.89,24.51,90.81,17.51,100.16,2.48,38.8,13.86,34.81,0.94,0.98,65.86
2016-11-19,VINH,18.737,105.671,1.11,24.48,27.8,22.11,22.82,24.31,90.69,17.46,100.13,2.25,51.6,11.84,35.42,0.94,0.97,61.83
2016-11-20,VINH,18.737,105.671,1.16,24.91,28.17,22.28,23.16,24.75,90.33,17.83,100.09,2.1,34.6,12.2,35.44,0.93,0.97,67.15
2016-11-21,VINH,18.737,105.671,0.07,25.23,28.7,22.6,23.33,24.99,89.58,18.02,100.03,1.9,68.2,13.36,35.08,0.93,0.96,45.1
2016-11-22,VINH,18.737,105.671,3.69,25.25,28.55,22.88,23.49,25.13,90.33,18.18,100.11,2.26,20.1,13.52,35.47,0.93,0.96,54.91
2016-11-23,VINH,18.737,105.671,25.95,22.42,28.29,15.35,20.75,22.83,90.49,15.59,100.54,5.74,24.3,7.29,35.72,0.96,0.97,94.21
2016-11-24,VINH,18.737,105.671,4.82,18.05,19.97,15.56,16.05,18.71,88.8,11.43,100.66,4.84,356.9,6.4,32.33,0.94,0.97,82.68
2016-11-25,VINH,18.737,105.671,6.09,18.85,21.34,17.23,17.42,19.32,91.89,12.46,100.52,4.27,357.1,10.16,32.55,0.94,0.97,70.84
2016-11-26,VINH,18.737,105.671,6.13,16.62,18.02,14.62,14.57,16.95,87.87,10.32,100.9,5.54,2.0,10.14,30.94,0.94,0.97,68.76
2016-11-27,VINH,18.737,105.671,0.0,16.95,20.32,14.33,13.13,17.19,79.11,9.41,100.82,3.43,351.7,16.22,29.81,0.93,0.96,32.02
2016-11-28,VINH,18.737,105.671,0.1,18.76,21.33,16.5,16.49,19.1,87.2,11.7,100.94,3.9,1.0,10.33,33.21,0.93,0.96,76.4
2016-11-29,VINH,18.737,105.671,1.71,19.75,22.08,17.18,18.05,19.98,90.17,12.89,101.05,5.33,14.5,6.89,34.25,0.93,0.96,90.25
2016-11-30,VINH,18.737,105.671,0.83,18.24,20.92,16.06,15.99,18.43,86.99,11.25,101.28,5.12,9.6,4.68,33.05,0.92,0.95,89.04
2016-12-01,VINH,18.737,105.671,0.04,17.46,19.81,16.16,14.54,17.71,83.6,10.27,101.18,3.8,2.4,8.75,31.84,0.92,0.95,74.2
2016-12-02,VINH,18.737,105.671,0.08,19.56,22.58,17.8,17.32,19.76,87.43,12.29,101.03,4.0,10.7,8.25,33.2,0.92,0.94,87.82
2016-12-03,VINH,18.737,105.671,0.48,20.25,22.66,18.58,18.91,20.41,92.22,13.6,100.91,4.13,12.7,6.36,33.49,0.92,0.94,97.28
2016-12-04,VINH,18.737,105.671,0.27,20.18,23.15,17.58,18.55,20.05,90.43,13.31,100.75,3.49,9.9,5.27,33.23,0.91,0.94,88.33
2016-12-05,VINH,18.737,105.671,0.01,20.65,23.6,18.72,18.73,20.4,88.96,13.43,100.88,3.51,10.6,7.87,33.8,0.91,0.94,95.85
2016-12-06,VINH,18.737,105.671,0.01,19.37,22.42,16.25,16.78,19.26,85.23,11.88,100.94,4.43,10.7,8.8,32.89,0.91,0.93,84.72
2016-12-07,VINH,18.737,105.671,0.0,18.84,22.49,15.88,16.12,18.96,84.54,11.42,100.8,3.8,4.1,9.07,32.78,0.91,0.93,87.33
2016-12-08,VINH,18.737,105.671,0.0,18.09,22.28,14.08,13.3,17.52,74.28,9.54,100.6,3.04,344.7,13.68,30.31,0.9,0.92,53.46
2016-12-09,VINH,18.737,105.671,0.0,18.9,23.41,14.19,15.46,18.22,81.26,10.98,100.45,2.26,1.9,17.51,28.83,0.9,0.92,10.63
2016-12-10,VINH,18.737,105.671,0.0,19.36,23.38,16.73,17.16,19.6,87.75,12.21,100.51,2.74,8.3,13.94,31.52,0.9,0.91,63.35
2016-12-11,VINH,18.737,105.671,0.1,19.51,22.58,16.87,17.65,19.56,89.43,12.63,100.33,2.26,349.6,12.05,32.32,0.9,0.91,96.81
2016-12-12,VINH,18.737,105.671,0.48,22.11,26.05,18.98,20.5,21.91,90.93,15.13,100.19,1.9,87.9,12.16,34.2,0.89,0.91,88.47
2016-12-13,VINH,18.737,105.671,3.81,22.83,26.3,20.96,21.62,22.85,93.08,16.17,100.33,3.63,41.4,7.49,35.38,0.9,0.9,93.45
2016-12-14,VINH,18.737,105.671,19.81,19.69,22.66,16.29,18.52,19.82,93.05,13.33,100.75,6.01,16.4,4.22,34.25,0.94,0.92,96.78
2016-12-15,VINH,18.737,105.671,20.36,16.08,17.95,14.26,14.58,16.45,91.09,10.29,101.22,6.88,6.9,3.19,32.29,0.94,0.93,99.36
2016-12-16,VINH,18.737,105.671,9.55,13.94,15.14,12.96,11.94,14.41,88.17,8.65,101.36,4.85,356.1,3.33,31.55,0.93,0.94,99.11
2016-12-17,VINH,18.737,105.671,1.03,16.48,18.84,13.57,14.46,16.79,88.32,10.26,101.0,2.72,347.3,7.8,32.8,0.91,0.94,84.66
2016-12-18,VINH,18.737,105.671,0.09,19.91,23.71,16.69,18.48,19.98,91.77,13.26,100.76,2.42,25.6,7.54,34.19,0.91,0.93,88.04
2016-12-19,VINH,18.737,105.671,0.33,21.78,25.44,19.75,20.46,21.79,92.56,15.03,100.48,2.4,92.1,12.12,34.24,0.91,0.93,77.61
2016-12-20,VINH,18.737,105.671,0.52,22.86,26.65,20.57,21.64,22.67,93.07,16.2,100.37,2.91,112.2,8.71,35.18,0.9,0.92,82.78
2016-12-21,VINH,18.737,105.671,0.28,22.9,26.68,20.51,21.66,22.97,92.74,16.18,100.53,2.67,73.4,11.57,35.13,0.9,0.92,77.74
2016-12-22,VINH,18.737,105.671,0.36,19.07,21.77,17.58,17.15,19.17,88.83,12.18,100.8,4.41,14.7,9.65,34.39,0.9,0.91,86.77
2016-12-23,VINH,18.737,105.671,0.6,19.25,21.67,17.37,17.47,19.26,89.61,12.42,100.68,2.95,16.2,6.16,33.89,0.9,0.91,86.25
2016-12-24,VINH,18.737,105.671,0.04,21.46,25.0,18.6,20.04,21.37,91.9,14.64,100.5,2.22,37.3,10.49,34.18,0.9,0.91,74.21
2016-12-25,VINH,18.737,105.671,0.06,22.47,26.43,19.9,21.15,22.28,92.3,15.7,100.44,2.44,108.0,11.95,34.07,0.89,0.9,62.98
2016-12-26,VINH,18.737,105.671,1.48,21.8,26.3,15.67,19.87,22.11,89.19,14.58,100.72,4.33,46.6,12.88,34.01,0.89,0.9,86.49
2016-12-27,VINH,18.737,105.671,0.39,15.38,18.18,13.0,12.11,15.51,81.27,8.75,101.14,5.29,12.2,4.98,31.0,0.89,0.9,86.94
2016-12-28,VINH,18.737,105.671,0.13,15.34,18.87,12.65,11.99,15.45,81.03,8.69,101.17,4.13,9.9,6.5,31.16,0.89,0.89,86.45
2016-12-29,VINH,18.737,105.671,0.04,15.3,19.1,12.96,11.23,15.3,77.63,8.25,101.27,4.4,10.9,9.31,29.9,0.88,0.89,66.86
2016-12-30,VINH,18.737,105.671,0.24,16.59,19.86,14.7,13.42,16.62,82.29,9.54,101.17,3.82,14.6,9.32,31.13,0.88,0.89,84.74
2016-12-31,VINH,18.737,105.671,2.28,17.56,20.16,15.81,15.99,17.81,90.85,11.29,101.02,3.65,1.8,5.19,33.18,0.88,0.89,98.7
2017-01-01,VINH,18.737,105.671,1.15,18.29,21.17,16.29,17.15,18.63,93.4,12.19,100.92,3.56,358.3,4.03,33.27,0.88,0.89,92.65
2017-01-02,VINH,18.737,105.671,1.01,19.57,21.97,17.19,18.48,19.82,93.71,13.24,100.85,3.32,13.0,5.7,33.89,0.88,0.88,88.54
2017-01-03,VINH,18.737,105.671,0.68,20.13,24.03,17.22,18.92,20.13,93.02,13.64,100.68,3.35,36.3,7.13,33.48,0.88,0.88,80.53
2017-01-04,VINH,18.737,105.671,0.48,20.64,24.18,18.45,19.25,20.74,92.22,13.93,100.53,2.71,38.0,10.5,33.89,0.88,0.88,90.87
2017-01-05,VINH,18.737,105.671,0.27,20.47,24.28,17.58,19.09,20.48,92.08,13.81,100.47,2.8,11.9,5.34,34.29,0.88,0.88,95.46
2017-01-06,VINH,18.737,105.671,0.2,20.58,23.86,18.43,19.17,20.62,91.89,13.88,100.32,2.43,22.3,10.75,34.03,0.87,0.87,88.72
2017-01-07,VINH,18.737,105.671,0.07,21.14,25.13,18.27,19.59,20.97,91.18,14.27,100.19,2.06,40.7,10.21,34.18,0.87,0.87,70.24
2017-01-08,VINH,18.737,105.671,1.37,21.54,24.74,19.37,19.97,21.37,91.15,14.61,100.25,2.09,48.4,11.95,34.11,0.87,0.86,70.43
2017-01-09,VINH,18.737,105.671,8.08,21.85,25.11,19.95,20.7,21.74,93.38,15.28,100.31,2.9,61.1,6.3,34.97,0.89,0.87,88.83
2017-01-10,VINH,18.737,105.671,8.09,21.94,24.43,20.46,21.05,21.76,94.7,15.61,100.29,3.48,96.2,4.95,35.25,0.89,0.88,96.97
2017-01-11,VINH,18.737,105.671,3.66,22.91,26.82,18.92,21.42,22.88,91.76,16.01,100.19,3.86,104.3,7.79,35.72,0.88,0.88,98.18
2017-01-12,VINH,18.737,105.671,7.38,15.2,17.94,12.7,13.38,16.0,89.24,9.58,100.57,5.27,349.4,4.7,34.16,0.89,0.88,97.82
2017-01-13,VINH,18.737,105.671,1.06,15.09,17.28,12.87,12.98,15.81,87.8,9.33,100.62,3.52,359.4,5.15,32.55,0.88,0.88,91.51
2017-01-14,VINH,18.737,105.671,2.36,17.2,20.24,14.89,15.45,17.78,89.85,10.93,100.69,3.28,14.9,7.86,32.53,0.88,0.88,85.53
2017-01-15,VINH,18.737,105.671,4.4,17.88,20.73,16.39,16.47,18.34,91.67,11.64,100.82,4.25,16.5,8.83,32.47,0.88,0.88,77.88
2017-01-16,VINH,18.737,105.671,2.73,18.11,20.97,16.54,16.8,18.43,92.31,11.91,100.7,3.53,20.0,6.53,33.57,0.88,0.88,84.96
2017-01-17,VINH,18.737,105.671,4.1,18.57,21.41,16.88,17.42,18.92,93.27,12.38,100.85,3.79,16.4,7.47,33.66,0.88,0.88,88.65
2017-01-18,VINH,18.737,105.671,0.81,19.67,23.35,17.37,18.5,19.87,93.1,13.24,100.88,2.64,31.2,8.65,33.56,0.88,0.87,84.18
2017-01-19,VINH,18.737,105.671,2.56,20.61,24.43,18.53,19.1,21.02,91.43,13.74,100.87,3.77,45.7,8.99,34.57,0.87,0.87,88.31
2017-01-20,VINH,18.737,105.671,4.15,17.45,19.49,16.16,15.8,17.77,90.23,11.13,101.12,4.48,22.3,6.64,33.48,0.88,0.87,90.49
2017-01-21,VINH,18.737,105.671,7.56,16.93,19.85,15.15,15.37,17.17,90.66,10.81,101.42,5.68,20.3,4.87,33.17,0.89,0.88,89.49
2017-01-22,VINH,18.737,105.671,1.61,15.73,18.39,13.48,13.64,15.62,87.7,9.65,101.39,3.85,19.8,6.75,32.03,0.88,0.88,78.82
2017-01-23,VINH,18.737,105.671,0.77,16.67,20.44,14.22,14.68,16.81,88.37,10.34,101.22,3.79,18.3,6.41,31.38,0.88,0.87,85.83
2017-01-24,VINH,18.737,105.671,3.42,17.91,20.49,14.96,16.51,18.2,91.9,11.65,101.19,3.86,11.4,10.33,33.49,0.88,0.87,87.41
2017-01-25,VINH,18.737,105.671,3.72,18.06,20.98,16.19,16.67,18.19,91.81,11.74,101.3,4.37,23.3,5.15,33.46,0.88,0.88,85.57
2017-01-26,VINH,18.737,105.671,0.32,18.66,22.67,15.56,16.7,18.05,89.0,11.78,101.11,2.88,44.7,7.51,33.13,0.87,0.87,76.83
2017-01-27,VINH,18.737,105.671,0.66,18.9,22.67,16.42,17.2,18.71,90.36,12.18,100.91,3.18,58.6,5.44,33.27,0.87,0.87,84.15
2017-01-28,VINH,18.737,105.671,0.0,19.08,24.02,15.38,16.19,19.37,84.39,11.48,100.48,2.57,149.0,17.18,30.07,0.86,0.86,47.8
2017-01-29,VINH,18.737,105.671,0.03,20.67,25.9,17.16,17.67,20.45,84.14,12.6,100.53,1.86,60.3,18.4,32.13,0.86,0.86,60.12
2017-01-30,VINH,18.737,105.671,0.05,19.15,23.39,16.01,17.28,19.02,89.53,12.29,100.72,2.91,27.2,11.78,31.81,0.86,0.85,57.84
2017-01-31,VINH,18.737,105.671,0.09,19.46,23.71,16.78,17.93,19.51,90.27,12.78,100.74,2.7,28.5,16.0,32.63,0.85,0.85,58.98
2017-02-01,VINH,18.737,105.671,3.13,20.32,24.11,18.28,18.63,20.65,90.5,13.34,100.89,3.92,33.0,8.77,34.36,0.86,0.85,90.95
2017-02-02,VINH,18.737,105.671,3.19,19.69,23.02,17.39,18.37,19.79,92.39,13.15,100.82,3.81,36.6,5.48,34.13,0.86,0.85,96.29
2017-02-03,VINH,18.737,105.671,1.13,20.5,24.69,18.36,18.93,20.43,91.11,13.65,100.51,2.38,84.9,7.5,34.34,0.85,0.85,88.61
2017-02-04,VINH,18.737,105.671,0.07,21.97,27.97,17.85,19.36,21.78,86.24,14.05,100.35,2.0,77.6,17.0,34.13,0.84,0.84,63.95
2017-02-05,VINH,18.737,105.671,0.05,19.88,25.21,16.16,18.13,20.28,89.61,13.02,100.35,2.53,93.5,19.5,32.08,0.84,0.83,57.96
2017-02-06,VINH,18.737,105.671,0.0,20.38,26.55,16.58,17.81,20.38,85.68,12.75,100.22,2.72,123.5,17.25,33.45,0.83,0.83,58.34
2017-02-07,VINH,18.737,105.671,0.01,21.18,26.48,18.12,18.62,20.92,86.26,13.44,100.19,2.2,126.2,18.96,32.09,0.83,0.82,43.39
2017-02-08,VINH,18.737,105.671,3.0,21.05,26.65,15.02,18.44,21.77,85.61,13.36,100.61,4.55,37.0,13.51,34.3,0.83,0.82,75.07
2017-02-09,VINH,18.737,105.671,0.46,15.27,17.77,13.32,12.31,15.64,82.9,8.86,101.0,4.64,25.9,6.36,31.92,0.84,0.82,91.08
2017-02-10,VINH,18.737,105.671,0.98,15.42,18.15,13.69,12.34,15.89,82.33,8.87,101.16,4.61,24.4,6.36,32.38,0.83,0.82,93.67
2017-02-11,VINH,18.737,105.671,2.31,14.5,17.35,12.42,11.65,14.65,83.37,8.45,101.5,4.34,22.5,5.81,32.03,0.84,0.82,92.12
2017-02-12,VINH,18.737,105.671,0.04,15.05,18.67,10.94,11.1,14.53,77.84,8.15,101.47,3.15,16.9,8.66,31.32,0.83,0.82,76.2
2017-02-13,VINH,18.737,105.671,0.14,16.66,20.43,13.98,13.69,16.56,83.5,9.67,101.44,2.69,30.8,15.09,30.81,0.83,0.82,55.54
2017-02-14,VINH,18.737,105.671,1.83,18.09,22.34,15.56,15.82,18.36,87.56,11.1,101.43,3.21,35.7,8.33,33.6,0.83,0.81,91.26
2017-02-15,VINH,18.737,105.671,2.92,19.16,23.13,16.97,17.44,19.0,90.35,12.35,101.15,3.16,67.5,8.32,33.64,0.83,0.81,86.04
2017-02-16,VINH,18.737,105.671,0.02,19.5,24.92,15.35,16.58,19.65,84.39,11.76,100.82,2.9,140.1,19.66,31.2,0.82,0.81,34.24
2017-02-17,VINH,18.737,105.671,0.07,19.7,24.41,16.46,17.28,19.65,86.82,12.25,100.93,2.35,109.2,17.63,31.53,0.81,0.8,40.84
2017-02-18,VINH,18.737,105.671,0.05,19.34,24.37,15.26,16.71,19.38,85.77,11.84,100.92,2.48,86.8,16.74,31.34,0.81,0.8,43.98
2017-02-19,VINH,18.737,105.671,0.01,20.51,25.87,16.53,17.01,20.88,81.82,12.15,100.24,2.91,158.7,20.62,31.46,0.8,0.79,30.81
2017-02-20,VINH,18.737,105.671,0.01,24.48,31.45,20.33,17.93,22.94,68.52,12.94,99.96,1.99,209.3,21.49,32.17,0.8,0.78,29.59
2017-02-21,VINH,18.737,105.671,0.04,24.94,30.84,20.13,19.91,24.1,75.75,14.61,100.13,1.76,149.4,18.29,33.92,0.79,0.78,46.36
2017-02-22,VINH,18.737,105.671,0.03,25.7,31.65,20.48,20.91,24.95,76.41,15.53,100.12,1.53,177.1,15.63,35.39,0.79,0.77,60.49
2017-02-23,VINH,18.737,105.671,4.11,19.64,26.41,16.98,17.73,20.24,88.95,12.77,100.69,4.16,37.1,7.11,35.27,0.8,0.77,88.9
2017-02-24,VINH,18.737,105.671,4.17,16.24,18.52,14.72,14.06,16.91,87.26,9.94,101.0,4.14,22.7,5.29,33.18,0.81,0.78,94.27
2017-02-25,VINH,18.737,105.671,9.23,15.88,19.0,14.23,13.84,16.65,87.85,9.81,100.95,4.81,29.4,4.44,33.73,0.83,0.79,98.55
2017-02-26,VINH,18.737,105.671,2.85,15.36,17.47,13.99,13.11,15.83,86.74,9.34,101.02,3.86,27.7,7.84,33.07,0.82,0.79,96.55
2017-02-27,VINH,18.737,105.671,0.7,17.12,20.77,14.64,14.85,17.93,87.1,10.47,101.02,3.58,25.4,8.27,33.65,0.81,0.79,91.62
2017-02-28,VINH,18.737,105.671,1.12,19.13,23.12,16.5,17.2,19.91,89.24,12.2,100.78,2.79,52.7,10.02,34.58,0.8,0.78,91.45
2017-03-01,VINH,18.737,105.671,1.93,18.27,22.81,14.55,16.23,18.93,88.27,11.48,101.01,4.36,31.4,7.13,33.95,0.8,0.78,90.63
2017-03-02,VINH,18.737,105.671,0.01,18.39,22.96,14.78,14.31,18.23,78.01,10.14,100.71,2.39,43.4,19.28,30.61,0.79,0.77,26.11
2017-03-03,VINH,18.737,105.671,0.0,20.42,25.83,16.91,17.89,20.78,86.08,12.85,100.16,2.83,137.5,19.52,31.83,0.78,0.77,39.39
2017-03-04,VINH,18.737,105.671,0.0,23.63,29.41,20.03,18.84,23.27,75.86,13.67,99.9,2.3,156.0,17.41,34.24,0.78,0.76,53.23
2017-03-05,VINH,18.737,105.671,0.01,25.01,31.47,18.72,19.56,24.21,73.78,14.31,99.87,1.44,154.2,16.9,35.0,0.77,0.75,59.43
2017-03-06,VINH,18.737,105.671,1.15,21.38,26.46,18.5,19.51,21.96,89.6,14.22,100.24,3.25,59.6,9.59,36.0,0.77,0.75,86.54
2017-03-07,VINH,18.737,105.671,7.5,21.13,24.55,19.08,19.55,21.36,91.12,14.21,100.33,2.96,68.5,7.05,35.71,0.79,0.75,94.57
2017-03-08,VINH,18.737,105.671,13.72,19.15,22.18,16.79,17.68,19.67,91.48,12.64,100.46,3.85,34.8,5.48,33.9,0.84,0.78,95.16
2017-03-09,VINH,18.737,105.671,0.61,20.95,25.35,18.29,19.19,21.37,90.06,13.94,100.08,2.51,98.7,7.97,35.24,0.79,0.77,87.94
2017-03-10,VINH,18.737,105.671,0.18,25.41,31.57,21.25,21.63,25.06,81.08,16.27,99.91,1.28,164.7,11.85,36.11,0.78,0.76,77.95
2017-03-11,VINH,18.737,105.671,0.4,24.97,30.66,21.56,22.11,25.18,85.47,16.72,100.04,2.03,90.7,12.3,36.43,0.77,0.75,74.08
2017-03-12,VINH,18.737,105.671,0.17,26.75,33.03,22.53,22.47,26.56,79.13,17.15,99.82,1.79,171.4,13.86,37.89,0.76,0.75,74.02
2017-03-13,VINH,18.737,105.671,0.02,27.71,34.82,20.88,21.45,26.58,70.77,16.14,99.81,1.9,244.9,18.61,35.68,0.75,0.74,55.02
2017-03-14,VINH,18.737,105.671,0.49,22.77,29.29,19.41,20.2,23.52,85.89,14.92,100.29,3.14,25.5,12.85,36.33,0.75,0.73,89.3
2017-03-15,VINH,18.737,105.671,1.14,23.54,27.61,20.62,21.67,24.06,89.89,16.25,100.16,2.64,92.1,8.9,36.08,0.75,0.73,94.76
2017-03-16,VINH,18.737,105.671,5.47,24.3,28.53,21.77,22.4,24.62,89.7,17.01,100.08,3.34,117.2,6.85,36.05,0.76,0.73,99.28
2017-03-17,VINH,18.737,105.671,3.27,23.69,26.86,21.95,22.03,23.6,90.66,16.61,100.15,2.88,116.3,10.77,35.69,0.77,0.74,91.96
2017-03-18,VINH,18.737,105.671,8.76,25.34,30.05,22.52,23.03,25.53,87.91,17.67,100.14,2.66,119.0,13.21,36.57,0.78,0.74,93.2
2017-03-19,VINH,18.737,105.671,5.33,25.45,29.87,22.63,23.07,25.41,87.37,17.7,100.17,2.2,112.6,17.41,36.03,0.78,0.75,74.91
2017-03-20,VINH,18.737,105.671,34.83,25.81,30.31,23.0,22.41,25.91,82.5,17.01,100.12,1.77,147.5,14.06,36.24,0.81,0.75,80.78
2017-03-21,VINH,18.737,105.671,6.39,24.41,28.04,21.56,21.5,24.19,84.41,16.1,100.03,2.28,172.2,6.94,36.02,0.81,0.77,96.31
2017-03-22,VINH,18.737,105.671,0.18,26.5,32.65,21.75,21.94,25.99,77.81,16.58,99.88,1.76,226.1,20.74,35.66,0.77,0.76,45.04
2017-03-23,VINH,18.737,105.671,0.03,25.97,31.29,22.32,22.34,26.02,81.81,16.97,100.04,2.43,131.6,19.15,35.9,0.76,0.75,47.45
2017-03-24,VINH,18.737,105.671,0.04,26.54,30.78,24.03,22.93,26.7,81.69,17.56,100.13,2.21,123.4,15.13,36.86,0.75,0.74,92.49
2017-03-25,VINH,18.737,105.671,5.25,21.62,28.91,16.61,19.2,22.22,86.6,14.12,100.63,5.16,26.8,13.33,35.39,0.77,0.73,94.31
2017-03-26,VINH,18.737,105.671,3.42,17.98,20.57,16.41,15.16,18.56,84.03,10.67,101.09,5.01,19.9,6.3,32.67,0.77,0.74,98.16
2017-03-27,VINH,18.737,105.671,0.21,18.83,22.02,16.98,16.38,19.69,86.18,11.55,100.99,3.3,19.3,9.48,33.78,0.76,0.74,91.99
2017-03-28,VINH,18.737,105.671,0.06,21.33,26.2,19.1,19.05,21.87,87.58,13.77,100.49,2.15,114.0,19.37,33.79,0.75,0.73,40.14
2017-03-29,VINH,18.737,105.671,0.62,24.11,28.96,20.95,21.52,24.57,86.49,16.06,100.4,2.51,119.5,13.16,35.98,0.74,0.73,69.22
2017-03-30,VINH,18.737,105.671,1.58,26.03,31.64,22.87,22.64,26.02,83.0,17.22,100.27,2.25,142.8,17.67,36.02,0.74,0.72,74.11
2017-03-31,VINH,18.737,105.671,10.07,21.4,28.37,17.3,19.32,21.7,88.16,14.19,100.68,4.63,12.4,9.79,35.5,0.78,0.73,94.88
2017-04-01,VINH,18.737,105.671,1.03,18.38,22.71,15.3,14.92,18.78,81.15,10.52,100.91,3.57,16.6,11.7,32.63,0.75,0.73,71.46
2017-04-02,VINH,18.737,105.671,0.35,19.71,23.69,16.92,16.76,20.0,83.6,11.86,100.83,2.91,33.0,10.64,34.53,0.74,0.73,87.3
2017-04-03,VINH,18.737,105.671,0.22,21.53,26.22,18.39,19.04,22.06,86.46,13.72,100.63,2.79,112.3,16.47,35.46,0.73,0.72,77.78
2017-04-04,VINH,18.737,105.671,0.03,23.24,28.01,19.95,20.32,23.83,84.87,14.91,100.35,2.96,123.9,18.79,35.48,0.72,0.71,71.5
2017-04-05,VINH,18.737,105.671,0.09,25.17,30.28,22.04,21.83,25.39,83.25,16.43,100.02,2.14,133.6,13.73,36.47,0.71,0.71,96.4
2017-04-06,VINH,18.737,105.671,0.03,27.28,32.72,23.26,22.13,26.85,75.0,16.77,99.86,1.98,214.6,13.43,36.06,0.71,0.7,78.24
2017-04-07,VINH,18.737,105.671,0.0,28.56,34.38,23.85,22.74,28.25,72.83,17.44,99.81,1.89,192.0,19.83,36.85,0.69,0.69,40.58
2017-04-08,VINH,18.737,105.671,0.0,29.54,36.1,24.27,23.27,29.05,71.28,18.03,99.74,2.55,214.3,22.31,36.22,0.68,0.68,15.04
2017-04-09,VINH,18.737,105.671,0.01,30.06,36.48,25.44,23.28,29.36,68.94,18.08,99.53,3.7,224.1,23.05,36.19,0.67,0.68,9.4
2017-04-10,VINH,18.737,105.671,0.08,30.4,36.37,26.19,24.46,29.66,72.08,19.43,99.38,4.29,229.6,22.16,36.01,0.66,0.67,34.61
2017-04-11,VINH,18.737,105.671,4.06,29.8,35.85,23.63,24.93,29.26,77.1,19.96,99.55,3.78,253.0,22.09,36.36,0.67,0.66,35.85
2017-04-12,VINH,18.737,105.671,11.77,21.73,23.47,20.24,19.47,22.23,87.16,14.16,100.34,3.96,21.4,7.09,35.07,0.73,0.68,96.49
2017-04-13,VINH,18.737,105.671,4.11,21.53,24.06,19.53,19.23,21.95,86.98,13.9,100.53,2.86,23.4,7.88,35.01,0.73,0.69,99.01
2017-04-14,VINH,18.737,105.671,0.09,23.94,27.29,21.63,20.95,24.58,84.08,15.54,100.16,2.11,121.4,19.22,36.77,0.7,0.69,76.22
2017-04-15,VINH,18.737,105.671,0.03,27.73,32.77,24.51,23.44,28.1,79.15,18.16,99.91,2.09,123.4,20.0,37.13,0.68,0.68,77.01
2017-04-16,VINH,18.737,105.671,0.06,27.63,33.17,23.84,23.88,27.92,81.72,18.62,100.0,2.44,115.8,16.06,37.39,0.67,0.67,91.05
2017-04-17,VINH,18.737,105.671,0.24,27.35,32.77,23.2,23.16,28.13,80.05,17.84,99.97,2.45,91.0,17.17,37.35,0.65,0.66,94.23
2017-04-18,VINH,18.737,105.671,0.17,28.22,33.56,24.73,23.55,28.78,77.71,18.32,99.76,1.35,123.8,17.24,37.65,0.64,0.66,83.27
2017-04-19,VINH,18.737,105.671,0.48,29.5,35.61,24.84,23.11,29.41,70.87,17.87,99.59,2.63,226.0,14.82,36.85,0.63,0.65,58.59
2017-04-20,VINH,18.737,105.671,0.02,30.44,36.89,25.14,22.51,30.31,65.09,17.25,99.6,3.47,229.8,23.56,36.32,0.61,0.64,35.71
2017-04-21,VINH,18.737,105.671,1.7,29.8,37.41,21.4,22.34,30.07,68.51,17.06,99.83,4.36,332.2,23.44,36.47,0.61,0.64,42.98
2017-04-22,VINH,18.737,105.671,0.35,22.63,26.57,19.88,17.81,23.83,75.47,12.75,100.32,3.8,28.9,9.95,34.69,0.61,0.64,79.62
2017-04-23,VINH,18.737,105.671,2.46,24.55,29.63,21.59,20.43,25.92,79.38,15.04,100.17,2.88,69.7,8.76,36.79,0.62,0.63,94.95
2017-04-24,VINH,18.737,105.671,15.75,26.42,33.02,22.71,22.88,27.21,82.95,17.54,99.94,2.14,108.8,7.9,35.74,0.71,0.65,84.45
2017-04-25,VINH,18.737,105.671,0.6,28.5,34.51,23.52,23.25,28.7,75.56,17.98,99.79,1.87,221.6,17.85,35.74,0.64,0.65,45.45
2017-04-26,VINH,18.737,105.671,0.88,29.01,34.92,24.6,23.12,29.47,73.71,17.84,99.91,1.72,48.7,22.05,36.64,0.62,0.64,47.83
2017-04-27,VINH,18.737,105.671,6.17,24.49,30.64,21.28,21.45,25.43,83.83,16.05,100.38,4.59,27.5,9.78,36.25,0.66,0.64,95.71
2017-04-28,VINH,18.737,105.671,0.45,22.68,26.3,20.21,18.98,23.3,80.13,13.7,100.47,2.96,31.6,9.01,34.93,0.64,0.65,94.13
2017-04-29,VINH,18.737,105.671,0.03,25.33,29.28,23.02,20.51,26.47,76.2,15.15,100.23,2.5,95.6,16.14,35.75,0.62,0.64,55.78
2017-04-30,VINH,18.737,105.671,0.03,28.84,34.61,24.05,23.02,29.46,73.01,17.73,99.88,1.93,182.5,23.18,35.86,0.61,0.63,17.82
2017-05-01,VINH,18.737,105.671,0.0,30.9,37.89,25.09,22.25,30.87,62.93,16.95,99.79,2.39,236.1,24.73,36.26,0.59,0.63,16.43
2017-05-02,VINH,18.737,105.671,0.0,31.77,38.72,25.87,22.22,31.85,60.32,16.95,99.69,2.32,229.2,23.25,36.53,0.58,0.62,28.6
2017-05-03,VINH,18.737,105.671,0.0,31.38,38.19,26.46,23.48,31.28,65.56,18.27,99.69,3.26,228.7,24.36,36.83,0.57,0.61,64.7
2017-05-04,VINH,18.737,105.671,0.05,28.49,34.01,24.85,23.98,28.78,78.14,18.73,100.08,3.5,15.4,18.05,36.69,0.58,0.61,79.21
2017-05-05,VINH,18.737,105.671,0.81,26.03,28.07,24.96,23.95,26.52,88.64,18.66,100.27,3.05,47.5,13.52,37.23,0.59,0.61,98.86
2017-05-06,VINH,18.737,105.671,5.4,26.39,28.82,24.52,24.64,26.53,90.37,19.46,100.23,2.5,103.3,13.2,37.03,0.62,0.61,98.01
2017-05-07,VINH,18.737,105.671,4.13,27.99,32.0,24.03,23.52,28.19,77.98,18.23,100.09,2.01,154.5,19.63,36.82,0.64,0.63,79.8
2017-05-08,VINH,18.737,105.671,1.72,30.51,36.97,25.46,22.95,31.2,67.7,17.74,99.81,1.97,178.5,25.02,36.61,0.59,0.62,58.41
2017-05-09,VINH,18.737,105.671,2.88,28.61,34.64,25.23,24.09,29.19,79.15,18.91,100.02,2.39,79.4,12.04,36.45,0.61,0.62,94.71
2017-05-10,VINH,18.737,105.671,2.09,27.1,30.06,25.21,24.57,27.42,86.92,19.4,100.19,2.79,111.1,14.63,36.9,0.61,0.62,99.36
2017-05-11,VINH,18.737,105.671,2.66,28.16,32.3,25.56,24.43,28.44,81.4,19.25,100.11,2.6,135.6,19.01,36.53,0.61,0.62,85.93
2017-05-12,VINH,18.737,105.671,6.06,29.08,33.62,25.77,24.55,29.68,78.8,19.47,99.94,2.33,104.3,17.56,36.78,0.64,0.63,89.11
2017-05-13,VINH,18.737,105.671,17.58,25.91,30.38,24.24,23.92,26.34,89.26,18.69,99.94,3.38,70.2,11.75,36.74,0.71,0.65,75.17
2017-05-14,VINH,18.737,105.671,3.69,27.58,31.35,25.19,24.91,27.88,86.0,19.88,99.72,2.42,121.9,21.79,36.95,0.66,0.65,83.73
2017-05-15,VINH,18.737,105.671,22.42,28.43,33.93,22.71,23.9,28.79,78.48,18.8,99.67,2.85,308.9,18.1,37.06,0.72,0.66,98.86
2017-05-16,VINH,18.737,105.671,6.09,24.84,28.6,22.4,21.06,25.08,80.23,15.69,99.94,3.67,354.1,15.8,35.44,0.73,0.68,98.77
2017-05-17,VINH,18.737,105.671,2.19,24.89,28.14,22.6,21.59,25.43,82.63,16.19,100.01,3.53,23.3,12.35,36.16,0.67,0.67,99.44
2017-05-18,VINH,18.737,105.671,11.96,25.16,28.12,23.74,22.96,25.8,88.07,17.63,99.93,3.81,52.3,6.38,36.22,0.71,0.67,99.16
2017-05-19,VINH,18.737,105.671,6.41,25.33,27.32,23.59,24.2,25.42,93.47,19.08,99.72,2.89,357.8,10.45,36.83,0.74,0.68,78.59
2017-05-20,VINH,18.737,105.671,2.13,26.85,29.93,25.4,24.61,27.12,87.92,19.59,99.43,2.21,95.6,18.42,37.36,0.7,0.68,66.74
2017-05-21,VINH,18.737,105.671,1.15,29.63,34.06,26.52,25.74,29.31,80.67,20.99,99.32,1.92,221.8,18.89,37.98,0.68,0.67,84.55
2017-05-22,VINH,18.737,105.671,1.97,30.83,35.72,27.52,26.15,30.57,77.65,21.5,99.39,2.2,219.7,23.09,37.39,0.67,0.67,64.04
2017-05-23,VINH,18.737,105.671,0.84,28.92,32.76,25.92,24.96,28.67,79.75,20.01,99.49,3.07,225.2,23.17,37.4,0.66,0.66,67.79
2017-05-24,VINH,18.737,105.671,51.44,27.73,32.47,24.43,24.94,27.94,85.47,19.94,99.71,4.42,18.6,15.91,37.47,0.81,0.69,99.45
2017-05-25,VINH,18.737,105.671,14.73,24.53,26.28,22.32,21.93,24.39,85.46,16.53,100.03,4.71,16.3,6.74,35.67,0.83,0.75,98.49
2017-05-26,VINH,18.737,105.671,0.0,25.19,28.38,21.99,18.54,24.91,67.24,13.38,100.04,2.9,7.6,22.02,33.98,0.74,0.73,74.26
2017-05-27,VINH,18.737,105.671,0.0,25.59,29.41,22.05,18.77,25.16,66.87,13.6,99.93,2.41,11.1,25.23,33.73,0.72,0.7,58.15
2017-05-28,VINH,18.737,105.671,0.02,26.06,29.62,23.12,21.79,26.17,78.02,16.42,99.87,2.51,33.3,21.04,35.44,0.7,0.69,96.92
2017-05-29,VINH,18.737,105.671,0.04,27.07,30.18,25.33,24.29,27.67,85.44,19.16,99.76,2.64,71.9,20.98,36.54,0.69,0.68,93.02
2017-05-30,VINH,18.737,105.671,0.15,28.73,32.98,26.05,25.67,29.15,84.27,20.8,99.73,2.14,125.1,19.31,37.13,0.68,0.68,97.34
2017-05-31,VINH,18.737,105.671,0.16,30.32,35.64,26.96,25.13,30.08,75.11,20.19,99.51,3.33,231.6,22.04,36.97,0.66,0.67,97.75
2017-06-01,VINH,18.737,105.671,0.31,30.86,34.36,28.99,24.89,30.39,71.01,19.96,99.26,5.96,233.2,21.95,37.49,0.64,0.66,85.01
2017-06-02,VINH,18.737,105.671,0.57,29.84,32.22,28.39,24.02,29.35,71.15,18.93,99.27,7.29,233.6,21.04,37.57,0.64,0.66,96.61
2017-06-03,VINH,18.737,105.671,0.09,31.26,35.04,29.27,24.67,30.82,68.54,19.71,99.18,7.15,236.5,24.03,37.32,0.62,0.65,65.29
2017-06-04,VINH,18.737,105.671,0.51,30.67,34.28,27.91,24.24,30.27,69.18,19.21,99.14,6.82,234.0,25.37,37.33,0.61,0.64,51.14
2017-06-05,VINH,18.737,105.671,0.76,30.53,35.68,25.95,24.34,30.62,71.14,19.3,99.32,4.78,223.8,21.53,37.02,0.6,0.64,53.55
2017-06-06,VINH,18.737,105.671,3.73,30.72,36.08,27.06,25.49,31.24,76.15,20.66,99.59,2.78,124.5,23.24,38.13,0.62,0.63,73.93
2017-06-07,VINH,18.737,105.671,9.83,27.56,29.87,25.84,24.77,27.85,85.05,19.7,99.81,1.99,43.1,9.98,37.41,0.68,0.64,97.83
2017-06-08,VINH,18.737,105.671,3.82,27.25,29.15,25.38,24.84,27.35,86.9,19.82,99.64,2.38,124.8,14.56,36.9,0.68,0.66,95.6
2017-06-09,VINH,18.737,105.671,2.88,28.6,32.47,24.96,24.27,29.05,78.87,19.18,99.58,2.5,142.1,17.59,37.07,0.65,0.65,91.7
2017-06-10,VINH,18.737,105.671,6.98,28.01,32.04,25.94,24.89,28.35,83.93,19.89,99.57,2.13,208.1,19.36,36.54,0.68,0.66,81.24
2017-06-11,VINH,18.737,105.671,5.03,28.47,32.24,26.18,24.34,28.25,78.95,19.25,99.53,3.54,241.0,22.24,37.08,0.67,0.66,85.94
2017-06-12,VINH,18.737,105.671,2.38,27.99,31.18,25.74,23.73,27.75,77.81,18.6,99.44,4.85,233.6,21.27,37.08,0.68,0.66,83.11
2017-06-13,VINH,18.737,105.671,1.33,29.29,33.2,26.77,25.15,29.08,79.03,20.24,99.51,2.59,260.4,20.36,37.18,0.65,0.66,94.59
2017-06-14,VINH,18.737,105.671,0.35,28.25,31.39,25.78,24.32,28.13,79.78,19.21,99.65,3.46,222.9,21.95,36.89,0.64,0.65,92.83
2017-06-15,VINH,18.737,105.671,0.4,29.78,33.63,27.47,24.24,29.65,72.75,19.16,99.53,4.68,232.4,19.05,36.67,0.63,0.65,93.23
2017-06-16,VINH,18.737,105.671,0.53,29.0,32.59,26.38,23.61,28.84,73.48,18.44,99.47,4.65,236.4,20.9,37.27,0.62,0.64,96.16
2017-06-17,VINH,18.737,105.671,0.46,29.24,32.54,26.75,23.68,29.14,72.62,18.55,99.31,4.38,230.9,12.19,37.03,0.61,0.64,99.72
2017-06-18,VINH,18.737,105.671,3.14,27.67,30.15,25.88,24.6,27.77,83.58,19.61,99.3,3.33,221.5,12.13,37.17,0.63,0.64,99.08
2017-06-19,VINH,18.737,105.671,0.35,28.97,32.87,26.34,24.25,28.93,76.41,19.19,99.36,3.13,223.5,14.94,36.89,0.62,0.64,99.14
2017-06-20,VINH,18.737,105.671,0.79,29.34,33.26,26.35,24.04,29.27,74.07,18.96,99.35,3.86,234.9,14.34,37.39,0.61,0.63,99.23
2017-06-21,VINH,18.737,105.671,0.37,29.66,33.82,27.38,23.49,29.58,70.39,18.33,99.34,4.92,231.3,11.81,37.26,0.6,0.63,99.04
2017-06-22,VINH,18.737,105.671,0.13,30.58,35.58,26.54,24.3,30.73,70.7,19.26,99.4,3.29,231.6,23.09,37.5,0.59,0.62,87.27
2017-06-23,VINH,18.737,105.671,0.58,30.58,34.62,27.3,24.97,30.8,73.57,20.07,99.38,2.47,205.2,23.35,37.21,0.59,0.62,86.29
2017-06-24,VINH,18.737,105.671,1.58,29.44,33.18,26.04,24.97,29.34,77.96,20.05,99.34,2.44,240.4,24.08,37.3,0.6,0.62,77.44
2017-06-25,VINH,18.737,105.671,1.41,30.02,34.27,26.63,24.87,30.23,75.5,19.92,99.49,2.06,217.1,24.52,36.86,0.6,0.62,72.49
2017-06-26,VINH,18.737,105.671,7.34,30.0,34.08,26.32,24.94,30.25,76.19,20.0,99.58,1.97,177.6,20.04,36.79,0.63,0.62,95.82
2017-06-27,VINH,18.737,105.671,4.31,29.79,33.75,26.78,25.6,29.95,79.44,20.75,99.64,2.07,178.0,19.65,37.4,0.64,0.63,95.49
2017-06-28,VINH,18.737,105.671,6.0,29.47,33.77,26.4,25.11,29.86,78.98,20.16,99.71,1.9,156.1,17.72,36.91,0.65,0.64,98.5
2017-06-29,VINH,18.737,105.671,1.97,28.68,32.61,25.36,24.5,28.87,79.22,19.43,99.64,2.06,202.7,17.05,36.79,0.63,0.64,97.91
2017-06-30,VINH,18.737,105.671,0.8,28.73,33.15,25.64,24.13,28.78,77.27,19.03,99.49,3.27,216.1,15.03,36.79,0.62,0.63,99.64
2017-07-01,VINH,18.737,105.671,0.94,29.8,34.82,27.0,23.5,29.86,70.2,18.33,99.4,5.05,230.8,16.6,36.8,0.6,0.63,99.49
2017-07-02,VINH,18.737,105.671,3.18,29.0,33.82,25.85,23.87,28.91,75.08,18.75,99.4,4.53,239.0,16.29,37.22,0.6,0.62,99.46
2017-07-03,VINH,18.737,105.671,2.97,28.29,31.75,25.82,24.01,28.15,78.3,18.89,99.41,3.77,229.3,12.33,36.79,0.62,0.63,99.48
2017-07-04,VINH,18.737,105.671,1.03,28.31,32.02,25.06,23.51,28.36,75.98,18.34,99.45,3.21,221.5,13.86,36.76,0.61,0.62,98.62
2017-07-05,VINH,18.737,105.671,1.44,30.28,35.73,26.02,23.83,30.93,70.49,18.72,99.55,2.45,214.5,20.36,36.91,0.59,0.62,95.37
2017-07-06,VINH,18.737,105.671,5.24,29.31,33.68,25.84,24.21,29.46,75.85,19.13,99.52,2.79,231.4,20.22,37.42,0.61,0.62,89.89
2017-07-07,VINH,18.737,105.671,2.58,28.23,31.53,25.57,24.63,28.19,81.7,19.59,99.59,2.61,215.2,17.71,37.2,0.62,0.62,99.12
2017-07-08,VINH,18.737,105.671,6.6,28.67,33.32,25.58,24.54,28.77,79.85,19.48,99.63,3.06,212.5,17.35,37.24,0.64,0.62,99.2
2017-07-09,VINH,18.737,105.671,0.89,28.7,32.75,26.25,23.87,28.68,76.09,18.7,99.64,3.65,222.7,19.44,37.17,0.61,0.63,97.15
2017-07-10,VINH,18.737,105.671,6.0,29.62,34.74,25.57,24.16,29.76,74.67,19.08,99.49,3.5,230.7,16.83,37.03,0.62,0.62,99.08
2017-07-11,VINH,18.737,105.671,4.74,28.96,33.17,25.83,24.73,29.23,79.72,19.72,99.65,2.3,148.0,16.98,37.25,0.64,0.63,97.39
2017-07-12,VINH,18.737,105.671,8.97,27.9,30.88,25.99,25.16,28.21,85.96,20.19,99.78,2.73,109.3,17.64,37.05,0.66,0.63,93.01
2017-07-13,VINH,18.737,105.671,9.12,26.94,28.49,25.31,25.59,26.91,92.3,20.76,99.52,2.44,126.7,16.36,37.06,0.7,0.65,98.58
2017-07-14,VINH,18.737,105.671,9.72,28.36,31.91,26.1,24.71,28.48,81.65,19.69,99.51,1.69,355.9,16.28,36.91,0.7,0.66,98.09
2017-07-15,VINH,18.737,105.671,14.99,27.17,28.98,25.71,25.37,27.26,90.05,20.51,99.42,2.61,359.4,16.3,36.79,0.74,0.67,99.08
2017-07-16,VINH,18.737,105.671,238.91,26.64,27.93,25.51,25.43,26.49,93.01,20.74,98.74,8.51,0.4,3.88,36.92,0.97,0.76,99.11
2017-07-17,VINH,18.737,105.671,14.8,28.07,32.06,25.06,25.14,28.22,84.9,20.23,99.39,3.28,150.2,12.29,36.57,0.86,0.8,99.45
2017-07-18,VINH,18.737,105.671,7.87,28.28,31.63,25.76,24.75,28.24,81.95,19.7,99.72,1.96,207.4,15.9,36.85,0.83,0.79,98.82
2017-07-19,VINH,18.737,105.671,13.1,28.8,31.91,26.34,24.97,28.73,80.49,20.0,99.51,1.33,248.7,15.31,36.95,0.83,0.77,98.37
2017-07-20,VINH,18.737,105.671,23.82,28.17,31.76,25.85,25.25,28.63,85.08,20.34,99.52,2.01,116.1,12.48,37.08,0.88,0.8,99.21
2017-07-21,VINH,18.737,105.671,15.19,27.28,29.24,25.67,25.75,27.14,91.39,20.92,99.72,3.09,116.5,12.16,36.92,0.86,0.8,99.28
2017-07-22,VINH,18.737,105.671,4.62,27.44,30.08,25.22,24.81,27.32,85.82,19.75,99.82,2.19,70.3,15.82,36.82,0.83,0.8,97.09
2017-07-23,VINH,18.737,105.671,1.3,27.66,29.58,26.09,24.6,27.56,83.65,19.54,99.6,1.85,0.5,20.38,36.59,0.81,0.79,93.79
2017-07-24,VINH,18.737,105.671,14.35,29.24,32.85,25.98,24.89,28.98,78.32,19.96,99.31,1.59,15.4,18.72,37.52,0.83,0.79,99.4
2017-07-25,VINH,18.737,105.671,84.97,27.23,28.18,26.14,26.03,27.02,93.07,21.38,99.21,5.64,28.2,6.17,36.81,0.95,0.85,99.32
2017-07-26,VINH,18.737,105.671,8.73,26.83,28.99,24.94,25.12,26.73,90.42,20.21,99.36,3.43,92.9,5.88,36.7,0.88,0.85,99.01
2017-07-27,VINH,18.737,105.671,12.95,27.49,30.04,25.21,24.61,27.64,84.68,19.58,99.42,2.3,87.5,14.5,37.22,0.88,0.85,98.03
2017-07-28,VINH,18.737,105.671,38.56,27.23,29.48,25.32,24.8,27.2,86.78,19.79,99.5,2.24,89.5,12.41,37.1,0.93,0.87,97.44
2017-07-29,VINH,18.737,105.671,3.62,27.47,29.78,25.19,25.17,27.5,87.55,20.29,99.32,2.79,87.8,18.79,37.46,0.88,0.87,86.71
2017-07-30,VINH,18.737,105.671,0.27,29.1,32.91,26.76,25.03,28.73,79.26,20.15,99.11,4.16,239.6,21.98,37.16,0.86,0.86,79.46
2017-07-31,VINH,18.737,105.671,0.22,29.05,32.21,26.77,25.66,28.61,82.22,20.94,99.13,4.85,230.9,23.41,36.95,0.85,0.85,75.95
2017-08-01,VINH,18.737,105.671,1.83,28.85,32.31,26.26,25.59,28.41,82.96,20.84,99.22,3.91,234.0,13.4,37.41,0.85,0.84,99.49
2017-08-02,VINH,18.737,105.671,0.42,29.11,32.57,27.08,25.26,28.51,80.04,20.45,99.09,4.97,233.1,17.51,37.3,0.84,0.83,97.68
2017-08-03,VINH,18.737,105.671,2.54,28.21,31.36,25.59,24.62,27.71,81.17,19.72,98.95,5.25,233.5,15.33,37.44,0.84,0.83,99.6
2017-08-04,VINH,18.737,105.671,6.21,28.1,32.34,25.36,25.06,27.98,84.12,20.21,99.04,3.47,223.4,11.84,37.22,0.85,0.83,99.48
2017-08-05,VINH,18.737,105.671,2.29,28.07,31.22,25.88,25.29,28.08,85.31,20.43,99.32,2.9,209.2,11.51,37.08,0.84,0.83,99.73
2017-08-06,VINH,18.737,105.671,0.59,28.18,32.23,24.72,24.47,28.04,81.04,19.42,99.6,3.19,221.9,20.32,36.99,0.83,0.82,87.64
2017-08-07,VINH,18.737,105.671,1.37,28.46,32.49,25.48,24.77,28.24,81.07,19.75,99.6,4.29,226.1,19.48,37.52,0.83,0.81,86.53
2017-08-08,VINH,18.737,105.671,1.05,28.84,32.19,26.78,24.75,28.45,79.01,19.74,99.55,5.31,230.1,24.23,37.3,0.82,0.81,68.1
2017-08-09,VINH,18.737,105.671,0.1,28.75,32.06,26.88,24.69,28.21,78.93,19.69,99.51,5.59,232.9,24.04,37.29,0.81,0.8,80.3
2017-08-10,VINH,18.737,105.671,0.05,28.4,31.71,25.94,24.95,27.97,81.86,20.01,99.46,4.18,229.8,19.91,37.05,0.81,0.79,97.67
2017-08-11,VINH,18.737,105.671,0.07,28.83,32.21,26.74,25.13,28.53,80.94,20.2,99.5,3.76,224.2,23.05,36.81,0.8,0.79,90.21
2017-08-12,VINH,18.737,105.671,0.01,28.45,31.48,26.2,25.58,28.15,84.73,20.73,99.6,3.07,216.8,24.13,37.18,0.8,0.79,85.92
2017-08-13,VINH,18.737,105.671,0.07,29.35,32.9,26.77,26.0,29.06,82.65,21.26,99.65,2.63,225.8,23.41,36.94,0.8,0.78,91.51
2017-08-14,VINH,18.737,105.671,1.19,29.49,33.22,26.74,26.01,29.21,82.18,21.27,99.62,1.96,227.5,21.68,37.29,0.8,0.78,96.41
2017-08-15,VINH,18.737,105.671,2.76,29.04,32.37,25.96,25.53,28.85,81.94,20.67,99.6,1.72,227.4,13.31,36.86,0.81,0.78,98.99
2017-08-16,VINH,18.737,105.671,4.93,27.32,30.12,24.84,24.3,27.68,84.05,19.19,99.62,1.46,161.3,15.83,36.81,0.82,0.78,98.84
2017-08-17,VINH,18.737,105.671,19.06,27.47,30.0,25.79,24.76,27.73,85.76,19.71,99.74,2.51,91.4,13.93,36.52,0.86,0.8,94.23
2017-08-18,VINH,18.737,105.671,52.53,27.17,29.21,25.72,25.31,27.2,89.74,20.33,99.9,2.86,90.6,12.56,36.5,0.94,0.84,98.47
2017-08-19,VINH,18.737,105.671,40.66,26.65,28.18,25.42,25.18,26.65,91.59,20.18,99.87,2.65,61.9,6.45,36.18,0.95,0.89,98.22
2017-08-20,VINH,18.737,105.671,5.8,27.56,30.37,25.52,25.29,27.42,87.67,20.37,99.67,2.32,120.8,17.96,36.78,0.89,0.88,87.93
2017-08-21,VINH,18.737,105.671,0.64,28.73,32.17,26.15,25.42,28.82,83.07,20.56,99.46,2.18,141.5,23.24,37.1,0.87,0.86,49.98
2017-08-22,VINH,18.737,105.671,1.13,30.45,34.91,26.99,25.88,30.0,77.55,21.2,99.25,3.06,243.8,25.44,36.75,0.85,0.85,73.14
2017-08-23,VINH,18.737,105.671,9.56,29.0,32.36,26.45,26.02,28.56,84.29,21.4,99.16,3.15,232.3,18.65,37.39,0.88,0.85,98.89
2017-08-24,VINH,18.737,105.671,3.57,27.61,30.76,25.61,25.19,27.38,87.01,20.33,99.26,3.32,210.9,13.53,36.82,0.87,0.86,99.26
2017-08-25,VINH,18.737,105.671,21.5,28.63,31.89,26.05,25.2,28.54,82.45,20.27,99.54,1.47,144.5,14.31,37.32,0.9,0.86,98.93
2017-08-26,VINH,18.737,105.671,45.58,27.1,29.28,25.24,25.1,27.09,88.93,20.14,99.58,2.48,38.6,10.77,36.82,0.95,0.89,99.42
2017-08-27,VINH,18.737,105.671,16.14,26.74,28.28,25.19,24.74,26.41,88.75,19.72,99.58,2.07,27.4,9.25,35.9,0.93,0.92,98.26
2017-08-28,VINH,18.737,105.671,41.32,26.78,28.65,25.41,25.13,26.95,90.88,20.18,99.57,3.57,109.7,18.02,36.5,0.94,0.92,90.33
2017-08-29,VINH,18.737,105.671,4.95,26.33,27.7,25.04,24.99,26.22,92.31,20.03,99.6,3.02,143.7,5.72,36.55,0.91,0.92,98.53
2017-08-30,VINH,18.737,105.671,2.0,27.32,29.86,25.67,24.79,27.27,86.42,19.71,99.85,1.87,97.1,18.04,36.96,0.9,0.91,92.9
2017-08-31,VINH,18.737,105.671,1.96,28.52,31.46,25.77,24.82,28.34,81.18,19.78,99.79,1.52,224.9,18.67,37.0,0.9,0.91,80.86
2017-09-01,VINH,18.737,105.671,7.72,28.96,33.39,26.06,25.7,28.85,83.23,20.9,99.55,2.59,233.2,21.67,36.93,0.91,0.91,93.01
2017-09-02,VINH,18.737,105.671,1.54,29.43,33.73,26.81,25.87,29.19,81.83,21.13,99.43,2.72,233.1,22.06,36.83,0.9,0.91,78.36
2017-09-03,VINH,18.737,105.671,12.39,29.42,33.2,26.61,26.1,29.13,82.91,21.4,99.53,2.61,242.2,22.56,36.73,0.91,0.91,80.54
2017-09-04,VINH,18.737,105.671,6.9,29.7,33.75,26.88,25.46,29.98,79.21,20.59,99.62,1.76,226.6,20.25,37.17,0.91,0.92,95.67
2017-09-05,VINH,18.737,105.671,4.54,29.31,33.58,26.19,25.69,29.54,81.8,20.87,99.64,2.25,230.6,21.27,36.81,0.91,0.92,84.57
2017-09-06,VINH,18.737,105.671,2.14,29.57,33.65,26.19,25.42,29.65,79.56,20.53,99.72,1.76,219.7,20.33,36.62,0.9,0.91,97.82
2017-09-07,VINH,18.737,105.671,0.39,29.08,33.38,25.88,24.53,29.28,78.08,19.45,99.81,1.85,241.0,14.33,36.58,0.89,0.91,97.91
2017-09-08,VINH,18.737,105.671,0.18,28.36,32.15,25.42,24.8,28.33,81.94,19.74,99.76,2.6,224.4,17.82,37.1,0.89,0.9,87.55
2017-09-09,VINH,18.737,105.671,0.58,28.27,31.62,25.96,25.15,28.17,83.75,20.18,99.69,2.68,225.6,23.2,36.67,0.89,0.9,72.46
2017-09-10,VINH,18.737,105.671,1.39,28.21,31.62,25.26,25.25,27.94,84.39,20.3,99.82,2.8,231.5,23.65,36.55,0.89,0.9,80.87
2017-09-11,VINH,18.737,105.671,6.92,29.78,34.1,26.73,24.26,29.58,74.02,19.14,99.96,1.1,9.6,22.62,37.08,0.9,0.9,74.32
2017-09-12,VINH,18.737,105.671,3.84,28.27,30.64,25.73,24.6,27.96,80.74,19.46,100.04,1.46,27.1,21.78,36.52,0.9,0.9,65.31
2017-09-13,VINH,18.737,105.671,8.66,27.9,29.79,26.0,25.58,27.82,87.35,20.66,99.92,1.95,10.0,22.33,36.37,0.9,0.9,80.42
2017-09-14,VINH,18.737,105.671,63.94,27.16,28.85,25.87,26.0,27.12,93.37,21.29,99.52,4.76,344.7,7.16,37.01,0.97,0.93,99.56
2017-09-15,VINH,18.737,105.671,192.82,26.2,27.74,24.6,24.62,25.93,90.95,19.74,98.88,12.73,65.1,2.56,36.84,0.98,0.97,99.25
2017-09-16,VINH,18.737,105.671,10.02,27.58,31.04,25.73,25.2,27.47,87.27,20.19,99.92,2.43,113.3,13.96,36.76,0.94,0.96,92.11
2017-09-17,VINH,18.737,105.671,3.51,27.6,30.02,25.16,25.07,27.51,86.28,20.01,100.08,1.7,147.0,16.73,37.24,0.93,0.96,65.4
2017-09-18,VINH,18.737,105.671,0.94,29.19,33.1,25.83,25.45,28.84,81.0,20.51,99.85,1.92,229.0,22.48,37.0,0.92,0.95,42.08
2017-09-19,VINH,18.737,105.671,1.2,29.55,32.94,26.75,25.61,29.33,80.22,20.73,99.77,1.69,176.9,23.62,36.98,0.92,0.95,48.58
2017-09-20,VINH,18.737,105.671,1.4,28.47,31.69,25.95,24.49,28.57,79.68,19.38,99.81,1.38,111.4,17.93,36.83,0.92,0.94,86.91
2017-09-21,VINH,18.737,105.671,3.29,27.83,30.74,25.74,24.91,27.79,84.52,19.86,99.8,2.14,64.1,17.47,36.44,0.92,0.94,76.26
2017-09-22,VINH,18.737,105.671,7.38,27.35,29.99,25.32,24.94,27.42,86.99,19.89,99.88,1.94,92.8,12.72,36.57,0.92,0.94,93.85
2017-09-23,VINH,18.737,105.671,2.49,27.31,29.68,25.52,24.8,27.23,86.33,19.7,99.94,1.73,70.9,12.05,36.98,0.92,0.94,94.62
2017-09-24,VINH,18.737,105.671,25.25,27.72,29.89,25.52,24.71,27.54,83.84,19.64,99.67,1.34,309.1,15.51,36.88,0.93,0.94,98.82
2017-09-25,VINH,18.737,105.671,10.76,28.28,32.04,24.83,24.84,28.21,82.35,19.82,99.65,1.83,221.0,6.62,36.52,0.94,0.96,67.3
2017-09-26,VINH,18.737,105.671,8.08,27.79,31.13,26.01,25.16,27.74,86.14,20.14,99.94,2.12,93.7,20.4,37.18,0.93,0.95,72.19
2017-09-27,VINH,18.737,105.671,4.72,27.38,29.33,25.66,25.39,26.97,88.84,20.42,99.96,1.93,103.4,16.95,36.64,0.93,0.95,54.19
2017-09-28,VINH,18.737,105.671,3.65,27.68,30.49,25.17,24.67,27.72,83.89,19.57,99.9,1.67,57.9,20.83,36.21,0.92,0.95,70.2
2017-09-29,VINH,18.737,105.671,15.12,27.4,30.06,25.79,25.08,27.44,87.34,20.03,100.02,2.1,76.8,8.99,36.97,0.94,0.95,99.51
2017-09-30,VINH,18.737,105.671,4.39,27.14,29.18,25.55,25.25,27.27,89.54,20.21,100.1,2.57,91.9,14.48,36.68,0.93,0.95,95.01
2017-10-01,VINH,18.737,105.671,2.69,27.55,29.92,25.95,24.99,27.44,86.06,19.92,99.98,1.81,107.2,19.39,36.08,0.92,0.95,77.65
2017-10-02,VINH,18.737,105.671,11.52,26.96,29.45,25.28,25.08,26.93,89.54,20.05,99.92,2.05,81.2,16.06,36.37,0.94,0.95,98.06
2017-10-03,VINH,18.737,105.671,42.66,27.21,28.3,26.34,25.99,27.03,92.93,21.15,99.99,3.61,79.3,3.97,36.5,0.98,0.97,98.74
2017-10-04,VINH,18.737,105.671,27.25,26.78,28.91,25.08,25.32,26.56,91.71,20.3,100.18,2.45,100.3,3.4,36.39,0.98,0.99,99.04
2017-10-05,VINH,18.737,105.671,11.8,26.07,28.44,23.89,24.2,26.0,89.49,18.98,100.16,2.21,32.8,10.4,35.93,0.96,0.99,95.52
2017-10-06,VINH,18.737,105.671,26.93,26.28,28.43,24.87,24.44,26.19,89.57,19.26,100.07,2.32,20.9,10.64,36.53,0.97,0.99,98.52
2017-10-07,VINH,18.737,105.671,76.1,26.07,27.2,25.42,24.93,26.11,93.38,19.84,100.05,3.24,70.0,8.61,36.53,0.99,1.0,98.96
2017-10-08,VINH,18.737,105.671,37.0,26.58,28.72,24.99,25.33,26.51,92.81,20.32,100.07,3.05,55.6,11.22,36.81,0.99,1.0,94.03
2017-10-09,VINH,18.737,105.671,206.19,26.71,28.54,26.0,25.6,26.66,93.57,20.73,99.67,4.82,14.2,9.13,36.73,1.0,1.0,99.3
2017-10-10,VINH,18.737,105.671,55.22,27.39,29.19,26.32,26.36,27.18,94.06,21.71,99.66,3.96,95.5,10.34,36.94,1.0,1.0,98.86
2017-10-11,VINH,18.737,105.671,47.89,26.59,27.9,25.3,25.1,26.21,91.45,20.06,100.0,1.72,55.6,5.87,36.39,1.0,1.0,99.23
2017-10-12,VINH,18.737,105.671,24.47,26.76,29.08,25.19,25.08,26.74,90.55,20.03,100.0,2.96,53.2,10.91,36.59,0.99,1.0,76.68
2017-10-13,VINH,18.737,105.671,18.65,24.83,26.73,23.04,23.24,24.76,90.86,17.94,99.96,4.25,20.2,9.32,36.1,0.99,1.0,82.33
2017-10-14,VINH,18.737,105.671,1.95,24.58,27.2,22.29,22.45,24.62,88.05,17.1,99.89,4.12,4.9,15.13,34.47,0.97,1.0,90.59
2017-10-15,VINH,18.737,105.671,2.13,23.48,25.57,20.86,20.7,23.56,84.63,15.35,99.92,4.24,348.2,14.76,33.65,0.96,0.99,98.51
2017-10-16,VINH,18.737,105.671,8.62,20.71,23.61,18.33,18.61,21.28,88.02,13.43,100.17,5.26,359.2,7.76,33.67,0.96,0.99,89.94
2017-10-17,VINH,18.737,105.671,2.35,20.33,22.36,18.89,18.71,21.03,90.66,13.51,100.37,4.25,349.0,11.15,33.62,0.96,0.99,77.82
2017-10-18,VINH,18.737,105.671,3.33,21.83,23.53,20.15,20.44,22.35,92.21,15.08,100.41,4.98,346.5,11.98,35.35,0.95,0.99,96.01
2017-10-19,VINH,18.737,105.671,2.12,23.27,26.29,21.23,21.7,23.33,91.04,16.27,100.36,3.72,11.3,8.89,34.59,0.95,0.98,57.58
2017-10-20,VINH,18.737,105.671,0.21,24.21,27.35,22.1,21.92,24.15,87.2,16.49,100.32,2.98,39.8,18.35,34.54,0.94,0.98,43.1
2017-10-21,VINH,18.737,105.671,1.64,24.13,27.41,21.79,21.85,24.25,87.2,16.42,100.29,3.36,45.2,9.59,36.11,0.94,0.97,92.02
2017-10-22,VINH,18.737,105.671,1.61,23.44,26.41,21.25,20.88,23.42,85.65,15.45,100.34,3.62,34.3,5.9,35.93,0.93,0.97,93.4
2017-10-23,VINH,18.737,105.671,2.1,23.11,26.24,21.16,20.55,23.1,85.6,15.11,100.59,4.21,34.1,4.88,36.18,0.93,0.96,93.47
2017-10-24,VINH,18.737,105.671,0.46,22.93,25.57,20.91,20.75,23.03,87.68,15.26,100.76,3.75,26.4,6.15,35.93,0.93,0.96,91.09
2017-10-25,VINH,18.737,105.671,0.53,23.66,26.89,21.6,21.36,23.36,87.04,15.86,100.74,3.0,41.5,8.96,36.24,0.92,0.95,93.38
2017-10-26,VINH,18.737,105.671,0.18,24.13,27.72,21.5,21.49,23.78,85.55,15.99,100.61,2.66,46.1,10.92,35.41,0.92,0.95,67.57
2017-10-27,VINH,18.737,105.671,0.0,24.05,27.37,20.31,21.28,23.65,84.88,15.81,100.45,2.26,35.8,13.08,34.43,0.92,0.94,52.26
2017-10-28,VINH,18.737,105.671,0.14,24.06,27.71,20.52,21.67,23.69,87.07,16.18,100.6,2.64,29.2,14.43,34.55,0.91,0.94,41.08
2017-10-29,VINH,18.737,105.671,2.09,23.2,27.0,20.93,20.2,22.95,83.35,14.77,100.84,4.92,33.6,11.58,34.14,0.91,0.93,58.07
2017-10-30,VINH,18.737,105.671,6.12,21.34,24.42,18.99,18.59,21.25,84.5,13.31,100.92,5.53,28.6,9.3,34.49,0.92,0.93,82.28
2017-10-31,VINH,18.737,105.671,0.82,21.05,23.73,19.08,18.43,21.02,85.21,13.21,100.77,4.36,14.2,8.69,33.56,0.91,0.93,78.53
2017-11-01,VINH,18.737,105.671,0.23,21.9,25.57,18.99,18.96,21.73,83.69,13.69,100.56,3.03,12.2,8.69,34.1,0.9,0.92,82.36
2017-11-02,VINH,18.737,105.671,0.02,21.79,25.72,18.13,18.73,21.55,83.35,13.51,100.46,3.25,0.8,14.83,32.97,0.9,0.92,74.53
2017-11-03,VINH,18.737,105.671,0.53,22.26,26.16,19.42,18.78,21.99,81.19,13.52,100.59,4.93,12.0,17.26,31.81,0.9,0.91,81.43
2017-11-04,VINH,18.737,105.671,9.82,21.65,24.15,20.05,18.72,21.39,83.59,13.43,100.74,5.87,30.6,10.39,33.37,0.91,0.91,99.51
2017-11-05,VINH,18.737,105.671,9.16,19.55,21.54,17.38,17.82,19.67,89.99,12.76,100.73,5.14,359.0,3.71,33.23,0.92,0.92,98.88
2017-11-06,VINH,18.737,105.671,1.3,20.64,24.01,18.81,17.92,20.91,85.12,12.83,100.56,3.75,352.8,7.39,33.96,0.9,0.92,93.69
2017-11-07,VINH,18.737,105.671,5.47,21.01,22.88,19.94,19.46,21.33,91.2,14.12,100.6,5.54,358.2,5.59,34.68,0.91,0.92,89.67
2017-11-08,VINH,18.737,105.671,4.1,22.18,24.14,20.75,20.98,22.34,93.04,15.53,100.47,4.81,10.6,4.86,34.36,0.91,0.92,98.26
2017-11-09,VINH,18.737,105.671,3.14,23.55,26.53,21.69,22.37,23.6,93.26,16.94,100.39,3.91,34.3,4.53,36.0,0.9,0.92,94.4
2017-11-10,VINH,18.737,105.671,0.9,23.85,27.32,21.8,22.5,23.91,92.43,17.06,100.39,3.68,38.1,8.14,35.61,0.9,0.91,78.13
2017-11-11,VINH,18.737,105.671,0.3,23.87,27.12,21.14,22.29,23.49,91.08,16.86,100.29,2.83,31.3,8.85,35.38,0.89,0.91,72.23
2017-11-12,VINH,18.737,105.671,0.48,23.9,27.41,21.11,22.21,23.58,90.61,16.8,100.16,2.46,25.3,12.54,34.76,0.89,0.9,57.96
2017-11-13,VINH,18.737,105.671,1.84,24.03,27.55,21.72,22.37,24.09,90.82,16.96,100.14,2.57,14.2,13.83,34.61,0.89,0.9,47.85
2017-11-14,VINH,18.737,105.671,15.87,24.56,27.54,22.77,23.35,24.48,93.12,18.0,100.24,3.52,36.4,10.51,35.4,0.92,0.9,69.94
2017-11-15,VINH,18.737,105.671,21.78,24.62,27.31,23.17,23.33,24.42,92.64,17.96,100.34,2.86,59.7,6.54,35.78,0.94,0.93,65.51
2017-11-16,VINH,18.737,105.671,0.93,25.72,29.5,23.22,23.97,25.69,90.4,18.71,100.15,2.65,132.0,13.5,35.96,0.9,0.92,50.04
2017-11-17,VINH,18.737,105.671,0.07,27.6,32.43,24.33,24.31,27.28,83.32,19.16,99.84,1.81,199.3,18.96,35.24,0.9,0.91,15.89
2017-11-18,VINH,18.737,105.671,28.45,23.96,29.54,19.4,22.31,24.12,90.79,17.03,100.26,4.95,10.7,12.92,35.36,0.93,0.92,93.71
2017-11-19,VINH,18.737,105.671,9.91,19.99,21.99,18.69,18.51,20.41,91.67,13.34,100.58,5.08,357.1,6.89,33.33,0.92,0.93,86.2
2017-11-20,VINH,18.737,105.671,20.14,18.25,19.53,16.63,16.99,18.66,92.75,12.09,100.78,5.86,357.2,5.66,33.29,0.95,0.94,90.69
2017-11-21,VINH,18.737,105.671,3.2,18.18,20.24,16.83,16.68,18.76,91.47,11.87,100.69,4.62,0.5,6.26,32.36,0.92,0.94,65.06
2017-11-22,VINH,18.737,105.671,1.6,17.3,18.67,15.08,15.43,17.64,89.09,10.93,100.83,5.32,359.9,6.46,32.03,0.91,0.94,67.65
2017-11-23,VINH,18.737,105.671,1.0,16.28,18.71,12.92,13.28,16.66,83.01,9.49,101.06,6.33,5.0,7.78,31.09,0.91,0.93,84.03
2017-11-24,VINH,18.737,105.671,0.72,14.72,16.37,12.9,12.74,15.54,88.6,9.16,101.19,5.78,353.6,8.88,31.16,0.91,0.93,80.84
2017-11-25,VINH,18.737,105.671,0.38,15.22,17.53,13.39,13.17,16.07,88.38,9.43,101.19,4.69,350.4,8.83,31.17,0.91,0.92,81.22
2017-11-26,VINH,18.737,105.671,0.19,16.88,19.64,14.31,14.44,17.45,86.24,10.25,100.98,3.91,351.0,8.65,32.09,0.9,0.92,78.67
2017-11-27,VINH,18.737,105.671,0.07,19.38,22.19,16.7,17.15,19.61,87.48,12.23,100.58,2.51,0.2,9.37,33.37,0.9,0.92,94.74
2017-11-28,VINH,18.737,105.671,0.55,21.53,24.17,18.93,20.24,21.76,92.7,14.83,100.59,3.61,17.6,10.7,33.98,0.9,0.91,99.47
2017-11-29,VINH,18.737,105.671,0.91,22.47,25.5,20.59,21.44,22.55,94.08,15.97,100.51,3.74,27.4,6.39,35.72,0.9,0.91,94.15
2017-11-30,VINH,18.737,105.671,0.99,22.83,25.86,20.5,21.54,22.79,92.56,16.07,100.53,5.19,37.0,4.88,35.04,0.9,0.91,95.25
2017-12-01,VINH,18.737,105.671,2.01,19.92,21.9,18.63,18.25,20.04,90.3,13.05,100.78,5.77,19.1,4.62,33.38,0.9,0.91,98.73
2017-12-02,VINH,18.737,105.671,3.39,19.57,22.12,18.02,17.87,19.72,90.14,12.74,100.78,4.3,24.8,4.56,33.84,0.9,0.91,90.88
2017-12-03,VINH,18.737,105.671,3.35,20.54,23.44,18.72,19.03,20.73,91.19,13.71,100.7,4.23,26.9,6.63,34.66,0.9,0.91,90.52
2017-12-04,VINH,18.737,105.671,1.38,19.51,21.75,18.23,17.35,19.45,87.48,12.32,100.82,4.86,26.9,7.39,33.46,0.89,0.91,84.81
2017-12-05,VINH,18.737,105.671,0.29,18.29,21.55,15.96,15.56,18.4,84.51,10.98,100.83,4.13,24.4,7.32,31.7,0.89,0.9,58.89
2017-12-06,VINH,18.737,105.671,0.23,20.07,23.22,17.33,17.81,20.19,87.43,12.73,100.55,2.18,42.6,15.76,32.4,0.89,0.9,65.71
2017-12-07,VINH,18.737,105.671,1.95,21.72,24.58,20.2,20.17,21.83,91.1,14.72,100.66,3.41,58.0,9.75,34.57,0.89,0.89,93.86
2017-12-08,VINH,18.737,105.671,2.36,17.85,20.85,15.44,15.83,17.79,88.01,11.21,101.04,5.16,18.7,4.63,33.17,0.89,0.9,94.5
2017-12-09,VINH,18.737,105.671,0.5,17.93,20.87,15.93,14.43,17.66,80.14,10.21,100.75,2.51,17.6,5.22,32.96,0.89,0.89,82.91
2017-12-10,VINH,18.737,105.671,2.36,19.54,23.1,17.12,17.2,19.81,86.68,12.21,100.74,2.91,45.9,8.4,33.89,0.89,0.89,91.02
2017-12-11,VINH,18.737,105.671,0.64,18.46,21.03,16.78,16.57,18.65,88.88,11.72,100.69,2.83,30.7,4.5,34.38,0.88,0.89,99.08
2017-12-12,VINH,18.737,105.671,0.55,19.08,21.75,17.23,17.55,19.46,91.09,12.5,100.54,2.43,23.5,4.55,35.37,0.88,0.89,95.85
2017-12-13,VINH,18.737,105.671,1.82,20.77,24.14,18.46,19.32,20.78,91.73,14.01,100.38,1.91,72.2,6.89,36.29,0.88,0.88,91.01
2017-12-14,VINH,18.737,105.671,3.28,20.14,24.65,17.4,19.02,20.4,93.45,13.8,100.59,3.48,31.5,6.17,35.69,0.89,0.89,93.31
2017-12-15,VINH,18.737,105.671,8.68,18.6,21.19,15.22,17.24,18.99,91.98,12.24,100.96,5.22,18.4,6.23,33.49,0.9,0.89,92.11
2017-12-16,VINH,18.737,105.671,3.8,14.45,16.04,11.67,11.71,14.58,83.76,8.49,101.57,5.98,14.1,4.32,31.37,0.89,0.89,86.85
2017-12-17,VINH,18.737,105.671,0.62,12.85,16.69,9.91,9.35,13.19,79.99,7.26,101.62,5.2,12.3,9.68,28.6,0.88,0.89,60.61
2017-12-18,VINH,18.737,105.671,0.0,12.53,16.94,9.78,7.82,12.74,73.88,6.53,101.65,5.38,11.3,12.62,26.16,0.88,0.88,34.07
2017-12-19,VINH,18.737,105.671,0.0,13.11,17.44,9.4,7.37,13.08,69.13,6.32,101.67,6.36,19.7,17.13,25.39,0.87,0.88,19.45
2017-12-20,VINH,18.737,105.671,0.03,13.05,16.77,10.65,7.67,13.14,71.29,6.47,101.69,5.28,13.4,16.93,26.15,0.87,0.87,35.53
2017-12-21,VINH,18.737,105.671,0.18,15.02,19.36,12.06,9.95,14.76,73.07,7.59,101.23,3.78,10.0,13.77,29.05,0.86,0.87,58.84
2017-12-22,VINH,18.737,105.671,0.02,17.18,20.8,13.98,15.54,17.17,90.06,11.05,100.75,2.56,14.4,12.63,31.24,0.87,0.86,63.7
2017-12-23,VINH,18.737,105.671,0.56,19.12,22.83,16.6,17.71,19.48,91.69,12.63,100.63,3.52,27.9,9.96,33.99,0.86,0.86,84.23
2017-12-24,VINH,18.737,105.671,0.38,16.68,20.27,12.26,15.1,16.21,90.83,10.7,100.92,4.67,14.6,4.95,31.72,0.86,0.86,91.92
2017-12-25,VINH,18.737,105.671,0.09,16.17,20.55,13.05,12.84,16.03,81.46,9.22,100.8,3.44,0.8,11.76,29.59,0.86,0.86,96.38
2017-12-26,VINH,18.737,105.671,4.09,16.75,19.88,14.74,14.95,17.05,89.54,10.57,100.91,4.07,1.6,5.38,32.89,0.87,0.86,99.38
2017-12-27,VINH,18.737,105.671,4.1,15.6,18.18,13.51,14.36,15.98,92.5,10.17,100.93,4.35,355.0,3.23,32.47,0.87,0.86,98.85
2017-12-28,VINH,18.737,105.671,0.5,16.43,18.89,13.97,15.0,16.78,91.52,10.59,100.9,2.88,358.0,5.65,32.19,0.87,0.86,69.96
2017-12-29,VINH,18.737,105.671,2.03,18.8,21.33,16.84,17.65,19.09,93.25,12.54,100.93,3.18,8.4,8.28,33.52,0.87,0.86,85.03
2017-12-30,VINH,18.737,105.671,5.69,18.31,21.29,15.49,17.01,18.37,92.14,12.05,101.12,5.8,20.4,4.05,33.63,0.88,0.86,96.28
2017-12-31,VINH,18.737,105.671,1.62,16.06,18.3,14.26,14.51,16.32,90.77,10.25,100.96,3.89,12.4,4.03,32.85,0.87,0.86,92.6
2018-01-01,VINH,18.737,105.671,0.16,17.75,20.92,14.96,16.17,17.64,90.77,11.44,100.67,2.61,38.5,6.1,33.62,0.86,0.86,93.55
2018-01-02,VINH,18.737,105.671,1.17,19.5,23.24,17.51,17.8,19.71,90.47,12.69,100.55,2.78,53.0,7.68,33.78,0.86,0.85,97.55
2018-01-03,VINH,18.737,105.671,1.25,20.35,23.82,18.51,19.07,20.44,92.62,13.78,100.42,3.18,48.4,7.13,33.21,0.86,0.85,75.65
2018-01-04,VINH,18.737,105.671,0.52,21.16,25.44,18.68,19.85,21.22,92.64,14.5,100.29,2.5,68.4,9.71,33.73,0.85,0.85,71.41
2018-01-05,VINH,18.737,105.671,0.8,21.1,24.47,18.85,19.88,21.25,93.06,14.54,100.2,2.47,50.7,7.25,34.25,0.85,0.85,74.22
2018-01-06,VINH,18.737,105.671,0.53,22.22,27.11,19.93,20.43,22.19,90.26,15.08,100.02,1.73,77.2,9.33,34.59,0.85,0.84,59.54
2018-01-07,VINH,18.737,105.671,0.41,24.38,28.12,21.84,21.98,23.87,87.02,16.6,99.94,1.53,167.6,8.26,35.81,0.85,0.84,67.5
2018-01-08,VINH,18.737,105.671,4.33,18.46,30.66,11.42,15.75,18.82,84.88,11.79,100.78,5.91,8.1,11.08,34.73,0.85,0.84,84.76
2018-01-09,VINH,18.737,105.671,2.63,12.17,13.69,11.11,9.43,12.94,83.84,7.31,101.34,5.56,6.6,3.73,30.77,0.85,0.84,91.83
2018-01-10,VINH,18.737,105.671,1.1,12.22,15.35,9.53,8.49,12.87,78.84,6.84,101.47,5.15,4.9,5.06,30.34,0.85,0.84,97.6
2018-01-11,VINH,18.737,105.671,0.01,13.67,17.39,11.35,9.0,14.0,74.24,7.09,101.46,5.09,15.7,4.36,31.23,0.84,0.83,93.51
2018-01-12,VINH,18.737,105.671,0.0,14.0,17.89,10.94,9.66,13.98,76.34,7.43,101.33,4.29,21.4,6.42,31.19,0.84,0.83,86.49
2018-01-13,VINH,18.737,105.671,0.0,15.38,18.34,13.25,12.89,15.6,85.88,9.23,101.09,3.47,17.5,7.32,32.2,0.84,0.83,89.29
2018-01-14,VINH,18.737,105.671,0.0,16.45,19.8,14.05,14.96,16.68,90.85,10.57,100.88,3.2,23.7,7.26,32.93,0.84,0.83,91.59
2018-01-15,VINH,18.737,105.671,0.0,17.98,22.49,15.51,16.22,17.9,89.48,11.5,100.46,2.54,85.2,9.27,31.95,0.83,0.82,73.52
2018-01-16,VINH,18.737,105.671,0.0,19.41,23.98,16.89,17.77,19.34,90.0,12.7,100.39,2.23,84.6,12.34,34.34,0.83,0.82,80.77
2018-01-17,VINH,18.737,105.671,0.0,19.2,23.69,16.07,17.63,18.88,90.64,12.59,100.38,2.53,103.9,11.24,33.06,0.83,0.81,63.36
2018-01-18,VINH,18.737,105.671,0.0,19.57,24.56,16.56,17.81,19.49,89.41,12.72,100.49,2.31,92.8,14.1,33.16,0.82,0.81,61.82
2018-01-19,VINH,18.737,105.671,0.0,19.16,23.81,15.57,17.03,19.29,88.25,12.1,100.58,2.39,9.6,8.89,33.31,0.82,0.81,81.99
2018-01-20,VINH,18.737,105.671,0.0,20.17,23.8,17.89,18.67,20.0,91.35,13.45,100.38,2.09,39.7,11.01,34.68,0.82,0.8,85.68
2018-01-21,VINH,18.737,105.671,0.55,21.57,25.88,18.91,20.16,21.7,91.96,14.78,100.26,2.87,91.2,8.89,35.32,0.81,0.8,87.72
2018-01-22,VINH,18.737,105.671,0.6,20.91,25.23,18.3,19.54,20.64,92.09,14.23,100.23,2.53,88.1,9.63,35.12,0.81,0.8,85.23
2018-01-23,VINH,18.737,105.671,0.02,20.93,26.12,17.0,18.87,20.87,88.54,13.66,100.17,2.53,131.3,15.91,33.63,0.81,0.79,62.3
2018-01-24,VINH,18.737,105.671,0.04,21.58,27.0,18.01,19.13,21.34,87.01,13.91,100.0,2.77,139.9,16.92,32.19,0.8,0.79,47.32
2018-01-25,VINH,18.737,105.671,0.06,22.27,27.14,18.88,20.4,22.31,89.04,15.03,100.07,2.73,114.2,15.07,33.29,0.8,0.78,67.64
2018-01-26,VINH,18.737,105.671,0.35,21.96,25.95,19.43,20.36,22.05,91.1,14.97,100.18,3.46,97.0,13.32,33.76,0.79,0.78,82.79
2018-01-27,VINH,18.737,105.671,0.55,22.94,27.85,19.87,20.99,22.84,89.58,15.61,100.01,3.79,129.3,9.31,35.23,0.79,0.78,86.64
2018-01-28,VINH,18.737,105.671,5.89,19.62,28.92,10.74,17.12,20.23,86.25,12.64,100.4,5.44,23.2,9.68,35.34,0.81,0.78,94.61
2018-01-29,VINH,18.737,105.671,2.79,13.03,14.8,10.92,9.84,14.01,81.74,7.56,100.98,5.17,15.5,5.99,31.79,0.8,0.78,97.72
2018-01-30,VINH,18.737,105.671,3.07,13.34,14.84,11.38,11.29,14.05,87.86,8.33,100.83,3.83,12.0,4.51,32.83,0.81,0.78,99.38
2018-01-31,VINH,18.737,105.671,1.2,10.94,13.94,8.19,7.85,11.39,82.02,6.59,101.34,5.52,8.0,3.55,31.18,0.81,0.78,99.75
2018-02-01,VINH,18.737,105.671,0.45,13.22,17.22,10.55,8.8,13.88,75.88,7.03,101.02,3.33,27.5,11.14,31.95,0.79,0.78,93.0
2018-02-02,VINH,18.737,105.671,0.93,13.49,17.65,9.89,9.29,13.62,76.09,7.24,101.46,5.47,19.6,4.94,31.54,0.8,0.78,97.5
2018-02-03,VINH,18.737,105.671,0.02,12.33,16.34,9.36,7.54,12.54,73.71,6.41,101.39,4.27,26.1,7.15,30.76,0.79,0.77,90.3
2018-02-04,VINH,18.737,105.671,0.04,13.11,16.69,10.18,9.1,13.5,77.39,7.13,101.41,4.42,24.6,7.32,31.47,0.79,0.77,94.79
2018-02-05,VINH,18.737,105.671,0.0,11.35,15.96,7.83,6.16,12.02,71.97,5.83,101.55,4.65,17.3,6.96,30.2,0.78,0.77,89.03
2018-02-06,VINH,18.737,105.671,0.0,12.3,16.66,9.62,6.64,12.56,69.7,6.05,101.13,3.33,21.1,11.22,29.61,0.78,0.76,73.34
2018-02-07,VINH,18.737,105.671,0.0,13.7,19.03,9.81,8.92,14.18,74.25,7.07,100.95,3.13,31.5,15.2,30.69,0.77,0.76,74.52
2018-02-08,VINH,18.737,105.671,0.0,14.2,18.88,10.84,9.84,14.75,76.71,7.55,100.56,2.87,72.7,16.55,28.74,0.77,0.75,44.69
2018-02-09,VINH,18.737,105.671,0.0,19.05,26.22,14.42,15.94,18.93,84.04,11.35,100.31,1.33,94.4,17.61,31.19,0.77,0.75,65.83
2018-02-10,VINH,18.737,105.671,2.77,19.7,24.82,15.91,17.72,20.34,89.06,12.64,100.71,3.16,42.8,12.48,34.66,0.77,0.75,81.15
2018-02-11,VINH,18.737,105.671,2.25,15.75,18.84,13.84,13.65,16.27,87.56,9.65,101.29,4.1,24.1,6.35,32.55,0.78,0.75,91.05
2018-02-12,VINH,18.737,105.671,1.35,14.71,16.95,13.33,12.79,15.09,88.3,9.11,101.49,4.32,14.1,7.16,32.27,0.78,0.75,90.93
2018-02-13,VINH,18.737,105.671,0.05,16.06,20.05,13.09,13.93,16.32,87.88,9.86,101.05,2.58,99.7,14.27,30.16,0.77,0.75,61.52
2018-02-14,VINH,18.737,105.671,0.0,21.07,27.79,16.92,17.26,21.05,80.75,12.31,100.44,2.36,180.4,20.56,31.96,0.76,0.74,30.19
2018-02-15,VINH,18.737,105.671,0.27,23.26,29.95,18.45,19.35,22.69,80.8,14.06,100.28,1.61,124.3,15.44,34.61,0.75,0.74,60.45
2018-02-16,VINH,18.737,105.671,0.37,21.7,27.31,18.28,19.54,22.12,88.58,14.21,100.38,1.83,64.3,10.29,35.71,0.75,0.73,86.74
2018-02-17,VINH,18.737,105.671,0.02,21.12,25.9,17.47,18.9,21.16,88.14,13.65,100.32,2.49,112.9,12.07,35.04,0.74,0.73,78.61
2018-02-18,VINH,18.737,105.671,0.04,21.76,26.68,18.9,19.78,21.85,88.88,14.42,100.38,2.73,116.6,10.12,35.94,0.74,0.72,90.67
2018-02-19,VINH,18.737,105.671,0.33,22.78,27.48,19.91,20.74,23.02,89.02,15.32,100.28,2.64,117.4,11.22,35.22,0.73,0.72,93.67
2018-02-20,VINH,18.737,105.671,0.79,22.62,26.99,20.06,20.63,22.82,89.22,15.23,100.14,2.13,111.4,10.97,35.84,0.73,0.72,89.59
2018-02-21,VINH,18.737,105.671,23.43,22.27,25.5,20.56,20.82,22.38,91.73,15.42,100.1,3.09,100.1,8.66,35.95,0.83,0.74,97.15
2018-02-22,VINH,18.737,105.671,8.28,18.53,23.06,15.85,17.19,18.89,91.94,12.31,100.55,4.94,36.6,6.42,34.49,0.81,0.76,97.59
2018-02-23,VINH,18.737,105.671,3.27,16.23,18.55,14.72,13.88,16.59,86.15,9.84,100.75,2.53,13.9,4.82,32.36,0.79,0.76,90.95
2018-02-24,VINH,18.737,105.671,0.34,19.26,24.2,16.52,17.13,20.09,88.19,12.18,100.65,2.09,63.9,10.72,35.07,0.77,0.75,88.26
2018-02-25,VINH,18.737,105.671,1.57,19.72,23.68,17.11,18.15,20.28,90.99,12.97,100.71,2.79,40.2,9.28,35.19,0.77,0.75,89.97
2018-02-26,VINH,18.737,105.671,1.02,19.9,23.54,17.84,18.32,20.18,90.97,13.13,100.57,2.44,49.9,9.54,34.48,0.77,0.74,88.69
2018-02-27,VINH,18.737,105.671,0.24,22.13,27.16,18.81,19.94,22.26,88.29,14.59,100.21,2.8,124.8,9.86,35.54,0.75,0.74,93.51
2018-02-28,VINH,18.737,105.671,0.47,22.91,28.48,19.53,20.25,23.12,86.31,14.88,100.14,2.08,98.0,11.93,36.48,0.74,0.73,89.42
2018-03-01,VINH,18.737,105.671,0.33,24.7,30.45,20.79,21.18,24.75,82.31,15.82,99.85,1.86,150.6,15.41,36.35,0.74,0.72,62.62
2018-03-02,VINH,18.737,105.671,0.13,25.99,32.01,21.39,21.34,25.36,77.42,16.01,99.71,1.97,214.6,15.43,36.18,0.73,0.72,58.27
2018-03-03,VINH,18.737,105.671,1.69,26.91,32.84,22.24,22.39,26.37,78.15,17.08,99.63,1.73,193.6,16.44,36.29,0.73,0.71,43.47
2018-03-04,VINH,18.737,105.671,0.04,26.8,34.41,20.66,20.87,25.63,71.87,15.68,99.73,2.62,241.2,20.72,33.96,0.71,0.71,12.32
2018-03-05,VINH,18.737,105.671,0.03,27.01,34.17,21.18,19.66,26.23,68.26,14.47,99.97,1.34,136.7,21.29,34.59,0.7,0.7,38.74
2018-03-06,VINH,18.737,105.671,0.09,24.72,30.05,21.57,22.19,25.26,86.88,16.77,100.21,2.58,108.9,12.28,36.58,0.7,0.69,84.99
2018-03-07,VINH,18.737,105.671,6.41,23.88,27.91,17.86,21.84,24.29,88.95,16.42,100.35,3.98,79.7,12.66,36.39,0.71,0.69,90.57
2018-03-08,VINH,18.737,105.671,3.19,16.75,18.51,15.65,13.41,17.2,80.9,9.52,101.06,5.47,19.5,7.05,33.18,0.74,0.71,92.33
2018-03-09,VINH,18.737,105.671,0.16,16.55,20.42,12.86,11.76,17.06,73.89,8.55,101.11,3.71,24.4,8.64,31.32,0.72,0.7,70.31
2018-03-10,VINH,18.737,105.671,0.04,18.38,22.74,15.75,13.55,19.18,75.05,9.65,100.87,2.43,49.7,22.07,31.36,0.7,0.7,53.2
2018-03-11,VINH,18.737,105.671,0.08,20.06,24.89,17.42,17.18,20.71,84.29,12.2,100.76,3.3,89.7,13.64,34.06,0.7,0.69,79.81
2018-03-12,VINH,18.737,105.671,0.2,20.85,25.25,17.81,18.48,21.31,86.87,13.26,100.54,3.42,101.6,11.83,34.45,0.69,0.69,88.25
2018-03-13,VINH,18.737,105.671,1.07,22.12,27.2,19.21,19.15,22.49,84.47,13.87,100.22,2.61,117.7,9.88,35.07,0.69,0.68,94.98
2018-03-14,VINH,18.737,105.671,26.25,22.91,28.26,18.98,20.04,23.17,85.08,14.7,100.08,2.82,145.0,11.69,34.4,0.78,0.7,70.7
2018-03-15,VINH,18.737,105.671,0.04,23.39,29.06,19.63,20.35,23.62,84.69,14.97,100.12,1.72,104.4,15.49,35.68,0.72,0.71,71.61
2018-03-16,VINH,18.737,105.671,0.11,24.19,29.86,20.99,21.03,24.54,84.17,15.6,100.19,1.96,111.2,13.02,35.76,0.7,0.7,80.58
2018-03-17,VINH,18.737,105.671,0.7,25.7,31.34,22.36,21.96,25.87,81.44,16.55,100.13,2.56,133.7,15.24,36.4,0.7,0.69,80.93
2018-03-18,VINH,18.737,105.671,2.47,26.07,30.84,22.55,22.35,26.16,81.29,16.96,100.07,2.13,129.9,14.67,36.76,0.7,0.69,71.82
2018-03-19,VINH,18.737,105.671,2.95,27.28,33.15,21.72,22.51,27.12,77.18,17.15,99.9,1.9,58.2,16.2,36.88,0.69,0.68,60.63
2018-03-20,VINH,18.737,105.671,2.39,19.26,23.43,15.85,15.27,19.74,78.49,10.81,100.61,3.54,28.7,5.21,33.33,0.71,0.68,86.54
2018-03-21,VINH,18.737,105.671,0.03,18.35,22.43,14.98,14.09,18.92,77.03,9.99,100.7,3.61,25.9,12.18,32.99,0.68,0.68,81.4
2018-03-22,VINH,18.737,105.671,0.0,18.88,23.55,15.49,14.37,19.55,76.7,10.19,100.56,2.56,39.5,16.69,31.56,0.67,0.67,38.74
2018-03-23,VINH,18.737,105.671,0.01,20.1,24.56,17.48,17.12,20.52,84.2,12.15,100.6,2.34,78.9,16.78,33.03,0.67,0.67,55.15
2018-03-24,VINH,18.737,105.671,0.47,21.89,27.25,18.57,18.89,22.5,84.67,13.6,100.54,2.94,106.2,13.39,34.93,0.66,0.67,69.91
2018-03-25,VINH,18.737,105.671,0.1,22.52,27.47,19.49,19.53,23.12,84.61,14.13,100.69,2.87,93.8,13.08,35.57,0.66,0.66,84.64
2018-03-26,VINH,18.737,105.671,0.01,22.17,26.89,19.49,19.21,22.25,84.59,13.86,100.66,2.11,74.3,14.48,34.77,0.65,0.66,77.8
2018-03-27,VINH,18.737,105.671,0.07,22.06,26.13,19.01,19.48,22.33,86.21,14.13,100.44,2.45,106.7,13.44,34.9,0.65,0.66,76.46
2018-03-28,VINH,18.737,105.671,0.02,23.62,29.2,19.94,19.99,24.31,81.99,14.64,100.11,2.9,118.4,15.55,36.05,0.64,0.65,78.98
2018-03-29,VINH,18.737,105.671,4.42,25.0,31.15,21.81,21.11,25.83,81.15,15.69,100.13,2.77,92.1,12.41,37.05,0.64,0.65,90.48
2018-03-30,VINH,18.737,105.671,2.01,22.56,24.97,20.68,20.87,22.18,90.42,15.43,100.34,2.74,96.9,9.21,35.39,0.67,0.66,90.99
2018-03-31,VINH,18.737,105.671,0.63,23.55,28.11,20.53,20.49,24.22,84.26,15.06,100.36,2.8,109.9,12.57,34.87,0.65,0.65,92.08
2018-04-01,VINH,18.737,105.671,0.0,23.5,28.77,19.34,19.9,24.08,81.94,14.53,100.33,2.72,113.8,16.18,34.14,0.63,0.65,56.08
2018-04-02,VINH,18.737,105.671,0.0,23.99,29.95,19.67,18.68,24.72,74.39,13.49,100.24,2.72,132.6,21.34,33.18,0.62,0.64,44.35
2018-04-03,VINH,18.737,105.671,0.02,24.63,30.89,20.44,19.06,25.4,74.16,13.87,100.14,2.6,121.4,20.67,33.72,0.61,0.64,52.35
2018-04-04,VINH,18.737,105.671,0.02,24.97,30.99,21.11,19.83,25.9,75.61,14.52,100.02,2.63,118.2,20.64,34.87,0.61,0.63,74.65
2018-04-05,VINH,18.737,105.671,0.72,25.35,30.09,22.79,21.13,25.9,79.22,15.77,99.89,2.01,118.8,17.81,36.46,0.61,0.63,84.88
2018-04-06,VINH,18.737,105.671,43.07,18.57,24.68,15.07,16.73,18.88,89.12,12.06,100.87,6.81,7.6,5.04,33.61,0.82,0.68,99.79
2018-04-07,VINH,18.737,105.671,6.38,16.32,17.93,14.24,13.8,16.58,85.14,9.77,101.26,5.42,10.7,4.71,32.17,0.76,0.71,93.62
2018-04-08,VINH,18.737,105.671,0.0,18.69,22.44,15.65,13.57,18.9,72.82,9.64,100.88,2.52,63.0,20.29,30.83,0.7,0.69,54.45
2018-04-09,VINH,18.737,105.671,0.01,21.26,26.37,17.42,17.7,21.92,81.78,12.68,100.38,2.83,134.6,25.48,31.64,0.68,0.68,20.07
2018-04-10,VINH,18.737,105.671,0.01,24.44,30.61,20.91,20.21,24.92,78.99,14.87,100.03,2.5,133.8,21.41,34.85,0.67,0.67,41.74
2018-04-11,VINH,18.737,105.671,0.0,27.93,34.76,22.64,20.93,27.53,67.95,15.62,99.74,1.84,194.4,19.59,36.04,0.65,0.66,43.0
2018-04-12,VINH,18.737,105.671,0.0,29.67,36.89,23.71,21.59,29.07,64.84,16.3,99.63,2.44,219.2,20.63,36.42,0.63,0.65,26.61
2018-04-13,VINH,18.737,105.671,0.51,30.85,37.95,25.39,23.0,30.37,65.84,17.73,99.7,1.81,218.0,22.35,36.24,0.62,0.64,43.96
2018-04-14,VINH,18.737,105.671,3.96,29.55,37.85,22.83,23.14,29.91,72.8,17.85,99.89,2.66,33.1,21.37,37.06,0.62,0.64,62.43
2018-04-15,VINH,18.737,105.671,5.98,21.86,25.49,19.55,18.95,22.61,83.92,13.69,100.41,4.55,32.4,6.58,34.82,0.68,0.65,99.42
2018-04-16,VINH,18.737,105.671,1.68,21.8,26.12,18.89,18.68,22.89,83.05,13.42,100.56,3.67,30.5,12.38,35.19,0.64,0.65,90.68
2018-04-17,VINH,18.737,105.671,0.95,21.56,25.2,18.76,16.86,22.03,74.95,11.97,100.58,2.24,38.9,7.65,34.74,0.64,0.65,75.3
2018-04-18,VINH,18.737,105.671,0.03,23.46,28.94,19.9,18.28,24.61,74.93,13.15,100.3,2.1,89.6,18.68,35.05,0.62,0.64,61.26
2018-04-19,VINH,18.737,105.671,0.65,25.6,31.65,21.74,21.45,26.69,80.32,16.06,100.02,2.79,106.4,19.87,36.22,0.61,0.64,71.31
2018-04-20,VINH,18.737,105.671,0.84,27.8,34.13,23.39,22.24,28.46,74.65,16.9,99.87,2.1,147.1,17.18,37.54,0.61,0.63,65.26
2018-04-21,VINH,18.737,105.671,0.73,29.26,35.7,24.28,22.45,29.84,69.8,17.16,99.76,1.95,165.3,18.17,36.96,0.6,0.63,44.77
2018-04-22,VINH,18.737,105.671,0.01,30.65,37.63,24.95,22.28,30.75,63.67,17.01,99.62,2.01,224.6,19.03,37.11,0.58,0.62,34.75
2018-04-23,VINH,18.737,105.671,0.0,31.88,38.97,26.36,22.41,31.55,61.03,17.21,99.52,2.11,239.0,23.29,37.21,0.57,0.61,27.75
2018-04-24,VINH,18.737,105.671,0.15,30.02,37.53,24.72,23.44,31.07,72.07,18.23,99.73,1.83,52.5,13.42,38.98,0.57,0.61,90.77
2018-04-25,VINH,18.737,105.671,2.94,27.22,32.24,24.59,24.16,27.96,84.53,18.95,99.9,2.67,83.0,12.56,36.36,0.6,0.61,98.76
2018-04-26,VINH,18.737,105.671,0.86,26.12,29.82,23.74,23.59,26.62,86.77,18.28,100.11,2.39,93.0,15.98,36.08,0.59,0.61,83.53
2018-04-27,VINH,18.737,105.671,1.33,25.73,29.96,22.8,22.85,26.54,85.11,17.43,100.35,3.55,81.0,11.36,36.74,0.59,0.61,97.04
2018-04-28,VINH,18.737,105.671,9.9,26.42,31.2,23.54,22.57,27.63,81.19,17.17,100.22,2.5,80.2,10.05,36.69,0.63,0.62,97.97
2018-04-29,VINH,18.737,105.671,8.63,25.39,28.67,23.22,23.2,25.77,88.29,17.85,100.1,2.53,105.0,11.32,36.49,0.67,0.64,99.42
2018-04-30,VINH,18.737,105.671,2.59,27.99,33.03,23.9,23.44,28.66,78.3,18.17,99.98,1.57,133.6,17.29,36.08,0.63,0.64,86.83
2018-05-01,VINH,18.737,105.671,0.61,29.6,35.04,25.57,23.81,30.14,73.86,18.61,100.0,1.64,177.5,18.67,36.86,0.6,0.63,93.16
2018-05-02,VINH,18.737,105.671,11.91,28.88,34.41,25.07,23.94,29.38,77.3,18.74,100.12,1.25,69.0,17.76,36.9,0.64,0.63,88.05
2018-05-03,VINH,18.737,105.671,2.34,26.89,30.86,23.96,24.25,27.48,86.48,19.0,100.27,2.6,94.6,14.09,36.31,0.66,0.64,96.1
2018-05-04,VINH,18.737,105.671,10.84,28.19,33.48,25.08,23.77,29.16,79.16,18.51,100.13,2.99,117.4,19.13,36.55,0.66,0.64,89.85
2018-05-05,VINH,18.737,105.671,1.27,28.58,33.01,25.04,24.53,29.02,80.23,19.39,100.04,2.25,149.8,18.67,36.67,0.64,0.65,90.24
2018-05-06,VINH,18.737,105.671,1.26,29.39,34.28,26.48,23.96,29.34,73.69,18.79,99.74,3.44,222.3,23.44,36.31,0.62,0.64,74.07
2018-05-07,VINH,18.737,105.671,0.49,30.09,34.27,27.02,24.32,29.82,72.31,19.24,99.46,4.29,230.1,24.59,35.99,0.61,0.63,64.27
2018-05-08,VINH,18.737,105.671,0.26,30.99,36.71,27.37,24.48,30.86,70.03,19.43,99.55,3.81,230.4,21.82,36.64,0.59,0.62,80.58
2018-05-09,VINH,18.737,105.671,2.5,29.15,32.77,25.64,24.79,29.04,78.43,19.73,99.85,1.7,207.5,21.55,36.65,0.61,0.62,86.52
2018-05-10,VINH,18.737,105.671,0.59,29.77,34.58,25.73,23.98,30.14,73.22,18.81,99.92,1.79,176.6,16.51,36.64,0.6,0.62,96.28
2018-05-11,VINH,18.737,105.671,7.28,29.1,34.26,25.86,24.36,29.65,77.63,19.23,99.96,1.49,90.8,21.43,36.35,0.62,0.62,94.79
2018-05-12,VINH,18.737,105.671,1.32,29.6,34.77,25.36,23.73,30.18,73.56,18.6,99.9,2.06,166.4,17.77,36.83,0.61,0.63,90.31
2018-05-13,VINH,18.737,105.671,1.15,29.23,34.06,25.05,23.71,29.81,74.15,18.5,99.91,1.74,154.3,20.93,36.27,0.6,0.62,77.32
2018-05-14,VINH,18.737,105.671,2.0,29.75,35.07,25.09,23.55,30.04,71.82,18.35,99.76,1.84,217.0,21.87,36.06,0.6,0.62,72.5
2018-05-15,VINH,18.737,105.671,1.21,29.77,35.19,25.5,23.74,30.02,72.31,18.59,99.6,2.62,215.8,23.77,35.81,0.59,0.62,69.51
2018-05-16,VINH,18.737,105.671,1.37,30.24,35.96,25.98,23.9,30.38,71.29,18.78,99.55,2.84,222.8,23.41,36.23,0.59,0.61,70.36
2018-05-17,VINH,18.737,105.671,0.78,31.07,37.02,26.46,23.94,31.37,68.48,18.84,99.57,2.52,226.3,21.84,36.12,0.57,0.61,76.88
2018-05-18,VINH,18.737,105.671,0.75,29.89,35.01,25.7,22.74,29.81,67.26,17.5,99.6,3.0,237.4,19.64,36.07,0.57,0.61,87.16
2018-05-19,VINH,18.737,105.671,0.57,31.27,37.64,26.27,22.57,32.02,63.67,17.42,99.57,1.79,230.9,22.62,36.31,0.56,0.6,76.4
2018-05-20,VINH,18.737,105.671,0.42,30.65,36.89,26.26,23.15,31.4,67.63,18.05,99.65,1.84,211.8,22.91,37.0,0.56,0.6,75.13
2018-05-21,VINH,18.737,105.671,3.45,30.22,36.19,26.15,23.8,30.96,71.77,18.66,99.79,1.85,126.2,21.01,37.08,0.58,0.6,74.52
2018-05-22,VINH,18.737,105.671,1.02,29.16,34.37,24.71,23.38,29.91,73.73,18.15,99.96,1.93,103.8,21.61,36.92,0.58,0.6,62.95
2018-05-23,VINH,18.737,105.671,1.35,29.25,34.68,25.15,22.63,30.22,70.9,17.42,99.83,2.03,131.0,20.18,37.1,0.57,0.6,73.18
2018-05-24,VINH,18.737,105.671,2.61,30.02,35.35,25.51,23.53,30.91,70.63,18.35,99.68,2.14,181.1,20.42,37.44,0.58,0.6,67.64
2018-05-25,VINH,18.737,105.671,0.55,30.44,35.69,26.24,22.79,30.88,65.45,17.54,99.53,4.09,222.9,23.28,36.79,0.56,0.59,65.88
2018-05-26,VINH,18.737,105.671,0.42,29.48,33.29,26.16,22.68,29.58,67.62,17.39,99.68,4.57,223.2,23.55,36.55,0.56,0.59,72.48
2018-05-27,VINH,18.737,105.671,0.42,30.09,35.21,25.66,22.85,30.34,67.31,17.57,99.8,2.7,226.0,20.11,37.23,0.55,0.59,93.82
2018-05-28,VINH,18.737,105.671,0.74,28.93,33.66,25.48,23.27,29.73,73.64,18.03,99.92,1.68,148.7,13.79,36.66,0.56,0.59,99.39
2018-05-29,VINH,18.737,105.671,2.0,29.91,35.58,25.48,23.53,30.63,71.55,18.35,99.89,1.88,187.1,18.31,37.33,0.57,0.59,97.82
2018-05-30,VINH,18.737,105.671,0.8,30.52,36.18,26.47,23.11,31.27,67.69,17.92,99.87,1.92,183.0,23.33,36.67,0.55,0.58,88.34
2018-05-31,VINH,18.737,105.671,0.33,30.35,34.89,26.76,23.7,30.76,69.89,18.52,99.89,1.35,199.6,21.09,36.95,0.55,0.58,91.03
2018-06-01,VINH,18.737,105.671,0.14,30.48,35.74,26.48,23.95,31.4,70.81,18.8,99.86,1.67,81.4,25.8,36.43,0.54,0.58,64.12
2018-06-02,VINH,18.737,105.671,0.26,29.44,33.68,25.74,23.75,30.3,73.18,18.55,99.81,2.18,106.1,22.34,36.19,0.54,0.58,91.78
2018-06-03,VINH,18.737,105.671,1.08,30.15,35.18,26.09,22.92,31.13,68.23,17.77,99.59,1.78,74.2,23.13,36.63,0.53,0.58,81.67
2018-06-04,VINH,18.737,105.671,5.03,29.38,33.35,26.41,24.42,30.09,76.74,19.41,99.62,2.24,15.9,19.46,36.52,0.57,0.58,97.44
2018-06-05,VINH,18.737,105.671,9.1,27.3,29.25,25.74,24.34,27.57,84.22,19.22,99.72,2.05,358.1,9.7,37.0,0.64,0.59,97.6
2018-06-06,VINH,18.737,105.671,0.38,29.68,32.92,26.4,24.33,30.26,74.54,19.28,99.49,1.83,260.3,20.16,37.69,0.57,0.59,85.58
2018-06-07,VINH,18.737,105.671,4.8,29.69,34.24,26.56,25.19,30.02,78.28,20.33,99.37,1.82,235.4,18.87,37.62,0.59,0.59,78.92
2018-06-08,VINH,18.737,105.671,8.26,30.48,36.03,26.13,25.1,30.86,75.23,20.26,99.13,2.57,233.1,20.46,37.93,0.62,0.6,75.77
2018-06-09,VINH,18.737,105.671,0.87,29.61,33.81,26.86,23.78,29.69,72.08,18.7,99.22,4.04,246.5,22.04,37.34,0.58,0.6,76.27
2018-06-10,VINH,18.737,105.671,2.28,30.63,36.35,26.96,23.75,30.88,68.82,18.67,99.33,4.5,244.4,16.65,36.92,0.57,0.6,97.07
2018-06-11,VINH,18.737,105.671,0.54,30.76,35.02,28.05,22.93,30.96,64.16,17.74,99.32,6.17,234.9,14.26,37.48,0.56,0.59,97.1
2018-06-12,VINH,18.737,105.671,0.16,31.08,34.9,28.23,21.91,31.22,58.89,16.68,99.26,7.6,237.4,13.41,37.82,0.55,0.59,99.88
2018-06-13,VINH,18.737,105.671,1.31,30.33,35.16,27.42,22.42,30.39,64.37,17.25,99.17,6.71,240.6,10.95,37.95,0.55,0.58,99.52
2018-06-14,VINH,18.737,105.671,0.75,30.17,34.92,26.37,22.51,30.45,64.72,17.3,99.13,6.63,240.0,11.88,37.89,0.54,0.58,96.94
2018-06-15,VINH,18.737,105.671,7.58,29.59,34.76,25.55,23.38,30.05,71.72,18.29,99.15,3.75,231.0,15.25,37.56,0.57,0.58,99.31
2018-06-16,VINH,18.737,105.671,6.12,28.43,31.62,26.41,25.02,28.51,82.43,20.13,99.22,2.19,276.5,13.93,37.33,0.61,0.59,96.1
2018-06-17,VINH,18.737,105.671,23.9,28.5,31.32,25.88,24.78,28.64,80.97,19.85,99.15,1.82,204.2,12.49,36.84,0.73,0.64,83.53
2018-06-18,VINH,18.737,105.671,0.54,29.05,32.34,26.52,25.0,29.23,79.67,20.13,99.12,2.34,188.2,19.3,37.11,0.61,0.63,83.5
2018-06-19,VINH,18.737,105.671,0.1,29.61,34.56,26.11,23.46,29.78,71.1,18.33,99.26,3.64,216.8,21.99,37.59,0.59,0.62,65.09
2018-06-20,VINH,18.737,105.671,0.86,29.65,34.86,26.39,24.01,29.83,73.26,18.89,99.46,4.17,228.1,19.7,37.26,0.58,0.61,88.4
2018-06-21,VINH,18.737,105.671,0.86,29.02,33.11,26.84,23.55,28.89,72.95,18.38,99.43,4.39,228.0,20.24,37.38,0.58,0.61,92.61
2018-06-22,VINH,18.737,105.671,0.77,30.48,35.14,27.09,23.42,30.6,67.34,18.26,99.33,5.52,234.1,16.63,37.42,0.57,0.6,96.86
2018-06-23,VINH,18.737,105.671,0.82,30.26,35.2,26.97,23.4,30.41,68.31,18.26,99.3,4.79,234.9,16.65,37.65,0.56,0.6,99.59
2018-06-24,VINH,18.737,105.671,3.07,29.42,34.05,25.58,23.79,29.6,73.64,18.67,99.41,3.6,222.3,10.08,37.52,0.57,0.59,99.61
2018-06-25,VINH,18.737,105.671,3.74,28.4,32.36,25.75,24.27,28.4,79.56,19.2,99.49,2.82,204.0,10.4,36.99,0.6,0.6,99.85
2018-06-26,VINH,18.737,105.671,1.1,27.43,30.81,25.07,23.6,27.58,80.41,18.38,99.77,2.3,195.1,15.65,36.39,0.59,0.6,99.03
2018-06-27,VINH,18.737,105.671,1.11,28.0,31.31,24.85,22.66,28.32,73.83,17.34,99.87,1.67,222.8,13.52,35.59,0.58,0.6,96.47
2018-06-28,VINH,18.737,105.671,0.34,29.36,34.41,25.58,22.62,29.69,69.2,17.37,99.6,2.89,232.5,20.51,36.33,0.56,0.6,66.99
2018-06-29,VINH,18.737,105.671,0.65,29.99,34.96,26.89,22.74,30.33,66.69,17.53,99.28,5.43,233.4,22.97,36.52,0.56,0.59,71.54
2018-06-30,VINH,18.737,105.671,0.08,30.47,34.52,28.19,23.23,30.56,66.31,18.06,99.27,5.79,229.6,24.53,37.2,0.55,0.59,63.5
2018-07-01,VINH,18.737,105.671,0.05,31.04,35.95,28.09,23.22,31.26,64.45,18.06,99.25,5.82,234.7,23.9,36.67,0.54,0.58,88.5
2018-07-02,VINH,18.737,105.671,0.08,30.89,34.74,28.45,23.13,30.95,64.18,17.96,99.13,6.51,234.9,24.75,36.79,0.54,0.58,69.81
2018-07-03,VINH,18.737,105.671,0.44,31.58,36.57,28.21,22.9,32.0,61.32,17.74,99.05,6.66,237.0,25.09,36.94,0.54,0.58,66.37
2018-07-04,VINH,18.737,105.671,0.13,31.78,37.17,28.64,22.94,32.24,60.77,17.78,99.03,6.68,236.4,25.33,37.38,0.53,0.57,69.11
2018-07-05,VINH,18.737,105.671,4.31,31.8,37.26,27.85,23.21,32.32,62.16,18.1,98.99,5.96,234.9,22.5,37.47,0.53,0.57,90.27
2018-07-06,VINH,18.737,105.671,2.99,30.75,36.08,27.35,24.13,30.97,69.55,19.15,99.01,4.1,232.9,21.52,37.13,0.56,0.58,95.97
2018-07-07,VINH,18.737,105.671,7.55,30.29,34.38,26.63,24.99,30.12,74.82,20.13,99.08,2.69,242.2,18.54,37.4,0.59,0.58,98.16
2018-07-08,VINH,18.737,105.671,17.14,28.84,32.87,26.39,25.23,29.07,82.0,20.39,99.21,1.55,72.2,16.73,37.2,0.68,0.61,95.29
2018-07-09,VINH,18.737,105.671,15.81,28.28,31.87,26.3,25.04,28.67,83.49,20.12,99.33,2.72,20.5,19.4,37.97,0.67,0.62,90.64
2018-07-10,VINH,18.737,105.671,20.68,27.49,29.71,25.51,25.3,27.36,87.94,20.43,99.35,2.59,45.9,11.86,37.57,0.75,0.66,97.34
2018-07-11,VINH,18.737,105.671,9.92,27.12,28.88,25.58,24.59,26.92,86.12,19.6,99.27,2.11,313.5,9.51,37.47,0.72,0.67,99.55
2018-07-12,VINH,18.737,105.671,10.39,27.62,30.48,25.34,23.76,27.72,80.13,18.65,99.18,2.81,266.2,11.73,37.51,0.71,0.66,98.98
2018-07-13,VINH,18.737,105.671,46.22,28.15,30.67,25.96,25.91,28.11,88.05,21.24,99.13,3.41,338.1,7.97,37.11,0.78,0.68,98.47
2018-07-14,VINH,18.737,105.671,36.13,27.01,29.01,25.58,25.35,26.92,90.59,20.54,99.15,2.66,313.2,4.85,36.74,0.88,0.75,99.17
2018-07-15,VINH,18.737,105.671,119.93,26.74,28.23,25.34,25.12,26.75,90.83,20.27,99.12,3.19,284.1,5.67,36.75,0.94,0.79,98.57
2018-07-16,VINH,18.737,105.671,202.35,27.12,28.25,26.26,26.03,27.06,93.74,21.45,98.96,4.88,350.8,2.29,37.11,0.99,0.87,98.92
2018-07-17,VINH,18.737,105.671,67.13,26.71,28.31,25.4,25.33,26.49,92.03,20.55,99.0,5.02,53.7,7.29,37.05,0.97,0.92,99.22
2018-07-18,VINH,18.737,105.671,114.46,27.08,28.62,25.84,25.68,26.9,91.99,21.02,98.85,5.05,283.5,4.24,36.78,0.98,0.93,98.47
2018-07-19,VINH,18.737,105.671,24.92,27.88,30.17,25.6,25.02,27.61,84.73,20.14,99.07,2.18,178.0,9.55,37.03,0.95,0.94,99.31
2018-07-20,VINH,18.737,105.671,2.03,28.37,32.23,25.93,25.1,28.01,82.89,20.25,99.17,3.41,222.6,8.4,36.97,0.9,0.92,99.85
2018-07-21,VINH,18.737,105.671,35.77,27.73,30.59,25.87,25.5,27.29,87.92,20.76,98.97,3.81,258.2,9.17,37.03,0.94,0.92,99.61
2018-07-22,VINH,18.737,105.671,16.18,27.78,29.77,26.27,25.79,27.42,88.89,21.13,99.0,3.75,261.1,7.72,36.85,0.94,0.94,92.37
2018-07-23,VINH,18.737,105.671,6.46,28.11,30.66,26.36,25.58,27.6,86.22,20.87,99.03,4.05,238.1,20.79,36.55,0.92,0.94,82.79
2018-07-24,VINH,18.737,105.671,1.53,28.43,32.31,25.57,25.22,28.01,83.11,20.42,99.1,4.2,229.6,21.38,36.86,0.91,0.93,93.09
2018-07-25,VINH,18.737,105.671,7.73,26.91,30.1,24.74,23.92,26.51,83.96,18.83,99.23,4.16,220.1,16.22,36.71,0.92,0.92,99.39
2018-07-26,VINH,18.737,105.671,2.49,27.47,32.04,24.44,24.07,27.21,82.18,19.01,99.27,4.07,224.3,11.71,37.03,0.9,0.92,99.71
2018-07-27,VINH,18.737,105.671,11.13,27.58,31.86,24.7,24.49,27.55,83.99,19.49,99.29,2.94,219.5,13.63,37.07,0.92,0.92,99.28
2018-07-28,VINH,18.737,105.671,8.69,27.57,31.35,24.64,24.72,27.47,84.92,19.77,99.25,2.31,234.2,11.53,36.48,0.92,0.92,99.45
2018-07-29,VINH,18.737,105.671,6.47,27.84,31.47,25.34,24.86,27.8,84.39,19.92,99.23,2.65,215.6,16.32,36.56,0.91,0.92,97.41
2018-07-30,VINH,18.737,105.671,2.33,28.06,32.38,25.31,24.83,27.89,83.18,19.89,99.28,3.35,229.6,18.19,36.96,0.9,0.91,92.79
2018-07-31,VINH,18.737,105.671,0.74,27.78,31.61,25.02,24.38,27.47,82.2,19.33,99.41,3.54,234.3,12.98,36.55,0.89,0.91,99.5
2018-08-01,VINH,18.737,105.671,1.9,27.75,31.3,25.51,24.6,27.47,83.45,19.58,99.38,3.82,228.2,21.23,36.83,0.89,0.9,90.03
2018-08-02,VINH,18.737,105.671,1.66,28.09,31.41,26.0,25.16,27.77,84.39,20.29,99.26,3.62,234.5,18.85,36.67,0.89,0.9,99.07
2018-08-03,VINH,18.737,105.671,0.63,27.79,30.95,25.59,24.88,27.46,84.42,19.97,99.22,3.46,232.7,17.2,36.41,0.89,0.9,99.1
2018-08-04,VINH,18.737,105.671,4.86,28.83,32.36,26.13,25.28,28.83,81.9,20.42,99.33,1.95,224.2,19.68,36.58,0.89,0.89,98.71
2018-08-05,VINH,18.737,105.671,4.99,29.16,32.61,25.7,24.77,29.32,77.99,19.81,99.45,0.96,235.0,14.95,36.33,0.9,0.9,98.9
2018-08-06,VINH,18.737,105.671,0.17,28.73,31.85,26.42,24.63,28.66,79.23,19.61,99.47,1.51,141.5,20.84,36.6,0.89,0.89,87.37
2018-08-07,VINH,18.737,105.671,0.43,29.19,32.75,26.14,24.43,29.5,76.66,19.4,99.37,1.56,149.5,21.58,36.98,0.88,0.89,76.29
2018-08-08,VINH,18.737,105.671,2.44,28.59,32.07,25.71,24.84,28.37,80.77,19.87,99.38,1.9,53.4,21.83,36.65,0.88,0.88,82.18
2018-08-09,VINH,18.737,105.671,1.67,27.81,31.18,25.43,24.76,27.97,83.86,19.78,99.41,2.11,249.7,14.09,37.11,0.88,0.88,98.56
2018-08-10,VINH,18.737,105.671,1.63,27.1,30.49,24.86,24.24,26.98,84.57,19.22,99.24,4.08,240.8,8.01,36.91,0.88,0.88,98.7
2018-08-11,VINH,18.737,105.671,0.83,28.73,32.64,25.57,24.99,28.45,80.68,20.16,98.99,4.59,235.9,21.05,37.27,0.87,0.87,87.2
2018-08-12,VINH,18.737,105.671,8.04,28.03,31.5,25.71,25.0,27.93,83.98,20.15,99.0,3.18,242.3,12.54,37.45,0.88,0.87,99.23
2018-08-13,VINH,18.737,105.671,2.54,27.84,31.45,25.17,25.02,27.72,84.96,20.17,99.07,3.75,237.5,17.72,36.62,0.88,0.88,93.92
2018-08-14,VINH,18.737,105.671,0.62,27.85,30.92,25.79,24.58,27.44,82.6,19.63,99.08,4.88,242.0,14.91,36.69,0.87,0.87,99.47
2018-08-15,VINH,18.737,105.671,20.58,28.01,31.01,26.23,25.27,27.61,85.26,20.45,99.09,4.35,250.9,6.02,37.02,0.9,0.87,99.19
2018-08-16,VINH,18.737,105.671,35.59,27.11,29.62,25.48,24.85,26.72,87.55,20.02,98.77,4.57,246.7,3.62,36.85,0.95,0.91,98.67
2018-08-17,VINH,18.737,105.671,7.38,28.92,33.47,25.89,25.98,28.93,84.87,21.42,98.79,2.46,203.6,12.42,37.02,0.91,0.92,99.4
2018-08-18,VINH,18.737,105.671,10.97,28.64,32.05,26.2,25.7,28.69,84.79,20.97,99.15,1.89,280.7,18.19,37.35,0.91,0.91,91.82
2018-08-19,VINH,18.737,105.671,1.92,28.31,31.8,25.54,25.36,28.2,84.49,20.53,99.32,2.61,238.3,17.35,37.24,0.9,0.91,90.45
2018-08-20,VINH,18.737,105.671,1.03,28.99,33.01,25.53,25.27,28.66,80.8,20.46,99.3,3.63,245.1,21.45,37.18,0.89,0.9,76.04
2018-08-21,VINH,18.737,105.671,14.92,28.58,31.99,25.65,25.46,28.3,83.61,20.68,99.13,3.2,240.6,23.24,36.96,0.91,0.9,70.4
2018-08-22,VINH,18.737,105.671,5.92,28.35,31.97,25.75,25.58,28.37,85.51,20.85,99.14,2.29,252.0,17.44,37.29,0.91,0.91,92.8
2018-08-23,VINH,18.737,105.671,2.06,28.56,32.5,25.78,25.42,28.45,83.75,20.61,99.28,2.37,227.4,16.39,36.74,0.9,0.9,99.3
2018-08-24,VINH,18.737,105.671,2.52,27.89,31.47,24.85,25.0,27.72,84.67,20.09,99.33,3.33,228.1,15.28,37.07,0.89,0.9,98.81
2018-08-25,VINH,18.737,105.671,5.07,28.04,31.52,25.17,24.68,27.94,82.52,19.71,99.25,3.0,240.1,10.16,36.76,0.9,0.9,98.95
2018-08-26,VINH,18.737,105.671,8.17,27.3,29.99,25.08,24.91,27.15,86.88,20.01,99.23,2.84,289.6,15.36,37.1,0.91,0.91,87.51
2018-08-27,VINH,18.737,105.671,2.05,27.82,30.57,25.0,24.28,27.62,81.7,19.22,99.38,2.38,250.5,17.45,36.87,0.89,0.9,91.42
2018-08-28,VINH,18.737,105.671,10.51,27.21,29.75,25.27,24.19,26.76,83.73,19.13,99.28,4.59,237.1,11.78,36.79,0.91,0.9,99.48
2018-08-29,VINH,18.737,105.671,7.49,26.21,28.46,24.72,23.79,25.88,86.58,18.74,98.99,4.67,232.9,8.61,36.55,0.91,0.91,99.46
2018-08-30,VINH,18.737,105.671,0.79,27.07,30.64,24.47,23.72,26.7,82.28,18.64,99.07,4.45,216.5,10.42,35.96,0.89,0.9,99.19
2018-08-31,VINH,18.737,105.671,0.81,28.46,32.8,25.18,24.98,28.25,82.17,20.03,99.5,3.24,207.8,19.17,36.65,0.88,0.89,94.68
2018-09-01,VINH,18.737,105.671,0.68,28.43,32.33,25.84,25.11,28.25,82.81,20.15,99.61,2.47,228.4,19.75,36.73,0.88,0.89,90.41
2018-09-02,VINH,18.737,105.671,2.95,28.07,31.65,25.84,25.1,27.95,84.47,20.17,99.45,2.32,211.4,17.07,36.83,0.89,0.89,98.47
2018-09-03,VINH,18.737,105.671,3.55,28.1,31.85,25.32,24.66,28.15,82.35,19.64,99.53,2.17,234.8,15.95,36.61,0.89,0.89,86.19
2018-09-04,VINH,18.737,105.671,0.95,27.68,31.14,24.63,24.13,27.56,81.7,18.99,99.62,2.85,230.6,21.99,36.44,0.88,0.88,60.69
2018-09-05,VINH,18.737,105.671,0.22,29.25,33.45,25.21,24.95,29.06,78.42,20.0,99.5,2.68,245.9,24.01,36.25,0.87,0.87,49.83
2018-09-06,VINH,18.737,105.671,2.33,29.43,33.63,26.07,25.22,29.27,79.1,20.31,99.46,2.15,228.1,24.39,36.3,0.87,0.87,73.64
2018-09-07,VINH,18.737,105.671,8.7,28.47,31.87,26.0,25.58,28.43,85.02,20.72,99.65,2.42,31.6,21.62,36.49,0.89,0.87,97.26
2018-09-08,VINH,18.737,105.671,28.44,24.9,26.69,23.27,23.42,24.99,91.59,18.13,100.01,4.83,2.7,3.9,35.95,0.94,0.9,98.48
2018-09-09,VINH,18.737,105.671,8.26,24.82,26.55,23.37,22.93,24.88,89.32,17.55,100.2,3.22,356.4,8.49,35.74,0.91,0.91,96.02
2018-09-10,VINH,18.737,105.671,17.88,25.67,27.67,24.27,23.88,25.76,89.92,18.59,100.18,2.35,352.3,15.43,36.21,0.92,0.91,83.06
2018-09-11,VINH,18.737,105.671,4.72,26.65,29.57,24.92,24.32,26.48,87.21,19.14,99.94,2.03,39.1,20.01,36.49,0.91,0.91,55.02
2018-09-12,VINH,18.737,105.671,4.93,27.18,29.96,25.13,24.52,27.15,85.64,19.41,99.76,2.06,59.2,18.66,36.74,0.9,0.91,79.69
2018-09-13,VINH,18.737,105.671,1.38,27.28,30.42,24.26,23.59,26.88,80.65,18.34,99.8,2.01,50.8,16.78,36.06,0.89,0.9,76.39
2018-09-14,VINH,18.737,105.671,15.29,27.19,30.3,25.47,24.68,27.44,86.67,19.57,99.88,2.96,36.4,18.72,36.97,0.9,0.89,78.64
2018-09-15,VINH,18.737,105.671,11.08,27.1,29.56,24.96,24.85,26.99,87.59,19.85,99.61,3.29,348.2,21.43,36.11,0.92,0.91,79.1
2018-09-16,VINH,18.737,105.671,3.59,28.91,31.61,26.47,25.77,28.37,83.35,21.07,99.14,3.06,306.9,21.02,37.04,0.9,0.9,89.38
2018-09-17,VINH,18.737,105.671,53.71,28.07,31.61,25.75,25.62,28.01,87.02,20.85,99.32,2.49,176.7,12.59,36.72,0.95,0.92,99.1
2018-09-18,VINH,18.737,105.671,13.75,26.16,28.64,24.31,24.82,26.11,92.34,19.77,99.89,2.78,113.7,13.01,36.4,0.94,0.94,99.34
2018-09-19,VINH,18.737,105.671,14.37,26.66,28.81,25.06,25.31,26.61,92.32,20.32,100.0,2.87,113.0,16.55,36.72,0.94,0.94,89.54
2018-09-20,VINH,18.737,105.671,9.57,26.77,29.79,23.68,23.99,26.36,84.87,18.77,100.1,2.23,97.7,22.67,34.37,0.93,0.95,27.7
2018-09-21,VINH,18.737,105.671,0.38,27.01,30.29,24.23,23.3,26.76,80.54,17.95,100.2,1.46,67.5,23.65,34.27,0.91,0.94,23.95
2018-09-22,VINH,18.737,105.671,2.24,27.16,30.38,25.11,24.26,27.18,84.49,19.01,100.32,1.79,54.4,21.83,35.34,0.91,0.93,49.35
2018-09-23,VINH,18.737,105.671,2.3,27.32,30.44,25.06,24.08,27.24,82.82,18.82,100.25,1.64,92.0,21.03,35.86,0.91,0.93,57.15
2018-09-24,VINH,18.737,105.671,0.12,27.73,30.86,25.62,24.26,27.82,81.72,19.06,99.98,1.75,101.6,22.05,36.21,0.9,0.92,45.96
2018-09-25,VINH,18.737,105.671,0.16,28.97,33.06,25.7,25.07,29.04,80.52,20.08,99.72,2.01,195.7,22.0,36.66,0.89,0.91,58.28
2018-09-26,VINH,18.737,105.671,0.57,29.69,33.81,26.13,25.73,29.67,80.41,20.9,99.72,1.93,184.6,20.86,37.09,0.89,0.9,68.44
2018-09-27,VINH,18.737,105.671,9.82,29.14,33.47,26.28,26.09,29.27,84.61,21.34,99.78,2.48,95.7,16.52,37.45,0.9,0.9,77.47
2018-09-28,VINH,18.737,105.671,44.92,25.95,29.34,23.61,24.55,26.1,92.17,19.43,100.06,4.35,18.2,3.14,36.56,0.96,0.93,96.68
2018-09-29,VINH,18.737,105.671,2.82,25.05,27.67,22.84,22.42,25.12,85.45,17.02,100.14,3.66,12.9,13.39,36.3,0.92,0.94,78.47
2018-09-30,VINH,18.737,105.671,0.24,25.62,28.8,23.03,22.29,25.55,82.17,16.88,100.17,3.28,20.9,18.7,35.72,0.9,0.92,55.12
2018-10-01,VINH,18.737,105.671,4.89,25.44,28.32,23.2,22.58,25.25,84.28,17.16,100.35,4.2,35.1,7.25,36.61,0.9,0.92,88.83
2018-10-02,VINH,18.737,105.671,7.09,25.18,28.43,22.52,22.23,25.05,84.05,16.78,100.41,3.73,38.4,8.43,36.57,0.91,0.92,92.83
2018-10-03,VINH,18.737,105.671,4.81,25.09,28.43,22.48,22.15,24.79,84.05,16.68,100.49,3.9,47.4,9.76,36.4,0.9,0.92,80.83
2018-10-04,VINH,18.737,105.671,2.77,25.15,28.36,21.94,21.88,24.63,82.31,16.41,100.49,3.32,48.5,9.52,35.74,0.9,0.91,69.23
2018-10-05,VINH,18.737,105.671,0.44,25.19,28.81,21.21,21.06,24.57,78.28,15.63,100.39,2.57,33.2,18.73,34.09,0.89,0.9,33.06
2018-10-06,VINH,18.737,105.671,0.0,25.42,29.02,22.02,21.14,24.92,77.51,15.7,100.38,2.01,52.3,21.87,33.42,0.89,0.9,11.87
2018-10-07,VINH,18.737,105.671,0.03,25.72,29.51,22.41,21.75,25.18,79.12,16.3,100.36,1.82,56.6,20.63,33.69,0.88,0.89,14.4
2018-10-08,VINH,18.737,105.671,0.01,25.42,29.21,22.77,21.86,25.27,81.2,16.42,100.27,2.07,89.3,18.79,34.79,0.87,0.88,27.46
2018-10-09,VINH,18.737,105.671,0.67,25.98,29.76,23.14,22.8,26.05,83.38,17.39,100.29,2.37,74.7,21.7,34.55,0.87,0.87,22.4
2018-10-10,VINH,18.737,105.671,3.9,22.84,25.48,20.52,20.89,23.27,89.13,15.44,100.63,5.82,4.3,11.28,35.21,0.88,0.87,90.84
2018-10-11,VINH,18.737,105.671,2.61,23.15,25.57,21.29,20.93,23.4,87.51,15.44,100.75,4.53,15.0,8.99,35.11,0.87,0.87,96.56
2018-10-12,VINH,18.737,105.671,1.78,23.66,25.85,22.24,21.57,23.83,88.25,16.07,100.65,3.76,21.0,8.32,35.49,0.87,0.87,92.71
2018-10-13,VINH,18.737,105.671,0.33,25.28,28.23,22.96,23.15,25.46,88.35,17.74,100.45,2.56,88.6,13.02,35.94,0.87,0.87,84.72
2018-10-14,VINH,18.737,105.671,0.06,26.66,30.73,23.57,24.32,26.74,87.74,19.11,100.21,2.81,141.0,20.5,36.47,0.86,0.86,46.55
2018-10-15,VINH,18.737,105.671,4.72,27.2,31.69,24.01,24.5,27.27,86.21,19.31,100.21,2.42,129.1,19.75,36.69,0.86,0.86,60.36
2018-10-16,VINH,18.737,105.671,7.32,26.62,29.71,24.93,24.45,26.6,88.47,19.25,100.14,2.29,107.1,18.14,35.95,0.88,0.86,72.26
2018-10-17,VINH,18.737,105.671,12.11,26.44,29.12,23.49,25.02,26.5,92.04,19.97,100.0,2.51,64.5,13.81,36.76,0.9,0.87,98.46
2018-10-18,VINH,18.737,105.671,6.1,24.19,26.66,22.92,23.07,24.43,93.6,17.72,100.23,3.86,22.8,6.2,36.23,0.89,0.88,99.34
2018-10-19,VINH,18.737,105.671,3.02,25.21,27.72,23.79,23.77,25.31,91.89,18.43,100.37,2.63,41.8,8.15,36.02,0.88,0.88,84.87
2018-10-20,VINH,18.737,105.671,1.62,25.58,27.99,24.07,24.2,25.58,92.13,18.91,100.4,2.82,78.6,13.48,36.22,0.87,0.87,73.42
2018-10-21,VINH,18.737,105.671,6.64,26.04,29.08,24.09,24.42,25.91,91.05,19.18,100.37,2.84,103.3,14.35,35.75,0.88,0.87,88.45
2018-10-22,VINH,18.737,105.671,5.62,26.46,29.64,24.42,24.67,26.51,90.16,19.47,100.31,3.07,115.7,16.43,35.77,0.88,0.87,85.22
2018-10-23,VINH,18.737,105.671,6.0,26.28,29.71,23.29,24.0,26.23,87.76,18.71,100.32,3.34,133.8,14.99,35.63,0.88,0.88,76.19
2018-10-24,VINH,18.737,105.671,1.2,26.18,30.2,23.12,23.67,26.14,86.72,18.34,100.37,3.11,129.8,18.04,34.96,0.87,0.87,45.96
2018-10-25,VINH,18.737,105.671,0.19,26.17,30.17,23.13,23.74,26.18,87.32,18.38,100.49,2.93,122.2,17.17,35.3,0.86,0.86,40.38
2018-10-26,VINH,18.737,105.671,4.11,26.24,29.75,23.54,23.81,26.36,86.99,18.43,100.64,2.68,88.9,18.6,35.0,0.86,0.85,37.24
2018-10-27,VINH,18.737,105.671,19.68,24.89,27.45,22.84,22.94,24.97,89.08,17.47,100.74,4.86,29.1,7.63,37.0,0.91,0.87,92.93
2018-10-28,VINH,18.737,105.671,9.93,24.51,27.66,21.94,22.34,24.51,87.81,16.86,100.64,3.67,43.6,6.05,36.51,0.9,0.88,88.71
2018-10-29,VINH,18.737,105.671,2.16,23.81,27.58,20.04,20.35,23.5,81.28,14.93,100.57,3.34,25.2,10.08,35.35,0.87,0.87,76.33
2018-10-30,VINH,18.737,105.671,0.02,22.82,27.02,18.58,19.32,22.71,81.21,13.99,100.67,4.3,12.5,16.35,32.03,0.86,0.86,22.18
2018-10-31,VINH,18.737,105.671,0.0,21.38,25.88,17.33,16.99,21.13,76.86,12.09,100.66,4.77,7.2,19.9,30.24,0.85,0.86,11.49
2018-11-01,VINH,18.737,105.671,0.0,20.8,25.61,16.58,15.46,20.27,72.34,10.96,100.58,3.55,354.3,21.56,28.47,0.85,0.85,0.63
2018-11-02,VINH,18.737,105.671,0.0,21.42,26.08,17.36,15.66,20.7,70.4,11.11,100.62,2.65,353.2,20.79,28.93,0.84,0.84,1.73
2018-11-03,VINH,18.737,105.671,0.0,22.63,26.79,19.18,18.44,22.13,77.9,13.26,100.56,1.9,27.0,20.47,30.81,0.84,0.84,6.52
2018-11-04,VINH,18.737,105.671,0.0,23.66,27.95,20.72,20.27,23.29,81.95,14.86,100.47,1.96,86.4,20.51,32.9,0.84,0.83,18.64
2018-11-05,VINH,18.737,105.671,0.02,24.07,27.81,21.43,21.26,23.93,84.94,15.78,100.49,2.43,47.1,17.08,34.45,0.83,0.83,44.94
2018-11-06,VINH,18.737,105.671,0.28,24.92,28.49,22.72,22.92,24.67,89.11,17.47,100.52,2.79,58.2,13.26,35.78,0.83,0.82,70.95
2018-11-07,VINH,18.737,105.671,8.12,25.25,28.81,22.99,23.04,25.29,88.06,17.62,100.5,2.95,54.3,15.58,34.69,0.84,0.82,92.95
2018-11-08,VINH,18.737,105.671,44.7,22.41,26.8,20.14,20.9,22.5,91.38,15.54,100.57,5.22,24.4,6.26,35.04,0.93,0.86,98.79
2018-11-09,VINH,18.737,105.671,12.81,23.08,25.08,20.7,21.92,23.2,93.37,16.48,100.45,3.32,27.9,4.74,35.13,0.9,0.87,97.81
2018-11-10,VINH,18.737,105.671,2.43,24.22,27.57,22.09,22.47,24.29,90.26,17.02,100.47,2.76,68.3,6.37,35.3,0.87,0.87,91.66
2018-11-11,VINH,18.737,105.671,1.79,24.69,28.13,22.61,22.74,24.75,89.28,17.3,100.4,2.58,51.8,8.52,35.67,0.87,0.86,87.2
2018-11-12,VINH,18.737,105.671,0.6,24.6,27.84,22.74,22.88,24.65,90.49,17.48,100.25,2.44,75.7,11.49,35.89,0.86,0.85,84.71
2018-11-13,VINH,18.737,105.671,0.44,24.73,27.95,22.71,22.93,24.78,90.15,17.55,100.13,3.21,101.6,10.26,36.03,0.85,0.85,92.4
2018-11-14,VINH,18.737,105.671,0.91,25.17,28.85,22.89,23.26,25.18,89.7,17.9,100.21,2.81,114.4,13.72,35.77,0.85,0.84,70.09
2018-11-15,VINH,18.737,105.671,0.28,25.29,29.01,22.56,23.28,25.28,89.18,17.91,100.28,2.44,114.4,14.41,35.24,0.84,0.84,45.07
2018-11-16,VINH,18.737,105.671,0.02,25.04,29.25,22.52,22.31,24.96,85.59,16.89,100.26,2.11,133.2,18.63,35.06,0.84,0.83,30.49
2018-11-17,VINH,18.737,105.671,0.1,25.41,29.33,22.91,23.08,25.49,87.58,17.71,100.28,2.48,130.1,15.1,35.42,0.83,0.82,70.82
2018-11-18,VINH,18.737,105.671,0.62,25.59,28.96,23.5,23.61,25.49,89.34,18.24,100.4,2.51,110.3,14.29,35.38,0.83,0.82,83.09
2018-11-19,VINH,18.737,105.671,2.84,24.51,27.44,22.77,22.82,24.6,90.46,17.39,100.52,2.93,63.4,13.84,35.2,0.84,0.82,65.57
2018-11-20,VINH,18.737,105.671,0.78,25.92,30.03,23.67,23.49,26.1,87.01,18.13,100.36,2.35,128.6,17.61,34.82,0.83,0.82,38.81
2018-11-21,VINH,18.737,105.671,4.28,25.11,29.62,18.32,22.26,25.42,85.07,16.91,100.58,4.31,52.3,16.33,34.78,0.83,0.81,41.08
2018-11-22,VINH,18.737,105.671,1.81,19.05,21.04,17.72,16.54,19.59,85.84,11.69,101.06,5.09,4.4,5.64,33.39,0.83,0.82,84.22
2018-11-23,VINH,18.737,105.671,0.39,19.74,22.99,17.08,17.12,19.99,85.37,12.16,100.85,3.39,3.4,9.1,32.67,0.83,0.81,81.87
2018-11-24,VINH,18.737,105.671,0.57,21.59,25.28,19.18,19.28,22.08,87.28,13.94,100.76,3.18,10.7,11.37,33.79,0.82,0.81,80.28
2018-11-25,VINH,18.737,105.671,0.84,21.27,24.3,18.97,19.21,21.26,88.28,13.88,100.72,4.58,27.5,8.83,33.45,0.82,0.81,65.96
2018-11-26,VINH,18.737,105.671,0.77,21.18,24.57,18.86,18.42,21.4,84.65,13.18,100.79,4.12,28.9,10.36,33.47,0.82,0.8,77.11
2018-11-27,VINH,18.737,105.671,3.4,20.38,22.62,18.87,18.7,20.7,90.22,13.41,100.84,3.62,14.1,5.04,34.24,0.83,0.8,99.34
2018-11-28,VINH,18.737,105.671,0.7,20.47,23.11,18.04,18.6,20.53,89.11,13.32,100.87,2.99,12.8,6.32,33.84,0.82,0.8,78.39
2018-11-29,VINH,18.737,105.671,0.3,21.67,24.76,19.5,19.07,21.61,85.74,13.73,100.87,2.72,12.1,7.6,34.98,0.81,0.8,90.44
2018-11-30,VINH,18.737,105.671,0.66,23.41,27.03,20.81,21.8,23.31,91.09,16.31,100.66,2.62,56.1,10.11,35.08,0.81,0.79,68.35
2018-12-01,VINH,18.737,105.671,0.91,23.86,27.64,21.32,22.39,23.72,91.7,16.95,100.42,3.12,109.3,9.77,35.04,0.81,0.79,67.82
2018-12-02,VINH,18.737,105.671,0.0,24.37,28.94,21.37,22.06,24.18,87.73,16.64,100.29,2.46,141.2,15.73,34.38,0.8,0.79,43.73
2018-12-03,VINH,18.737,105.671,0.0,24.59,28.89,21.92,22.1,24.45,86.72,16.66,100.39,2.02,129.9,15.99,33.84,0.79,0.78,54.03
2018-12-04,VINH,18.737,105.671,0.0,24.08,28.1,21.36,21.88,23.86,88.11,16.41,100.46,1.93,110.2,14.75,33.52,0.79,0.78,34.65
2018-12-05,VINH,18.737,105.671,0.0,23.77,28.12,19.9,21.91,24.01,89.65,16.47,100.28,2.38,111.0,15.28,33.93,0.79,0.77,33.39
2018-12-06,VINH,18.737,105.671,0.19,24.45,28.09,22.26,22.21,24.65,88.06,16.78,100.31,2.55,102.4,13.38,35.39,0.78,0.77,64.7
2018-12-07,VINH,18.737,105.671,103.55,23.51,27.33,19.43,21.9,23.66,90.97,16.48,100.48,5.29,39.4,9.0,35.34,0.89,0.79,98.79
2018-12-08,VINH,18.737,105.671,93.2,16.57,18.89,15.59,15.35,17.04,93.76,10.99,100.87,5.85,340.5,4.92,33.11,0.97,0.88,98.87
2018-12-09,VINH,18.737,105.671,27.97,17.19,18.4,16.29,16.11,17.57,94.77,11.55,100.83,5.22,356.3,4.0,33.05,0.93,0.89,97.12
2018-12-10,VINH,18.737,105.671,14.58,18.07,19.79,16.87,16.85,18.49,93.67,12.06,100.81,4.51,353.8,6.03,33.8,0.91,0.89,96.91
2018-12-11,VINH,18.737,105.671,10.03,15.57,19.21,12.51,14.09,16.22,91.79,10.1,101.18,6.64,353.8,5.41,32.52,0.9,0.89,92.68
2018-12-12,VINH,18.737,105.671,3.08,12.82,14.44,11.29,11.19,13.77,91.04,8.3,101.45,6.22,347.0,3.59,31.52,0.89,0.89,94.63
2018-12-13,VINH,18.737,105.671,1.27,14.12,16.08,11.66,12.21,14.96,89.51,8.89,101.4,5.08,345.8,5.84,30.68,0.88,0.88,84.9
2018-12-14,VINH,18.737,105.671,0.89,16.12,18.29,13.23,14.34,16.74,90.3,10.22,101.29,4.44,356.5,5.54,32.5,0.88,0.88,88.47
2018-12-15,VINH,18.737,105.671,0.75,17.92,20.59,15.52,16.44,18.33,91.84,11.67,101.2,4.21,359.6,5.15,33.52,0.87,0.88,89.31
2018-12-16,VINH,18.737,105.671,0.65,16.38,18.78,13.99,14.6,16.87,89.71,10.33,101.31,4.75,358.9,5.05,33.74,0.87,0.87,92.09
2018-12-17,VINH,18.737,105.671,0.0,16.15,20.49,12.74,13.23,16.45,83.59,9.43,101.17,3.4,355.7,9.37,31.02,0.87,0.87,55.5
2018-12-18,VINH,18.737,105.671,0.0,18.12,21.88,15.05,15.51,17.92,85.34,10.96,100.9,2.26,360.0,15.02,32.51,0.87,0.86,58.97
2018-12-19,VINH,18.737,105.671,0.0,21.34,25.99,17.85,19.51,20.92,90.01,14.18,100.59,1.98,120.6,15.91,32.71,0.86,0.86,45.15
2018-12-20,VINH,18.737,105.671,0.0,22.95,28.38,19.18,20.22,22.94,85.9,14.85,100.29,1.94,172.1,15.26,33.22,0.86,0.86,26.16
2018-12-21,VINH,18.737,105.671,0.0,23.21,27.53,20.45,21.39,23.09,89.87,15.95,100.31,2.29,95.2,14.77,34.87,0.85,0.85,45.58
2018-12-22,VINH,18.737,105.671,0.26,23.08,26.81,20.68,21.36,23.07,90.38,15.87,100.51,2.6,93.7,10.89,34.98,0.85,0.85,72.18
2018-12-23,VINH,18.737,105.671,0.47,22.13,25.95,19.69,20.43,22.13,90.31,14.99,100.66,4.12,47.4,8.85,34.78,0.85,0.84,89.57
2018-12-24,VINH,18.737,105.671,0.02,19.81,23.22,17.15,17.7,19.41,87.83,12.63,100.55,2.77,23.9,10.81,33.09,0.85,0.84,65.23
2018-12-25,VINH,18.737,105.671,0.01,21.08,25.8,18.12,18.97,21.08,88.52,13.72,100.27,1.72,99.2,16.8,32.27,0.84,0.84,45.04
2018-12-26,VINH,18.737,105.671,0.62,22.62,26.91,19.99,20.87,22.85,90.32,15.45,100.25,2.27,75.9,15.92,33.69,0.84,0.83,52.73
2018-12-27,VINH,18.737,105.671,14.64,22.45,26.34,20.06,21.13,22.55,92.45,15.71,100.33,3.5,50.0,10.48,34.89,0.87,0.84,89.65
2018-12-28,VINH,18.737,105.671,45.41,18.31,23.88,13.94,17.12,18.51,93.38,12.37,100.82,6.3,12.5,4.89,34.01,0.96,0.88,97.73
2018-12-29,VINH,18.737,105.671,19.23,14.65,15.93,11.48,13.28,15.05,92.2,9.51,101.26,6.85,8.9,5.91,31.53,0.93,0.9,98.9
2018-12-30,VINH,18.737,105.671,2.98,11.11,12.45,9.21,9.48,11.96,90.79,7.38,101.62,6.7,353.8,4.96,30.14,0.9,0.9,89.65
2018-12-31,VINH,18.737,105.671,1.84,11.32,12.34,9.25,9.27,12.23,88.78,7.32,101.65,5.28,346.4,8.62,29.64,0.89,0.89,89.32
2019-01-01,VINH,18.737,105.671,0.86,12.57,13.57,11.04,10.65,13.29,89.05,7.97,101.6,5.4,356.5,6.85,30.29,0.88,0.89,88.57
2019-01-02,VINH,18.737,105.671,0.67,13.1,14.18,11.24,11.41,13.71,90.32,8.39,101.47,4.67,354.5,6.62,30.29,0.88,0.89,77.89
2019-01-03,VINH,18.737,105.671,0.08,14.88,17.16,12.85,13.06,15.44,89.61,9.34,101.26,3.64,351.7,7.29,31.91,0.88,0.88,86.85
2019-01-04,VINH,18.737,105.671,0.07,17.23,19.51,14.65,15.74,17.63,91.35,11.12,101.06,2.9,345.4,8.66,32.42,0.88,0.88,97.17
2019-01-05,VINH,18.737,105.671,0.39,18.52,20.54,16.83,17.3,18.62,92.83,12.27,100.97,2.62,9.1,8.66,33.08,0.88,0.88,90.05
2019-01-06,VINH,18.737,105.671,0.69,19.2,22.08,17.14,18.12,19.38,93.69,12.93,100.87,3.11,22.9,6.51,34.25,0.88,0.88,91.13
2019-01-07,VINH,18.737,105.671,0.46,20.82,24.03,18.62,19.99,20.83,94.51,14.57,100.74,2.95,67.6,8.3,35.2,0.88,0.88,88.73
2019-01-08,VINH,18.737,105.671,5.17,21.94,25.68,19.37,20.36,22.09,91.17,14.91,100.68,4.4,81.6,7.92,35.01,0.88,0.87,91.68
2019-01-09,VINH,18.737,105.671,5.52,18.47,21.8,15.79,17.35,18.79,93.47,12.41,100.79,3.85,359.8,5.28,34.98,0.89,0.88,91.12
2019-01-10,VINH,18.737,105.671,0.24,18.64,21.56,16.46,17.1,19.25,91.07,12.15,100.72,1.9,345.6,8.06,35.08,0.88,0.88,88.56
2019-01-11,VINH,18.737,105.671,0.15,21.52,25.83,18.88,20.22,21.62,92.14,14.78,100.68,2.38,77.5,10.28,34.64,0.87,0.87,86.72
2019-01-12,VINH,18.737,105.671,0.06,21.28,25.37,18.51,19.95,21.12,92.41,14.54,100.67,2.68,70.9,10.51,34.87,0.87,0.87,84.57
2019-01-13,VINH,18.737,105.671,0.07,21.19,25.44,18.5,19.93,21.06,92.17,14.52,100.61,2.58,86.7,10.32,35.13,0.87,0.86,84.62
2019-01-14,VINH,18.737,105.671,0.46,21.57,25.61,19.22,20.04,21.55,91.24,14.63,100.48,2.79,101.2,14.49,33.65,0.86,0.86,64.0
2019-01-15,VINH,18.737,105.671,5.1,20.4,24.86,15.04,18.84,20.54,91.1,13.67,100.69,5.14,49.1,8.16,34.26,0.87,0.86,95.16
2019-01-16,VINH,18.737,105.671,1.8,14.49,18.18,12.11,12.55,15.12,88.58,9.04,101.12,5.22,356.7,5.3,32.7,0.87,0.86,90.8
2019-01-17,VINH,18.737,105.671,0.82,14.86,16.59,12.78,12.95,15.37,88.86,9.26,101.16,3.97,4.5,6.2,32.5,0.86,0.86,92.73
2019-01-18,VINH,18.737,105.671,0.16,17.04,19.57,14.55,15.73,17.35,92.42,11.12,100.86,2.85,11.5,7.97,33.18,0.86,0.86,91.18
2019-01-19,VINH,18.737,105.671,0.07,19.85,24.11,17.32,18.46,19.99,92.07,13.25,100.63,2.31,48.5,10.11,34.46,0.86,0.85,91.25
2019-01-20,VINH,18.737,105.671,1.07,20.2,24.37,16.58,18.56,20.36,90.56,13.33,100.8,3.84,41.9,8.42,35.08,0.85,0.85,89.2
2019-01-21,VINH,18.737,105.671,1.48,15.34,17.64,13.73,13.01,15.81,86.26,9.27,101.29,5.28,6.3,5.31,32.53,0.85,0.85,90.44
2019-01-22,VINH,18.737,105.671,0.63,14.79,17.79,12.64,12.11,14.89,84.26,8.74,101.21,3.12,7.7,6.91,31.99,0.86,0.85,88.1
2019-01-23,VINH,18.737,105.671,0.07,17.19,21.24,14.64,14.51,17.25,84.99,10.26,100.9,2.01,33.9,12.35,32.9,0.85,0.84,82.79
2019-01-24,VINH,18.737,105.671,0.05,18.63,23.83,14.84,16.76,18.78,89.51,11.9,100.73,2.54,136.2,12.9,33.04,0.85,0.84,69.09
2019-01-25,VINH,18.737,105.671,0.02,19.35,24.12,15.97,17.43,19.38,88.46,12.35,101.01,2.68,71.1,16.4,33.18,0.84,0.84,68.68
2019-01-26,VINH,18.737,105.671,0.01,18.44,23.04,14.19,16.68,18.58,89.83,11.78,101.13,3.72,34.0,9.51,32.21,0.84,0.83,67.71
2019-01-27,VINH,18.737,105.671,0.0,18.37,22.83,15.03,16.3,18.31,88.36,11.5,100.97,2.55,25.4,15.92,31.13,0.84,0.83,44.31
2019-01-28,VINH,18.737,105.671,0.04,18.89,23.16,15.92,16.76,18.9,87.83,11.85,100.84,2.15,44.2,15.49,31.83,0.83,0.82,60.11
2019-01-29,VINH,18.737,105.671,0.25,20.15,24.52,17.45,18.73,20.14,91.56,13.45,100.75,3.26,93.2,11.26,33.8,0.83,0.82,79.37
2019-01-30,VINH,18.737,105.671,0.66,20.91,25.45,17.82,19.12,20.48,90.04,13.8,100.67,2.98,123.3,12.37,33.82,0.83,0.82,60.34
2019-01-31,VINH,18.737,105.671,0.0,20.99,25.41,17.79,19.26,21.08,89.99,13.88,100.9,2.47,82.0,16.08,33.58,0.82,0.81,70.18
2019-02-01,VINH,18.737,105.671,0.0,19.62,23.6,16.78,17.66,19.63,88.91,12.57,100.83,2.89,48.3,8.32,33.7,0.82,0.81,85.52
2019-02-02,VINH,18.737,105.671,0.0,20.86,25.78,17.88,18.72,21.09,88.36,13.48,100.48,2.43,131.8,16.44,33.69,0.82,0.81,57.49
2019-02-03,VINH,18.737,105.671,0.0,22.62,28.13,19.59,20.07,22.39,86.78,14.65,100.54,1.81,92.7,17.69,34.41,0.81,0.8,55.62
2019-02-04,VINH,18.737,105.671,0.0,22.51,26.92,19.36,20.58,22.4,89.47,15.14,100.53,2.29,115.5,13.36,34.85,0.81,0.8,64.41
2019-02-05,VINH,18.737,105.671,1.08,23.33,29.0,20.0,20.74,23.21,86.48,15.33,100.32,1.87,128.1,18.35,34.31,0.8,0.79,45.44
2019-02-06,VINH,18.737,105.671,0.35,24.56,30.43,20.17,21.23,24.4,83.14,15.86,100.09,2.13,153.6,16.33,35.28,0.8,0.79,49.6
2019-02-07,VINH,18.737,105.671,0.02,24.64,31.83,18.9,18.59,23.62,70.76,13.6,100.15,2.17,248.1,16.63,34.95,0.79,0.78,48.33
2019-02-08,VINH,18.737,105.671,0.01,24.86,32.54,18.58,16.71,23.62,63.54,11.98,100.08,2.22,243.7,20.68,32.37,0.78,0.77,23.36
2019-02-09,VINH,18.737,105.671,0.16,24.83,32.31,20.73,19.76,24.6,78.12,14.54,100.31,1.8,102.2,18.79,34.71,0.78,0.77,46.23
2019-02-10,VINH,18.737,105.671,0.58,23.39,27.84,20.6,21.64,23.71,90.49,16.13,100.74,2.87,98.7,10.48,36.57,0.78,0.77,87.09
2019-02-11,VINH,18.737,105.671,2.1,22.11,26.42,18.96,20.34,22.16,90.28,14.87,101.0,4.14,80.4,7.17,35.08,0.79,0.77,78.68
2019-02-12,VINH,18.737,105.671,0.13,22.3,26.66,19.66,19.87,22.33,87.16,14.4,101.02,2.81,104.0,12.12,34.49,0.78,0.76,71.95
2019-02-13,VINH,18.737,105.671,0.0,22.19,27.16,18.2,19.56,22.39,85.96,14.18,100.75,2.89,127.3,16.11,33.37,0.77,0.76,45.68
2019-02-14,VINH,18.737,105.671,0.02,22.39,26.99,19.68,19.32,22.48,84.35,13.97,100.64,2.79,123.5,18.67,32.74,0.76,0.75,31.84
2019-02-15,VINH,18.737,105.671,0.03,23.27,27.84,20.15,20.68,23.41,86.34,15.22,100.58,2.78,126.1,14.32,34.75,0.76,0.75,75.26
2019-02-16,VINH,18.737,105.671,0.75,24.19,29.75,20.74,21.47,24.52,86.15,16.02,100.32,2.51,115.1,15.63,35.53,0.75,0.74,78.37
2019-02-17,VINH,18.737,105.671,12.09,24.91,30.2,21.28,21.64,24.8,83.41,16.24,100.07,2.18,152.9,4.95,35.79,0.81,0.75,88.56
2019-02-18,VINH,18.737,105.671,0.3,25.02,30.73,20.92,20.52,24.65,77.41,15.18,100.03,1.91,219.1,17.68,32.87,0.77,0.75,12.56
2019-02-19,VINH,18.737,105.671,0.06,26.57,32.31,22.25,20.73,25.9,72.36,15.33,100.28,1.45,182.7,19.34,34.19,0.75,0.74,20.78
2019-02-20,VINH,18.737,105.671,0.03,26.57,32.37,21.78,21.54,26.34,76.13,16.12,100.38,1.81,137.9,17.92,35.96,0.74,0.74,39.87
2019-02-21,VINH,18.737,105.671,0.7,25.84,31.58,22.13,22.28,26.05,82.7,16.83,100.37,2.32,69.2,17.72,36.1,0.74,0.73,51.86
2019-02-22,VINH,18.737,105.671,1.09,22.47,25.14,20.81,20.81,22.83,90.65,15.37,100.36,3.38,65.9,6.82,36.84,0.75,0.73,89.09
2019-02-23,VINH,18.737,105.671,2.28,23.61,29.65,18.2,21.08,24.3,86.7,15.72,100.28,3.97,45.4,7.95,37.57,0.74,0.73,90.87
2019-02-24,VINH,18.737,105.671,1.09,18.89,21.78,17.35,16.65,19.67,87.23,11.81,100.52,2.99,33.0,5.92,35.58,0.74,0.73,92.98
2019-02-25,VINH,18.737,105.671,1.43,20.0,23.62,18.01,18.07,20.68,89.19,12.93,100.53,2.92,29.9,6.86,35.78,0.74,0.73,95.48
2019-02-26,VINH,18.737,105.671,0.86,21.88,25.42,19.68,20.47,22.1,91.94,15.06,100.35,2.28,56.7,8.33,35.32,0.74,0.73,88.39
2019-02-27,VINH,18.737,105.671,0.03,23.21,26.86,21.35,21.33,23.11,89.62,15.9,100.21,1.81,102.6,9.46,36.08,0.74,0.72,85.96
2019-02-28,VINH,18.737,105.671,0.06,23.71,28.22,20.35,21.18,24.17,86.59,15.75,100.18,2.71,115.5,11.34,35.91,0.73,0.72,79.06
2019-03-01,VINH,18.737,105.671,0.45,24.56,30.42,21.63,21.63,24.93,84.97,16.21,100.08,2.67,125.0,13.24,36.3,0.72,0.71,76.22
2019-03-02,VINH,18.737,105.671,3.9,26.19,32.03,22.12,22.33,26.25,80.93,16.99,99.79,1.65,143.7,13.53,36.68,0.74,0.72,55.31
2019-03-03,VINH,18.737,105.671,4.02,25.43,30.83,22.45,22.57,25.91,85.47,17.2,99.9,2.54,67.8,10.44,37.58,0.73,0.71,88.75
2019-03-04,VINH,18.737,105.671,13.0,25.55,30.86,22.02,22.72,25.6,85.39,17.41,99.72,2.84,146.0,9.83,36.81,0.78,0.72,70.26
2019-03-05,VINH,18.737,105.671,0.83,27.41,33.82,23.02,21.9,26.66,73.5,16.56,99.8,2.77,228.3,19.98,34.88,0.74,0.72,20.25
2019-03-06,VINH,18.737,105.671,0.56,25.44,33.02,20.61,21.29,25.93,80.32,15.89,100.13,3.13,25.4,17.1,37.0,0.72,0.71,68.68
2019-03-07,VINH,18.737,105.671,0.77,22.37,27.45,19.18,20.08,23.28,87.6,14.71,100.32,3.24,40.5,9.16,36.4,0.72,0.71,82.12
2019-03-08,VINH,18.737,105.671,0.47,23.43,28.8,20.54,20.76,24.05,86.01,15.37,100.13,2.07,57.6,11.97,36.52,0.71,0.71,77.45
2019-03-09,VINH,18.737,105.671,1.44,26.46,33.58,21.53,22.1,26.75,79.77,16.73,99.93,2.1,60.2,12.93,36.21,0.71,0.7,69.85
2019-03-10,VINH,18.737,105.671,0.99,20.79,24.76,18.11,18.24,21.75,85.84,13.09,100.34,3.5,29.3,9.88,36.33,0.71,0.7,81.35
2019-03-11,VINH,18.737,105.671,0.12,21.26,26.39,18.34,18.21,22.15,83.55,13.04,100.44,2.82,42.7,11.05,36.13,0.7,0.7,84.11
2019-03-12,VINH,18.737,105.671,0.05,22.09,27.06,18.77,18.55,22.71,81.89,13.34,100.37,2.3,57.0,14.04,36.48,0.69,0.69,81.09
2019-03-13,VINH,18.737,105.671,0.12,24.72,30.33,21.38,22.09,25.27,86.08,16.66,100.33,2.73,96.9,13.22,37.27,0.69,0.69,80.65
2019-03-14,VINH,18.737,105.671,2.99,24.97,29.52,22.05,22.72,25.52,88.27,17.26,100.55,3.04,76.6,13.97,36.52,0.69,0.68,77.37
2019-03-15,VINH,18.737,105.671,5.65,20.85,24.03,18.45,18.95,21.45,89.15,13.65,100.87,4.6,23.0,7.11,35.91,0.73,0.69,90.96
2019-03-16,VINH,18.737,105.671,0.95,22.53,26.43,20.0,20.55,23.18,89.29,15.09,100.66,2.62,60.1,9.74,36.38,0.7,0.69,86.67
2019-03-17,VINH,18.737,105.671,0.19,24.15,29.47,20.72,21.73,24.62,87.07,16.24,100.47,3.08,103.0,10.13,37.3,0.69,0.69,83.74
2019-03-18,VINH,18.737,105.671,0.33,24.31,29.19,21.06,21.79,24.9,86.91,16.34,100.31,2.81,105.8,9.12,36.43,0.68,0.68,82.29
2019-03-19,VINH,18.737,105.671,0.59,25.73,32.33,21.87,22.33,25.92,83.39,16.94,100.01,2.61,131.0,13.07,35.83,0.68,0.68,68.57
2019-03-20,VINH,18.737,105.671,1.38,27.67,33.8,23.18,22.74,27.45,76.49,17.41,99.87,1.48,177.8,17.04,36.14,0.68,0.67,41.83
2019-03-21,VINH,18.737,105.671,0.1,28.96,36.13,23.11,21.79,28.17,67.95,16.46,99.77,2.03,243.5,19.32,36.11,0.66,0.67,33.12
2019-03-22,VINH,18.737,105.671,0.09,28.83,36.56,22.53,21.44,28.44,68.98,16.15,99.84,1.13,85.9,19.51,37.04,0.65,0.66,55.94
2019-03-23,VINH,18.737,105.671,7.72,22.16,28.83,18.61,19.64,22.74,85.95,14.4,100.46,4.96,30.0,9.76,36.1,0.69,0.66,92.5
2019-03-24,VINH,18.737,105.671,2.12,19.54,21.88,17.89,17.07,20.38,86.19,12.13,100.53,2.67,13.3,7.54,35.04,0.69,0.67,87.49
2019-03-25,VINH,18.737,105.671,0.99,21.89,25.48,19.72,19.67,22.6,87.82,14.29,100.55,2.65,41.3,10.22,34.91,0.68,0.67,83.48
2019-03-26,VINH,18.737,105.671,0.11,23.69,28.19,20.07,21.3,24.0,87.39,15.82,100.51,2.44,107.6,12.89,36.12,0.66,0.66,82.42
2019-03-27,VINH,18.737,105.671,0.06,25.75,31.4,22.25,22.13,26.31,82.2,16.69,100.28,2.51,110.4,14.48,36.89,0.65,0.66,83.51
2019-03-28,VINH,18.737,105.671,0.03,27.09,32.0,23.14,22.74,26.86,78.54,17.39,99.88,1.14,195.0,20.1,36.39,0.64,0.65,67.87
2019-03-29,VINH,18.737,105.671,0.04,26.8,31.61,23.32,23.13,26.78,82.05,17.82,99.86,1.56,36.9,14.52,37.24,0.64,0.65,73.19
2019-03-30,VINH,18.737,105.671,0.05,26.94,32.55,23.1,23.21,27.35,81.88,17.89,99.98,2.08,81.2,15.97,36.88,0.63,0.65,83.73
2019-03-31,VINH,18.737,105.671,0.05,27.53,33.17,23.46,23.32,28.05,79.98,17.98,100.16,1.99,100.4,15.6,36.53,0.62,0.64,77.88
2019-04-01,VINH,18.737,105.671,21.91,25.59,30.1,22.69,23.11,26.15,87.03,17.7,100.43,3.96,73.6,13.61,36.36,0.72,0.65,93.72
2019-04-02,VINH,18.737,105.671,3.44,24.83,28.59,22.32,22.38,25.1,87.05,16.94,100.37,2.35,108.6,14.64,36.33,0.71,0.68,83.3
2019-04-03,VINH,18.737,105.671,2.49,25.93,30.38,23.09,22.91,26.36,84.65,17.49,100.36,2.57,101.3,16.26,36.01,0.68,0.67,90.71
2019-04-04,VINH,18.737,105.671,3.27,26.14,30.44,23.48,23.4,26.82,86.02,18.04,100.29,2.47,92.8,16.7,36.14,0.68,0.67,74.2
2019-04-05,VINH,18.737,105.671,1.6,25.47,29.46,22.94,23.22,26.0,88.16,17.84,100.31,2.95,86.2,15.06,35.78,0.67,0.67,89.65
2019-04-06,VINH,18.737,105.671,0.11,26.98,31.8,24.01,23.33,27.46,81.8,18.0,100.08,1.98,120.2,15.76,35.97,0.65,0.66,74.87
2019-04-07,VINH,18.737,105.671,0.03,28.04,33.34,24.64,23.48,28.49,78.29,18.2,99.99,1.98,120.4,15.85,37.42,0.64,0.65,89.59
2019-04-08,VINH,18.737,105.671,0.08,28.34,33.28,24.46,23.08,28.09,74.4,17.82,99.77,2.06,205.6,15.19,36.58,0.63,0.65,70.52
2019-04-09,VINH,18.737,105.671,0.04,30.68,37.47,25.58,22.74,30.41,65.55,17.47,99.76,1.85,208.2,23.29,36.58,0.61,0.64,29.87
2019-04-10,VINH,18.737,105.671,0.5,31.38,38.05,25.49,23.07,31.1,64.54,17.85,99.67,1.7,213.2,22.15,36.6,0.6,0.63,41.04
2019-04-11,VINH,18.737,105.671,0.72,31.49,38.03,25.71,23.81,31.27,66.97,18.67,99.6,1.56,207.5,22.2,37.67,0.6,0.63,44.68
2019-04-12,VINH,18.737,105.671,0.32,30.26,36.53,25.25,24.39,30.92,73.87,19.3,99.72,1.49,122.5,17.53,37.93,0.59,0.62,73.93
2019-04-13,VINH,18.737,105.671,0.53,30.23,36.25,26.23,24.79,30.77,75.33,19.76,99.85,1.79,125.5,15.76,37.48,0.59,0.62,70.04
2019-04-14,VINH,18.737,105.671,0.98,29.09,33.84,25.66,25.11,29.53,80.64,20.08,99.97,1.78,108.4,10.51,37.36,0.6,0.62,98.44
2019-04-15,VINH,18.737,105.671,1.88,26.4,30.66,24.13,24.36,26.84,89.05,19.18,100.05,3.28,66.1,12.6,36.66,0.61,0.62,81.49
2019-04-16,VINH,18.737,105.671,0.28,27.68,31.76,24.89,24.63,28.34,84.63,19.49,100.05,2.51,55.4,17.33,36.75,0.6,0.62,92.52
2019-04-17,VINH,18.737,105.671,0.14,29.0,33.47,25.49,24.66,29.57,78.64,19.61,99.77,2.03,152.9,12.23,37.32,0.59,0.62,91.0
2019-04-18,VINH,18.737,105.671,0.02,31.83,38.96,26.53,23.34,31.78,63.54,18.17,99.4,4.11,229.1,22.12,36.14,0.57,0.61,15.1
2019-04-19,VINH,18.737,105.671,0.03,32.74,39.73,27.5,22.95,32.63,58.81,17.78,99.28,5.0,232.9,23.14,36.58,0.56,0.61,24.52
2019-04-20,VINH,18.737,105.671,0.03,33.43,40.53,27.39,23.01,33.15,57.19,17.89,99.21,3.72,226.8,24.06,36.3,0.55,0.6,13.31
2019-04-21,VINH,18.737,105.671,8.17,33.43,40.52,27.79,23.98,33.51,62.08,19.03,99.38,2.32,209.8,22.47,37.03,0.59,0.6,63.52
2019-04-22,VINH,18.737,105.671,5.87,31.81,38.28,26.8,24.43,32.41,68.47,19.46,99.6,2.06,179.6,21.39,36.35,0.63,0.61,67.8
2019-04-23,VINH,18.737,105.671,1.47,30.94,36.96,25.87,23.86,31.32,68.72,18.74,99.78,1.74,215.9,23.32,36.64,0.59,0.61,48.97
2019-04-24,VINH,18.737,105.671,0.29,32.35,39.63,26.55,23.1,32.82,62.47,17.96,99.65,1.5,194.6,26.82,35.62,0.56,0.61,3.08
2019-04-25,VINH,18.737,105.671,3.27,32.06,39.48,26.35,23.59,32.77,65.44,18.51,99.63,1.53,131.3,22.24,38.63,0.58,0.6,68.43
2019-04-26,VINH,18.737,105.671,2.15,30.68,36.8,26.39,24.29,31.71,72.05,19.22,99.7,2.23,113.1,22.76,36.49,0.58,0.6,68.21
2019-04-27,VINH,18.737,105.671,0.81,29.81,35.13,25.96,24.05,30.28,73.42,18.9,99.77,2.03,154.0,21.53,36.74,0.58,0.6,52.02
2019-04-28,VINH,18.737,105.671,0.82,30.91,37.34,26.07,23.77,31.26,68.51,18.59,99.79,2.2,211.4,14.76,36.13,0.57,0.6,50.55
2019-04-29,VINH,18.737,105.671,0.57,32.03,38.92,26.2,23.05,32.35,62.17,17.83,99.7,2.03,226.6,24.9,35.53,0.55,0.59,5.99
2019-04-30,VINH,18.737,105.671,32.12,31.65,37.7,26.1,24.1,31.38,67.64,19.03,99.67,2.22,261.3,22.22,37.12,0.72,0.63,76.99
2019-05-01,VINH,18.737,105.671,3.26,26.26,29.5,23.55,22.93,27.0,82.53,17.6,99.95,2.95,58.9,12.14,36.64,0.65,0.64,71.87
2019-05-02,VINH,18.737,105.671,0.55,27.59,33.49,24.54,23.34,28.49,79.37,18.03,99.98,2.49,70.8,11.33,37.38,0.61,0.63,74.79
2019-05-03,VINH,18.737,105.671,1.6,27.83,32.07,25.33,24.64,28.71,83.85,19.5,100.03,2.91,75.7,10.82,37.91,0.6,0.62,81.84
2019-05-04,VINH,18.737,105.671,0.19,30.07,36.05,25.69,24.07,30.39,72.34,18.91,99.72,1.86,210.3,12.75,37.12,0.59,0.62,90.23
2019-05-05,VINH,18.737,105.671,0.43,31.59,37.36,27.28,24.18,31.53,66.73,19.1,99.41,3.68,229.5,20.73,37.21,0.57,0.61,94.38
2019-05-06,VINH,18.737,105.671,4.94,30.49,35.54,26.94,25.28,30.42,75.7,20.43,99.39,3.36,226.9,19.42,37.41,0.6,0.61,97.46
2019-05-07,VINH,18.737,105.671,0.69,30.7,35.98,26.91,24.9,31.34,73.78,20.0,99.44,1.08,143.9,14.06,37.59,0.59,0.61,98.49
2019-05-08,VINH,18.737,105.671,11.71,29.93,34.37,26.38,25.25,30.17,77.8,20.38,99.47,1.19,186.7,14.33,37.15,0.62,0.61,93.83
2019-05-09,VINH,18.737,105.671,46.25,26.15,29.29,24.17,23.73,26.9,87.14,18.52,99.71,4.19,23.0,12.34,37.78,0.77,0.65,93.57
2019-05-10,VINH,18.737,105.671,7.47,25.84,28.26,24.42,23.92,26.32,89.35,18.67,99.97,3.45,32.7,8.88,37.41,0.76,0.7,83.88
2019-05-11,VINH,18.737,105.671,0.41,27.28,30.68,24.92,24.73,27.87,86.59,19.62,99.91,2.52,89.5,13.08,37.55,0.68,0.68,78.22
2019-05-12,VINH,18.737,105.671,0.31,28.65,32.76,26.0,24.94,29.18,81.57,19.91,99.78,2.46,118.7,19.21,37.22,0.66,0.66,69.4
2019-05-13,VINH,18.737,105.671,15.82,28.68,31.54,26.57,25.52,28.77,83.7,20.64,99.68,2.06,129.6,18.64,37.38,0.71,0.66,97.71
2019-05-14,VINH,18.737,105.671,20.63,28.17,30.85,25.32,25.28,28.02,84.72,20.35,99.63,1.77,161.2,15.61,37.28,0.81,0.7,89.52
2019-05-15,VINH,18.737,105.671,11.83,28.98,33.17,25.68,25.33,28.72,81.49,20.44,99.6,2.91,214.1,21.05,37.02,0.77,0.71,57.86
2019-05-16,VINH,18.737,105.671,0.03,29.77,34.04,26.67,25.07,29.42,76.6,20.15,99.48,3.78,224.8,24.13,37.03,0.7,0.69,43.28
2019-05-17,VINH,18.737,105.671,0.0,30.03,34.53,26.46,24.56,29.7,73.27,19.58,99.32,4.53,228.5,24.98,36.7,0.68,0.68,19.66
2019-05-18,VINH,18.737,105.671,0.0,30.43,35.12,26.81,24.38,30.08,70.95,19.38,99.29,4.78,226.6,24.64,36.48,0.65,0.66,18.53
2019-05-19,VINH,18.737,105.671,0.0,31.24,36.59,27.36,24.3,30.83,67.78,19.27,99.46,4.65,228.7,25.13,36.79,0.63,0.65,18.23
2019-05-20,VINH,18.737,105.671,23.44,31.17,37.27,24.83,25.53,31.21,74.8,20.7,99.66,3.46,301.1,23.42,37.65,0.71,0.66,66.21
2019-05-21,VINH,18.737,105.671,5.18,26.31,28.39,24.89,23.92,26.67,86.89,18.7,99.88,2.25,19.9,4.42,37.41,0.74,0.69,88.59
2019-05-22,VINH,18.737,105.671,4.26,27.9,31.19,26.24,25.16,28.05,85.46,20.15,99.89,1.5,79.6,14.0,37.0,0.72,0.69,97.77
2019-05-23,VINH,18.737,105.671,7.42,28.64,32.08,25.45,25.08,28.84,82.14,20.09,99.84,1.72,146.5,20.47,37.22,0.74,0.69,87.79
2019-05-24,VINH,18.737,105.671,4.6,28.71,32.78,25.2,24.9,28.7,80.78,19.9,99.61,2.49,217.4,18.67,36.82,0.73,0.69,81.34
2019-05-25,VINH,18.737,105.671,5.5,28.82,32.01,26.29,25.33,28.63,81.99,20.47,99.41,2.72,210.3,22.42,37.48,0.73,0.69,88.65
2019-05-26,VINH,18.737,105.671,1.03,29.38,32.94,26.26,25.5,29.09,80.19,20.7,99.37,3.68,221.3,21.99,36.82,0.7,0.69,95.75
2019-05-27,VINH,18.737,105.671,4.2,29.79,34.54,26.06,25.37,29.69,78.53,20.51,99.45,2.6,219.3,18.36,37.29,0.7,0.68,98.01
2019-05-28,VINH,18.737,105.671,11.81,28.97,32.28,26.07,25.36,28.9,81.73,20.46,99.62,1.55,193.6,13.89,37.32,0.76,0.7,99.4
2019-05-29,VINH,18.737,105.671,1.2,28.0,31.96,24.67,24.46,28.2,82.03,19.36,99.7,1.95,172.9,15.52,36.5,0.71,0.69,98.6
2019-05-30,VINH,18.737,105.671,2.24,28.82,32.9,26.15,25.37,29.04,82.75,20.47,99.68,2.29,153.7,14.75,37.01,0.71,0.69,99.38
2019-05-31,VINH,18.737,105.671,3.19,27.8,30.66,25.16,24.59,27.65,83.31,19.53,99.64,2.36,193.9,12.61,37.34,0.71,0.69,99.5
2019-06-01,VINH,18.737,105.671,1.81,27.74,31.3,24.94,24.91,27.84,85.11,19.91,99.64,2.05,218.7,14.7,37.36,0.7,0.69,98.79
2019-06-02,VINH,18.737,105.671,4.24,27.99,30.99,25.19,24.92,28.24,84.0,19.9,99.69,2.15,95.8,14.0,37.01,0.71,0.69,91.59
2019-06-03,VINH,18.737,105.671,1.94,29.89,34.43,26.45,25.43,29.81,78.21,20.54,99.62,2.66,222.9,13.9,37.04,0.69,0.68,97.0
2019-06-04,VINH,18.737,105.671,1.33,29.43,33.41,26.36,25.39,29.44,79.78,20.5,99.59,2.3,207.9,16.22,37.36,0.68,0.67,95.0
2019-06-05,VINH,18.737,105.671,0.17,30.42,34.84,26.86,25.69,30.47,77.11,20.88,99.62,1.85,212.7,20.53,37.03,0.66,0.67,86.01
2019-06-06,VINH,18.737,105.671,0.04,30.3,33.92,27.22,25.6,30.26,77.03,20.74,99.78,2.03,194.6,21.54,37.04,0.65,0.66,89.6
2019-06-07,VINH,18.737,105.671,0.04,30.28,34.57,26.49,25.12,30.33,75.24,20.15,99.76,2.14,201.9,21.23,36.78,0.64,0.66,72.13
2019-06-08,VINH,18.737,105.671,0.04,30.5,35.03,26.96,25.25,30.56,75.13,20.34,99.57,2.04,218.3,23.28,37.51,0.63,0.65,91.19
2019-06-09,VINH,18.737,105.671,0.01,29.17,31.65,27.01,24.49,29.04,76.39,19.46,99.36,3.13,235.9,22.97,38.04,0.64,0.65,61.91
2019-06-10,VINH,18.737,105.671,0.16,31.14,35.61,27.88,24.89,30.99,70.32,19.99,99.2,4.59,229.4,23.65,37.85,0.62,0.64,93.09
2019-06-11,VINH,18.737,105.671,1.04,30.66,34.53,27.84,25.3,30.54,73.99,20.46,99.29,3.89,231.9,22.47,37.26,0.62,0.64,98.33
2019-06-12,VINH,18.737,105.671,1.7,29.79,33.02,27.58,25.49,29.55,78.11,20.68,99.32,4.38,223.4,22.72,37.88,0.63,0.64,92.41
2019-06-13,VINH,18.737,105.671,1.66,29.84,34.58,26.68,25.39,29.7,78.17,20.56,99.35,3.66,232.0,19.43,37.85,0.62,0.64,97.98
2019-06-14,VINH,18.737,105.671,1.19,29.83,33.36,27.29,25.65,29.6,79.03,20.89,99.33,3.26,231.5,13.79,37.72,0.62,0.64,99.63
2019-06-15,VINH,18.737,105.671,1.66,29.92,33.63,27.37,24.73,29.59,74.19,19.79,99.26,5.02,230.4,19.04,37.48,0.62,0.64,99.36
2019-06-16,VINH,18.737,105.671,1.92,29.86,34.22,26.53,24.75,29.67,75.32,19.81,99.29,4.08,231.7,20.91,37.08,0.62,0.63,98.16
2019-06-17,VINH,18.737,105.671,4.0,29.86,33.85,26.88,25.65,29.78,79.28,20.87,99.43,2.56,228.7,22.51,37.56,0.63,0.64,87.96
2019-06-18,VINH,18.737,105.671,5.75,29.59,32.98,26.39,25.35,29.66,78.98,20.48,99.51,1.95,222.2,17.74,37.37,0.66,0.64,98.22
2019-06-19,VINH,18.737,105.671,0.89,30.49,35.0,26.65,24.99,30.67,73.94,20.04,99.47,2.18,225.9,20.72,37.53,0.63,0.64,77.23
2019-06-20,VINH,18.737,105.671,0.06,30.81,35.51,27.06,25.27,30.92,73.88,20.41,99.44,2.78,219.6,24.8,37.72,0.61,0.63,54.22
2019-06-21,VINH,18.737,105.671,0.02,31.32,36.7,27.27,25.26,31.36,72.06,20.42,99.34,3.24,224.5,26.84,37.52,0.6,0.63,25.78
2019-06-22,VINH,18.737,105.671,0.04,32.4,38.08,28.32,25.43,32.4,68.46,20.65,99.23,3.2,221.5,26.13,37.93,0.59,0.62,61.41
2019-06-23,VINH,18.737,105.671,0.19,31.72,36.78,27.79,25.16,31.76,70.05,20.3,99.33,3.34,224.9,22.09,37.91,0.58,0.62,96.54
2019-06-24,VINH,18.737,105.671,0.08,29.89,33.64,26.76,24.95,29.81,75.74,19.99,99.51,3.22,224.5,17.67,37.8,0.59,0.61,97.16
2019-06-25,VINH,18.737,105.671,2.4,30.2,34.93,26.68,24.81,30.33,74.31,19.83,99.48,3.64,226.8,22.98,37.64,0.59,0.61,80.92
2019-06-26,VINH,18.737,105.671,0.78,30.97,35.17,28.12,24.34,31.01,68.98,19.35,99.17,5.64,232.6,20.68,38.09,0.58,0.61,84.45
2019-06-27,VINH,18.737,105.671,0.61,30.6,34.38,28.23,24.1,30.48,68.92,19.11,98.99,5.35,233.8,21.62,37.84,0.58,0.61,87.53
2019-06-28,VINH,18.737,105.671,0.04,31.53,36.08,28.68,23.32,31.72,62.97,18.23,98.98,6.37,236.0,24.48,38.29,0.56,0.6,46.5
2019-06-29,VINH,18.737,105.671,2.69,31.99,37.58,27.0,23.62,32.41,63.27,18.54,99.1,5.48,241.0,24.91,37.73,0.56,0.6,67.54
2019-06-30,VINH,18.737,105.671,11.37,28.84,33.44,25.61,24.63,28.96,79.22,19.65,99.26,3.05,240.9,22.27,37.71,0.64,0.61,83.46
2019-07-01,VINH,18.737,105.671,24.79,28.57,32.12,25.73,24.4,28.55,79.01,19.39,99.22,3.34,244.7,11.49,37.56,0.71,0.63,99.22
2019-07-02,VINH,18.737,105.671,74.51,27.97,30.29,26.14,25.53,28.26,87.11,20.78,99.17,2.21,323.4,7.23,37.36,0.78,0.67,99.6
2019-07-03,VINH,18.737,105.671,64.92,27.19,30.13,24.68,25.02,27.13,88.08,20.25,98.94,4.39,243.0,1.7,36.92,0.95,0.77,99.09
2019-07-04,VINH,18.737,105.671,5.18,28.29,32.25,25.54,24.74,27.95,81.6,19.83,99.14,4.47,211.7,18.09,36.66,0.82,0.78,90.65
2019-07-05,VINH,18.737,105.671,0.04,29.34,33.67,26.36,24.9,29.01,77.71,19.98,99.27,4.1,228.0,22.44,36.47,0.76,0.75,83.92
2019-07-06,VINH,18.737,105.671,0.06,29.41,33.19,26.45,24.93,28.99,77.47,20.02,99.23,4.35,235.2,24.07,36.71,0.73,0.72,72.33
2019-07-07,VINH,18.737,105.671,0.08,29.23,33.4,26.27,24.53,28.86,76.4,19.55,99.3,4.83,229.0,20.04,36.99,0.71,0.7,98.18
2019-07-08,VINH,18.737,105.671,0.37,29.48,33.69,27.02,24.47,29.1,74.86,19.47,99.34,5.51,233.4,23.08,37.49,0.7,0.69,89.98
2019-07-09,VINH,18.737,105.671,0.79,29.35,33.48,26.36,24.87,29.06,77.46,19.94,99.33,4.13,235.8,16.07,37.4,0.69,0.68,99.2
2019-07-10,VINH,18.737,105.671,1.09,28.74,32.47,25.97,24.3,28.43,77.4,19.23,99.45,3.98,233.5,17.97,37.65,0.69,0.68,99.09
2019-07-11,VINH,18.737,105.671,0.15,29.33,33.63,26.39,24.62,29.15,76.52,19.57,99.65,4.14,229.0,15.3,37.6,0.67,0.67,98.86
2019-07-12,VINH,18.737,105.671,0.13,29.56,33.3,27.01,24.72,29.26,75.84,19.71,99.53,3.99,227.7,22.74,38.11,0.66,0.67,94.03
2019-07-13,VINH,18.737,105.671,1.03,29.59,32.9,27.55,24.77,29.18,75.7,19.81,99.35,4.37,232.9,20.98,37.42,0.66,0.66,98.14
2019-07-14,VINH,18.737,105.671,0.79,29.37,32.98,26.68,25.16,29.06,78.82,20.29,99.27,3.26,241.7,17.0,37.64,0.66,0.66,98.18
2019-07-15,VINH,18.737,105.671,0.93,29.53,33.59,26.48,25.27,29.47,78.75,20.41,99.29,2.5,230.3,23.28,36.94,0.66,0.66,91.61
2019-07-16,VINH,18.737,105.671,0.16,30.17,33.77,27.19,25.33,29.98,76.33,20.5,99.31,2.01,226.8,23.6,37.77,0.65,0.66,91.19
2019-07-17,VINH,18.737,105.671,0.1,30.62,34.46,26.85,24.93,30.85,73.11,20.03,99.22,1.92,182.3,21.92,37.45,0.64,0.65,99.01
2019-07-18,VINH,18.737,105.671,0.06,31.33,36.39,27.35,24.98,31.38,70.16,20.11,99.12,3.77,230.8,22.86,37.25,0.62,0.65,97.16
2019-07-19,VINH,18.737,105.671,1.64,31.0,35.63,27.66,25.43,30.85,73.38,20.65,99.2,4.3,230.2,24.66,37.15,0.63,0.64,72.05
2019-07-20,VINH,18.737,105.671,5.61,29.01,31.06,26.96,26.06,28.79,84.38,21.37,99.45,2.56,231.9,22.69,36.97,0.67,0.65,88.73
2019-07-21,VINH,18.737,105.671,1.45,30.2,34.83,26.55,25.29,30.06,76.22,20.42,99.43,3.37,231.3,24.13,36.46,0.64,0.65,74.42
2019-07-22,VINH,18.737,105.671,5.75,28.62,32.36,25.64,24.7,28.39,80.05,19.71,99.4,4.35,231.7,18.86,37.12,0.66,0.65,96.87
2019-07-23,VINH,18.737,105.671,1.76,28.21,31.97,25.81,24.16,28.14,79.44,19.08,99.36,3.92,230.7,13.36,37.05,0.65,0.65,99.53
2019-07-24,VINH,18.737,105.671,4.93,28.29,32.94,25.28,24.0,28.28,78.73,18.88,99.46,3.82,230.4,16.3,37.4,0.66,0.65,98.51
2019-07-25,VINH,18.737,105.671,2.07,29.14,33.98,25.59,24.01,29.32,75.19,18.87,99.58,3.08,234.5,15.83,36.27,0.65,0.65,99.08
2019-07-26,VINH,18.737,105.671,1.06,28.98,33.33,25.97,23.86,29.01,74.98,18.71,99.53,3.72,238.8,20.47,37.16,0.63,0.64,72.9
2019-07-27,VINH,18.737,105.671,0.62,30.56,34.88,26.85,24.77,30.83,72.75,19.81,99.46,2.21,245.9,23.13,37.14,0.62,0.64,71.53
2019-07-28,VINH,18.737,105.671,0.38,29.5,33.12,26.45,24.19,29.53,73.94,19.1,99.49,3.04,247.6,22.11,37.24,0.61,0.64,86.21
2019-07-29,VINH,18.737,105.671,1.02,30.21,34.91,26.13,24.4,30.34,72.41,19.37,99.44,3.17,245.4,22.11,37.26,0.61,0.63,77.15
2019-07-30,VINH,18.737,105.671,18.85,29.07,33.55,26.14,24.5,29.33,78.19,19.52,99.32,2.58,288.1,18.52,37.39,0.68,0.64,97.74
2019-07-31,VINH,18.737,105.671,23.34,27.38,29.58,25.56,25.41,27.37,89.14,20.6,99.29,3.07,320.9,5.83,36.48,0.8,0.69,98.77
2019-08-01,VINH,18.737,105.671,9.79,28.45,32.03,25.22,24.47,28.28,79.71,19.51,99.08,3.92,264.5,16.08,37.15,0.75,0.69,99.59
2019-08-02,VINH,18.737,105.671,15.13,27.7,29.84,26.3,23.86,27.19,79.68,18.85,98.86,6.56,237.9,13.65,36.54,0.78,0.7,99.59
2019-08-03,VINH,18.737,105.671,3.77,27.82,30.55,26.36,23.35,27.4,76.96,18.31,98.61,7.26,231.4,10.56,36.24,0.72,0.7,99.48
2019-08-04,VINH,18.737,105.671,1.08,28.63,32.21,25.49,24.28,28.37,78.12,19.29,99.03,2.84,219.5,14.27,36.94,0.7,0.68,99.12
2019-08-05,VINH,18.737,105.671,1.15,28.59,31.49,25.91,24.14,28.46,77.37,19.04,99.34,1.34,261.0,17.44,36.89,0.69,0.68,92.37
2019-08-06,VINH,18.737,105.671,1.3,30.01,33.77,26.7,24.98,29.96,75.35,20.09,99.29,2.15,258.9,19.97,37.63,0.68,0.67,74.37
2019-08-07,VINH,18.737,105.671,0.63,30.36,34.15,26.71,24.99,30.17,74.23,20.14,99.04,3.25,263.8,21.37,37.57,0.66,0.66,70.9
2019-08-08,VINH,18.737,105.671,14.15,30.78,34.77,26.84,25.95,30.75,76.97,21.35,98.99,1.72,270.9,23.56,37.36,0.7,0.66,64.64
2019-08-09,VINH,18.737,105.671,11.76,28.68,30.29,27.26,26.05,28.47,85.71,21.44,99.03,2.0,284.4,22.19,37.19,0.75,0.69,70.12
2019-08-10,VINH,18.737,105.671,7.59,29.76,33.61,26.25,25.48,29.77,78.97,20.73,99.11,2.29,227.3,19.61,37.63,0.76,0.7,77.81
2019-08-11,VINH,18.737,105.671,1.31,29.81,34.06,26.66,25.59,29.72,78.98,20.86,99.18,3.02,228.7,22.07,37.43,0.71,0.69,68.83
2019-08-12,VINH,18.737,105.671,1.29,29.23,33.17,26.31,25.07,28.99,78.97,20.19,99.27,4.17,238.9,18.53,37.63,0.69,0.68,88.71
2019-08-13,VINH,18.737,105.671,5.02,29.29,33.32,26.9,24.78,29.04,77.25,19.85,99.36,5.59,238.4,13.56,37.75,0.7,0.68,98.33
2019-08-14,VINH,18.737,105.671,1.26,29.48,33.5,26.77,24.61,29.26,75.55,19.63,99.36,5.65,235.1,22.65,37.45,0.67,0.67,65.25
2019-08-15,VINH,18.737,105.671,4.11,28.83,31.88,26.58,25.13,28.57,80.96,20.25,99.26,4.2,231.7,22.83,37.86,0.68,0.67,73.88
2019-08-16,VINH,18.737,105.671,11.55,28.35,30.73,26.38,25.85,28.3,86.57,21.13,99.29,2.89,213.3,8.22,37.13,0.74,0.68,99.84
2019-08-17,VINH,18.737,105.671,1.09,28.59,32.23,26.38,24.51,28.36,79.08,19.48,99.42,3.71,222.8,12.54,36.97,0.69,0.68,99.51
2019-08-18,VINH,18.737,105.671,1.46,29.32,33.32,27.04,24.05,29.0,73.83,18.96,99.46,5.05,238.8,15.17,37.69,0.68,0.68,98.82
2019-08-19,VINH,18.737,105.671,1.52,29.16,32.8,26.54,24.8,29.01,78.1,19.85,99.34,3.68,234.6,18.38,37.3,0.67,0.67,99.4
2019-08-20,VINH,18.737,105.671,7.03,27.15,29.16,25.45,25.29,27.35,89.65,20.43,99.36,2.19,268.3,3.86,37.05,0.71,0.68,98.97
2019-08-21,VINH,18.737,105.671,26.8,29.37,33.1,26.41,25.05,29.18,78.81,20.13,99.44,2.09,232.3,15.98,37.35,0.79,0.7,99.07
2019-08-22,VINH,18.737,105.671,1.72,27.97,31.65,25.41,24.46,27.87,81.72,19.38,99.6,2.63,235.3,11.97,36.68,0.75,0.71,99.65
2019-08-23,VINH,18.737,105.671,14.42,28.11,32.1,25.56,24.74,28.41,82.92,19.68,99.68,2.61,27.2,8.68,37.0,0.77,0.71,99.5
2019-08-24,VINH,18.737,105.671,19.71,26.93,28.98,24.83,24.61,26.85,87.15,19.57,99.55,2.64,0.1,8.04,36.65,0.82,0.73,98.5
2019-08-25,VINH,18.737,105.671,3.77,28.46,31.9,25.8,24.84,28.75,81.69,19.87,99.44,1.97,151.4,15.9,37.21,0.76,0.73,96.67
2019-08-26,VINH,18.737,105.671,5.29,28.35,32.37,25.66,25.37,28.46,84.56,20.52,99.37,2.0,211.0,17.02,36.74,0.76,0.72,97.91
2019-08-27,VINH,18.737,105.671,4.04,28.35,31.92,26.13,25.62,28.45,85.89,20.8,99.49,2.49,112.8,17.73,37.39,0.76,0.72,91.29
2019-08-28,VINH,18.737,105.671,14.48,28.15,30.9,25.68,25.35,28.23,85.17,20.44,99.62,2.19,47.2,16.53,37.03,0.78,0.72,95.55
2019-08-29,VINH,18.737,105.671,53.57,28.12,30.39,26.31,26.21,27.77,89.39,21.68,98.98,7.62,17.7,3.35,37.5,0.88,0.76,99.07
2019-08-30,VINH,18.737,105.671,18.81,27.31,29.78,25.1,25.07,27.34,87.92,20.18,99.2,5.4,100.5,11.26,36.71,0.87,0.8,99.16
2019-08-31,VINH,18.737,105.671,5.71,27.37,30.46,25.39,24.82,27.65,86.64,19.82,99.5,2.75,77.7,10.72,36.79,0.82,0.79,99.42
2019-09-01,VINH,18.737,105.671,122.81,26.55,28.03,25.79,25.33,26.64,93.02,20.43,99.57,3.01,0.3,11.42,36.74,0.92,0.81,99.62
2019-09-02,VINH,18.737,105.671,156.29,26.83,28.78,25.82,25.29,26.84,91.37,20.42,99.36,7.31,4.6,7.37,36.8,0.98,0.89,99.33
2019-09-03,VINH,18.737,105.671,233.16,26.57,27.51,25.58,25.29,26.4,92.61,20.44,99.25,7.82,5.8,4.2,36.71,1.0,0.94,99.82
2019-09-04,VINH,18.737,105.671,179.27,25.88,26.88,24.74,25.06,25.89,95.2,20.18,99.26,5.34,345.2,2.18,36.27,1.0,0.97,99.29
2019-09-05,VINH,18.737,105.671,76.19,26.34,28.22,25.07,24.6,26.2,90.11,19.59,99.41,3.25,287.0,2.7,36.7,0.97,0.97,99.1
2019-09-06,VINH,18.737,105.671,2.91,29.33,33.02,26.41,25.68,29.02,81.33,20.9,99.4,2.54,258.7,16.67,36.9,0.93,0.96,86.91
2019-09-07,VINH,18.737,105.671,0.69,29.71,34.08,26.26,25.8,29.3,80.27,21.05,99.43,2.98,231.1,22.92,36.81,0.92,0.94,59.7
2019-09-08,VINH,18.737,105.671,0.24,29.79,34.72,26.52,25.79,29.44,79.89,21.05,99.37,3.61,227.5,22.73,36.52,0.91,0.93,67.14
2019-09-09,VINH,18.737,105.671,2.64,28.66,31.99,26.38,25.9,28.21,85.34,21.18,99.36,3.43,225.9,19.32,36.63,0.91,0.93,99.12
2019-09-10,VINH,18.737,105.671,6.06,27.7,30.38,25.36,25.41,27.38,87.46,20.51,99.71,2.82,226.5,9.65,36.85,0.92,0.93,99.56
2019-09-11,VINH,18.737,105.671,3.2,27.3,29.42,25.37,25.03,27.5,87.58,19.97,100.01,1.36,278.2,19.07,36.35,0.92,0.93,83.67
2019-09-12,VINH,18.737,105.671,0.87,27.15,29.5,24.59,25.02,26.82,88.2,19.97,99.98,2.17,6.6,16.29,36.36,0.91,0.93,67.06
2019-09-13,VINH,18.737,105.671,0.14,27.54,30.66,24.67,24.52,27.44,83.91,19.39,99.9,1.72,38.9,21.51,36.26,0.9,0.92,58.52
2019-09-14,VINH,18.737,105.671,0.5,27.61,30.96,23.83,24.13,27.32,81.7,18.94,99.91,1.89,32.6,20.93,35.54,0.9,0.91,31.39
2019-09-15,VINH,18.737,105.671,0.29,28.02,32.49,24.22,24.05,28.15,79.92,18.87,99.83,1.91,142.9,23.45,35.38,0.89,0.91,21.85
2019-09-16,VINH,18.737,105.671,0.48,28.05,31.13,24.95,23.7,27.81,77.58,18.47,99.81,1.5,59.8,21.87,36.39,0.89,0.9,49.34
2019-09-17,VINH,18.737,105.671,3.6,27.95,31.36,24.96,24.91,27.99,84.1,19.84,99.96,2.07,43.7,21.43,36.36,0.89,0.89,53.88
2019-09-18,VINH,18.737,105.671,53.88,27.06,28.88,25.54,25.42,27.05,90.79,20.42,100.12,3.19,54.0,12.44,36.9,0.95,0.91,99.12
2019-09-19,VINH,18.737,105.671,38.68,27.07,29.73,25.1,24.97,27.17,88.48,19.86,100.16,3.6,58.6,13.6,36.75,0.97,0.95,93.32
2019-09-20,VINH,18.737,105.671,26.97,26.3,27.91,24.79,24.33,26.07,88.89,19.13,100.1,2.55,38.4,10.52,36.41,0.96,0.97,93.69
2019-09-21,VINH,18.737,105.671,8.07,25.87,28.78,23.22,23.25,25.72,85.65,17.9,100.24,4.72,21.3,14.1,36.62,0.94,0.96,81.1
2019-09-22,VINH,18.737,105.671,4.19,25.23,28.17,22.22,21.79,24.79,81.39,16.33,100.52,4.29,26.8,15.49,34.71,0.93,0.95,47.25
2019-09-23,VINH,18.737,105.671,0.31,25.11,28.57,22.02,21.04,24.59,78.39,15.56,100.68,3.72,28.0,14.4,34.59,0.92,0.94,52.74
2019-09-24,VINH,18.737,105.671,0.58,24.97,28.71,21.68,20.89,24.61,78.69,15.43,100.69,3.44,22.5,15.25,34.46,0.91,0.93,45.55
2019-09-25,VINH,18.737,105.671,0.33,24.91,28.09,21.8,22.17,24.77,85.07,16.68,100.75,3.38,24.4,10.33,36.19,0.91,0.93,91.31
2019-09-26,VINH,18.737,105.671,0.02,25.62,29.32,21.84,22.27,25.39,82.2,16.78,100.72,2.66,35.9,17.31,35.28,0.9,0.92,62.72
2019-09-27,VINH,18.737,105.671,0.01,25.38,29.03,21.88,22.19,25.26,83.0,16.7,100.65,2.66,27.5,18.01,34.78,0.89,0.91,37.94
2019-09-28,VINH,18.737,105.671,0.0,25.51,29.34,21.46,21.84,25.09,80.51,16.38,100.57,2.31,18.3,20.2,33.84,0.89,0.9,18.49
2019-09-29,VINH,18.737,105.671,0.0,25.59,29.85,21.52,20.36,24.88,73.21,15.02,100.36,2.31,299.2,22.48,32.48,0.88,0.9,7.68
2019-09-30,VINH,18.737,105.671,0.0,25.95,30.64,22.27,19.4,25.44,68.27,14.12,100.12,1.88,173.3,22.57,32.35,0.88,0.89,3.31
2019-10-01,VINH,18.737,105.671,0.01,27.39,32.08,23.94,22.79,27.41,77.56,17.48,100.03,2.03,151.8,21.73,34.35,0.87,0.88,12.14
2019-10-02,VINH,18.737,105.671,0.4,28.29,33.09,25.23,24.74,28.29,82.29,19.63,100.0,2.32,140.5,20.63,36.64,0.86,0.87,40.58
2019-10-03,VINH,18.737,105.671,1.6,28.21,31.81,25.92,25.15,28.11,84.24,20.12,100.03,2.0,130.0,19.13,36.55,0.87,0.87,63.87
2019-10-04,VINH,18.737,105.671,3.1,27.55,30.28,24.94,23.9,27.29,81.05,18.63,100.08,1.43,131.6,19.4,35.27,0.87,0.87,73.77
2019-10-05,VINH,18.737,105.671,2.64,26.01,28.87,23.85,23.15,25.77,84.64,17.78,100.26,1.75,116.0,18.57,34.97,0.87,0.87,34.88
2019-10-06,VINH,18.737,105.671,3.4,26.13,29.26,23.08,23.19,25.98,84.18,17.81,100.33,2.38,41.7,16.44,34.82,0.87,0.87,42.19
2019-10-07,VINH,18.737,105.671,29.34,26.31,29.55,24.25,24.04,26.43,87.61,18.76,100.28,3.27,27.0,17.92,35.89,0.91,0.87,71.71
2019-10-08,VINH,18.737,105.671,38.27,26.0,28.28,24.44,24.41,26.02,90.95,19.17,100.34,3.31,51.3,9.61,36.12,0.95,0.92,91.31
2019-10-09,VINH,18.737,105.671,11.23,26.01,28.32,24.42,24.49,25.94,91.4,19.29,100.25,3.28,89.9,13.03,35.7,0.93,0.93,58.76
2019-10-10,VINH,18.737,105.671,0.28,26.34,29.96,23.68,23.85,26.34,86.63,18.56,100.23,2.62,116.8,17.84,35.64,0.9,0.91,43.28
2019-10-11,VINH,18.737,105.671,0.13,26.21,30.25,22.8,23.31,26.34,84.8,17.98,100.15,2.48,132.4,19.83,35.43,0.89,0.9,31.4
2019-10-12,VINH,18.737,105.671,0.25,26.54,30.46,23.51,23.48,26.68,83.93,18.15,100.21,2.45,119.3,19.87,35.35,0.88,0.89,31.87
2019-10-13,VINH,18.737,105.671,10.78,26.14,29.43,23.96,23.18,26.42,84.17,17.77,100.44,2.81,68.8,18.3,35.22,0.89,0.89,54.91
2019-10-14,VINH,18.737,105.671,110.96,26.4,28.85,25.17,24.19,26.36,87.85,18.86,100.62,5.13,53.4,11.55,36.43,0.98,0.92,93.38
2019-10-15,VINH,18.737,105.671,232.53,25.96,28.06,24.6,24.0,25.77,89.03,18.65,100.62,5.67,58.1,4.03,36.45,1.0,0.96,97.68
2019-10-16,VINH,18.737,105.671,94.02,25.86,28.2,24.42,23.85,25.73,88.71,18.48,100.58,4.45,65.0,8.58,36.26,0.98,0.98,85.01
2019-10-17,VINH,18.737,105.671,8.74,25.71,28.66,23.79,23.07,25.62,85.69,17.62,100.58,3.91,68.3,15.1,35.48,0.95,0.97,53.78
2019-10-18,VINH,18.737,105.671,19.59,24.03,25.95,22.56,22.45,24.08,90.88,16.96,100.69,4.86,29.0,9.71,36.54,0.97,0.97,79.78
2019-10-19,VINH,18.737,105.671,13.55,24.32,26.85,22.88,22.53,24.27,89.83,17.04,100.66,3.88,44.6,5.7,35.67,0.96,0.98,67.23
2019-10-20,VINH,18.737,105.671,1.79,25.06,28.07,23.31,22.66,24.51,86.71,17.22,100.48,2.65,68.1,11.87,35.34,0.94,0.97,50.23
2019-10-21,VINH,18.737,105.671,2.82,25.26,28.66,22.85,22.95,25.44,87.48,17.57,100.19,2.32,116.0,16.9,34.71,0.94,0.96,22.33
2019-10-22,VINH,18.737,105.671,0.01,26.83,31.26,23.52,23.82,26.97,84.52,18.6,99.89,2.82,152.5,20.99,35.17,0.93,0.96,15.58
2019-10-23,VINH,18.737,105.671,2.46,27.95,32.92,24.96,24.85,28.04,84.44,19.78,99.91,2.56,141.2,19.15,36.02,0.92,0.95,50.82
2019-10-24,VINH,18.737,105.671,34.9,25.89,27.87,24.07,24.61,25.69,92.67,19.43,100.3,2.96,89.3,5.67,36.44,0.97,0.97,95.44
2019-10-25,VINH,18.737,105.671,21.77,25.92,28.83,24.28,24.28,25.96,90.77,19.0,100.43,3.69,50.3,7.46,36.87,0.96,0.98,90.74
2019-10-26,VINH,18.737,105.671,22.71,25.97,28.66,24.24,24.32,25.72,90.72,19.06,100.42,3.41,80.6,7.86,36.35,0.97,0.98,92.23
2019-10-27,VINH,18.737,105.671,2.79,25.99,29.14,23.88,23.85,25.86,88.16,18.53,100.34,2.9,108.1,11.69,35.77,0.94,0.98,82.33
2019-10-28,VINH,18.737,105.671,11.84,23.23,28.72,18.96,21.32,23.57,89.29,16.03,100.59,5.58,16.4,15.94,35.57,0.95,0.98,83.35
2019-10-29,VINH,18.737,105.671,0.14,21.3,24.77,18.91,18.11,21.38,82.46,12.96,100.63,4.14,2.6,16.92,31.85,0.94,0.97,47.08
2019-10-30,VINH,18.737,105.671,2.64,22.05,25.32,20.03,18.64,21.93,81.48,13.42,100.51,4.99,15.1,17.94,32.55,0.93,0.96,90.07
2019-10-31,VINH,18.737,105.671,23.1,22.39,23.78,20.45,20.55,22.37,89.81,15.19,100.38,5.85,10.5,6.29,34.72,0.95,0.96,99.0
2019-11-01,VINH,18.737,105.671,31.01,22.24,24.32,21.08,21.34,22.4,95.07,15.97,100.38,5.04,2.3,3.5,35.33,0.97,0.99,83.24
2019-11-02,VINH,18.737,105.671,12.36,23.67,25.67,21.58,22.6,23.63,93.75,17.19,100.36,3.48,26.8,6.29,36.26,0.96,0.99,95.09
2019-11-03,VINH,18.737,105.671,3.17,23.8,26.7,22.11,22.0,23.72,89.77,16.53,100.48,4.1,25.7,11.21,35.79,0.95,0.98,72.64
2019-11-04,VINH,18.737,105.671,1.98,22.46,25.42,19.31,19.98,22.17,86.06,14.6,100.54,3.96,9.3,5.49,34.04,0.94,0.98,51.75
2019-11-05,VINH,18.737,105.671,0.06,22.1,25.96,18.02,18.57,21.4,80.78,13.4,100.31,2.87,6.8,8.05,33.69,0.94,0.97,62.26
2019-11-06,VINH,18.737,105.671,0.14,23.03,26.43,20.34,18.99,22.79,78.45,13.74,100.2,2.03,22.9,17.65,33.32,0.93,0.96,65.13
2019-11-07,VINH,18.737,105.671,0.53,22.49,25.84,19.31,19.45,21.95,83.1,14.12,100.56,3.81,24.0,8.34,34.22,0.93,0.96,91.95
2019-11-08,VINH,18.737,105.671,0.34,20.86,24.56,17.76,17.93,20.81,83.76,12.8,100.78,3.78,11.0,9.91,32.47,0.92,0.95,69.74
2019-11-09,VINH,18.737,105.671,0.03,20.84,24.69,17.14,17.8,20.54,83.01,12.73,100.68,3.51,16.3,14.16,31.79,0.92,0.95,83.93
2019-11-10,VINH,18.737,105.671,0.01,20.31,24.74,16.65,17.18,20.11,82.8,12.25,100.48,3.63,5.4,15.39,31.22,0.92,0.94,92.39
2019-11-11,VINH,18.737,105.671,0.44,22.02,25.5,19.12,19.11,22.05,84.14,13.87,100.3,2.95,0.6,14.77,33.52,0.91,0.94,70.06
2019-11-12,VINH,18.737,105.671,10.08,23.4,26.29,20.83,22.1,23.39,92.64,16.68,100.35,3.27,37.3,8.96,36.1,0.92,0.94,92.69
2019-11-13,VINH,18.737,105.671,41.63,23.67,26.33,18.96,22.36,23.57,92.45,16.94,100.75,5.37,37.2,4.13,35.95,0.97,0.96,97.62
2019-11-14,VINH,18.737,105.671,8.38,19.44,21.29,17.98,17.7,19.68,89.85,12.6,100.86,4.39,1.2,3.84,33.79,0.94,0.97,88.28
2019-11-15,VINH,18.737,105.671,3.72,21.94,25.32,18.94,20.2,21.69,90.09,14.81,100.47,2.28,74.2,10.28,33.74,0.93,0.96,40.15
2019-11-16,VINH,18.737,105.671,0.21,24.02,28.37,20.64,22.05,23.99,89.29,16.65,100.21,2.76,141.4,18.71,33.43,0.92,0.95,23.01
2019-11-17,VINH,18.737,105.671,0.9,25.6,30.5,22.46,22.73,25.65,85.41,17.34,100.21,2.24,134.8,17.8,35.21,0.92,0.95,43.94
2019-11-18,VINH,18.737,105.671,5.01,22.85,28.42,17.06,20.78,23.11,88.52,15.52,100.68,5.45,26.7,13.99,34.96,0.92,0.95,75.51
2019-11-19,VINH,18.737,105.671,3.72,19.5,21.75,17.4,17.5,19.82,88.56,12.45,100.86,4.03,10.2,5.08,34.7,0.92,0.94,91.22
2019-11-20,VINH,18.737,105.671,8.11,20.86,23.39,19.03,19.29,20.91,90.91,13.94,100.79,3.9,24.8,5.81,34.81,0.93,0.95,85.91
2019-11-21,VINH,18.737,105.671,14.24,21.41,24.64,19.1,19.69,21.33,90.09,14.29,100.78,3.74,38.6,7.07,35.01,0.94,0.96,88.16
2019-11-22,VINH,18.737,105.671,2.75,21.46,25.06,18.87,19.35,21.09,88.11,14.01,100.62,2.75,75.9,12.51,33.13,0.92,0.95,44.44
2019-11-23,VINH,18.737,105.671,0.01,22.02,26.8,18.29,19.76,21.95,87.77,14.42,100.52,2.4,141.5,18.7,31.81,0.92,0.94,18.83
2019-11-24,VINH,18.737,105.671,0.07,22.58,26.36,20.38,20.36,22.7,87.82,14.9,100.71,2.56,83.1,18.79,32.24,0.91,0.94,24.64
2019-11-25,VINH,18.737,105.671,0.97,22.45,26.26,19.31,19.96,22.38,86.39,14.54,100.84,3.86,28.4,15.51,32.59,0.91,0.93,31.8
2019-11-26,VINH,18.737,105.671,15.97,21.74,24.14,19.69,20.41,21.83,92.37,14.97,100.76,4.12,15.8,5.37,35.38,0.94,0.94,90.42
2019-11-27,VINH,18.737,105.671,15.16,23.11,26.75,19.37,21.57,23.11,91.15,16.09,100.83,5.09,47.6,5.14,35.98,0.94,0.95,94.14
2019-11-28,VINH,18.737,105.671,3.43,19.67,21.47,18.74,17.88,19.8,89.66,12.72,101.04,5.08,21.2,6.18,34.56,0.92,0.95,92.07
2019-11-29,VINH,18.737,105.671,3.97,20.37,22.61,18.84,18.99,20.46,92.01,13.67,100.87,3.81,20.3,4.35,35.14,0.92,0.95,87.97
2019-11-30,VINH,18.737,105.671,4.04,22.01,24.78,19.71,20.77,22.0,92.79,15.3,100.66,3.1,61.1,10.13,35.29,0.92,0.95,84.79
2019-12-01,VINH,18.737,105.671,13.81,21.36,25.89,15.26,19.53,21.44,89.38,14.3,100.88,5.93,42.1,5.44,35.05,0.94,0.95,93.32
2019-12-02,VINH,18.737,105.671,1.51,15.46,17.95,13.09,12.54,15.73,83.19,8.99,101.32,5.37,5.7,4.13,32.0,0.92,0.95,88.75
2019-12-03,VINH,18.737,105.671,0.07,15.49,19.43,12.49,11.56,15.6,78.27,8.46,101.24,4.47,10.1,5.98,31.24,0.92,0.94,74.53
2019-12-04,VINH,18.737,105.671,0.03,15.3,20.01,11.77,10.91,15.16,75.75,8.11,101.27,5.05,7.1,13.19,27.98,0.91,0.94,29.43
2019-12-05,VINH,18.737,105.671,0.0,14.92,19.43,10.97,10.26,14.77,74.6,7.72,101.49,5.44,5.6,16.46,28.4,0.91,0.93,47.71
2019-12-06,VINH,18.737,105.671,0.0,13.86,18.36,10.94,9.28,13.82,74.73,7.24,101.55,5.38,10.6,17.46,25.94,0.91,0.93,13.43
2019-12-07,VINH,18.737,105.671,0.0,14.34,18.53,12.04,9.76,13.99,74.5,7.49,101.41,4.73,20.0,15.45,27.73,0.9,0.92,39.3
2019-12-08,VINH,18.737,105.671,0.0,15.19,19.72,10.45,10.74,14.73,75.41,8.01,101.3,3.74,27.1,9.45,29.71,0.9,0.92,55.64
2019-12-09,VINH,18.737,105.671,0.0,14.88,19.96,10.13,9.81,14.22,72.44,7.57,101.03,3.15,351.2,16.62,26.58,0.9,0.91,15.07
2019-12-10,VINH,18.737,105.671,0.0,15.29,20.26,10.9,9.88,14.59,71.4,7.6,100.82,2.46,345.7,18.29,26.07,0.9,0.91,4.56
2019-12-11,VINH,18.737,105.671,0.0,16.4,20.96,12.67,13.1,16.07,81.61,9.41,100.8,2.58,349.8,11.96,31.53,0.89,0.91,64.92
2019-12-12,VINH,18.737,105.671,0.01,18.21,21.47,15.13,15.57,17.94,85.23,11.02,100.87,2.26,20.0,13.66,32.79,0.89,0.9,68.86
2019-12-13,VINH,18.737,105.671,0.02,19.13,23.3,16.57,17.57,18.55,90.71,12.48,100.99,3.15,32.1,6.09,33.95,0.89,0.9,82.54
2019-12-14,VINH,18.737,105.671,0.07,20.67,23.97,18.63,19.55,20.36,93.39,14.14,100.84,2.58,65.8,11.48,34.39,0.89,0.9,82.89
2019-12-15,VINH,18.737,105.671,0.04,21.23,25.86,18.12,19.67,20.77,91.08,14.31,100.66,2.53,113.1,12.88,34.41,0.89,0.89,65.67
2019-12-16,VINH,18.737,105.671,0.06,21.84,25.73,19.7,20.4,21.47,91.74,14.96,100.58,2.09,86.4,12.22,33.9,0.88,0.89,75.63
2019-12-17,VINH,18.737,105.671,0.26,22.34,26.4,19.82,21.07,22.12,92.69,15.61,100.58,2.55,103.5,12.58,34.58,0.88,0.89,63.84
2019-12-18,VINH,18.737,105.671,0.74,22.27,26.04,19.8,20.81,21.91,91.71,15.34,100.61,2.62,105.0,10.83,34.3,0.88,0.88,62.69
2019-12-19,VINH,18.737,105.671,8.7,21.91,25.97,19.84,20.59,21.95,92.42,15.15,100.63,4.09,49.3,9.4,35.37,0.89,0.88,91.99
2019-12-20,VINH,18.737,105.671,11.11,20.26,22.56,18.64,19.4,20.27,95.05,14.08,100.61,3.68,24.4,5.48,34.87,0.91,0.9,93.9
2019-12-21,VINH,18.737,105.671,0.19,21.21,24.94,19.38,19.86,20.97,92.31,14.46,100.55,2.27,62.2,10.09,35.35,0.89,0.89,88.03
2019-12-22,VINH,18.737,105.671,0.0,21.49,25.76,18.13,20.12,21.3,91.97,14.73,100.39,2.55,102.1,13.03,34.39,0.88,0.89,67.62
2019-12-23,VINH,18.737,105.671,0.0,22.78,28.16,19.51,20.62,22.51,88.49,15.19,100.38,2.13,124.2,16.2,33.96,0.88,0.88,42.16
2019-12-24,VINH,18.737,105.671,0.0,21.91,26.6,18.22,20.49,21.85,91.19,15.07,100.46,2.89,128.7,14.78,33.31,0.87,0.88,34.46
2019-12-25,VINH,18.737,105.671,0.0,22.39,27.73,19.27,20.32,22.15,88.89,14.93,100.28,2.24,131.3,16.87,33.57,0.87,0.87,39.07
2019-12-26,VINH,18.737,105.671,3.88,20.8,25.8,15.65,18.61,21.11,87.48,13.47,100.74,4.72,36.2,8.91,35.09,0.87,0.87,88.02
2019-12-27,VINH,18.737,105.671,1.89,16.35,18.7,14.48,13.86,16.72,85.82,9.85,100.93,3.9,5.8,4.78,33.21,0.87,0.87,90.32
2019-12-28,VINH,18.737,105.671,0.78,18.31,21.44,15.17,16.71,18.44,90.77,11.87,100.71,2.64,17.0,8.52,34.18,0.87,0.87,86.88
2019-12-29,VINH,18.737,105.671,0.31,19.63,23.26,16.76,17.8,19.52,89.46,12.69,100.69,2.5,30.7,11.94,32.05,0.87,0.87,50.53
2019-12-30,VINH,18.737,105.671,6.71,20.09,23.31,18.32,18.33,20.36,90.0,13.08,100.97,3.17,22.9,12.09,33.83,0.88,0.86,83.73
2019-12-31,VINH,18.737,105.671,44.51,19.46,21.31,18.55,18.34,19.52,93.42,13.07,101.23,5.04,16.1,3.94,34.35,0.96,0.9,94.44
2020-01-01,VINH,18.737,105.671,20.74,20.44,23.08,18.65,19.43,20.34,94.04,14.0,101.24,3.63,35.4,5.46,33.58,0.94,0.93,95.14
2020-01-02,VINH,18.737,105.671,7.85,21.08,24.89,18.95,19.44,20.46,90.6,14.02,101.13,2.4,67.2,8.04,33.28,0.92,0.93,66.94
2020-01-03,VINH,18.737,105.671,3.63,21.3,24.9,19.29,20.07,21.17,92.85,14.61,100.89,2.9,83.6,8.3,34.03,0.91,0.92,83.03
2020-01-04,VINH,18.737,105.671,1.1,21.21,25.3,18.81,19.79,20.88,91.9,14.37,100.72,3.34,109.6,12.22,33.26,0.9,0.91,66.43
2020-01-05,VINH,18.737,105.671,0.95,21.01,25.22,18.05,19.28,20.51,90.41,13.95,100.66,3.03,121.3,12.34,32.55,0.9,0.91,44.95
2020-01-06,VINH,18.737,105.671,0.0,21.61,25.98,18.82,19.63,21.08,89.19,14.26,100.56,2.23,121.1,17.46,33.55,0.89,0.9,51.3
2020-01-07,VINH,18.737,105.671,0.0,22.38,26.53,19.67,20.8,22.48,90.63,15.33,100.6,2.25,90.0,13.78,33.75,0.89,0.9,47.62
2020-01-08,VINH,18.737,105.671,0.0,21.95,26.13,18.96,20.55,22.0,91.88,15.1,100.58,2.97,94.0,12.93,34.04,0.89,0.89,58.41
2020-01-09,VINH,18.737,105.671,0.0,21.62,26.27,17.66,19.85,21.68,90.03,14.49,100.48,2.84,127.3,16.6,32.55,0.88,0.89,31.55
2020-01-10,VINH,18.737,105.671,0.0,21.37,26.29,17.58,19.45,21.29,88.88,14.14,100.34,2.74,134.5,18.04,31.6,0.88,0.88,21.78
2020-01-11,VINH,18.737,105.671,3.51,21.56,25.99,15.32,19.42,21.96,88.34,14.18,100.45,3.75,63.5,16.76,32.83,0.88,0.88,68.36
2020-01-12,VINH,18.737,105.671,0.53,17.32,19.53,15.55,15.41,17.87,88.92,10.91,100.63,2.91,10.1,5.85,33.89,0.88,0.88,90.49
2020-01-13,VINH,18.737,105.671,0.23,20.18,24.32,17.5,18.9,20.4,91.88,13.65,100.47,2.77,112.4,9.62,33.54,0.88,0.88,81.05
2020-01-14,VINH,18.737,105.671,0.01,21.19,26.0,17.67,19.26,21.18,89.48,13.96,100.44,3.28,134.7,13.75,34.19,0.87,0.87,60.5
2020-01-15,VINH,18.737,105.671,0.0,21.43,26.12,17.94,19.35,21.43,88.68,14.04,100.38,2.59,140.5,14.79,34.1,0.87,0.87,56.38
2020-01-16,VINH,18.737,105.671,0.37,22.16,26.49,19.42,20.35,22.41,89.64,14.91,100.57,2.5,101.1,13.14,35.55,0.86,0.86,68.65
2020-01-17,VINH,18.737,105.671,0.84,19.27,22.67,16.9,17.67,19.59,90.64,12.6,100.8,3.5,43.1,10.11,34.39,0.87,0.86,79.94
2020-01-18,VINH,18.737,105.671,2.15,20.44,24.2,18.32,18.67,20.7,89.95,13.41,100.65,2.4,62.4,13.69,33.98,0.86,0.86,61.99
2020-01-19,VINH,18.737,105.671,19.03,18.6,22.85,16.56,17.33,18.97,92.59,12.37,100.86,4.29,28.6,7.79,34.87,0.91,0.87,89.01
2020-01-20,VINH,18.737,105.671,7.11,19.44,22.34,17.08,18.24,19.34,92.96,13.04,100.84,2.61,82.1,8.22,33.98,0.9,0.89,88.85
2020-01-21,VINH,18.737,105.671,0.01,20.83,25.14,17.9,19.17,20.7,90.57,13.83,100.73,2.86,128.9,13.41,34.46,0.88,0.88,70.74
2020-01-22,VINH,18.737,105.671,0.0,21.83,26.91,18.61,19.99,21.82,89.66,14.61,100.45,2.65,135.4,12.68,34.99,0.87,0.87,70.78
2020-01-23,VINH,18.737,105.671,0.03,22.95,28.23,20.22,20.94,22.97,89.14,15.51,100.3,2.53,129.2,12.7,36.0,0.86,0.87,78.55
2020-01-24,VINH,18.737,105.671,6.79,23.18,27.43,20.69,21.26,23.2,89.4,15.84,100.2,3.07,113.3,10.36,35.42,0.88,0.86,98.58
2020-01-25,VINH,18.737,105.671,21.43,17.11,24.9,12.25,15.32,17.64,89.38,11.2,100.45,5.14,354.7,7.66,35.38,0.91,0.88,93.13
2020-01-26,VINH,18.737,105.671,4.99,14.77,16.68,13.32,12.15,15.53,84.85,8.83,100.65,4.3,5.5,4.89,32.21,0.89,0.89,96.84
2020-01-27,VINH,18.737,105.671,5.13,14.49,16.01,13.14,12.88,14.85,90.27,9.26,100.59,3.92,10.4,3.09,33.28,0.9,0.89,97.72
2020-01-28,VINH,18.737,105.671,3.86,15.25,17.57,13.7,13.25,15.56,87.93,9.46,100.83,4.19,18.2,3.76,33.21,0.89,0.89,96.65
2020-01-29,VINH,18.737,105.671,1.44,13.81,17.19,10.76,11.21,13.92,84.83,8.25,101.11,4.08,6.8,4.99,32.29,0.88,0.89,93.47
2020-01-30,VINH,18.737,105.671,0.01,14.76,19.1,11.37,10.89,14.65,78.46,8.07,101.04,3.25,14.1,12.85,30.4,0.87,0.88,58.2
2020-01-31,VINH,18.737,105.671,0.01,17.23,20.87,14.21,14.43,17.33,84.55,10.23,100.86,2.07,41.1,15.38,32.76,0.87,0.88,66.42
2020-02-01,VINH,18.737,105.671,0.01,18.96,23.86,15.22,17.33,18.69,90.17,12.32,100.75,2.61,122.0,12.78,34.73,0.87,0.87,82.74
2020-02-02,VINH,18.737,105.671,0.0,19.99,25.04,16.27,18.12,19.82,89.05,12.94,100.75,2.75,130.6,15.27,34.74,0.86,0.87,76.35
2020-02-03,VINH,18.737,105.671,0.14,20.92,25.61,17.97,19.25,20.99,90.04,13.92,100.59,2.96,108.0,12.69,35.53,0.86,0.86,82.52
2020-02-04,VINH,18.737,105.671,0.76,18.52,20.53,17.17,17.34,18.79,93.13,12.33,100.75,3.5,31.2,8.15,35.2,0.87,0.86,91.71
2020-02-05,VINH,18.737,105.671,0.46,19.58,23.85,16.13,18.0,19.3,91.02,12.9,100.6,2.41,58.1,10.4,34.22,0.86,0.86,84.67
2020-02-06,VINH,18.737,105.671,0.02,21.77,27.43,18.64,19.34,21.39,87.18,14.01,100.53,2.17,120.8,13.96,35.27,0.85,0.85,76.07
2020-02-07,VINH,18.737,105.671,1.52,21.08,25.29,18.56,19.54,20.98,91.24,14.14,100.82,2.68,92.2,9.41,34.99,0.86,0.85,78.42
2020-02-08,VINH,18.737,105.671,15.69,21.05,25.12,17.77,19.27,21.28,89.97,13.89,101.1,4.35,55.2,8.07,35.01,0.89,0.85,89.71
2020-02-09,VINH,18.737,105.671,21.58,16.78,18.78,15.51,15.39,17.01,91.75,10.84,101.26,5.24,16.8,4.32,33.58,0.93,0.89,95.69
2020-02-10,VINH,18.737,105.671,2.88,18.71,21.77,16.45,17.21,18.35,91.24,12.2,100.91,2.83,64.8,7.5,33.71,0.89,0.89,87.84
2020-02-11,VINH,18.737,105.671,0.1,21.46,26.64,18.32,19.53,21.25,89.36,14.16,100.61,2.39,115.1,13.33,34.48,0.87,0.87,78.92
2020-02-12,VINH,18.737,105.671,0.93,23.29,28.82,19.96,20.68,23.23,86.39,15.26,100.32,2.25,128.7,13.48,35.79,0.86,0.87,79.75
2020-02-13,VINH,18.737,105.671,5.24,25.44,31.25,20.99,21.98,24.84,82.56,16.61,99.87,1.97,203.5,13.78,36.53,0.87,0.87,67.16
2020-02-14,VINH,18.737,105.671,1.33,25.45,31.48,20.91,21.62,24.68,80.89,16.29,99.75,2.81,221.3,16.25,35.17,0.86,0.86,36.32
2020-02-15,VINH,18.737,105.671,6.14,24.91,32.28,14.73,19.89,24.15,75.52,14.83,100.22,3.91,336.6,19.95,33.3,0.87,0.86,37.33
2020-02-16,VINH,18.737,105.671,1.85,16.02,20.17,13.54,11.99,16.37,77.84,8.65,101.24,5.04,22.9,6.85,32.85,0.86,0.86,91.73
2020-02-17,VINH,18.737,105.671,1.89,15.32,18.39,13.46,11.23,15.53,77.05,8.22,101.5,4.72,26.7,7.41,32.57,0.86,0.86,91.61
2020-02-18,VINH,18.737,105.671,0.05,16.95,20.0,14.22,13.07,16.54,78.52,9.3,101.24,2.95,32.0,13.93,32.81,0.86,0.85,80.2
2020-02-19,VINH,18.737,105.671,0.51,18.88,22.9,16.2,16.36,19.01,85.99,11.55,101.06,2.19,61.3,13.09,34.31,0.85,0.85,81.86
2020-02-20,VINH,18.737,105.671,0.68,20.16,24.13,17.8,18.55,20.34,90.81,13.24,101.14,3.25,78.3,12.43,34.33,0.85,0.84,83.85
2020-02-21,VINH,18.737,105.671,1.2,20.34,24.6,17.31,18.53,20.65,90.01,13.2,101.4,3.54,53.4,8.94,34.55,0.85,0.84,87.75
2020-02-22,VINH,18.737,105.671,0.85,19.33,23.7,15.92,17.62,19.51,90.43,12.47,101.37,3.92,39.7,6.93,33.61,0.84,0.84,80.27
2020-02-23,VINH,18.737,105.671,0.15,19.32,24.42,15.4,17.15,19.26,88.06,12.16,101.06,2.72,78.8,15.65,32.45,0.84,0.83,51.8
2020-02-24,VINH,18.737,105.671,0.01,20.16,25.39,16.06,17.74,20.0,86.99,12.65,100.73,2.79,125.3,16.69,33.44,0.83,0.83,62.01
2020-02-25,VINH,18.737,105.671,0.13,20.57,25.52,17.5,18.27,20.3,87.44,13.08,100.65,2.17,116.9,20.13,32.02,0.83,0.82,44.87
2020-02-26,VINH,18.737,105.671,1.66,21.52,26.07,18.73,19.46,21.8,88.87,14.09,100.68,2.41,83.3,18.69,33.76,0.83,0.82,64.39
2020-02-27,VINH,18.737,105.671,8.51,21.82,25.68,19.02,20.1,21.84,90.54,14.68,100.6,3.58,98.9,11.73,33.72,0.85,0.82,93.87
2020-02-28,VINH,18.737,105.671,4.25,21.96,25.49,19.67,20.22,21.87,90.43,14.8,100.44,2.63,101.7,17.27,33.39,0.85,0.83,80.79
2020-02-29,VINH,18.737,105.671,0.14,23.01,27.73,19.66,20.74,23.02,87.9,15.33,100.23,2.6,124.1,16.0,35.03,0.83,0.82,64.61
2020-03-01,VINH,18.737,105.671,0.11,23.57,28.47,20.52,21.7,23.89,89.64,16.26,100.24,2.33,100.6,16.61,36.11,0.82,0.81,71.89
2020-03-02,VINH,18.737,105.671,2.54,23.74,28.05,20.8,21.74,24.0,89.21,16.29,100.26,3.31,116.5,13.79,36.3,0.82,0.81,87.05
2020-03-03,VINH,18.737,105.671,14.53,23.09,25.91,21.06,21.76,23.11,92.4,16.31,100.26,3.42,112.0,6.04,36.43,0.85,0.81,96.53
2020-03-04,VINH,18.737,105.671,54.91,19.8,24.02,16.93,18.67,19.99,93.25,13.55,100.58,5.38,29.0,2.44,35.52,0.96,0.87,97.11
2020-03-05,VINH,18.737,105.671,16.38,19.1,21.63,17.37,17.71,19.55,91.94,12.64,100.62,3.29,10.4,3.34,34.33,0.92,0.89,93.32
2020-03-06,VINH,18.737,105.671,2.56,22.38,27.93,19.03,19.82,22.63,86.18,14.5,100.3,2.15,205.6,5.51,35.23,0.88,0.88,87.02
2020-03-07,VINH,18.737,105.671,0.01,26.16,32.87,21.63,21.4,25.27,77.17,16.04,99.94,2.94,230.5,19.33,34.79,0.86,0.86,38.41
2020-03-08,VINH,18.737,105.671,0.0,26.71,32.81,22.02,21.88,25.68,75.83,16.63,99.58,4.19,231.8,23.04,33.84,0.85,0.85,4.14
2020-03-09,VINH,18.737,105.671,0.01,27.25,33.92,21.65,20.62,25.91,69.28,15.36,99.63,3.59,251.3,22.48,33.42,0.84,0.84,11.48
2020-03-10,VINH,18.737,105.671,0.18,21.04,24.05,18.02,18.04,20.92,83.35,12.94,100.44,4.41,22.8,7.07,36.25,0.84,0.84,90.07
2020-03-11,VINH,18.737,105.671,0.32,22.53,25.84,20.79,20.87,22.77,90.66,15.45,100.29,2.42,78.8,11.35,36.63,0.84,0.83,80.34
2020-03-12,VINH,18.737,105.671,0.03,27.34,33.31,23.38,23.05,26.71,78.81,17.71,100.09,1.56,198.4,17.0,37.6,0.83,0.83,53.07
2020-03-13,VINH,18.737,105.671,0.86,27.57,35.09,22.79,23.1,27.36,79.9,17.74,100.27,1.76,53.4,15.94,38.12,0.83,0.82,70.55
2020-03-14,VINH,18.737,105.671,2.4,21.0,23.77,19.28,19.19,21.32,89.43,13.86,100.72,4.15,30.3,8.08,35.69,0.84,0.82,89.75
2020-03-15,VINH,18.737,105.671,0.74,22.0,24.62,20.28,20.29,22.34,90.34,14.85,100.56,2.53,37.6,9.52,35.19,0.83,0.82,94.19
2020-03-16,VINH,18.737,105.671,0.24,23.96,26.41,22.63,22.54,23.95,91.95,17.07,100.46,2.6,116.5,10.63,36.06,0.83,0.82,87.82
2020-03-17,VINH,18.737,105.671,1.12,24.12,27.43,22.07,22.65,24.28,91.72,17.22,100.36,3.38,111.4,11.84,36.0,0.83,0.82,76.6
2020-03-18,VINH,18.737,105.671,2.12,23.95,27.6,21.61,22.49,24.07,91.84,17.09,100.12,3.28,101.7,6.94,36.66,0.83,0.82,90.21
2020-03-19,VINH,18.737,105.671,2.91,24.08,28.24,20.49,22.41,24.46,90.73,17.03,100.26,2.93,52.2,9.2,36.64,0.83,0.82,93.38
2020-03-20,VINH,18.737,105.671,2.37,23.43,25.89,21.65,22.01,23.76,91.93,16.58,100.22,2.24,87.7,10.05,36.4,0.83,0.81,98.36
2020-03-21,VINH,18.737,105.671,0.54,24.35,27.65,22.68,22.94,23.9,91.98,17.57,100.15,1.97,116.7,12.17,36.99,0.83,0.81,74.97
2020-03-22,VINH,18.737,105.671,0.08,25.86,31.82,21.86,22.76,25.87,84.65,17.38,100.12,1.97,122.2,13.56,36.7,0.82,0.81,74.0
2020-03-23,VINH,18.737,105.671,0.07,24.45,29.83,20.36,22.13,24.82,87.83,16.72,100.18,2.63,112.1,13.27,36.55,0.81,0.8,76.83
2020-03-24,VINH,18.737,105.671,0.17,24.44,28.66,21.6,22.22,24.74,88.2,16.82,100.07,3.01,112.9,13.83,36.4,0.8,0.79,78.45
2020-03-25,VINH,18.737,105.671,0.45,25.46,30.08,22.24,22.84,25.65,86.41,17.51,99.89,3.12,130.7,10.47,36.12,0.8,0.79,65.07
2020-03-26,VINH,18.737,105.671,0.1,27.34,32.77,23.22,22.75,26.81,77.48,17.42,99.91,1.87,176.3,14.88,36.04,0.79,0.78,44.13
2020-03-27,VINH,18.737,105.671,0.01,29.18,34.97,24.05,23.0,28.02,71.19,17.69,99.88,1.27,225.7,20.04,36.42,0.78,0.77,29.92
2020-03-28,VINH,18.737,105.671,0.11,24.96,29.5,22.03,23.1,25.32,89.8,17.82,99.99,2.36,59.4,12.07,38.42,0.78,0.77,83.36
2020-03-29,VINH,18.737,105.671,0.01,27.42,33.17,22.94,24.0,27.39,82.93,18.83,99.74,1.7,119.5,17.66,37.98,0.78,0.76,53.92
2020-03-30,VINH,18.737,105.671,0.18,26.48,32.24,22.82,24.06,26.53,87.55,18.88,99.84,2.06,68.8,13.2,38.8,0.77,0.76,75.67
2020-03-31,VINH,18.737,105.671,1.07,25.33,31.08,21.6,23.11,25.84,88.3,17.79,100.1,3.0,38.3,10.67,39.11,0.77,0.75,82.05
2020-04-01,VINH,18.737,105.671,1.52,24.75,28.76,22.62,22.98,25.23,90.37,17.61,100.12,2.55,77.0,10.53,36.61,0.77,0.75,71.48
2020-04-02,VINH,18.737,105.671,1.08,24.94,28.43,22.62,23.22,25.19,90.63,17.86,100.16,2.87,99.9,9.56,36.71,0.77,0.75,79.78
2020-04-03,VINH,18.737,105.671,7.01,25.6,29.4,23.17,23.65,25.92,89.55,18.32,100.25,2.86,97.2,9.34,37.27,0.78,0.75,84.79
2020-04-04,VINH,18.737,105.671,24.44,23.61,28.15,20.36,22.04,23.93,91.2,16.64,100.48,4.5,63.0,11.11,37.21,0.87,0.78,90.81
2020-04-05,VINH,18.737,105.671,2.47,20.86,23.95,18.78,19.06,21.57,89.66,13.75,100.64,4.02,25.3,6.2,36.33,0.81,0.78,93.38
2020-04-06,VINH,18.737,105.671,2.25,19.92,22.84,18.07,17.83,20.69,88.07,12.74,100.47,3.72,17.7,9.18,35.22,0.8,0.78,92.66
2020-04-07,VINH,18.737,105.671,7.52,20.04,22.76,18.48,18.26,20.52,89.75,13.09,100.44,3.35,15.4,5.61,35.48,0.82,0.78,96.27
2020-04-08,VINH,18.737,105.671,0.57,22.02,25.61,19.67,20.14,22.52,89.51,14.72,100.5,3.05,27.7,5.95,36.0,0.8,0.78,95.11
2020-04-09,VINH,18.737,105.671,0.32,22.96,26.53,20.88,21.03,23.11,89.33,15.55,100.53,2.68,41.5,9.25,36.49,0.79,0.77,92.48
2020-04-10,VINH,18.737,105.671,0.2,24.96,28.96,22.38,23.04,25.3,89.64,17.64,100.37,2.71,112.2,15.99,36.14,0.78,0.76,86.02
2020-04-11,VINH,18.737,105.671,23.46,26.49,31.77,21.37,23.56,26.59,85.26,18.23,100.27,2.58,59.0,16.51,37.6,0.8,0.76,86.46
2020-04-12,VINH,18.737,105.671,23.38,18.14,19.76,17.02,16.08,18.5,87.79,11.35,100.9,5.67,17.1,5.65,33.2,0.88,0.81,91.53
2020-04-13,VINH,18.737,105.671,0.81,17.93,20.08,16.39,15.67,18.48,86.86,11.06,100.84,3.99,13.3,14.44,33.5,0.82,0.8,97.94
2020-04-14,VINH,18.737,105.671,0.13,20.35,23.49,17.97,17.08,20.69,81.84,12.13,100.59,2.19,61.0,15.6,34.93,0.81,0.79,87.63
2020-04-15,VINH,18.737,105.671,0.05,23.66,27.91,21.39,21.15,24.12,86.54,15.73,100.23,2.7,120.3,17.11,35.88,0.79,0.78,86.34
2020-04-16,VINH,18.737,105.671,0.23,25.9,30.39,23.32,23.09,25.65,85.32,17.76,100.0,2.21,150.7,15.64,36.46,0.79,0.78,95.58
2020-04-17,VINH,18.737,105.671,0.33,26.19,29.83,23.35,23.65,25.87,86.32,18.37,100.07,1.95,177.7,12.21,36.87,0.79,0.77,98.58
2020-04-18,VINH,18.737,105.671,0.13,26.4,30.76,22.43,22.52,25.76,79.94,17.17,100.0,2.5,217.0,18.06,35.31,0.79,0.77,86.18
2020-04-19,VINH,18.737,105.671,0.01,28.88,34.1,24.44,23.34,27.97,73.36,18.06,99.9,1.56,216.7,21.92,35.88,0.77,0.76,42.89
2020-04-20,VINH,18.737,105.671,0.29,29.13,34.82,24.92,24.09,28.84,76.31,18.9,99.91,1.65,157.3,20.93,37.28,0.76,0.75,49.89
2020-04-21,VINH,18.737,105.671,0.63,30.11,35.22,25.39,24.51,29.4,73.66,19.39,99.82,1.21,179.8,16.85,38.2,0.76,0.75,73.33
2020-04-22,VINH,18.737,105.671,4.83,26.26,29.32,23.84,24.69,26.25,91.24,19.55,100.09,3.09,98.5,15.85,36.71,0.79,0.75,87.4
2020-04-23,VINH,18.737,105.671,11.81,22.75,27.24,18.5,21.28,23.05,91.5,15.91,100.51,5.4,28.9,8.96,35.98,0.81,0.76,96.33
2020-04-24,VINH,18.737,105.671,11.72,19.67,22.62,17.01,17.53,20.44,87.81,12.47,100.81,5.78,7.6,8.77,34.14,0.84,0.78,96.69
2020-04-25,VINH,18.737,105.671,0.89,20.53,22.99,17.83,18.24,21.51,87.11,13.06,100.74,4.02,13.9,12.67,34.17,0.79,0.77,93.21
2020-04-26,VINH,18.737,105.671,0.06,21.09,23.78,19.47,18.54,21.87,85.75,13.28,100.79,4.04,13.7,11.46,34.64,0.78,0.77,90.75
2020-04-27,VINH,18.737,105.671,0.0,22.46,26.13,19.49,17.7,22.65,75.36,12.59,100.77,3.16,1.7,18.66,33.85,0.77,0.76,96.78
2020-04-28,VINH,18.737,105.671,0.0,23.24,27.28,19.59,18.95,23.24,77.73,13.67,100.54,2.14,45.4,23.76,34.1,0.76,0.75,52.49
2020-04-29,VINH,18.737,105.671,0.0,23.74,27.52,20.95,21.09,23.97,85.89,15.62,100.46,2.07,90.4,15.82,35.54,0.75,0.74,85.52
2020-04-30,VINH,18.737,105.671,0.02,24.32,27.88,22.09,22.44,24.61,89.63,17.01,100.3,2.39,101.4,17.66,36.02,0.75,0.74,68.11
2020-05-01,VINH,18.737,105.671,0.08,26.37,31.39,23.55,23.41,26.74,84.92,18.1,99.99,2.39,113.3,17.15,37.16,0.74,0.73,75.68
2020-05-02,VINH,18.737,105.671,0.03,27.53,32.11,24.85,24.36,27.71,83.89,19.22,99.79,2.14,118.1,19.13,37.13,0.73,0.72,44.95
2020-05-03,VINH,18.737,105.671,1.93,28.98,33.67,25.44,25.25,28.96,81.61,20.29,99.76,1.98,144.4,21.42,37.5,0.73,0.72,76.2
2020-05-04,VINH,18.737,105.671,0.87,29.95,35.23,25.38,25.58,29.55,78.67,20.72,99.74,1.66,210.8,17.88,36.97,0.73,0.72,80.17
2020-05-05,VINH,18.737,105.671,0.07,30.83,36.84,25.87,24.53,30.05,71.08,19.47,99.6,2.09,203.2,25.81,36.49,0.71,0.71,21.96
2020-05-06,VINH,18.737,105.671,0.48,31.51,37.04,27.44,25.83,30.84,73.42,21.09,99.49,2.61,221.5,25.12,36.83,0.7,0.7,60.19
2020-05-07,VINH,18.737,105.671,0.36,30.58,35.31,26.99,26.04,29.94,77.73,21.36,99.47,2.49,217.6,24.73,36.97,0.7,0.7,63.32
2020-05-08,VINH,18.737,105.671,1.04,30.0,34.53,26.16,26.09,29.35,80.43,21.4,99.52,2.69,224.1,22.26,36.95,0.7,0.7,83.92
2020-05-09,VINH,18.737,105.671,1.15,30.07,33.72,26.69,26.27,29.4,80.71,21.6,99.67,2.54,227.2,22.95,37.22,0.7,0.69,82.78
2020-05-10,VINH,18.737,105.671,1.49,31.15,35.28,27.79,26.16,30.38,75.96,21.41,99.8,1.79,222.8,22.33,37.07,0.7,0.69,71.25
2020-05-11,VINH,18.737,105.671,1.38,29.02,34.32,25.26,24.43,28.5,77.58,19.33,99.87,1.99,230.6,16.61,37.0,0.7,0.69,98.31
2020-05-12,VINH,18.737,105.671,2.04,27.84,31.65,25.0,24.74,28.09,84.31,19.62,100.03,1.86,97.3,21.33,36.48,0.7,0.69,89.18
2020-05-13,VINH,18.737,105.671,40.88,28.42,33.39,25.02,25.08,28.89,83.48,20.04,99.93,2.48,124.5,20.38,38.14,0.8,0.7,85.84
2020-05-14,VINH,18.737,105.671,7.45,29.45,33.98,25.32,24.57,29.22,76.45,19.51,99.72,1.73,211.3,23.75,36.37,0.8,0.75,45.53
2020-05-15,VINH,18.737,105.671,2.22,30.31,35.68,25.05,24.14,29.68,70.8,19.07,99.47,2.59,214.7,24.42,36.76,0.75,0.73,52.06
2020-05-16,VINH,18.737,105.671,5.26,30.16,34.62,26.14,25.0,29.81,75.32,20.07,99.44,1.74,204.7,22.29,36.92,0.75,0.72,61.36
2020-05-17,VINH,18.737,105.671,10.25,30.61,35.27,26.67,25.81,30.07,77.0,21.08,99.33,1.72,218.6,22.93,37.35,0.78,0.73,71.39
2020-05-18,VINH,18.737,105.671,1.93,29.94,34.69,26.46,25.44,29.63,77.78,20.63,99.3,2.86,223.2,21.98,37.55,0.74,0.72,62.71
2020-05-19,VINH,18.737,105.671,3.18,29.97,34.35,26.63,25.71,29.63,78.99,20.96,99.33,3.16,227.8,23.16,37.78,0.73,0.71,78.61
2020-05-20,VINH,18.737,105.671,2.65,29.82,33.69,27.21,25.66,29.31,78.74,20.91,99.31,4.23,219.3,20.81,37.91,0.73,0.71,99.05
2020-05-21,VINH,18.737,105.671,0.26,30.71,35.11,27.89,25.52,30.1,74.5,20.73,99.28,4.5,235.1,22.65,38.06,0.7,0.7,99.25
2020-05-22,VINH,18.737,105.671,2.69,29.51,33.46,26.15,25.72,29.11,80.83,20.95,99.43,3.28,237.2,20.98,38.34,0.71,0.7,98.53
2020-05-23,VINH,18.737,105.671,6.08,29.67,34.52,27.1,26.3,29.72,83.37,21.65,99.6,1.9,95.9,17.9,38.16,0.73,0.7,95.79
2020-05-24,VINH,18.737,105.671,0.54,28.85,32.54,26.34,25.26,28.61,81.59,20.3,99.73,3.06,213.6,18.2,36.97,0.71,0.7,92.3
2020-05-25,VINH,18.737,105.671,0.79,29.37,33.96,26.97,24.46,29.02,75.39,19.38,99.69,4.48,226.6,21.79,37.54,0.7,0.69,82.52
2020-05-26,VINH,18.737,105.671,2.52,29.79,34.13,26.57,25.87,29.73,80.93,21.06,99.8,2.24,305.9,23.22,38.12,0.69,0.69,54.18
2020-05-27,VINH,18.737,105.671,8.9,26.12,29.94,23.96,24.03,26.62,88.39,18.83,100.0,2.36,12.0,14.3,37.65,0.73,0.69,97.81
2020-05-28,VINH,18.737,105.671,7.54,27.26,30.16,25.16,24.71,27.5,86.37,19.62,99.86,2.52,136.9,12.58,36.86,0.75,0.71,93.27
2020-05-29,VINH,18.737,105.671,2.33,29.2,34.12,25.4,24.82,29.14,78.43,19.78,99.77,2.55,222.1,18.14,37.24,0.71,0.7,84.89
2020-05-30,VINH,18.737,105.671,0.99,28.89,33.22,25.26,24.49,28.76,78.24,19.36,99.88,3.39,226.9,15.24,38.01,0.7,0.69,92.75
2020-05-31,VINH,18.737,105.671,1.49,29.41,34.01,25.89,24.92,29.41,78.01,19.88,99.84,3.15,222.2,17.51,37.98,0.69,0.68,87.42
2020-06-01,VINH,18.737,105.671,0.73,28.73,32.68,25.27,23.89,28.54,75.55,18.75,99.76,4.19,223.6,17.14,37.86,0.68,0.68,92.76
2020-06-02,VINH,18.737,105.671,0.16,29.25,33.89,25.47,23.86,29.11,73.74,18.7,99.65,3.91,221.4,21.48,37.2,0.66,0.67,64.72
2020-06-03,VINH,18.737,105.671,0.29,28.92,32.01,25.66,24.22,28.76,76.48,19.11,99.58,3.28,221.2,24.35,36.91,0.66,0.66,61.29
2020-06-04,VINH,18.737,105.671,0.34,29.49,33.79,25.87,24.64,29.4,76.25,19.61,99.52,3.23,220.6,24.28,37.19,0.65,0.66,75.87
2020-06-05,VINH,18.737,105.671,0.01,29.28,33.04,26.15,24.39,29.18,75.74,19.33,99.47,3.58,220.5,21.2,37.27,0.64,0.66,91.29
2020-06-06,VINH,18.737,105.671,0.0,29.48,34.14,26.58,24.04,29.24,73.68,18.93,99.46,4.04,217.4,22.66,37.52,0.63,0.65,83.35
2020-06-07,VINH,18.737,105.671,0.0,28.91,32.83,25.66,24.01,28.68,75.68,18.9,99.37,3.87,216.9,19.99,37.66,0.63,0.65,92.54
2020-06-08,VINH,18.737,105.671,0.0,30.02,34.53,26.54,24.24,29.93,72.5,19.17,99.42,3.78,224.8,21.59,37.45,0.62,0.64,92.25
2020-06-09,VINH,18.737,105.671,0.01,30.6,34.84,26.99,25.22,30.51,74.38,20.3,99.56,2.28,216.2,23.31,37.16,0.62,0.64,97.86
2020-06-10,VINH,18.737,105.671,0.5,30.56,34.12,27.14,25.36,30.51,74.94,20.48,99.59,1.96,213.2,23.25,37.57,0.62,0.64,95.26
2020-06-11,VINH,18.737,105.671,0.05,29.47,33.56,26.58,24.99,29.27,77.73,20.04,99.48,2.57,222.0,20.46,37.39,0.62,0.64,96.33
2020-06-12,VINH,18.737,105.671,1.18,30.85,36.14,26.65,24.77,30.81,72.22,19.86,99.23,2.34,224.7,25.19,38.27,0.61,0.63,69.81
2020-06-13,VINH,18.737,105.671,1.02,31.56,36.38,27.68,25.64,31.53,72.79,20.91,99.24,2.2,242.8,22.59,38.31,0.61,0.63,78.46
2020-06-14,VINH,18.737,105.671,2.15,28.89,31.95,26.22,25.46,28.8,82.59,20.61,99.53,2.37,196.4,19.81,37.46,0.62,0.63,97.27
2020-06-15,VINH,18.737,105.671,1.43,28.49,32.13,25.44,24.3,28.54,79.16,19.19,99.69,2.31,199.3,16.88,36.66,0.62,0.63,99.05
2020-06-16,VINH,18.737,105.671,0.53,28.96,32.77,26.52,24.11,29.11,75.8,19.0,99.52,2.87,202.8,15.8,37.6,0.61,0.63,97.09
2020-06-17,VINH,18.737,105.671,0.29,28.75,32.41,25.8,23.25,28.7,72.9,18.05,99.5,3.84,223.6,13.98,37.33,0.6,0.63,90.11
2020-06-18,VINH,18.737,105.671,0.41,30.53,36.31,25.48,23.68,31.15,69.17,18.53,99.5,2.95,209.0,22.78,37.33,0.58,0.62,46.26
2020-06-19,VINH,18.737,105.671,0.15,31.04,36.1,26.73,24.54,31.69,70.44,19.51,99.56,2.13,195.3,21.04,37.76,0.58,0.61,61.78
2020-06-20,VINH,18.737,105.671,0.11,31.36,36.92,26.9,24.71,32.14,70.35,19.76,99.48,2.13,177.3,25.21,37.34,0.57,0.61,28.9
2020-06-21,VINH,18.737,105.671,0.12,31.59,37.38,26.97,24.2,31.83,67.15,19.16,99.3,3.51,223.7,25.77,37.25,0.56,0.6,39.44
2020-06-22,VINH,18.737,105.671,0.11,32.19,38.21,27.16,24.36,32.45,65.83,19.33,99.4,3.18,224.2,25.97,37.15,0.56,0.6,53.78
2020-06-23,VINH,18.737,105.671,0.57,31.52,37.52,27.18,24.51,31.7,68.37,19.48,99.5,3.73,229.2,26.02,36.84,0.56,0.6,64.94
2020-06-24,VINH,18.737,105.671,7.24,30.91,36.63,27.21,25.03,30.86,73.49,20.17,99.39,3.29,226.0,24.27,37.49,0.6,0.6,90.93
2020-06-25,VINH,18.737,105.671,0.13,29.99,34.16,27.2,25.01,29.79,75.68,20.09,99.37,3.54,219.7,16.7,37.83,0.58,0.61,98.83
2020-06-26,VINH,18.737,105.671,0.15,30.16,34.24,26.91,24.31,30.04,72.26,19.25,99.44,3.13,220.0,20.15,37.54,0.57,0.6,92.93
2020-06-27,VINH,18.737,105.671,0.02,30.7,35.51,26.88,24.11,30.78,69.72,19.02,99.49,2.73,216.9,24.5,37.52,0.56,0.6,67.9
2020-06-28,VINH,18.737,105.671,0.01,32.1,37.73,27.29,24.18,32.65,65.5,19.14,99.39,2.32,200.3,24.97,37.67,0.55,0.59,63.37
2020-06-29,VINH,18.737,105.671,0.71,32.09,37.48,27.47,24.45,32.39,66.65,19.49,99.32,2.25,227.0,22.82,37.73,0.55,0.59,86.35
2020-06-30,VINH,18.737,105.671,1.14,31.45,37.06,27.39,24.1,31.63,66.97,19.05,99.26,3.47,234.9,23.7,37.72,0.55,0.59,79.69
2020-07-01,VINH,18.737,105.671,1.41,30.9,35.89,27.18,24.68,31.0,71.68,19.77,99.19,3.03,233.2,22.46,37.5,0.54,0.59,89.42
2020-07-02,VINH,18.737,105.671,1.51,29.77,33.81,27.08,24.01,30.03,71.97,18.92,99.28,3.49,209.2,20.71,37.38,0.56,0.59,96.35
2020-07-03,VINH,18.737,105.671,4.39,30.53,35.34,26.99,24.73,31.07,73.3,19.77,99.46,2.34,175.3,19.02,37.66,0.57,0.59,99.17
2020-07-04,VINH,18.737,105.671,0.84,29.93,35.59,26.49,23.94,30.36,72.4,18.83,99.56,2.2,221.9,19.02,37.37,0.56,0.59,91.32
2020-07-05,VINH,18.737,105.671,0.04,30.67,35.47,26.76,24.06,31.06,69.71,19.0,99.4,2.02,208.8,21.75,37.47,0.54,0.59,68.37
2020-07-06,VINH,18.737,105.671,0.09,31.41,36.61,27.01,24.49,32.16,68.99,19.48,99.48,2.1,183.7,23.88,37.37,0.53,0.58,72.73
2020-07-07,VINH,18.737,105.671,0.21,31.76,37.32,26.91,23.94,32.42,65.41,18.8,99.62,2.8,197.4,23.59,37.2,0.51,0.58,70.1
2020-07-08,VINH,18.737,105.671,0.0,32.43,38.19,28.45,23.5,33.06,61.09,18.33,99.45,4.34,227.3,22.64,37.05,0.5,0.57,84.88
2020-07-09,VINH,18.737,105.671,0.41,31.03,35.99,27.05,23.69,31.21,66.61,18.59,99.26,4.79,229.1,23.6,37.01,0.5,0.57,98.36
2020-07-10,VINH,18.737,105.671,2.06,31.24,36.51,27.38,23.96,31.47,67.16,18.88,99.35,4.82,227.0,22.59,37.13,0.51,0.57,98.42
2020-07-11,VINH,18.737,105.671,0.56,30.09,35.04,26.6,23.71,30.23,70.2,18.58,99.44,3.46,220.4,12.37,37.42,0.51,0.57,98.69
2020-07-12,VINH,18.737,105.671,0.44,30.16,34.98,26.17,23.73,30.31,70.39,18.6,99.49,2.54,224.3,20.92,37.53,0.51,0.57,93.62
2020-07-13,VINH,18.737,105.671,1.33,31.89,37.76,27.19,23.93,32.78,65.94,18.88,99.6,1.75,210.9,22.91,37.24,0.5,0.57,68.27
2020-07-14,VINH,18.737,105.671,1.87,30.92,36.45,26.17,23.74,31.82,68.07,18.61,99.62,2.21,196.0,23.77,37.3,0.52,0.57,54.74
2020-07-15,VINH,18.737,105.671,0.8,32.32,38.54,27.44,23.33,33.55,61.81,18.2,99.47,2.56,179.8,23.43,37.59,0.5,0.57,68.35
2020-07-16,VINH,18.737,105.671,0.16,31.35,36.76,26.61,23.12,32.17,63.82,17.94,99.44,2.92,203.2,25.3,37.75,0.49,0.57,64.72
2020-07-17,VINH,18.737,105.671,0.17,32.4,38.67,27.21,23.05,33.5,60.52,17.86,99.54,3.03,204.1,22.99,37.37,0.48,0.56,85.64
2020-07-18,VINH,18.737,105.671,1.79,32.05,37.95,27.29,23.9,32.68,65.05,18.82,99.55,2.87,218.7,24.01,37.43,0.48,0.56,92.72
2020-07-19,VINH,18.737,105.671,0.94,31.69,37.74,27.84,24.14,32.13,66.79,19.09,99.52,3.32,222.1,23.85,37.43,0.49,0.56,86.65
2020-07-20,VINH,18.737,105.671,1.26,30.51,35.15,26.46,23.84,30.7,69.53,18.7,99.65,1.84,236.9,18.86,37.39,0.5,0.56,97.84
2020-07-21,VINH,18.737,105.671,0.67,31.08,36.29,27.11,23.89,32.2,68.33,18.8,99.75,2.48,132.8,22.76,37.54,0.49,0.56,64.15
2020-07-22,VINH,18.737,105.671,0.19,31.71,37.41,27.23,23.15,33.26,63.21,17.99,99.7,2.15,158.2,23.82,36.84,0.47,0.56,65.19
2020-07-23,VINH,18.737,105.671,0.15,32.01,38.11,27.42,23.2,33.64,62.77,18.05,99.72,2.37,139.2,25.76,37.14,0.46,0.56,44.64
2020-07-24,VINH,18.737,105.671,0.09,31.58,37.44,26.75,23.18,33.03,63.81,17.98,99.71,2.35,118.1,24.54,37.51,0.45,0.55,42.71
2020-07-25,VINH,18.737,105.671,0.1,32.56,38.27,27.78,23.01,34.1,59.64,17.8,99.61,2.39,160.6,24.69,36.9,0.44,0.55,67.57
2020-07-26,VINH,18.737,105.671,0.32,32.6,38.59,28.02,23.0,33.46,59.42,17.82,99.52,2.82,226.9,24.4,37.16,0.43,0.55,80.03
2020-07-27,VINH,18.737,105.671,0.88,32.82,38.9,27.74,22.76,33.67,59.12,17.68,99.47,1.9,235.1,22.33,37.56,0.43,0.55,98.8
2020-07-28,VINH,18.737,105.671,0.88,31.11,35.33,27.68,23.65,31.59,66.12,18.49,99.63,2.02,256.0,19.19,37.2,0.45,0.55,93.02
2020-07-29,VINH,18.737,105.671,0.22,31.77,36.33,28.27,23.26,32.74,62.67,18.12,99.6,1.87,316.7,25.38,37.57,0.44,0.55,54.89
2020-07-30,VINH,18.737,105.671,1.44,31.17,36.21,27.13,24.31,32.14,69.17,19.32,99.44,2.57,80.5,24.25,37.84,0.44,0.55,72.94
2020-07-31,VINH,18.737,105.671,9.81,31.38,36.52,26.95,23.22,32.3,64.18,18.15,99.22,3.0,356.3,18.72,37.12,0.46,0.55,93.16
2020-08-01,VINH,18.737,105.671,261.82,27.45,28.85,26.16,25.85,27.28,90.96,21.29,98.65,5.9,289.0,1.66,36.92,0.97,0.69,98.96
2020-08-02,VINH,18.737,105.671,36.97,26.95,28.47,25.75,24.33,26.33,85.62,19.46,98.43,7.32,212.4,7.46,37.06,0.89,0.79,99.38
2020-08-03,VINH,18.737,105.671,2.71,29.32,32.64,26.41,25.7,29.23,81.66,21.02,98.96,2.32,182.0,13.74,37.56,0.78,0.76,99.62
2020-08-04,VINH,18.737,105.671,6.57,27.66,30.26,26.18,24.86,27.49,85.02,19.92,99.21,2.81,210.6,12.18,37.08,0.78,0.73,99.53
2020-08-05,VINH,18.737,105.671,5.53,29.04,32.43,26.39,25.48,28.97,81.95,20.64,99.46,1.89,201.1,14.25,37.15,0.76,0.72,99.1
2020-08-06,VINH,18.737,105.671,4.64,29.64,33.79,26.37,25.44,30.28,80.02,20.59,99.62,1.89,146.2,14.65,37.08,0.76,0.72,97.66
2020-08-07,VINH,18.737,105.671,1.13,29.02,32.61,25.99,25.39,29.26,81.95,20.51,99.56,2.32,144.4,22.71,37.11,0.73,0.71,76.73
2020-08-08,VINH,18.737,105.671,0.46,29.24,32.85,26.52,25.19,29.48,79.78,20.28,99.44,2.28,119.4,22.81,37.35,0.7,0.7,60.15
2020-08-09,VINH,18.737,105.671,0.42,30.68,34.98,27.26,25.77,30.67,76.04,21.04,99.29,2.36,226.9,24.73,36.94,0.69,0.69,68.18
2020-08-10,VINH,18.737,105.671,0.54,29.35,32.95,26.38,25.53,29.07,80.48,20.74,99.31,3.5,231.7,23.96,37.16,0.68,0.68,72.52
2020-08-11,VINH,18.737,105.671,5.37,29.73,34.16,26.26,25.83,29.67,80.65,21.1,99.4,2.93,226.3,22.16,37.03,0.7,0.68,96.62
2020-08-12,VINH,18.737,105.671,1.94,29.37,33.26,26.52,25.68,29.44,81.81,20.89,99.53,1.74,171.3,22.92,36.83,0.7,0.68,79.42
2020-08-13,VINH,18.737,105.671,4.78,27.62,31.0,25.31,24.77,27.59,85.1,19.75,99.58,2.98,202.4,11.54,37.05,0.71,0.69,99.59
2020-08-14,VINH,18.737,105.671,5.7,27.18,30.12,24.89,24.36,27.4,84.91,19.26,99.64,2.11,192.0,7.91,36.68,0.73,0.69,99.03
2020-08-15,VINH,18.737,105.671,3.19,27.77,31.44,25.06,24.1,28.11,81.18,18.95,99.6,2.17,203.7,14.85,36.8,0.71,0.69,98.4
2020-08-16,VINH,18.737,105.671,5.5,27.47,30.47,24.76,24.02,27.51,82.04,18.88,99.53,2.54,221.1,17.36,36.47,0.72,0.69,95.25
2020-08-17,VINH,18.737,105.671,1.78,27.43,30.91,24.62,24.0,27.42,82.2,18.86,99.53,2.64,220.6,8.56,36.72,0.71,0.69,99.81
2020-08-18,VINH,18.737,105.671,3.69,28.2,31.84,25.18,24.48,28.41,81.03,19.42,99.52,1.88,232.6,13.72,36.83,0.71,0.69,98.63
2020-08-19,VINH,18.737,105.671,7.88,28.59,32.27,26.02,24.34,28.84,78.98,19.26,99.51,1.87,139.9,14.07,37.08,0.71,0.69,98.38
2020-08-20,VINH,18.737,105.671,10.82,27.84,31.36,26.12,24.96,28.43,85.22,19.95,99.71,2.21,94.1,14.1,36.74,0.78,0.71,98.59
2020-08-21,VINH,18.737,105.671,14.21,26.71,27.9,25.67,25.2,26.8,91.4,20.21,99.8,2.54,81.6,15.61,36.97,0.77,0.71,98.51
2020-08-22,VINH,18.737,105.671,6.78,27.92,31.44,25.57,24.86,28.0,84.22,19.81,99.75,2.31,142.2,15.52,37.02,0.78,0.73,93.34
2020-08-23,VINH,18.737,105.671,1.6,29.0,32.88,25.99,25.1,28.99,80.34,20.15,99.57,2.43,207.2,17.62,37.21,0.74,0.72,83.42
2020-08-24,VINH,18.737,105.671,1.83,28.56,32.73,25.57,24.92,28.33,81.36,19.95,99.51,3.73,226.6,18.32,37.19,0.73,0.71,89.89
2020-08-25,VINH,18.737,105.671,2.95,28.48,31.93,25.93,24.89,28.08,81.35,19.93,99.46,4.05,235.7,21.1,36.98,0.73,0.71,90.17
2020-08-26,VINH,18.737,105.671,9.16,28.15,30.22,26.61,24.79,27.74,81.99,19.85,99.31,4.6,236.7,15.31,37.23,0.77,0.72,92.85
2020-08-27,VINH,18.737,105.671,0.33,30.4,34.53,26.72,25.67,30.15,76.85,20.94,99.18,2.62,237.3,22.82,37.28,0.72,0.7,86.51
2020-08-28,VINH,18.737,105.671,12.27,30.58,34.52,26.81,25.85,30.35,77.09,21.14,99.29,2.04,234.4,22.5,36.93,0.75,0.7,95.83
2020-08-29,VINH,18.737,105.671,6.53,29.69,34.15,25.13,24.75,29.61,76.07,19.77,99.44,1.96,246.5,20.79,37.17,0.77,0.72,90.56
2020-08-30,VINH,18.737,105.671,0.48,29.27,33.54,26.14,24.78,29.17,77.84,19.77,99.55,2.08,178.6,22.26,37.08,0.73,0.71,70.09
2020-08-31,VINH,18.737,105.671,0.93,28.96,32.45,25.07,24.69,28.97,78.49,19.62,99.76,1.94,0.3,20.31,36.79,0.71,0.7,55.16
2020-09-01,VINH,18.737,105.671,3.74,29.04,32.25,26.09,24.71,29.06,77.94,19.63,99.76,2.01,325.2,19.05,37.04,0.72,0.7,73.51
2020-09-02,VINH,18.737,105.671,0.63,29.35,32.39,26.58,24.8,28.92,77.05,19.73,99.79,1.59,327.7,20.59,37.12,0.71,0.69,62.82
2020-09-03,VINH,18.737,105.671,0.32,29.49,33.25,26.39,25.07,29.43,78.13,20.06,99.85,1.79,103.3,22.08,36.7,0.69,0.69,80.51
2020-09-04,VINH,18.737,105.671,0.1,28.97,32.46,25.67,24.46,29.38,77.81,19.37,99.74,1.85,159.4,18.96,37.24,0.69,0.68,79.45
2020-09-05,VINH,18.737,105.671,1.02,30.13,34.24,26.29,25.26,30.18,76.44,20.36,99.51,2.02,221.1,23.42,37.1,0.68,0.68,66.66
2020-09-06,VINH,18.737,105.671,1.69,29.7,33.94,26.89,25.23,29.53,77.84,20.34,99.44,4.07,229.3,20.33,36.88,0.67,0.67,98.8
2020-09-07,VINH,18.737,105.671,2.93,29.71,33.24,26.78,25.3,29.44,77.98,20.38,99.65,2.01,264.8,14.72,37.16,0.68,0.67,99.03
2020-09-08,VINH,18.737,105.671,8.0,28.07,30.73,26.41,25.22,28.28,85.09,20.23,99.94,1.68,86.5,13.23,37.05,0.73,0.69,99.32
2020-09-09,VINH,18.737,105.671,1.25,27.97,30.85,25.91,24.92,28.03,83.88,19.88,99.8,1.88,150.4,13.52,36.53,0.7,0.69,90.0
2020-09-10,VINH,18.737,105.671,0.85,28.67,32.53,25.2,24.23,28.48,78.1,19.12,99.57,1.98,216.6,19.43,36.36,0.69,0.68,73.37
2020-09-11,VINH,18.737,105.671,1.87,29.8,33.86,26.25,25.59,29.73,79.28,20.73,99.71,2.13,200.9,21.25,36.69,0.69,0.68,92.94
2020-09-12,VINH,18.737,105.671,1.17,29.16,33.06,26.35,25.3,29.13,80.83,20.32,99.94,1.79,144.4,19.71,37.07,0.68,0.68,98.52
2020-09-13,VINH,18.737,105.671,0.97,28.47,31.99,25.93,24.92,28.49,82.07,19.86,99.99,1.9,114.7,19.02,36.59,0.68,0.67,93.2
2020-09-14,VINH,18.737,105.671,0.53,28.27,31.89,25.8,24.88,28.39,82.84,19.83,99.88,2.01,125.0,19.72,36.58,0.67,0.67,89.66
2020-09-15,VINH,18.737,105.671,0.06,29.57,34.03,26.2,24.36,29.85,75.37,19.27,99.7,1.95,166.6,21.04,36.7,0.66,0.66,81.52
2020-09-16,VINH,18.737,105.671,0.87,30.42,34.97,27.0,25.25,30.69,75.59,20.35,99.57,1.76,173.0,21.25,37.34,0.65,0.66,98.77
2020-09-17,VINH,18.737,105.671,21.25,29.44,32.67,26.36,25.48,29.7,80.62,20.66,99.45,3.32,21.4,15.4,37.35,0.71,0.66,98.59
2020-09-18,VINH,18.737,105.671,223.45,26.16,27.35,23.91,24.92,26.11,92.92,20.08,99.24,7.71,33.8,3.0,37.18,0.99,0.78,98.6
2020-09-19,VINH,18.737,105.671,33.96,27.1,31.09,24.85,24.72,27.2,87.43,19.67,99.67,3.21,108.3,9.16,36.92,0.92,0.83,99.15
2020-09-20,VINH,18.737,105.671,8.14,27.28,29.96,25.12,24.61,27.54,85.76,19.5,99.88,2.14,170.7,8.54,36.63,0.87,0.83,99.11
2020-09-21,VINH,18.737,105.671,3.23,28.44,31.32,26.09,24.84,28.46,81.57,19.77,99.92,1.76,154.4,15.71,36.89,0.84,0.81,98.38
2020-09-22,VINH,18.737,105.671,1.43,28.94,32.9,26.56,25.15,29.23,81.33,20.19,99.84,1.62,143.6,18.23,36.99,0.82,0.8,97.64
2020-09-23,VINH,18.737,105.671,0.2,28.21,31.28,25.54,25.42,28.15,85.48,20.47,99.93,1.76,116.9,18.81,36.58,0.81,0.79,98.77
2020-09-24,VINH,18.737,105.671,5.6,27.71,30.85,25.22,25.22,27.89,86.72,20.2,99.98,2.34,96.0,16.93,36.35,0.81,0.78,97.11
2020-09-25,VINH,18.737,105.671,4.73,28.1,30.74,26.04,25.23,28.12,84.9,20.27,99.75,2.26,166.6,17.07,36.35,0.82,0.79,99.22
2020-09-26,VINH,18.737,105.671,0.54,29.22,32.74,26.99,25.63,28.96,81.7,20.77,99.71,1.74,167.9,20.96,36.55,0.8,0.78,93.19
2020-09-27,VINH,18.737,105.671,15.8,28.14,30.71,26.39,25.82,28.13,87.72,20.98,99.81,2.53,93.7,18.51,36.14,0.83,0.78,98.12
2020-09-28,VINH,18.737,105.671,29.7,27.23,28.97,26.28,25.76,27.03,91.71,20.9,99.81,2.46,72.8,6.4,36.89,0.91,0.82,98.98
2020-09-29,VINH,18.737,105.671,3.86,27.7,30.78,25.5,24.87,27.68,84.95,19.85,99.71,1.57,147.5,10.92,36.68,0.86,0.83,97.35
2020-09-30,VINH,18.737,105.671,1.46,27.79,31.02,25.48,24.31,27.66,81.95,19.19,99.64,1.61,136.1,17.34,36.8,0.84,0.82,72.07
2020-10-01,VINH,18.737,105.671,3.88,27.56,30.45,25.8,24.96,27.53,86.1,19.95,99.73,1.81,107.4,16.39,36.33,0.84,0.82,97.58
2020-10-02,VINH,18.737,105.671,2.29,27.46,29.58,25.91,25.31,27.48,88.27,20.33,99.85,1.83,95.5,8.54,36.82,0.83,0.81,99.2
2020-10-03,VINH,18.737,105.671,21.83,27.03,28.75,25.77,25.45,26.83,91.13,20.49,99.94,2.43,100.7,10.87,36.63,0.88,0.83,98.77
2020-10-04,VINH,18.737,105.671,8.98,27.5,30.45,25.45,24.68,27.39,85.01,19.58,99.92,1.49,108.4,14.0,36.64,0.87,0.84,85.33
2020-10-05,VINH,18.737,105.671,25.67,27.55,29.9,25.79,25.3,27.49,87.81,20.3,100.01,3.16,48.6,15.0,36.55,0.9,0.85,69.66
2020-10-06,VINH,18.737,105.671,42.61,26.65,29.6,24.28,24.72,26.73,89.43,19.58,100.18,6.28,30.3,11.44,36.74,0.95,0.89,97.58
2020-10-07,VINH,18.737,105.671,35.85,24.43,25.1,23.4,23.0,24.47,91.74,17.63,100.19,8.48,24.3,5.67,35.7,0.96,0.91,99.11
2020-10-08,VINH,18.737,105.671,28.49,23.62,24.5,22.19,22.22,23.77,91.98,16.82,100.28,8.23,20.9,4.98,35.35,0.95,0.93,99.08
2020-10-09,VINH,18.737,105.671,26.52,23.2,24.98,21.31,21.49,23.45,90.27,16.07,100.32,7.79,19.4,6.03,35.15,0.95,0.94,99.32
2020-10-10,VINH,18.737,105.671,8.37,22.87,25.18,21.25,20.89,23.1,88.81,15.49,100.21,5.48,11.6,10.4,34.74,0.93,0.94,98.06
2020-10-11,VINH,18.737,105.671,32.13,23.37,25.7,21.79,21.15,23.67,87.75,15.79,99.97,5.39,2.3,11.1,35.13,0.94,0.93,99.21
2020-10-12,VINH,18.737,105.671,22.1,24.2,25.94,22.14,22.59,24.17,90.78,17.26,99.84,5.85,12.9,5.94,35.49,0.95,0.96,99.6
2020-10-13,VINH,18.737,105.671,14.48,24.04,26.41,22.06,22.19,24.24,89.62,16.86,99.76,5.34,348.0,9.7,35.55,0.94,0.96,98.99
2020-10-14,VINH,18.737,105.671,25.44,24.95,27.22,22.62,22.49,24.8,86.29,17.17,99.65,2.63,334.0,5.61,35.76,0.96,0.97,84.83
2020-10-15,VINH,18.737,105.671,210.85,25.88,27.3,24.87,24.74,25.88,93.41,19.65,99.85,3.62,54.1,7.6,36.29,0.99,0.98,98.95
2020-10-16,VINH,18.737,105.671,123.26,24.26,27.27,20.17,23.03,24.23,92.96,17.84,100.05,9.21,29.4,4.52,35.44,1.0,1.0,99.5
2020-10-17,VINH,18.737,105.671,65.03,21.48,22.35,20.23,20.29,21.71,93.25,14.98,100.18,9.32,10.8,4.91,34.52,0.99,1.0,98.83
2020-10-18,VINH,18.737,105.671,338.19,21.74,22.91,20.42,20.85,21.92,94.96,15.53,100.13,9.26,16.1,4.17,34.48,1.0,1.0,99.51
2020-10-19,VINH,18.737,105.671,113.74,20.23,20.61,19.28,19.3,20.5,95.1,14.1,100.35,7.43,357.7,3.18,33.7,1.0,1.0,99.06
2020-10-20,VINH,18.737,105.671,18.41,21.15,22.43,19.55,20.01,21.49,93.46,14.65,100.54,6.55,1.2,4.46,34.53,0.99,1.0,98.12
2020-10-21,VINH,18.737,105.671,0.67,20.77,23.28,18.5,18.31,20.79,85.97,13.14,100.51,4.66,2.3,9.94,32.38,0.97,1.0,98.01
2020-10-22,VINH,18.737,105.671,0.0,21.68,24.23,19.42,17.9,21.55,79.35,12.8,100.38,4.55,1.7,20.33,31.32,0.96,0.99,84.47
2020-10-23,VINH,18.737,105.671,0.03,21.27,24.33,18.52,17.71,21.06,80.52,12.67,100.39,3.89,359.5,19.37,30.77,0.95,0.99,96.89
2020-10-24,VINH,18.737,105.671,0.14,21.41,24.8,18.99,17.96,21.37,81.06,12.88,100.38,3.23,345.3,17.7,31.7,0.95,0.98,83.3
2020-10-25,VINH,18.737,105.671,17.36,21.48,23.95,20.57,19.4,21.7,88.78,14.19,100.17,4.3,336.9,5.84,34.38,0.96,0.98,98.46
2020-10-26,VINH,18.737,105.671,16.82,23.88,26.28,21.34,22.75,23.98,93.45,17.39,100.17,4.66,22.8,5.17,35.73,0.97,0.99,93.46
2020-10-27,VINH,18.737,105.671,1.85,23.84,26.72,21.91,22.14,23.91,90.42,16.73,100.19,3.67,10.1,11.78,34.48,0.95,0.99,99.22
2020-10-28,VINH,18.737,105.671,91.06,24.0,25.4,23.25,22.78,23.84,92.81,17.44,99.88,10.3,27.3,4.41,35.27,0.99,1.0,99.47
2020-10-29,VINH,18.737,105.671,164.09,25.13,26.15,23.93,24.41,24.92,95.68,19.21,100.19,8.75,58.7,4.41,36.38,1.0,1.0,98.42
2020-10-30,VINH,18.737,105.671,142.07,23.81,25.21,22.64,22.91,23.85,94.64,17.47,100.53,5.67,33.0,2.78,36.1,1.0,1.0,99.22
2020-10-31,VINH,18.737,105.671,24.41,23.87,26.56,22.21,22.66,23.9,93.0,17.21,100.58,4.24,45.2,5.3,36.14,0.99,1.0,92.13
2020-11-01,VINH,18.737,105.671,0.95,23.68,26.5,21.8,22.04,23.7,90.62,16.57,100.51,3.19,45.9,7.09,35.86,0.97,1.0,90.8
2020-11-02,VINH,18.737,105.671,0.52,23.74,26.81,20.35,21.79,23.93,88.93,16.31,100.67,5.15,36.4,8.94,35.7,0.96,0.99,95.9
2020-11-03,VINH,18.737,105.671,1.25,21.51,23.44,20.1,19.48,21.63,88.32,14.09,100.76,4.55,20.8,6.13,35.05,0.96,0.99,97.23
2020-11-04,VINH,18.737,105.671,1.53,21.37,23.9,19.84,19.55,21.44,89.5,14.18,100.64,3.75,17.3,7.08,34.34,0.95,0.99,96.07
2020-11-05,VINH,18.737,105.671,1.43,22.4,25.25,20.73,20.66,22.45,89.96,15.2,100.61,3.59,35.1,8.13,34.86,0.95,0.98,92.76
2020-11-06,VINH,18.737,105.671,4.81,22.31,24.76,20.4,20.76,22.16,90.94,15.27,100.75,4.24,28.0,7.45,35.15,0.95,0.98,97.41
2020-11-07,VINH,18.737,105.671,0.07,22.06,25.06,19.17,20.19,22.05,89.5,14.75,100.82,4.19,7.6,9.71,34.94,0.94,0.98,71.42
2020-11-08,VINH,18.737,105.671,0.02,21.58,25.02,18.72,19.19,21.44,86.77,13.85,100.83,4.34,8.6,10.1,34.79,0.94,0.97,76.47
2020-11-09,VINH,18.737,105.671,0.01,20.6,24.35,17.5,17.17,20.24,81.0,12.22,100.76,5.03,13.8,13.8,31.69,0.93,0.97,65.95
2020-11-10,VINH,18.737,105.671,8.24,20.52,23.56,18.53,17.6,20.61,83.84,12.53,100.81,4.81,20.1,14.2,33.04,0.94,0.96,83.93
2020-11-11,VINH,18.737,105.671,10.22,20.07,22.1,18.72,18.06,20.06,88.45,12.88,100.94,5.03,7.9,4.83,33.95,0.95,0.97,98.91
2020-11-12,VINH,18.737,105.671,0.18,20.36,23.82,16.68,17.54,20.03,84.33,12.47,100.87,3.44,1.6,12.95,32.92,0.93,0.96,53.68
2020-11-13,VINH,18.737,105.671,0.01,20.14,24.54,15.49,17.01,19.73,83.09,12.13,100.67,3.58,354.6,19.01,30.2,0.93,0.96,37.06
2020-11-14,VINH,18.737,105.671,6.32,20.23,23.49,17.68,17.44,20.36,84.57,12.44,100.6,5.37,359.6,14.89,32.66,0.93,0.95,72.6
2020-11-15,VINH,18.737,105.671,75.4,21.22,22.37,18.05,20.25,21.03,94.3,14.93,100.29,5.07,358.5,2.55,35.37,0.97,0.98,98.54
2020-11-16,VINH,18.737,105.671,9.24,24.11,27.71,21.35,23.05,23.9,93.9,17.7,100.34,3.67,114.5,8.57,35.4,0.95,0.99,76.85
2020-11-17,VINH,18.737,105.671,0.32,23.86,28.04,20.84,22.35,23.81,91.65,16.96,100.22,2.74,127.9,14.36,35.53,0.94,0.97,61.09
2020-11-18,VINH,18.737,105.671,0.03,24.39,28.45,21.79,22.42,24.26,89.18,17.03,100.15,2.09,133.0,18.04,34.28,0.93,0.97,30.14
2020-11-19,VINH,18.737,105.671,0.03,24.53,28.67,22.12,22.69,24.38,89.96,17.32,100.09,1.9,118.9,15.65,35.16,0.93,0.96,41.23
2020-11-20,VINH,18.737,105.671,0.03,24.29,28.2,21.77,22.38,24.12,89.48,16.99,100.17,2.18,126.4,17.57,34.45,0.92,0.96,34.88
2020-11-21,VINH,18.737,105.671,0.05,24.31,28.03,21.84,22.49,24.22,90.05,17.07,100.3,2.21,108.6,13.96,35.37,0.92,0.95,40.19
2020-11-22,VINH,18.737,105.671,0.35,24.24,27.97,22.01,22.53,23.86,90.6,17.06,100.56,2.21,64.8,11.96,35.52,0.92,0.94,69.35
2020-11-23,VINH,18.737,105.671,1.77,23.8,27.35,21.54,22.31,23.88,91.76,16.83,100.63,3.12,59.9,12.35,34.36,0.92,0.94,53.95
2020-11-24,VINH,18.737,105.671,1.72,23.78,26.97,21.53,22.37,23.88,92.11,16.89,100.64,3.26,70.7,11.64,35.04,0.91,0.94,72.08
2020-11-25,VINH,18.737,105.671,0.43,23.62,26.91,21.14,21.99,23.73,90.87,16.49,100.64,2.82,62.6,12.37,34.18,0.91,0.93,56.14
2020-11-26,VINH,18.737,105.671,1.77,23.66,26.51,21.94,22.09,23.8,91.16,16.56,100.77,3.96,54.5,11.11,35.54,0.91,0.93,83.06
2020-11-27,VINH,18.737,105.671,2.24,22.07,25.08,19.2,20.14,22.12,88.93,14.67,100.99,6.23,43.1,9.07,34.18,0.91,0.93,70.54
2020-11-28,VINH,18.737,105.671,9.3,19.21,21.54,15.87,17.45,19.53,89.76,12.38,101.11,6.07,17.4,6.07,33.62,0.92,0.93,92.43
2020-11-29,VINH,18.737,105.671,6.68,18.1,20.01,16.1,16.01,18.45,87.84,11.28,101.16,5.08,12.2,5.99,33.2,0.92,0.93,91.14
2020-11-30,VINH,18.737,105.671,3.38,17.36,18.95,16.52,15.36,17.65,88.42,10.83,101.18,5.0,9.1,6.81,32.69,0.91,0.93,84.88
2020-12-01,VINH,18.737,105.671,2.95,18.32,20.72,17.04,16.81,18.62,91.24,11.9,101.06,4.75,11.7,5.29,33.8,0.91,0.93,89.95
2020-12-02,VINH,18.737,105.671,2.66,19.13,21.09,17.91,17.56,19.35,90.73,12.47,100.98,5.12,21.1,5.22,33.91,0.91,0.93,92.53
2020-12-03,VINH,18.737,105.671,1.56,18.07,20.36,15.87,15.83,18.19,86.84,11.15,101.06,5.67,21.4,5.44,33.24,0.91,0.93,94.81
2020-12-04,VINH,18.737,105.671,4.26,16.24,17.6,14.71,13.88,16.52,86.01,9.82,101.12,5.51,16.3,4.31,32.19,0.91,0.92,94.14
2020-12-05,VINH,18.737,105.671,3.92,15.61,17.22,14.45,13.47,15.87,87.23,9.56,101.1,4.19,9.3,6.25,31.56,0.91,0.93,81.65
2020-12-06,VINH,18.737,105.671,0.35,16.53,20.03,14.37,14.09,16.71,86.11,9.99,100.99,3.15,0.9,13.62,30.79,0.9,0.92,67.24
2020-12-07,VINH,18.737,105.671,0.97,17.57,20.39,15.39,15.42,17.72,87.43,10.87,101.1,4.38,14.8,7.3,33.21,0.9,0.92,88.14
2020-12-08,VINH,18.737,105.671,0.67,16.61,19.77,14.11,14.48,16.56,87.54,10.24,100.97,3.62,9.8,5.74,31.86,0.9,0.92,78.22
2020-12-09,VINH,18.737,105.671,0.02,17.86,21.76,14.95,15.57,17.78,86.94,11.01,100.65,2.76,20.0,12.41,31.38,0.9,0.91,54.4
2020-12-10,VINH,18.737,105.671,0.12,18.64,22.3,15.96,16.83,18.63,89.63,11.95,100.65,3.15,16.6,8.23,33.94,0.9,0.91,85.73
2020-12-11,VINH,18.737,105.671,0.09,20.12,23.75,17.53,18.65,19.97,91.53,13.43,100.47,2.36,47.6,9.49,34.25,0.9,0.91,70.82
2020-12-12,VINH,18.737,105.671,0.8,20.88,24.79,18.48,19.63,20.67,92.67,14.32,100.24,2.49,73.9,8.4,34.46,0.89,0.91,78.76
2020-12-13,VINH,18.737,105.671,0.66,23.59,28.32,21.06,21.51,23.03,88.86,16.1,100.12,1.98,125.6,14.05,35.32,0.89,0.9,66.19
2020-12-14,VINH,18.737,105.671,24.91,21.02,26.96,15.17,19.39,21.26,90.78,14.24,100.64,5.04,38.2,11.19,34.65,0.93,0.91,84.16
2020-12-15,VINH,18.737,105.671,13.26,16.26,18.16,14.97,14.64,16.73,90.52,10.34,101.12,5.04,7.1,6.03,31.48,0.93,0.93,83.59
2020-12-16,VINH,18.737,105.671,8.09,15.1,16.22,14.11,13.51,15.52,90.61,9.61,101.2,4.99,8.9,5.39,30.52,0.92,0.93,76.25
2020-12-17,VINH,18.737,105.671,9.5,14.77,16.42,13.87,13.33,15.19,91.6,9.52,101.07,4.74,6.0,5.84,30.95,0.92,0.93,83.77
2020-12-18,VINH,18.737,105.671,5.84,13.8,14.87,12.05,12.02,14.26,89.46,8.72,101.27,5.6,2.1,5.63,30.94,0.93,0.94,94.74
2020-12-19,VINH,18.737,105.671,1.3,13.41,15.07,11.54,10.91,13.84,85.11,8.06,101.47,5.84,3.3,6.7,29.84,0.91,0.93,97.4
2020-12-20,VINH,18.737,105.671,0.32,12.98,15.65,11.53,9.27,13.38,78.95,7.23,101.46,5.59,2.0,6.19,29.41,0.91,0.93,89.63
2020-12-21,VINH,18.737,105.671,0.04,12.91,16.25,10.82,8.9,13.01,77.72,7.08,101.21,4.36,0.8,10.47,28.53,0.9,0.92,72.46
2020-12-22,VINH,18.737,105.671,0.03,15.14,18.48,12.71,12.32,15.14,84.12,8.93,100.83,3.25,7.2,9.54,30.12,0.9,0.92,72.52
2020-12-23,VINH,18.737,105.671,0.6,16.92,19.98,14.47,15.34,17.28,90.95,10.88,100.65,3.31,11.9,9.99,31.47,0.9,0.92,88.06
2020-12-24,VINH,18.737,105.671,0.83,16.64,19.61,14.51,15.07,16.62,90.64,10.66,100.75,3.53,13.5,6.66,32.17,0.9,0.92,77.54
2020-12-25,VINH,18.737,105.671,0.44,17.41,20.72,14.83,15.42,17.22,88.35,10.9,100.69,2.58,23.6,6.15,32.97,0.9,0.91,82.76
2020-12-26,VINH,18.737,105.671,0.04,19.2,22.82,16.64,17.69,19.19,91.24,12.64,100.48,1.97,57.1,10.01,33.77,0.9,0.91,85.51
2020-12-27,VINH,18.737,105.671,0.17,21.11,25.41,18.05,20.15,21.15,93.51,14.78,100.34,2.72,102.9,11.44,35.27,0.89,0.91,84.33
2020-12-28,VINH,18.737,105.671,0.01,21.92,26.74,19.07,19.89,21.67,88.88,14.55,100.2,2.65,146.4,15.25,33.64,0.89,0.9,51.26
2020-12-29,VINH,18.737,105.671,0.38,21.47,26.83,14.78,19.13,21.49,86.9,13.97,100.6,3.87,41.4,13.48,35.03,0.89,0.9,77.46
2020-12-30,VINH,18.737,105.671,0.36,14.36,16.96,11.9,10.42,14.45,77.44,7.79,101.44,6.36,22.0,3.87,30.72,0.89,0.89,96.29
2020-12-31,VINH,18.737,105.671,0.67,12.25,14.97,10.32,9.28,12.46,82.55,7.22,101.47,4.91,17.7,5.53,30.23,0.89,0.89,88.56
2021-01-01,VINH,18.737,105.671,0.06,12.03,16.23,8.85,8.31,11.92,79.02,6.79,101.32,3.93,11.6,6.28,28.09,0.88,0.89,52.06
2021-01-02,VINH,18.737,105.671,0.01,13.9,17.47,10.23,10.55,13.7,81.0,7.91,101.02,2.62,10.4,8.2,30.83,0.88,0.89,80.64
2021-01-03,VINH,18.737,105.671,0.93,15.55,18.99,12.57,13.29,15.85,86.89,9.48,101.04,3.53,14.7,8.16,32.08,0.88,0.89,86.26
2021-01-04,VINH,18.737,105.671,0.36,15.6,18.8,12.84,12.99,15.3,84.97,9.29,100.96,2.7,6.0,9.62,31.0,0.88,0.88,73.35
2021-01-05,VINH,18.737,105.671,1.67,17.09,20.59,14.93,15.53,17.4,90.82,10.98,100.93,3.42,18.6,7.92,33.3,0.88,0.88,86.45
2021-01-06,VINH,18.737,105.671,2.16,16.59,19.75,14.39,14.75,16.7,89.2,10.43,100.79,3.35,25.2,5.39,32.44,0.88,0.88,75.81
2021-01-07,VINH,18.737,105.671,11.78,15.17,18.42,11.01,13.48,15.53,89.74,9.63,101.03,5.85,17.7,5.0,31.22,0.9,0.89,78.01
2021-01-08,VINH,18.737,105.671,5.84,10.94,12.05,8.86,8.75,11.54,86.65,6.98,101.43,6.11,10.4,4.88,29.51,0.9,0.9,85.92
2021-01-09,VINH,18.737,105.671,1.09,10.79,13.47,8.8,7.86,11.56,83.27,6.61,101.25,4.56,6.7,5.62,30.44,0.89,0.89,89.86
2021-01-10,VINH,18.737,105.671,0.72,11.3,14.2,9.57,8.0,12.15,81.15,6.65,101.29,4.68,7.4,6.35,31.04,0.88,0.89,92.97
2021-01-11,VINH,18.737,105.671,0.04,10.56,12.26,9.6,5.82,11.01,72.99,5.68,101.75,6.52,10.1,7.31,29.83,0.88,0.89,84.83
2021-01-12,VINH,18.737,105.671,0.0,11.48,15.87,7.91,5.97,11.56,70.01,5.77,101.28,3.81,14.4,12.94,27.33,0.87,0.88,45.01
2021-01-13,VINH,18.737,105.671,0.0,14.06,18.95,10.32,9.27,14.03,74.17,7.27,100.76,2.14,52.0,17.94,26.7,0.87,0.87,8.62
2021-01-14,VINH,18.737,105.671,0.0,16.2,20.88,12.92,13.34,15.85,83.92,9.54,100.59,1.76,65.5,17.58,29.24,0.87,0.87,35.44
2021-01-15,VINH,18.737,105.671,0.02,17.75,22.23,15.26,16.05,17.65,90.43,11.38,100.43,2.03,73.0,11.61,33.63,0.87,0.87,81.75
2021-01-16,VINH,18.737,105.671,0.01,18.24,22.49,15.88,16.86,18.55,91.68,11.95,100.64,2.93,50.2,8.51,33.83,0.87,0.87,89.93
2021-01-17,VINH,18.737,105.671,0.01,13.36,18.18,10.25,11.04,13.55,85.91,8.22,101.52,6.52,8.3,3.39,31.59,0.87,0.86,94.19
2021-01-18,VINH,18.737,105.671,0.0,12.54,16.51,8.99,7.72,12.16,72.98,6.51,101.19,2.9,2.9,11.32,26.95,0.86,0.86,29.62
2021-01-19,VINH,18.737,105.671,0.0,15.05,19.54,11.83,11.6,14.75,80.95,8.5,100.75,1.89,60.1,19.12,27.21,0.86,0.86,20.46
2021-01-20,VINH,18.737,105.671,0.0,17.63,23.48,13.98,15.39,17.29,87.2,10.9,100.52,2.06,78.0,14.77,32.11,0.85,0.85,72.95
2021-01-21,VINH,18.737,105.671,0.04,17.97,23.41,14.76,16.17,18.08,89.46,11.46,100.47,2.08,44.7,14.9,32.81,0.85,0.85,72.64
2021-01-22,VINH,18.737,105.671,0.03,17.74,22.34,14.43,16.11,17.18,90.49,11.42,100.49,1.97,45.1,8.17,32.88,0.85,0.85,72.16
2021-01-23,VINH,18.737,105.671,0.0,17.92,22.88,14.39,15.93,17.65,88.94,11.29,100.45,2.08,104.8,17.41,30.06,0.85,0.84,27.8
2021-01-24,VINH,18.737,105.671,0.0,20.77,27.46,16.82,17.67,20.25,84.16,12.65,100.27,1.83,152.5,18.44,31.97,0.84,0.84,28.18
2021-01-25,VINH,18.737,105.671,0.0,20.36,25.66,17.33,18.85,20.45,90.45,13.59,100.51,2.14,91.0,10.56,35.43,0.84,0.83,85.42
2021-01-26,VINH,18.737,105.671,0.01,19.88,24.24,17.23,18.04,19.24,89.62,12.9,100.56,2.11,83.8,15.13,32.64,0.84,0.83,68.76
2021-01-27,VINH,18.737,105.671,0.03,19.91,24.47,16.98,18.25,20.09,89.77,13.06,100.6,2.4,95.3,13.19,33.8,0.83,0.83,76.86
2021-01-28,VINH,18.737,105.671,0.1,17.64,22.36,15.01,15.82,17.74,89.32,11.2,101.07,4.29,37.9,7.23,33.18,0.84,0.82,90.22
2021-01-29,VINH,18.737,105.671,0.05,17.47,20.69,15.07,15.65,17.4,89.55,11.02,100.95,3.07,49.1,8.51,32.98,0.83,0.82,95.03
2021-01-30,VINH,18.737,105.671,0.55,18.42,22.64,16.19,16.53,18.78,89.48,11.67,100.82,2.81,62.6,8.96,33.73,0.83,0.82,89.51
2021-01-31,VINH,18.737,105.671,0.7,19.42,23.7,17.24,17.91,19.01,91.16,12.76,100.77,2.71,91.8,8.79,34.17,0.83,0.82,87.96
2021-02-01,VINH,18.737,105.671,0.21,19.73,24.47,16.61,17.93,19.52,89.53,12.79,100.74,2.65,113.8,11.56,33.51,0.82,0.81,71.57
2021-02-02,VINH,18.737,105.671,0.74,19.82,24.31,17.18,18.06,19.77,90.16,12.88,100.82,2.22,87.6,9.64,34.44,0.82,0.81,84.88
2021-02-03,VINH,18.737,105.671,0.11,19.87,24.35,17.06,18.02,19.65,89.36,12.84,100.89,2.25,93.1,10.46,33.28,0.82,0.8,74.1
2021-02-04,VINH,18.737,105.671,0.05,19.51,23.94,16.69,17.39,19.25,88.46,12.33,100.89,2.22,88.4,11.67,33.1,0.81,0.8,72.31
2021-02-05,VINH,18.737,105.671,0.04,19.46,24.18,16.4,17.07,19.2,86.91,12.1,100.76,2.09,106.1,12.31,32.68,0.81,0.8,68.8
2021-02-06,VINH,18.737,105.671,0.07,19.14,23.73,15.99,16.93,19.08,87.91,12.01,100.6,2.0,81.8,12.05,32.26,0.8,0.79,61.6
2021-02-07,VINH,18.737,105.671,0.34,20.36,24.85,17.71,18.52,20.74,89.75,13.29,100.55,2.52,79.6,11.11,34.76,0.8,0.79,85.85
2021-02-08,VINH,18.737,105.671,8.02,19.98,23.35,17.88,18.33,20.24,90.64,13.14,100.52,3.58,47.2,6.63,34.32,0.82,0.79,95.26
2021-02-09,VINH,18.737,105.671,33.84,16.33,20.18,13.61,15.19,16.53,93.05,10.8,100.52,4.59,1.2,2.62,33.29,0.91,0.83,96.57
2021-02-10,VINH,18.737,105.671,0.42,16.69,21.34,13.08,13.72,16.65,83.28,9.77,100.61,2.71,352.7,16.77,29.3,0.84,0.83,30.85
2021-02-11,VINH,18.737,105.671,0.26,17.65,22.34,14.51,14.72,17.51,83.61,10.42,100.68,2.01,62.8,16.8,30.39,0.83,0.82,42.53
2021-02-12,VINH,18.737,105.671,0.01,17.94,22.11,15.03,14.17,17.48,79.09,10.04,100.7,1.98,76.5,12.7,30.98,0.82,0.81,51.04
2021-02-13,VINH,18.737,105.671,0.01,19.0,23.41,16.66,15.13,18.83,79.22,10.69,100.66,1.71,80.2,18.4,32.36,0.81,0.8,59.78
2021-02-14,VINH,18.737,105.671,0.04,19.44,23.73,16.67,16.85,19.45,85.8,11.96,100.53,2.06,106.2,14.68,32.11,0.81,0.8,38.06
2021-02-15,VINH,18.737,105.671,0.0,20.97,26.21,18.2,18.55,20.89,87.01,13.36,100.27,2.13,110.0,17.58,33.25,0.81,0.79,60.65
2021-02-16,VINH,18.737,105.671,0.07,21.06,26.09,18.07,19.06,21.58,88.58,13.75,100.53,2.64,82.9,12.61,35.25,0.8,0.79,86.84
2021-02-17,VINH,18.737,105.671,0.14,18.68,22.52,16.07,15.95,18.78,84.59,11.25,101.04,3.85,37.6,7.7,33.98,0.8,0.79,93.13
2021-02-18,VINH,18.737,105.671,0.19,18.65,22.98,15.56,16.39,18.83,87.69,11.53,101.24,3.72,41.3,8.38,33.61,0.8,0.78,89.41
2021-02-19,VINH,18.737,105.671,0.11,18.01,23.07,13.62,14.39,17.62,80.16,10.2,101.15,3.0,45.2,10.9,31.03,0.79,0.78,54.21
2021-02-20,VINH,18.737,105.671,0.0,18.23,22.99,14.59,15.0,18.27,82.4,10.6,100.81,1.99,92.8,22.36,28.32,0.79,0.78,3.43
2021-02-21,VINH,18.737,105.671,0.0,20.01,26.54,16.03,16.71,20.32,83.0,11.88,100.46,2.73,142.4,22.41,30.49,0.78,0.77,27.47
2021-02-22,VINH,18.737,105.671,0.0,20.72,25.62,17.5,18.45,21.23,87.34,13.25,100.42,2.25,100.8,13.57,34.62,0.78,0.76,67.53
2021-02-23,VINH,18.737,105.671,0.0,20.9,25.6,17.79,18.3,21.38,86.05,13.14,100.28,2.41,122.2,18.26,33.63,0.77,0.76,46.73
2021-02-24,VINH,18.737,105.671,0.0,22.78,28.27,19.02,19.66,22.79,83.94,14.38,99.92,2.64,133.2,19.31,33.26,0.77,0.75,35.89
2021-02-25,VINH,18.737,105.671,0.01,25.34,32.17,20.47,20.58,24.43,76.75,15.31,99.57,2.03,215.4,15.3,35.62,0.76,0.75,44.53
2021-02-26,VINH,18.737,105.671,1.07,25.28,32.32,20.5,20.84,25.17,79.47,15.51,99.72,2.39,67.3,14.07,37.32,0.76,0.74,84.46
2021-02-27,VINH,18.737,105.671,2.11,19.71,22.22,17.98,17.99,20.24,90.17,12.9,100.19,3.05,33.2,6.84,36.01,0.77,0.74,94.08
2021-02-28,VINH,18.737,105.671,1.69,22.43,26.28,19.62,20.89,22.35,91.42,15.5,100.14,2.25,89.5,8.04,35.86,0.77,0.75,88.46
2021-03-01,VINH,18.737,105.671,3.51,24.14,30.14,17.92,21.52,24.37,86.61,16.09,100.44,2.78,56.4,11.57,36.43,0.76,0.74,83.21
2021-03-02,VINH,18.737,105.671,4.14,18.02,20.74,16.33,15.38,18.76,84.99,10.84,100.82,3.41,23.4,7.12,33.86,0.78,0.75,89.03
2021-03-03,VINH,18.737,105.671,5.96,20.15,23.06,18.01,18.59,20.54,91.1,13.34,100.67,2.4,37.2,5.35,35.31,0.79,0.75,92.98
2021-03-04,VINH,18.737,105.671,2.31,21.56,24.74,20.03,20.27,21.49,92.57,14.86,100.39,2.21,90.3,8.03,35.69,0.79,0.76,82.64
2021-03-05,VINH,18.737,105.671,2.0,25.56,30.71,21.83,22.23,25.56,83.08,16.83,100.14,1.79,142.2,11.66,37.33,0.77,0.75,81.35
2021-03-06,VINH,18.737,105.671,2.44,25.63,32.64,21.21,22.05,25.47,82.97,16.6,100.33,1.89,73.1,16.27,36.98,0.77,0.74,76.15
2021-03-07,VINH,18.737,105.671,2.38,20.86,25.08,18.22,19.02,21.38,89.44,13.76,100.64,3.0,48.0,8.85,36.02,0.77,0.74,90.86
2021-03-08,VINH,18.737,105.671,0.24,22.95,27.78,19.97,20.94,23.38,88.71,15.47,100.56,2.5,108.3,11.34,35.99,0.75,0.74,91.78
2021-03-09,VINH,18.737,105.671,0.14,23.45,28.4,19.81,21.21,23.55,87.75,15.72,100.56,3.15,120.9,15.92,34.72,0.74,0.73,53.97
2021-03-10,VINH,18.737,105.671,0.08,23.76,28.94,20.08,21.32,24.06,86.85,15.83,100.53,3.12,121.6,17.57,34.98,0.73,0.72,57.43
2021-03-11,VINH,18.737,105.671,0.17,23.23,27.94,20.07,21.27,23.47,88.46,15.77,100.65,2.92,108.6,13.88,35.09,0.73,0.72,60.15
2021-03-12,VINH,18.737,105.671,0.01,23.22,27.98,19.98,21.2,23.69,88.21,15.69,100.67,3.14,101.5,13.12,35.25,0.72,0.71,70.32
2021-03-13,VINH,18.737,105.671,0.01,22.98,27.6,19.63,20.77,23.52,87.77,15.29,100.56,3.14,99.2,11.79,35.57,0.72,0.71,68.71
2021-03-14,VINH,18.737,105.671,0.0,23.11,27.67,19.91,20.43,23.69,85.98,15.03,100.26,3.19,126.3,13.32,35.23,0.71,0.7,63.4
2021-03-15,VINH,18.737,105.671,0.0,24.77,30.73,21.01,21.25,24.94,82.71,15.86,100.03,2.49,128.0,13.1,36.0,0.7,0.7,70.75
2021-03-16,VINH,18.737,105.671,0.0,25.01,30.68,21.65,21.85,25.43,84.03,16.44,100.03,2.58,119.1,11.08,37.48,0.7,0.69,79.46
2021-03-17,VINH,18.737,105.671,0.02,25.59,30.57,22.66,22.72,26.12,85.16,17.35,100.0,2.66,122.2,11.56,36.5,0.69,0.69,84.41
2021-03-18,VINH,18.737,105.671,0.02,25.93,31.49,22.56,22.06,26.17,80.78,16.67,99.94,2.54,130.6,11.79,36.49,0.68,0.69,72.78
2021-03-19,VINH,18.737,105.671,0.0,26.24,32.08,23.25,22.73,26.45,82.57,17.4,99.79,2.24,129.3,12.28,36.97,0.68,0.68,78.82
2021-03-20,VINH,18.737,105.671,0.26,25.66,30.3,22.89,23.22,26.13,87.24,17.91,99.84,2.45,96.9,11.45,36.97,0.68,0.68,87.67
2021-03-21,VINH,18.737,105.671,15.54,19.28,26.37,15.5,16.91,19.71,86.26,12.18,100.79,7.0,20.6,6.03,33.57,0.76,0.7,99.05
2021-03-22,VINH,18.737,105.671,2.73,16.85,18.31,15.72,13.97,17.47,83.62,9.89,101.2,5.35,13.1,9.28,32.44,0.74,0.71,88.03
2021-03-23,VINH,18.737,105.671,0.45,19.35,22.61,17.34,16.69,20.2,85.23,11.81,100.79,3.15,30.4,16.6,33.53,0.72,0.7,73.16
2021-03-24,VINH,18.737,105.671,0.18,21.29,25.5,18.79,18.83,22.12,86.55,13.57,100.39,2.82,84.4,14.2,35.21,0.7,0.69,82.24
2021-03-25,VINH,18.737,105.671,0.16,23.47,27.85,20.62,21.27,23.97,87.72,15.83,100.23,3.28,109.6,12.15,35.85,0.69,0.69,83.99
2021-03-26,VINH,18.737,105.671,0.08,25.43,30.61,22.55,22.46,25.93,84.72,17.08,99.99,3.14,126.3,12.48,36.9,0.68,0.68,79.46
2021-03-27,VINH,18.737,105.671,0.03,26.42,31.99,23.4,23.1,26.6,83.41,17.81,99.78,1.87,110.5,11.84,37.5,0.67,0.68,79.05
2021-03-28,VINH,18.737,105.671,0.09,27.09,31.63,24.35,23.88,27.13,83.46,18.7,99.66,1.91,132.4,11.78,36.88,0.67,0.67,81.04
2021-03-29,VINH,18.737,105.671,0.01,29.58,35.29,24.98,23.67,28.84,72.14,18.54,99.37,2.41,229.5,19.07,36.48,0.66,0.67,46.42
2021-03-30,VINH,18.737,105.671,0.19,28.98,34.32,25.16,23.09,28.09,72.33,17.9,99.29,2.92,235.1,18.64,36.73,0.65,0.66,74.17
2021-03-31,VINH,18.737,105.671,0.1,30.26,36.55,24.95,22.94,29.47,67.37,17.76,99.24,2.5,227.1,17.01,36.6,0.64,0.65,41.39
2021-04-01,VINH,18.737,105.671,0.15,31.27,37.74,25.53,22.23,30.27,61.81,17.0,99.38,1.19,237.5,19.45,37.16,0.63,0.65,53.01
2021-04-02,VINH,18.737,105.671,0.99,29.86,36.16,24.67,23.72,29.82,72.71,18.56,99.66,1.37,148.8,14.79,37.93,0.63,0.65,92.51
2021-04-03,VINH,18.737,105.671,0.44,26.15,28.92,23.44,23.89,26.49,87.92,18.64,99.99,2.11,92.7,14.92,36.3,0.63,0.65,89.29
2021-04-04,VINH,18.737,105.671,0.84,25.63,31.01,21.68,22.31,26.43,83.63,16.89,100.21,3.19,82.9,15.57,35.21,0.62,0.64,93.21
2021-04-05,VINH,18.737,105.671,0.08,25.34,30.33,21.79,21.95,26.18,82.81,16.49,100.38,3.1,89.6,13.87,35.87,0.62,0.64,85.62
2021-04-06,VINH,18.737,105.671,0.1,25.55,30.21,22.5,22.19,26.42,83.23,16.72,100.44,3.26,94.4,14.95,35.37,0.61,0.64,65.19
2021-04-07,VINH,18.737,105.671,0.11,25.91,30.67,22.28,22.27,26.79,82.09,16.85,100.22,2.92,113.2,14.32,35.72,0.61,0.63,76.25
2021-04-08,VINH,18.737,105.671,0.74,26.78,32.26,22.98,22.45,27.81,79.42,17.06,100.13,2.82,89.6,17.75,36.36,0.6,0.63,78.68
2021-04-09,VINH,18.737,105.671,7.08,25.11,30.2,22.25,21.83,26.22,83.38,16.37,100.36,4.12,53.8,10.67,36.45,0.63,0.63,91.78
2021-04-10,VINH,18.737,105.671,2.27,25.27,29.13,22.91,22.4,25.97,85.22,16.93,100.49,3.03,79.1,9.74,35.87,0.64,0.64,87.61
2021-04-11,VINH,18.737,105.671,0.21,25.69,30.27,22.24,22.46,26.29,83.59,17.0,100.49,3.21,110.7,13.53,35.76,0.61,0.63,89.89
2021-04-12,VINH,18.737,105.671,0.06,26.87,32.01,23.3,22.5,27.64,78.54,17.08,100.27,2.75,120.2,18.95,36.26,0.6,0.63,83.49
2021-04-13,VINH,18.737,105.671,0.01,27.12,32.4,23.12,22.79,27.82,79.19,17.41,100.1,2.49,119.9,16.71,36.47,0.6,0.62,91.55
2021-04-14,VINH,18.737,105.671,0.05,28.13,33.4,24.31,23.15,28.73,76.44,17.84,99.93,1.78,109.4,19.73,36.51,0.59,0.62,90.28
2021-04-15,VINH,18.737,105.671,0.13,28.44,33.54,24.61,23.61,28.89,77.25,18.38,99.83,1.29,112.1,15.83,36.75,0.59,0.62,75.7
2021-04-16,VINH,18.737,105.671,3.78,27.57,32.44,23.61,23.54,28.09,80.61,18.25,100.07,2.4,107.1,12.23,36.91,0.61,0.62,96.52
2021-04-17,VINH,18.737,105.671,26.79,25.3,28.73,22.9,22.88,25.73,87.12,17.46,100.35,2.37,50.9,11.2,36.29,0.74,0.65,95.31
2021-04-18,VINH,18.737,105.671,16.1,26.04,30.16,23.33,23.24,26.48,85.44,17.9,100.07,2.41,103.1,15.66,36.91,0.76,0.68,89.59
2021-04-19,VINH,18.737,105.671,0.53,27.32,32.47,23.34,23.46,27.73,80.79,18.21,99.78,1.94,158.1,17.77,36.4,0.68,0.67,74.01
2021-04-20,VINH,18.737,105.671,0.32,29.14,34.91,24.44,23.1,29.5,72.22,17.83,99.74,2.33,180.7,22.79,35.55,0.64,0.66,46.62
2021-04-21,VINH,18.737,105.671,0.01,29.58,35.17,25.22,23.66,29.98,72.81,18.44,99.82,2.15,143.1,20.49,36.58,0.62,0.64,67.61
2021-04-22,VINH,18.737,105.671,0.0,29.59,35.59,25.18,23.82,30.21,74.06,18.64,99.68,2.17,122.4,18.42,37.69,0.61,0.64,83.43
2021-04-23,VINH,18.737,105.671,0.0,30.62,36.57,25.76,23.73,31.02,69.14,18.6,99.53,1.93,175.6,18.93,36.87,0.6,0.63,59.01
2021-04-24,VINH,18.737,105.671,0.09,31.42,37.12,27.05,25.13,31.73,71.98,20.26,99.57,1.68,176.4,17.26,37.23,0.59,0.62,91.28
2021-04-25,VINH,18.737,105.671,20.73,29.29,33.06,25.81,25.03,28.88,79.29,20.03,99.79,1.39,162.9,14.3,37.61,0.69,0.64,97.92
2021-04-26,VINH,18.737,105.671,17.98,27.27,31.0,25.0,25.32,27.36,89.57,20.33,99.94,2.47,82.5,13.29,36.79,0.76,0.67,99.4
2021-04-27,VINH,18.737,105.671,4.18,25.3,27.54,23.58,23.78,25.38,91.53,18.46,100.29,2.73,84.1,12.2,36.27,0.73,0.69,98.16
2021-04-28,VINH,18.737,105.671,55.77,25.48,28.71,22.12,23.44,25.91,88.93,18.07,100.37,4.5,60.7,15.46,36.78,0.8,0.69,91.13
2021-04-29,VINH,18.737,105.671,26.52,21.18,22.64,20.24,19.41,21.58,89.67,14.07,100.47,3.2,344.6,8.42,35.16,0.85,0.76,98.32
2021-04-30,VINH,18.737,105.671,3.29,24.78,28.44,22.55,21.68,25.39,83.57,16.26,100.18,1.96,93.1,19.55,36.3,0.78,0.74,88.6
2021-05-01,VINH,18.737,105.671,0.47,26.23,29.9,24.02,23.8,26.61,87.11,18.52,100.11,2.07,103.0,17.01,36.87,0.74,0.72,95.78
2021-05-02,VINH,18.737,105.671,0.73,28.21,32.03,24.74,24.33,28.34,80.72,19.17,99.92,1.83,157.9,18.82,36.13,0.73,0.71,82.16
2021-05-03,VINH,18.737,105.671,0.58,28.62,32.42,25.37,24.7,28.65,80.39,19.64,99.77,1.78,172.3,21.77,36.31,0.72,0.7,82.36
2021-05-04,VINH,18.737,105.671,0.93,29.01,33.07,25.89,24.65,28.54,78.31,19.57,99.77,1.86,193.2,22.3,36.35,0.71,0.7,83.73
2021-05-05,VINH,18.737,105.671,4.33,27.18,30.31,24.8,24.86,27.36,87.72,19.74,100.1,2.19,65.4,15.71,36.61,0.73,0.7,98.53
2021-05-06,VINH,18.737,105.671,1.18,26.29,28.57,23.84,24.39,26.4,89.52,19.17,100.3,2.5,113.1,14.85,35.95,0.72,0.7,94.08
2021-05-07,VINH,18.737,105.671,0.03,27.84,32.94,24.14,23.64,28.04,79.71,18.36,100.08,2.42,140.6,21.03,35.93,0.7,0.69,67.82
2021-05-08,VINH,18.737,105.671,0.07,29.62,34.76,25.4,23.54,30.08,72.07,18.31,99.81,1.77,156.8,24.43,36.17,0.68,0.68,68.01
2021-05-09,VINH,18.737,105.671,2.53,29.86,34.57,24.93,24.38,29.52,74.09,19.29,99.65,2.12,223.2,21.72,35.98,0.68,0.67,51.21
2021-05-10,VINH,18.737,105.671,4.25,29.98,35.32,25.56,24.96,29.83,76.24,19.99,99.59,2.69,212.7,24.44,36.08,0.69,0.67,44.74
2021-05-11,VINH,18.737,105.671,0.26,30.21,35.72,25.46,24.66,30.06,73.93,19.64,99.52,2.92,214.6,24.51,36.38,0.66,0.67,41.13
2021-05-12,VINH,18.737,105.671,0.58,29.99,35.22,25.78,24.6,29.74,74.49,19.58,99.49,2.78,216.4,23.18,36.83,0.65,0.66,39.16
2021-05-13,VINH,18.737,105.671,2.61,30.3,35.25,26.18,25.47,30.43,77.19,20.63,99.51,2.33,169.7,16.4,36.55,0.65,0.66,84.39
2021-05-14,VINH,18.737,105.671,2.3,30.2,34.17,27.19,25.68,30.28,78.27,20.9,99.52,1.86,172.2,20.99,37.31,0.66,0.66,75.1
2021-05-15,VINH,18.737,105.671,1.03,30.13,33.93,27.08,25.82,29.89,78.74,21.04,99.57,2.1,189.5,20.01,37.17,0.65,0.66,78.16
2021-05-16,VINH,18.737,105.671,0.87,30.06,34.08,26.71,25.42,30.16,77.44,20.53,99.65,2.14,202.1,22.71,37.51,0.64,0.65,80.7
2021-05-17,VINH,18.737,105.671,1.96,30.14,34.58,27.09,25.42,30.18,77.37,20.54,99.68,1.59,183.9,20.38,37.46,0.65,0.65,86.67
2021-05-18,VINH,18.737,105.671,0.08,31.12,36.35,27.22,25.35,30.97,73.28,20.47,99.59,1.88,199.5,22.54,37.19,0.63,0.65,91.74
2021-05-19,VINH,18.737,105.671,0.11,30.35,34.2,27.25,25.86,30.06,77.81,21.1,99.48,2.33,209.4,21.76,37.19,0.63,0.65,79.53
2021-05-20,VINH,18.737,105.671,0.06,30.79,35.5,27.35,25.19,30.39,73.32,20.26,99.53,2.71,216.4,20.61,37.14,0.62,0.64,66.22
2021-05-21,VINH,18.737,105.671,0.79,31.39,36.66,27.26,25.0,31.1,70.47,20.06,99.42,3.14,224.8,23.63,37.07,0.61,0.64,47.42
2021-05-22,VINH,18.737,105.671,0.68,31.51,36.57,27.06,25.24,31.25,71.19,20.39,99.31,2.94,223.8,24.44,37.22,0.61,0.63,47.97
2021-05-23,VINH,18.737,105.671,1.03,31.49,36.5,27.57,25.45,31.6,72.43,20.61,99.51,2.09,172.2,24.32,37.39,0.6,0.63,53.25
2021-05-24,VINH,18.737,105.671,49.56,28.34,31.27,26.42,25.62,28.64,86.01,20.73,99.81,2.86,62.6,15.81,37.52,0.75,0.65,96.41
2021-05-25,VINH,18.737,105.671,27.35,26.16,28.23,24.27,24.74,26.23,91.97,19.67,99.74,2.35,42.7,8.58,36.95,0.86,0.74,96.69
2021-05-26,VINH,18.737,105.671,0.72,27.42,30.69,25.23,24.85,27.45,86.56,19.81,99.71,1.98,104.6,18.51,37.75,0.75,0.72,77.9
2021-05-27,VINH,18.737,105.671,4.6,28.05,31.11,25.99,25.98,28.25,88.96,21.19,99.78,2.28,102.7,21.57,37.06,0.74,0.71,80.06
2021-05-28,VINH,18.737,105.671,0.55,29.37,32.8,26.41,25.64,29.36,81.17,20.79,99.72,1.98,155.4,19.53,37.48,0.72,0.7,87.74
2021-05-29,VINH,18.737,105.671,0.52,30.01,33.91,27.02,25.86,29.75,79.27,21.09,99.57,2.55,217.5,20.34,37.5,0.71,0.69,86.99
2021-05-30,VINH,18.737,105.671,0.21,29.1,32.27,26.61,25.32,28.72,80.36,20.48,99.36,3.46,226.0,22.98,37.48,0.7,0.69,85.34
2021-05-31,VINH,18.737,105.671,0.03,30.19,33.69,27.84,26.06,29.78,79.09,21.41,99.31,3.53,227.4,24.59,37.32,0.68,0.68,86.52
2021-06-01,VINH,18.737,105.671,0.08,29.46,32.63,27.36,26.0,29.18,81.92,21.32,99.37,3.19,215.4,25.29,37.38,0.68,0.68,86.14
2021-06-02,VINH,18.737,105.671,0.03,30.36,34.97,27.13,26.09,30.01,78.59,21.46,99.35,3.17,219.5,23.81,37.46,0.67,0.67,94.47
2021-06-03,VINH,18.737,105.671,0.37,30.39,33.6,28.12,26.24,29.9,78.85,21.61,99.43,3.83,228.9,23.47,37.32,0.66,0.67,95.07
2021-06-04,VINH,18.737,105.671,1.39,27.73,30.01,25.74,23.88,27.84,80.17,18.71,99.72,2.88,37.9,13.87,37.62,0.66,0.66,98.89
2021-06-05,VINH,18.737,105.671,17.71,29.06,32.0,26.5,25.53,29.43,82.0,20.68,99.52,1.96,131.6,10.64,37.72,0.75,0.68,99.23
2021-06-06,VINH,18.737,105.671,3.8,28.06,30.26,26.33,25.64,27.9,86.87,20.84,99.38,2.19,207.3,17.32,37.28,0.72,0.69,95.79
2021-06-07,VINH,18.737,105.671,13.45,28.12,31.75,25.29,25.06,28.24,84.3,20.13,99.43,2.53,166.9,14.66,37.34,0.76,0.7,99.23
2021-06-08,VINH,18.737,105.671,5.06,29.1,33.22,26.14,25.54,29.36,82.17,20.72,99.47,1.66,181.4,8.88,36.88,0.73,0.7,99.2
2021-06-09,VINH,18.737,105.671,2.66,28.23,32.1,25.56,24.67,28.26,81.81,19.66,99.42,2.5,213.6,14.21,36.46,0.72,0.7,98.93
2021-06-10,VINH,18.737,105.671,2.0,29.09,32.56,26.03,25.26,29.19,80.88,20.4,99.32,1.85,220.8,18.91,36.57,0.71,0.69,97.97
2021-06-11,VINH,18.737,105.671,31.28,28.07,31.5,25.8,25.33,28.19,85.72,20.46,99.38,2.75,13.8,18.4,37.15,0.78,0.7,99.14
2021-06-12,VINH,18.737,105.671,257.43,27.11,29.57,24.63,25.51,27.13,90.99,20.78,99.1,3.84,289.7,2.51,36.73,0.97,0.8,99.03
2021-06-13,VINH,18.737,105.671,8.0,27.02,30.95,24.5,23.81,26.71,82.9,18.74,99.14,4.65,202.4,12.09,36.51,0.86,0.82,96.86
2021-06-14,VINH,18.737,105.671,0.06,28.04,32.15,25.01,23.76,27.77,78.3,18.64,99.26,3.99,220.2,19.9,36.92,0.8,0.79,68.24
2021-06-15,VINH,18.737,105.671,0.0,29.01,33.61,25.73,24.64,28.77,78.06,19.68,99.23,3.81,230.6,21.18,37.57,0.78,0.77,79.52
2021-06-16,VINH,18.737,105.671,0.0,29.26,33.36,26.27,24.67,28.92,76.95,19.66,99.46,4.32,226.7,23.17,37.49,0.76,0.75,66.05
2021-06-17,VINH,18.737,105.671,0.0,28.72,33.21,25.31,24.49,28.43,78.44,19.44,99.6,4.11,228.0,24.96,37.44,0.76,0.74,52.18
2021-06-18,VINH,18.737,105.671,0.0,29.16,33.54,26.03,24.69,28.82,77.47,19.67,99.55,4.26,229.6,25.98,37.5,0.74,0.73,47.39
2021-06-19,VINH,18.737,105.671,0.0,29.91,33.57,27.01,24.76,29.37,74.41,19.79,99.37,5.22,234.0,26.72,37.42,0.73,0.72,47.49
2021-06-20,VINH,18.737,105.671,0.04,30.19,34.84,27.01,24.95,29.7,74.25,20.05,99.22,4.94,235.2,27.11,37.39,0.71,0.71,44.03
2021-06-21,VINH,18.737,105.671,0.24,30.14,34.33,27.13,25.74,29.78,77.92,21.02,99.25,3.98,229.8,26.81,36.73,0.71,0.7,62.53
2021-06-22,VINH,18.737,105.671,0.74,29.06,32.49,26.16,25.33,28.8,80.71,20.47,99.46,3.72,226.6,23.12,37.38,0.71,0.7,89.47
2021-06-23,VINH,18.737,105.671,0.73,29.19,32.66,26.54,25.49,28.94,81.0,20.65,99.49,3.36,226.4,16.48,36.94,0.71,0.7,98.89
2021-06-24,VINH,18.737,105.671,1.65,28.33,30.99,26.18,25.13,28.24,83.39,20.22,99.42,2.68,206.3,19.5,36.52,0.72,0.7,90.06
2021-06-25,VINH,18.737,105.671,0.69,29.03,32.72,26.28,25.29,29.06,81.08,20.4,99.42,2.38,212.7,23.81,36.76,0.71,0.7,70.22
2021-06-26,VINH,18.737,105.671,0.55,28.81,32.08,26.42,25.51,28.73,82.92,20.65,99.59,2.45,214.3,22.49,36.88,0.71,0.7,85.57
2021-06-27,VINH,18.737,105.671,4.58,28.87,32.09,26.36,25.08,28.47,80.46,20.14,99.5,4.07,227.7,19.01,37.6,0.72,0.7,89.57
2021-06-28,VINH,18.737,105.671,0.42,28.8,31.44,27.11,24.52,28.25,77.87,19.51,99.34,5.18,231.8,20.09,37.26,0.72,0.7,92.76
2021-06-29,VINH,18.737,105.671,0.69,29.19,32.94,26.35,24.46,28.78,76.29,19.44,99.31,4.53,226.8,17.01,37.51,0.69,0.69,98.81
2021-06-30,VINH,18.737,105.671,0.41,29.09,33.34,26.6,24.72,28.83,78.06,19.74,99.38,4.02,219.0,18.19,37.41,0.69,0.68,98.94
2021-07-01,VINH,18.737,105.671,0.16,29.67,33.65,27.0,24.75,29.34,75.5,19.78,99.39,4.06,224.0,21.56,37.5,0.68,0.68,93.95
2021-07-02,VINH,18.737,105.671,0.08,29.44,33.18,26.78,24.7,29.1,76.45,19.69,99.47,4.02,227.4,22.51,37.02,0.67,0.67,97.68
2021-07-03,VINH,18.737,105.671,0.06,29.6,33.92,26.45,25.01,29.37,77.2,20.09,99.41,3.35,227.1,24.15,37.72,0.66,0.67,84.87
2021-07-04,VINH,18.737,105.671,0.24,30.75,35.48,26.7,25.63,30.73,75.81,20.85,99.42,2.54,228.5,25.59,37.44,0.66,0.66,73.6
2021-07-05,VINH,18.737,105.671,2.14,30.14,34.73,26.49,25.86,30.35,79.44,21.14,99.44,1.99,129.1,22.51,37.84,0.66,0.66,78.62
2021-07-06,VINH,18.737,105.671,5.41,29.14,32.67,25.8,25.07,29.45,79.66,20.12,99.48,2.09,110.8,20.74,37.28,0.67,0.66,89.44
2021-07-07,VINH,18.737,105.671,58.04,27.57,29.84,25.92,25.12,27.68,87.08,20.22,99.46,2.49,325.2,3.42,37.31,0.86,0.72,98.99
2021-07-08,VINH,18.737,105.671,3.71,28.16,31.3,26.0,25.73,28.25,87.14,20.91,99.6,3.96,129.9,18.5,37.19,0.76,0.73,78.3
2021-07-09,VINH,18.737,105.671,13.68,28.01,30.98,25.87,25.34,28.22,86.02,20.39,99.78,4.17,110.6,19.45,37.21,0.78,0.72,66.81
2021-07-10,VINH,18.737,105.671,11.03,27.83,30.71,25.76,25.4,27.95,87.11,20.45,99.86,3.71,112.9,20.62,36.93,0.79,0.73,83.08
2021-07-11,VINH,18.737,105.671,4.15,27.81,30.87,25.08,25.55,27.95,87.97,20.62,99.94,3.04,121.6,21.66,36.84,0.76,0.73,61.71
2021-07-12,VINH,18.737,105.671,1.04,28.36,31.83,25.56,25.09,28.59,83.34,20.08,99.85,2.62,142.2,25.52,36.33,0.74,0.72,52.54
2021-07-13,VINH,18.737,105.671,1.49,29.67,33.61,26.46,25.5,29.74,79.42,20.62,99.66,2.27,159.8,24.66,36.8,0.73,0.71,57.82
2021-07-14,VINH,18.737,105.671,1.68,28.59,32.36,25.7,25.35,28.7,83.59,20.42,99.67,2.47,131.2,23.7,36.59,0.72,0.7,51.77
2021-07-15,VINH,18.737,105.671,1.02,28.5,32.54,25.51,25.12,28.72,82.84,20.13,99.79,2.56,135.7,23.06,36.64,0.71,0.7,59.38
2021-07-16,VINH,18.737,105.671,0.29,29.04,33.25,25.57,23.97,29.41,75.77,18.79,99.78,2.38,140.0,24.21,36.6,0.69,0.69,39.3
2021-07-17,VINH,18.737,105.671,0.29,30.63,34.89,26.68,25.34,30.6,74.73,20.5,99.39,1.83,230.0,26.19,36.89,0.68,0.68,63.11
2021-07-18,VINH,18.737,105.671,8.46,30.34,34.8,26.68,25.52,30.24,76.91,20.76,99.19,2.43,234.4,22.66,37.13,0.71,0.68,93.98
2021-07-19,VINH,18.737,105.671,5.29,29.35,33.58,25.91,24.95,29.71,78.32,20.04,99.28,2.05,234.6,19.2,37.17,0.73,0.7,98.78
2021-07-20,VINH,18.737,105.671,2.7,28.13,31.75,25.44,24.86,28.13,83.04,19.93,99.31,2.54,221.6,19.49,36.78,0.72,0.7,97.23
2021-07-21,VINH,18.737,105.671,3.97,28.44,32.62,25.64,24.62,28.34,80.47,19.65,99.2,3.49,234.7,16.01,37.13,0.71,0.69,98.94
2021-07-22,VINH,18.737,105.671,5.64,28.21,32.14,25.59,24.35,27.96,80.21,19.37,99.06,4.51,230.6,11.69,36.97,0.72,0.69,99.66
2021-07-23,VINH,18.737,105.671,43.77,27.2,30.05,25.05,24.26,26.75,84.08,19.28,98.91,5.92,246.3,6.54,36.81,0.84,0.72,99.29
2021-07-24,VINH,18.737,105.671,47.54,26.99,28.37,25.5,25.6,26.99,92.17,20.92,98.86,3.45,253.1,3.21,37.29,0.92,0.79,90.93
2021-07-25,VINH,18.737,105.671,4.65,28.21,30.81,26.04,25.78,28.0,86.83,21.12,99.09,3.44,315.7,14.56,37.24,0.83,0.79,91.72
2021-07-26,VINH,18.737,105.671,0.11,27.83,30.68,26.38,24.13,27.43,80.56,19.1,99.03,4.44,234.9,21.02,36.8,0.79,0.77,78.75
2021-07-27,VINH,18.737,105.671,1.03,29.02,32.26,26.71,24.88,28.51,78.77,20.0,98.96,4.96,239.2,23.52,36.75,0.77,0.75,66.77
2021-07-28,VINH,18.737,105.671,2.97,28.54,31.4,26.49,25.1,28.06,81.97,20.28,98.95,4.51,229.6,23.69,36.99,0.77,0.75,71.67
2021-07-29,VINH,18.737,105.671,3.02,28.38,30.87,26.44,25.31,28.01,83.71,20.5,99.12,4.12,235.8,20.49,37.37,0.78,0.75,95.7
2021-07-30,VINH,18.737,105.671,3.98,29.31,32.86,27.2,25.76,28.88,81.5,21.06,99.17,4.53,233.0,17.14,37.61,0.77,0.75,99.25
2021-07-31,VINH,18.737,105.671,4.75,29.15,32.47,26.58,25.6,28.59,81.51,20.89,99.05,5.42,232.7,14.81,37.48,0.77,0.74,98.42
2021-08-01,VINH,18.737,105.671,1.83,28.16,31.26,25.96,25.02,27.8,83.32,20.18,99.03,4.07,236.1,11.55,37.12,0.76,0.74,99.33
2021-08-02,VINH,18.737,105.671,0.88,28.19,31.15,25.94,24.52,27.77,80.61,19.58,99.06,5.0,237.3,16.31,37.58,0.75,0.74,93.07
2021-08-03,VINH,18.737,105.671,0.85,29.41,32.89,26.88,24.91,28.99,77.18,20.0,99.2,5.33,242.1,21.55,36.95,0.74,0.72,88.43
2021-08-04,VINH,18.737,105.671,0.23,29.15,32.83,26.76,24.48,28.72,76.25,19.5,99.17,5.7,238.6,19.42,37.61,0.73,0.72,97.73
2021-08-05,VINH,18.737,105.671,0.36,30.09,34.18,26.98,24.87,29.74,74.18,19.97,99.15,5.87,241.1,22.83,37.32,0.71,0.71,73.76
2021-08-06,VINH,18.737,105.671,0.3,28.99,32.47,26.66,24.44,28.57,76.74,19.45,99.24,5.87,237.7,23.02,37.11,0.71,0.7,75.83
2021-08-07,VINH,18.737,105.671,0.04,29.81,33.23,27.29,24.76,29.38,74.72,19.8,99.31,5.34,238.3,22.93,37.12,0.7,0.69,89.9
2021-08-08,VINH,18.737,105.671,0.24,29.68,34.23,25.99,25.13,29.49,77.34,20.27,99.39,3.7,233.7,22.59,37.62,0.69,0.69,92.24
2021-08-09,VINH,18.737,105.671,0.39,30.57,34.59,27.52,25.94,30.33,77.25,21.29,99.26,3.22,231.7,20.9,37.76,0.69,0.68,98.51
2021-08-10,VINH,18.737,105.671,2.1,28.78,31.32,26.92,25.58,28.55,83.22,20.77,99.39,2.37,204.1,16.4,37.58,0.7,0.69,99.18
2021-08-11,VINH,18.737,105.671,3.01,29.05,32.68,26.33,25.85,28.84,83.51,21.07,99.65,2.26,219.7,17.13,37.1,0.71,0.69,97.23
2021-08-12,VINH,18.737,105.671,1.88,28.38,31.64,26.22,25.2,28.2,83.39,20.25,99.68,3.37,218.0,19.53,37.02,0.71,0.69,84.77
2021-08-13,VINH,18.737,105.671,4.28,28.3,31.83,25.93,25.1,28.13,83.23,20.21,99.37,3.58,219.4,20.88,36.81,0.72,0.69,89.03
2021-08-14,VINH,18.737,105.671,1.8,29.02,32.99,25.93,25.08,29.13,80.29,20.17,99.38,2.48,223.6,13.55,37.34,0.71,0.69,99.39
2021-08-15,VINH,18.737,105.671,1.25,28.67,31.99,25.96,24.78,28.74,80.38,19.74,99.75,2.76,201.0,15.5,36.73,0.7,0.69,98.37
2021-08-16,VINH,18.737,105.671,0.08,28.35,32.85,25.41,23.72,28.44,77.1,18.46,100.0,3.21,221.4,20.0,36.67,0.68,0.68,96.18
2021-08-17,VINH,18.737,105.671,0.1,29.89,35.32,25.39,23.98,29.94,72.59,18.8,99.86,2.51,235.4,24.25,37.02,0.67,0.67,60.19
2021-08-18,VINH,18.737,105.671,0.3,30.35,34.81,26.91,24.87,30.4,74.11,19.88,99.65,2.02,233.3,25.29,36.97,0.66,0.67,66.03
2021-08-19,VINH,18.737,105.671,0.34,28.95,32.24,26.14,24.76,28.74,78.83,19.71,99.73,2.05,232.4,20.01,37.04,0.67,0.67,85.06
2021-08-20,VINH,18.737,105.671,0.12,29.5,33.78,25.7,24.5,29.79,76.12,19.4,99.86,2.04,192.8,23.33,37.36,0.65,0.66,42.93
2021-08-21,VINH,18.737,105.671,0.75,30.76,36.17,26.46,24.85,31.21,72.87,19.85,99.68,2.48,199.9,24.07,36.94,0.64,0.65,80.21
2021-08-22,VINH,18.737,105.671,1.49,29.7,34.02,26.66,25.13,29.69,77.73,20.21,99.5,3.05,220.9,23.14,37.27,0.64,0.65,69.92
2021-08-23,VINH,18.737,105.671,0.51,29.28,33.29,26.52,24.98,29.17,78.59,20.03,99.46,3.09,224.6,25.22,37.15,0.64,0.65,60.26
2021-08-24,VINH,18.737,105.671,1.74,30.11,34.01,27.1,25.38,30.14,77.11,20.54,99.47,1.89,194.4,22.54,37.27,0.64,0.65,87.08
2021-08-25,VINH,18.737,105.671,1.32,29.36,33.32,26.39,25.42,29.69,80.76,20.56,99.56,2.87,115.1,21.58,37.37,0.64,0.65,73.77
2021-08-26,VINH,18.737,105.671,12.51,28.47,31.61,25.59,24.87,28.97,81.8,19.83,99.81,3.32,101.2,19.69,36.95,0.69,0.65,85.04
2021-08-27,VINH,18.737,105.671,18.52,27.75,31.05,25.57,24.9,28.14,85.15,19.83,99.86,3.05,118.1,18.14,36.65,0.76,0.68,91.13
2021-08-28,VINH,18.737,105.671,9.43,26.86,29.22,25.2,24.52,27.0,87.2,19.37,99.91,2.25,110.3,10.27,35.97,0.76,0.7,94.55
2021-08-29,VINH,18.737,105.671,7.83,27.28,30.01,25.02,24.17,27.46,83.45,18.97,99.95,2.08,76.8,21.12,35.82,0.74,0.7,79.88
2021-08-30,VINH,18.737,105.671,5.35,27.21,29.72,25.47,24.35,27.15,84.62,19.17,99.99,1.62,100.5,13.11,36.17,0.74,0.7,98.41
2021-08-31,VINH,18.737,105.671,1.49,27.7,30.88,24.86,23.86,27.81,80.12,18.61,99.97,1.71,112.3,15.04,36.15,0.71,0.69,99.3
2021-09-01,VINH,18.737,105.671,3.35,28.08,31.06,25.92,24.36,28.15,80.8,19.2,99.88,1.36,32.9,17.68,36.52,0.71,0.69,95.88
2021-09-02,VINH,18.737,105.671,1.95,27.88,30.17,26.1,23.77,27.79,78.69,18.55,99.75,1.3,39.9,17.96,36.37,0.71,0.69,96.83
2021-09-03,VINH,18.737,105.671,2.93,28.42,31.52,25.74,24.29,28.55,79.55,19.21,99.57,1.81,137.6,19.15,36.5,0.7,0.68,94.55
2021-09-04,VINH,18.737,105.671,2.35,28.09,30.6,25.51,24.68,27.96,82.19,19.63,99.62,1.85,231.9,17.53,36.74,0.7,0.68,89.02
2021-09-05,VINH,18.737,105.671,7.84,28.03,31.45,25.66,24.5,28.26,82.06,19.36,99.89,1.98,98.4,15.17,37.19,0.73,0.69,96.3
2021-09-06,VINH,18.737,105.671,14.11,27.25,29.46,25.56,25.23,27.43,88.93,20.2,100.04,2.83,42.6,9.64,36.35,0.78,0.7,99.14
2021-09-07,VINH,18.737,105.671,54.58,27.13,28.55,26.34,25.55,27.12,91.08,20.63,99.84,3.52,14.6,9.4,36.83,0.85,0.73,98.26
2021-09-08,VINH,18.737,105.671,104.74,26.85,28.29,25.75,25.42,26.68,91.82,20.51,99.7,5.0,88.4,11.13,36.71,0.97,0.83,99.16
2021-09-09,VINH,18.737,105.671,26.57,26.95,29.07,25.11,25.08,26.69,89.51,20.06,99.91,3.02,83.4,9.72,36.1,0.92,0.86,98.32
2021-09-10,VINH,18.737,105.671,4.08,27.38,30.27,25.22,24.71,27.31,85.56,19.64,99.82,2.73,349.0,18.53,36.02,0.86,0.84,95.96
2021-09-11,VINH,18.737,105.671,11.69,28.09,30.6,25.97,25.14,27.57,84.16,20.22,99.53,2.4,308.7,12.9,36.57,0.87,0.83,98.39
2021-09-12,VINH,18.737,105.671,7.37,28.37,31.87,25.88,24.1,28.1,78.31,19.01,99.35,2.22,302.4,22.06,36.75,0.86,0.83,88.87
2021-09-13,VINH,18.737,105.671,18.01,28.23,30.65,25.98,25.88,28.21,87.4,21.09,99.61,3.09,45.2,14.19,37.41,0.88,0.83,97.63
2021-09-14,VINH,18.737,105.671,31.55,27.29,29.13,26.12,25.99,27.22,92.64,21.17,99.93,3.03,78.1,8.92,37.12,0.93,0.86,99.15
2021-09-15,VINH,18.737,105.671,14.31,27.49,29.47,25.9,26.04,27.51,91.86,21.21,100.05,2.89,100.3,15.99,36.55,0.9,0.88,99.34
2021-09-16,VINH,18.737,105.671,7.04,27.16,29.56,25.48,25.34,27.21,89.91,20.35,99.94,2.15,108.7,13.51,36.41,0.89,0.87,99.27
2021-09-17,VINH,18.737,105.671,2.03,28.91,32.92,25.44,24.49,29.23,78.1,19.36,99.9,1.47,155.6,14.36,36.58,0.87,0.87,88.46
2021-09-18,VINH,18.737,105.671,0.75,28.12,31.99,25.57,24.78,28.06,82.87,19.68,99.97,1.91,133.4,23.61,36.35,0.86,0.86,31.72
2021-09-19,VINH,18.737,105.671,1.16,28.15,31.5,25.65,24.53,28.11,81.21,19.38,99.97,1.99,101.4,21.03,36.24,0.85,0.85,59.44
2021-09-20,VINH,18.737,105.671,38.41,27.36,29.68,25.87,25.29,27.47,88.59,20.28,99.97,2.98,66.8,10.62,36.67,0.94,0.88,98.23
2021-09-21,VINH,18.737,105.671,17.09,26.69,28.6,24.51,24.53,26.53,87.94,19.4,99.9,2.18,68.4,17.31,36.51,0.92,0.9,87.7
2021-09-22,VINH,18.737,105.671,39.23,26.64,29.63,25.06,24.5,26.75,88.28,19.36,99.91,2.37,74.6,15.26,36.93,0.95,0.92,94.85
2021-09-23,VINH,18.737,105.671,17.48,26.78,28.78,25.28,25.07,26.87,90.39,20.01,100.02,3.76,48.4,15.82,36.33,0.93,0.92,95.95
2021-09-24,VINH,18.737,105.671,77.87,26.74,28.15,25.7,25.35,26.47,91.97,20.39,99.86,6.37,75.4,3.79,36.45,0.99,0.95,99.41
2021-09-25,VINH,18.737,105.671,35.55,26.53,28.43,24.96,25.07,26.41,91.65,20.02,99.99,4.05,101.7,3.27,36.39,0.97,0.98,99.32
2021-09-26,VINH,18.737,105.671,27.41,26.08,27.9,24.54,24.52,26.14,91.17,19.35,100.07,2.34,79.3,14.78,36.37,0.97,0.98,95.69
2021-09-27,VINH,18.737,105.671,3.9,26.17,28.23,24.16,23.79,26.01,86.78,18.52,100.1,2.18,50.4,12.24,36.27,0.95,0.98,72.53
2021-09-28,VINH,18.737,105.671,0.05,27.22,30.38,24.52,23.8,27.05,81.83,18.55,100.0,1.71,43.0,21.71,35.16,0.94,0.97,16.88
2021-09-29,VINH,18.737,105.671,0.06,27.66,31.22,25.22,24.48,27.61,83.51,19.34,99.91,1.68,88.3,21.99,35.42,0.93,0.96,13.28
2021-09-30,VINH,18.737,105.671,0.03,27.6,31.34,24.87,24.75,27.91,85.18,19.65,99.93,2.01,123.7,21.8,35.76,0.92,0.95,23.73
2021-10-01,VINH,18.737,105.671,2.34,27.82,31.53,25.23,24.88,28.08,84.63,19.81,99.94,2.3,106.8,19.34,36.68,0.92,0.95,48.15
2021-10-02,VINH,18.737,105.671,11.38,26.52,30.07,24.12,24.04,26.55,86.55,18.83,100.01,2.34,101.5,18.95,35.88,0.93,0.95,51.94
2021-10-03,VINH,18.737,105.671,5.17,27.11,30.4,25.09,24.38,27.3,85.38,19.19,100.04,2.41,89.2,20.92,34.7,0.92,0.95,22.77
2021-10-04,VINH,18.737,105.671,29.13,27.24,30.18,25.38,24.71,27.46,86.46,19.57,100.05,2.74,35.5,17.88,36.16,0.94,0.95,67.87
2021-10-05,VINH,18.737,105.671,101.59,26.97,29.21,25.3,25.11,26.87,89.62,20.07,99.96,3.13,53.2,8.27,37.04,0.99,0.98,96.08
2021-10-06,VINH,18.737,105.671,30.38,26.86,28.95,24.99,24.77,26.58,88.42,19.72,99.7,3.63,28.8,9.72,35.93,0.97,0.99,98.64
2021-10-07,VINH,18.737,105.671,4.31,27.03,29.65,24.71,24.72,26.88,87.43,19.72,99.49,4.08,353.5,10.32,36.65,0.95,0.98,98.74
2021-10-08,VINH,18.737,105.671,2.41,25.9,28.29,23.82,23.37,25.8,86.18,18.16,99.52,4.32,336.0,14.24,35.87,0.94,0.97,98.25
2021-10-09,VINH,18.737,105.671,14.82,26.38,29.54,24.02,23.55,26.21,84.79,18.37,99.47,4.04,332.8,15.8,36.34,0.95,0.97,99.08
2021-10-10,VINH,18.737,105.671,41.71,26.85,29.68,24.27,23.85,26.85,84.18,18.71,99.39,2.49,347.8,8.29,36.73,0.96,0.98,99.64
2021-10-11,VINH,18.737,105.671,49.52,25.23,27.42,21.23,24.15,25.08,93.72,19.11,99.68,7.27,33.4,5.46,36.39,0.99,0.99,98.59
2021-10-12,VINH,18.737,105.671,2.6,22.23,24.64,19.82,19.8,22.63,86.38,14.5,99.9,5.09,350.4,11.7,34.01,0.96,0.99,95.26
2021-10-13,VINH,18.737,105.671,76.67,21.46,22.15,20.59,20.03,21.85,91.54,14.78,99.49,5.53,319.5,6.94,34.53,0.99,0.99,99.42
2021-10-14,VINH,18.737,105.671,43.4,23.11,24.31,20.92,21.37,23.05,89.87,16.05,99.58,3.46,278.0,7.71,35.59,0.98,1.0,99.14
2021-10-15,VINH,18.737,105.671,85.61,24.7,25.65,23.37,23.73,24.82,94.38,18.51,99.93,5.83,16.3,6.5,36.31,0.99,1.0,98.73
2021-10-16,VINH,18.737,105.671,45.15,20.9,23.05,18.23,19.67,21.23,92.95,14.39,100.56,8.76,4.4,4.54,33.89,1.0,1.0,98.49
2021-10-17,VINH,18.737,105.671,92.68,20.62,21.54,18.57,19.42,20.98,93.36,14.17,100.55,8.54,8.7,5.02,33.96,1.0,1.0,98.73
2021-10-18,VINH,18.737,105.671,24.48,20.69,21.95,19.51,19.7,21.05,94.99,14.46,100.63,5.82,348.1,7.34,34.28,0.99,1.0,92.19
2021-10-19,VINH,18.737,105.671,2.12,23.96,26.04,20.59,22.55,23.93,91.82,17.12,100.58,2.06,356.3,8.34,35.16,0.98,1.0,58.41
2021-10-20,VINH,18.737,105.671,0.2,26.33,30.06,23.84,24.34,26.31,89.34,19.11,100.31,2.1,125.8,18.95,35.87,0.97,1.0,42.09
2021-10-21,VINH,18.737,105.671,6.52,23.82,31.28,18.22,21.57,24.12,88.2,16.37,100.53,5.08,9.7,16.48,35.85,0.97,0.99,77.88
2021-10-22,VINH,18.737,105.671,6.29,19.6,21.96,17.83,17.99,20.11,90.73,12.85,100.98,6.04,2.0,8.34,32.73,0.96,0.99,76.53
2021-10-23,VINH,18.737,105.671,0.45,20.1,22.09,18.49,18.23,20.53,89.25,13.03,100.99,4.52,3.1,11.31,32.94,0.95,0.99,77.9
2021-10-24,VINH,18.737,105.671,0.56,20.42,23.13,18.35,18.37,20.67,88.23,13.14,100.87,3.91,4.6,6.92,33.51,0.95,0.98,62.78
2021-10-25,VINH,18.737,105.671,0.05,21.54,24.95,19.11,19.0,21.59,85.8,13.7,100.61,3.27,14.8,11.11,33.6,0.94,0.98,60.85
2021-10-26,VINH,18.737,105.671,0.13,22.39,26.1,19.77,19.82,22.38,85.91,14.44,100.55,3.18,19.5,15.1,33.56,0.94,0.97,85.26
2021-10-27,VINH,18.737,105.671,24.72,23.03,25.29,21.59,21.33,23.02,90.38,15.86,100.53,4.78,16.7,7.39,35.21,0.96,0.97,98.67
2021-10-28,VINH,18.737,105.671,48.89,23.39,25.75,21.38,22.44,23.46,94.47,17.01,100.54,4.78,15.3,4.84,35.75,0.98,1.0,93.43
2021-10-29,VINH,18.737,105.671,17.04,24.21,27.14,21.92,23.09,24.26,93.58,17.67,100.61,3.06,38.4,7.58,35.45,0.97,1.0,62.71
2021-10-30,VINH,18.737,105.671,20.77,23.95,26.37,22.07,22.88,24.06,93.85,17.45,100.63,4.66,24.0,6.8,35.22,0.97,1.0,58.83
2021-10-31,VINH,18.737,105.671,14.02,24.15,27.06,22.37,23.13,24.27,94.1,17.71,100.56,3.35,41.3,7.2,34.91,0.97,1.0,50.71
2021-11-01,VINH,18.737,105.671,17.62,24.45,27.24,22.55,23.15,24.57,92.65,17.73,100.54,3.18,54.9,9.3,35.44,0.97,1.0,65.5
2021-11-02,VINH,18.737,105.671,17.22,24.57,27.53,22.32,23.36,24.67,93.11,17.97,100.53,3.38,64.6,6.87,35.85,0.97,1.0,83.08
2021-11-03,VINH,18.737,105.671,6.77,24.62,28.03,22.29,23.24,24.48,92.2,17.87,100.39,2.63,77.4,9.66,35.33,0.96,1.0,67.44
2021-11-04,VINH,18.737,105.671,0.39,25.24,28.97,22.93,23.39,25.25,89.95,18.04,100.22,2.4,122.5,17.56,34.85,0.96,0.99,37.99
2021-11-05,VINH,18.737,105.671,0.05,25.84,29.5,23.55,23.84,25.78,89.12,18.59,99.95,2.21,130.2,18.71,34.64,0.95,0.98,25.15
2021-11-06,VINH,18.737,105.671,0.05,26.2,30.59,23.25,24.18,26.34,89.35,19.01,99.88,2.29,111.3,18.84,35.42,0.94,0.98,28.71
2021-11-07,VINH,18.737,105.671,5.87,24.23,28.54,18.83,21.88,24.42,86.95,16.62,100.38,5.02,32.1,15.2,34.7,0.94,0.97,37.99
2021-11-08,VINH,18.737,105.671,1.02,18.3,20.75,15.64,15.09,18.66,81.97,10.64,100.96,5.82,7.8,5.79,32.75,0.94,0.97,86.87
2021-11-09,VINH,18.737,105.671,0.19,18.06,20.3,16.38,14.47,18.34,79.96,10.23,100.98,4.17,5.3,10.23,32.62,0.93,0.97,72.48
2021-11-10,VINH,18.737,105.671,0.02,18.19,21.57,16.01,14.25,18.52,78.51,10.09,100.87,3.73,3.6,11.75,31.65,0.93,0.96,68.2
2021-11-11,VINH,18.737,105.671,0.59,20.31,23.01,18.1,17.06,20.41,82.12,12.13,100.67,3.02,9.7,11.66,33.59,0.92,0.95,91.13
2021-11-12,VINH,18.737,105.671,0.52,20.12,22.43,18.74,17.79,20.09,86.54,12.67,100.82,4.66,14.0,7.36,33.89,0.92,0.95,97.69
2021-11-13,VINH,18.737,105.671,0.0,19.43,22.84,16.95,15.93,19.37,80.67,11.25,100.79,3.69,13.8,7.36,32.73,0.92,0.94,72.4
2021-11-14,VINH,18.737,105.671,0.02,20.63,23.35,18.74,17.66,20.61,83.51,12.59,100.62,3.06,16.3,7.39,33.44,0.91,0.94,86.2
2021-11-15,VINH,18.737,105.671,0.55,21.65,24.0,19.67,20.26,21.71,92.07,14.87,100.43,3.12,18.8,9.53,34.69,0.91,0.94,91.09
2021-11-16,VINH,18.737,105.671,2.29,23.22,26.61,21.07,21.95,23.19,92.8,16.5,100.43,2.78,51.1,6.24,35.25,0.91,0.93,88.04
2021-11-17,VINH,18.737,105.671,13.91,22.67,26.34,18.84,21.23,22.76,91.68,15.8,100.64,5.88,30.7,5.67,35.33,0.94,0.94,91.56
2021-11-18,VINH,18.737,105.671,0.71,20.06,22.43,18.6,17.93,20.05,87.64,12.83,100.39,2.64,16.7,6.0,33.87,0.91,0.94,66.91
2021-11-19,VINH,18.737,105.671,0.04,23.24,27.22,20.52,21.22,23.0,88.89,15.85,99.95,2.06,124.8,14.33,35.29,0.91,0.93,72.2
2021-11-20,VINH,18.737,105.671,0.03,24.82,29.7,22.02,22.73,24.6,88.86,17.39,99.98,2.35,134.3,14.4,35.76,0.91,0.93,55.49
2021-11-21,VINH,18.737,105.671,7.36,24.64,28.3,22.24,22.88,24.5,90.39,17.49,100.27,2.42,90.6,14.15,35.01,0.91,0.92,46.24
2021-11-22,VINH,18.737,105.671,21.85,19.15,22.69,15.53,17.14,19.29,88.26,12.22,100.84,6.36,11.6,6.57,33.24,0.95,0.94,84.58
2021-11-23,VINH,18.737,105.671,11.19,16.86,18.59,15.16,14.62,17.19,86.9,10.33,101.05,5.24,10.6,7.4,31.4,0.94,0.95,75.01
2021-11-24,VINH,18.737,105.671,0.82,16.47,18.55,15.07,13.49,16.81,83.15,9.61,101.0,3.9,0.6,8.2,32.27,0.92,0.94,82.92
2021-11-25,VINH,18.737,105.671,0.45,17.96,20.69,16.1,15.84,18.23,87.66,11.19,100.83,3.29,7.6,10.73,32.62,0.91,0.94,60.62
2021-11-26,VINH,18.737,105.671,0.09,18.88,22.52,16.05,16.03,18.88,83.99,11.32,100.87,3.64,8.4,9.71,32.5,0.91,0.93,88.02
2021-11-27,VINH,18.737,105.671,0.01,19.24,23.48,16.27,16.57,19.13,85.09,11.74,100.92,3.89,10.6,13.09,32.0,0.91,0.93,54.58
2021-11-28,VINH,18.737,105.671,0.03,19.5,23.22,17.44,16.62,19.5,83.98,11.77,100.83,3.95,11.0,10.64,33.2,0.9,0.92,72.98
2021-11-29,VINH,18.737,105.671,0.0,20.3,23.9,18.05,17.38,20.01,83.88,12.34,100.81,3.65,15.8,10.78,33.29,0.9,0.92,82.38
2021-11-30,VINH,18.737,105.671,0.14,18.65,22.07,15.68,15.34,18.37,81.37,10.81,101.08,5.36,21.4,13.37,31.36,0.9,0.91,59.62
2021-12-01,VINH,18.737,105.671,0.0,16.61,21.12,13.07,12.55,16.46,77.73,9.02,101.12,4.35,13.6,11.48,29.98,0.9,0.91,43.57
2021-12-02,VINH,18.737,105.671,0.0,15.89,21.06,11.54,12.14,15.67,79.27,8.8,101.17,3.84,8.8,13.52,28.87,0.89,0.9,38.19
2021-12-03,VINH,18.737,105.671,0.0,15.93,21.19,11.59,11.69,15.72,76.98,8.55,101.16,3.44,357.6,18.18,26.54,0.89,0.9,7.28
2021-12-04,VINH,18.737,105.671,0.0,16.47,21.41,12.14,12.74,16.21,79.38,9.15,101.08,3.63,9.2,17.9,27.12,0.89,0.89,6.53
2021-12-05,VINH,18.737,105.671,0.0,16.36,21.42,12.51,12.39,16.12,78.27,8.93,101.02,3.64,0.4,17.44,27.73,0.88,0.89,11.72
2021-12-06,VINH,18.737,105.671,0.0,16.63,21.69,12.36,12.52,16.15,77.62,9.02,101.01,3.45,2.9,17.28,27.78,0.88,0.88,6.73
2021-12-07,VINH,18.737,105.671,0.01,17.43,22.03,14.0,13.89,17.16,80.52,9.86,100.99,3.15,18.0,15.09,29.38,0.88,0.88,27.07
2021-12-08,VINH,18.737,105.671,1.89,19.09,21.37,16.04,17.33,19.31,90.11,12.33,101.04,4.18,7.1,9.99,33.84,0.88,0.88,88.73
2021-12-09,VINH,18.737,105.671,2.77,20.14,22.95,18.18,18.98,20.17,93.17,13.64,101.05,4.83,26.0,4.35,34.89,0.88,0.88,96.42
2021-12-10,VINH,18.737,105.671,0.18,19.76,23.91,16.12,17.64,18.93,87.74,12.55,100.88,2.81,47.5,10.17,33.11,0.87,0.88,59.66
2021-12-11,VINH,18.737,105.671,1.26,20.33,24.13,18.0,18.39,20.42,89.18,13.14,100.94,3.22,28.8,12.82,32.49,0.87,0.87,52.65
2021-12-12,VINH,18.737,105.671,1.53,19.88,23.64,15.85,17.84,19.87,88.16,12.73,101.09,5.62,33.5,6.5,33.72,0.87,0.87,85.2
2021-12-13,VINH,18.737,105.671,0.22,17.14,20.26,14.91,15.04,17.36,87.89,10.61,101.01,4.25,15.9,5.01,32.97,0.87,0.87,91.35
2021-12-14,VINH,18.737,105.671,0.16,18.11,21.4,15.53,16.37,17.84,89.97,11.61,100.64,2.62,10.3,8.46,32.3,0.87,0.87,65.53
2021-12-15,VINH,18.737,105.671,0.04,19.8,23.98,17.37,18.06,19.53,90.14,12.94,100.42,1.98,79.7,17.23,31.77,0.86,0.86,32.28
2021-12-16,VINH,18.737,105.671,0.1,20.98,24.8,18.75,19.64,21.05,92.14,14.27,100.57,2.56,43.4,12.85,34.68,0.86,0.86,77.97
2021-12-17,VINH,18.737,105.671,0.06,19.26,22.61,16.19,16.68,19.09,85.23,11.82,100.98,5.74,28.3,7.01,33.03,0.86,0.85,94.93
2021-12-18,VINH,18.737,105.671,0.22,17.33,19.76,14.35,14.15,17.29,81.61,10.01,101.14,6.34,18.9,6.13,32.44,0.85,0.85,96.72
2021-12-19,VINH,18.737,105.671,0.09,15.93,18.87,13.95,12.26,16.17,79.37,8.84,100.97,4.36,4.8,8.04,31.24,0.85,0.85,93.0
2021-12-20,VINH,18.737,105.671,0.05,17.12,21.17,13.76,13.14,17.05,79.01,9.41,100.7,3.04,6.4,11.02,31.36,0.85,0.84,65.4
2021-12-21,VINH,18.737,105.671,0.01,17.13,20.46,14.43,14.55,16.81,85.09,10.3,100.72,2.64,8.4,7.77,32.36,0.85,0.84,93.48
2021-12-22,VINH,18.737,105.671,0.0,18.39,22.56,14.15,15.9,17.88,85.85,11.25,100.6,2.02,24.1,12.89,31.87,0.84,0.84,56.42
2021-12-23,VINH,18.737,105.671,0.01,18.73,23.16,15.15,16.62,18.27,88.16,11.8,100.48,1.97,25.7,15.69,32.48,0.84,0.83,40.81
2021-12-24,VINH,18.737,105.671,0.23,20.37,24.49,17.43,18.79,20.72,90.71,13.53,100.58,2.44,40.5,10.66,35.56,0.84,0.83,85.89
2021-12-25,VINH,18.737,105.671,6.15,20.5,23.09,18.9,19.21,20.43,92.44,13.85,100.83,4.46,44.7,6.3,34.59,0.86,0.83,96.3
2021-12-26,VINH,18.737,105.671,23.07,17.54,21.07,11.31,16.25,17.73,92.34,11.67,101.22,6.48,20.2,4.18,33.8,0.91,0.85,91.67
2021-12-27,VINH,18.737,105.671,7.36,14.07,15.77,11.54,12.23,14.59,89.25,8.83,101.49,5.44,8.4,5.77,29.98,0.88,0.87,80.46
2021-12-28,VINH,18.737,105.671,3.27,14.71,16.89,12.2,13.23,15.29,91.57,9.46,101.22,3.68,356.2,6.99,31.56,0.88,0.87,87.31
2021-12-29,VINH,18.737,105.671,4.17,17.05,19.84,14.27,15.57,17.49,91.36,10.96,101.3,4.67,15.4,6.44,32.84,0.87,0.86,88.99
2021-12-30,VINH,18.737,105.671,2.93,15.99,17.97,14.9,14.34,16.31,90.29,10.1,101.41,4.09,12.3,5.92,32.82,0.87,0.86,92.92
2021-12-31,VINH,18.737,105.671,4.39,17.25,20.13,15.34,15.88,17.45,91.97,11.18,101.25,3.95,20.2,5.98,33.65,0.87,0.86,95.35
2022-01-01,VINH,18.737,105.671,3.86,18.05,20.64,15.91,16.65,18.28,91.72,11.75,101.21,5.08,23.3,4.51,33.68,0.87,0.86,93.65
2022-01-02,VINH,18.737,105.671,0.52,17.17,19.96,14.98,15.75,17.31,91.69,11.09,101.08,3.5,16.5,6.49,32.85,0.87,0.86,83.1
2022-01-03,VINH,18.737,105.671,0.18,18.48,21.99,16.28,17.04,18.53,91.56,12.07,100.86,3.01,25.9,7.81,33.51,0.86,0.86,92.74
2022-01-04,VINH,18.737,105.671,0.04,18.79,23.24,15.37,16.87,18.5,88.93,11.96,100.7,2.18,41.4,10.37,32.05,0.86,0.85,74.55
2022-01-05,VINH,18.737,105.671,0.02,19.93,25.22,16.85,17.95,19.6,88.53,12.82,100.6,1.8,101.0,16.89,32.31,0.85,0.85,52.28
2022-01-06,VINH,18.737,105.671,0.2,20.67,25.29,17.91,18.88,20.34,90.08,13.58,100.72,2.25,97.4,14.11,33.48,0.85,0.84,73.89
2022-01-07,VINH,18.737,105.671,0.79,20.44,24.5,17.75,18.99,19.91,91.61,13.66,100.82,2.61,63.7,8.58,33.38,0.85,0.84,74.39
2022-01-08,VINH,18.737,105.671,0.04,20.73,25.13,18.21,19.14,20.9,90.24,13.8,100.66,2.56,82.7,12.17,34.29,0.84,0.84,78.22
2022-01-09,VINH,18.737,105.671,0.08,18.26,22.51,15.35,16.89,18.62,91.98,12.04,100.61,3.1,25.1,11.38,34.86,0.85,0.83,87.56
2022-01-10,VINH,18.737,105.671,2.06,20.29,26.24,14.56,18.01,20.81,87.62,12.95,100.68,3.42,33.7,11.0,35.07,0.84,0.83,84.56
2022-01-11,VINH,18.737,105.671,0.2,15.6,19.05,12.86,12.9,15.75,84.55,9.21,101.01,3.32,11.0,6.91,31.96,0.84,0.83,87.8
2022-01-12,VINH,18.737,105.671,1.37,18.37,22.75,15.16,16.24,18.87,88.15,11.49,100.86,2.3,44.0,8.98,33.37,0.84,0.83,83.85
2022-01-13,VINH,18.737,105.671,2.65,17.88,21.66,14.71,16.5,18.15,91.87,11.7,100.94,4.05,31.4,5.29,34.15,0.85,0.83,91.28
2022-01-14,VINH,18.737,105.671,0.22,18.38,22.62,15.87,16.72,18.34,90.5,11.85,100.7,2.03,84.3,10.6,33.82,0.84,0.83,78.73
2022-01-15,VINH,18.737,105.671,0.07,20.54,25.54,17.57,18.82,20.34,89.97,13.55,100.64,2.42,114.1,14.96,33.86,0.83,0.82,65.65
2022-01-16,VINH,18.737,105.671,1.58,21.28,25.79,18.38,19.53,21.29,90.11,14.16,100.62,3.15,98.6,16.57,34.03,0.83,0.82,67.29
2022-01-17,VINH,18.737,105.671,3.09,15.96,18.55,14.14,14.02,16.51,88.6,9.93,101.07,5.03,2.3,5.97,33.59,0.84,0.82,89.54
2022-01-18,VINH,18.737,105.671,0.72,15.03,16.92,13.53,12.64,14.96,85.91,9.07,101.03,3.26,358.4,9.15,31.68,0.84,0.82,81.25
2022-01-19,VINH,18.737,105.671,0.43,16.74,20.44,13.88,14.38,16.76,86.39,10.18,100.74,3.06,23.6,7.46,32.88,0.83,0.82,86.63
2022-01-20,VINH,18.737,105.671,0.58,18.47,21.89,15.83,16.77,18.61,90.36,11.91,100.47,2.52,74.7,8.69,34.12,0.83,0.81,95.42
2022-01-21,VINH,18.737,105.671,1.67,20.37,24.2,17.8,18.75,20.03,91.0,13.55,100.24,3.35,124.2,6.19,34.55,0.83,0.81,90.57
2022-01-22,VINH,18.737,105.671,0.72,21.28,24.35,19.44,19.42,20.67,89.8,14.15,100.01,1.25,87.0,9.57,35.2,0.83,0.81,85.07
2022-01-23,VINH,18.737,105.671,0.6,22.49,27.28,19.43,20.59,22.36,89.79,15.21,100.06,1.64,57.3,11.0,35.47,0.82,0.81,77.94
2022-01-24,VINH,18.737,105.671,0.04,22.01,26.63,19.11,20.2,21.78,89.69,14.82,100.2,1.89,67.9,18.15,33.77,0.82,0.8,50.27
2022-01-25,VINH,18.737,105.671,0.06,21.6,26.35,18.62,19.9,21.71,90.34,14.53,100.32,2.27,80.7,11.99,35.83,0.81,0.8,87.81
2022-01-26,VINH,18.737,105.671,0.09,21.74,26.65,18.2,20.01,21.68,89.81,14.64,100.32,2.54,118.5,12.37,35.12,0.81,0.79,79.44
2022-01-27,VINH,18.737,105.671,0.05,21.28,26.45,17.08,19.42,21.26,88.96,14.11,100.38,2.87,128.8,14.51,34.38,0.8,0.79,57.81
2022-01-28,VINH,18.737,105.671,0.06,21.88,26.76,18.73,19.49,21.69,87.35,14.19,100.2,2.72,133.3,16.71,33.67,0.8,0.78,54.89
2022-01-29,VINH,18.737,105.671,11.86,20.39,28.12,13.97,17.7,20.95,85.74,12.84,100.25,4.43,27.3,13.74,35.46,0.83,0.79,82.98
2022-01-30,VINH,18.737,105.671,3.64,15.78,18.31,13.74,13.49,16.46,86.98,9.66,100.5,3.99,11.5,6.47,33.0,0.83,0.8,90.57
2022-01-31,VINH,18.737,105.671,1.72,14.24,17.21,11.93,12.45,14.99,89.41,9.02,100.71,5.16,357.9,3.76,32.9,0.82,0.8,98.24
2022-02-01,VINH,18.737,105.671,6.18,14.26,16.09,12.16,12.43,15.13,89.25,8.99,100.71,3.44,5.3,3.96,32.74,0.83,0.8,98.0
2022-02-02,VINH,18.737,105.671,5.17,14.8,17.23,12.01,13.26,15.45,90.78,9.48,100.81,4.43,6.0,4.34,33.21,0.84,0.81,98.79
2022-02-03,VINH,18.737,105.671,10.44,14.47,16.62,12.34,12.37,15.23,87.69,8.93,100.91,3.88,8.0,5.08,32.61,0.84,0.81,96.5
2022-02-04,VINH,18.737,105.671,6.09,14.64,15.69,13.95,12.78,15.04,88.69,9.13,101.11,4.31,14.9,6.26,32.13,0.85,0.82,93.48
2022-02-05,VINH,18.737,105.671,2.59,15.63,17.97,13.94,13.89,15.99,89.8,9.85,101.0,4.16,14.9,6.82,31.86,0.84,0.82,94.68
2022-02-06,VINH,18.737,105.671,0.41,18.64,22.07,14.97,17.18,18.15,91.67,12.27,100.51,2.02,91.2,9.5,33.48,0.83,0.81,88.06
2022-02-07,VINH,18.737,105.671,0.31,21.87,27.67,18.8,19.54,21.81,87.77,14.22,100.3,2.1,84.3,13.52,34.63,0.82,0.81,77.75
2022-02-08,VINH,18.737,105.671,1.91,20.77,26.04,17.41,19.3,21.2,91.76,14.05,100.46,3.16,55.7,9.88,36.13,0.82,0.8,87.11
2022-02-09,VINH,18.737,105.671,0.93,17.17,20.35,14.9,15.73,17.81,91.56,11.15,100.67,3.06,17.8,7.86,35.45,0.82,0.8,89.68
2022-02-10,VINH,18.737,105.671,0.68,19.66,24.27,16.34,18.12,19.69,91.22,13.02,100.38,2.09,96.9,9.99,35.02,0.82,0.8,83.6
2022-02-11,VINH,18.737,105.671,1.26,21.57,26.0,18.8,19.86,21.93,90.53,14.51,100.31,2.69,95.7,10.58,34.75,0.81,0.8,96.33
2022-02-12,VINH,18.737,105.671,1.02,20.78,23.74,19.1,19.43,20.78,92.26,14.12,100.14,3.21,103.9,5.76,35.7,0.81,0.79,97.78
2022-02-13,VINH,18.737,105.671,2.22,17.81,23.85,13.47,16.17,18.38,90.31,11.73,100.39,5.57,19.2,5.19,35.07,0.82,0.79,96.69
2022-02-14,VINH,18.737,105.671,0.31,15.28,16.89,13.99,13.47,15.95,89.31,9.62,100.67,3.29,1.1,6.45,32.3,0.81,0.79,86.78
2022-02-15,VINH,18.737,105.671,1.53,18.42,21.38,15.56,16.77,19.14,90.64,11.94,100.44,2.85,18.4,8.97,33.85,0.81,0.79,84.98
2022-02-16,VINH,18.737,105.671,4.2,20.24,22.32,18.39,19.02,19.95,92.77,13.8,100.04,1.79,68.8,5.7,35.12,0.83,0.79,99.42
2022-02-17,VINH,18.737,105.671,1.8,22.69,26.27,20.56,21.08,22.24,90.84,15.71,99.88,1.57,130.8,7.0,35.82,0.82,0.8,88.02
2022-02-18,VINH,18.737,105.671,4.6,25.41,31.53,21.87,22.52,25.28,85.48,17.16,99.93,2.13,123.1,10.96,36.49,0.81,0.79,69.3
2022-02-19,VINH,18.737,105.671,17.78,14.91,23.59,10.83,12.84,15.7,87.68,9.51,100.75,7.39,6.3,4.51,32.58,0.87,0.81,95.7
2022-02-20,VINH,18.737,105.671,15.34,10.27,11.13,8.5,8.38,11.22,88.86,6.86,101.02,7.24,0.2,3.77,29.97,0.88,0.83,97.41
2022-02-21,VINH,18.737,105.671,3.75,11.5,12.97,8.79,9.49,12.43,88.16,7.39,101.17,5.36,358.5,7.38,30.56,0.85,0.83,96.67
2022-02-22,VINH,18.737,105.671,0.45,12.92,14.73,10.12,10.25,13.57,84.22,7.74,101.37,5.61,8.4,9.36,30.75,0.84,0.82,91.88
2022-02-23,VINH,18.737,105.671,0.36,13.6,16.43,11.09,9.83,14.85,78.94,7.52,101.52,5.44,17.4,19.23,29.11,0.82,0.81,61.6
2022-02-24,VINH,18.737,105.671,0.62,12.77,15.12,10.83,10.5,13.14,86.61,7.83,101.47,4.07,19.2,6.29,31.16,0.83,0.81,89.64
2022-02-25,VINH,18.737,105.671,0.0,15.23,18.86,12.54,13.18,15.32,87.95,9.38,101.19,2.81,19.8,14.24,31.28,0.83,0.81,79.1
2022-02-26,VINH,18.737,105.671,0.0,17.05,20.98,14.47,15.0,17.51,88.38,10.56,101.09,2.9,29.0,11.77,33.23,0.82,0.81,87.91
2022-02-27,VINH,18.737,105.671,0.0,18.21,22.59,15.44,15.79,18.11,86.6,11.15,100.74,2.5,83.0,15.99,31.92,0.81,0.8,80.1
2022-02-28,VINH,18.737,105.671,0.0,20.73,26.23,17.6,18.41,20.58,87.08,13.21,100.52,2.26,108.0,21.05,33.27,0.81,0.79,52.37
2022-03-01,VINH,18.737,105.671,0.05,21.19,26.2,17.62,19.41,21.69,89.65,14.06,100.6,2.58,66.7,16.56,35.08,0.8,0.79,78.84
2022-03-02,VINH,18.737,105.671,0.04,20.67,25.18,17.54,18.75,20.43,89.44,13.48,100.59,2.34,79.1,12.37,34.53,0.8,0.78,82.04
2022-03-03,VINH,18.737,105.671,0.01,21.46,26.54,17.72,19.38,21.8,88.39,14.07,100.35,2.52,125.6,14.76,35.35,0.79,0.78,72.34
2022-03-04,VINH,18.737,105.671,0.02,22.29,27.22,18.86,20.18,22.6,88.37,14.82,100.18,2.39,114.8,14.71,36.25,0.79,0.77,77.65
2022-03-05,VINH,18.737,105.671,0.05,22.91,27.94,19.44,20.94,23.18,89.28,15.56,100.08,2.67,111.1,12.7,35.91,0.78,0.77,73.39
2022-03-06,VINH,18.737,105.671,6.7,24.96,30.84,21.98,22.34,25.05,86.62,16.94,100.15,2.54,102.4,11.68,36.38,0.79,0.76,81.06
2022-03-07,VINH,18.737,105.671,22.98,18.77,22.65,15.73,17.2,18.55,90.72,12.26,100.77,4.22,5.5,5.87,33.44,0.88,0.8,96.3
2022-03-08,VINH,18.737,105.671,0.65,19.7,24.1,16.53,17.1,19.83,85.63,12.17,100.47,2.73,91.3,15.93,32.76,0.81,0.79,60.12
2022-03-09,VINH,18.737,105.671,0.03,20.83,25.61,17.35,18.32,21.25,86.36,13.16,100.29,2.87,120.0,16.99,34.22,0.8,0.78,53.49
2022-03-10,VINH,18.737,105.671,0.11,21.24,25.78,18.05,18.87,21.57,87.2,13.62,100.28,2.78,107.2,16.49,34.78,0.79,0.78,68.02
2022-03-11,VINH,18.737,105.671,0.26,21.83,26.4,18.61,19.87,22.16,88.89,14.53,100.15,2.96,110.7,11.22,35.6,0.79,0.77,82.2
2022-03-12,VINH,18.737,105.671,0.03,22.69,27.24,19.15,20.41,22.92,87.66,15.05,100.04,3.03,123.0,11.49,35.29,0.78,0.77,63.6
2022-03-13,VINH,18.737,105.671,0.07,22.87,26.98,19.79,20.53,23.31,87.34,15.15,100.07,2.7,118.1,13.58,35.47,0.77,0.76,74.49
2022-03-14,VINH,18.737,105.671,2.15,23.56,28.33,20.84,21.14,24.11,87.15,15.74,100.04,2.52,88.8,13.92,35.94,0.77,0.76,85.76
2022-03-15,VINH,18.737,105.671,7.2,23.52,27.44,21.09,21.61,23.82,89.6,16.22,99.95,2.41,99.9,10.34,36.07,0.8,0.76,98.34
2022-03-16,VINH,18.737,105.671,0.73,24.01,27.82,21.41,21.77,24.24,87.88,16.41,99.81,2.31,134.0,6.35,35.92,0.79,0.76,79.17
2022-03-17,VINH,18.737,105.671,0.23,26.2,30.87,22.5,23.03,25.93,83.58,17.74,99.77,1.11,115.4,14.0,36.67,0.78,0.76,75.83
2022-03-18,VINH,18.737,105.671,0.96,24.94,28.68,22.05,23.0,25.04,89.32,17.7,99.81,1.82,124.1,8.59,36.52,0.78,0.75,95.91
2022-03-19,VINH,18.737,105.671,0.13,25.97,31.09,21.51,22.47,26.14,82.35,17.18,99.63,2.36,155.9,16.03,36.6,0.76,0.75,77.19
2022-03-20,VINH,18.737,105.671,1.01,27.82,33.62,23.46,22.88,27.47,76.56,17.6,99.67,2.35,208.9,21.1,36.51,0.75,0.74,64.49
2022-03-21,VINH,18.737,105.671,1.92,27.13,32.62,23.3,23.23,26.67,80.45,17.94,99.88,2.63,222.8,10.08,36.79,0.76,0.74,91.14
2022-03-22,VINH,18.737,105.671,2.71,28.28,33.37,25.0,24.07,28.18,79.84,18.88,99.96,1.93,147.7,16.64,36.43,0.75,0.73,81.77
2022-03-23,VINH,18.737,105.671,14.07,20.28,25.13,18.76,18.6,20.78,90.29,13.49,100.34,4.13,4.2,6.96,35.08,0.82,0.75,86.82
2022-03-24,VINH,18.737,105.671,0.9,24.13,28.33,20.68,21.8,24.68,87.47,16.47,99.86,2.45,122.8,10.39,36.43,0.77,0.75,94.72
2022-03-25,VINH,18.737,105.671,1.01,27.35,32.5,23.29,23.81,26.79,82.04,18.61,99.76,3.02,221.6,19.49,36.34,0.76,0.74,46.52
2022-03-26,VINH,18.737,105.671,0.06,28.34,34.44,23.73,23.42,27.72,76.41,18.17,99.85,3.45,237.8,22.82,35.13,0.74,0.73,15.96
2022-03-27,VINH,18.737,105.671,3.09,22.43,25.97,18.23,19.18,22.84,82.37,13.93,100.47,4.84,19.0,11.1,35.47,0.75,0.73,86.64
2022-03-28,VINH,18.737,105.671,2.68,20.0,23.25,18.11,17.28,20.79,84.74,12.29,100.53,3.18,41.4,6.83,33.65,0.76,0.73,89.77
2022-03-29,VINH,18.737,105.671,0.25,22.32,26.2,20.24,19.77,23.01,86.08,14.42,100.34,1.79,62.5,12.0,35.4,0.74,0.72,85.27
2022-03-30,VINH,18.737,105.671,1.42,24.22,28.91,21.26,21.95,25.02,87.96,16.5,100.31,2.63,69.4,15.58,36.41,0.73,0.72,79.23
2022-03-31,VINH,18.737,105.671,16.46,24.21,28.22,18.52,21.89,24.91,87.57,16.45,100.49,4.43,40.8,11.37,36.12,0.77,0.72,96.07
2022-04-01,VINH,18.737,105.671,36.74,18.2,20.55,15.81,16.37,18.69,89.17,11.56,101.08,8.14,9.7,4.09,31.88,0.9,0.77,99.23
2022-04-02,VINH,18.737,105.671,16.62,16.44,17.26,15.29,13.98,16.76,85.38,9.86,101.33,6.16,13.9,5.57,30.97,0.87,0.8,99.0
2022-04-03,VINH,18.737,105.671,0.09,18.1,21.48,15.34,13.12,18.32,73.54,9.35,101.06,4.1,20.7,16.36,31.43,0.8,0.79,93.42
2022-04-04,VINH,18.737,105.671,0.27,19.61,23.54,16.08,16.62,20.01,83.37,11.73,101.02,3.09,26.2,15.62,31.79,0.79,0.77,67.27
2022-04-05,VINH,18.737,105.671,0.37,20.38,25.07,16.58,17.31,20.99,83.22,12.28,100.88,2.95,8.0,22.49,31.69,0.78,0.76,38.94
2022-04-06,VINH,18.737,105.671,0.0,21.56,26.28,17.47,15.65,21.26,69.91,11.06,100.73,2.79,355.1,23.79,30.99,0.77,0.75,28.27
2022-04-07,VINH,18.737,105.671,0.0,22.51,27.21,17.7,16.85,21.73,71.21,11.99,100.61,2.76,6.5,18.61,31.43,0.76,0.75,41.8
2022-04-08,VINH,18.737,105.671,0.0,22.48,27.51,18.26,17.65,22.11,75.06,12.64,100.44,2.28,75.6,24.4,30.29,0.75,0.74,27.89
2022-04-09,VINH,18.737,105.671,0.0,22.61,27.96,18.58,17.81,22.78,75.92,12.79,100.17,2.21,134.7,24.7,30.44,0.74,0.73,5.73
2022-04-10,VINH,18.737,105.671,0.37,23.43,28.9,20.53,19.7,23.94,81.52,14.42,100.04,2.12,114.1,20.68,33.72,0.74,0.72,42.55
2022-04-11,VINH,18.737,105.671,0.34,24.52,30.03,20.99,21.86,24.9,86.35,16.49,99.86,2.52,118.6,16.22,35.47,0.73,0.72,73.2
2022-04-12,VINH,18.737,105.671,3.39,27.79,33.48,24.21,23.12,27.29,77.45,17.86,99.57,1.38,210.6,15.17,35.54,0.74,0.72,72.29
2022-04-13,VINH,18.737,105.671,0.5,26.09,31.18,22.89,23.44,26.2,86.35,18.18,99.7,2.33,58.6,14.64,36.14,0.73,0.71,71.18
2022-04-14,VINH,18.737,105.671,0.17,26.07,30.33,23.2,23.53,26.49,86.71,18.28,99.71,2.43,109.3,12.75,36.24,0.72,0.71,77.88
2022-04-15,VINH,18.737,105.671,0.27,27.27,32.45,23.4,24.04,27.63,84.05,18.85,99.76,2.55,116.4,14.5,36.43,0.71,0.7,73.88
2022-04-16,VINH,18.737,105.671,22.98,27.32,32.35,22.55,24.31,27.66,84.76,19.17,99.82,3.74,103.6,11.59,37.06,0.75,0.7,98.55
2022-04-17,VINH,18.737,105.671,30.7,22.69,24.09,21.69,21.67,22.93,93.96,16.24,100.28,4.24,35.5,7.86,34.49,0.87,0.77,94.74
2022-04-18,VINH,18.737,105.671,5.45,20.45,23.08,18.28,18.76,20.94,90.12,13.52,100.68,5.54,13.6,8.85,33.22,0.81,0.77,96.1
2022-04-19,VINH,18.737,105.671,0.48,20.13,23.03,18.03,17.58,20.85,85.7,12.51,100.66,3.58,3.0,11.96,33.21,0.78,0.76,89.07
2022-04-20,VINH,18.737,105.671,0.23,22.36,26.45,20.07,19.87,23.14,86.49,14.5,100.34,2.41,54.3,17.84,33.98,0.76,0.75,85.83
2022-04-21,VINH,18.737,105.671,0.86,24.5,29.26,21.76,21.94,25.16,86.58,16.54,100.04,2.7,113.1,15.97,35.49,0.75,0.74,84.77
2022-04-22,VINH,18.737,105.671,3.34,28.0,32.59,24.33,23.83,27.95,79.3,18.61,99.8,1.72,165.6,13.1,36.08,0.76,0.73,54.7
2022-04-23,VINH,18.737,105.671,0.91,28.28,33.27,23.8,24.28,28.24,80.43,19.16,99.68,1.96,183.1,23.12,35.51,0.74,0.72,27.16
2022-04-24,VINH,18.737,105.671,0.16,29.56,35.36,24.86,24.37,29.14,75.45,19.31,99.49,2.36,217.1,23.42,35.56,0.72,0.71,53.15
2022-04-25,VINH,18.737,105.671,0.37,30.27,35.69,26.36,24.68,29.78,73.49,19.69,99.49,2.93,219.7,23.26,35.79,0.71,0.7,30.27
2022-04-26,VINH,18.737,105.671,0.05,30.55,36.31,26.57,25.0,29.97,73.71,20.06,99.44,3.2,229.3,22.61,36.39,0.7,0.7,37.95
2022-04-27,VINH,18.737,105.671,0.03,30.4,35.32,26.76,25.58,29.98,77.18,20.76,99.56,1.57,184.7,22.04,36.47,0.69,0.69,59.7
2022-04-28,VINH,18.737,105.671,0.04,27.43,29.91,25.42,25.66,27.31,90.22,20.78,99.8,1.81,117.0,15.88,37.17,0.7,0.69,91.97
2022-04-29,VINH,18.737,105.671,0.73,26.42,28.93,24.25,24.69,26.51,90.44,19.57,99.93,2.09,112.7,11.7,36.07,0.7,0.69,99.4
2022-04-30,VINH,18.737,105.671,14.04,26.97,31.21,24.32,23.76,27.28,83.86,18.5,99.96,3.1,81.6,15.06,35.65,0.72,0.69,99.47
2022-05-01,VINH,18.737,105.671,43.43,20.35,23.57,18.9,18.65,20.65,90.05,13.47,100.36,7.47,9.0,6.76,33.12,0.89,0.76,99.67
2022-05-02,VINH,18.737,105.671,4.37,20.14,21.97,18.79,17.12,20.43,82.94,12.16,100.56,5.11,12.5,9.5,32.41,0.8,0.76,99.71
2022-05-03,VINH,18.737,105.671,0.31,22.01,24.96,19.41,16.22,21.77,70.3,11.49,100.55,3.23,17.5,16.43,32.99,0.76,0.75,95.76
2022-05-04,VINH,18.737,105.671,0.02,22.79,26.12,19.66,17.04,22.56,70.48,12.13,100.36,2.13,33.1,19.59,33.33,0.75,0.73,85.52
2022-05-05,VINH,18.737,105.671,0.06,23.98,27.83,21.09,19.18,24.33,75.64,13.95,100.1,1.72,40.1,25.32,33.36,0.73,0.72,52.75
2022-05-06,VINH,18.737,105.671,0.65,24.97,28.46,22.85,22.45,25.4,86.44,17.06,100.07,2.0,54.1,17.57,35.37,0.73,0.72,93.37
2022-05-07,VINH,18.737,105.671,1.01,24.78,26.79,23.38,23.49,24.8,92.69,18.17,100.08,2.48,95.0,14.8,35.46,0.74,0.72,98.48
2022-05-08,VINH,18.737,105.671,1.14,26.03,29.51,23.76,24.07,26.24,89.53,18.84,100.02,2.99,115.6,14.06,35.92,0.73,0.71,96.73
2022-05-09,VINH,18.737,105.671,1.14,27.41,31.93,24.8,24.05,27.65,83.24,18.85,99.86,2.78,134.7,17.6,36.76,0.72,0.71,88.53
2022-05-10,VINH,18.737,105.671,1.5,28.53,32.71,25.35,24.47,28.23,79.75,19.36,99.66,2.46,230.6,18.05,35.98,0.71,0.7,90.6
2022-05-11,VINH,18.737,105.671,4.03,28.43,32.19,25.47,25.01,28.05,82.44,20.04,99.55,2.73,222.3,19.13,36.17,0.73,0.7,94.44
2022-05-12,VINH,18.737,105.671,3.03,28.25,31.3,25.71,25.27,27.82,84.37,20.38,99.41,2.45,216.2,16.35,36.44,0.73,0.71,95.27
2022-05-13,VINH,18.737,105.671,5.19,28.99,33.26,26.0,25.26,28.6,81.16,20.38,99.37,3.16,227.3,20.33,36.34,0.74,0.71,88.47
2022-05-14,VINH,18.737,105.671,2.88,28.43,31.2,25.77,25.47,28.42,84.51,20.57,99.68,1.94,146.8,18.74,36.86,0.73,0.71,94.77
2022-05-15,VINH,18.737,105.671,65.46,26.13,32.44,21.26,23.31,26.17,85.27,18.09,100.01,4.37,10.0,20.69,35.53,0.86,0.74,85.23
2022-05-16,VINH,18.737,105.671,9.07,21.39,22.53,20.83,19.53,21.89,89.27,14.21,100.34,4.21,3.8,8.33,33.59,0.83,0.78,99.08
2022-05-17,VINH,18.737,105.671,0.69,23.27,26.23,20.89,20.28,23.87,83.66,14.88,100.27,3.25,32.3,11.61,33.99,0.78,0.76,92.63
2022-05-18,VINH,18.737,105.671,0.58,24.95,27.98,22.93,22.03,25.53,84.35,16.61,100.17,2.14,68.5,19.47,34.64,0.77,0.75,64.98
2022-05-19,VINH,18.737,105.671,2.65,26.45,30.18,24.37,24.03,27.08,87.21,18.8,99.97,2.84,98.5,18.67,36.26,0.76,0.74,65.39
2022-05-20,VINH,18.737,105.671,28.16,26.54,29.98,24.77,24.51,26.92,89.11,19.41,99.7,3.51,98.0,11.75,36.43,0.83,0.75,99.11
2022-05-21,VINH,18.737,105.671,37.45,26.54,29.41,24.99,25.0,26.54,91.45,20.06,99.37,3.36,116.1,13.54,36.3,0.9,0.8,98.75
2022-05-22,VINH,18.737,105.671,10.23,28.06,32.21,25.23,25.21,28.04,85.32,20.39,99.04,1.63,159.9,13.92,36.02,0.85,0.81,97.93
2022-05-23,VINH,18.737,105.671,1.98,28.31,31.68,25.66,25.55,28.26,85.6,20.77,99.22,2.47,163.7,15.58,36.17,0.82,0.8,99.62
2022-05-24,VINH,18.737,105.671,3.2,28.39,31.5,25.95,25.29,28.25,83.87,20.37,99.6,1.6,196.1,12.2,36.0,0.82,0.79,99.55
2022-05-25,VINH,18.737,105.671,1.47,27.84,31.08,25.07,24.77,27.56,83.88,19.76,99.5,2.35,205.0,19.6,35.65,0.81,0.79,97.88
2022-05-26,VINH,18.737,105.671,2.36,28.43,32.62,25.73,25.13,28.17,82.97,20.26,99.21,2.45,215.6,19.4,36.05,0.81,0.78,96.76
2022-05-27,VINH,18.737,105.671,3.37,28.42,32.16,25.65,25.28,28.18,83.77,20.47,99.08,2.21,210.8,16.38,36.05,0.81,0.78,99.06
2022-05-28,VINH,18.737,105.671,0.66,28.02,31.59,25.73,25.18,27.93,85.02,20.32,99.19,2.44,185.8,20.49,36.01,0.8,0.78,92.43
2022-05-29,VINH,18.737,105.671,0.48,29.07,33.48,25.58,25.12,28.84,80.19,20.24,99.25,2.35,214.5,22.44,35.85,0.79,0.77,74.95
2022-05-30,VINH,18.737,105.671,0.9,28.88,32.78,25.65,25.21,28.72,81.37,20.34,99.33,1.88,209.1,22.57,35.81,0.78,0.76,87.32
2022-05-31,VINH,18.737,105.671,3.81,28.8,31.82,25.61,25.09,28.74,81.25,20.17,99.41,2.17,170.3,14.2,36.2,0.79,0.76,98.97
2022-06-01,VINH,18.737,105.671,3.13,29.04,33.04,26.05,25.35,28.87,81.35,20.48,99.44,2.06,208.2,22.99,35.84,0.79,0.76,71.87
2022-06-02,VINH,18.737,105.671,2.71,28.16,30.91,26.02,25.48,27.81,85.63,20.66,99.36,2.9,212.4,19.13,35.51,0.79,0.76,86.61
2022-06-03,VINH,18.737,105.671,1.17,28.42,31.46,26.53,24.46,27.78,79.28,19.47,99.35,5.7,226.9,16.74,35.94,0.78,0.76,97.61
2022-06-04,VINH,18.737,105.671,3.0,28.39,31.26,26.51,24.03,27.84,77.56,18.93,99.4,5.7,230.5,13.72,35.95,0.77,0.75,94.88
2022-06-05,VINH,18.737,105.671,9.48,28.34,32.22,25.62,24.66,27.9,81.02,19.69,99.29,4.54,226.0,18.08,35.88,0.79,0.75,98.23
2022-06-06,VINH,18.737,105.671,6.21,28.24,32.14,25.71,25.15,27.88,83.75,20.26,99.3,2.34,221.4,18.8,35.66,0.81,0.77,97.89
2022-06-07,VINH,18.737,105.671,2.09,27.99,31.38,25.05,24.83,27.81,83.51,19.85,99.42,2.23,222.9,15.69,35.8,0.79,0.76,99.54
2022-06-08,VINH,18.737,105.671,2.74,27.32,30.27,25.3,24.33,27.02,83.94,19.27,99.42,3.52,223.0,10.97,35.82,0.79,0.76,99.77
2022-06-09,VINH,18.737,105.671,0.58,28.62,32.58,25.74,24.74,28.41,80.05,19.77,99.35,3.51,222.6,18.51,35.92,0.77,0.75,94.74
2022-06-10,VINH,18.737,105.671,0.82,28.51,31.22,26.08,25.2,28.0,82.51,20.34,99.32,3.87,225.0,17.63,35.95,0.77,0.75,99.23
2022-06-11,VINH,18.737,105.671,0.29,28.47,32.52,25.13,24.7,28.2,80.62,19.71,99.47,3.3,226.8,14.04,36.12,0.76,0.74,98.72
2022-06-12,VINH,18.737,105.671,0.15,29.77,34.05,26.69,25.62,29.47,79.27,20.8,99.53,2.8,230.4,18.84,36.25,0.75,0.74,93.34
2022-06-13,VINH,18.737,105.671,1.22,28.17,31.24,25.69,24.81,27.87,82.57,19.81,99.51,3.12,224.6,21.93,35.39,0.75,0.73,98.27
2022-06-14,VINH,18.737,105.671,14.26,29.3,34.16,26.04,24.81,29.53,78.38,19.78,99.68,1.11,269.8,16.84,36.12,0.8,0.74,98.15
2022-06-15,VINH,18.737,105.671,2.17,28.32,31.42,25.34,24.73,28.34,81.66,19.66,99.72,2.22,211.6,8.79,36.1,0.78,0.75,99.36
2022-06-16,VINH,18.737,105.671,1.22,28.98,33.47,25.81,24.92,28.71,79.72,19.92,99.66,2.94,224.8,21.57,35.52,0.76,0.74,95.4
2022-06-17,VINH,18.737,105.671,0.59,28.28,31.58,26.19,24.55,27.81,80.55,19.51,99.52,4.11,227.3,23.56,35.39,0.75,0.73,74.93
2022-06-18,VINH,18.737,105.671,0.12,28.61,32.1,26.41,24.44,28.07,78.58,19.4,99.39,4.66,229.5,16.11,35.92,0.74,0.73,95.55
2022-06-19,VINH,18.737,105.671,0.92,28.44,31.46,25.8,24.68,28.02,80.59,19.71,99.29,3.67,225.5,16.92,36.06,0.73,0.72,92.74
2022-06-20,VINH,18.737,105.671,0.43,28.84,32.97,26.04,24.59,28.62,78.45,19.61,99.18,3.71,220.9,23.05,35.77,0.73,0.72,90.48
2022-06-21,VINH,18.737,105.671,0.11,29.44,33.51,26.72,25.12,29.22,78.35,20.23,99.28,3.34,216.5,22.44,35.97,0.72,0.71,82.72
2022-06-22,VINH,18.737,105.671,0.15,28.27,30.99,25.87,25.14,27.95,83.56,20.18,99.64,2.81,207.1,22.19,35.54,0.72,0.71,86.34
2022-06-23,VINH,18.737,105.671,0.32,28.33,32.25,25.46,25.03,28.42,83.26,20.02,99.76,2.0,160.2,20.98,35.41,0.72,0.71,69.83
2022-06-24,VINH,18.737,105.671,0.46,28.82,32.59,25.91,25.13,29.07,81.55,20.17,99.62,2.05,140.2,22.33,35.71,0.71,0.7,73.7
2022-06-25,VINH,18.737,105.671,0.4,28.78,32.14,25.88,24.94,28.83,80.68,19.95,99.59,1.83,165.4,20.07,35.62,0.7,0.7,87.13
2022-06-26,VINH,18.737,105.671,0.2,28.83,32.47,25.81,24.53,28.71,78.46,19.43,99.7,2.45,211.7,22.04,35.78,0.7,0.69,66.49
2022-06-27,VINH,18.737,105.671,0.23,29.11,33.66,25.63,24.51,28.85,77.19,19.45,99.56,3.68,231.5,24.84,35.63,0.68,0.68,62.86
2022-06-28,VINH,18.737,105.671,1.11,30.32,35.09,27.03,25.06,29.99,74.5,20.17,99.24,4.06,237.9,24.97,35.72,0.68,0.68,57.15
2022-06-29,VINH,18.737,105.671,2.44,30.15,34.24,27.01,25.64,29.8,77.9,20.94,99.06,1.89,252.3,21.69,36.41,0.69,0.68,81.22
2022-06-30,VINH,18.737,105.671,2.61,27.9,30.51,25.74,25.49,27.89,87.26,20.71,99.16,2.31,324.5,14.57,35.94,0.7,0.68,99.03
2022-07-01,VINH,18.737,105.671,2.54,27.88,29.74,26.24,25.11,27.75,85.08,20.26,99.1,2.19,312.3,14.86,35.85,0.7,0.68,98.96
2022-07-02,VINH,18.737,105.671,0.81,29.56,33.84,26.3,24.6,29.45,75.52,19.72,98.93,3.36,235.2,18.38,36.05,0.68,0.68,98.94
2022-07-03,VINH,18.737,105.671,0.05,29.66,33.34,27.65,23.67,29.34,70.82,18.6,99.01,5.83,237.9,20.3,35.7,0.66,0.67,94.26
2022-07-04,VINH,18.737,105.671,0.1,29.6,33.73,26.7,24.53,29.13,74.75,19.59,99.04,4.52,232.2,16.83,35.71,0.65,0.66,98.82
2022-07-05,VINH,18.737,105.671,3.8,30.55,34.98,26.56,25.62,30.26,76.48,20.86,99.27,2.61,226.4,19.64,36.54,0.66,0.66,97.61
2022-07-06,VINH,18.737,105.671,13.06,29.21,33.11,26.56,25.76,28.98,82.47,21.0,99.37,2.41,225.0,17.07,36.42,0.72,0.67,98.38
2022-07-07,VINH,18.737,105.671,16.4,27.84,30.41,25.35,25.37,27.75,86.68,20.53,99.38,2.46,198.3,10.59,36.08,0.79,0.7,98.57
2022-07-08,VINH,18.737,105.671,1.12,28.91,32.87,25.78,25.22,28.78,81.31,20.34,99.39,2.25,207.3,15.2,36.01,0.71,0.7,99.11
2022-07-09,VINH,18.737,105.671,2.7,28.7,32.53,25.85,24.6,29.05,79.62,19.58,99.44,1.57,98.8,12.22,35.54,0.71,0.69,95.96
2022-07-10,VINH,18.737,105.671,10.67,27.81,30.27,25.71,25.04,28.07,85.22,20.07,99.48,1.93,13.4,15.16,36.19,0.74,0.69,91.32
2022-07-11,VINH,18.737,105.671,84.97,27.22,28.84,26.2,26.18,27.16,93.94,21.54,99.4,2.7,57.5,12.38,36.68,0.95,0.77,87.33
2022-07-12,VINH,18.737,105.671,21.04,27.92,30.68,25.8,25.86,28.05,88.84,21.13,99.38,3.6,90.6,18.48,36.07,0.88,0.81,81.19
2022-07-13,VINH,18.737,105.671,37.35,27.69,29.96,25.82,25.74,27.73,89.3,20.98,99.34,2.9,75.0,12.72,36.32,0.91,0.82,98.37
2022-07-14,VINH,18.737,105.671,13.61,27.18,28.73,26.12,25.3,27.21,89.46,20.41,99.42,1.77,53.9,16.53,35.96,0.88,0.84,88.99
2022-07-15,VINH,18.737,105.671,1.4,28.13,30.76,26.08,25.45,28.29,86.0,20.61,99.47,2.06,119.6,20.66,36.38,0.84,0.82,78.18
2022-07-16,VINH,18.737,105.671,0.16,30.26,34.07,26.77,26.1,30.06,79.31,21.42,99.47,1.86,213.1,21.86,36.57,0.82,0.8,91.75
2022-07-17,VINH,18.737,105.671,0.61,29.92,33.59,27.06,25.98,29.69,79.91,21.31,99.35,3.36,226.0,22.28,36.37,0.81,0.79,84.72
2022-07-18,VINH,18.737,105.671,0.19,29.35,32.84,27.09,26.17,29.06,83.31,21.55,99.26,3.3,222.5,23.51,36.34,0.8,0.79,77.25
2022-07-19,VINH,18.737,105.671,3.15,29.35,33.27,26.97,26.08,29.13,83.15,21.43,99.3,2.11,217.2,23.97,36.01,0.81,0.78,85.57
2022-07-20,VINH,18.737,105.671,22.77,28.4,31.65,26.08,25.84,28.49,86.47,21.04,99.64,2.73,97.2,18.84,36.19,0.86,0.8,93.48
2022-07-21,VINH,18.737,105.671,27.06,28.1,30.91,25.4,25.42,28.24,85.88,20.48,99.85,3.16,128.7,17.92,36.33,0.91,0.84,85.33
2022-07-22,VINH,18.737,105.671,2.08,28.1,31.81,25.31,24.49,28.36,81.88,19.36,99.94,2.6,145.8,19.54,35.57,0.84,0.83,88.27
2022-07-23,VINH,18.737,105.671,1.04,28.92,31.86,26.15,25.01,29.09,80.15,19.99,99.86,1.8,128.1,19.06,35.7,0.84,0.82,47.72
2022-07-24,VINH,18.737,105.671,0.08,28.64,32.81,25.0,24.72,28.81,80.47,19.65,99.77,2.32,143.3,25.28,34.79,0.82,0.8,17.66
2022-07-25,VINH,18.737,105.671,0.03,29.06,33.49,25.63,24.93,29.23,79.47,19.91,99.78,2.2,145.8,25.41,35.0,0.81,0.79,16.15
2022-07-26,VINH,18.737,105.671,0.04,29.38,33.96,25.02,25.14,29.49,79.07,20.2,99.68,2.13,181.3,26.22,35.14,0.8,0.78,18.79
2022-07-27,VINH,18.737,105.671,0.03,29.64,34.28,25.75,25.57,29.86,80.03,20.71,99.66,2.31,171.1,25.23,35.75,0.79,0.77,22.1
2022-07-28,VINH,18.737,105.671,0.26,29.95,34.3,26.44,25.79,30.14,79.67,20.99,99.62,2.14,159.5,24.36,35.74,0.78,0.77,47.43
2022-07-29,VINH,18.737,105.671,1.52,30.08,33.63,26.47,26.0,29.73,79.65,21.29,99.49,1.91,242.8,22.78,35.91,0.78,0.76,84.78
2022-07-30,VINH,18.737,105.671,2.83,29.78,33.8,26.18,25.7,29.9,79.86,20.94,99.39,1.8,238.2,15.97,36.16,0.79,0.76,97.72
2022-07-31,VINH,18.737,105.671,2.17,28.99,32.86,25.52,24.11,29.1,76.46,19.05,99.38,2.08,230.7,20.74,35.57,0.78,0.76,92.11
2022-08-01,VINH,18.737,105.671,1.25,29.7,33.85,26.34,25.29,29.95,78.52,20.42,99.46,2.19,159.2,20.24,36.36,0.78,0.75,69.24
2022-08-02,VINH,18.737,105.671,0.7,29.22,32.66,26.43,24.89,29.36,78.52,19.89,99.65,2.06,165.7,22.69,36.32,0.77,0.75,55.8
2022-08-03,VINH,18.737,105.671,2.2,29.3,33.09,25.85,25.24,29.36,79.85,20.33,99.6,2.09,229.8,23.12,35.64,0.77,0.75,69.06
2022-08-04,VINH,18.737,105.671,4.19,29.41,33.04,26.41,25.42,29.24,80.01,20.57,99.44,2.77,239.3,22.97,35.73,0.77,0.75,84.58
2022-08-05,VINH,18.737,105.671,5.6,28.09,30.87,25.67,24.7,28.22,82.4,19.7,99.38,1.89,207.8,14.08,35.6,0.78,0.75,99.43
2022-08-06,VINH,18.737,105.671,15.95,28.71,31.87,26.38,24.63,28.89,79.28,19.61,99.41,1.36,156.3,9.67,35.71,0.83,0.77,99.5
2022-08-07,VINH,18.737,105.671,19.47,27.15,30.17,25.15,25.02,27.57,88.39,20.06,99.53,2.46,29.6,3.41,35.63,0.87,0.79,99.24
2022-08-08,VINH,18.737,105.671,26.3,26.77,28.41,24.82,25.36,26.84,92.01,20.51,99.48,2.55,323.5,6.97,35.7,0.89,0.81,99.39
2022-08-09,VINH,18.737,105.671,11.88,26.04,27.74,24.2,23.64,26.07,86.58,18.49,99.35,2.75,286.8,9.28,34.52,0.88,0.83,99.5
2022-08-10,VINH,18.737,105.671,9.47,28.32,32.2,24.8,24.53,28.43,81.15,19.57,99.17,2.12,243.5,15.55,35.73,0.85,0.82,99.16
2022-08-11,VINH,18.737,105.671,10.14,27.77,31.4,25.12,25.39,27.8,87.38,20.57,99.25,2.99,181.2,13.11,35.64,0.87,0.83,99.77
2022-08-12,VINH,18.737,105.671,7.7,28.11,31.48,25.22,25.0,28.34,83.97,20.05,99.55,2.03,166.8,10.96,35.82,0.86,0.83,99.57
2022-08-13,VINH,18.737,105.671,5.14,29.05,33.13,25.72,25.04,29.1,79.93,20.08,99.63,2.14,226.6,17.67,35.75,0.84,0.82,95.45
2022-08-14,VINH,18.737,105.671,3.21,28.38,31.87,25.47,24.84,28.27,81.83,19.83,99.61,2.69,238.3,18.47,35.74,0.84,0.82,83.41
2022-08-15,VINH,18.737,105.671,3.55,28.88,32.73,25.83,25.4,28.71,82.17,20.53,99.5,2.39,235.6,23.18,35.74,0.84,0.82,66.5
2022-08-16,VINH,18.737,105.671,0.51,28.78,32.7,25.66,25.31,28.75,82.13,20.43,99.48,2.33,184.3,20.94,36.1,0.83,0.81,64.57
2022-08-17,VINH,18.737,105.671,0.96,28.51,31.98,25.58,24.72,28.45,80.79,19.71,99.47,2.09,224.0,17.35,35.8,0.82,0.81,91.5
2022-08-18,VINH,18.737,105.671,3.78,29.39,33.44,25.71,25.31,29.34,79.69,20.45,99.38,2.14,231.7,20.38,35.84,0.82,0.8,75.79
2022-08-19,VINH,18.737,105.671,24.45,29.21,32.35,26.47,25.77,29.1,82.23,21.02,99.32,2.01,279.7,21.31,36.33,0.88,0.82,71.5
2022-08-20,VINH,18.737,105.671,32.77,26.59,28.41,25.46,24.91,26.93,90.51,19.99,99.18,2.31,286.7,6.34,35.66,0.91,0.85,99.35
2022-08-21,VINH,18.737,105.671,1.65,28.18,32.01,25.63,25.46,28.19,85.67,20.67,99.22,3.33,173.0,15.02,36.29,0.85,0.85,92.11
2022-08-22,VINH,18.737,105.671,1.34,29.38,33.08,26.33,25.54,29.3,80.8,20.7,99.53,1.93,207.7,18.73,36.43,0.84,0.83,79.88
2022-08-23,VINH,18.737,105.671,1.87,29.44,32.97,26.19,25.38,29.33,79.84,20.5,99.57,1.92,241.6,22.86,35.77,0.84,0.83,67.0
2022-08-24,VINH,18.737,105.671,2.5,29.4,32.88,26.12,25.25,29.49,79.22,20.37,99.36,1.9,244.0,18.78,36.31,0.84,0.83,84.45
2022-08-25,VINH,18.737,105.671,2.85,28.03,32.63,24.87,24.52,28.17,82.05,19.55,99.17,3.53,209.6,6.91,35.68,0.84,0.82,99.58
2022-08-26,VINH,18.737,105.671,1.29,27.45,31.15,24.78,24.53,27.46,84.69,19.48,99.59,3.16,189.0,9.34,35.56,0.84,0.82,98.89
2022-08-27,VINH,18.737,105.671,0.03,28.8,33.19,25.01,24.47,28.8,78.65,19.37,99.78,2.3,213.0,22.17,35.37,0.82,0.81,66.5
2022-08-28,VINH,18.737,105.671,0.06,29.09,33.46,25.96,24.97,29.08,79.68,19.95,99.78,1.91,161.0,24.53,35.57,0.82,0.8,44.77
2022-08-29,VINH,18.737,105.671,0.15,28.8,32.23,25.65,24.76,28.82,79.86,19.66,99.99,2.16,126.6,22.96,35.41,0.81,0.79,61.17
2022-08-30,VINH,18.737,105.671,0.25,28.95,33.51,25.98,24.08,29.32,76.47,18.93,99.85,1.86,137.4,23.75,35.31,0.8,0.79,47.06
2022-08-31,VINH,18.737,105.671,0.51,28.78,32.2,26.05,24.6,28.36,78.66,19.51,99.73,1.54,81.5,21.76,35.44,0.8,0.79,73.9
2022-09-01,VINH,18.737,105.671,8.37,28.56,31.62,26.72,25.52,28.71,84.39,20.61,99.87,2.34,31.2,17.8,36.24,0.82,0.79,88.93
2022-09-02,VINH,18.737,105.671,7.34,27.98,29.82,26.19,25.87,27.56,88.31,21.05,99.79,2.34,21.0,7.75,35.7,0.85,0.8,98.72
2022-09-03,VINH,18.737,105.671,1.02,28.9,31.86,26.34,25.22,28.96,80.95,20.27,99.64,1.78,119.6,21.04,36.04,0.81,0.8,59.7
2022-09-04,VINH,18.737,105.671,25.9,29.29,33.74,26.26,25.37,29.36,80.66,20.45,99.7,2.5,74.1,20.57,36.72,0.87,0.8,70.12
2022-09-05,VINH,18.737,105.671,1.61,27.7,30.32,24.78,23.58,27.39,78.47,18.35,99.82,2.61,10.2,16.3,35.99,0.83,0.81,70.71
2022-09-06,VINH,18.737,105.671,3.93,28.75,32.09,25.49,23.86,28.29,75.53,18.62,99.91,2.1,20.4,22.33,35.01,0.82,0.8,55.45
2022-09-07,VINH,18.737,105.671,43.83,27.8,30.69,25.84,25.09,27.77,85.56,20.02,100.06,3.83,54.4,9.46,35.98,0.92,0.83,98.31
2022-09-08,VINH,18.737,105.671,102.82,27.18,28.04,26.54,26.03,27.14,93.35,21.19,100.08,4.94,65.6,9.03,36.06,0.98,0.89,99.13
2022-09-09,VINH,18.737,105.671,123.07,26.99,28.45,25.57,25.77,26.91,92.98,20.85,100.18,3.97,77.4,4.62,35.95,1.0,0.95,99.03
2022-09-10,VINH,18.737,105.671,26.85,26.59,28.4,25.03,24.75,26.62,89.66,19.62,100.11,2.36,79.2,11.69,35.79,0.96,0.96,95.04
2022-09-11,VINH,18.737,105.671,0.89,27.16,31.23,23.64,23.93,27.39,83.42,18.71,99.98,2.55,128.2,20.4,34.89,0.91,0.94,69.14
2022-09-12,VINH,18.737,105.671,1.82,27.18,30.85,24.61,23.84,27.22,82.54,18.59,99.97,2.06,117.9,20.54,34.92,0.9,0.92,52.92
2022-09-13,VINH,18.737,105.671,0.04,27.27,31.31,23.79,23.48,27.39,80.52,18.19,99.99,2.03,125.0,21.87,34.69,0.89,0.91,45.25
2022-09-14,VINH,18.737,105.671,0.21,28.12,32.72,23.86,23.22,28.29,76.16,17.93,99.88,2.1,162.6,21.8,35.08,0.89,0.9,65.84
2022-09-15,VINH,18.737,105.671,1.02,29.14,33.66,25.68,25.06,29.24,79.94,20.11,99.57,2.17,211.9,21.2,35.61,0.88,0.89,68.0
2022-09-16,VINH,18.737,105.671,4.75,29.66,33.28,26.48,25.06,29.22,77.25,20.12,99.45,1.55,229.2,19.73,35.95,0.89,0.89,86.82
2022-09-17,VINH,18.737,105.671,4.09,28.48,31.21,25.67,24.61,28.21,80.07,19.56,99.65,1.64,270.8,14.83,35.77,0.89,0.89,89.38
2022-09-18,VINH,18.737,105.671,11.12,28.38,31.21,25.99,25.09,28.45,82.69,20.11,99.73,1.97,123.7,20.22,35.52,0.91,0.9,66.86
2022-09-19,VINH,18.737,105.671,0.21,28.84,32.4,25.14,25.03,28.86,80.52,20.04,99.66,2.11,111.8,21.74,35.4,0.88,0.89,52.05
2022-09-20,VINH,18.737,105.671,4.93,28.23,31.91,25.09,23.7,27.96,77.34,18.48,99.77,1.61,69.5,20.4,35.07,0.88,0.88,93.03
2022-09-21,VINH,18.737,105.671,16.71,27.35,29.88,25.66,24.63,27.39,85.41,19.53,99.83,2.25,72.4,12.04,35.2,0.91,0.89,96.59
2022-09-22,VINH,18.737,105.671,37.43,26.13,28.2,24.85,24.43,26.35,90.38,19.26,99.93,2.67,57.6,9.54,35.57,0.96,0.92,99.64
2022-09-23,VINH,18.737,105.671,83.24,26.21,27.88,24.94,24.65,26.39,91.17,19.53,99.94,3.63,45.5,5.19,35.43,0.98,0.95,99.67
2022-09-24,VINH,18.737,105.671,39.41,26.22,26.88,25.32,25.12,26.15,93.57,20.11,99.84,4.11,56.0,4.18,35.64,0.97,0.97,99.49
2022-09-25,VINH,18.737,105.671,11.49,26.66,29.29,24.93,24.68,26.69,88.96,19.56,99.98,3.92,60.6,9.43,35.71,0.95,0.97,91.42
2022-09-26,VINH,18.737,105.671,4.75,26.48,29.09,23.85,24.23,26.38,87.65,19.05,99.93,2.73,22.4,16.44,35.06,0.94,0.96,86.02
2022-09-27,VINH,18.737,105.671,16.55,27.05,29.41,25.52,24.99,27.01,88.79,20.01,99.55,3.93,0.6,14.56,35.16,0.95,0.96,99.2
2022-09-28,VINH,18.737,105.671,42.83,27.06,28.32,25.91,25.76,26.81,92.55,21.03,99.24,8.16,48.0,4.38,36.09,0.98,0.97,99.6
2022-09-29,VINH,18.737,105.671,64.17,26.46,27.81,25.28,25.4,26.34,93.83,20.52,99.54,4.41,97.4,6.75,36.03,0.99,0.99,99.43
2022-09-30,VINH,18.737,105.671,17.15,26.33,28.25,24.74,25.11,26.25,92.98,20.12,99.76,4.05,99.0,8.5,35.98,0.98,0.99,99.42
2022-10-01,VINH,18.737,105.671,22.82,26.76,28.32,25.88,25.68,26.74,93.81,20.79,99.86,2.92,112.3,11.22,35.93,0.98,0.99,99.62
2022-10-02,VINH,18.737,105.671,38.72,26.09,27.68,24.87,25.02,26.06,93.77,19.96,100.02,2.77,103.5,6.39,35.56,0.99,1.0,99.12
2022-10-03,VINH,18.737,105.671,4.0,26.15,28.48,24.33,24.62,26.1,91.3,19.46,100.19,2.85,81.9,11.14,35.63,0.97,1.0,72.32
2022-10-04,VINH,18.737,105.671,7.01,26.47,28.81,25.15,24.57,26.42,89.38,19.36,100.29,2.32,43.4,17.25,35.19,0.97,0.99,75.53
2022-10-05,VINH,18.737,105.671,7.54,26.28,28.59,24.54,24.35,25.95,89.15,19.12,100.29,1.7,62.5,16.77,35.59,0.97,0.99,76.37
2022-10-06,VINH,18.737,105.671,10.1,26.59,29.42,24.85,24.55,26.69,88.83,19.34,100.3,2.16,59.8,15.09,35.48,0.97,0.99,61.66
2022-10-07,VINH,18.737,105.671,16.56,26.52,28.92,24.95,24.17,26.42,87.27,18.9,100.31,2.5,53.6,14.33,35.26,0.97,0.99,91.78
2022-10-08,VINH,18.737,105.671,55.81,25.9,27.02,24.92,24.81,25.86,93.68,19.64,100.36,3.8,47.9,16.41,35.36,0.99,1.0,86.79
2022-10-09,VINH,18.737,105.671,36.25,24.7,27.27,20.02,23.51,24.71,93.1,18.27,100.68,6.26,26.6,8.19,35.07,0.99,1.0,98.28
2022-10-10,VINH,18.737,105.671,5.56,20.53,22.02,18.74,18.29,20.73,87.09,13.07,100.92,5.08,358.6,7.07,33.55,0.98,1.0,93.08
2022-10-11,VINH,18.737,105.671,0.01,21.86,25.65,18.68,17.75,21.67,77.85,12.67,100.65,3.39,0.8,17.42,32.55,0.96,0.99,58.07
2022-10-12,VINH,18.737,105.671,0.0,22.96,26.7,19.57,18.73,22.58,77.32,13.49,100.51,3.2,17.9,20.25,32.57,0.95,0.99,42.22
2022-10-13,VINH,18.737,105.671,0.02,22.63,26.73,19.22,18.75,22.49,79.25,13.55,100.36,3.61,0.4,20.27,31.1,0.95,0.98,66.0
2022-10-14,VINH,18.737,105.671,6.28,23.3,25.58,21.45,19.81,23.08,81.22,14.5,100.16,4.43,9.5,15.63,32.74,0.95,0.98,97.31
2022-10-15,VINH,18.737,105.671,6.72,22.7,24.74,20.96,19.66,22.19,82.98,14.34,100.22,4.86,12.1,6.98,33.43,0.95,0.98,98.48
2022-10-16,VINH,18.737,105.671,0.01,22.88,26.54,20.02,19.27,22.45,80.84,13.98,100.42,3.79,352.3,18.66,31.08,0.93,0.97,52.69
2022-10-17,VINH,18.737,105.671,0.04,22.82,26.3,20.16,19.73,22.54,83.49,14.41,100.4,4.86,359.0,20.89,31.1,0.93,0.96,42.15
2022-10-18,VINH,18.737,105.671,0.04,21.83,25.65,19.11,18.07,21.54,79.59,12.95,100.47,5.03,7.3,19.87,30.81,0.92,0.95,44.96
2022-10-19,VINH,18.737,105.671,3.95,18.3,22.64,15.58,15.91,19.0,86.6,11.3,100.6,5.5,347.9,9.51,32.51,0.92,0.95,98.16
2022-10-20,VINH,18.737,105.671,4.35,18.4,19.95,16.37,16.88,19.25,91.0,11.99,100.65,4.26,326.5,3.9,33.01,0.93,0.95,96.1
2022-10-21,VINH,18.737,105.671,6.75,22.75,26.14,18.88,21.44,23.04,92.41,16.02,100.65,4.91,9.0,6.01,34.67,0.93,0.95,97.78
2022-10-22,VINH,18.737,105.671,0.12,23.55,26.81,20.58,21.22,23.4,87.13,15.73,100.62,2.7,351.0,14.15,33.79,0.92,0.95,94.04
2022-10-23,VINH,18.737,105.671,0.01,24.74,28.73,20.79,20.75,24.12,79.31,15.32,100.45,2.07,337.9,18.25,33.13,0.91,0.94,67.01
2022-10-24,VINH,18.737,105.671,33.2,25.16,28.7,23.11,22.7,25.27,86.99,17.27,100.39,2.9,29.2,15.34,34.77,0.93,0.94,77.5
2022-10-25,VINH,18.737,105.671,39.01,24.29,26.55,22.81,23.01,24.27,92.62,17.58,100.47,4.7,36.9,5.06,35.07,0.97,0.97,97.66
2022-10-26,VINH,18.737,105.671,14.75,24.62,27.75,22.44,23.16,24.62,91.74,17.77,100.39,3.28,64.8,7.23,35.41,0.95,0.98,93.78
2022-10-27,VINH,18.737,105.671,2.71,24.37,28.12,21.44,22.47,24.4,89.36,17.06,100.4,3.16,63.3,10.19,34.33,0.93,0.97,91.63
2022-10-28,VINH,18.737,105.671,0.1,23.86,26.83,21.92,21.49,23.9,86.97,16.01,100.47,3.66,47.6,15.83,33.56,0.93,0.96,86.73
2022-10-29,VINH,18.737,105.671,0.06,23.18,26.77,20.52,20.93,23.06,87.46,15.5,100.43,3.95,32.8,7.55,33.9,0.92,0.95,90.69
2022-10-30,VINH,18.737,105.671,0.04,22.98,26.51,20.2,20.53,22.83,86.4,15.12,100.39,4.15,13.8,10.9,33.24,0.92,0.95,92.84
2022-10-31,VINH,18.737,105.671,0.0,21.7,25.01,18.18,18.84,21.5,84.33,13.59,100.51,4.83,359.9,15.78,31.24,0.91,0.94,81.85
2022-11-01,VINH,18.737,105.671,0.0,21.01,25.05,17.26,17.05,20.45,78.95,12.16,100.39,4.05,347.1,18.31,29.51,0.91,0.93,75.46
2022-11-02,VINH,18.737,105.671,0.0,21.91,26.22,18.23,15.85,20.52,68.74,11.32,100.24,2.34,345.0,20.06,29.27,0.91,0.93,58.06
2022-11-03,VINH,18.737,105.671,0.01,22.39,26.13,18.51,16.34,21.59,69.4,11.61,100.45,2.1,343.9,19.59,29.97,0.9,0.92,31.05
2022-11-04,VINH,18.737,105.671,0.56,22.5,25.51,19.93,19.56,22.07,83.84,14.19,100.69,3.25,29.5,15.46,33.17,0.9,0.92,66.12
2022-11-05,VINH,18.737,105.671,1.45,21.78,25.1,18.27,19.21,21.46,85.56,13.88,100.82,3.82,23.0,8.84,32.27,0.9,0.91,54.25
2022-11-06,VINH,18.737,105.671,0.11,22.1,25.53,19.38,19.75,22.09,86.83,14.35,100.68,2.94,27.0,15.27,31.59,0.89,0.91,35.07
2022-11-07,VINH,18.737,105.671,0.03,22.18,25.94,19.33,19.62,21.96,85.83,14.24,100.63,2.54,35.8,16.7,31.21,0.89,0.9,28.54
2022-11-08,VINH,18.737,105.671,0.11,22.33,26.17,19.64,19.87,22.23,86.54,14.46,100.62,2.78,23.1,16.9,31.76,0.89,0.9,45.43
2022-11-09,VINH,18.737,105.671,0.56,22.96,26.39,20.72,21.39,23.2,91.35,15.91,100.58,3.3,18.7,14.82,33.27,0.89,0.89,57.15
2022-11-10,VINH,18.737,105.671,1.55,23.98,27.45,21.92,22.32,23.88,90.78,16.87,100.47,2.93,46.7,10.6,35.11,0.88,0.89,88.82
2022-11-11,VINH,18.737,105.671,2.29,24.58,28.04,22.69,22.58,24.3,88.84,17.13,100.44,2.18,82.5,10.89,34.53,0.88,0.89,63.94
2022-11-12,VINH,18.737,105.671,0.19,24.27,27.84,22.06,21.78,24.11,86.33,16.32,100.35,1.87,61.7,14.86,33.86,0.88,0.88,59.01
2022-11-13,VINH,18.737,105.671,1.05,24.53,27.8,22.68,22.75,24.68,90.26,17.31,100.4,2.61,47.5,9.21,35.06,0.88,0.88,88.73
2022-11-14,VINH,18.737,105.671,5.85,24.94,28.11,22.82,23.48,25.03,91.87,18.12,100.35,2.91,55.0,8.78,35.14,0.88,0.88,86.83
2022-11-15,VINH,18.737,105.671,3.38,25.0,28.27,22.71,23.47,25.12,91.54,18.14,100.26,2.55,75.4,12.03,34.81,0.88,0.88,68.02
2022-11-16,VINH,18.737,105.671,0.97,24.98,28.67,22.53,23.39,25.05,91.32,18.06,100.14,2.7,111.0,14.59,34.59,0.87,0.87,52.32
2022-11-17,VINH,18.737,105.671,0.99,25.34,28.75,23.26,23.68,25.55,91.02,18.37,100.16,2.85,103.0,12.91,35.01,0.87,0.87,56.41
2022-11-18,VINH,18.737,105.671,2.94,25.38,28.75,22.93,23.8,25.42,91.32,18.49,100.29,2.83,91.0,11.84,35.25,0.87,0.86,84.92
2022-11-19,VINH,18.737,105.671,3.13,25.11,28.11,23.27,23.41,25.24,90.52,18.05,100.26,3.45,51.6,10.68,34.53,0.87,0.86,95.32
2022-11-20,VINH,18.737,105.671,2.42,24.22,26.78,22.76,22.73,24.29,91.48,17.33,100.18,4.33,37.2,7.92,34.8,0.87,0.86,92.67
2022-11-21,VINH,18.737,105.671,5.29,24.48,27.57,22.87,22.89,24.65,91.16,17.53,100.04,4.24,28.6,7.39,35.08,0.87,0.86,84.01
2022-11-22,VINH,18.737,105.671,41.89,24.49,26.24,23.27,23.48,24.49,94.12,18.17,100.05,4.4,26.8,6.01,35.45,0.94,0.88,96.89
2022-11-23,VINH,18.737,105.671,150.93,24.74,27.55,23.47,23.71,24.78,94.04,18.42,100.13,3.84,41.3,5.5,35.36,0.99,0.94,94.98
2022-11-24,VINH,18.737,105.671,170.58,24.61,25.98,23.35,23.96,24.47,96.11,18.68,100.27,3.62,50.3,6.22,35.24,0.99,0.98,98.85
2022-11-25,VINH,18.737,105.671,30.74,24.75,27.12,23.37,23.82,24.67,94.6,18.51,100.3,3.04,53.3,8.81,35.15,0.97,0.98,81.12
2022-11-26,VINH,18.737,105.671,10.23,25.13,27.47,23.79,23.86,24.94,92.71,18.6,100.07,3.03,109.8,11.17,35.36,0.95,0.98,73.56
2022-11-27,VINH,18.737,105.671,1.64,26.44,30.68,22.43,23.24,26.24,83.51,17.98,99.86,1.89,176.6,15.78,34.41,0.94,0.97,37.43
2022-11-28,VINH,18.737,105.671,0.07,27.26,31.95,23.47,23.9,26.93,82.81,18.68,99.94,2.11,204.5,17.0,34.29,0.93,0.96,12.77
2022-11-29,VINH,18.737,105.671,0.18,27.06,31.38,24.63,24.39,26.87,86.26,19.2,100.1,1.93,129.9,16.75,35.15,0.93,0.96,40.46
2022-11-30,VINH,18.737,105.671,7.88,24.1,27.9,18.11,22.4,24.15,90.54,17.08,100.46,4.93,46.9,13.09,33.83,0.93,0.95,63.98
2022-12-01,VINH,18.737,105.671,16.17,16.66,19.62,13.9,15.0,17.35,90.75,10.7,100.91,6.59,356.7,4.65,30.72,0.95,0.96,90.12
2022-12-02,VINH,18.737,105.671,6.06,15.64,16.72,13.88,13.88,16.44,90.17,9.94,100.84,4.3,352.9,7.29,30.05,0.94,0.97,72.96
2022-12-03,VINH,18.737,105.671,2.66,19.15,21.15,16.07,17.54,19.73,90.85,12.56,100.62,3.13,3.3,9.42,32.0,0.93,0.96,78.08
2022-12-04,VINH,18.737,105.671,23.76,19.4,22.82,15.78,17.98,19.76,91.86,12.91,100.84,5.64,11.5,5.9,32.77,0.95,0.97,90.47
2022-12-05,VINH,18.737,105.671,9.41,16.61,17.41,15.67,14.92,17.06,90.16,10.56,101.03,5.1,4.8,4.91,31.06,0.95,0.98,90.3
2022-12-06,VINH,18.737,105.671,1.62,18.17,20.03,16.75,16.54,18.55,90.48,11.73,100.75,3.84,14.0,4.74,32.17,0.94,0.97,92.66
2022-12-07,VINH,18.737,105.671,0.8,18.7,21.03,16.47,17.36,19.08,92.25,12.39,100.68,4.19,10.4,5.57,32.61,0.94,0.97,90.25
2022-12-08,VINH,18.737,105.671,1.1,19.65,22.33,17.07,18.36,19.97,92.47,13.19,100.63,3.9,17.2,4.72,33.44,0.93,0.97,90.71
2022-12-09,VINH,18.737,105.671,0.81,19.88,22.55,18.15,18.54,20.18,92.1,13.33,100.51,3.45,26.0,6.41,33.79,0.93,0.96,90.16
2022-12-10,VINH,18.737,105.671,2.95,19.65,22.59,17.76,18.01,19.93,90.34,12.89,100.58,4.07,25.8,4.87,33.46,0.93,0.96,92.48
2022-12-11,VINH,18.737,105.671,1.65,18.67,21.37,17.07,16.32,18.73,86.28,11.55,100.71,4.15,29.0,4.09,32.78,0.93,0.96,95.4
2022-12-12,VINH,18.737,105.671,0.0,16.3,20.13,12.98,13.01,16.07,81.2,9.33,100.96,4.43,17.7,4.74,30.08,0.92,0.95,72.49
2022-12-13,VINH,18.737,105.671,0.0,16.7,20.91,13.39,12.38,16.26,76.23,8.94,100.95,3.48,19.5,7.39,29.51,0.92,0.95,59.23
2022-12-14,VINH,18.737,105.671,0.0,15.44,19.7,11.26,11.1,15.01,75.94,8.23,100.99,3.82,7.9,12.65,27.1,0.92,0.94,27.18
2022-12-15,VINH,18.737,105.671,0.0,16.62,21.04,12.53,12.45,16.1,77.13,9.02,100.52,2.33,6.3,15.95,27.59,0.91,0.94,18.37
2022-12-16,VINH,18.737,105.671,1.42,18.59,21.83,14.84,16.45,18.87,87.76,11.68,100.79,4.46,17.9,12.82,31.83,0.91,0.94,75.91
2022-12-17,VINH,18.737,105.671,1.63,14.98,17.27,12.52,10.97,14.94,76.98,8.08,101.61,7.69,23.6,4.05,30.47,0.91,0.94,90.79
2022-12-18,VINH,18.737,105.671,0.01,13.05,16.75,10.7,8.45,13.12,74.48,6.83,101.3,5.01,22.0,10.21,27.46,0.91,0.93,46.03
2022-12-19,VINH,18.737,105.671,0.0,14.8,18.83,11.71,10.58,14.75,76.75,7.95,100.77,2.94,11.9,11.57,30.14,0.91,0.92,78.4
2022-12-20,VINH,18.737,105.671,5.3,17.7,20.68,13.89,15.26,18.09,86.3,10.85,100.64,3.04,14.0,13.74,31.75,0.91,0.92,78.76
2022-12-21,VINH,18.737,105.671,0.19,16.43,20.04,12.44,12.1,15.54,76.02,8.79,100.73,3.36,13.5,7.01,29.05,0.9,0.92,48.05
2022-12-22,VINH,18.737,105.671,0.03,16.74,21.05,13.34,12.63,16.2,77.16,9.12,100.61,2.83,4.9,15.57,28.3,0.9,0.92,37.08
2022-12-23,VINH,18.737,105.671,0.4,17.95,22.13,15.6,14.21,17.51,79.5,10.08,100.73,2.97,35.6,14.39,31.14,0.9,0.91,73.94
2022-12-24,VINH,18.737,105.671,2.29,17.11,21.13,12.63,13.76,16.13,80.87,9.86,100.92,3.58,27.5,3.26,30.48,0.9,0.91,70.78
2022-12-25,VINH,18.737,105.671,0.25,17.68,21.98,13.7,14.86,17.05,84.31,10.5,100.96,2.3,24.1,14.26,29.26,0.89,0.91,37.01
2022-12-26,VINH,18.737,105.671,0.24,18.51,22.64,15.75,15.98,17.76,85.72,11.26,100.99,1.95,32.1,13.75,31.43,0.89,0.9,76.38
2022-12-27,VINH,18.737,105.671,0.84,19.25,22.88,17.11,17.16,18.89,88.04,12.17,100.88,2.41,90.2,8.39,32.41,0.89,0.9,83.06
2022-12-28,VINH,18.737,105.671,1.94,16.95,23.91,11.66,14.44,17.42,86.21,10.38,101.16,5.21,8.8,10.62,31.8,0.89,0.9,89.09
2022-12-29,VINH,18.737,105.671,1.1,13.74,15.71,11.79,11.73,14.3,88.22,8.52,101.5,5.27,359.5,4.74,30.56,0.89,0.9,93.12
2022-12-30,VINH,18.737,105.671,0.24,13.69,15.08,12.78,11.63,14.08,87.76,8.46,101.47,4.12,0.5,4.91,30.37,0.89,0.89,87.02
2022-12-31,VINH,18.737,105.671,0.11,15.34,18.06,12.99,12.95,15.68,86.05,9.24,101.36,4.12,8.9,7.16,30.59,0.89,0.89,92.56
2023-01-01,VINH,18.737,105.671,0.43,15.2,17.89,13.49,13.07,15.4,87.77,9.32,101.26,3.65,9.0,8.91,30.03,0.88,0.89,74.65
2023-01-02,VINH,18.737,105.671,3.77,16.26,19.02,14.51,14.66,16.53,90.44,10.32,101.34,4.98,12.3,6.41,30.66,0.89,0.89,84.58
2023-01-03,VINH,18.737,105.671,2.22,15.24,17.13,13.98,13.6,15.43,90.2,9.64,101.29,4.05,9.6,5.18,29.73,0.89,0.89,68.17
2023-01-04,VINH,18.737,105.671,0.76,17.18,20.12,15.34,15.7,17.36,91.33,11.06,101.13,3.58,21.0,6.85,31.68,0.89,0.89,86.92
2023-01-05,VINH,18.737,105.671,2.67,18.47,21.28,16.72,17.02,18.61,91.37,12.01,101.21,4.94,28.5,5.68,32.15,0.89,0.89,96.65
2023-01-06,VINH,18.737,105.671,0.39,16.66,19.75,13.26,14.54,16.29,87.72,10.26,101.27,4.6,19.1,6.17,30.81,0.88,0.89,93.18
2023-01-07,VINH,18.737,105.671,0.03,17.2,20.45,14.82,13.4,16.98,78.96,9.54,100.9,2.96,10.6,12.39,30.2,0.88,0.88,84.3
2023-01-08,VINH,18.737,105.671,0.49,17.43,20.8,15.14,15.55,17.62,89.34,10.98,100.86,3.01,7.8,10.9,31.23,0.88,0.88,66.67
2023-01-09,VINH,18.737,105.671,2.19,18.56,21.21,16.74,17.2,18.75,91.95,12.19,100.82,2.74,7.2,6.73,33.12,0.88,0.88,94.73
2023-01-10,VINH,18.737,105.671,7.46,18.48,20.78,17.07,17.4,18.63,93.57,12.37,100.66,3.14,3.0,4.28,32.93,0.89,0.88,98.94
2023-01-11,VINH,18.737,105.671,7.82,18.88,21.16,17.77,17.5,18.79,91.76,12.48,100.4,2.06,23.4,4.8,33.17,0.9,0.89,99.4
2023-01-12,VINH,18.737,105.671,3.47,20.21,25.11,17.08,18.68,19.97,91.3,13.52,100.08,1.93,189.4,9.47,33.62,0.9,0.89,79.72
2023-01-13,VINH,18.737,105.671,0.0,22.7,29.27,18.04,19.29,21.91,82.5,14.08,99.91,3.26,235.6,18.44,30.32,0.88,0.88,13.45
2023-01-14,VINH,18.737,105.671,0.0,23.4,30.37,17.66,18.47,22.38,75.68,13.42,99.85,3.14,256.3,19.28,29.86,0.87,0.88,11.43
2023-01-15,VINH,18.737,105.671,5.18,17.28,21.81,11.96,14.12,17.45,82.29,10.09,100.68,5.59,14.8,11.56,32.09,0.88,0.88,79.49
2023-01-16,VINH,18.737,105.671,3.71,13.54,15.09,12.06,11.41,14.02,87.42,8.37,101.09,4.37,14.2,5.72,29.58,0.88,0.88,87.37
2023-01-17,VINH,18.737,105.671,4.47,14.01,15.34,13.03,12.07,14.36,88.34,8.72,101.28,4.76,14.8,5.89,30.04,0.89,0.88,89.8
2023-01-18,VINH,18.737,105.671,1.37,13.67,15.8,12.26,11.55,13.9,87.47,8.42,101.27,3.65,13.9,7.23,29.44,0.88,0.88,91.71
2023-01-19,VINH,18.737,105.671,0.83,14.81,17.63,12.81,13.21,15.27,90.47,9.41,101.12,3.52,17.2,7.22,31.15,0.88,0.88,90.99
2023-01-20,VINH,18.737,105.671,0.32,14.68,18.34,11.41,12.49,14.53,87.23,8.98,101.03,3.2,15.2,9.8,30.63,0.88,0.88,82.95
2023-01-21,VINH,18.737,105.671,0.01,16.08,20.93,12.82,14.09,15.98,88.79,10.02,100.6,2.3,70.2,15.34,30.09,0.87,0.87,55.76
2023-01-22,VINH,18.737,105.671,0.01,19.79,25.09,16.01,17.75,19.68,88.45,12.71,100.39,2.04,80.2,17.8,30.56,0.87,0.87,55.22
2023-01-23,VINH,18.737,105.671,0.56,20.03,25.11,13.63,18.02,20.41,88.63,12.99,100.71,5.07,44.0,16.93,32.85,0.86,0.86,72.71
2023-01-24,VINH,18.737,105.671,0.05,13.43,16.55,10.38,9.35,13.33,76.86,7.25,101.44,6.0,25.8,5.2,29.0,0.86,0.86,74.79
2023-01-25,VINH,18.737,105.671,0.0,13.37,16.53,10.55,10.1,12.88,81.05,7.66,100.88,2.52,10.6,10.11,28.16,0.86,0.86,56.5
2023-01-26,VINH,18.737,105.671,3.76,17.79,22.81,13.52,15.29,18.15,86.36,10.84,100.67,3.24,63.7,20.03,30.42,0.86,0.86,53.18
2023-01-27,VINH,18.737,105.671,2.4,13.15,16.62,10.33,10.4,12.92,83.42,7.85,101.33,6.13,18.5,3.52,30.4,0.87,0.86,92.33
2023-01-28,VINH,18.737,105.671,0.01,12.39,16.86,8.91,7.82,12.29,74.52,6.54,101.29,4.73,21.4,10.21,26.69,0.86,0.86,44.33
2023-01-29,VINH,18.737,105.671,0.0,12.79,17.59,8.17,7.35,12.26,70.37,6.35,101.31,3.88,13.7,19.17,24.12,0.85,0.85,6.39
2023-01-30,VINH,18.737,105.671,0.0,14.06,19.09,9.93,8.11,13.04,68.09,6.71,100.92,2.57,16.3,20.12,24.51,0.85,0.85,0.91
2023-01-31,VINH,18.737,105.671,0.0,15.95,21.74,12.71,12.73,15.92,82.41,9.22,100.37,2.34,146.4,21.22,26.76,0.85,0.84,14.87
2023-02-01,VINH,18.737,105.671,0.08,19.84,26.54,15.28,17.02,19.36,84.73,12.18,100.23,1.83,106.4,19.13,31.15,0.84,0.84,58.34
2023-02-02,VINH,18.737,105.671,2.87,21.62,26.0,18.04,20.05,21.88,91.3,14.67,100.44,2.59,83.5,11.98,33.83,0.85,0.83,77.7
2023-02-03,VINH,18.737,105.671,3.85,21.43,24.73,19.48,20.5,21.23,94.62,15.08,100.39,2.85,88.9,5.94,34.41,0.86,0.84,89.3
2023-02-04,VINH,18.737,105.671,0.89,22.54,27.0,19.8,20.97,22.5,91.36,15.57,100.17,3.07,120.8,6.2,35.29,0.85,0.84,95.19
2023-02-05,VINH,18.737,105.671,0.45,22.97,27.34,19.96,21.2,22.74,90.35,15.8,100.1,2.45,115.8,7.18,35.63,0.84,0.83,89.03
2023-02-06,VINH,18.737,105.671,0.38,23.13,27.93,20.44,21.3,22.95,90.13,15.91,100.02,2.27,114.7,10.9,35.48,0.84,0.83,69.58
2023-02-07,VINH,18.737,105.671,1.88,23.48,27.92,20.77,21.74,23.65,90.55,16.34,100.1,2.93,109.3,8.24,35.85,0.84,0.82,82.22
2023-02-08,VINH,18.737,105.671,0.33,23.46,27.93,21.26,21.8,23.13,90.77,16.42,100.02,2.86,128.5,8.94,35.58,0.83,0.82,85.53
2023-02-09,VINH,18.737,105.671,1.7,23.61,28.6,20.62,21.72,23.54,89.88,16.33,100.1,2.66,102.0,7.01,35.73,0.83,0.82,91.43
2023-02-10,VINH,18.737,105.671,3.41,23.72,27.9,21.48,21.98,23.42,90.3,16.59,100.08,2.53,123.9,6.72,35.86,0.84,0.82,83.27
2023-02-11,VINH,18.737,105.671,0.04,25.66,31.61,21.16,22.21,25.05,82.42,16.89,99.85,1.78,205.9,12.57,34.99,0.83,0.82,54.69
2023-02-12,VINH,18.737,105.671,0.01,26.24,33.21,20.42,20.79,25.04,74.18,15.47,99.89,2.53,228.7,17.1,33.1,0.82,0.81,32.93
2023-02-13,VINH,18.737,105.671,1.86,24.99,31.67,17.21,20.7,24.86,79.64,15.36,100.19,2.56,28.3,16.5,34.33,0.81,0.8,59.72
2023-02-14,VINH,18.737,105.671,2.78,16.97,18.62,16.14,14.31,17.43,84.69,10.13,100.93,5.24,20.8,5.23,31.93,0.82,0.8,93.58
2023-02-15,VINH,18.737,105.671,1.2,15.72,17.55,14.51,13.84,16.22,88.91,9.8,101.17,5.18,13.4,5.97,31.72,0.82,0.8,91.45
2023-02-16,VINH,18.737,105.671,0.74,17.52,20.82,15.34,15.68,18.09,89.25,11.04,101.11,4.06,25.3,6.4,32.11,0.82,0.8,96.31
2023-02-17,VINH,18.737,105.671,0.14,18.65,21.76,16.35,16.69,18.8,88.7,11.81,100.81,2.47,27.4,9.69,32.23,0.81,0.8,90.04
2023-02-18,VINH,18.737,105.671,1.58,20.42,24.94,18.07,18.37,21.06,88.81,13.16,100.61,2.51,65.8,13.45,33.64,0.81,0.79,94.43
2023-02-19,VINH,18.737,105.671,0.74,18.95,22.53,15.81,17.39,18.97,90.81,12.36,100.83,3.53,21.0,6.39,32.53,0.81,0.79,95.76
2023-02-20,VINH,18.737,105.671,0.01,18.44,23.12,14.52,16.35,18.63,87.85,11.55,100.84,2.9,16.3,11.84,31.82,0.8,0.79,78.89
2023-02-21,VINH,18.737,105.671,0.18,19.92,24.25,17.62,18.2,20.11,90.08,12.99,100.88,2.95,55.8,11.26,33.69,0.8,0.79,90.0
2023-02-22,VINH,18.737,105.671,0.27,19.78,24.43,16.84,17.59,19.62,88.11,12.51,100.77,2.53,86.5,7.89,33.77,0.8,0.78,91.12
2023-02-23,VINH,18.737,105.671,0.03,20.13,24.96,17.07,17.75,20.17,87.1,12.66,100.56,2.3,105.1,12.71,33.0,0.79,0.78,69.01
2023-02-24,VINH,18.737,105.671,0.49,19.43,24.07,15.86,16.53,19.92,83.59,11.72,101.09,5.09,42.5,8.2,33.21,0.79,0.77,94.53
2023-02-25,VINH,18.737,105.671,0.0,17.02,20.88,14.88,11.94,17.22,72.95,8.59,101.6,5.0,35.0,7.46,30.79,0.78,0.77,78.96
2023-02-26,VINH,18.737,105.671,0.0,15.62,20.55,11.73,11.46,15.64,77.44,8.36,101.62,4.45,29.7,11.67,27.88,0.78,0.76,43.63
2023-02-27,VINH,18.737,105.671,0.0,16.1,20.21,12.86,13.87,15.96,87.01,9.79,101.33,3.14,27.9,13.38,30.76,0.78,0.76,74.64
2023-02-28,VINH,18.737,105.671,0.0,17.81,22.11,14.4,15.88,17.79,88.73,11.19,101.07,2.26,31.3,14.28,30.95,0.78,0.76,60.89
2023-03-01,VINH,18.737,105.671,0.0,18.82,23.99,14.83,16.92,19.2,88.61,11.95,101.12,2.63,45.9,18.08,33.0,0.77,0.75,82.4
2023-03-02,VINH,18.737,105.671,0.0,18.79,23.91,13.75,15.57,18.59,82.71,10.97,101.17,2.86,25.9,14.88,30.13,0.76,0.75,42.33
2023-03-03,VINH,18.737,105.671,0.03,19.59,24.44,16.07,17.52,19.98,87.17,12.4,101.24,2.67,61.9,12.68,32.85,0.76,0.75,73.95
2023-03-04,VINH,18.737,105.671,0.11,18.51,22.7,14.5,16.71,18.67,89.49,11.77,101.28,3.56,33.1,10.71,31.77,0.76,0.74,60.34
2023-03-05,VINH,18.737,105.671,0.04,19.48,23.4,17.36,17.16,19.45,87.28,12.13,101.09,2.27,56.4,12.35,32.09,0.75,0.74,66.54
2023-03-06,VINH,18.737,105.671,0.01,19.77,24.92,15.6,17.3,20.06,86.55,12.28,100.84,2.61,122.8,17.03,31.2,0.75,0.74,36.0
2023-03-07,VINH,18.737,105.671,0.0,20.54,25.63,16.74,17.7,20.73,84.81,12.61,100.75,2.75,125.9,15.71,32.54,0.74,0.73,53.88
2023-03-08,VINH,18.737,105.671,0.04,21.04,25.69,18.06,18.28,21.23,85.55,13.07,100.78,2.34,87.5,16.31,33.51,0.74,0.73,69.92
2023-03-09,VINH,18.737,105.671,0.02,21.02,25.62,17.74,17.61,21.13,81.56,12.56,100.73,2.52,86.6,12.53,31.9,0.73,0.72,40.84
2023-03-10,VINH,18.737,105.671,0.0,21.64,26.73,17.83,18.24,21.91,82.49,13.08,100.47,2.54,129.1,18.89,31.43,0.73,0.72,20.28
2023-03-11,VINH,18.737,105.671,0.02,21.96,26.39,19.04,19.48,22.4,86.52,14.11,100.62,2.76,92.9,13.77,33.25,0.72,0.71,75.4
2023-03-12,VINH,18.737,105.671,1.43,21.67,25.46,17.48,18.49,21.99,82.66,13.35,100.91,4.27,32.9,10.99,33.35,0.72,0.71,95.72
2023-03-13,VINH,18.737,105.671,1.43,17.87,20.46,15.46,14.21,17.88,79.58,10.05,100.89,3.71,12.0,6.8,31.52,0.73,0.71,96.23
2023-03-14,VINH,18.737,105.671,0.02,21.23,25.97,18.11,17.68,21.93,81.51,12.68,100.31,2.45,130.9,20.45,31.18,0.71,0.71,23.32
2023-03-15,VINH,18.737,105.671,0.07,22.31,27.29,18.9,20.02,22.72,87.06,14.62,100.43,2.76,106.8,15.2,34.21,0.71,0.7,79.27
2023-03-16,VINH,18.737,105.671,0.06,22.65,27.3,19.47,20.11,22.79,86.58,14.7,100.47,3.16,122.2,12.11,34.17,0.71,0.7,71.02
2023-03-17,VINH,18.737,105.671,0.04,22.99,27.96,19.03,20.33,23.55,85.98,14.91,100.36,2.59,114.8,14.86,34.26,0.7,0.69,76.55
2023-03-18,VINH,18.737,105.671,0.01,22.76,27.57,19.49,19.79,23.25,84.49,14.43,100.22,2.67,122.4,15.66,33.81,0.69,0.69,71.38
2023-03-19,VINH,18.737,105.671,0.2,24.11,29.62,21.24,21.19,24.23,84.99,15.79,99.99,2.46,126.0,15.75,34.98,0.69,0.69,85.7
2023-03-20,VINH,18.737,105.671,0.51,26.25,30.46,23.18,22.7,25.92,81.88,17.4,99.72,2.07,187.2,16.81,35.05,0.69,0.69,62.05
2023-03-21,VINH,18.737,105.671,0.24,29.01,35.47,24.25,22.79,28.19,71.15,17.55,99.49,3.23,226.4,20.59,35.02,0.67,0.68,45.0
2023-03-22,VINH,18.737,105.671,0.03,28.99,35.27,24.13,22.64,28.24,70.27,17.42,99.38,3.71,222.5,21.6,34.26,0.66,0.67,12.3
2023-03-23,VINH,18.737,105.671,0.02,29.8,35.82,25.03,22.9,29.09,68.53,17.68,99.41,3.88,220.6,22.22,34.84,0.65,0.66,22.37
2023-03-24,VINH,18.737,105.671,0.02,30.31,37.28,23.96,22.99,29.69,67.98,17.73,99.57,2.09,210.6,22.67,35.03,0.64,0.66,18.75
2023-03-25,VINH,18.737,105.671,3.28,27.73,35.02,23.73,23.17,28.21,79.15,17.87,99.82,2.69,57.0,15.91,37.24,0.65,0.65,78.24
2023-03-26,VINH,18.737,105.671,6.99,23.35,27.62,21.13,21.27,24.01,88.46,15.88,100.08,4.27,53.1,8.22,35.69,0.69,0.66,86.03
2023-03-27,VINH,18.737,105.671,2.87,21.92,25.76,19.87,19.85,22.66,88.39,14.48,100.39,4.33,27.3,6.89,34.4,0.69,0.67,91.11
2023-03-28,VINH,18.737,105.671,4.56,22.01,25.88,19.58,19.76,22.85,87.68,14.38,100.44,3.42,40.9,7.79,34.56,0.7,0.67,92.65
2023-03-29,VINH,18.737,105.671,4.06,22.96,28.05,20.47,20.56,23.78,87.22,15.14,100.25,2.61,60.1,9.63,35.33,0.7,0.68,90.62
2023-03-30,VINH,18.737,105.671,1.56,23.73,28.77,21.18,21.2,24.64,86.77,15.8,100.04,2.7,67.9,10.7,35.15,0.68,0.67,83.03
2023-03-31,VINH,18.737,105.671,1.99,25.03,30.24,22.03,22.56,25.65,87.25,17.18,99.96,2.79,96.2,10.48,35.61,0.67,0.67,74.24
2023-04-01,VINH,18.737,105.671,2.32,27.0,32.85,23.18,23.29,27.13,81.99,18.01,99.76,2.02,144.0,10.61,36.05,0.68,0.67,81.88
2023-04-02,VINH,18.737,105.671,2.64,28.74,35.17,24.23,23.61,28.56,75.95,18.41,99.54,2.03,200.4,16.06,36.12,0.66,0.66,74.54
2023-04-03,VINH,18.737,105.671,0.86,29.17,35.7,24.01,22.97,28.84,71.64,17.74,99.49,3.03,208.9,21.21,34.8,0.65,0.66,49.74
2023-04-04,VINH,18.737,105.671,0.08,29.28,36.31,24.0,20.78,28.62,61.88,15.6,99.41,4.01,227.6,23.82,33.4,0.62,0.65,10.06
2023-04-05,VINH,18.737,105.671,0.0,30.21,37.38,23.99,20.17,29.24,57.76,14.97,99.54,3.26,228.6,22.19,33.78,0.61,0.64,16.77
2023-04-06,VINH,18.737,105.671,0.83,28.52,37.97,22.2,21.59,28.79,71.33,16.27,99.98,3.39,15.9,19.57,35.69,0.6,0.63,65.5
2023-04-07,VINH,18.737,105.671,1.06,22.93,26.25,21.03,19.99,23.59,83.95,14.58,100.48,3.21,27.6,10.73,34.34,0.62,0.63,98.32
2023-04-08,VINH,18.737,105.671,1.9,21.83,25.99,19.63,19.64,22.45,87.72,14.27,100.73,4.63,15.4,7.06,34.11,0.63,0.64,97.34
2023-04-09,VINH,18.737,105.671,0.3,23.3,26.78,20.85,21.03,23.91,87.74,15.6,100.38,2.37,71.0,9.58,34.87,0.62,0.64,87.58
2023-04-10,VINH,18.737,105.671,0.19,27.22,33.23,23.52,23.03,27.78,79.67,17.72,99.91,2.17,129.5,11.82,36.67,0.61,0.63,88.9
2023-04-11,VINH,18.737,105.671,0.42,29.11,36.37,23.99,23.76,29.35,76.28,18.56,99.78,1.26,66.7,13.62,37.42,0.6,0.63,74.14
2023-04-12,VINH,18.737,105.671,0.69,27.14,31.98,23.99,24.44,27.6,86.17,19.3,99.85,2.74,111.6,11.63,37.3,0.61,0.63,80.53
2023-04-13,VINH,18.737,105.671,1.13,28.55,34.1,24.89,24.32,28.91,79.74,19.19,99.72,2.18,140.5,11.57,37.04,0.61,0.63,95.22
2023-04-14,VINH,18.737,105.671,0.68,29.2,35.63,24.54,24.44,29.49,78.0,19.35,99.72,1.16,99.4,12.33,37.61,0.6,0.62,97.55
2023-04-15,VINH,18.737,105.671,3.15,24.72,28.7,22.11,22.8,25.13,89.24,17.47,100.05,2.95,38.7,8.4,35.91,0.63,0.63,96.52
2023-04-16,VINH,18.737,105.671,0.01,26.59,31.26,24.14,22.36,27.47,79.03,17.02,99.84,2.39,101.0,10.62,35.99,0.6,0.62,97.25
2023-04-17,VINH,18.737,105.671,0.0,30.04,36.7,25.64,23.44,30.12,69.93,18.26,99.62,2.65,209.9,17.67,36.29,0.59,0.62,45.4
2023-04-18,VINH,18.737,105.671,0.0,31.19,38.31,26.76,22.16,30.76,60.69,16.95,99.42,4.58,220.8,21.19,35.07,0.57,0.61,18.63
2023-04-19,VINH,18.737,105.671,0.0,31.69,39.4,25.77,22.21,31.24,60.22,17.05,99.1,4.22,232.5,21.25,36.21,0.56,0.61,47.6
2023-04-20,VINH,18.737,105.671,0.01,31.43,37.42,27.51,23.34,30.95,63.8,18.23,99.06,4.02,229.3,19.1,36.87,0.56,0.6,63.23
2023-04-21,VINH,18.737,105.671,0.18,31.44,37.74,25.99,23.01,30.91,62.88,17.86,99.26,3.11,225.4,21.01,36.09,0.56,0.6,31.06
2023-04-22,VINH,18.737,105.671,0.3,30.89,36.35,26.34,23.24,30.75,66.11,18.07,99.49,3.15,224.2,20.92,35.43,0.56,0.6,39.17
2023-04-23,VINH,18.737,105.671,0.05,30.66,36.41,25.75,23.94,31.08,70.19,18.8,99.81,2.14,185.8,21.78,35.97,0.56,0.59,65.91
2023-04-24,VINH,18.737,105.671,0.31,28.84,33.45,24.81,23.66,29.26,75.99,18.41,100.05,1.68,84.5,18.33,35.64,0.56,0.59,63.78
2023-04-25,VINH,18.737,105.671,3.82,24.99,30.43,21.94,21.51,26.09,81.79,16.09,100.34,5.23,46.4,10.73,35.69,0.58,0.59,92.82
2023-04-26,VINH,18.737,105.671,2.24,23.43,26.76,21.28,19.31,24.26,78.36,14.0,100.3,2.81,33.0,10.57,33.92,0.6,0.6,82.67
2023-04-27,VINH,18.737,105.671,0.19,26.93,32.21,23.41,22.35,27.83,77.95,17.0,100.05,2.88,126.7,23.45,34.64,0.57,0.6,43.0
2023-04-28,VINH,18.737,105.671,3.26,28.9,34.98,24.75,23.59,30.0,75.81,18.35,99.92,2.86,118.4,15.94,36.8,0.58,0.6,73.9
2023-04-29,VINH,18.737,105.671,11.5,25.9,32.12,22.13,22.42,26.63,82.34,17.06,100.11,4.32,31.9,10.97,35.81,0.65,0.61,95.04
2023-04-30,VINH,18.737,105.671,1.57,22.6,24.77,20.55,18.68,23.05,78.84,13.46,100.29,2.75,3.7,13.69,33.73,0.61,0.62,92.97
2023-05-01,VINH,18.737,105.671,0.0,26.49,32.57,22.78,20.42,27.75,72.22,15.11,100.12,2.44,109.5,21.81,34.79,0.57,0.61,53.78
2023-05-02,VINH,18.737,105.671,0.0,28.6,34.79,23.98,22.78,29.79,73.61,17.43,100.06,3.55,124.0,20.7,36.02,0.56,0.6,60.5
2023-05-03,VINH,18.737,105.671,0.0,30.65,37.33,26.08,23.35,31.94,68.13,18.14,99.78,2.63,141.6,22.09,36.71,0.55,0.59,51.46
2023-05-04,VINH,18.737,105.671,0.0,33.14,40.22,27.7,22.99,33.34,57.77,17.82,99.33,3.15,222.8,23.12,36.51,0.54,0.59,26.51
2023-05-05,VINH,18.737,105.671,0.0,34.38,41.52,28.95,22.64,34.51,52.88,17.51,99.01,4.04,224.6,25.08,36.73,0.52,0.58,12.76
2023-05-06,VINH,18.737,105.671,0.26,35.73,43.21,30.11,22.85,35.77,50.63,17.81,98.93,3.53,230.6,24.41,37.6,0.51,0.58,24.87
2023-05-07,VINH,18.737,105.671,22.82,33.31,40.78,26.93,24.56,33.35,66.04,19.78,99.26,2.77,5.7,20.93,38.36,0.61,0.58,73.33
2023-05-08,VINH,18.737,105.671,15.8,24.41,26.6,23.08,22.43,24.81,88.99,17.11,99.94,3.17,358.1,11.52,35.27,0.72,0.64,99.65
2023-05-09,VINH,18.737,105.671,2.83,27.62,31.56,25.3,24.38,28.31,83.39,19.23,99.89,2.45,99.4,12.33,36.43,0.62,0.63,84.49
2023-05-10,VINH,18.737,105.671,7.23,28.06,32.02,25.5,25.14,28.38,85.21,20.12,99.96,2.15,115.2,14.58,36.68,0.65,0.63,93.71
2023-05-11,VINH,18.737,105.671,22.22,27.66,31.26,25.04,24.18,28.36,82.57,18.94,100.17,2.74,65.4,16.38,36.42,0.71,0.64,94.22
2023-05-12,VINH,18.737,105.671,32.27,24.8,26.79,22.76,23.04,25.16,90.08,17.66,100.25,5.55,359.5,7.88,35.66,0.83,0.7,96.17
2023-05-13,VINH,18.737,105.671,1.99,23.78,26.3,21.52,21.15,24.41,85.59,15.71,100.21,4.76,327.5,10.7,35.54,0.72,0.69,99.42
2023-05-14,VINH,18.737,105.671,1.91,24.05,26.22,22.74,21.73,24.65,87.11,16.32,100.09,2.4,36.2,12.52,35.49,0.7,0.68,92.01
2023-05-15,VINH,18.737,105.671,0.24,28.42,33.74,24.2,23.72,28.73,76.93,18.53,99.76,2.15,178.0,16.4,35.97,0.67,0.67,71.15
2023-05-16,VINH,18.737,105.671,0.0,30.27,36.03,26.05,23.66,30.04,69.24,18.47,99.59,4.09,231.6,24.37,35.54,0.63,0.65,49.78
2023-05-17,VINH,18.737,105.671,0.0,31.09,37.04,26.5,22.55,30.81,61.83,17.3,99.53,4.9,238.5,26.34,35.19,0.6,0.64,29.51
2023-05-18,VINH,18.737,105.671,0.0,32.34,38.45,27.57,23.01,32.25,60.02,17.81,99.43,3.96,235.2,26.27,35.94,0.59,0.63,27.28
2023-05-19,VINH,18.737,105.671,0.0,32.72,39.37,26.7,23.57,32.63,61.34,18.46,99.36,3.0,221.0,24.12,36.26,0.58,0.62,22.68
2023-05-20,VINH,18.737,105.671,0.0,33.0,39.78,27.56,23.78,33.31,61.31,18.68,99.42,2.9,204.6,22.54,36.59,0.57,0.61,63.25
2023-05-21,VINH,18.737,105.671,0.05,32.58,38.29,28.15,23.9,32.58,62.02,18.77,99.53,3.91,215.4,23.44,36.63,0.56,0.61,37.94
2023-05-22,VINH,18.737,105.671,0.25,32.66,38.88,27.73,23.87,32.73,62.06,18.71,99.56,3.69,228.0,23.63,36.58,0.56,0.6,49.4
2023-05-23,VINH,18.737,105.671,0.59,30.55,34.8,26.71,24.6,30.37,72.03,19.58,99.65,3.15,241.0,22.89,36.21,0.57,0.6,66.94
2023-05-24,VINH,18.737,105.671,0.59,30.47,36.13,26.05,23.7,30.87,69.57,18.54,99.68,2.25,211.3,19.19,36.17,0.57,0.6,81.97
2023-05-25,VINH,18.737,105.671,1.71,30.4,35.57,26.63,24.27,30.98,72.07,19.19,99.75,2.2,189.7,18.09,36.27,0.58,0.6,73.74
2023-05-26,VINH,18.737,105.671,6.82,29.39,34.04,26.7,24.94,29.83,79.01,19.97,99.78,2.15,126.1,18.95,36.3,0.62,0.61,78.08
2023-05-27,VINH,18.737,105.671,0.72,28.96,32.47,25.83,24.74,29.53,79.49,19.71,99.72,2.17,112.4,20.66,36.38,0.59,0.61,57.32
2023-05-28,VINH,18.737,105.671,0.99,28.82,32.28,26.33,24.9,29.25,80.83,19.89,99.79,2.52,115.1,22.94,35.9,0.58,0.61,55.17
2023-05-29,VINH,18.737,105.671,0.57,29.18,33.08,25.38,24.73,30.08,78.33,19.67,99.79,2.56,112.7,21.87,35.83,0.58,0.61,42.77
2023-05-30,VINH,18.737,105.671,0.0,31.01,37.66,26.11,23.16,32.27,66.3,17.98,99.54,2.49,119.7,26.76,35.36,0.55,0.6,10.45
2023-05-31,VINH,18.737,105.671,0.25,32.97,39.05,28.32,24.27,33.8,62.52,19.27,99.26,3.2,224.8,25.38,36.7,0.55,0.59,29.22
2023-06-01,VINH,18.737,105.671,0.52,33.95,40.71,28.6,23.39,34.44,56.28,18.29,99.17,3.5,225.3,24.6,36.77,0.54,0.59,50.62
2023-06-02,VINH,18.737,105.671,1.58,32.86,39.51,26.72,24.31,33.47,63.62,19.3,99.32,2.94,213.0,24.05,36.76,0.55,0.59,67.26
2023-06-03,VINH,18.737,105.671,2.93,32.34,37.94,28.31,24.24,32.61,65.31,19.25,99.56,1.47,252.9,22.1,36.89,0.57,0.59,80.16
2023-06-04,VINH,18.737,105.671,34.67,30.91,34.91,27.59,25.42,31.05,74.55,20.64,99.54,1.07,119.6,21.34,36.54,0.74,0.63,81.38
2023-06-05,VINH,18.737,105.671,3.23,28.36,30.54,26.93,25.85,28.52,86.64,21.08,99.55,2.14,12.8,21.74,36.09,0.64,0.64,86.82
2023-06-06,VINH,18.737,105.671,5.23,28.92,31.87,27.22,25.49,29.24,82.36,20.62,99.56,2.38,37.2,18.33,36.19,0.65,0.64,89.23
2023-06-07,VINH,18.737,105.671,7.7,28.13,30.61,26.29,25.32,28.31,85.01,20.41,99.57,2.48,120.5,14.87,36.2,0.67,0.65,98.22
2023-06-08,VINH,18.737,105.671,3.21,29.14,33.63,25.57,24.77,29.43,78.57,19.79,99.42,2.48,217.9,19.28,36.18,0.64,0.64,85.44
2023-06-09,VINH,18.737,105.671,5.52,29.51,33.17,26.84,25.0,30.01,77.8,20.08,99.33,1.79,325.7,13.76,36.47,0.65,0.64,98.68
2023-06-10,VINH,18.737,105.671,1.11,28.73,31.01,26.11,24.74,28.67,79.31,19.81,99.26,2.76,252.2,18.67,36.24,0.63,0.64,85.6
2023-06-11,VINH,18.737,105.671,0.58,31.06,35.8,27.29,24.16,31.44,68.35,19.14,99.21,2.82,227.6,19.73,36.37,0.6,0.63,88.23
2023-06-12,VINH,18.737,105.671,0.14,31.09,36.33,27.92,24.37,31.49,68.76,19.39,99.18,3.26,220.1,19.57,36.61,0.59,0.62,89.74
2023-06-13,VINH,18.737,105.671,0.6,29.48,33.66,26.12,23.39,29.52,71.09,18.23,99.32,4.88,227.4,18.9,36.13,0.59,0.62,89.86
2023-06-14,VINH,18.737,105.671,0.52,30.35,34.93,27.72,23.97,30.4,69.68,18.86,99.42,3.93,225.1,16.39,36.87,0.58,0.61,97.68
2023-06-15,VINH,18.737,105.671,0.73,30.4,35.49,26.67,24.0,30.69,70.58,18.92,99.38,3.79,217.9,19.28,36.21,0.58,0.61,92.35
2023-06-16,VINH,18.737,105.671,1.41,30.28,35.08,27.43,24.73,30.4,73.81,19.77,99.36,3.66,221.6,20.41,36.22,0.58,0.61,94.83
2023-06-17,VINH,18.737,105.671,1.9,29.83,34.58,26.26,25.15,29.85,77.26,20.25,99.48,3.42,220.8,21.47,36.13,0.58,0.61,97.31
2023-06-18,VINH,18.737,105.671,0.79,31.08,36.51,27.33,24.01,31.53,67.59,18.92,99.47,3.38,230.3,15.18,36.43,0.57,0.6,98.17
2023-06-19,VINH,18.737,105.671,0.48,30.43,35.42,26.45,23.82,30.63,69.62,18.7,99.44,3.69,224.9,18.43,35.99,0.57,0.6,95.43
2023-06-20,VINH,18.737,105.671,0.43,30.3,35.3,26.51,23.46,30.61,68.46,18.29,99.46,3.84,224.3,22.53,36.07,0.56,0.6,73.22
2023-06-21,VINH,18.737,105.671,0.04,31.46,37.28,27.0,23.57,31.89,64.72,18.39,99.51,3.94,230.9,21.76,36.27,0.55,0.59,70.37
2023-06-22,VINH,18.737,105.671,0.75,31.49,36.85,27.19,23.77,31.76,65.84,18.67,99.49,3.72,231.2,23.0,36.1,0.55,0.59,75.09
2023-06-23,VINH,18.737,105.671,1.07,30.48,34.99,27.15,24.38,30.66,71.56,19.39,99.44,2.74,219.7,19.7,36.56,0.56,0.59,96.02
2023-06-24,VINH,18.737,105.671,3.28,28.96,32.43,25.93,24.43,29.29,77.62,19.39,99.47,2.32,234.8,7.39,36.2,0.58,0.59,99.45
2023-06-25,VINH,18.737,105.671,6.26,28.75,32.53,26.29,24.28,29.04,78.08,19.2,99.55,1.47,170.6,13.31,35.91,0.61,0.6,99.56
2023-06-26,VINH,18.737,105.671,19.93,28.46,31.59,26.34,24.96,28.78,82.35,19.98,99.61,1.68,122.0,10.78,35.69,0.71,0.63,97.26
2023-06-27,VINH,18.737,105.671,9.48,28.91,31.81,26.43,25.39,29.14,82.2,20.48,99.74,1.91,138.9,16.05,35.95,0.67,0.64,90.72
2023-06-28,VINH,18.737,105.671,3.28,30.37,34.51,26.81,25.38,30.81,76.35,20.5,99.69,1.96,161.8,18.81,36.44,0.65,0.64,62.89
2023-06-29,VINH,18.737,105.671,1.03,30.84,35.41,27.2,25.55,31.04,74.8,20.73,99.45,2.43,210.9,23.78,36.65,0.61,0.63,52.27
2023-06-30,VINH,18.737,105.671,2.07,30.73,35.27,27.42,25.21,30.69,73.83,20.34,99.33,4.25,222.4,23.38,36.54,0.6,0.62,61.13
2023-07-01,VINH,18.737,105.671,2.21,29.73,33.75,27.02,25.25,29.51,77.76,20.37,99.42,3.96,222.1,22.87,36.01,0.6,0.62,69.65
2023-07-02,VINH,18.737,105.671,3.04,30.05,34.72,26.9,24.85,30.12,75.4,19.89,99.49,3.67,219.5,22.25,36.16,0.6,0.62,79.68
2023-07-03,VINH,18.737,105.671,3.2,29.11,33.39,26.24,25.19,29.0,80.46,20.27,99.54,3.03,211.9,20.09,36.29,0.62,0.62,86.12
2023-07-04,VINH,18.737,105.671,0.1,29.7,34.48,26.47,23.48,29.83,70.43,18.29,99.55,4.54,227.4,20.48,35.92,0.59,0.62,78.15
2023-07-05,VINH,18.737,105.671,0.04,30.61,36.43,26.03,23.18,31.06,66.74,17.95,99.58,3.63,227.9,23.89,35.82,0.57,0.61,41.87
2023-07-06,VINH,18.737,105.671,0.03,31.37,37.39,26.44,23.51,31.89,65.56,18.32,99.63,3.51,221.2,24.43,36.39,0.55,0.6,61.2
2023-07-07,VINH,18.737,105.671,0.06,31.51,36.31,26.97,24.12,31.62,67.02,19.02,99.68,2.8,217.9,24.45,36.66,0.56,0.6,43.58
2023-07-08,VINH,18.737,105.671,0.41,32.67,39.11,27.21,24.42,33.2,65.4,19.42,99.66,2.19,213.0,24.45,36.66,0.55,0.59,54.82
2023-07-09,VINH,18.737,105.671,4.8,31.82,38.11,27.4,24.84,32.5,69.63,19.88,99.71,2.13,202.2,20.68,36.89,0.58,0.59,58.53
2023-07-10,VINH,18.737,105.671,2.68,29.56,33.87,26.83,24.12,29.49,73.69,18.98,99.67,2.84,223.7,23.92,35.5,0.59,0.6,68.39
2023-07-11,VINH,18.737,105.671,0.39,30.64,36.1,26.65,23.75,30.79,68.89,18.59,99.64,2.84,227.4,24.4,35.66,0.56,0.59,64.87
2023-07-12,VINH,18.737,105.671,0.81,30.99,36.72,26.91,23.65,31.31,67.17,18.49,99.57,3.9,230.8,23.77,35.59,0.56,0.59,61.73
2023-07-13,VINH,18.737,105.671,0.18,32.39,38.17,28.46,23.39,32.8,61.01,18.22,99.43,4.6,238.6,24.37,36.15,0.54,0.59,67.06
2023-07-14,VINH,18.737,105.671,11.13,31.99,37.4,27.06,24.54,32.3,68.07,19.65,99.35,2.44,244.8,23.08,36.61,0.6,0.59,80.93
2023-07-15,VINH,18.737,105.671,1.62,30.33,35.14,26.39,24.71,30.69,73.05,19.77,99.24,2.2,225.9,19.59,36.39,0.6,0.6,86.35
2023-07-16,VINH,18.737,105.671,10.95,28.81,32.92,26.37,24.9,28.9,80.34,20.01,99.14,3.17,290.4,15.1,35.87,0.64,0.61,99.01
2023-07-17,VINH,18.737,105.671,9.05,30.29,33.89,27.22,25.09,29.99,75.05,20.28,98.99,3.1,265.4,11.47,36.05,0.64,0.62,98.64
2023-07-18,VINH,18.737,105.671,4.14,29.46,33.15,26.85,24.85,29.32,77.21,19.97,99.0,3.06,229.9,18.97,36.04,0.62,0.62,93.97
2023-07-19,VINH,18.737,105.671,4.29,29.27,33.56,26.87,25.23,29.79,80.52,20.37,99.36,2.28,97.9,16.65,36.63,0.61,0.62,88.35
2023-07-20,VINH,18.737,105.671,27.69,28.67,31.54,26.73,25.93,28.97,85.73,21.18,99.59,2.61,95.1,16.83,36.55,0.71,0.63,89.01
2023-07-21,VINH,18.737,105.671,77.91,27.91,29.64,26.31,26.49,27.8,91.99,21.83,99.85,2.86,80.3,11.96,36.62,0.91,0.73,75.58
2023-07-22,VINH,18.737,105.671,4.66,28.37,31.11,26.03,25.6,28.49,85.35,20.68,99.96,2.3,121.5,22.52,35.81,0.78,0.74,52.1
2023-07-23,VINH,18.737,105.671,1.88,28.46,31.36,26.05,25.08,28.61,82.55,20.08,99.77,2.06,140.7,23.64,35.97,0.74,0.72,63.73
2023-07-24,VINH,18.737,105.671,1.39,28.96,32.37,25.76,25.01,29.19,80.17,20.03,99.65,2.29,118.5,22.99,35.95,0.72,0.7,67.31
2023-07-25,VINH,18.737,105.671,1.62,29.0,32.77,25.16,24.53,29.33,78.15,19.47,99.62,2.57,142.2,23.92,35.56,0.7,0.68,34.41
2023-07-26,VINH,18.737,105.671,0.5,31.2,35.67,27.52,25.26,31.4,72.27,20.41,99.36,2.29,209.5,24.8,36.65,0.67,0.67,62.76
2023-07-27,VINH,18.737,105.671,11.75,30.69,35.45,26.77,26.37,30.51,78.89,21.88,99.0,3.59,226.8,22.0,36.92,0.71,0.67,98.23
2023-07-28,VINH,18.737,105.671,20.3,29.85,33.87,26.9,26.59,29.74,83.2,22.2,98.87,2.68,251.1,19.34,36.51,0.8,0.7,96.45
2023-07-29,VINH,18.737,105.671,4.53,29.67,33.33,26.77,26.46,29.61,83.57,21.98,99.09,1.93,242.5,15.34,36.48,0.74,0.7,99.2
2023-07-30,VINH,18.737,105.671,3.29,29.14,33.11,25.56,25.57,29.08,81.9,20.81,99.21,3.01,212.0,15.61,36.32,0.73,0.7,98.41
2023-07-31,VINH,18.737,105.671,4.02,28.36,32.2,26.1,24.82,28.11,81.61,19.86,99.35,4.14,234.7,14.87,36.21,0.72,0.69,99.71
2023-08-01,VINH,18.737,105.671,13.92,28.25,31.58,25.18,24.78,28.21,82.04,19.82,99.33,3.19,238.7,9.68,36.22,0.76,0.7,99.76
2023-08-02,VINH,18.737,105.671,26.05,26.14,27.24,25.24,23.37,25.94,84.72,18.21,99.24,5.45,235.3,4.31,35.64,0.84,0.73,99.48
2023-08-03,VINH,18.737,105.671,20.6,27.81,30.41,26.15,24.99,27.44,84.78,20.09,99.21,4.04,235.9,7.4,36.19,0.85,0.76,99.89
2023-08-04,VINH,18.737,105.671,5.59,28.08,30.24,26.09,24.27,27.55,79.82,19.23,99.39,5.79,228.8,7.73,36.16,0.79,0.76,99.92
2023-08-05,VINH,18.737,105.671,1.31,28.17,31.64,26.52,22.84,27.59,73.03,17.63,99.29,7.63,238.5,11.9,35.7,0.75,0.74,99.91
2023-08-06,VINH,18.737,105.671,1.23,28.38,32.43,26.54,23.19,27.81,73.66,18.05,99.09,7.65,236.5,10.06,36.08,0.73,0.72,99.73
2023-08-07,VINH,18.737,105.671,1.35,27.75,30.74,25.83,22.66,27.21,73.95,17.47,99.09,7.2,233.4,9.06,36.02,0.73,0.71,99.73
2023-08-08,VINH,18.737,105.671,0.07,28.65,32.58,25.95,22.96,28.21,71.78,17.77,99.3,6.08,236.9,11.5,36.18,0.71,0.7,97.83
2023-08-09,VINH,18.737,105.671,0.03,29.05,32.95,26.73,23.81,28.64,73.81,18.66,99.47,5.14,232.6,18.5,36.25,0.69,0.69,86.35
2023-08-10,VINH,18.737,105.671,2.52,30.17,34.63,26.23,25.48,29.94,77.21,20.66,99.39,3.27,239.5,22.72,36.5,0.69,0.68,72.14
2023-08-11,VINH,18.737,105.671,3.96,28.18,30.62,26.31,24.95,27.81,82.84,20.02,99.26,3.83,234.9,11.59,36.52,0.71,0.69,99.78
2023-08-12,VINH,18.737,105.671,4.03,28.85,33.28,25.6,24.53,28.52,78.19,19.55,99.21,4.17,234.5,13.45,36.33,0.71,0.69,96.98
2023-08-13,VINH,18.737,105.671,8.93,28.92,32.46,25.96,25.2,28.8,81.06,20.33,99.32,2.91,239.0,16.2,36.36,0.74,0.7,97.75
2023-08-14,VINH,18.737,105.671,10.22,29.03,33.1,26.16,25.79,28.99,83.39,21.05,99.35,2.52,215.8,13.83,36.36,0.76,0.71,95.83
2023-08-15,VINH,18.737,105.671,0.25,28.35,31.8,25.63,25.07,28.2,82.83,20.13,99.53,2.34,217.7,17.41,35.79,0.72,0.7,97.16
2023-08-16,VINH,18.737,105.671,0.08,28.88,33.01,25.65,24.93,28.69,79.98,19.93,99.61,2.73,214.2,21.87,35.77,0.71,0.69,79.72
2023-08-17,VINH,18.737,105.671,0.12,30.49,34.72,27.33,25.67,30.29,76.47,20.88,99.51,2.64,233.1,22.6,36.44,0.69,0.68,54.36
2023-08-18,VINH,18.737,105.671,0.2,31.17,35.24,27.71,25.84,30.6,74.59,21.1,99.43,1.61,234.4,23.96,36.08,0.68,0.68,66.33
2023-08-19,VINH,18.737,105.671,1.74,30.02,33.9,26.8,26.36,30.1,81.83,21.76,99.5,1.88,127.2,21.44,36.4,0.68,0.67,89.0
2023-08-20,VINH,18.737,105.671,1.52,29.72,33.61,26.46,25.69,29.79,80.37,20.9,99.56,1.67,162.4,7.96,36.32,0.68,0.67,97.99
2023-08-21,VINH,18.737,105.671,0.45,29.65,33.16,26.99,25.76,29.91,80.57,20.95,99.64,1.67,133.6,20.18,36.38,0.67,0.67,78.54
2023-08-22,VINH,18.737,105.671,0.41,29.32,33.17,26.64,24.74,29.25,77.1,19.72,99.55,3.1,234.6,22.04,35.99,0.66,0.66,84.43
2023-08-23,VINH,18.737,105.671,0.99,29.21,32.92,26.68,25.61,29.07,81.75,20.81,99.44,2.2,237.1,20.71,35.76,0.66,0.66,94.4
2023-08-24,VINH,18.737,105.671,0.95,29.44,32.29,27.16,24.98,28.97,77.54,20.01,99.52,1.37,247.4,17.17,35.92,0.66,0.66,98.76
2023-08-25,VINH,18.737,105.671,1.95,29.37,33.44,26.24,25.11,29.35,79.0,20.17,99.5,2.24,227.1,19.69,35.7,0.66,0.66,97.75
2023-08-26,VINH,18.737,105.671,1.56,29.2,33.41,26.95,24.46,28.98,76.25,19.46,99.32,4.44,234.4,19.79,35.78,0.65,0.66,90.37
2023-08-27,VINH,18.737,105.671,2.31,29.6,34.5,25.49,24.2,29.59,73.83,19.18,99.13,4.96,232.0,19.9,36.05,0.64,0.65,94.4
2023-08-28,VINH,18.737,105.671,4.78,27.86,30.68,26.09,25.41,27.8,86.77,20.58,99.29,3.51,336.9,13.0,36.16,0.67,0.65,99.53
2023-08-29,VINH,18.737,105.671,3.47,28.0,31.48,25.68,24.79,28.27,83.5,19.78,99.55,3.98,3.8,9.87,35.73,0.66,0.66,99.39
2023-08-30,VINH,18.737,105.671,4.14,26.44,28.13,25.06,23.86,26.49,85.96,18.67,99.74,4.06,351.9,14.93,35.38,0.69,0.66,92.54
2023-08-31,VINH,18.737,105.671,0.26,27.68,31.87,23.32,23.09,27.9,77.08,17.83,99.68,3.97,0.1,18.11,35.75,0.64,0.65,66.21
2023-09-01,VINH,18.737,105.671,0.16,28.92,32.32,25.98,22.88,29.2,70.95,17.64,99.56,3.0,331.2,21.34,35.75,0.62,0.65,58.13
2023-09-02,VINH,18.737,105.671,0.66,30.01,34.38,26.15,23.98,30.04,71.28,18.88,99.4,2.83,326.5,16.98,36.27,0.62,0.64,63.42
2023-09-03,VINH,18.737,105.671,0.38,29.45,33.82,24.91,23.09,30.11,70.22,17.87,99.4,2.88,14.5,19.47,36.24,0.6,0.63,83.21
2023-09-04,VINH,18.737,105.671,1.41,26.8,29.44,24.88,23.11,27.79,81.24,17.9,99.6,3.61,347.9,10.7,36.14,0.61,0.63,95.12
2023-09-05,VINH,18.737,105.671,10.58,28.57,32.36,26.35,25.19,29.08,82.93,20.25,99.64,2.72,29.6,13.47,36.69,0.67,0.64,96.22
2023-09-06,VINH,18.737,105.671,8.48,27.69,29.59,26.02,25.91,27.49,90.08,21.12,99.73,2.87,23.0,11.95,36.25,0.7,0.66,99.14
2023-09-07,VINH,18.737,105.671,0.35,28.7,31.84,25.65,24.69,28.69,79.48,19.62,99.72,1.97,330.4,13.82,35.76,0.65,0.65,97.49
2023-09-08,VINH,18.737,105.671,5.09,29.07,33.12,25.95,24.7,29.47,78.74,19.68,99.6,2.21,123.5,18.4,36.17,0.65,0.65,97.57
2023-09-09,VINH,18.737,105.671,5.31,28.42,32.55,25.84,25.28,28.53,84.2,20.4,99.46,2.03,119.8,18.64,36.23,0.67,0.65,94.67
2023-09-10,VINH,18.737,105.671,5.29,28.9,32.3,26.32,25.44,29.07,82.34,20.6,99.38,1.5,171.5,11.54,36.33,0.68,0.66,99.4
2023-09-11,VINH,18.737,105.671,10.53,27.95,31.24,25.94,24.84,27.85,83.78,19.87,99.4,2.55,232.0,12.62,35.98,0.72,0.67,99.66
2023-09-12,VINH,18.737,105.671,2.26,27.82,29.66,25.97,25.07,27.56,85.18,20.14,99.43,2.9,238.1,12.99,36.2,0.68,0.67,99.43
2023-09-13,VINH,18.737,105.671,9.56,28.42,31.72,24.92,24.94,28.24,82.24,19.96,99.57,1.87,315.6,6.91,36.38,0.72,0.67,99.48
2023-09-14,VINH,18.737,105.671,6.92,26.22,29.62,23.31,23.37,26.87,85.04,18.12,99.72,3.85,347.6,10.15,35.82,0.69,0.67,99.76
2023-09-15,VINH,18.737,105.671,12.51,26.77,29.43,24.34,24.82,27.19,89.3,19.8,99.79,3.3,45.0,7.53,36.14,0.74,0.68,99.39
2023-09-16,VINH,18.737,105.671,14.61,26.1,28.56,24.48,24.05,26.42,88.68,18.84,99.92,2.6,10.5,6.81,35.6,0.77,0.69,99.62
2023-09-17,VINH,18.737,105.671,21.71,26.16,28.03,24.66,24.76,26.08,92.05,19.7,99.81,2.21,179.2,12.64,35.67,0.83,0.73,99.1
2023-09-18,VINH,18.737,105.671,7.73,28.27,31.57,25.76,24.93,28.26,82.87,19.86,99.95,1.99,146.1,14.85,36.3,0.78,0.73,98.46
2023-09-19,VINH,18.737,105.671,1.18,28.72,32.99,25.54,24.94,29.0,81.33,19.89,99.99,1.84,177.9,19.64,35.53,0.75,0.72,70.91
2023-09-20,VINH,18.737,105.671,0.21,28.47,32.23,25.82,25.26,28.5,83.66,20.26,99.97,1.97,119.0,20.8,35.84,0.73,0.71,56.73
2023-09-21,VINH,18.737,105.671,0.28,28.57,32.84,25.57,25.13,28.66,82.64,20.11,99.98,2.25,131.0,22.12,35.57,0.71,0.7,35.77
2023-09-22,VINH,18.737,105.671,0.31,28.45,32.27,25.27,24.47,28.58,79.88,19.33,99.97,2.16,115.0,20.63,35.52,0.7,0.69,35.3
2023-09-23,VINH,18.737,105.671,0.6,28.38,32.71,24.47,24.38,28.59,79.93,19.22,99.92,2.05,74.8,21.25,35.23,0.69,0.68,49.55
2023-09-24,VINH,18.737,105.671,10.02,27.8,30.99,25.71,25.16,28.04,86.1,20.17,99.82,2.85,13.1,18.58,35.5,0.71,0.68,90.85
2023-09-25,VINH,18.737,105.671,92.45,26.92,28.19,26.31,25.88,26.85,93.91,21.08,99.69,5.82,19.3,4.17,35.69,0.94,0.76,99.02
2023-09-26,VINH,18.737,105.671,92.33,27.17,27.85,26.68,26.03,26.95,93.33,21.29,99.55,6.76,57.1,4.59,36.2,0.96,0.83,99.21
2023-09-27,VINH,18.737,105.671,39.08,27.16,28.57,25.67,26.1,27.12,93.88,21.34,99.81,2.88,102.1,6.58,36.03,0.95,0.87,97.97
2023-09-28,VINH,18.737,105.671,35.03,26.67,29.19,25.2,24.98,26.85,90.58,19.9,100.06,2.31,78.9,7.1,36.21,0.94,0.88,99.8
2023-09-29,VINH,18.737,105.671,13.1,26.87,29.91,25.43,24.62,26.97,87.73,19.46,100.15,1.61,88.8,9.52,36.26,0.91,0.88,99.39
2023-09-30,VINH,18.737,105.671,1.46,27.62,30.58,25.33,24.77,27.52,84.77,19.65,100.04,1.64,69.8,16.89,35.99,0.87,0.87,94.34
2023-10-01,VINH,18.737,105.671,0.07,27.53,31.19,24.95,24.27,27.53,82.98,19.08,99.98,1.75,86.6,18.76,35.41,0.85,0.85,53.92
2023-10-02,VINH,18.737,105.671,0.03,27.39,31.05,24.18,23.88,27.39,81.62,18.64,100.06,1.99,79.7,19.81,34.48,0.84,0.84,30.17
2023-10-03,VINH,18.737,105.671,0.09,27.85,31.21,25.34,24.61,27.97,82.97,19.46,100.06,1.85,70.4,19.99,35.13,0.84,0.83,31.79
2023-10-04,VINH,18.737,105.671,1.07,28.03,31.27,25.83,25.21,28.17,85.04,20.2,100.01,2.0,92.2,20.02,35.51,0.83,0.82,26.52
2023-10-05,VINH,18.737,105.671,9.75,28.22,31.68,25.15,25.0,28.33,83.36,19.98,99.88,2.2,136.1,20.75,35.27,0.85,0.82,25.02
2023-10-06,VINH,18.737,105.671,9.74,28.41,32.51,25.67,24.58,28.44,80.96,19.48,99.87,2.25,104.7,19.14,35.86,0.86,0.83,71.75
2023-10-07,VINH,18.737,105.671,63.79,27.35,31.44,23.21,24.72,27.49,86.14,19.63,100.1,4.35,39.4,15.47,36.01,0.94,0.86,94.81
2023-10-08,VINH,18.737,105.671,33.67,24.58,26.93,22.69,22.21,24.64,86.78,16.76,100.41,4.41,12.5,5.52,34.96,0.94,0.91,90.6
2023-10-09,VINH,18.737,105.671,9.24,25.13,27.81,23.48,22.94,25.4,87.9,17.51,100.48,4.41,13.6,13.83,35.21,0.9,0.89,69.87
2023-10-10,VINH,18.737,105.671,14.98,24.61,26.96,22.45,22.56,24.78,88.56,17.1,100.56,5.43,13.8,4.76,35.27,0.92,0.9,95.07
2023-10-11,VINH,18.737,105.671,22.88,24.73,26.85,22.94,22.98,25.01,90.28,17.56,100.57,4.9,10.5,8.59,35.07,0.92,0.9,92.3
2023-10-12,VINH,18.737,105.671,55.5,25.1,26.37,24.38,24.02,25.11,93.71,18.68,100.57,5.08,24.1,6.77,35.6,0.97,0.93,98.18
2023-10-13,VINH,18.737,105.671,73.06,25.51,27.19,24.66,24.16,25.46,92.24,18.87,100.41,4.28,38.5,5.58,35.48,0.99,0.97,98.45
2023-10-14,VINH,18.737,105.671,59.34,25.4,28.06,23.42,23.55,25.39,89.56,18.21,100.26,4.39,56.9,5.75,35.84,0.97,0.98,94.63
2023-10-15,VINH,18.737,105.671,2.16,24.35,27.0,22.53,22.16,24.4,87.73,16.73,100.3,4.3,18.2,7.65,34.83,0.94,0.97,86.52
2023-10-16,VINH,18.737,105.671,2.87,24.59,27.57,22.54,22.3,24.53,87.27,16.86,100.36,4.06,12.8,10.72,34.98,0.93,0.96,88.36
2023-10-17,VINH,18.737,105.671,6.66,25.32,28.14,23.42,22.97,25.22,87.11,17.59,100.31,4.47,11.3,11.38,35.12,0.94,0.96,93.57
2023-10-18,VINH,18.737,105.671,3.7,25.35,28.04,22.97,23.64,25.29,90.53,18.36,100.2,4.08,341.6,12.07,34.64,0.93,0.96,94.46
2023-10-19,VINH,18.737,105.671,0.31,27.24,31.0,24.41,24.49,27.18,85.45,19.31,100.17,2.25,347.1,19.44,34.97,0.92,0.95,71.07
2023-10-20,VINH,18.737,105.671,0.28,24.17,27.27,20.8,21.24,24.05,84.01,15.8,100.59,5.13,12.3,13.33,34.8,0.92,0.94,89.14
2023-10-21,VINH,18.737,105.671,0.98,22.44,24.57,20.94,19.8,22.64,85.46,14.39,100.8,4.36,3.2,10.37,32.98,0.91,0.94,62.01
2023-10-22,VINH,18.737,105.671,5.33,22.56,24.97,20.55,20.74,23.0,89.78,15.28,100.72,4.14,355.5,9.09,34.3,0.92,0.94,90.52
2023-10-23,VINH,18.737,105.671,38.95,24.22,25.52,21.68,23.06,24.39,93.28,17.65,100.54,4.13,17.7,5.88,35.32,0.96,0.95,95.25
2023-10-24,VINH,18.737,105.671,50.65,25.2,26.64,24.19,24.13,25.15,93.76,18.82,100.43,4.18,29.1,7.38,35.54,0.97,0.97,97.35
2023-10-25,VINH,18.737,105.671,41.83,25.66,27.97,24.38,24.61,25.64,93.96,19.41,100.36,3.58,30.2,4.52,35.92,0.98,0.99,99.09
2023-10-26,VINH,18.737,105.671,23.57,25.5,27.22,24.13,24.77,25.35,95.66,19.61,100.3,2.86,34.0,7.74,35.94,0.97,0.99,82.9
2023-10-27,VINH,18.737,105.671,5.84,25.54,28.09,23.54,24.17,25.3,92.22,18.92,100.29,2.72,19.8,16.65,34.87,0.96,0.99,56.3
2023-10-28,VINH,18.737,105.671,57.57,25.72,28.1,24.45,24.38,25.77,92.38,19.14,100.3,3.35,28.9,12.64,35.56,0.98,0.99,96.9
2023-10-29,VINH,18.737,105.671,49.94,25.54,27.69,22.97,24.5,25.46,93.96,19.29,100.38,3.68,33.3,8.3,35.74,0.99,1.0,95.11
2023-10-30,VINH,18.737,105.671,77.36,23.98,25.42,22.9,23.07,23.95,94.61,17.62,100.64,4.6,32.7,4.26,34.79,1.0,1.0,99.42
2023-10-31,VINH,18.737,105.671,8.3,23.97,26.51,22.19,22.2,23.78,89.91,16.7,100.73,4.1,37.3,6.53,34.71,0.98,1.0,89.44
2023-11-01,VINH,18.737,105.671,0.68,23.93,26.68,21.62,21.92,23.69,88.59,16.43,100.64,3.35,36.7,9.22,34.15,0.97,0.99,72.44
2023-11-02,VINH,18.737,105.671,0.0,24.79,27.72,23.08,22.51,24.54,87.3,17.06,100.37,1.75,40.6,18.34,33.98,0.96,0.99,35.8
2023-11-03,VINH,18.737,105.671,0.01,25.51,29.13,22.97,23.78,25.69,90.58,18.49,100.15,2.5,112.4,18.71,34.47,0.95,0.98,33.37
2023-11-04,VINH,18.737,105.671,0.01,25.99,29.42,23.68,24.17,26.06,90.15,18.93,100.18,2.44,121.3,17.63,34.92,0.94,0.98,38.19
2023-11-05,VINH,18.737,105.671,0.03,26.39,30.08,24.14,24.0,26.15,87.21,18.71,100.31,1.91,122.3,18.9,34.51,0.94,0.97,32.58
2023-11-06,VINH,18.737,105.671,14.16,25.99,29.15,22.42,24.1,26.26,89.69,18.82,100.45,3.84,36.1,14.51,35.11,0.95,0.97,66.77
2023-11-07,VINH,18.737,105.671,12.52,23.32,25.23,21.72,22.01,23.48,92.61,16.6,100.46,3.49,358.9,7.43,34.67,0.95,0.98,86.59
2023-11-08,VINH,18.737,105.671,9.91,25.41,28.26,22.9,23.72,25.26,90.53,18.4,100.29,2.42,41.8,14.19,34.7,0.95,0.98,60.18
2023-11-09,VINH,18.737,105.671,0.27,26.25,29.53,24.14,24.43,26.26,90.06,19.2,100.3,2.24,100.3,17.49,34.84,0.94,0.97,43.23
2023-11-10,VINH,18.737,105.671,0.38,26.4,29.61,24.42,24.25,26.28,88.37,18.97,100.44,1.75,101.3,16.86,34.86,0.93,0.97,58.56
2023-11-11,VINH,18.737,105.671,0.95,26.34,29.44,24.06,24.21,26.19,88.34,18.9,100.55,1.99,62.1,16.95,34.54,0.93,0.96,28.26
2023-11-12,VINH,18.737,105.671,74.68,25.79,28.91,22.78,24.21,25.87,91.18,18.93,100.7,5.73,36.5,11.92,35.44,0.96,0.97,76.92
2023-11-13,VINH,18.737,105.671,54.43,20.21,23.66,16.86,18.9,20.56,92.64,13.68,101.12,7.45,13.8,4.77,32.73,0.98,0.99,94.69
2023-11-14,VINH,18.737,105.671,4.45,19.2,20.84,16.97,17.73,19.79,91.84,12.68,101.07,4.32,356.8,7.41,32.23,0.95,0.99,83.36
2023-11-15,VINH,18.737,105.671,12.66,22.73,24.92,19.54,21.39,22.98,92.32,15.87,101.0,4.19,24.2,6.05,34.26,0.95,0.98,97.99
2023-11-16,VINH,18.737,105.671,11.73,18.39,20.4,15.74,15.95,18.48,85.73,11.23,101.57,7.31,10.3,3.85,31.98,0.96,0.99,93.27
2023-11-17,VINH,18.737,105.671,0.0,18.52,21.96,16.07,14.65,18.39,78.63,10.3,101.35,4.67,22.1,18.03,28.56,0.94,0.98,34.83
2023-11-18,VINH,18.737,105.671,0.0,18.75,22.65,15.39,15.15,18.43,79.98,10.69,101.13,3.75,20.7,16.67,29.14,0.94,0.97,34.3
2023-11-19,VINH,18.737,105.671,0.02,19.23,23.36,15.72,15.73,19.06,80.68,11.13,100.9,3.07,9.9,14.95,29.44,0.93,0.97,28.96
2023-11-20,VINH,18.737,105.671,0.01,20.27,24.47,15.92,16.46,19.58,79.32,11.66,100.79,2.38,14.4,18.34,28.73,0.93,0.96,14.61
2023-11-21,VINH,18.737,105.671,0.03,21.08,24.75,17.74,17.88,20.54,82.29,12.78,100.51,1.89,39.5,18.14,29.82,0.93,0.96,18.84
2023-11-22,VINH,18.737,105.671,3.97,22.16,25.91,19.78,20.16,22.43,88.89,14.76,100.44,2.33,46.7,15.63,32.94,0.93,0.95,64.03
2023-11-23,VINH,18.737,105.671,4.81,22.92,26.48,20.92,21.41,22.72,91.26,15.94,100.56,4.08,55.9,5.93,34.77,0.93,0.96,95.07
2023-11-24,VINH,18.737,105.671,2.02,22.5,25.75,20.04,20.7,22.33,89.73,15.22,100.74,3.97,59.0,7.66,33.59,0.92,0.95,72.87
2023-11-25,VINH,18.737,105.671,13.48,23.01,25.6,21.89,21.05,23.08,89.12,15.54,100.76,3.93,36.5,10.46,33.96,0.94,0.95,88.19
2023-11-26,VINH,18.737,105.671,15.19,22.19,25.1,19.76,20.63,21.98,90.81,15.17,100.84,4.69,46.6,5.72,33.88,0.95,0.97,84.98
2023-11-27,VINH,18.737,105.671,2.32,21.77,25.28,19.07,19.41,21.62,86.68,14.04,100.78,3.31,42.0,7.9,32.56,0.93,0.96,57.44
2023-11-28,VINH,18.737,105.671,3.66,21.74,24.83,19.29,19.31,21.5,86.26,13.96,100.66,3.24,43.1,8.86,32.73,0.93,0.96,68.55
2023-11-29,VINH,18.737,105.671,3.07,22.69,25.44,20.95,20.94,22.76,90.23,15.46,100.64,3.02,27.0,11.98,33.98,0.92,0.95,83.96
2023-11-30,VINH,18.737,105.671,54.97,23.68,26.41,20.91,22.61,23.6,93.76,17.15,100.73,5.65,30.2,5.05,35.01,0.97,0.97,97.01
2023-12-01,VINH,18.737,105.671,54.55,20.1,21.27,19.35,19.0,20.11,93.58,13.69,100.91,5.93,13.1,3.34,33.06,0.98,0.99,98.3
2023-12-02,VINH,18.737,105.671,24.29,20.66,22.94,19.0,19.63,20.7,94.02,14.26,100.86,5.17,21.1,4.67,33.16,0.97,1.0,95.49
2023-12-03,VINH,18.737,105.671,3.8,20.91,23.36,18.86,19.9,21.04,94.12,14.51,100.77,3.92,20.0,5.85,33.62,0.96,0.99,97.33
2023-12-04,VINH,18.737,105.671,3.24,21.13,24.16,19.36,19.93,21.23,92.95,14.54,100.64,3.65,28.8,5.92,34.15,0.96,0.99,92.6
2023-12-05,VINH,18.737,105.671,2.45,22.05,25.02,20.34,20.61,21.69,91.62,15.17,100.48,2.32,58.8,7.15,33.92,0.95,0.99,80.22
2023-12-06,VINH,18.737,105.671,7.93,20.88,24.42,17.77,19.33,20.76,90.8,14.03,100.85,4.67,21.6,3.95,33.52,0.96,0.99,83.38
2023-12-07,VINH,18.737,105.671,0.26,19.9,23.26,16.84,16.03,19.27,78.55,11.36,100.7,2.63,2.4,16.6,29.85,0.95,0.98,12.85
2023-12-08,VINH,18.737,105.671,0.0,21.96,26.12,19.12,18.43,21.93,81.38,13.29,100.33,1.97,152.7,18.02,31.26,0.94,0.98,20.43
2023-12-09,VINH,18.737,105.671,0.01,24.2,28.85,20.82,21.66,24.09,86.7,16.29,100.05,1.88,149.4,17.62,33.26,0.94,0.97,23.62
2023-12-10,VINH,18.737,105.671,0.06,24.79,29.37,21.72,22.67,24.53,88.82,17.32,100.06,2.2,133.9,10.36,35.22,0.93,0.96,70.93
2023-12-11,VINH,18.737,105.671,0.98,24.22,28.06,21.84,22.61,24.05,91.08,17.2,100.33,1.99,109.5,9.02,35.63,0.93,0.96,76.4
2023-12-12,VINH,18.737,105.671,0.28,23.86,27.22,21.71,22.41,23.62,91.89,16.94,100.49,2.65,91.3,12.96,33.54,0.93,0.96,57.51
2023-12-13,VINH,18.737,105.671,0.26,23.71,27.46,21.25,22.09,23.49,91.01,16.6,100.57,2.71,103.7,13.05,33.65,0.92,0.95,55.5
2023-12-14,VINH,18.737,105.671,0.02,24.29,27.64,22.22,22.83,24.1,91.89,17.39,100.47,2.59,108.3,12.89,34.27,0.92,0.95,64.3
2023-12-15,VINH,18.737,105.671,0.21,24.84,28.87,22.47,23.26,24.96,91.41,17.86,100.4,2.11,94.1,17.2,33.88,0.92,0.94,38.21
2023-12-16,VINH,18.737,105.671,12.77,16.94,24.26,14.3,14.62,17.43,86.62,10.47,101.17,6.38,8.2,12.05,31.3,0.93,0.94,77.77
2023-12-17,VINH,18.737,105.671,13.21,15.86,17.41,14.46,14.33,16.48,91.37,10.18,101.18,4.77,4.3,4.89,31.12,0.94,0.96,93.69
2023-12-18,VINH,18.737,105.671,10.35,18.66,21.02,15.39,17.34,19.24,92.58,12.37,100.98,3.79,6.8,9.99,31.68,0.94,0.96,80.44
2023-12-19,VINH,18.737,105.671,14.96,16.84,18.96,13.58,15.38,17.43,91.39,10.87,101.17,5.37,9.3,6.12,31.25,0.95,0.96,84.69
2023-12-20,VINH,18.737,105.671,4.32,14.45,15.5,13.29,11.86,14.91,84.85,8.6,101.4,5.39,9.4,5.32,30.03,0.93,0.97,88.59
2023-12-21,VINH,18.737,105.671,4.35,13.76,16.05,10.94,10.55,14.23,81.46,7.86,101.65,6.58,15.0,6.26,29.98,0.93,0.96,91.91
2023-12-22,VINH,18.737,105.671,0.28,12.38,14.68,10.71,8.79,13.15,79.93,7.01,101.85,6.13,8.2,15.03,27.07,0.93,0.96,57.54
2023-12-23,VINH,18.737,105.671,0.09,13.62,15.7,10.78,9.48,14.05,77.15,7.36,101.76,5.13,12.2,10.47,28.66,0.92,0.95,87.93
2023-12-24,VINH,18.737,105.671,0.05,13.07,15.68,10.41,9.16,13.12,77.89,7.17,101.78,4.88,9.6,8.72,28.21,0.92,0.95,87.83
2023-12-25,VINH,18.737,105.671,0.01,14.68,18.78,11.76,10.63,14.81,77.89,7.97,101.38,3.6,7.8,10.01,29.13,0.92,0.94,67.19
2023-12-26,VINH,18.737,105.671,0.15,17.04,20.22,13.47,15.02,17.34,88.65,10.62,101.26,3.07,8.3,11.0,31.38,0.91,0.94,78.88
2023-12-27,VINH,18.737,105.671,0.09,18.29,21.84,15.82,16.55,18.22,90.04,11.68,101.16,2.97,18.0,13.06,31.66,0.91,0.94,71.74
2023-12-28,VINH,18.737,105.671,0.2,19.17,22.1,16.93,18.04,19.14,93.32,12.86,100.96,3.08,16.2,7.98,32.88,0.91,0.93,86.46
2023-12-29,VINH,18.737,105.671,2.15,20.5,23.39,18.47,19.41,20.63,93.69,14.05,100.75,3.13,21.7,6.54,33.59,0.91,0.93,95.4
2023-12-30,VINH,18.737,105.671,2.43,20.8,23.73,18.71,19.91,20.79,94.82,14.51,100.65,3.23,30.2,6.56,33.29,0.91,0.93,88.45
2023-12-31,VINH,18.737,105.671,0.46,21.12,24.77,18.7,19.94,20.99,93.25,14.54,100.64,2.59,42.7,7.71,33.29,0.91,0.93,78.7
2024-01-01,VINH,18.737,105.671,0.2,21.69,26.13,18.68,20.16,21.51,91.27,14.75,100.58,2.4,111.8,12.07,33.51,0.9,0.92,65.9
2024-01-02,VINH,18.737,105.671,1.88,22.04,25.98,19.92,20.55,21.93,91.67,15.11,100.55,2.39,95.5,15.11,33.01,0.9,0.92,53.33
2024-01-03,VINH,18.737,105.671,9.45,18.56,23.44,16.81,17.1,18.64,91.33,12.2,100.88,4.6,23.8,4.98,32.58,0.92,0.93,89.22
2024-01-04,VINH,18.737,105.671,1.86,19.15,22.07,17.49,17.86,18.54,92.42,12.73,100.74,2.96,66.8,6.33,32.37,0.91,0.93,83.92
2024-01-05,VINH,18.737,105.671,0.16,20.58,24.58,18.3,18.91,20.17,90.58,13.6,100.7,2.56,98.9,11.94,32.39,0.9,0.92,78.67
2024-01-06,VINH,18.737,105.671,0.41,20.58,24.4,18.24,19.09,19.86,91.6,13.76,100.77,2.88,76.0,8.8,33.23,0.9,0.92,80.11
2024-01-07,VINH,18.737,105.671,1.08,20.74,24.81,18.06,19.21,20.55,91.36,13.89,100.65,2.67,105.4,11.55,32.74,0.9,0.91,58.68
2024-01-08,VINH,18.737,105.671,0.0,21.36,25.48,18.6,19.59,21.21,90.17,14.24,100.48,2.57,124.6,14.81,32.73,0.9,0.91,42.98
2024-01-09,VINH,18.737,105.671,0.01,21.94,26.26,19.24,20.26,22.1,90.4,14.85,100.41,2.53,114.9,16.37,33.15,0.89,0.9,45.94
2024-01-10,VINH,18.737,105.671,0.44,22.36,25.8,20.12,20.78,22.37,91.13,15.32,100.43,3.72,110.0,11.31,34.11,0.89,0.9,75.5
2024-01-11,VINH,18.737,105.671,0.96,22.14,25.78,19.68,20.57,22.25,91.15,15.13,100.49,3.61,114.4,9.06,34.58,0.89,0.9,84.95
2024-01-12,VINH,18.737,105.671,5.79,21.39,24.95,19.1,19.78,21.29,91.03,14.4,100.49,3.56,107.7,8.07,33.42,0.89,0.89,66.85
2024-01-13,VINH,18.737,105.671,16.2,21.08,24.22,18.93,19.73,20.92,92.15,14.34,100.64,3.71,98.8,5.62,33.86,0.93,0.91,85.44
2024-01-14,VINH,18.737,105.671,4.45,21.05,24.48,18.9,19.37,21.09,90.55,13.99,100.82,3.04,69.1,12.65,33.71,0.9,0.91,79.06
2024-01-15,VINH,18.737,105.671,8.29,20.82,24.22,18.73,19.35,20.7,91.54,13.99,100.77,3.5,77.2,5.24,33.39,0.91,0.91,88.19
2024-01-16,VINH,18.737,105.671,1.91,20.86,24.38,18.37,18.84,20.66,88.8,13.54,100.71,3.44,104.5,11.21,32.57,0.9,0.91,66.13
2024-01-17,VINH,18.737,105.671,1.34,21.1,25.04,18.26,19.67,20.99,91.5,14.29,100.56,3.37,111.7,13.29,32.27,0.89,0.9,47.44
2024-01-18,VINH,18.737,105.671,0.02,21.46,26.02,18.4,19.27,21.35,88.04,13.98,100.44,2.65,132.2,17.07,31.54,0.89,0.9,33.16
2024-01-19,VINH,18.737,105.671,0.02,21.63,26.86,17.86,19.15,21.72,86.85,13.88,100.33,2.57,141.8,17.59,32.03,0.88,0.89,34.22
2024-01-20,VINH,18.737,105.671,0.18,22.02,26.37,18.81,19.45,22.23,86.16,14.11,100.48,3.03,122.1,15.82,32.53,0.88,0.89,50.31
2024-01-21,VINH,18.737,105.671,7.73,21.69,25.47,19.51,19.9,21.75,90.05,14.49,100.65,2.83,80.2,14.05,33.27,0.89,0.89,70.1
2024-01-22,VINH,18.737,105.671,23.48,13.34,21.17,10.4,11.43,14.14,88.75,8.56,101.45,7.54,2.9,5.71,30.35,0.93,0.91,90.36
2024-01-23,VINH,18.737,105.671,4.99,11.24,12.45,9.86,9.27,12.1,88.77,7.27,101.67,6.36,2.4,6.87,29.26,0.91,0.91,92.59
2024-01-24,VINH,18.737,105.671,3.08,11.55,12.58,9.71,9.92,12.3,90.83,7.61,101.61,5.31,0.8,6.46,29.12,0.9,0.91,91.2
2024-01-25,VINH,18.737,105.671,2.32,12.1,12.96,11.37,10.66,12.76,92.04,7.99,101.6,4.39,354.3,6.68,29.83,0.9,0.91,99.17
2024-01-26,VINH,18.737,105.671,3.17,14.47,17.32,11.79,13.11,15.14,92.45,9.41,101.45,4.24,354.4,6.0,30.56,0.9,0.91,93.7
2024-01-27,VINH,18.737,105.671,3.42,14.19,16.35,12.46,12.91,14.79,92.55,9.25,101.39,4.65,358.5,5.53,30.4,0.9,0.91,91.49
2024-01-28,VINH,18.737,105.671,3.88,13.93,15.5,12.74,12.66,14.5,92.77,9.11,101.31,3.93,352.3,4.34,30.84,0.9,0.91,97.42
2024-01-29,VINH,18.737,105.671,2.48,15.2,17.52,13.42,14.04,15.6,93.33,9.99,100.98,2.36,331.9,5.98,31.26,0.9,0.91,89.68
2024-01-30,VINH,18.737,105.671,0.18,19.64,23.35,15.87,18.35,19.54,92.35,13.17,100.67,2.1,101.5,8.72,33.94,0.89,0.91,92.63
2024-01-31,VINH,18.737,105.671,0.13,22.2,27.39,19.3,20.32,22.07,89.89,14.91,100.46,2.48,130.3,10.39,34.28,0.89,0.9,81.05
2024-02-01,VINH,18.737,105.671,0.3,23.46,29.24,19.71,21.05,23.21,87.54,15.62,100.41,1.91,124.9,10.58,35.23,0.89,0.9,80.92
2024-02-02,VINH,18.737,105.671,0.19,23.55,29.36,19.97,21.3,23.4,88.22,15.88,100.33,2.32,128.2,9.66,34.56,0.88,0.89,72.11
2024-02-03,VINH,18.737,105.671,0.68,23.58,28.51,20.63,21.54,23.46,89.03,16.12,100.29,2.63,130.2,8.21,35.52,0.88,0.89,85.35
2024-02-04,VINH,18.737,105.671,0.03,24.83,30.97,20.02,21.56,24.18,83.81,16.13,100.28,1.94,192.9,14.7,34.6,0.88,0.88,60.68
2024-02-05,VINH,18.737,105.671,0.32,24.01,29.58,20.6,21.57,23.7,87.46,16.11,100.43,2.29,109.1,9.91,34.54,0.87,0.88,79.44
2024-02-06,VINH,18.737,105.671,0.22,23.86,28.77,20.52,21.98,23.65,89.93,16.54,100.4,2.54,113.4,11.41,34.82,0.87,0.87,77.54
2024-02-07,VINH,18.737,105.671,2.1,21.92,27.83,17.77,20.18,22.34,90.32,14.89,100.4,3.64,62.0,10.9,35.4,0.87,0.87,83.87
2024-02-08,VINH,18.737,105.671,4.29,16.65,19.42,14.31,14.72,17.37,88.57,10.41,100.81,4.71,27.0,7.5,32.75,0.87,0.87,88.41
2024-02-09,VINH,18.737,105.671,2.24,14.07,15.98,12.92,11.72,14.36,86.04,8.5,101.4,4.56,19.1,4.07,31.69,0.88,0.87,99.57
2024-02-10,VINH,18.737,105.671,0.02,15.68,18.5,14.17,12.44,16.01,81.39,8.88,101.61,3.98,21.6,10.75,30.56,0.87,0.87,77.82
2024-02-11,VINH,18.737,105.671,0.0,16.01,20.0,12.13,12.56,15.9,80.68,8.97,101.5,2.99,5.6,15.41,29.0,0.86,0.86,38.89
2024-02-12,VINH,18.737,105.671,0.0,17.91,22.52,14.98,15.09,17.93,84.49,10.64,101.15,2.13,105.6,20.31,29.46,0.86,0.86,34.09
2024-02-13,VINH,18.737,105.671,0.0,19.55,24.97,15.36,17.48,19.42,88.45,12.44,100.85,3.0,132.0,18.96,31.36,0.85,0.85,45.62
2024-02-14,VINH,18.737,105.671,0.0,20.52,25.4,17.47,18.47,20.46,88.25,13.25,100.64,2.61,127.9,19.38,32.25,0.85,0.85,53.75
2024-02-15,VINH,18.737,105.671,0.1,21.12,25.81,17.75,19.5,21.17,90.58,14.1,100.88,2.69,78.6,12.78,34.33,0.84,0.84,82.31
2024-02-16,VINH,18.737,105.671,0.28,19.85,23.66,16.85,17.86,19.55,88.92,12.74,100.71,2.72,68.6,10.6,32.67,0.84,0.84,70.49
2024-02-17,VINH,18.737,105.671,0.0,22.74,28.19,19.66,19.84,22.82,84.77,14.52,100.12,3.03,149.1,17.13,33.04,0.84,0.83,70.79
2024-02-18,VINH,18.737,105.671,0.02,25.81,31.87,22.12,21.82,25.24,80.3,16.44,100.03,2.2,212.0,15.32,34.84,0.84,0.83,74.35
2024-02-19,VINH,18.737,105.671,0.03,26.51,32.7,21.61,22.75,25.98,81.3,17.42,99.96,1.99,201.8,14.87,35.11,0.83,0.82,41.9
2024-02-20,VINH,18.737,105.671,0.05,27.01,32.96,22.87,22.73,26.26,78.98,17.4,99.86,2.84,208.0,16.97,34.99,0.82,0.82,32.98
2024-02-21,VINH,18.737,105.671,0.04,27.2,33.22,22.12,22.42,26.25,76.59,17.07,99.95,2.76,210.5,16.89,34.76,0.82,0.81,55.25
2024-02-22,VINH,18.737,105.671,0.31,26.27,32.53,22.07,22.83,26.1,83.34,17.45,100.23,1.97,110.1,12.39,36.52,0.81,0.8,75.52
2024-02-23,VINH,18.737,105.671,3.14,21.23,25.54,19.0,19.85,21.72,91.98,14.51,100.66,3.73,48.1,5.57,35.41,0.82,0.8,92.89
2024-02-24,VINH,18.737,105.671,3.16,18.79,21.37,16.82,17.32,19.39,91.46,12.31,100.89,4.26,19.0,5.82,34.05,0.83,0.81,92.73
2024-02-25,VINH,18.737,105.671,0.72,17.48,20.4,15.74,15.67,18.31,89.47,11.05,100.91,3.55,20.3,8.05,32.58,0.82,0.81,87.59
2024-02-26,VINH,18.737,105.671,1.76,18.92,23.01,16.73,17.17,19.63,89.97,12.18,100.88,3.87,32.5,8.49,33.26,0.82,0.8,88.57
2024-02-27,VINH,18.737,105.671,1.18,16.97,19.88,14.73,15.05,17.81,88.85,10.63,100.85,3.42,23.2,8.41,31.78,0.82,0.8,86.5
2024-02-28,VINH,18.737,105.671,0.93,19.23,22.47,16.31,17.49,19.82,90.12,12.49,100.47,2.02,51.2,10.04,33.19,0.82,0.8,81.61
2024-02-29,VINH,18.737,105.671,5.65,19.73,25.01,14.74,18.06,20.32,90.37,13.01,100.7,4.62,33.2,8.81,33.61,0.83,0.8,88.16
2024-03-01,VINH,18.737,105.671,6.63,15.1,16.55,14.3,13.11,15.67,88.1,9.35,101.05,4.99,12.9,7.38,31.08,0.84,0.81,88.47
2024-03-02,VINH,18.737,105.671,6.52,14.83,16.38,13.62,12.91,15.18,88.33,9.23,100.93,3.27,25.8,7.02,31.23,0.85,0.82,85.54
2024-03-03,VINH,18.737,105.671,0.38,20.31,25.21,15.97,18.28,20.79,88.29,13.21,100.13,2.88,146.7,11.65,33.75,0.82,0.81,73.83
2024-03-04,VINH,18.737,105.671,0.01,25.85,32.04,21.87,20.61,24.73,73.84,15.34,99.68,4.6,227.3,20.81,32.5,0.81,0.8,16.22
2024-03-05,VINH,18.737,105.671,0.0,26.64,33.46,21.67,19.48,25.19,65.92,14.39,99.52,4.79,232.8,22.4,31.64,0.79,0.79,8.42
2024-03-06,VINH,18.737,105.671,0.04,22.17,30.94,17.82,18.68,22.19,81.98,13.56,100.09,3.28,13.1,18.64,34.23,0.79,0.78,61.01
2024-03-07,VINH,18.737,105.671,1.94,19.67,23.03,17.68,17.44,20.32,87.41,12.42,100.51,3.98,25.1,7.79,34.09,0.8,0.78,88.68
2024-03-08,VINH,18.737,105.671,2.78,19.78,23.15,17.57,18.08,20.36,90.31,12.93,100.55,3.74,26.0,6.22,33.2,0.81,0.78,95.33
2024-03-09,VINH,18.737,105.671,0.97,20.7,24.02,18.66,19.08,21.32,90.81,13.79,100.5,2.81,22.0,9.15,34.1,0.8,0.78,98.57
2024-03-10,VINH,18.737,105.671,0.82,20.34,24.09,17.92,18.48,21.06,89.62,13.24,100.72,3.07,24.3,7.47,33.86,0.8,0.78,85.96
2024-03-11,VINH,18.737,105.671,1.52,19.27,22.58,16.46,16.99,19.42,86.86,12.04,100.88,3.33,6.9,7.84,32.75,0.8,0.78,74.88
2024-03-12,VINH,18.737,105.671,0.46,20.92,24.73,18.54,18.38,21.48,86.2,13.18,100.57,2.08,70.4,17.13,33.71,0.79,0.77,65.11
2024-03-13,VINH,18.737,105.671,1.06,23.85,29.63,20.74,21.56,23.86,88.05,16.14,100.23,2.32,121.1,9.98,34.91,0.79,0.77,77.31
2024-03-14,VINH,18.737,105.671,3.01,24.55,29.76,21.29,22.48,24.97,89.13,17.08,100.18,2.67,102.0,11.03,35.63,0.79,0.76,79.72
2024-03-15,VINH,18.737,105.671,1.43,24.94,30.38,21.08,22.62,24.95,87.97,17.23,100.21,2.38,117.1,12.79,35.53,0.78,0.76,74.21
2024-03-16,VINH,18.737,105.671,0.32,25.0,29.74,22.57,22.82,25.23,88.33,17.41,100.34,2.04,91.9,11.23,36.61,0.77,0.76,79.18
2024-03-17,VINH,18.737,105.671,0.24,25.59,30.7,22.79,22.94,25.68,86.28,17.56,100.22,2.22,121.5,9.43,36.7,0.77,0.75,83.22
2024-03-18,VINH,18.737,105.671,2.12,24.0,25.94,22.72,22.92,23.89,93.73,17.52,100.3,2.56,92.8,10.96,35.91,0.78,0.75,82.74
2024-03-19,VINH,18.737,105.671,16.61,18.65,22.89,17.53,17.08,18.93,90.65,12.13,100.96,6.1,15.7,3.23,32.83,0.84,0.78,99.68
2024-03-20,VINH,18.737,105.671,1.2,18.05,20.09,16.57,16.36,18.44,90.01,11.53,101.06,3.8,3.8,4.74,32.38,0.8,0.78,88.96
2024-03-21,VINH,18.737,105.671,0.03,21.87,26.54,18.82,19.19,22.48,85.59,13.93,100.25,2.49,133.5,19.2,32.85,0.78,0.77,44.25
2024-03-22,VINH,18.737,105.671,0.02,26.65,32.6,22.32,21.91,26.13,76.79,16.58,99.71,1.87,204.6,20.13,34.45,0.77,0.76,45.64
2024-03-23,VINH,18.737,105.671,7.05,27.79,33.45,24.22,23.28,27.36,78.09,18.02,99.74,2.22,193.7,19.22,35.45,0.78,0.75,66.06
2024-03-24,VINH,18.737,105.671,9.76,26.98,31.62,23.25,23.94,26.8,84.41,18.72,99.97,2.33,166.3,13.93,35.71,0.82,0.77,47.94
2024-03-25,VINH,18.737,105.671,0.12,26.97,32.75,22.62,23.76,26.99,84.14,18.46,100.17,2.02,99.4,16.77,36.46,0.77,0.76,73.03
2024-03-26,VINH,18.737,105.671,0.18,24.61,28.23,22.4,22.95,24.84,90.92,17.5,100.52,2.89,105.4,10.98,35.22,0.77,0.75,98.83
2024-03-27,VINH,18.737,105.671,0.21,25.73,30.48,23.14,23.13,25.69,86.38,17.75,100.27,1.87,123.0,14.25,35.28,0.76,0.75,94.68
2024-03-28,VINH,18.737,105.671,5.23,25.57,29.46,23.1,23.42,25.63,88.58,18.07,100.19,1.82,61.3,13.21,35.56,0.78,0.74,97.78
2024-03-29,VINH,18.737,105.671,4.41,23.62,25.26,22.71,22.17,23.44,91.53,16.73,100.24,2.32,50.9,13.65,35.55,0.79,0.76,81.89
2024-03-30,VINH,18.737,105.671,1.08,28.33,33.79,24.49,24.18,27.88,79.39,18.99,99.98,2.14,212.0,10.66,35.82,0.77,0.75,57.57
2024-03-31,VINH,18.737,105.671,0.21,28.8,35.0,24.2,23.13,27.85,72.55,17.94,99.71,4.17,226.7,22.99,33.9,0.75,0.74,5.9
2024-04-01,VINH,18.737,105.671,0.0,28.69,35.38,23.46,21.83,27.63,67.94,16.61,99.47,4.4,222.7,23.47,33.04,0.73,0.72,2.63
2024-04-02,VINH,18.737,105.671,0.0,29.27,35.62,24.5,22.19,28.14,66.99,16.98,99.42,3.97,222.6,23.16,33.39,0.72,0.71,5.17
2024-04-03,VINH,18.737,105.671,0.0,29.99,36.54,24.91,22.52,28.87,65.69,17.33,99.52,4.09,218.0,22.44,34.26,0.71,0.71,3.05
2024-04-04,VINH,18.737,105.671,0.0,30.17,36.43,25.33,23.35,29.2,68.81,18.17,99.54,3.27,216.4,21.02,35.18,0.7,0.7,7.48
2024-04-05,VINH,18.737,105.671,0.0,27.81,33.85,24.28,24.37,28.04,83.2,19.25,99.72,2.06,74.8,15.34,37.49,0.7,0.69,68.39
2024-04-06,VINH,18.737,105.671,0.02,27.43,33.23,23.99,24.49,27.81,85.3,19.37,99.76,2.07,94.0,13.79,37.06,0.69,0.69,61.84
2024-04-07,VINH,18.737,105.671,0.35,28.41,34.36,24.44,24.83,28.75,82.45,19.79,99.73,1.78,96.7,14.32,37.74,0.69,0.69,71.24
2024-04-08,VINH,18.737,105.671,2.38,25.21,30.14,22.73,23.34,25.86,89.73,18.03,100.2,3.17,54.3,8.27,36.37,0.7,0.69,80.98
2024-04-09,VINH,18.737,105.671,3.31,24.22,27.77,22.45,22.35,24.65,89.65,16.88,100.41,2.7,46.5,7.15,35.23,0.71,0.69,95.93
2024-04-10,VINH,18.737,105.671,0.75,25.52,28.81,23.6,23.65,25.82,89.85,18.29,100.37,2.2,90.5,14.27,35.6,0.7,0.69,93.36
2024-04-11,VINH,18.737,105.671,0.06,26.25,30.37,22.67,23.77,26.57,87.16,18.45,100.27,2.91,119.5,14.65,35.65,0.69,0.68,70.36
2024-04-12,VINH,18.737,105.671,0.03,27.16,32.15,23.4,23.75,27.5,83.0,18.47,100.05,2.76,126.3,17.01,36.18,0.67,0.68,77.56
2024-04-13,VINH,18.737,105.671,0.01,29.7,36.16,25.47,23.86,29.72,72.73,18.67,99.76,2.39,164.6,21.14,36.14,0.66,0.67,65.48
2024-04-14,VINH,18.737,105.671,0.31,30.03,37.41,24.8,23.6,29.51,70.42,18.41,99.81,2.44,197.0,20.17,35.84,0.65,0.66,79.62
2024-04-15,VINH,18.737,105.671,0.23,29.98,36.46,25.34,24.79,30.25,76.12,19.73,99.87,1.87,131.8,17.47,37.58,0.64,0.66,85.76
2024-04-16,VINH,18.737,105.671,0.06,29.41,34.46,25.61,24.61,29.9,76.84,19.54,99.7,2.46,144.7,15.36,37.52,0.63,0.65,90.03
2024-04-17,VINH,18.737,105.671,0.09,31.26,37.85,25.72,24.39,31.15,69.78,19.33,99.6,1.87,210.4,18.64,37.34,0.62,0.64,65.02
2024-04-18,VINH,18.737,105.671,1.11,31.42,38.32,25.98,23.4,31.37,65.32,18.27,99.37,2.42,201.0,17.83,36.99,0.61,0.64,70.86
2024-04-19,VINH,18.737,105.671,1.25,31.28,37.47,26.38,23.1,30.92,64.02,17.95,99.26,3.79,209.7,19.42,36.23,0.61,0.64,63.68
2024-04-20,VINH,18.737,105.671,0.05,31.97,38.77,27.09,22.02,31.59,58.09,16.81,99.25,3.68,221.0,23.51,35.48,0.59,0.63,19.07
2024-04-21,VINH,18.737,105.671,0.18,32.37,39.31,26.04,23.6,32.18,63.68,18.5,99.38,2.88,224.5,24.0,36.01,0.58,0.62,18.44
2024-04-22,VINH,18.737,105.671,0.21,30.77,37.76,25.62,23.92,31.42,69.56,18.85,99.42,2.06,140.6,21.05,36.62,0.58,0.62,40.66
2024-04-23,VINH,18.737,105.671,1.87,31.26,39.35,26.63,24.06,32.02,70.88,19.05,99.57,2.17,55.2,21.02,37.27,0.58,0.61,60.16
2024-04-24,VINH,18.737,105.671,0.76,30.43,36.96,25.61,24.42,30.91,72.86,19.41,99.51,2.06,148.4,15.69,37.45,0.59,0.62,85.23
2024-04-25,VINH,18.737,105.671,0.13,33.21,40.59,27.67,21.53,33.0,53.06,16.39,99.25,3.29,230.0,21.66,36.66,0.56,0.61,41.51
2024-04-26,VINH,18.737,105.671,0.0,33.82,40.57,28.34,21.75,33.36,51.16,16.58,99.15,4.12,235.0,22.79,36.33,0.55,0.6,15.93
2024-04-27,VINH,18.737,105.671,0.0,33.95,41.09,28.02,20.73,33.53,48.1,15.56,99.16,4.36,233.8,24.17,35.79,0.54,0.6,7.96
2024-04-28,VINH,18.737,105.671,0.0,34.33,41.84,28.28,20.54,34.04,47.0,15.42,99.35,4.05,220.0,23.43,35.75,0.53,0.59,9.01
2024-04-29,VINH,18.737,105.671,0.0,34.02,41.43,28.28,20.13,33.65,46.06,15.04,99.26,4.84,221.4,23.63,35.5,0.52,0.59,13.52
2024-04-30,VINH,18.737,105.671,0.0,35.07,41.98,29.9,20.17,34.58,43.49,15.08,99.02,5.36,229.5,24.07,36.22,0.51,0.58,10.45
2024-05-01,VINH,18.737,105.671,0.29,30.16,37.98,25.9,23.18,31.62,69.71,17.99,99.57,4.18,34.4,14.4,38.04,0.51,0.58,85.75
2024-05-02,VINH,18.737,105.671,2.2,29.34,34.93,26.75,24.91,30.37,78.86,19.91,99.72,2.3,83.3,10.1,38.39,0.54,0.58,81.59
2024-05-03,VINH,18.737,105.671,7.66,29.45,34.91,26.0,24.92,30.26,78.71,19.94,99.66,2.33,121.3,9.53,37.91,0.6,0.59,96.68
2024-05-04,VINH,18.737,105.671,1.72,31.59,38.08,25.89,22.81,31.88,62.64,17.64,99.43,2.49,228.4,19.7,35.75,0.57,0.59,64.18
2024-05-05,VINH,18.737,105.671,6.37,30.58,37.21,26.41,24.52,31.82,73.87,19.51,99.77,2.57,70.6,11.48,38.11,0.59,0.59,98.75
2024-05-06,VINH,18.737,105.671,6.43,29.13,33.72,26.25,25.31,29.72,81.46,20.33,99.99,2.86,112.8,10.6,37.6,0.63,0.61,95.09
2024-05-07,VINH,18.737,105.671,0.61,27.52,30.68,25.27,24.63,28.11,84.98,19.45,100.21,2.65,105.1,15.53,36.52,0.59,0.61,94.1
2024-05-08,VINH,18.737,105.671,0.22,27.76,31.98,24.64,23.46,28.3,79.43,18.19,100.15,3.01,106.2,20.81,35.4,0.57,0.6,83.6
2024-05-09,VINH,18.737,105.671,5.65,28.46,33.06,25.13,23.68,29.59,77.42,18.4,100.2,2.69,90.4,19.61,35.96,0.59,0.6,78.07
2024-05-10,VINH,18.737,105.671,4.44,28.28,32.55,25.47,24.63,28.98,81.92,19.48,100.12,3.17,116.2,16.43,36.71,0.62,0.61,92.03
2024-05-11,VINH,18.737,105.671,1.81,29.06,33.15,26.38,24.32,29.5,77.16,19.16,100.07,1.97,129.8,15.22,36.43,0.59,0.61,75.66
2024-05-12,VINH,18.737,105.671,0.72,30.05,35.08,26.09,24.43,31.01,74.85,19.35,100.04,2.1,82.8,19.79,36.77,0.57,0.6,75.45
2024-05-13,VINH,18.737,105.671,1.37,27.73,31.77,24.57,23.92,28.62,80.6,18.64,100.16,3.17,45.5,12.26,36.58,0.58,0.6,93.88
2024-05-14,VINH,18.737,105.671,0.22,27.14,30.22,25.37,23.42,27.47,80.93,18.1,100.14,1.91,71.0,17.72,36.2,0.58,0.6,80.57
2024-05-15,VINH,18.737,105.671,1.14,29.55,34.94,26.05,24.18,30.92,75.0,18.96,100.21,2.95,79.8,17.49,36.64,0.56,0.59,79.33
2024-05-16,VINH,18.737,105.671,15.3,27.74,32.08,25.02,24.43,28.42,83.03,19.23,100.15,3.84,45.9,16.29,36.61,0.66,0.61,85.26
2024-05-17,VINH,18.737,105.671,10.15,28.89,33.27,26.45,25.23,29.66,81.92,20.25,99.85,2.88,109.8,15.62,37.07,0.66,0.63,95.87
2024-05-18,VINH,18.737,105.671,0.85,30.28,34.78,26.4,24.81,30.44,73.9,19.86,99.39,2.04,196.2,21.13,36.55,0.6,0.62,93.55
2024-05-19,VINH,18.737,105.671,3.01,31.18,36.57,26.78,25.04,31.19,71.99,20.17,99.27,3.21,232.1,18.1,37.04,0.6,0.62,97.02
2024-05-20,VINH,18.737,105.671,10.65,27.55,31.9,24.67,24.58,27.94,84.62,19.5,99.7,2.9,15.2,9.67,36.72,0.66,0.62,99.21
2024-05-21,VINH,18.737,105.671,0.81,27.76,31.18,25.2,23.64,28.28,79.19,18.38,99.88,1.98,46.3,10.85,36.36,0.61,0.63,99.27
2024-05-22,VINH,18.737,105.671,5.1,27.79,31.33,25.4,24.19,28.43,81.78,19.01,99.88,2.56,39.1,14.08,35.96,0.62,0.62,90.91
2024-05-23,VINH,18.737,105.671,7.14,27.19,30.49,25.35,24.2,27.59,84.29,19.02,99.85,1.87,71.5,14.84,35.99,0.65,0.63,94.65
2024-05-24,VINH,18.737,105.671,3.03,27.91,31.87,26.06,24.57,28.34,83.01,19.47,99.82,1.99,123.4,11.95,36.41,0.62,0.63,99.59
2024-05-25,VINH,18.737,105.671,1.9,29.99,34.59,27.06,25.51,30.38,78.76,20.67,99.71,2.36,140.0,14.47,36.88,0.61,0.63,95.79
2024-05-26,VINH,18.737,105.671,0.15,30.84,35.35,28.24,24.69,30.76,70.78,19.69,99.52,3.23,226.8,19.27,36.77,0.6,0.62,89.56
2024-05-27,VINH,18.737,105.671,0.07,32.0,36.38,29.36,24.01,31.79,63.47,18.93,99.3,5.57,239.9,15.82,37.5,0.58,0.61,97.12
2024-05-28,VINH,18.737,105.671,1.27,32.68,38.48,27.89,23.92,32.69,62.95,18.89,99.23,4.2,244.7,11.24,37.65,0.57,0.61,98.27
2024-05-29,VINH,18.737,105.671,0.57,31.98,36.59,28.93,25.01,31.79,67.81,20.13,99.17,4.45,238.6,22.19,37.02,0.57,0.6,84.41
2024-05-30,VINH,18.737,105.671,41.25,29.96,35.02,24.23,25.8,30.04,80.04,21.14,99.29,2.73,295.6,20.72,37.22,0.73,0.63,93.01
2024-05-31,VINH,18.737,105.671,42.41,25.56,26.72,24.68,24.0,25.87,91.09,18.83,99.68,3.48,313.1,4.43,35.98,0.87,0.71,98.74
2024-06-01,VINH,18.737,105.671,2.42,29.6,33.26,26.52,25.32,29.6,78.81,20.37,99.81,1.65,194.0,15.74,36.92,0.75,0.72,91.9
2024-06-02,VINH,18.737,105.671,5.85,29.86,34.14,26.57,25.51,29.59,78.41,20.65,99.65,3.33,224.7,21.03,36.45,0.72,0.69,75.57
2024-06-03,VINH,18.737,105.671,7.41,29.4,33.24,26.76,25.72,29.02,81.26,20.94,99.46,4.2,227.1,17.64,36.7,0.74,0.69,94.4
2024-06-04,VINH,18.737,105.671,1.98,29.04,32.1,26.81,25.79,28.84,83.12,21.01,99.49,2.87,214.1,21.44,36.43,0.71,0.69,89.61
2024-06-05,VINH,18.737,105.671,5.27,29.39,33.21,26.69,25.33,29.07,79.45,20.4,99.68,2.02,223.9,14.19,36.28,0.71,0.68,99.22
2024-06-06,VINH,18.737,105.671,0.28,29.66,33.06,26.48,25.61,29.65,79.62,20.76,99.65,1.61,211.6,9.6,36.64,0.69,0.68,99.59
2024-06-07,VINH,18.737,105.671,2.78,29.16,32.66,26.69,25.97,29.1,83.63,21.27,99.4,2.44,193.6,17.74,36.68,0.69,0.68,97.43
2024-06-08,VINH,18.737,105.671,3.75,29.0,32.26,26.64,25.86,29.03,83.73,21.15,99.32,2.64,187.4,14.57,36.51,0.69,0.68,99.42
2024-06-09,VINH,18.737,105.671,0.7,28.35,30.37,26.6,25.96,28.47,87.07,21.26,99.4,2.6,167.6,14.56,36.57,0.69,0.68,98.8
2024-06-10,VINH,18.737,105.671,1.05,29.21,33.06,26.15,25.66,29.39,82.07,20.84,99.58,2.23,183.0,15.6,36.31,0.68,0.67,97.46
2024-06-11,VINH,18.737,105.671,0.41,29.45,33.26,26.95,25.19,29.39,78.65,20.26,99.58,2.75,220.8,19.13,36.38,0.67,0.67,88.44
2024-06-12,VINH,18.737,105.671,0.36,29.54,33.81,27.04,24.99,29.41,77.32,20.02,99.54,3.5,223.9,18.47,36.5,0.65,0.66,90.79
2024-06-13,VINH,18.737,105.671,0.22,30.16,33.71,27.8,24.08,29.91,70.47,19.02,99.33,5.23,235.0,21.14,36.35,0.64,0.65,90.65
2024-06-14,VINH,18.737,105.671,0.36,30.69,34.96,27.86,24.68,30.6,71.19,19.72,99.25,5.02,231.5,21.15,36.53,0.62,0.65,95.18
2024-06-15,VINH,18.737,105.671,0.83,30.1,34.44,26.66,24.96,29.87,75.29,20.07,99.3,3.64,227.2,21.84,35.92,0.63,0.64,93.4
2024-06-16,VINH,18.737,105.671,0.91,30.46,34.7,27.4,25.33,30.35,75.13,20.49,99.41,3.27,231.0,23.95,35.88,0.63,0.64,76.96
2024-06-17,VINH,18.737,105.671,0.28,30.65,34.55,27.63,25.08,30.51,72.96,20.19,99.36,4.25,223.0,22.21,36.36,0.61,0.64,93.26
2024-06-18,VINH,18.737,105.671,0.05,30.7,35.37,27.22,24.65,30.67,71.2,19.69,99.27,3.94,226.6,17.27,36.23,0.6,0.63,98.58
2024-06-19,VINH,18.737,105.671,0.26,30.95,36.12,27.14,23.82,31.12,66.91,18.76,99.19,4.86,230.4,22.57,36.33,0.59,0.63,86.13
2024-06-20,VINH,18.737,105.671,0.15,31.87,37.61,27.68,23.95,32.16,64.8,18.91,99.19,3.69,234.2,23.63,36.51,0.58,0.62,86.22
2024-06-21,VINH,18.737,105.671,0.75,31.62,36.38,27.36,25.18,31.94,70.93,20.37,99.23,2.24,179.6,23.09,36.73,0.59,0.62,65.48
2024-06-22,VINH,18.737,105.671,6.37,30.74,36.18,26.62,25.07,31.45,74.41,20.23,99.35,2.71,140.4,21.16,36.72,0.61,0.62,80.5
2024-06-23,VINH,18.737,105.671,5.66,30.53,35.66,26.62,24.74,31.24,73.6,19.82,99.3,1.93,153.8,11.63,36.7,0.64,0.63,99.67
2024-06-24,VINH,18.737,105.671,3.87,29.02,33.33,26.25,25.24,29.45,81.32,20.39,99.27,2.76,129.8,13.75,36.38,0.63,0.63,99.32
2024-06-25,VINH,18.737,105.671,5.04,29.48,33.83,26.18,25.25,29.8,79.49,20.36,99.48,3.19,151.1,14.84,36.55,0.64,0.63,99.49
2024-06-26,VINH,18.737,105.671,10.46,28.36,31.93,26.03,24.77,28.75,81.73,19.72,99.78,2.1,153.7,14.89,36.07,0.67,0.65,99.02
2024-06-27,VINH,18.737,105.671,2.88,28.71,31.47,26.58,25.24,29.16,82.47,20.29,99.82,2.07,129.0,16.16,36.21,0.65,0.65,87.05
2024-06-28,VINH,18.737,105.671,1.8,30.73,35.23,27.16,25.36,31.07,74.23,20.51,99.53,2.4,215.5,20.63,36.65,0.63,0.64,79.87
2024-06-29,VINH,18.737,105.671,2.57,30.06,34.08,27.27,24.7,29.83,73.99,19.7,99.51,4.9,229.8,22.01,36.1,0.62,0.64,85.38
2024-06-30,VINH,18.737,105.671,1.2,30.28,34.95,27.29,24.26,30.25,71.37,19.2,99.47,5.54,229.6,17.6,36.36,0.61,0.63,99.2
2024-07-01,VINH,18.737,105.671,0.58,29.73,33.09,27.5,23.75,29.57,70.74,18.63,99.34,6.07,235.2,15.67,36.21,0.6,0.63,97.34
2024-07-02,VINH,18.737,105.671,0.57,31.3,37.52,26.68,24.67,31.8,70.37,19.72,99.4,2.78,229.6,19.52,36.06,0.59,0.62,97.4
2024-07-03,VINH,18.737,105.671,2.21,29.74,33.1,26.61,25.07,29.78,77.29,20.11,99.76,2.06,170.5,20.1,35.7,0.6,0.62,90.72
2024-07-04,VINH,18.737,105.671,1.77,29.34,34.3,25.71,24.2,29.83,75.93,19.08,99.81,2.62,159.4,19.89,35.75,0.6,0.62,90.87
2024-07-05,VINH,18.737,105.671,4.89,30.4,35.62,26.76,24.74,31.29,74.3,19.79,99.54,2.27,152.8,20.14,36.32,0.62,0.62,71.32
2024-07-06,VINH,18.737,105.671,0.3,30.75,36.01,26.81,24.73,31.7,72.61,19.76,99.57,2.43,136.6,22.13,36.83,0.58,0.61,63.5
2024-07-07,VINH,18.737,105.671,0.96,31.0,36.16,26.85,24.95,31.79,72.77,20.03,99.62,2.43,156.6,21.34,36.79,0.58,0.61,70.77
2024-07-08,VINH,18.737,105.671,0.96,30.87,36.1,27.11,24.05,31.38,69.62,18.99,99.56,2.09,224.9,21.68,35.99,0.58,0.61,69.09
2024-07-09,VINH,18.737,105.671,0.08,30.06,34.47,27.02,23.59,30.2,69.36,18.41,99.61,3.49,223.8,24.43,35.91,0.57,0.6,63.66
2024-07-10,VINH,18.737,105.671,0.56,30.3,34.95,26.93,23.86,30.53,70.28,18.74,99.54,3.67,227.4,22.53,36.12,0.57,0.6,76.85
2024-07-11,VINH,18.737,105.671,0.63,31.24,36.8,27.14,23.98,31.69,67.72,18.93,99.3,3.59,234.6,23.32,36.13,0.56,0.6,65.83
2024-07-12,VINH,18.737,105.671,1.14,30.33,34.85,27.49,24.57,30.48,72.56,19.62,99.17,3.05,231.2,22.65,36.18,0.57,0.6,77.29
2024-07-13,VINH,18.737,105.671,0.52,30.94,34.79,27.5,24.97,31.22,72.38,20.13,99.15,1.79,236.3,21.47,36.41,0.57,0.59,76.13
2024-07-14,VINH,18.737,105.671,7.73,29.64,33.77,27.16,25.78,30.1,81.23,21.04,99.4,2.74,66.6,19.77,36.08,0.59,0.6,89.72
2024-07-15,VINH,18.737,105.671,71.83,28.93,31.57,27.0,26.12,29.04,85.45,21.47,99.38,5.51,54.9,12.79,37.18,0.83,0.65,97.98
2024-07-16,VINH,18.737,105.671,30.96,28.05,30.45,26.23,25.95,28.19,88.51,21.21,99.48,3.24,86.3,12.29,36.7,0.86,0.73,97.11
2024-07-17,VINH,18.737,105.671,40.08,28.15,30.9,26.18,25.52,28.54,86.08,20.68,99.44,2.47,60.2,15.4,36.36,0.88,0.75,98.35
2024-07-18,VINH,18.737,105.671,25.85,27.58,29.29,26.38,26.0,27.73,91.21,21.3,99.38,2.3,50.4,15.63,36.23,0.88,0.79,98.89
2024-07-19,VINH,18.737,105.671,7.71,27.87,30.34,26.29,25.91,28.01,89.14,21.18,99.38,2.06,324.6,16.55,36.39,0.82,0.77,95.83
2024-07-20,VINH,18.737,105.671,0.98,29.79,32.78,27.01,25.31,29.53,77.59,20.43,99.5,1.24,220.9,16.5,36.62,0.78,0.76,90.61
2024-07-21,VINH,18.737,105.671,3.32,29.1,31.98,26.59,26.13,29.26,84.43,21.44,99.48,2.45,27.0,20.45,36.64,0.77,0.74,88.73
2024-07-22,VINH,18.737,105.671,3.37,28.98,31.48,26.38,25.54,28.89,82.12,20.77,99.22,2.74,250.5,14.91,36.43,0.77,0.74,97.72
2024-07-23,VINH,18.737,105.671,4.23,28.84,32.07,27.13,25.2,28.39,80.89,20.42,98.9,5.08,239.5,11.29,35.95,0.77,0.74,99.42
2024-07-24,VINH,18.737,105.671,3.89,29.05,32.58,26.81,25.11,28.51,79.79,20.36,98.67,5.28,235.5,14.73,36.77,0.75,0.73,99.47
2024-07-25,VINH,18.737,105.671,3.4,28.77,31.44,27.0,24.59,28.23,78.23,19.75,98.7,6.04,239.6,9.92,36.62,0.76,0.73,98.61
2024-07-26,VINH,18.737,105.671,0.41,29.82,33.66,27.06,25.41,29.36,77.57,20.69,98.92,5.3,239.5,21.71,36.37,0.73,0.72,82.64
2024-07-27,VINH,18.737,105.671,0.51,30.07,33.91,27.22,25.86,29.69,78.77,21.19,99.18,4.48,243.0,22.09,36.14,0.72,0.7,86.77
2024-07-28,VINH,18.737,105.671,6.45,29.0,32.23,26.34,25.9,28.79,83.92,21.21,99.25,2.8,236.9,14.78,36.28,0.74,0.7,99.39
2024-07-29,VINH,18.737,105.671,2.57,28.2,31.21,26.27,25.29,28.08,84.7,20.45,99.24,3.07,210.2,9.13,36.15,0.74,0.71,99.57
2024-07-30,VINH,18.737,105.671,2.24,27.68,30.12,26.03,24.59,27.42,83.48,19.59,99.34,3.62,216.2,10.58,35.77,0.74,0.71,99.89
2024-07-31,VINH,18.737,105.671,0.67,28.56,31.7,26.04,23.61,28.21,74.93,18.45,99.47,5.76,225.3,11.63,36.01,0.71,0.7,99.86
2024-08-01,VINH,18.737,105.671,1.4,28.61,32.46,25.89,23.82,28.18,75.87,18.66,99.58,4.84,228.3,9.69,36.2,0.7,0.69,99.84
2024-08-02,VINH,18.737,105.671,1.56,27.69,30.98,25.49,23.72,27.38,79.34,18.55,99.56,4.73,224.1,9.41,36.09,0.71,0.69,99.62
2024-08-03,VINH,18.737,105.671,1.22,27.79,31.19,25.07,23.7,27.58,78.94,18.5,99.66,4.12,219.6,11.02,36.05,0.7,0.69,87.16
2024-08-04,VINH,18.737,105.671,0.03,29.51,34.63,25.67,24.56,29.49,76.13,19.51,99.67,2.79,211.4,21.29,36.39,0.68,0.68,61.62
2024-08-05,VINH,18.737,105.671,0.03,30.57,35.12,26.58,25.19,30.74,74.39,20.28,99.55,2.25,200.6,23.22,36.44,0.66,0.67,48.43
2024-08-06,VINH,18.737,105.671,0.14,30.63,34.92,26.92,25.4,30.56,75.09,20.55,99.54,1.82,208.7,23.19,36.12,0.66,0.66,65.15
2024-08-07,VINH,18.737,105.671,0.38,30.01,34.04,26.38,25.28,30.0,76.88,20.36,99.61,2.16,217.7,23.27,36.07,0.66,0.66,61.54
2024-08-08,VINH,18.737,105.671,0.04,31.06,36.27,27.17,25.28,31.19,72.84,20.39,99.54,3.01,224.2,24.04,35.96,0.64,0.65,53.79
2024-08-09,VINH,18.737,105.671,1.34,31.13,36.02,27.85,25.28,31.01,72.39,20.43,99.35,4.8,230.5,22.14,36.64,0.63,0.65,78.6
2024-08-10,VINH,18.737,105.671,5.06,30.25,34.8,27.16,25.4,30.04,76.36,20.6,99.19,4.39,229.4,21.72,36.65,0.64,0.65,71.74
2024-08-11,VINH,18.737,105.671,24.9,28.48,30.79,27.04,26.43,28.39,88.73,21.92,99.17,2.61,224.7,14.73,36.63,0.79,0.68,98.7
2024-08-12,VINH,18.737,105.671,0.96,28.88,32.37,26.14,25.99,28.71,84.78,21.33,99.27,2.6,223.5,15.38,36.08,0.71,0.69,98.76
2024-08-13,VINH,18.737,105.671,1.25,30.3,34.38,26.64,26.07,30.3,79.12,21.38,99.49,1.59,222.2,20.65,36.42,0.69,0.68,94.89
2024-08-14,VINH,18.737,105.671,0.86,30.35,34.47,26.55,25.63,30.38,77.29,20.83,99.5,1.87,202.7,17.01,36.17,0.67,0.67,98.31
2024-08-15,VINH,18.737,105.671,21.59,29.64,33.13,25.92,26.2,29.73,82.6,21.56,99.41,1.62,210.7,10.09,36.57,0.77,0.69,93.8
2024-08-16,VINH,18.737,105.671,1.98,28.38,30.32,26.34,26.1,28.2,87.5,21.4,99.51,2.21,229.0,15.43,36.43,0.74,0.7,97.95
2024-08-17,VINH,18.737,105.671,0.72,29.73,34.06,26.41,25.76,30.2,80.29,20.95,99.63,2.12,203.8,15.73,36.4,0.71,0.7,98.71
2024-08-18,VINH,18.737,105.671,1.64,29.86,33.95,27.25,26.09,29.71,81.05,21.38,99.59,2.55,225.2,19.62,36.59,0.7,0.69,93.96
2024-08-19,VINH,18.737,105.671,2.65,28.97,31.97,26.74,25.78,28.56,83.24,21.0,99.52,3.5,228.8,16.42,36.14,0.71,0.69,98.99
2024-08-20,VINH,18.737,105.671,0.31,29.48,33.74,26.62,25.31,29.27,79.07,20.42,99.58,3.22,221.3,19.82,35.65,0.68,0.68,97.71
2024-08-21,VINH,18.737,105.671,0.48,28.9,32.44,26.24,25.05,28.74,80.53,20.07,99.72,2.91,200.3,19.91,35.7,0.68,0.67,97.71
2024-08-22,VINH,18.737,105.671,1.1,29.89,34.06,26.69,25.63,29.74,79.13,20.76,99.84,2.27,207.7,21.08,36.23,0.67,0.67,78.12
2024-08-23,VINH,18.737,105.671,1.28,29.84,33.63,26.2,25.26,29.69,77.53,20.27,99.94,1.59,229.1,14.29,35.95,0.68,0.67,98.94
2024-08-24,VINH,18.737,105.671,2.25,29.62,33.31,26.63,24.92,29.58,77.29,19.91,99.84,1.84,217.8,18.22,35.94,0.67,0.67,93.51
2024-08-25,VINH,18.737,105.671,1.41,29.59,33.44,26.02,24.46,29.57,75.28,19.4,99.68,2.04,226.6,16.62,35.72,0.67,0.67,97.04
2024-08-26,VINH,18.737,105.671,0.34,30.05,33.99,26.19,24.4,30.06,73.54,19.34,99.66,1.92,207.5,20.86,35.96,0.65,0.66,82.56
2024-08-27,VINH,18.737,105.671,0.45,30.34,35.31,26.09,24.58,30.62,73.34,19.55,99.63,2.13,231.1,21.18,36.01,0.64,0.65,76.88
2024-08-28,VINH,18.737,105.671,0.61,30.46,35.05,26.48,24.85,30.5,73.6,19.88,99.51,2.85,240.1,23.32,35.57,0.63,0.65,50.42
2024-08-29,VINH,18.737,105.671,4.24,31.12,35.94,26.88,25.18,31.24,72.59,20.29,99.5,2.47,246.8,23.15,35.9,0.64,0.65,72.48
2024-08-30,VINH,18.737,105.671,12.02,30.27,33.76,27.51,25.56,30.14,76.95,20.72,99.62,1.75,230.2,15.11,35.97,0.71,0.66,91.26
2024-08-31,VINH,18.737,105.671,2.74,28.96,31.98,26.19,25.09,29.04,80.28,20.1,99.69,1.72,24.3,18.69,35.61,0.68,0.66,89.35
2024-09-01,VINH,18.737,105.671,15.62,28.41,31.3,26.15,25.46,28.71,84.5,20.56,99.71,2.19,74.8,16.25,36.64,0.75,0.68,89.64
2024-09-02,VINH,18.737,105.671,4.53,28.9,31.54,26.69,25.61,28.95,83.05,20.74,99.79,1.74,87.1,16.52,35.92,0.71,0.68,97.08
2024-09-03,VINH,18.737,105.671,2.72,28.6,32.03,25.79,25.06,28.55,81.72,20.07,99.69,1.67,237.3,20.91,35.42,0.7,0.68,86.63
2024-09-04,VINH,18.737,105.671,1.1,29.84,34.54,25.91,25.03,30.02,76.81,20.11,99.35,2.13,313.8,21.29,35.64,0.67,0.67,86.07
2024-09-05,VINH,18.737,105.671,4.47,31.25,35.89,27.45,25.1,31.11,71.68,20.26,99.18,2.54,291.0,20.79,36.2,0.67,0.66,98.46
2024-09-06,VINH,18.737,105.671,29.14,28.91,31.63,26.99,26.36,28.61,86.22,21.83,99.1,3.53,282.9,7.19,36.45,0.81,0.7,99.08
2024-09-07,VINH,18.737,105.671,9.27,29.0,30.96,27.67,25.08,28.25,79.4,20.29,98.81,7.74,228.7,7.12,36.35,0.77,0.71,99.03
2024-09-08,VINH,18.737,105.671,7.38,29.54,34.2,26.15,25.66,29.23,80.53,20.92,99.18,4.37,205.7,15.41,36.33,0.74,0.7,99.04
2024-09-09,VINH,18.737,105.671,9.87,29.65,33.56,26.49,26.14,29.47,82.19,21.49,99.37,2.6,200.8,11.48,36.43,0.76,0.7,99.31
2024-09-10,VINH,18.737,105.671,25.98,29.39,32.53,25.95,25.35,29.25,79.64,20.45,99.59,1.18,251.4,10.35,36.02,0.83,0.73,99.15
2024-09-11,VINH,18.737,105.671,21.27,28.09,30.64,25.87,24.74,28.12,82.46,19.68,99.75,1.38,80.1,10.14,35.98,0.83,0.75,98.29
2024-09-12,VINH,18.737,105.671,24.24,27.61,30.2,25.7,25.26,27.88,87.42,20.32,99.68,2.26,22.3,9.31,36.78,0.87,0.78,99.57
2024-09-13,VINH,18.737,105.671,8.77,27.41,30.8,24.56,24.57,27.43,84.8,19.53,99.49,2.2,20.0,15.55,36.46,0.81,0.77,94.04
2024-09-14,VINH,18.737,105.671,2.63,27.84,30.96,25.34,24.64,27.91,83.05,19.64,99.35,2.25,44.7,12.11,35.79,0.79,0.76,95.6
2024-09-15,VINH,18.737,105.671,0.04,28.44,32.29,24.58,24.2,28.45,78.69,19.13,99.33,1.84,32.4,21.48,35.35,0.76,0.74,62.14
2024-09-16,VINH,18.737,105.671,5.22,27.74,30.69,25.25,25.06,27.85,85.84,20.12,99.49,2.9,19.1,18.16,35.96,0.77,0.74,88.27
2024-09-17,VINH,18.737,105.671,90.06,27.87,30.78,26.2,26.05,27.98,90.11,21.36,99.46,4.16,26.1,10.72,36.67,0.91,0.78,99.05
2024-09-18,VINH,18.737,105.671,47.34,27.31,29.69,25.16,25.78,27.13,91.39,21.05,99.32,3.27,357.0,12.82,35.67,0.93,0.84,98.99
2024-09-19,VINH,18.737,105.671,140.82,27.07,28.65,25.8,25.62,26.82,91.71,20.88,99.15,7.94,21.4,4.92,36.07,0.97,0.88,99.36
2024-09-20,VINH,18.737,105.671,31.85,27.47,29.9,25.87,25.76,27.38,90.55,21.0,99.37,4.42,49.3,4.01,36.16,0.95,0.91,99.14
2024-09-21,VINH,18.737,105.671,26.29,27.29,29.02,25.57,25.91,27.1,92.16,21.18,99.47,2.73,5.7,11.86,36.07,0.94,0.92,98.87
2024-09-22,VINH,18.737,105.671,90.47,26.46,28.73,24.88,25.18,26.49,92.75,20.24,99.63,4.07,358.4,6.69,35.84,0.96,0.93,99.31
2024-09-23,VINH,18.737,105.671,145.35,22.94,25.04,21.61,21.67,23.22,92.56,16.3,100.05,4.33,322.6,4.0,34.31,0.98,0.97,99.62
2024-09-24,VINH,18.737,105.671,28.12,24.12,26.83,22.41,21.52,24.4,85.47,16.1,100.15,1.94,335.1,10.3,35.22,0.96,0.97,99.43
2024-09-25,VINH,18.737,105.671,1.74,25.83,28.28,24.12,23.21,25.89,85.62,17.85,100.15,1.96,73.2,14.94,35.56,0.93,0.96,87.45
2024-09-26,VINH,18.737,105.671,1.19,27.57,31.4,25.45,24.75,27.7,85.39,19.62,100.09,2.31,110.5,19.57,36.18,0.93,0.95,51.27
2024-09-27,VINH,18.737,105.671,0.19,28.49,32.73,25.53,25.59,28.65,85.11,20.67,99.97,2.4,141.4,19.93,36.03,0.92,0.94,50.13
2024-09-28,VINH,18.737,105.671,2.57,29.94,33.49,26.9,26.38,29.9,82.0,21.72,99.77,1.81,181.1,20.23,36.41,0.92,0.94,31.06
2024-09-29,VINH,18.737,105.671,2.54,29.75,33.65,26.58,26.3,29.5,82.53,21.63,99.66,2.11,216.9,20.58,36.69,0.92,0.93,69.0
2024-09-30,VINH,18.737,105.671,8.11,30.12,33.99,27.68,26.76,30.24,83.3,22.26,99.58,1.34,132.5,16.66,36.56,0.92,0.93,67.0
2024-10-01,VINH,18.737,105.671,21.47,27.23,31.42,21.71,25.42,27.21,90.06,20.63,100.01,6.03,35.0,17.16,35.95,0.94,0.94,83.28
2024-10-02,VINH,18.737,105.671,3.37,23.18,25.06,21.09,20.54,23.46,85.28,15.1,100.53,4.57,3.4,9.13,34.45,0.93,0.95,89.73
2024-10-03,VINH,18.737,105.671,0.0,23.48,26.97,20.29,19.21,23.5,77.36,13.89,100.54,3.44,9.6,15.93,33.76,0.91,0.94,69.06
2024-10-04,VINH,18.737,105.671,0.0,23.77,27.69,20.15,19.79,23.59,78.8,14.44,100.48,3.17,11.1,18.44,32.03,0.91,0.93,23.69
2024-10-05,VINH,18.737,105.671,0.0,24.56,28.23,21.1,20.71,24.32,79.58,15.29,100.4,2.81,15.5,22.47,31.96,0.9,0.92,13.78
2024-10-06,VINH,18.737,105.671,2.86,25.27,28.3,23.35,21.98,25.1,82.39,16.52,100.45,3.29,12.2,19.17,34.16,0.9,0.91,53.52
2024-10-07,VINH,18.737,105.671,4.17,25.7,28.71,23.57,23.53,25.56,88.09,18.15,100.54,4.16,18.9,7.92,35.79,0.9,0.91,92.09
2024-10-08,VINH,18.737,105.671,5.37,25.39,28.45,23.0,22.71,24.95,85.28,17.28,100.46,3.74,33.7,10.94,34.62,0.91,0.91,56.5
2024-10-09,VINH,18.737,105.671,0.25,25.19,28.73,21.66,21.87,24.61,82.13,16.44,100.35,3.36,36.0,14.98,34.08,0.89,0.9,50.98
2024-10-10,VINH,18.737,105.671,0.02,25.27,28.63,22.12,21.8,24.86,81.49,16.36,100.31,2.84,35.2,15.9,33.83,0.89,0.9,39.46
2024-10-11,VINH,18.737,105.671,1.0,25.65,28.56,23.4,22.83,25.53,84.73,17.42,100.26,2.51,44.0,18.09,34.74,0.88,0.89,49.21
2024-10-12,VINH,18.737,105.671,1.02,26.0,29.04,23.94,23.73,26.03,87.57,18.39,100.33,2.69,60.3,13.81,35.05,0.88,0.89,46.27
2024-10-13,VINH,18.737,105.671,0.29,26.1,29.23,23.49,23.76,26.16,87.32,18.44,100.28,2.38,38.9,18.39,34.52,0.88,0.88,38.06
2024-10-14,VINH,18.737,105.671,4.01,26.59,29.75,24.4,24.37,26.82,88.03,19.16,100.19,2.63,30.5,17.96,34.93,0.88,0.88,42.14
2024-10-15,VINH,18.737,105.671,21.83,26.7,29.47,24.89,24.94,26.81,90.29,19.83,100.18,3.17,36.0,16.56,35.82,0.92,0.89,84.92
2024-10-16,VINH,18.737,105.671,42.62,26.06,27.79,24.88,24.75,25.74,92.38,19.61,100.24,3.09,55.7,11.09,35.84,0.96,0.93,93.49
2024-10-17,VINH,18.737,105.671,2.89,26.8,30.13,24.23,24.21,26.94,86.29,18.98,100.13,2.21,108.9,17.32,35.53,0.91,0.92,61.06
2024-10-18,VINH,18.737,105.671,12.66,27.07,30.19,25.25,24.71,27.37,87.39,19.55,100.17,2.12,86.9,18.26,35.7,0.92,0.91,59.74
2024-10-19,VINH,18.737,105.671,19.45,26.57,28.85,24.87,24.81,26.56,90.15,19.63,100.35,2.5,62.9,14.04,35.51,0.94,0.93,78.49
2024-10-20,VINH,18.737,105.671,63.29,26.72,28.7,25.44,25.03,26.7,90.59,19.88,100.44,3.55,58.5,12.41,35.71,0.98,0.96,97.17
2024-10-21,VINH,18.737,105.671,27.7,26.19,28.53,24.78,24.32,26.26,89.69,19.06,100.37,3.24,47.6,6.82,35.16,0.96,0.97,92.75
2024-10-22,VINH,18.737,105.671,22.77,26.27,28.72,23.58,24.54,26.2,90.29,19.32,100.42,4.53,43.5,9.34,35.81,0.96,0.98,88.6
2024-10-23,VINH,18.737,105.671,3.15,23.36,25.82,20.43,20.96,23.24,86.52,15.51,100.5,4.56,6.2,5.49,33.26,0.94,0.97,98.89
2024-10-24,VINH,18.737,105.671,0.0,23.37,27.19,19.4,18.21,22.57,73.41,13.12,100.21,3.07,338.1,16.88,30.79,0.93,0.96,82.3
2024-10-25,VINH,18.737,105.671,0.0,23.07,27.03,19.49,17.38,22.41,71.5,12.48,100.01,3.41,334.4,21.18,29.68,0.92,0.95,72.36
2024-10-26,VINH,18.737,105.671,12.67,22.62,25.31,20.18,19.25,22.36,81.76,14.07,99.84,5.51,343.1,19.09,32.18,0.93,0.95,88.69
2024-10-27,VINH,18.737,105.671,51.94,21.41,21.96,20.17,20.06,21.54,92.19,14.8,99.78,9.1,355.2,3.92,33.43,0.98,0.97,99.3
2024-10-28,VINH,18.737,105.671,13.99,20.14,21.61,19.01,18.56,20.43,90.95,13.44,100.06,6.82,348.3,4.27,33.14,0.96,0.98,99.18
2024-10-29,VINH,18.737,105.671,16.06,20.84,21.3,19.61,19.48,21.04,92.14,14.23,100.14,4.41,339.3,3.66,33.79,0.96,0.98,98.89
2024-10-30,VINH,18.737,105.671,1.44,23.3,25.75,21.17,21.17,22.84,87.93,15.77,100.2,3.04,352.6,6.43,34.57,0.94,0.98,98.24
2024-10-31,VINH,18.737,105.671,0.26,24.98,28.7,21.79,22.52,24.86,86.59,17.15,100.05,2.17,339.2,18.03,34.26,0.94,0.97,45.7
2024-11-01,VINH,18.737,105.671,0.0,24.85,27.77,22.05,20.98,24.11,79.35,15.57,100.4,3.38,18.9,16.79,32.9,0.93,0.96,67.6
2024-11-02,VINH,18.737,105.671,0.11,22.52,25.71,20.43,19.29,22.08,82.26,13.95,100.69,3.95,17.7,13.7,32.7,0.93,0.96,76.34
2024-11-03,VINH,18.737,105.671,37.9,23.49,25.82,22.37,21.62,23.48,89.43,16.12,100.61,4.19,21.0,10.79,34.39,0.96,0.96,93.35
2024-11-04,VINH,18.737,105.671,39.81,23.72,25.96,22.58,22.42,23.77,92.47,16.94,100.63,5.55,25.4,2.74,34.65,0.97,0.99,99.29
2024-11-05,VINH,18.737,105.671,30.99,21.96,24.2,20.33,20.71,21.92,92.75,15.27,100.79,5.69,15.5,2.67,33.89,0.97,0.99,97.22
2024-11-06,VINH,18.737,105.671,5.54,22.51,24.57,20.98,20.84,22.36,90.29,15.35,100.8,4.67,27.9,5.31,34.45,0.96,0.99,90.79
2024-11-07,VINH,18.737,105.671,6.74,22.59,25.7,19.94,20.42,22.32,87.62,14.97,100.8,4.21,43.9,6.89,34.23,0.96,0.99,82.65
2024-11-08,VINH,18.737,105.671,0.38,21.82,25.61,17.66,18.6,21.28,82.15,13.41,100.65,2.98,16.2,13.09,31.21,0.95,0.98,34.61
2024-11-09,VINH,18.737,105.671,0.0,21.68,25.41,17.75,17.4,20.89,76.94,12.42,100.54,2.28,336.0,19.96,28.95,0.94,0.97,5.89
2024-11-10,VINH,18.737,105.671,0.0,22.67,26.36,19.73,18.33,22.11,76.98,13.17,100.51,2.43,331.8,19.29,32.05,0.93,0.97,48.27
2024-11-11,VINH,18.737,105.671,0.22,24.25,27.11,21.87,21.53,23.71,85.26,16.08,100.41,2.16,8.6,11.2,34.44,0.93,0.96,82.86
2024-11-12,VINH,18.737,105.671,0.0,24.05,27.06,20.76,21.5,23.64,85.9,16.07,100.26,2.21,23.8,10.97,33.64,0.93,0.96,55.88
2024-11-13,VINH,18.737,105.671,0.0,24.43,27.99,22.05,22.49,24.4,89.41,17.1,100.14,2.07,82.4,16.25,33.61,0.92,0.95,23.46
2024-11-14,VINH,18.737,105.671,0.0,24.9,28.71,22.58,22.51,24.89,87.22,17.13,100.09,2.11,127.7,18.7,33.56,0.92,0.95,18.05
2024-11-15,VINH,18.737,105.671,0.0,26.11,30.05,23.74,23.87,26.17,88.03,18.62,100.0,1.88,104.5,17.05,35.54,0.91,0.94,38.42
2024-11-16,VINH,18.737,105.671,0.0,25.25,28.27,23.17,23.58,25.04,90.66,18.25,100.19,2.26,89.5,11.47,35.16,0.91,0.94,54.44
2024-11-17,VINH,18.737,105.671,1.79,24.96,28.13,22.78,22.78,24.83,88.13,17.35,100.42,3.05,51.2,15.97,33.41,0.91,0.93,43.12
2024-11-18,VINH,18.737,105.671,6.66,24.53,27.55,22.9,22.58,24.43,89.07,17.11,100.58,5.15,48.8,10.07,34.48,0.92,0.93,74.86
2024-11-19,VINH,18.737,105.671,2.23,22.97,24.82,21.52,20.92,22.76,88.29,15.43,100.68,4.53,40.7,4.95,34.4,0.91,0.93,90.34
2024-11-20,VINH,18.737,105.671,2.38,21.95,24.46,20.54,19.87,22.02,88.12,14.45,100.73,5.19,32.0,8.55,34.04,0.91,0.93,83.79
2024-11-21,VINH,18.737,105.671,2.44,21.31,23.72,19.92,19.15,21.26,87.64,13.82,100.68,4.64,29.7,5.4,33.53,0.91,0.92,82.62
2024-11-22,VINH,18.737,105.671,13.41,20.96,22.73,19.83,19.33,21.04,90.42,13.97,100.74,4.65,23.7,4.88,33.29,0.93,0.93,90.38
2024-11-23,VINH,18.737,105.671,6.18,21.82,24.48,20.25,20.07,21.85,89.95,14.62,100.75,4.11,36.5,4.82,34.02,0.92,0.94,89.58
2024-11-24,VINH,18.737,105.671,4.31,22.95,26.02,21.37,21.28,23.03,90.54,15.79,100.62,3.33,46.6,7.38,34.31,0.91,0.93,95.6
2024-11-25,VINH,18.737,105.671,13.12,23.98,26.37,22.07,22.67,24.06,92.44,17.2,100.56,4.94,46.1,7.27,34.93,0.93,0.93,98.18
2024-11-26,VINH,18.737,105.671,14.62,20.23,21.46,19.11,18.7,20.29,91.18,13.45,100.81,5.47,15.2,4.59,32.67,0.94,0.94,96.03
2024-11-27,VINH,18.737,105.671,22.01,18.93,21.08,16.71,16.89,18.89,88.03,11.97,101.03,5.63,16.3,4.49,32.25,0.95,0.96,94.58
2024-11-28,VINH,18.737,105.671,1.57,17.45,20.52,15.18,14.25,17.28,81.81,10.05,101.24,4.65,18.6,5.28,31.76,0.92,0.96,90.72
2024-11-29,VINH,18.737,105.671,0.03,18.26,21.82,14.88,14.25,17.8,77.72,10.1,100.91,3.33,12.2,11.65,30.14,0.92,0.95,53.91
2024-11-30,VINH,18.737,105.671,0.17,19.62,23.01,16.51,15.77,19.13,78.8,11.18,100.52,2.33,32.5,13.28,30.89,0.91,0.94,54.5
2024-12-01,VINH,18.737,105.671,0.03,20.75,24.53,18.34,17.36,20.4,81.23,12.39,100.29,1.76,55.5,18.06,30.95,0.91,0.94,38.58
2024-12-02,VINH,18.737,105.671,0.01,21.79,25.3,19.05,19.08,21.21,85.06,13.8,100.35,1.76,54.3,13.46,32.36,0.91,0.93,48.58
2024-12-03,VINH,18.737,105.671,0.12,22.63,26.21,20.61,20.65,22.33,89.0,15.22,100.39,2.0,72.3,13.5,33.48,0.91,0.93,57.21
2024-12-04,VINH,18.737,105.671,0.17,22.32,26.25,18.7,19.86,21.92,86.3,14.51,100.41,2.47,55.3,12.54,32.49,0.9,0.92,49.16
2024-12-05,VINH,18.737,105.671,0.03,22.72,26.07,20.81,19.98,22.46,84.76,14.6,100.37,2.18,54.5,14.29,32.49,0.9,0.92,47.56
2024-12-06,VINH,18.737,105.671,0.6,22.9,26.37,20.62,20.89,22.98,89.05,15.45,100.36,2.72,89.8,10.47,34.66,0.9,0.91,79.68
2024-12-07,VINH,18.737,105.671,15.08,21.54,25.92,16.49,19.71,21.6,89.49,14.4,100.74,5.94,40.2,9.35,34.07,0.92,0.92,88.62
2024-12-08,VINH,18.737,105.671,8.26,17.74,19.56,16.23,16.09,18.04,90.43,11.38,100.96,4.63,8.7,4.92,31.78,0.92,0.93,93.53
2024-12-09,VINH,18.737,105.671,0.66,19.35,21.7,16.82,17.61,19.34,89.77,12.56,100.59,2.58,22.2,7.21,32.65,0.91,0.92,95.76
2024-12-10,VINH,18.737,105.671,0.57,21.56,25.54,19.37,19.68,21.74,89.66,14.34,100.35,2.17,69.5,12.91,32.9,0.9,0.92,94.28
2024-12-11,VINH,18.737,105.671,7.15,21.31,25.32,17.82,19.74,21.5,91.0,14.43,100.56,5.44,33.7,6.35,33.93,0.91,0.92,95.39
2024-12-12,VINH,18.737,105.671,8.23,18.44,20.01,17.21,17.02,18.77,91.69,12.09,100.75,4.99,10.5,4.81,32.48,0.92,0.92,92.96
2024-12-13,VINH,18.737,105.671,10.0,16.32,17.22,14.31,14.54,16.71,89.44,10.27,101.12,5.7,7.7,3.28,31.29,0.93,0.93,94.4
2024-12-14,VINH,18.737,105.671,8.03,13.98,14.72,13.24,12.37,14.41,90.4,8.9,101.51,6.79,7.7,4.0,30.43,0.92,0.94,99.75
2024-12-15,VINH,18.737,105.671,0.96,13.49,16.02,11.98,10.17,14.15,81.46,7.7,101.48,5.44,358.1,5.71,30.2,0.91,0.93,95.79
2024-12-16,VINH,18.737,105.671,0.18,15.35,18.19,13.02,11.96,15.45,80.85,8.68,101.14,3.11,5.2,8.8,30.94,0.91,0.93,86.37
2024-12-17,VINH,18.737,105.671,0.1,18.14,21.32,14.89,15.43,18.41,84.75,10.91,100.93,3.12,26.1,11.81,32.44,0.9,0.92,85.85
2024-12-18,VINH,18.737,105.671,0.4,17.58,20.9,15.24,14.05,17.06,80.37,9.95,101.01,4.13,22.2,12.5,29.71,0.9,0.92,54.16
2024-12-19,VINH,18.737,105.671,1.28,17.17,19.74,15.32,14.68,16.96,85.39,10.37,100.99,4.14,24.1,7.32,30.64,0.9,0.92,71.18
2024-12-20,VINH,18.737,105.671,0.02,17.45,19.89,15.76,14.92,17.1,85.21,10.53,100.82,3.11,41.5,9.27,31.67,0.9,0.91,86.33
2024-12-21,VINH,18.737,105.671,0.06,16.94,21.07,12.53,14.12,16.72,83.89,10.04,100.95,4.02,31.3,6.44,30.98,0.9,0.91,94.91
2024-12-22,VINH,18.737,105.671,0.52,16.46,20.36,13.04,13.65,16.31,84.19,9.72,100.88,3.77,18.4,10.34,29.37,0.9,0.91,99.0
2024-12-23,VINH,18.737,105.671,0.06,16.99,20.77,14.78,14.27,16.94,84.24,10.12,100.93,4.4,20.8,6.02,30.83,0.89,0.9,83.56
2024-12-24,VINH,18.737,105.671,0.01,16.81,20.3,14.66,13.69,16.68,82.42,9.72,101.03,3.94,17.4,7.6,30.73,0.89,0.9,92.35
2024-12-25,VINH,18.737,105.671,0.28,17.78,20.87,16.05,15.78,17.89,88.64,11.14,100.99,3.31,16.0,10.42,30.86,0.89,0.9,76.05
2024-12-26,VINH,18.737,105.671,1.51,18.05,20.74,16.54,16.23,18.07,89.27,11.44,101.13,3.92,15.3,5.6,31.88,0.89,0.9,86.76
2024-12-27,VINH,18.737,105.671,10.33,17.26,19.26,15.1,15.67,17.53,90.45,10.99,101.43,5.47,19.5,5.14,31.97,0.91,0.9,91.89
2024-12-28,VINH,18.737,105.671,1.17,15.51,18.37,13.82,11.83,15.12,79.2,8.56,101.42,4.49,25.3,4.55,29.92,0.9,0.9,83.41
2024-12-29,VINH,18.737,105.671,0.06,17.1,20.53,13.8,14.14,16.47,83.55,10.01,100.99,2.32,32.8,11.12,29.97,0.89,0.9,54.36
2024-12-30,VINH,18.737,105.671,0.49,18.2,21.84,15.71,16.55,18.4,90.53,11.69,100.97,3.3,33.1,10.32,32.6,0.89,0.89,86.27
2024-12-31,VINH,18.737,105.671,0.16,17.08,20.81,12.84,14.93,16.18,87.29,10.55,100.9,3.51,26.1,7.4,30.38,0.89,0.89,61.88
2025-01-01,VINH,18.737,105.671,0.04,17.34,21.74,13.59,15.04,16.93,86.73,10.64,100.68,2.18,18.7,15.1,28.46,0.88,0.89,27.76
2025-01-02,VINH,18.737,105.671,0.15,17.46,22.06,13.51,15.75,17.43,89.95,11.13,100.85,3.05,13.1,16.15,29.6,0.88,0.88,45.73
2025-01-03,VINH,18.737,105.671,0.0,17.01,22.2,12.48,14.56,16.43,86.41,10.32,100.91,3.0,5.5,16.35,27.05,0.88,0.88,9.49
2025-01-04,VINH,18.737,105.671,0.01,17.14,22.08,13.12,14.0,16.51,82.53,9.92,100.92,2.94,45.3,12.17,29.26,0.87,0.88,53.0
2025-01-05,VINH,18.737,105.671,0.03,16.76,21.43,12.5,13.05,15.7,79.23,9.36,100.91,2.81,13.8,12.79,27.47,0.87,0.87,32.06
2025-01-06,VINH,18.737,105.671,0.0,17.62,22.37,13.51,14.15,16.7,81.01,10.03,100.72,1.99,31.9,16.94,27.6,0.87,0.87,14.65
2025-01-07,VINH,18.737,105.671,0.02,18.54,23.01,15.64,16.56,18.01,88.97,11.73,100.63,1.93,59.0,15.33,30.45,0.87,0.87,43.02
2025-01-08,VINH,18.737,105.671,0.08,19.42,23.27,17.3,17.96,19.47,90.99,12.8,100.71,2.96,61.8,11.98,32.41,0.86,0.86,73.51
2025-01-09,VINH,18.737,105.671,1.12,18.87,22.73,14.7,16.25,18.83,84.84,11.51,101.15,5.7,37.3,6.34,32.87,0.86,0.86,91.26
2025-01-10,VINH,18.737,105.671,1.64,15.22,16.86,13.61,12.39,15.26,83.29,8.85,101.65,5.54,23.4,4.78,30.81,0.86,0.86,91.91
2025-01-11,VINH,18.737,105.671,0.12,13.25,17.59,9.38,8.72,13.23,74.77,6.93,101.81,5.53,21.4,3.69,28.37,0.86,0.85,67.37
2025-01-12,VINH,18.737,105.671,0.0,12.72,17.59,8.54,7.34,12.55,71.21,6.35,101.38,3.66,9.1,16.4,24.44,0.85,0.85,20.25
2025-01-13,VINH,18.737,105.671,0.02,15.03,18.89,11.46,11.93,14.8,82.7,8.69,100.98,2.51,19.4,16.77,28.61,0.85,0.85,59.59
2025-01-14,VINH,18.737,105.671,3.29,16.84,20.12,14.17,15.26,17.14,90.98,10.77,101.05,3.25,15.6,9.62,31.44,0.86,0.85,86.88
2025-01-15,VINH,18.737,105.671,3.1,16.15,18.73,14.5,13.67,15.78,85.33,9.69,101.38,5.11,27.3,4.75,30.62,0.87,0.85,87.66
2025-01-16,VINH,18.737,105.671,0.04,16.04,20.15,11.48,12.52,15.07,80.26,8.97,101.33,3.53,34.6,6.47,28.61,0.85,0.85,47.3
2025-01-17,VINH,18.737,105.671,0.0,16.3,20.65,13.21,13.07,15.4,81.91,9.32,100.91,2.21,49.1,12.71,28.39,0.85,0.84,40.4
2025-01-18,VINH,18.737,105.671,0.02,17.11,21.43,14.42,14.88,17.14,87.48,10.51,100.79,2.41,49.2,14.95,31.1,0.85,0.84,69.66
2025-01-19,VINH,18.737,105.671,0.01,16.88,21.17,13.86,14.35,16.14,85.74,10.17,100.58,2.23,56.7,11.77,29.24,0.84,0.84,53.31
2025-01-20,VINH,18.737,105.671,0.0,16.65,21.56,12.27,13.36,16.14,81.64,9.55,100.56,2.19,31.2,12.37,29.34,0.84,0.83,72.21
2025-01-21,VINH,18.737,105.671,0.0,17.21,22.21,13.66,14.09,16.89,83.24,10.02,100.47,1.88,100.8,17.58,28.42,0.84,0.83,22.09
2025-01-22,VINH,18.737,105.671,0.0,18.4,23.56,15.45,16.64,18.45,89.02,11.82,100.46,2.25,115.2,14.64,30.99,0.83,0.82,57.11
2025-01-23,VINH,18.737,105.671,0.0,19.23,24.1,16.09,17.09,19.18,87.76,12.19,100.27,2.47,136.3,16.62,30.68,0.83,0.82,35.96
2025-01-24,VINH,18.737,105.671,0.0,21.56,28.45,16.78,18.06,20.95,82.39,13.02,100.03,1.7,151.6,15.95,32.35,0.83,0.82,52.93
2025-01-25,VINH,18.737,105.671,4.66,20.88,26.77,15.51,18.92,21.06,88.52,13.69,100.36,3.2,66.4,10.3,34.16,0.83,0.81,82.21
2025-01-26,VINH,18.737,105.671,5.93,13.33,14.94,11.59,10.02,13.56,80.41,7.58,101.38,7.29,14.1,3.58,29.93,0.85,0.82,93.13
2025-01-27,VINH,18.737,105.671,0.15,12.45,15.61,9.7,8.73,12.5,78.87,6.97,101.18,4.22,20.8,10.73,28.28,0.83,0.82,62.63
2025-01-28,VINH,18.737,105.671,0.04,14.07,18.84,10.24,10.37,14.17,79.69,7.77,101.33,3.9,23.6,7.43,30.47,0.83,0.82,89.73
2025-01-29,VINH,18.737,105.671,0.12,15.91,19.72,13.14,12.5,15.43,80.7,8.97,101.06,2.12,43.7,10.88,30.55,0.83,0.81,79.68
2025-01-30,VINH,18.737,105.671,0.03,18.31,24.2,14.39,16.14,18.44,87.33,11.47,100.4,2.84,145.5,19.25,30.03,0.82,0.81,34.25
2025-01-31,VINH,18.737,105.671,0.0,20.35,26.3,16.61,17.54,20.17,85.22,12.55,100.19,1.88,121.0,18.48,31.06,0.81,0.8,37.45
2025-02-01,VINH,18.737,105.671,0.01,21.17,27.09,16.94,18.91,20.96,87.62,13.71,100.03,1.73,101.2,13.49,33.45,0.81,0.8,64.95
2025-02-02,VINH,18.737,105.671,2.06,21.07,26.31,17.71,19.1,21.5,89.32,13.84,100.28,3.15,55.9,13.03,34.48,0.81,0.79,82.58
2025-02-03,VINH,18.737,105.671,5.86,15.53,17.49,13.68,12.64,15.75,83.06,9.05,101.11,5.57,16.8,4.67,31.29,0.83,0.8,91.41
2025-02-04,VINH,18.737,105.671,2.23,14.29,16.6,12.79,11.29,14.08,82.57,8.29,101.0,3.08,28.1,7.2,30.84,0.83,0.8,90.98
2025-02-05,VINH,18.737,105.671,0.33,17.72,21.79,14.73,15.49,17.96,87.63,10.97,100.54,2.0,71.8,10.27,32.61,0.82,0.8,88.35
2025-02-06,VINH,18.737,105.671,6.91,20.25,24.73,18.1,18.4,20.55,89.77,13.2,100.47,2.87,85.7,11.85,34.03,0.82,0.8,88.77
2025-02-07,VINH,18.737,105.671,10.1,15.5,18.68,13.25,13.47,15.88,87.85,9.58,101.14,5.7,13.4,6.44,31.05,0.86,0.81,92.87
2025-02-08,VINH,18.737,105.671,7.49,13.29,14.08,12.63,11.26,13.59,87.68,8.25,101.33,5.25,9.9,7.74,30.01,0.85,0.82,92.4
2025-02-09,VINH,18.737,105.671,2.75,14.34,16.7,12.8,11.98,14.66,86.0,8.67,101.07,3.21,22.8,6.02,30.49,0.84,0.82,87.45
2025-02-10,VINH,18.737,105.671,0.02,16.17,19.27,14.04,13.93,16.36,86.95,9.87,100.86,2.17,24.7,13.77,30.91,0.83,0.81,77.54
2025-02-11,VINH,18.737,105.671,0.01,18.69,24.05,15.64,16.72,18.86,88.14,11.86,100.56,2.33,114.6,17.64,31.79,0.82,0.81,71.08
2025-02-12,VINH,18.737,105.671,0.1,20.1,25.37,17.0,18.24,20.76,89.5,13.05,100.67,2.42,49.5,14.33,33.85,0.81,0.8,83.75
2025-02-13,VINH,18.737,105.671,0.07,17.56,21.32,14.3,15.3,17.76,87.21,10.82,100.71,2.86,27.3,11.49,32.41,0.81,0.8,84.05
2025-02-14,VINH,18.737,105.671,0.01,20.06,24.92,16.74,18.32,20.33,89.09,13.18,100.35,2.26,109.7,13.65,33.24,0.81,0.79,78.42
2025-02-15,VINH,18.737,105.671,0.37,22.32,27.72,19.17,20.51,22.66,89.69,15.12,100.23,2.88,102.7,11.9,34.94,0.8,0.79,82.19
2025-02-16,VINH,18.737,105.671,3.38,21.65,25.83,18.62,20.06,21.89,91.19,14.65,100.57,3.81,87.4,9.32,35.06,0.81,0.79,91.35
2025-02-17,VINH,18.737,105.671,2.73,20.76,24.64,18.41,19.07,21.1,90.55,13.73,100.73,3.2,92.3,7.9,34.47,0.81,0.79,89.77
2025-02-18,VINH,18.737,105.671,2.93,19.41,22.81,17.01,18.06,19.76,92.26,12.9,100.79,3.3,45.2,6.44,33.89,0.81,0.79,91.62
2025-02-19,VINH,18.737,105.671,0.59,19.8,23.84,17.16,18.37,19.84,91.62,13.15,100.7,3.16,92.7,7.38,33.78,0.81,0.79,91.39
2025-02-20,VINH,18.737,105.671,1.02,20.33,24.62,17.81,18.51,20.63,89.97,13.25,100.76,2.95,80.4,7.85,34.29,0.8,0.78,90.84
2025-02-21,VINH,18.737,105.671,1.97,20.47,24.61,17.91,18.84,20.77,90.99,13.53,100.83,3.31,72.1,7.22,34.26,0.8,0.78,94.47
2025-02-22,VINH,18.737,105.671,3.52,20.73,24.97,18.23,19.05,21.08,90.66,13.69,100.91,3.34,67.5,7.49,34.06,0.8,0.78,92.4
2025-02-23,VINH,18.737,105.671,14.53,18.21,23.04,15.87,16.6,18.63,90.45,11.74,101.33,6.14,33.8,5.83,32.53,0.85,0.79,93.26
2025-02-24,VINH,18.737,105.671,5.08,15.38,17.48,13.78,13.68,15.77,89.8,9.66,101.49,4.8,11.5,7.45,31.23,0.83,0.8,98.28
2025-02-25,VINH,18.737,105.671,5.1,16.46,18.02,14.32,15.19,16.98,92.41,10.68,101.35,3.13,356.8,5.54,31.85,0.84,0.8,99.26
2025-02-26,VINH,18.737,105.671,1.19,17.42,20.24,14.92,16.09,17.47,92.13,11.35,100.99,2.77,8.7,6.21,32.41,0.82,0.8,90.95
2025-02-27,VINH,18.737,105.671,0.08,20.24,25.36,17.22,18.51,20.59,89.68,13.31,100.5,2.25,116.9,15.78,33.06,0.81,0.79,72.76
2025-02-28,VINH,18.737,105.671,0.04,22.63,28.06,19.72,20.23,22.84,87.32,14.85,100.27,2.68,129.9,13.48,34.52,0.8,0.79,76.19
2025-03-01,VINH,18.737,105.671,0.48,25.05,31.32,21.42,21.47,24.98,82.0,16.11,99.91,2.25,140.0,15.94,35.66,0.79,0.78,69.08
2025-03-02,VINH,18.737,105.671,2.24,26.45,31.58,23.01,22.38,25.97,79.41,17.07,99.77,1.64,149.2,14.0,36.47,0.8,0.77,76.1
2025-03-03,VINH,18.737,105.671,0.14,27.28,34.16,22.17,22.54,26.38,77.12,17.24,99.72,1.81,212.5,15.68,35.57,0.78,0.77,61.22
2025-03-04,VINH,18.737,105.671,0.03,27.4,34.23,21.29,21.45,26.08,71.73,16.16,99.64,1.85,221.1,16.03,35.1,0.77,0.76,53.7
2025-03-05,VINH,18.737,105.671,3.45,23.86,30.15,19.26,21.04,24.23,85.36,15.7,100.02,3.11,45.5,11.48,36.42,0.78,0.75,82.38
2025-03-06,VINH,18.737,105.671,2.67,16.07,18.34,13.58,13.28,16.75,83.92,9.47,100.94,5.88,14.7,6.19,32.06,0.79,0.76,92.48
2025-03-07,VINH,18.737,105.671,4.13,15.08,16.97,14.11,12.78,15.85,86.55,9.16,100.94,4.28,10.1,7.78,31.39,0.8,0.76,91.71
2025-03-08,VINH,18.737,105.671,2.52,17.7,20.05,15.13,16.24,18.18,91.41,11.48,100.83,3.01,25.4,6.36,32.44,0.8,0.77,93.61
2025-03-09,VINH,18.737,105.671,0.29,20.01,23.86,17.76,18.26,20.67,90.1,13.03,100.88,3.13,48.1,10.5,33.03,0.78,0.76,84.95
2025-03-10,VINH,18.737,105.671,0.2,20.79,24.86,18.33,18.88,21.08,89.32,13.58,100.69,2.31,82.1,11.99,33.44,0.78,0.76,76.14
2025-03-11,VINH,18.737,105.671,0.34,23.28,28.48,20.06,21.05,23.67,88.26,15.64,100.25,2.94,119.9,15.2,34.97,0.76,0.75,75.43
2025-03-12,VINH,18.737,105.671,0.43,24.3,29.84,21.06,21.97,24.52,87.86,16.58,100.02,2.64,116.8,12.53,35.92,0.76,0.74,84.84
2025-03-13,VINH,18.737,105.671,1.47,25.41,30.75,21.92,22.41,25.45,84.46,17.04,99.97,2.18,131.8,11.97,36.12,0.76,0.74,86.19
2025-03-14,VINH,18.737,105.671,0.02,26.89,33.1,22.48,22.62,26.58,79.33,17.26,100.0,1.76,140.8,15.04,36.77,0.74,0.73,66.45
2025-03-15,VINH,18.737,105.671,4.87,24.1,31.08,16.69,20.96,24.61,83.5,15.75,100.45,4.5,30.7,14.38,35.86,0.75,0.73,80.19
2025-03-16,VINH,18.737,105.671,0.93,17.22,20.42,15.05,13.71,17.79,80.51,9.72,100.93,4.58,32.4,8.74,31.82,0.75,0.73,91.4
2025-03-17,VINH,18.737,105.671,1.97,18.12,21.64,15.72,14.94,18.77,82.2,10.52,100.94,4.21,32.0,6.9,32.89,0.75,0.73,99.58
2025-03-18,VINH,18.737,105.671,0.4,16.18,18.54,14.35,13.04,16.43,81.98,9.27,101.32,4.63,22.7,7.09,31.92,0.75,0.73,98.64
2025-03-19,VINH,18.737,105.671,0.0,17.3,21.81,13.12,11.35,17.46,69.41,8.28,101.44,3.63,20.7,13.19,30.23,0.74,0.72,62.69
2025-03-20,VINH,18.737,105.671,0.0,18.56,23.18,14.49,11.71,18.54,65.35,8.5,101.31,2.66,27.1,18.41,29.01,0.73,0.72,56.59
2025-03-21,VINH,18.737,105.671,0.0,19.09,24.25,15.07,14.01,19.16,74.4,9.92,101.09,2.07,63.6,20.84,28.42,0.72,0.71,32.55
2025-03-22,VINH,18.737,105.671,0.0,19.66,24.51,16.45,15.9,20.07,80.02,11.22,100.86,1.84,92.4,21.73,29.67,0.72,0.71,6.45
2025-03-23,VINH,18.737,105.671,0.31,20.92,25.79,18.16,17.89,21.33,83.9,12.76,100.58,1.95,98.3,19.97,31.67,0.71,0.7,29.7
2025-03-24,VINH,18.737,105.671,0.04,21.83,26.68,19.03,19.05,22.27,85.21,13.79,100.17,1.9,109.9,15.47,33.28,0.71,0.7,42.73
2025-03-25,VINH,18.737,105.671,0.01,23.7,30.1,20.48,20.26,23.54,82.62,14.96,99.69,2.1,127.9,20.35,34.15,0.7,0.7,39.49
2025-03-26,VINH,18.737,105.671,0.01,26.98,33.47,22.7,21.41,26.65,73.37,16.14,99.36,1.97,155.1,15.49,36.06,0.69,0.69,58.38
2025-03-27,VINH,18.737,105.671,0.1,28.86,35.79,23.73,22.22,27.86,69.3,17.0,99.24,2.76,219.1,19.16,34.66,0.68,0.68,22.94
2025-03-28,VINH,18.737,105.671,6.83,27.79,35.32,21.28,22.48,27.84,76.27,17.17,99.78,2.7,71.2,16.52,36.31,0.69,0.68,64.58
2025-03-29,VINH,18.737,105.671,6.78,17.92,21.06,14.95,15.81,18.56,87.68,11.22,100.67,6.13,12.3,4.46,32.89,0.74,0.7,95.38
2025-03-30,VINH,18.737,105.671,4.85,16.73,18.66,15.46,14.02,17.53,84.42,9.93,100.95,4.99,17.8,6.12,31.82,0.73,0.7,94.6
2025-03-31,VINH,18.737,105.671,4.52,16.98,19.47,15.4,14.34,17.84,84.9,10.14,100.84,3.95,23.0,10.18,32.22,0.73,0.7,91.84
2025-04-01,VINH,18.737,105.671,1.72,17.05,20.68,13.9,12.92,17.57,77.29,9.25,100.83,3.21,13.5,12.7,30.39,0.73,0.7,56.88
2025-04-02,VINH,18.737,105.671,0.02,19.16,23.86,14.99,14.5,19.58,75.38,10.25,100.84,2.55,26.9,18.87,30.05,0.7,0.7,21.79
2025-04-03,VINH,18.737,105.671,0.01,20.15,24.98,16.88,16.24,20.69,79.75,11.49,100.63,1.79,57.1,21.9,30.41,0.69,0.69,9.31
2025-04-04,VINH,18.737,105.671,0.09,22.26,27.84,19.22,19.59,22.67,86.07,14.28,100.19,2.59,106.2,16.4,34.81,0.69,0.68,65.86
2025-04-05,VINH,18.737,105.671,2.96,22.18,26.19,19.64,20.17,22.87,88.84,14.78,100.31,2.69,52.1,10.32,34.83,0.69,0.68,94.27
2025-04-06,VINH,18.737,105.671,5.0,21.53,24.06,20.04,19.98,21.61,91.05,14.57,100.44,1.84,50.8,8.26,34.03,0.73,0.69,92.54
2025-04-07,VINH,18.737,105.671,0.25,23.6,28.45,20.68,21.32,24.24,87.81,15.86,100.44,2.49,95.9,10.95,35.56,0.69,0.69,96.28
2025-04-08,VINH,18.737,105.671,1.23,25.05,30.42,21.83,22.22,25.66,85.37,16.78,100.29,2.55,107.5,14.9,36.04,0.68,0.68,80.04
2025-04-09,VINH,18.737,105.671,0.27,25.89,30.39,23.06,22.6,25.87,83.09,17.25,99.88,2.11,130.7,15.22,36.32,0.68,0.68,93.57
2025-04-10,VINH,18.737,105.671,0.56,28.03,34.45,23.19,22.92,27.72,75.96,17.66,99.58,1.93,207.0,18.91,35.48,0.67,0.67,84.34
2025-04-11,VINH,18.737,105.671,0.03,29.15,35.27,24.33,22.72,28.66,70.21,17.47,99.51,2.42,215.6,20.43,35.57,0.65,0.66,75.47
2025-04-12,VINH,18.737,105.671,38.6,25.72,34.89,19.38,20.97,25.48,76.82,15.72,100.23,3.88,330.6,18.62,34.48,0.76,0.68,92.11
2025-04-13,VINH,18.737,105.671,19.24,20.73,24.44,18.19,15.97,20.88,74.76,11.29,100.63,3.57,20.6,13.86,32.63,0.8,0.73,97.15
2025-04-14,VINH,18.737,105.671,1.26,21.61,25.07,18.51,16.48,21.56,73.34,11.69,100.46,2.06,345.2,12.47,32.48,0.73,0.71,82.72
2025-04-15,VINH,18.737,105.671,0.0,23.56,28.82,20.07,17.08,23.58,68.55,12.18,100.2,2.17,113.8,23.39,32.48,0.71,0.7,79.08
2025-04-16,VINH,18.737,105.671,0.02,26.44,32.02,23.01,21.0,26.59,73.94,15.75,99.76,1.98,152.8,24.2,34.71,0.69,0.69,78.23
2025-04-17,VINH,18.737,105.671,0.76,29.08,35.46,24.29,23.3,28.51,72.81,18.1,99.54,3.04,225.1,14.89,36.57,0.68,0.68,97.23
2025-04-18,VINH,18.737,105.671,6.4,28.96,34.35,24.65,23.73,28.26,75.08,18.55,99.61,3.42,232.8,19.86,36.06,0.71,0.68,89.82
2025-04-19,VINH,18.737,105.671,0.07,28.72,34.12,24.18,23.57,28.14,75.33,18.36,99.65,2.76,220.8,17.59,36.06,0.67,0.68,87.61
2025-04-20,VINH,18.737,105.671,0.49,30.07,36.09,24.76,23.77,29.75,71.05,18.58,99.74,2.03,193.6,23.73,35.5,0.66,0.67,63.17
2025-04-21,VINH,18.737,105.671,0.12,30.12,36.67,25.06,23.46,29.76,69.91,18.2,99.86,2.68,224.7,20.76,35.29,0.64,0.66,65.66
2025-04-22,VINH,18.737,105.671,0.07,31.24,37.78,26.17,23.42,30.88,65.34,18.18,99.74,2.45,214.8,23.31,36.11,0.62,0.65,60.02
2025-04-23,VINH,18.737,105.671,0.08,30.58,37.25,25.34,23.21,30.27,67.27,17.98,99.6,3.39,209.8,19.54,35.93,0.61,0.64,62.88
2025-04-24,VINH,18.737,105.671,0.22,31.12,38.02,25.31,24.0,30.87,69.37,18.88,99.63,2.52,219.0,23.6,36.62,0.6,0.64,45.61
2025-04-25,VINH,18.737,105.671,0.31,24.93,29.0,22.77,22.39,25.4,86.12,17.01,100.08,2.58,44.2,8.19,35.86,0.62,0.64,92.44
2025-04-26,VINH,18.737,105.671,3.42,27.0,31.27,24.64,23.81,27.55,83.7,18.54,100.06,2.27,113.7,14.09,36.8,0.64,0.64,89.0
2025-04-27,VINH,18.737,105.671,0.87,28.46,33.26,25.18,24.39,28.64,80.45,19.23,99.98,1.46,121.1,15.7,36.57,0.62,0.64,92.2
2025-04-28,VINH,18.737,105.671,13.45,25.28,28.73,23.17,23.71,25.5,91.23,18.41,100.16,2.33,59.7,8.18,35.86,0.7,0.65,98.54
2025-04-29,VINH,18.737,105.671,18.29,25.6,29.65,22.82,23.17,26.19,87.17,17.81,100.16,2.01,87.2,16.21,36.01,0.76,0.68,94.43
2025-04-30,VINH,18.737,105.671,0.82,26.93,31.49,24.05,23.47,27.54,82.7,18.13,100.15,2.28,100.7,20.57,35.88,0.68,0.68,72.51
2025-05-01,VINH,18.737,105.671,0.45,25.5,28.81,22.47,23.1,25.74,87.01,17.71,100.32,2.48,33.5,16.52,35.31,0.67,0.67,90.56
2025-05-02,VINH,18.737,105.671,0.02,27.15,32.03,24.04,23.29,28.09,80.86,17.98,99.97,2.33,107.5,21.11,35.64,0.65,0.66,65.33
2025-05-03,VINH,18.737,105.671,0.03,29.63,35.29,25.39,23.71,29.94,72.79,18.51,99.71,1.97,175.6,16.91,36.18,0.63,0.65,81.69
2025-05-04,VINH,18.737,105.671,0.14,30.58,37.36,24.81,22.49,30.62,64.52,17.24,99.57,3.08,213.6,22.17,35.41,0.61,0.64,78.48
2025-05-05,VINH,18.737,105.671,0.02,31.24,37.95,26.27,23.4,31.58,66.01,18.24,99.52,2.66,206.5,22.04,36.37,0.59,0.63,74.37
2025-05-06,VINH,18.737,105.671,0.12,31.1,36.47,26.53,24.4,31.38,70.06,19.37,99.51,2.28,182.5,17.48,36.77,0.59,0.63,95.14
2025-05-07,VINH,18.737,105.671,0.74,31.26,37.6,25.97,23.8,31.27,67.03,18.7,99.37,2.86,217.9,21.6,36.43,0.59,0.62,86.15
2025-05-08,VINH,18.737,105.671,1.53,31.39,38.39,26.24,23.58,31.46,65.93,18.45,99.34,3.66,224.6,18.6,36.42,0.59,0.62,93.2
2025-05-09,VINH,18.737,105.671,10.35,31.57,39.2,26.63,24.31,32.14,70.04,19.29,99.63,2.27,355.7,23.57,36.77,0.61,0.62,72.61
2025-05-10,VINH,18.737,105.671,15.54,27.93,32.65,20.84,24.29,28.28,82.06,19.22,99.85,3.02,48.5,16.95,36.22,0.68,0.64,97.54
2025-05-11,VINH,18.737,105.671,13.39,21.55,23.35,20.17,19.19,22.05,86.64,13.94,100.2,4.53,354.6,6.15,33.63,0.74,0.67,97.29
2025-05-12,VINH,18.737,105.671,0.82,23.68,26.02,21.99,20.52,23.89,82.61,15.15,100.01,2.22,40.3,13.54,33.86,0.67,0.67,60.5
2025-05-13,VINH,18.737,105.671,9.48,25.64,28.48,23.75,22.7,26.11,84.54,17.35,99.98,1.9,107.5,17.46,35.93,0.67,0.66,87.82
2025-05-14,VINH,18.737,105.671,2.63,27.94,32.23,24.91,24.23,28.45,81.82,19.04,100.01,2.46,115.0,12.65,37.06,0.67,0.66,95.03
2025-05-15,VINH,18.737,105.671,0.49,27.99,32.09,24.82,24.33,28.2,81.86,19.17,99.97,1.72,143.3,15.29,36.53,0.66,0.66,96.65
2025-05-16,VINH,18.737,105.671,2.36,28.16,32.25,24.62,23.7,28.17,77.92,18.47,99.9,2.01,173.2,18.79,36.33,0.66,0.66,93.68
2025-05-17,VINH,18.737,105.671,1.63,29.87,35.51,25.52,24.15,30.39,74.04,19.0,99.87,1.94,153.7,20.02,36.4,0.63,0.65,85.14
2025-05-18,VINH,18.737,105.671,0.91,30.15,35.99,25.94,23.96,30.69,72.57,18.82,99.79,1.87,171.2,19.06,36.35,0.62,0.64,93.2
2025-05-19,VINH,18.737,105.671,0.3,30.12,35.27,25.95,24.28,30.64,72.84,19.2,99.63,2.39,166.5,17.26,36.69,0.61,0.63,94.99
2025-05-20,VINH,18.737,105.671,2.71,30.85,36.82,26.01,24.68,31.32,72.19,19.69,99.57,2.48,202.9,22.36,36.49,0.61,0.63,74.54
2025-05-21,VINH,18.737,105.671,5.35,30.52,36.25,25.98,25.02,30.72,74.51,20.08,99.58,2.17,216.1,23.03,36.21,0.64,0.64,74.39
2025-05-22,VINH,18.737,105.671,8.16,30.02,35.51,26.79,24.98,30.41,76.7,20.07,99.47,2.21,173.1,20.26,36.76,0.65,0.64,90.1
2025-05-23,VINH,18.737,105.671,2.11,28.15,31.43,25.74,25.22,28.51,85.05,20.28,99.59,1.87,72.9,18.37,36.38,0.64,0.64,97.93
2025-05-24,VINH,18.737,105.671,49.61,26.6,29.79,23.15,24.44,26.87,88.34,19.3,100.02,5.57,44.9,13.23,36.02,0.79,0.67,98.57
2025-05-25,VINH,18.737,105.671,38.2,24.92,26.82,23.64,23.1,25.23,89.82,17.73,100.26,5.75,31.4,8.76,35.63,0.89,0.75,93.59
2025-05-26,VINH,18.737,105.671,5.51,24.92,26.4,23.57,23.41,25.17,91.43,18.08,100.18,4.89,36.1,6.99,35.37,0.79,0.75,97.12
2025-05-27,VINH,18.737,105.671,2.85,26.68,29.69,24.64,24.65,26.97,89.02,19.54,99.9,4.06,93.9,8.74,36.78,0.76,0.73,98.07
2025-05-28,VINH,18.737,105.671,1.03,27.46,31.05,24.94,25.05,27.78,87.36,20.05,99.7,2.9,114.2,14.83,36.81,0.74,0.72,89.09
2025-05-29,VINH,18.737,105.671,3.33,27.98,32.38,25.59,25.48,28.22,87.0,20.58,99.7,2.44,69.4,19.66,36.79,0.73,0.71,96.79
2025-05-30,VINH,18.737,105.671,0.47,28.47,32.71,25.14,25.4,28.68,84.13,20.5,99.66,1.79,140.9,14.08,36.29,0.72,0.7,68.24
2025-05-31,VINH,18.737,105.671,1.79,29.44,33.87,26.25,24.96,29.09,77.45,20.05,99.44,4.68,230.4,21.73,36.41,0.71,0.69,75.47
2025-06-01,VINH,18.737,105.671,0.28,30.09,34.09,26.88,24.42,29.57,72.15,19.4,99.27,6.66,236.4,22.7,36.5,0.68,0.68,64.2
2025-06-02,VINH,18.737,105.671,1.41,29.34,33.57,25.63,23.9,28.95,73.56,18.79,99.31,5.16,237.2,23.74,36.16,0.67,0.67,75.74
2025-06-03,VINH,18.737,105.671,7.65,29.34,34.0,25.99,25.08,29.27,79.17,20.16,99.46,1.97,238.3,21.33,35.83,0.71,0.67,92.63
2025-06-04,VINH,18.737,105.671,4.45,28.22,31.16,25.78,24.91,27.99,82.8,19.89,99.7,2.11,202.7,16.3,36.14,0.72,0.68,98.1
2025-06-05,VINH,18.737,105.671,1.04,29.39,32.71,26.54,25.06,29.58,78.64,20.08,99.7,1.92,140.0,18.44,36.73,0.7,0.68,62.03
2025-06-06,VINH,18.737,105.671,0.56,30.06,33.6,26.66,25.75,29.81,78.63,20.96,99.55,1.85,208.9,22.74,36.95,0.68,0.68,61.69
2025-06-07,VINH,18.737,105.671,0.4,30.82,34.84,27.34,26.11,30.73,77.12,21.44,99.47,1.83,203.9,23.47,37.02,0.67,0.67,61.2
2025-06-08,VINH,18.737,105.671,0.71,29.88,33.61,26.63,25.73,29.68,79.16,20.95,99.43,2.31,238.8,23.68,36.15,0.67,0.67,67.65
2025-06-09,VINH,18.737,105.671,3.12,30.33,33.63,27.18,25.4,30.09,75.78,20.55,99.42,1.41,279.7,19.25,36.48,0.69,0.67,88.59
2025-06-10,VINH,18.737,105.671,4.27,28.73,30.88,26.76,25.82,28.61,84.61,21.06,99.45,1.83,12.0,16.35,36.51,0.69,0.67,94.99
2025-06-11,VINH,18.737,105.671,25.0,28.25,30.8,26.26,25.75,28.36,86.78,20.99,99.4,2.88,1.9,16.75,36.11,0.75,0.68,96.86
2025-06-12,VINH,18.737,105.671,77.47,27.04,28.61,25.62,25.82,27.02,93.07,21.12,99.27,4.95,335.6,6.15,35.98,0.94,0.76,99.61
2025-06-13,VINH,18.737,105.671,14.18,27.75,30.37,25.82,25.54,27.54,87.96,20.75,99.28,4.14,296.7,9.92,36.21,0.86,0.8,99.02
2025-06-14,VINH,18.737,105.671,1.83,28.26,30.79,26.72,25.36,27.84,84.31,20.52,99.32,4.17,230.9,15.97,36.34,0.81,0.78,98.76
2025-06-15,VINH,18.737,105.671,1.02,28.16,31.71,25.36,25.17,27.9,84.13,20.29,99.4,3.03,213.8,17.08,36.22,0.79,0.76,88.75
2025-06-16,VINH,18.737,105.671,1.46,29.2,33.25,26.07,25.53,29.0,81.43,20.69,99.54,2.16,217.8,14.86,36.43,0.78,0.75,97.34
2025-06-17,VINH,18.737,105.671,1.04,28.83,32.37,26.1,25.85,28.53,84.44,21.08,99.59,2.61,213.6,19.06,35.97,0.77,0.75,97.59
2025-06-18,VINH,18.737,105.671,1.67,28.73,32.82,26.02,25.62,28.6,83.9,20.79,99.56,2.41,211.8,17.45,35.92,0.77,0.75,97.99
2025-06-19,VINH,18.737,105.671,0.63,28.68,32.31,25.91,25.52,28.42,83.53,20.67,99.53,2.78,223.9,22.34,35.53,0.76,0.74,97.23
2025-06-20,VINH,18.737,105.671,5.02,29.24,33.17,25.9,25.68,29.06,81.95,20.89,99.48,2.78,215.9,16.08,36.22,0.77,0.74,98.5
2025-06-21,VINH,18.737,105.671,6.87,29.11,32.92,26.42,25.74,28.87,82.74,20.95,99.52,2.08,203.9,19.69,36.0,0.79,0.74,92.99
2025-06-22,VINH,18.737,105.671,1.12,29.19,32.7,25.95,26.1,29.23,84.11,21.42,99.53,2.35,166.7,21.81,36.19,0.76,0.74,86.75
2025-06-23,VINH,18.737,105.671,2.06,29.47,33.51,26.42,25.76,29.48,81.44,21.0,99.45,1.99,173.5,22.64,36.0,0.76,0.73,78.99
2025-06-24,VINH,18.737,105.671,0.69,29.75,33.41,27.02,25.53,29.67,78.99,20.67,99.6,1.74,167.7,20.6,36.2,0.75,0.73,83.54
2025-06-25,VINH,18.737,105.671,2.12,29.15,31.99,26.86,26.16,29.38,84.73,21.45,99.63,2.06,108.8,22.05,36.49,0.75,0.72,54.16
2025-06-26,VINH,18.737,105.671,5.84,29.39,32.98,26.17,25.64,29.5,81.24,20.84,99.51,2.12,177.4,20.37,36.17,0.75,0.72,85.27
2025-06-27,VINH,18.737,105.671,24.41,27.96,30.65,25.85,25.14,28.01,85.08,20.21,99.46,2.22,208.3,19.05,35.47,0.82,0.74,93.23
2025-06-28,VINH,18.737,105.671,3.29,28.85,33.09,25.98,25.06,29.21,81.11,20.17,99.3,1.64,211.3,18.59,35.79,0.79,0.76,94.23
2025-06-29,VINH,18.737,105.671,1.18,27.73,31.05,25.35,24.6,27.54,83.48,19.61,99.25,2.47,226.3,13.24,35.81,0.77,0.75,99.42
2025-06-30,VINH,18.737,105.671,4.94,28.04,31.63,25.34,25.05,27.83,84.28,20.15,99.33,2.43,221.7,15.61,35.79,0.78,0.74,99.38
2025-07-01,VINH,18.737,105.671,4.58,29.04,33.66,25.58,24.6,29.36,78.27,19.58,99.48,2.03,226.6,10.14,35.43,0.79,0.75,99.42
2025-07-02,VINH,18.737,105.671,5.53,28.01,31.72,25.86,24.37,27.96,81.65,19.27,99.65,2.0,105.1,17.48,35.77,0.78,0.74,97.47
2025-07-03,VINH,18.737,105.671,6.4,27.67,30.58,25.42,24.96,27.84,85.72,19.95,99.64,1.57,21.9,10.01,35.86,0.79,0.75,98.83
2025-07-04,VINH,18.737,105.671,2.81,27.38,29.63,26.1,24.95,27.38,86.66,19.96,99.53,1.76,43.4,13.44,35.94,0.78,0.75,96.32
2025-07-05,VINH,18.737,105.671,9.77,28.37,32.36,25.87,25.3,28.53,84.39,20.43,99.39,2.36,98.4,19.37,36.32,0.8,0.75,85.23
2025-07-06,VINH,18.737,105.671,4.99,28.81,31.98,26.11,25.52,28.74,83.02,20.69,99.4,1.9,237.6,16.5,36.4,0.79,0.76,96.47
2025-07-07,VINH,18.737,105.671,1.22,28.63,31.65,26.37,25.12,28.39,81.7,20.21,99.37,3.39,223.1,18.25,36.1,0.77,0.75,95.73
2025-07-08,VINH,18.737,105.671,1.81,28.88,32.09,26.82,24.68,28.51,78.33,19.71,99.26,5.73,235.9,21.3,35.95,0.76,0.74,85.85
2025-07-09,VINH,18.737,105.671,2.2,28.26,31.5,25.63,24.45,27.74,79.93,19.5,99.08,6.01,239.1,18.0,36.06,0.76,0.73,91.59
2025-07-10,VINH,18.737,105.671,15.28,28.68,32.86,25.85,25.15,28.4,81.85,20.36,98.95,3.54,244.2,13.29,36.05,0.79,0.74,99.52
2025-07-11,VINH,18.737,105.671,32.45,27.33,30.1,25.62,24.83,27.46,86.38,19.89,99.23,2.01,17.3,11.18,35.87,0.88,0.77,99.49
2025-07-12,VINH,18.737,105.671,18.7,27.94,30.87,25.93,25.46,28.06,86.89,20.61,99.47,2.59,83.6,10.83,36.48,0.87,0.81,98.73
2025-07-13,VINH,18.737,105.671,1.41,29.52,32.94,26.59,25.78,29.45,81.06,21.0,99.52,1.38,264.1,14.87,36.37,0.81,0.79,97.22
2025-07-14,VINH,18.737,105.671,0.97,29.73,32.75,26.89,25.96,29.5,80.86,21.25,99.42,1.36,238.2,20.63,36.38,0.8,0.78,90.24
2025-07-15,VINH,18.737,105.671,2.22,28.97,32.73,26.16,25.78,28.78,83.46,21.06,99.26,2.41,233.0,16.66,35.86,0.8,0.78,98.12
2025-07-16,VINH,18.737,105.671,0.57,28.35,31.58,25.88,25.22,28.17,83.53,20.36,99.32,3.15,225.0,20.2,35.62,0.79,0.77,92.81
2025-07-17,VINH,18.737,105.671,0.06,29.37,33.74,26.27,25.15,29.11,78.82,20.27,99.32,3.8,237.5,22.78,36.17,0.77,0.76,63.76
2025-07-18,VINH,18.737,105.671,1.23,29.51,33.46,26.93,24.93,29.13,76.96,20.07,99.06,5.03,244.7,22.48,35.89,0.76,0.75,88.35
2025-07-19,VINH,18.737,105.671,23.27,28.9,32.81,25.9,25.67,28.64,83.38,21.03,98.83,4.02,251.4,18.7,36.35,0.83,0.76,98.23
2025-07-20,VINH,18.737,105.671,13.97,28.37,31.65,25.94,25.53,28.08,84.91,20.86,98.79,3.99,243.2,13.66,36.58,0.85,0.79,99.46
2025-07-21,VINH,18.737,105.671,43.1,26.92,28.79,25.73,24.34,26.47,85.73,19.45,98.6,7.1,243.1,4.47,35.69,0.89,0.81,99.23
2025-07-22,VINH,18.737,105.671,22.83,27.42,29.57,26.09,23.66,26.68,80.01,18.71,98.28,8.48,225.9,4.22,35.74,0.89,0.85,99.18
2025-07-23,VINH,18.737,105.671,1.38,28.65,32.32,25.8,24.85,28.29,80.49,20.01,98.85,3.92,218.2,13.21,36.61,0.84,0.82,99.29
2025-07-24,VINH,18.737,105.671,6.12,28.53,32.51,25.54,25.27,28.38,83.09,20.46,99.13,3.29,236.4,12.62,36.38,0.83,0.81,99.78
2025-07-25,VINH,18.737,105.671,14.15,27.8,30.89,25.82,25.2,27.52,86.0,20.35,99.18,3.63,240.6,11.51,36.18,0.87,0.82,99.24
2025-07-26,VINH,18.737,105.671,22.76,27.54,30.5,25.17,25.25,27.31,87.52,20.41,99.2,3.21,247.3,12.63,36.02,0.9,0.84,97.69
2025-07-27,VINH,18.737,105.671,12.76,28.91,32.44,25.93,25.34,28.91,81.84,20.55,99.08,2.15,234.2,11.81,36.75,0.88,0.85,98.74
2025-07-28,VINH,18.737,105.671,11.05,28.64,32.03,26.03,25.7,28.47,84.59,21.0,99.02,2.94,239.0,15.55,36.45,0.88,0.85,97.96
2025-07-29,VINH,18.737,105.671,2.37,28.39,31.33,26.56,25.52,27.91,84.55,20.79,98.98,4.77,230.1,19.91,36.51,0.86,0.85,86.46
2025-07-30,VINH,18.737,105.671,0.16,28.71,31.58,26.97,24.81,28.1,79.63,19.92,99.01,6.21,239.0,18.43,36.27,0.84,0.84,87.35
2025-07-31,VINH,18.737,105.671,0.78,28.82,31.71,26.46,25.32,28.24,81.65,20.55,99.02,4.96,236.4,19.61,36.31,0.84,0.83,98.91
2025-08-01,VINH,18.737,105.671,0.87,28.18,30.96,26.41,25.04,27.8,83.28,20.17,99.11,3.95,231.8,14.33,36.38,0.84,0.82,97.96
2025-08-02,VINH,18.737,105.671,0.37,29.89,33.79,27.13,25.8,29.42,79.19,21.11,99.22,4.36,233.9,19.27,36.7,0.82,0.81,81.18
2025-08-03,VINH,18.737,105.671,0.38,29.29,32.36,27.02,25.11,28.57,78.4,20.23,99.3,5.31,231.5,21.97,36.5,0.82,0.81,77.92
2025-08-04,VINH,18.737,105.671,0.87,29.21,32.77,26.53,25.31,28.6,79.9,20.48,99.26,5.2,231.0,23.13,36.16,0.81,0.8,70.97
2025-08-05,VINH,18.737,105.671,0.36,27.95,30.19,26.12,25.74,27.63,87.9,20.99,99.37,3.0,217.5,19.58,36.08,0.82,0.8,93.55
2025-08-06,VINH,18.737,105.671,0.22,28.22,31.84,25.31,25.24,27.93,84.42,20.34,99.52,3.04,217.8,13.33,35.49,0.81,0.79,98.87
2025-08-07,VINH,18.737,105.671,0.89,28.37,32.08,25.69,25.17,28.22,83.4,20.2,99.71,2.62,216.3,13.97,35.43,0.81,0.79,93.92
2025-08-08,VINH,18.737,105.671,1.2,29.42,33.72,26.13,25.19,29.18,78.92,20.23,99.78,2.64,230.4,24.15,35.72,0.81,0.79,58.69
2025-08-09,VINH,18.737,105.671,0.32,29.27,33.45,25.84,25.34,29.11,80.25,20.44,99.6,3.0,230.4,23.73,36.15,0.79,0.78,59.7
2025-08-10,VINH,18.737,105.671,0.31,29.8,33.83,26.21,25.67,29.6,79.45,20.87,99.5,2.39,220.9,23.44,36.22,0.79,0.77,60.93
2025-08-11,VINH,18.737,105.671,0.27,29.5,33.64,26.3,25.81,29.54,81.53,21.05,99.46,2.23,162.9,22.35,36.22,0.78,0.77,65.76
2025-08-12,VINH,18.737,105.671,4.01,30.03,34.07,26.25,25.71,30.08,78.92,20.92,99.56,1.88,203.5,22.35,36.12,0.79,0.76,66.92
2025-08-13,VINH,18.737,105.671,2.94,29.56,33.61,26.2,24.91,29.85,77.34,19.92,99.61,2.13,251.8,17.86,35.97,0.8,0.77,87.63
2025-08-14,VINH,18.737,105.671,1.82,29.17,32.11,26.47,25.37,28.74,80.35,20.5,99.45,1.86,250.1,21.55,35.64,0.79,0.77,88.93
2025-08-15,VINH,18.737,105.671,14.77,27.65,30.25,25.68,25.07,27.94,86.23,20.11,99.53,2.08,92.0,10.93,35.78,0.83,0.77,99.53
2025-08-16,VINH,18.737,105.671,19.87,27.23,29.8,25.36,25.04,27.5,88.16,20.05,99.68,2.66,40.6,12.96,35.6,0.86,0.8,99.15
2025-08-17,VINH,18.737,105.671,188.56,26.08,27.57,24.61,24.88,26.09,93.11,19.89,99.67,4.43,339.8,1.77,35.14,0.98,0.86,99.5
2025-08-18,VINH,18.737,105.671,20.68,26.23,27.82,24.76,24.23,26.12,88.74,19.11,99.64,3.45,252.4,2.83,35.08,0.92,0.9,99.39
2025-08-19,VINH,18.737,105.671,1.69,29.24,33.63,25.66,25.35,29.13,80.62,20.44,99.67,2.31,210.2,16.32,35.78,0.87,0.87,98.23
2025-08-20,VINH,18.737,105.671,2.71,28.72,32.68,25.36,25.29,28.64,82.59,20.35,99.76,2.0,201.4,20.26,35.79,0.86,0.85,83.11
2025-08-21,VINH,18.737,105.671,1.12,28.63,32.52,25.22,25.13,28.56,82.25,20.14,99.83,1.82,189.2,18.5,35.31,0.86,0.85,97.79
2025-08-22,VINH,18.737,105.671,1.24,27.49,30.87,25.16,24.65,27.51,85.16,19.55,99.81,1.88,105.7,18.79,35.24,0.85,0.85,97.96
2025-08-23,VINH,18.737,105.671,1.32,27.12,29.58,24.08,24.68,26.92,86.7,19.59,99.79,1.81,60.0,16.48,35.23,0.85,0.84,98.3
2025-08-24,VINH,18.737,105.671,36.07,27.19,29.3,24.96,25.29,27.24,89.57,20.4,99.51,4.59,337.0,8.92,35.64,0.91,0.85,99.26
